<jmbench.tools.stability.StabilityTrialResults>
  <breakingPoints>
    <double>6.440538302934245E-15</double>
    <double>6.785660051503734E-15</double>
    <double>7.449132263797047E-15</double>
    <double>6.414194911300596E-15</double>
    <double>6.480132418813694E-15</double>
    <double>6.5321890757064505E-15</double>
    <double>7.26940465605547E-15</double>
    <double>6.8698966979680115E-15</double>
    <double>7.17977879320733E-15</double>
    <double>7.205807241144723E-15</double>
    <double>6.708024144935645E-15</double>
    <double>6.691340934621509E-15</double>
    <double>6.807402598561524E-15</double>
    <double>6.1345741136887805E-15</double>
    <double>6.311891452085466E-15</double>
    <double>6.91682382371185E-15</double>
    <double>7.19570551320568E-15</double>
    <double>7.43657393336562E-15</double>
    <double>6.083713967573119E-15</double>
    <double>7.27605677423392E-15</double>
    <double>7.022264258565966E-15</double>
    <double>6.0314731987910466E-15</double>
    <double>6.480196605346383E-15</double>
    <double>6.222742108652319E-15</double>
    <double>6.599959128663633E-15</double>
    <double>6.872113921685786E-15</double>
    <double>6.253236491321317E-15</double>
    <double>6.728771739773522E-15</double>
    <double>5.400833561067832E-15</double>
    <double>7.408497414356127E-15</double>
    <double>6.6861017308051225E-15</double>
    <double>6.149297425303854E-15</double>
    <double>6.935180641719784E-15</double>
    <double>6.4780761682596755E-15</double>
    <double>6.1522843957048755E-15</double>
    <double>6.043523080094233E-15</double>
    <double>5.7763510637535926E-15</double>
    <double>6.115761677720111E-15</double>
    <double>6.621389667489801E-15</double>
    <double>6.770321012017129E-15</double>
    <double>7.06579353777274E-15</double>
    <double>6.245051560302936E-15</double>
    <double>6.6472026473726585E-15</double>
    <double>7.050455661677576E-15</double>
    <double>6.5985377450464676E-15</double>
    <double>7.125250753602698E-15</double>
    <double>6.508466436373178E-15</double>
    <double>7.113318361315054E-15</double>
  </breakingPoints>
  <numFinished>48</numFinished>
  <numLargeError>0</numLargeError>
  <numUncountable>0</numUncountable>
  <numGraceful>0</numGraceful>
  <numUnexpectedException>0</numUnexpectedException>
  <libraryName>EJML</libraryName>
  <benchmarkName>Invert Symmetric Pos. Def. Accuracy</benchmarkName>
  <unexpectedExceptions/>
  <durationMilli>11002</durationMilli>
  <memoryBytes>227</memoryBytes>
</jmbench.tools.stability.StabilityTrialResults>