<jmbench.tools.stability.StabilityTrialResults>
  <breakingPoints>
    <double>1.0E308</double>
    <double>1.0E308</double>
    <double>1.0E308</double>
    <double>1.0E308</double>
    <double>1.0E308</double>
    <double>1.0E308</double>
    <double>1.0E308</double>
    <double>1.0E308</double>
    <double>1.0E308</double>
    <double>1.0E308</double>
    <double>1.0E308</double>
    <double>1.0E308</double>
  </breakingPoints>
  <numFinished>0</numFinished>
  <numLargeError>0</numLargeError>
  <numUncountable>12</numUncountable>
  <numGraceful>0</numGraceful>
  <numUnexpectedException>0</numUnexpectedException>
  <libraryName>EJML</libraryName>
  <benchmarkName>Least Squares Overflow</benchmarkName>
  <unexpectedExceptions/>
  <durationMilli>41505</durationMilli>
  <memoryBytes>227</memoryBytes>
</jmbench.tools.stability.StabilityTrialResults>