<jmbench.tools.stability.StabilityTrialResults>
  <breakingPoints>
    <double>4.3622325302020313E-7</double>
    <double>4.2957996643017537E-8</double>
    <double>4.846925033557813E-7</double>
    <double>3.9260092771818286E-7</double>
    <double>2.8620607630655533E-7</double>
    <double>3.131637955275979E-8</double>
    <double>1.521016433984321E-7</double>
    <double>2.318269218083098E-7</double>
    <double>2.8620607630655533E-7</double>
    <double>9.120344560464496E-7</double>
    <double>2.8620607630655533E-7</double>
    <double>3.479597728084421E-8</double>
  </breakingPoints>
  <numFinished>0</numFinished>
  <numLargeError>12</numLargeError>
  <numUncountable>0</numUncountable>
  <numGraceful>0</numGraceful>
  <numUnexpectedException>0</numUnexpectedException>
  <libraryName>EJML</libraryName>
  <benchmarkName>Linear singular</benchmarkName>
  <unexpectedExceptions/>
  <durationMilli>79012</durationMilli>
  <memoryBytes>227</memoryBytes>
</jmbench.tools.stability.StabilityTrialResults>