<jmbench.tools.stability.StabilityTrialResults>
  <breakingPoints>
    <double>1.0E155</double>
    <double>1.0E155</double>
    <double>1.0E155</double>
    <double>1.0E155</double>
    <double>1.0E155</double>
    <double>1.0E155</double>
    <double>1.0E155</double>
  </breakingPoints>
  <numFinished>0</numFinished>
  <numLargeError>0</numLargeError>
  <numUncountable>0</numUncountable>
  <numGraceful>0</numGraceful>
  <numUnexpectedException>7</numUnexpectedException>
  <libraryName>JAMA</libraryName>
  <benchmarkName>Eigenvalue Symmetric Overflow</benchmarkName>
  <unexpectedExceptions>
    <jmbench.tools.stability.ExceptionInfo>
      <shortName>ArrayIndexOutOfBoundsException</shortName>
      <numTimesThrown>49</numTimesThrown>
      <stackTrace>
        <string>Jama.EigenvalueDecomposition.tql2(EigenvalueDecomposition.java:234)</string>
        <string>Jama.EigenvalueDecomposition.&lt;init&gt;(EigenvalueDecomposition.java:887)</string>
        <string>Jama.Matrix.eig(Matrix.java:806)</string>
        <string>jmbench.impl.runtime.JamaAlgorithmFactory$Eig.process(JamaAlgorithmFactory.java:166)</string>
        <string>jmbench.tools.stability.tests.OverflowTestBase.check(OverflowTestBase.java:117)</string>
        <string>jmbench.tools.stability.tests.BreakingPointBinarySearch.findCriticalPoint(BreakingPointBinarySearch.java:40)</string>
        <string>jmbench.tools.stability.tests.OverflowTestBase.beakOperation(OverflowTestBase.java:91)</string>
        <string>jmbench.tools.stability.tests.OverflowTestBase.performTest(OverflowTestBase.java:80)</string>
        <string>jmbench.tools.stability.StabilityTestBase.evaluate(StabilityTestBase.java:121)</string>
        <string>jmbench.tools.EvaluatorSlave.evaluationLoop(EvaluatorSlave.java:180)</string>
        <string>jmbench.tools.EvaluatorSlave.main(EvaluatorSlave.java:87)</string>
      </stackTrace>
    </jmbench.tools.stability.ExceptionInfo>
  </unexpectedExceptions>
  <durationMilli>39506</durationMilli>
  <memoryBytes>227</memoryBytes>
</jmbench.tools.stability.StabilityTrialResults>