<jmbench.tools.stability.StabilityTrialResults>
  <breakingPoints>
    <double>2.97319141417324E-15</double>
    <double>2.9957764660973018E-15</double>
    <double>3.3179462697327167E-15</double>
    <double>3.2410551800204385E-15</double>
    <double>3.1016494454114733E-15</double>
    <double>3.388685425548056E-15</double>
    <double>3.489801158665118E-15</double>
    <double>3.196545578963274E-15</double>
    <double>3.235362579106113E-15</double>
    <double>2.8529258346512233E-15</double>
    <double>3.1160389889837147E-15</double>
    <double>2.9928458639002447E-15</double>
    <double>3.0485203704009575E-15</double>
    <double>3.106612761646199E-15</double>
    <double>2.95155779299105E-15</double>
    <double>3.082872603676485E-15</double>
    <double>3.2306156278646632E-15</double>
    <double>3.083976765024195E-15</double>
    <double>3.3391115507172813E-15</double>
    <double>2.9917202286354714E-15</double>
    <double>3.281829789894582E-15</double>
    <double>3.412375737028083E-15</double>
    <double>3.209143299194747E-15</double>
    <double>2.7065554730050496E-15</double>
    <double>3.0324751570130228E-15</double>
    <double>2.8627665554329064E-15</double>
    <double>3.2340981143106982E-15</double>
    <double>3.1634971524770544E-15</double>
    <double>3.2343111613828097E-15</double>
    <double>2.8425686163419425E-15</double>
    <double>3.050553095729871E-15</double>
    <double>1.5907399272532207E-14</double>
    <double>3.242513640581092E-15</double>
    <double>3.3073269953222436E-15</double>
    <double>3.06004079587593E-15</double>
    <double>3.440227709780917E-15</double>
    <double>3.30880117852038E-15</double>
    <double>3.0744715650412217E-15</double>
    <double>3.1985080833980305E-15</double>
    <double>3.0551552176063103E-15</double>
    <double>3.1383335523737507E-15</double>
    <double>3.421040628311003E-15</double>
    <double>3.4112003409369323E-15</double>
    <double>3.144376771660811E-15</double>
    <double>3.4097018389653354E-15</double>
    <double>3.1816335604007786E-15</double>
    <double>3.268013668967396E-15</double>
    <double>3.1321898775762783E-15</double>
  </breakingPoints>
  <numFinished>48</numFinished>
  <numLargeError>0</numLargeError>
  <numUncountable>0</numUncountable>
  <numGraceful>0</numGraceful>
  <numUnexpectedException>0</numUnexpectedException>
  <libraryName>JAMA</libraryName>
  <benchmarkName>Least squares accuracy</benchmarkName>
  <unexpectedExceptions/>
  <durationMilli>143521</durationMilli>
  <memoryBytes>227</memoryBytes>
</jmbench.tools.stability.StabilityTrialResults>