<jmbench.tools.stability.StabilityTrialResults>
  <breakingPoints>
    <double>1.5604593317430217E-14</double>
    <double>2.0213720763553533E-14</double>
    <double>1.6580950957428985E-14</double>
    <double>1.908853515370038E-14</double>
    <double>2.2622807281289124E-14</double>
    <double>1.6118633700696648E-14</double>
    <double>2.163156293797382E-14</double>
    <double>1.8541784652786438E-14</double>
    <double>2.0352653128299765E-14</double>
    <double>1.386910287717935E-14</double>
    <double>2.1667838959948246E-14</double>
    <double>2.0174706759564564E-14</double>
    <double>2.1164843176646647E-14</double>
    <double>2.1965126887271187E-14</double>
    <double>1.60747711776076E-14</double>
    <double>2.2182574042547128E-14</double>
    <double>2.134467763887447E-14</double>
    <double>1.9443085671185824E-14</double>
    <double>1.732272044383196E-14</double>
    <double>2.0138624053189017E-14</double>
    <double>2.3242462361117297E-14</double>
    <double>1.9754058508869203E-14</double>
    <double>2.134890624144848E-14</double>
    <double>1.9466826647166285E-14</double>
    <double>1.708288561335905E-14</double>
    <double>1.773406038062682E-14</double>
    <double>2.034738366268994E-14</double>
    <double>1.8731983406809604E-14</double>
    <double>1.7342944333141563E-14</double>
    <double>2.0489958438649118E-14</double>
    <double>1.909282801548495E-14</double>
    <double>1.7784964456919347E-14</double>
    <double>2.2886818216347674E-14</double>
    <double>1.4783262907876982E-14</double>
    <double>2.1793842694068202E-14</double>
    <double>1.8388933985855627E-14</double>
    <double>2.059506702412883E-14</double>
    <double>1.755691443855281E-14</double>
    <double>1.8996914559685072E-14</double>
    <double>2.2342934534319732E-14</double>
    <double>1.931163679418688E-14</double>
    <double>1.8273049017500028E-14</double>
    <double>2.0555227891557617E-14</double>
    <double>1.947566480116983E-14</double>
    <double>2.04284365243731E-14</double>
    <double>1.6710375579951423E-14</double>
    <double>2.3092522360487692E-14</double>
    <double>1.8169244623072755E-14</double>
  </breakingPoints>
  <numFinished>48</numFinished>
  <numLargeError>0</numLargeError>
  <numUncountable>0</numUncountable>
  <numGraceful>0</numGraceful>
  <numUnexpectedException>0</numUnexpectedException>
  <libraryName>JAMA</libraryName>
  <benchmarkName>Linear accuracy</benchmarkName>
  <unexpectedExceptions/>
  <durationMilli>135020</durationMilli>
  <memoryBytes>227</memoryBytes>
</jmbench.tools.stability.StabilityTrialResults>