<?xml version="1.0" encoding="UTF-8"?> 
<java version="1.6.0_16" class="java.beans.XMLDecoder"> 
 <object class="jmbench.tools.runtime.OperationResults"> 
  <void property="library"> 
   <object class="jmbench.impl.MatrixLibrary" method="valueOf"> 
    <string>JAMA</string> 
   </object> 
  </void> 
  <void property="matDimen"> 
   <array class="int" length="12"> 
    <void index="0"> 
     <int>2</int> 
    </void> 
    <void index="1"> 
     <int>3</int> 
    </void> 
    <void index="2"> 
     <int>4</int> 
    </void> 
    <void index="3"> 
     <int>5</int> 
    </void> 
    <void index="4"> 
     <int>10</int> 
    </void> 
    <void index="5"> 
     <int>20</int> 
    </void> 
    <void index="6"> 
     <int>50</int> 
    </void> 
    <void index="7"> 
     <int>100</int> 
    </void> 
    <void index="8"> 
     <int>200</int> 
    </void> 
    <void index="9"> 
     <int>500</int> 
    </void> 
    <void index="10"> 
     <int>1000</int> 
    </void> 
    <void index="11"> 
     <int>2000</int> 
    </void> 
   </array> 
  </void> 
  <void property="metrics"> 
   <array class="jmbench.tools.EvaluationMetrics" length="12"> 
    <void index="0"> 
     <object class="jmbench.tools.EvaluationMetrics"> 
      <void property="max"> 
       <double>4291725.40863622</double> 
      </void> 
      <void property="mean"> 
       <double>4235217.835822623</double> 
      </void> 
      <void property="median"> 
       <double>4245628.017451232</double> 
      </void> 
      <void property="min"> 
       <double>4090054.383095508</double> 
      </void> 
      <void property="rawResults"> 
       <object class="java.util.ArrayList"> 
        <void method="add"> 
         <double>4104207.6702586263</double> 
        </void> 
        <void method="add"> 
         <double>4214879.083902534</double> 
        </void> 
        <void method="add"> 
         <double>4235952.320849437</double> 
        </void> 
        <void method="add"> 
         <double>4236404.9949554335</double> 
        </void> 
        <void method="add"> 
         <double>4236667.534125162</double> 
        </void> 
        <void method="add"> 
         <double>4244005.759675233</double> 
        </void> 
        <void method="add"> 
         <double>4244453.810165924</double> 
        </void> 
        <void method="add"> 
         <double>4245263.705179491</double> 
        </void> 
        <void method="add"> 
         <double>4248363.44453132</double> 
        </void> 
        <void method="add"> 
         <double>4250019.975421427</double> 
        </void> 
        <void method="add"> 
         <double>4253141.038527894</double> 
        </void> 
        <void method="add"> 
         <double>4253445.047984715</double> 
        </void> 
        <void method="add"> 
         <double>4258121.459852836</double> 
        </void> 
        <void method="add"> 
         <double>4260534.830084008</double> 
        </void> 
        <void method="add"> 
         <double>4260797.1480233865</double> 
        </void> 
        <void method="add"> 
         <double>4264192.367594052</double> 
        </void> 
        <void method="add"> 
         <double>4268442.869435198</double> 
        </void> 
        <void method="add"> 
         <double>4286747.156776616</double> 
        </void> 
        <void method="add"> 
         <double>4286953.030437567</double> 
        </void> 
        <void method="add"> 
         <double>4291725.40863622</double> 
        </void> 
        <void method="add"> 
         <double>4155961.6452199216</double> 
        </void> 
        <void method="add"> 
         <double>4090054.383095508</double> 
        </void> 
        <void method="add"> 
         <double>4200024.020187961</double> 
        </void> 
        <void method="add"> 
         <double>4244459.1731938785</double> 
        </void> 
        <void method="add"> 
         <double>4245628.017451232</double> 
        </void> 
       </object> 
      </void> 
      <void property="stdev"> 
       <double>48975.39109656031</double> 
      </void> 
     </object> 
    </void> 
    <void index="1"> 
     <object class="jmbench.tools.EvaluationMetrics"> 
      <void property="max"> 
       <double>3039850.404772051</double> 
      </void> 
      <void property="mean"> 
       <double>2971517.492556987</double> 
      </void> 
      <void property="median"> 
       <double>2967473.332806424</double> 
      </void> 
      <void property="min"> 
       <double>2903734.824960928</double> 
      </void> 
      <void property="rawResults"> 
       <object class="java.util.ArrayList"> 
        <void method="add"> 
         <double>2903734.824960928</double> 
        </void> 
        <void method="add"> 
         <double>2918708.2153922245</double> 
        </void> 
        <void method="add"> 
         <double>2945451.90457847</double> 
        </void> 
        <void method="add"> 
         <double>2947306.1464001797</double> 
        </void> 
        <void method="add"> 
         <double>2949401.878080789</double> 
        </void> 
        <void method="add"> 
         <double>2950382.5904192817</double> 
        </void> 
        <void method="add"> 
         <double>2953913.0814892924</double> 
        </void> 
        <void method="add"> 
         <double>2967473.332806424</double> 
        </void> 
        <void method="add"> 
         <double>2980040.7197545753</double> 
        </void> 
        <void method="add"> 
         <double>2980658.3301281305</double> 
        </void> 
        <void method="add"> 
         <double>3001082.774656167</double> 
        </void> 
        <void method="add"> 
         <double>3002944.3593364703</double> 
        </void> 
        <void method="add"> 
         <double>3004469.58912512</double> 
        </void> 
        <void method="add"> 
         <double>3007276.044642423</double> 
        </void> 
        <void method="add"> 
         <double>3010406.5534681813</double> 
        </void> 
        <void method="add"> 
         <double>3013544.2342107752</double> 
        </void> 
        <void method="add"> 
         <double>3013973.1427598004</double> 
        </void> 
        <void method="add"> 
         <double>3015525.4155814443</double> 
        </void> 
        <void method="add"> 
         <double>3027463.75226999</double> 
        </void> 
        <void method="add"> 
         <double>3039850.404772051</double> 
        </void> 
        <void method="add"> 
         <double>2941804.4135025223</double> 
        </void> 
        <void method="add"> 
         <double>2925112.7215293753</double> 
        </void> 
        <void method="add"> 
         <double>2924538.2989788675</double> 
        </void> 
        <void method="add"> 
         <double>2926819.035603488</double> 
        </void> 
        <void method="add"> 
         <double>2936055.549477695</double> 
        </void> 
       </object> 
      </void> 
      <void property="stdev"> 
       <double>38786.29151350148</double> 
      </void> 
     </object> 
    </void> 
    <void index="2"> 
     <object class="jmbench.tools.EvaluationMetrics"> 
      <void property="max"> 
       <double>2281119.260775884</double> 
      </void> 
      <void property="mean"> 
       <double>2241989.259117898</double> 
      </void> 
      <void property="median"> 
       <double>2249720.0066298544</double> 
      </void> 
      <void property="min"> 
       <double>2150356.020548683</double> 
      </void> 
      <void property="rawResults"> 
       <object class="java.util.ArrayList"> 
        <void method="add"> 
         <double>2150356.020548683</double> 
        </void> 
        <void method="add"> 
         <double>2179659.8923531384</double> 
        </void> 
        <void method="add"> 
         <double>2202551.914970983</double> 
        </void> 
        <void method="add"> 
         <double>2210847.385326005</double> 
        </void> 
        <void method="add"> 
         <double>2215068.640923601</double> 
        </void> 
        <void method="add"> 
         <double>2234701.356995382</double> 
        </void> 
        <void method="add"> 
         <double>2241652.53896713</double> 
        </void> 
        <void method="add"> 
         <double>2244229.7294155844</double> 
        </void> 
        <void method="add"> 
         <double>2246046.14353682</double> 
        </void> 
        <void method="add"> 
         <double>2248098.7849253304</double> 
        </void> 
        <void method="add"> 
         <double>2249369.1306549353</double> 
        </void> 
        <void method="add"> 
         <double>2249720.0066298544</double> 
        </void> 
        <void method="add"> 
         <double>2249901.3832435473</double> 
        </void> 
        <void method="add"> 
         <double>2250053.0358142215</double> 
        </void> 
        <void method="add"> 
         <double>2252920.476274032</double> 
        </void> 
        <void method="add"> 
         <double>2254903.3045819574</double> 
        </void> 
        <void method="add"> 
         <double>2261368.0813354454</double> 
        </void> 
        <void method="add"> 
         <double>2269313.681129318</double> 
        </void> 
        <void method="add"> 
         <double>2269348.2625834816</double> 
        </void> 
        <void method="add"> 
         <double>2269712.979010654</double> 
        </void> 
        <void method="add"> 
         <double>2247403.2294595465</double> 
        </void> 
        <void method="add"> 
         <double>2251437.7769948794</double> 
        </void> 
        <void method="add"> 
         <double>2281119.260775884</double> 
        </void> 
        <void method="add"> 
         <double>2256971.3461409006</double> 
        </void> 
        <void method="add"> 
         <double>2262977.1153561366</double> 
        </void> 
       </object> 
      </void> 
      <void property="stdev"> 
       <double>29069.27386551675</double> 
      </void> 
     </object> 
    </void> 
    <void index="3"> 
     <object class="jmbench.tools.EvaluationMetrics"> 
      <void property="max"> 
       <double>1740777.8417616189</double> 
      </void> 
      <void property="mean"> 
       <double>1706778.200953233</double> 
      </void> 
      <void property="median"> 
       <double>1726276.6466445606</double> 
      </void> 
      <void property="min"> 
       <double>1621040.4061574764</double> 
      </void> 
      <void property="rawResults"> 
       <object class="java.util.ArrayList"> 
        <void method="add"> 
         <double>1621040.4061574764</double> 
        </void> 
        <void method="add"> 
         <double>1629642.2228254098</double> 
        </void> 
        <void method="add"> 
         <double>1644777.869707923</double> 
        </void> 
        <void method="add"> 
         <double>1673633.0601221335</double> 
        </void> 
        <void method="add"> 
         <double>1679896.8913714227</double> 
        </void> 
        <void method="add"> 
         <double>1684007.8244833455</double> 
        </void> 
        <void method="add"> 
         <double>1686214.1013338254</double> 
        </void> 
        <void method="add"> 
         <double>1693294.5209046046</double> 
        </void> 
        <void method="add"> 
         <double>1693334.3855901407</double> 
        </void> 
        <void method="add"> 
         <double>1698759.8413849524</double> 
        </void> 
        <void method="add"> 
         <double>1703930.914655464</double> 
        </void> 
        <void method="add"> 
         <double>1727992.0041338075</double> 
        </void> 
        <void method="add"> 
         <double>1734007.924980771</double> 
        </void> 
        <void method="add"> 
         <double>1734089.8305430436</double> 
        </void> 
        <void method="add"> 
         <double>1734380.2349579746</double> 
        </void> 
        <void method="add"> 
         <double>1734518.6039762488</double> 
        </void> 
        <void method="add"> 
         <double>1735219.7810733032</double> 
        </void> 
        <void method="add"> 
         <double>1735710.6063789467</double> 
        </void> 
        <void method="add"> 
         <double>1736286.3292157575</double> 
        </void> 
        <void method="add"> 
         <double>1740777.8417616189</double> 
        </void> 
        <void method="add"> 
         <double>1719113.1207692514</double> 
        </void> 
        <void method="add"> 
         <double>1734947.3464838602</double> 
        </void> 
        <void method="add"> 
         <double>1734469.496552727</double> 
        </void> 
        <void method="add"> 
         <double>1726276.6466445606</double> 
        </void> 
        <void method="add"> 
         <double>1733133.2178222642</double> 
        </void> 
       </object> 
      </void> 
      <void property="stdev"> 
       <double>34797.27149184689</double> 
      </void> 
     </object> 
    </void> 
    <void index="4"> 
     <object class="jmbench.tools.EvaluationMetrics"> 
      <void property="max"> 
       <double>561807.1011866882</double> 
      </void> 
      <void property="mean"> 
       <double>548178.7764680164</double> 
      </void> 
      <void property="median"> 
       <double>557863.0559863318</double> 
      </void> 
      <void property="min"> 
       <double>509052.63889316714</double> 
      </void> 
      <void property="rawResults"> 
       <object class="java.util.ArrayList"> 
        <void method="add"> 
         <double>509052.63889316714</double> 
        </void> 
        <void method="add"> 
         <double>510617.13079438155</double> 
        </void> 
        <void method="add"> 
         <double>510899.4055517252</double> 
        </void> 
        <void method="add"> 
         <double>512283.5088671231</double> 
        </void> 
        <void method="add"> 
         <double>514054.60396871075</double> 
        </void> 
        <void method="add"> 
         <double>550367.5988018779</double> 
        </void> 
        <void method="add"> 
         <double>552992.4930489892</double> 
        </void> 
        <void method="add"> 
         <double>553191.2278352063</double> 
        </void> 
        <void method="add"> 
         <double>553818.4214846372</double> 
        </void> 
        <void method="add"> 
         <double>554227.3709262938</double> 
        </void> 
        <void method="add"> 
         <double>557863.0559863318</double> 
        </void> 
        <void method="add"> 
         <double>557875.3737806571</double> 
        </void> 
        <void method="add"> 
         <double>559123.4522674683</double> 
        </void> 
        <void method="add"> 
         <double>560334.8925473024</double> 
        </void> 
        <void method="add"> 
         <double>560353.6448551795</double> 
        </void> 
        <void method="add"> 
         <double>560947.956533347</double> 
        </void> 
        <void method="add"> 
         <double>561156.2850412925</double> 
        </void> 
        <void method="add"> 
         <double>561388.2193300537</double> 
        </void> 
        <void method="add"> 
         <double>561771.273254846</double> 
        </void> 
        <void method="add"> 
         <double>561807.1011866882</double> 
        </void> 
        <void method="add"> 
         <double>545428.8593429388</double> 
        </void> 
        <void method="add"> 
         <double>553496.4371357958</double> 
        </void> 
        <void method="add"> 
         <double>559921.4742377376</double> 
        </void> 
        <void method="add"> 
         <double>560671.6603265357</double> 
        </void> 
        <void method="add"> 
         <double>560825.3257021216</double> 
        </void> 
       </object> 
      </void> 
      <void property="stdev"> 
       <double>18842.151927402716</double> 
      </void> 
     </object> 
    </void> 
    <void index="5"> 
     <object class="jmbench.tools.EvaluationMetrics"> 
      <void property="max"> 
       <double>158315.44810472027</double> 
      </void> 
      <void property="mean"> 
       <double>156473.98133331988</double> 
      </void> 
      <void property="median"> 
       <double>157789.20543465987</double> 
      </void> 
      <void property="min"> 
       <double>152183.83174853568</double> 
      </void> 
      <void property="rawResults"> 
       <object class="java.util.ArrayList"> 
        <void method="add"> 
         <double>152183.83174853568</double> 
        </void> 
        <void method="add"> 
         <double>153230.2168868196</double> 
        </void> 
        <void method="add"> 
         <double>153719.5249180092</double> 
        </void> 
        <void method="add"> 
         <double>153844.09423679434</double> 
        </void> 
        <void method="add"> 
         <double>154027.67315055247</double> 
        </void> 
        <void method="add"> 
         <double>157515.88685528524</double> 
        </void> 
        <void method="add"> 
         <double>157785.3128441131</double> 
        </void> 
        <void method="add"> 
         <double>157789.20543465987</double> 
        </void> 
        <void method="add"> 
         <double>157852.3707935856</double> 
        </void> 
        <void method="add"> 
         <double>157852.7483723391</double> 
        </void> 
        <void method="add"> 
         <double>157889.17621516544</double> 
        </void> 
        <void method="add"> 
         <double>158010.40588949752</double> 
        </void> 
        <void method="add"> 
         <double>158041.61335013923</double> 
        </void> 
        <void method="add"> 
         <double>158049.3162927536</double> 
        </void> 
        <void method="add"> 
         <double>158092.53210483104</double> 
        </void> 
        <void method="add"> 
         <double>158104.99158280613</double> 
        </void> 
        <void method="add"> 
         <double>158105.9857273045</double> 
        </void> 
        <void method="add"> 
         <double>158153.13225492934</double> 
        </void> 
        <void method="add"> 
         <double>158275.6694172264</double> 
        </void> 
        <void method="add"> 
         <double>158315.44810472027</double> 
        </void> 
        <void method="add"> 
         <double>155110.4427496837</double> 
        </void> 
        <void method="add"> 
         <double>154972.1769688385</double> 
        </void> 
        <void method="add"> 
         <double>154689.74018618785</double> 
        </void> 
        <void method="add"> 
         <double>155268.65891272755</double> 
        </void> 
        <void method="add"> 
         <double>154969.37833549117</double> 
        </void> 
       </object> 
      </void> 
      <void property="stdev"> 
       <double>1954.158398478418</double> 
      </void> 
     </object> 
    </void> 
    <void index="6"> 
     <object class="jmbench.tools.EvaluationMetrics"> 
      <void property="max"> 
       <double>19499.840455183006</double> 
      </void> 
      <void property="mean"> 
       <double>19391.249783146537</double> 
      </void> 
      <void property="median"> 
       <double>19433.430074009535</double> 
      </void> 
      <void property="min"> 
       <double>19100.740315616305</double> 
      </void> 
      <void property="rawResults"> 
       <object class="java.util.ArrayList"> 
        <void method="add"> 
         <double>19100.740315616305</double> 
        </void> 
        <void method="add"> 
         <double>19202.237538681344</double> 
        </void> 
        <void method="add"> 
         <double>19263.704284566582</double> 
        </void> 
        <void method="add"> 
         <double>19265.479305711044</double> 
        </void> 
        <void method="add"> 
         <double>19316.545522625664</double> 
        </void> 
        <void method="add"> 
         <double>19346.06828246472</double> 
        </void> 
        <void method="add"> 
         <double>19378.598599094814</double> 
        </void> 
        <void method="add"> 
         <double>19398.59699687974</double> 
        </void> 
        <void method="add"> 
         <double>19403.682919073373</double> 
        </void> 
        <void method="add"> 
         <double>19425.917132888706</double> 
        </void> 
        <void method="add"> 
         <double>19429.039925767596</double> 
        </void> 
        <void method="add"> 
         <double>19433.430074009535</double> 
        </void> 
        <void method="add"> 
         <double>19444.522546243337</double> 
        </void> 
        <void method="add"> 
         <double>19452.799469464208</double> 
        </void> 
        <void method="add"> 
         <double>19452.851644061935</double> 
        </void> 
        <void method="add"> 
         <double>19462.15071999312</double> 
        </void> 
        <void method="add"> 
         <double>19463.25291529218</double> 
        </void> 
        <void method="add"> 
         <double>19469.924582401898</double> 
        </void> 
        <void method="add"> 
         <double>19470.26881149705</double> 
        </void> 
        <void method="add"> 
         <double>19478.145695255487</double> 
        </void> 
        <void method="add"> 
         <double>19206.572721151988</double> 
        </void> 
        <void method="add"> 
         <double>19466.295127052443</double> 
        </void> 
        <void method="add"> 
         <double>19499.840455183006</double> 
        </void> 
        <void method="add"> 
         <double>19488.112374876036</double> 
        </void> 
        <void method="add"> 
         <double>19462.46661881131</double> 
        </void> 
       </object> 
      </void> 
      <void property="stdev"> 
       <double>104.15526369568113</double> 
      </void> 
     </object> 
    </void> 
    <void index="7"> 
     <object class="jmbench.tools.EvaluationMetrics"> 
      <void property="max"> 
       <double>3298.1657047366</double> 
      </void> 
      <void property="mean"> 
       <double>3277.4050592540166</double> 
      </void> 
      <void property="median"> 
       <double>3279.393880445614</double> 
      </void> 
      <void property="min"> 
       <double>3236.0718716773185</double> 
      </void> 
      <void property="rawResults"> 
       <object class="java.util.ArrayList"> 
        <void method="add"> 
         <double>3236.0718716773185</double> 
        </void> 
        <void method="add"> 
         <double>3248.473399264955</double> 
        </void> 
        <void method="add"> 
         <double>3265.6566386711024</double> 
        </void> 
        <void method="add"> 
         <double>3266.574064704708</double> 
        </void> 
        <void method="add"> 
         <double>3268.7790226275383</double> 
        </void> 
        <void method="add"> 
         <double>3273.755064424757</double> 
        </void> 
        <void method="add"> 
         <double>3276.844858544747</double> 
        </void> 
        <void method="add"> 
         <double>3279.393880445614</double> 
        </void> 
        <void method="add"> 
         <double>3279.8965971761345</double> 
        </void> 
        <void method="add"> 
         <double>3281.8100235931297</double> 
        </void> 
        <void method="add"> 
         <double>3282.0792956962023</double> 
        </void> 
        <void method="add"> 
         <double>3288.901952683331</double> 
        </void> 
        <void method="add"> 
         <double>3289.0871676568518</double> 
        </void> 
        <void method="add"> 
         <double>3289.917149944733</double> 
        </void> 
        <void method="add"> 
         <double>3290.512679146759</double> 
        </void> 
        <void method="add"> 
         <double>3291.2724418159455</double> 
        </void> 
        <void method="add"> 
         <double>3292.2004813817266</double> 
        </void> 
        <void method="add"> 
         <double>3295.9704598012995</double> 
        </void> 
        <void method="add"> 
         <double>3296.822545136662</double> 
        </void> 
        <void method="add"> 
         <double>3298.1657047366</double> 
        </void> 
        <void method="add"> 
         <double>3255.06999096586</double> 
        </void> 
        <void method="add"> 
         <double>3260.799586676724</double> 
        </void> 
        <void method="add"> 
         <double>3271.9776004594164</double> 
        </void> 
        <void method="add"> 
         <double>3275.944750711201</double> 
        </void> 
        <void method="add"> 
         <double>3279.1492534070817</double> 
        </void> 
       </object> 
      </void> 
      <void property="stdev"> 
       <double>15.37587298948687</double> 
      </void> 
     </object> 
    </void> 
    <void index="8"> 
     <object class="jmbench.tools.EvaluationMetrics"> 
      <void property="max"> 
       <double>500.90985700548356</double> 
      </void> 
      <void property="mean"> 
       <double>494.4047955184316</double> 
      </void> 
      <void property="median"> 
       <double>496.47942180520687</double> 
      </void> 
      <void property="min"> 
       <double>471.10098658318884</double> 
      </void> 
      <void property="rawResults"> 
       <object class="java.util.ArrayList"> 
        <void method="add"> 
         <double>471.10098658318884</double> 
        </void> 
        <void method="add"> 
         <double>477.6018314210349</double> 
        </void> 
        <void method="add"> 
         <double>488.63714649962617</double> 
        </void> 
        <void method="add"> 
         <double>489.39190996047864</double> 
        </void> 
        <void method="add"> 
         <double>490.67760695977944</double> 
        </void> 
        <void method="add"> 
         <double>494.41061546091277</double> 
        </void> 
        <void method="add"> 
         <double>495.2864378437104</double> 
        </void> 
        <void method="add"> 
         <double>496.47942180520687</double> 
        </void> 
        <void method="add"> 
         <double>497.7517904980921</double> 
        </void> 
        <void method="add"> 
         <double>497.86193060248553</double> 
        </void> 
        <void method="add"> 
         <double>499.1373777151459</double> 
        </void> 
        <void method="add"> 
         <double>499.2324532188692</double> 
        </void> 
        <void method="add"> 
         <double>499.2386449029221</double> 
        </void> 
        <void method="add"> 
         <double>499.3958705483767</double> 
        </void> 
        <void method="add"> 
         <double>499.7883016956267</double> 
        </void> 
        <void method="add"> 
         <double>500.0165714297934</double> 
        </void> 
        <void method="add"> 
         <double>500.02013348758453</double> 
        </void> 
        <void method="add"> 
         <double>500.1203745015213</double> 
        </void> 
        <void method="add"> 
         <double>500.3000401297538</double> 
        </void> 
        <void method="add"> 
         <double>500.90985700548356</double> 
        </void> 
        <void method="add"> 
         <double>489.3149636393273</double> 
        </void> 
        <void method="add"> 
         <double>489.9037285711112</double> 
        </void> 
        <void method="add"> 
         <double>492.50676074667956</double> 
        </void> 
        <void method="add"> 
         <double>495.96560370217827</double> 
        </void> 
        <void method="add"> 
         <double>495.0695290318996</double> 
        </void> 
       </object> 
      </void> 
      <void property="stdev"> 
       <double>7.139468421745546</double> 
      </void> 
     </object> 
    </void> 
    <void index="9"> 
     <object class="jmbench.tools.EvaluationMetrics"> 
      <void property="max"> 
       <double>35.38066528616391</double> 
      </void> 
      <void property="mean"> 
       <double>34.73057584147017</double> 
      </void> 
      <void property="median"> 
       <double>34.82423636487806</double> 
      </void> 
      <void property="min"> 
       <double>33.82132371721815</double> 
      </void> 
      <void property="rawResults"> 
       <object class="java.util.ArrayList"> 
        <void method="add"> 
         <double>33.82132371721815</double> 
        </void> 
        <void method="add"> 
         <double>34.21773834572843</double> 
        </void> 
        <void method="add"> 
         <double>34.25161362336078</double> 
        </void> 
        <void method="add"> 
         <double>34.37395513292517</double> 
        </void> 
        <void method="add"> 
         <double>34.46281917167943</double> 
        </void> 
        <void method="add"> 
         <double>34.51855046922976</double> 
        </void> 
        <void method="add"> 
         <double>34.61951963185838</double> 
        </void> 
        <void method="add"> 
         <double>34.709437579380484</double> 
        </void> 
        <void method="add"> 
         <double>34.783161110370806</double> 
        </void> 
        <void method="add"> 
         <double>34.832410972030715</double> 
        </void> 
        <void method="add"> 
         <double>34.84758974514846</double> 
        </void> 
        <void method="add"> 
         <double>34.87624061553367</double> 
        </void> 
        <void method="add"> 
         <double>34.88250705994172</double> 
        </void> 
        <void method="add"> 
         <double>34.92681755975251</double> 
        </void> 
        <void method="add"> 
         <double>34.92851998306717</double> 
        </void> 
        <void method="add"> 
         <double>35.013371326402584</double> 
        </void> 
        <void method="add"> 
         <double>35.136359270771784</double> 
        </void> 
        <void method="add"> 
         <double>35.23745739167682</double> 
        </void> 
        <void method="add"> 
         <double>35.29503945857845</double> 
        </void> 
        <void method="add"> 
         <double>35.38066528616391</double> 
        </void> 
        <void method="add"> 
         <double>34.19693740083974</double> 
        </void> 
        <void method="add"> 
         <double>34.949404651159945</double> 
        </void> 
        <void method="add"> 
         <double>34.476911698784484</double> 
        </void> 
        <void method="add"> 
         <double>34.82423636487806</double> 
        </void> 
        <void method="add"> 
         <double>34.701808470272816</double> 
        </void> 
       </object> 
      </void> 
      <void property="stdev"> 
       <double>0.3673676449865565</double> 
      </void> 
     </object> 
    </void> 
    <void index="10"> 
     <object class="jmbench.tools.EvaluationMetrics"> 
      <void property="max"> 
       <double>3.519891030931873</double> 
      </void> 
      <void property="mean"> 
       <double>3.368826687656808</double> 
      </void> 
      <void property="median"> 
       <double>3.3865425534451363</double> 
      </void> 
      <void property="min"> 
       <double>3.0686426892582923</double> 
      </void> 
      <void property="rawResults"> 
       <object class="java.util.ArrayList"> 
        <void method="add"> 
         <double>3.0686426892582923</double> 
        </void> 
        <void method="add"> 
         <double>3.1459834876777264</double> 
        </void> 
        <void method="add"> 
         <double>3.162626880009009</double> 
        </void> 
        <void method="add"> 
         <double>3.2828419870355776</double> 
        </void> 
        <void method="add"> 
         <double>3.293619732915633</double> 
        </void> 
        <void method="add"> 
         <double>3.332723075381252</double> 
        </void> 
        <void method="add"> 
         <double>3.3544468991046723</double> 
        </void> 
        <void method="add"> 
         <double>3.357633543531624</double> 
        </void> 
        <void method="add"> 
         <double>3.3584568683529987</double> 
        </void> 
        <void method="add"> 
         <double>3.3832196411000153</double> 
        </void> 
        <void method="add"> 
         <double>3.3865425534451363</double> 
        </void> 
        <void method="add"> 
         <double>3.3941414142836006</double> 
        </void> 
        <void method="add"> 
         <double>3.4212716097409346</double> 
        </void> 
        <void method="add"> 
         <double>3.425005334367967</double> 
        </void> 
        <void method="add"> 
         <double>3.4290815020400465</double> 
        </void> 
        <void method="add"> 
         <double>3.444167006459573</double> 
        </void> 
        <void method="add"> 
         <double>3.454106607332174</double> 
        </void> 
        <void method="add"> 
         <double>3.4649834651092997</double> 
        </void> 
        <void method="add"> 
         <double>3.485343838765479</double> 
        </void> 
        <void method="add"> 
         <double>3.519891030931873</double> 
        </void> 
        <void method="add"> 
         <double>3.4784834342094744</double> 
        </void> 
        <void method="add"> 
         <double>3.351194813764511</double> 
        </void> 
        <void method="add"> 
         <double>3.4053303865626727</double> 
        </void> 
        <void method="add"> 
         <double>3.4355087200980248</double> 
        </void> 
        <void method="add"> 
         <double>3.385420669942638</double> 
        </void> 
       </object> 
      </void> 
      <void property="stdev"> 
       <double>0.10672598585445073</double> 
      </void> 
     </object> 
    </void> 
    <void index="11"> 
     <object class="jmbench.tools.EvaluationMetrics"> 
      <void property="max"> 
       <double>0.41282986315915937</double> 
      </void> 
      <void property="mean"> 
       <double>0.3430817454612185</double> 
      </void> 
      <void property="median"> 
       <double>0.39787763103444423</double> 
      </void> 
      <void property="min"> 
       <double>0.24287714229091156</double> 
      </void> 
      <void property="rawResults"> 
       <object class="java.util.ArrayList"> 
        <void method="add"> 
         <double>0.24287714229091156</double> 
        </void> 
        <void method="add"> 
         <double>0.245001857251279</double> 
        </void> 
        <void method="add"> 
         <double>0.24564091925381756</double> 
        </void> 
        <void method="add"> 
         <double>0.2482177709621701</double> 
        </void> 
        <void method="add"> 
         <double>0.25541796632150493</double> 
        </void> 
        <void method="add"> 
         <double>0.2559977509553108</double> 
        </void> 
        <void method="add"> 
         <double>0.256685619001431</double> 
        </void> 
        <void method="add"> 
         <double>0.2587323323220017</double> 
        </void> 
        <void method="add"> 
         <double>0.3901914759316436</double> 
        </void> 
        <void method="add"> 
         <double>0.39787763103444423</double> 
        </void> 
        <void method="add"> 
         <double>0.40199754727909887</double> 
        </void> 
        <void method="add"> 
         <double>0.40239947693524536</double> 
        </void> 
        <void method="add"> 
         <double>0.40257774159192544</double> 
        </void> 
        <void method="add"> 
         <double>0.40456216516773974</double> 
        </void> 
        <void method="add"> 
         <double>0.40793586254182734</double> 
        </void> 
        <void method="add"> 
         <double>0.41073468784138567</double> 
        </void> 
        <void method="add"> 
         <double>0.4114301490727597</double> 
        </void> 
        <void method="add"> 
         <double>0.41196974289623994</double> 
        </void> 
        <void method="add"> 
         <double>0.41279161649815793</double> 
        </void> 
        <void method="add"> 
         <double>0.41282986315915937</double> 
        </void> 
        <void method="add"> 
         <double>0.24394518637238183</double> 
        </void> 
        <void method="add"> 
         <double>0.2560797610525486</double> 
        </void> 
        <void method="add"> 
         <double>0.4094609747364722</double> 
        </void> 
        <void method="add"> 
         <double>0.40153364402088715</double> 
        </void> 
        <void method="add"> 
         <double>0.39015475204011935</double> 
        </void> 
       </object> 
      </void> 
      <void property="stdev"> 
       <double>0.07560258903625493</double> 
      </void> 
     </object> 
    </void> 
   </array> 
  </void> 
  <void property="opName"> 
   <string>Cholesky</string> 
  </void> 
 </object> 
</java> 
