<?xml version="1.0" encoding="UTF-8"?> 
<java version="1.6.0_16" class="java.beans.XMLDecoder"> 
 <object class="jmbench.tools.runtime.OperationResults"> 
  <void property="library"> 
   <object class="jmbench.impl.MatrixLibrary" method="valueOf"> 
    <string>JAMA</string> 
   </object> 
  </void> 
  <void property="matDimen"> 
   <array class="int" length="12"> 
    <void index="0"> 
     <int>2</int> 
    </void> 
    <void index="1"> 
     <int>3</int> 
    </void> 
    <void index="2"> 
     <int>4</int> 
    </void> 
    <void index="3"> 
     <int>5</int> 
    </void> 
    <void index="4"> 
     <int>10</int> 
    </void> 
    <void index="5"> 
     <int>20</int> 
    </void> 
    <void index="6"> 
     <int>50</int> 
    </void> 
    <void index="7"> 
     <int>100</int> 
    </void> 
    <void index="8"> 
     <int>200</int> 
    </void> 
    <void index="9"> 
     <int>500</int> 
    </void> 
    <void index="10"> 
     <int>1000</int> 
    </void> 
    <void index="11"> 
     <int>2000</int> 
    </void> 
   </array> 
  </void> 
  <void property="metrics"> 
   <array class="jmbench.tools.EvaluationMetrics" length="12"> 
    <void index="0"> 
     <object class="jmbench.tools.EvaluationMetrics"> 
      <void property="max"> 
       <double>993580.3492292381</double> 
      </void> 
      <void property="mean"> 
       <double>968421.5314239137</double> 
      </void> 
      <void property="median"> 
       <double>963985.7712225962</double> 
      </void> 
      <void property="min"> 
       <double>946515.1578510891</double> 
      </void> 
      <void property="rawResults"> 
       <object class="java.util.ArrayList"> 
        <void method="add"> 
         <double>948659.0892698049</double> 
        </void> 
        <void method="add"> 
         <double>953980.4285125443</double> 
        </void> 
        <void method="add"> 
         <double>954220.1077766406</double> 
        </void> 
        <void method="add"> 
         <double>954379.2330857237</double> 
        </void> 
        <void method="add"> 
         <double>957738.5780910156</double> 
        </void> 
        <void method="add"> 
         <double>958483.4785960838</double> 
        </void> 
        <void method="add"> 
         <double>959037.968179157</double> 
        </void> 
        <void method="add"> 
         <double>959686.6805972614</double> 
        </void> 
        <void method="add"> 
         <double>960483.3380015186</double> 
        </void> 
        <void method="add"> 
         <double>963985.7712225962</double> 
        </void> 
        <void method="add"> 
         <double>965334.027016852</double> 
        </void> 
        <void method="add"> 
         <double>971469.6071252294</double> 
        </void> 
        <void method="add"> 
         <double>977648.7630603887</double> 
        </void> 
        <void method="add"> 
         <double>980794.7374721525</double> 
        </void> 
        <void method="add"> 
         <double>982943.9104615473</double> 
        </void> 
        <void method="add"> 
         <double>984979.5163142959</double> 
        </void> 
        <void method="add"> 
         <double>985207.9209883114</double> 
        </void> 
        <void method="add"> 
         <double>989004.6972009311</double> 
        </void> 
        <void method="add"> 
         <double>990390.2238122582</double> 
        </void> 
        <void method="add"> 
         <double>993580.3492292381</double> 
        </void> 
        <void method="add"> 
         <double>963064.3115266326</double> 
        </void> 
        <void method="add"> 
         <double>946515.1578510891</double> 
        </void> 
        <void method="add"> 
         <double>957185.6551858981</double> 
        </void> 
        <void method="add"> 
         <double>974212.0965011022</double> 
        </void> 
        <void method="add"> 
         <double>977552.6385195758</double> 
        </void> 
       </object> 
      </void> 
      <void property="stdev"> 
       <double>13817.098051659825</double> 
      </void> 
     </object> 
    </void> 
    <void index="1"> 
     <object class="jmbench.tools.EvaluationMetrics"> 
      <void property="max"> 
       <double>522341.45077141706</double> 
      </void> 
      <void property="mean"> 
       <double>487822.26809095766</double> 
      </void> 
      <void property="median"> 
       <double>499395.5255658656</double> 
      </void> 
      <void property="min"> 
       <double>429898.99075545627</double> 
      </void> 
      <void property="rawResults"> 
       <object class="java.util.ArrayList"> 
        <void method="add"> 
         <double>429898.99075545627</double> 
        </void> 
        <void method="add"> 
         <double>458743.44250909664</double> 
        </void> 
        <void method="add"> 
         <double>459927.6702278776</double> 
        </void> 
        <void method="add"> 
         <double>460325.5833594162</double> 
        </void> 
        <void method="add"> 
         <double>462580.78686801833</double> 
        </void> 
        <void method="add"> 
         <double>464319.36924834043</double> 
        </void> 
        <void method="add"> 
         <double>464894.6051312605</double> 
        </void> 
        <void method="add"> 
         <double>465142.3517129574</double> 
        </void> 
        <void method="add"> 
         <double>469226.1006408259</double> 
        </void> 
        <void method="add"> 
         <double>474630.3366023569</double> 
        </void> 
        <void method="add"> 
         <double>475094.6897830856</double> 
        </void> 
        <void method="add"> 
         <double>503338.55409544817</double> 
        </void> 
        <void method="add"> 
         <double>504647.27556483867</double> 
        </void> 
        <void method="add"> 
         <double>507822.6566190065</double> 
        </void> 
        <void method="add"> 
         <double>510847.00056144584</double> 
        </void> 
        <void method="add"> 
         <double>515460.1020582973</double> 
        </void> 
        <void method="add"> 
         <double>517902.8311353929</double> 
        </void> 
        <void method="add"> 
         <double>519858.42203219753</double> 
        </void> 
        <void method="add"> 
         <double>521239.0498967558</double> 
        </void> 
        <void method="add"> 
         <double>522341.45077141706</double> 
        </void> 
        <void method="add"> 
         <double>499395.5255658656</double> 
        </void> 
        <void method="add"> 
         <double>500935.4577727462</double> 
        </void> 
        <void method="add"> 
         <double>506176.0680171146</double> 
        </void> 
        <void method="add"> 
         <double>511901.7334213704</double> 
        </void> 
        <void method="add"> 
         <double>468906.6479233551</double> 
        </void> 
       </object> 
      </void> 
      <void property="stdev"> 
       <double>25833.235107420765</double> 
      </void> 
     </object> 
    </void> 
    <void index="2"> 
     <object class="jmbench.tools.EvaluationMetrics"> 
      <void property="max"> 
       <double>327457.5438867879</double> 
      </void> 
      <void property="mean"> 
       <double>295414.693242326</double> 
      </void> 
      <void property="median"> 
       <double>294613.5445950046</double> 
      </void> 
      <void property="min"> 
       <double>272339.3420488636</double> 
      </void> 
      <void property="rawResults"> 
       <object class="java.util.ArrayList"> 
        <void method="add"> 
         <double>272339.3420488636</double> 
        </void> 
        <void method="add"> 
         <double>274109.84568748844</double> 
        </void> 
        <void method="add"> 
         <double>275104.03658319206</double> 
        </void> 
        <void method="add"> 
         <double>275268.4081884216</double> 
        </void> 
        <void method="add"> 
         <double>278540.2542558126</double> 
        </void> 
        <void method="add"> 
         <double>288493.5825729112</double> 
        </void> 
        <void method="add"> 
         <double>290824.70280231076</double> 
        </void> 
        <void method="add"> 
         <double>292723.5380367104</double> 
        </void> 
        <void method="add"> 
         <double>294613.5445950046</double> 
        </void> 
        <void method="add"> 
         <double>295156.53294442105</double> 
        </void> 
        <void method="add"> 
         <double>296419.6572312498</double> 
        </void> 
        <void method="add"> 
         <double>297937.2110302293</double> 
        </void> 
        <void method="add"> 
         <double>300258.2888085109</double> 
        </void> 
        <void method="add"> 
         <double>301758.6649455004</double> 
        </void> 
        <void method="add"> 
         <double>304534.60515583266</double> 
        </void> 
        <void method="add"> 
         <double>304778.1127907073</double> 
        </void> 
        <void method="add"> 
         <double>307688.3067116577</double> 
        </void> 
        <void method="add"> 
         <double>319897.1379995954</double> 
        </void> 
        <void method="add"> 
         <double>327331.64117302315</double> 
        </void> 
        <void method="add"> 
         <double>327457.5438867879</double> 
        </void> 
        <void method="add"> 
         <double>291748.9147984659</double> 
        </void> 
        <void method="add"> 
         <double>288720.8235338503</double> 
        </void> 
        <void method="add"> 
         <double>290103.102334368</double> 
        </void> 
        <void method="add"> 
         <double>293186.0343735213</double> 
        </void> 
        <void method="add"> 
         <double>296373.49856971455</double> 
        </void> 
       </object> 
      </void> 
      <void property="stdev"> 
       <double>14554.957449931726</double> 
      </void> 
     </object> 
    </void> 
    <void index="3"> 
     <object class="jmbench.tools.EvaluationMetrics"> 
      <void property="max"> 
       <double>210799.48510629078</double> 
      </void> 
      <void property="mean"> 
       <double>192716.0145481488</double> 
      </void> 
      <void property="median"> 
       <double>192624.52880285628</double> 
      </void> 
      <void property="min"> 
       <double>180483.60526473896</double> 
      </void> 
      <void property="rawResults"> 
       <object class="java.util.ArrayList"> 
        <void method="add"> 
         <double>180483.60526473896</double> 
        </void> 
        <void method="add"> 
         <double>181403.53098615544</double> 
        </void> 
        <void method="add"> 
         <double>181760.9698193779</double> 
        </void> 
        <void method="add"> 
         <double>186633.45414763977</double> 
        </void> 
        <void method="add"> 
         <double>189535.51697784814</double> 
        </void> 
        <void method="add"> 
         <double>190802.70014193107</double> 
        </void> 
        <void method="add"> 
         <double>191261.7805751238</double> 
        </void> 
        <void method="add"> 
         <double>192370.2856815817</double> 
        </void> 
        <void method="add"> 
         <double>192456.73136341295</double> 
        </void> 
        <void method="add"> 
         <double>192624.52880285628</double> 
        </void> 
        <void method="add"> 
         <double>195855.47333045068</double> 
        </void> 
        <void method="add"> 
         <double>196446.66505082767</double> 
        </void> 
        <void method="add"> 
         <double>198473.94688500944</double> 
        </void> 
        <void method="add"> 
         <double>199002.37427327095</double> 
        </void> 
        <void method="add"> 
         <double>199045.76080657734</double> 
        </void> 
        <void method="add"> 
         <double>199403.80990219905</double> 
        </void> 
        <void method="add"> 
         <double>200032.85969802178</double> 
        </void> 
        <void method="add"> 
         <double>201070.6796249455</double> 
        </void> 
        <void method="add"> 
         <double>207137.3904856029</double> 
        </void> 
        <void method="add"> 
         <double>210799.48510629078</double> 
        </void> 
        <void method="add"> 
         <double>180584.1990575539</double> 
        </void> 
        <void method="add"> 
         <double>193407.4643182394</double> 
        </void> 
        <void method="add"> 
         <double>192794.93531446703</double> 
        </void> 
        <void method="add"> 
         <double>183451.06313014496</double> 
        </void> 
        <void method="add"> 
         <double>181061.15295945262</double> 
        </void> 
       </object> 
      </void> 
      <void property="stdev"> 
       <double>8147.648307147044</double> 
      </void> 
     </object> 
    </void> 
    <void index="4"> 
     <object class="jmbench.tools.EvaluationMetrics"> 
      <void property="max"> 
       <double>50844.16957863608</double> 
      </void> 
      <void property="mean"> 
       <double>47915.20026206012</double> 
      </void> 
      <void property="median"> 
       <double>48019.36847205219</double> 
      </void> 
      <void property="min"> 
       <double>44268.79141963742</double> 
      </void> 
      <void property="rawResults"> 
       <object class="java.util.ArrayList"> 
        <void method="add"> 
         <double>44268.79141963742</double> 
        </void> 
        <void method="add"> 
         <double>44453.96144761721</double> 
        </void> 
        <void method="add"> 
         <double>46036.35361794147</double> 
        </void> 
        <void method="add"> 
         <double>46400.001059601396</double> 
        </void> 
        <void method="add"> 
         <double>46965.39467913506</double> 
        </void> 
        <void method="add"> 
         <double>47529.25455647893</double> 
        </void> 
        <void method="add"> 
         <double>47593.57338507295</double> 
        </void> 
        <void method="add"> 
         <double>47593.66676505599</double> 
        </void> 
        <void method="add"> 
         <double>47819.11795756101</double> 
        </void> 
        <void method="add"> 
         <double>47907.75870736282</double> 
        </void> 
        <void method="add"> 
         <double>48031.70089485353</double> 
        </void> 
        <void method="add"> 
         <double>48440.27656129627</double> 
        </void> 
        <void method="add"> 
         <double>48486.870370402045</double> 
        </void> 
        <void method="add"> 
         <double>48725.5234293256</double> 
        </void> 
        <void method="add"> 
         <double>48834.54231058473</double> 
        </void> 
        <void method="add"> 
         <double>48875.88528426678</double> 
        </void> 
        <void method="add"> 
         <double>49035.53810253854</double> 
        </void> 
        <void method="add"> 
         <double>49312.03051737795</double> 
        </void> 
        <void method="add"> 
         <double>49723.17717791379</double> 
        </void> 
        <void method="add"> 
         <double>50844.16957863608</double> 
        </void> 
        <void method="add"> 
         <double>47429.884418584894</double> 
        </void> 
        <void method="add"> 
         <double>48019.36847205219</double> 
        </void> 
        <void method="add"> 
         <double>47755.02728014428</double> 
        </void> 
        <void method="add"> 
         <double>48452.488131060534</double> 
        </void> 
        <void method="add"> 
         <double>49345.6504270015</double> 
        </void> 
       </object> 
      </void> 
      <void property="stdev"> 
       <double>1456.9998636873913</double> 
      </void> 
     </object> 
    </void> 
    <void index="5"> 
     <object class="jmbench.tools.EvaluationMetrics"> 
      <void property="max"> 
       <double>10853.218253965533</double> 
      </void> 
      <void property="mean"> 
       <double>10326.77515970264</double> 
      </void> 
      <void property="median"> 
       <double>10332.19866188458</double> 
      </void> 
      <void property="min"> 
       <double>9851.629476014683</double> 
      </void> 
      <void property="rawResults"> 
       <object class="java.util.ArrayList"> 
        <void method="add"> 
         <double>9851.629476014683</double> 
        </void> 
        <void method="add"> 
         <double>10060.96925646465</double> 
        </void> 
        <void method="add"> 
         <double>10105.083122688904</double> 
        </void> 
        <void method="add"> 
         <double>10132.926300111632</double> 
        </void> 
        <void method="add"> 
         <double>10207.82617990774</double> 
        </void> 
        <void method="add"> 
         <double>10211.865630512946</double> 
        </void> 
        <void method="add"> 
         <double>10213.73009689667</double> 
        </void> 
        <void method="add"> 
         <double>10229.640548298834</double> 
        </void> 
        <void method="add"> 
         <double>10278.445861785473</double> 
        </void> 
        <void method="add"> 
         <double>10290.559751390061</double> 
        </void> 
        <void method="add"> 
         <double>10341.124081838674</double> 
        </void> 
        <void method="add"> 
         <double>10343.590892140175</double> 
        </void> 
        <void method="add"> 
         <double>10406.432436468855</double> 
        </void> 
        <void method="add"> 
         <double>10410.571020457455</double> 
        </void> 
        <void method="add"> 
         <double>10490.266489809736</double> 
        </void> 
        <void method="add"> 
         <double>10523.101356149115</double> 
        </void> 
        <void method="add"> 
         <double>10528.65423149892</double> 
        </void> 
        <void method="add"> 
         <double>10550.816291186728</double> 
        </void> 
        <void method="add"> 
         <double>10625.124831688754</double> 
        </void> 
        <void method="add"> 
         <double>10853.218253965533</double> 
        </void> 
        <void method="add"> 
         <double>10120.405771555541</double> 
        </void> 
        <void method="add"> 
         <double>10332.19866188458</double> 
        </void> 
        <void method="add"> 
         <double>10623.220277310596</double> 
        </void> 
        <void method="add"> 
         <double>10411.94614336928</double> 
        </void> 
        <void method="add"> 
         <double>10026.032029170394</double> 
        </void> 
       </object> 
      </void> 
      <void property="stdev"> 
       <double>219.16086265014445</double> 
      </void> 
     </object> 
    </void> 
    <void index="6"> 
     <object class="jmbench.tools.EvaluationMetrics"> 
      <void property="max"> 
       <double>1055.9511206653772</double> 
      </void> 
      <void property="mean"> 
       <double>1011.1386116038714</double> 
      </void> 
      <void property="median"> 
       <double>1011.7046737001856</double> 
      </void> 
      <void property="min"> 
       <double>969.2600887824223</double> 
      </void> 
      <void property="rawResults"> 
       <object class="java.util.ArrayList"> 
        <void method="add"> 
         <double>969.2600887824223</double> 
        </void> 
        <void method="add"> 
         <double>975.7447264730484</double> 
        </void> 
        <void method="add"> 
         <double>994.1997790678249</double> 
        </void> 
        <void method="add"> 
         <double>996.2122274178287</double> 
        </void> 
        <void method="add"> 
         <double>997.4507815501144</double> 
        </void> 
        <void method="add"> 
         <double>998.3535547174662</double> 
        </void> 
        <void method="add"> 
         <double>1007.5962118818849</double> 
        </void> 
        <void method="add"> 
         <double>1011.7046737001856</double> 
        </void> 
        <void method="add"> 
         <double>1013.060751758751</double> 
        </void> 
        <void method="add"> 
         <double>1018.8178929395962</double> 
        </void> 
        <void method="add"> 
         <double>1019.4944400046355</double> 
        </void> 
        <void method="add"> 
         <double>1021.8849262790603</double> 
        </void> 
        <void method="add"> 
         <double>1024.7674453049137</double> 
        </void> 
        <void method="add"> 
         <double>1026.2428476730065</double> 
        </void> 
        <void method="add"> 
         <double>1030.6807827460975</double> 
        </void> 
        <void method="add"> 
         <double>1031.346747175691</double> 
        </void> 
        <void method="add"> 
         <double>1031.5042497589325</double> 
        </void> 
        <void method="add"> 
         <double>1032.3109846399534</double> 
        </void> 
        <void method="add"> 
         <double>1036.8439753789985</double> 
        </void> 
        <void method="add"> 
         <double>1055.9511206653772</double> 
        </void> 
        <void method="add"> 
         <double>988.1631025574187</double> 
        </void> 
        <void method="add"> 
         <double>1008.2170272589492</double> 
        </void> 
        <void method="add"> 
         <double>988.075667341545</double> 
        </void> 
        <void method="add"> 
         <double>990.0877126551878</double> 
        </void> 
        <void method="add"> 
         <double>1010.4935723678974</double> 
        </void> 
       </object> 
      </void> 
      <void property="stdev"> 
       <double>20.372413044648177</double> 
      </void> 
     </object> 
    </void> 
    <void index="7"> 
     <object class="jmbench.tools.EvaluationMetrics"> 
      <void property="max"> 
       <double>147.1226003429922</double> 
      </void> 
      <void property="mean"> 
       <double>141.57188395810414</double> 
      </void> 
      <void property="median"> 
       <double>141.4943730678428</double> 
      </void> 
      <void property="min"> 
       <double>133.76017992508872</double> 
      </void> 
      <void property="rawResults"> 
       <object class="java.util.ArrayList"> 
        <void method="add"> 
         <double>133.76017992508872</double> 
        </void> 
        <void method="add"> 
         <double>136.2214841996339</double> 
        </void> 
        <void method="add"> 
         <double>137.97968348830665</double> 
        </void> 
        <void method="add"> 
         <double>138.82118683547114</double> 
        </void> 
        <void method="add"> 
         <double>138.88630467356288</double> 
        </void> 
        <void method="add"> 
         <double>140.4635332025545</double> 
        </void> 
        <void method="add"> 
         <double>141.18750638942473</double> 
        </void> 
        <void method="add"> 
         <double>141.47560073570185</double> 
        </void> 
        <void method="add"> 
         <double>141.4943730678428</double> 
        </void> 
        <void method="add"> 
         <double>141.58428897976634</double> 
        </void> 
        <void method="add"> 
         <double>142.8948366394648</double> 
        </void> 
        <void method="add"> 
         <double>142.9489859659198</double> 
        </void> 
        <void method="add"> 
         <double>143.00219260080186</double> 
        </void> 
        <void method="add"> 
         <double>143.20232125287944</double> 
        </void> 
        <void method="add"> 
         <double>143.42588386642558</double> 
        </void> 
        <void method="add"> 
         <double>143.59094121748046</double> 
        </void> 
        <void method="add"> 
         <double>145.06239378130329</double> 
        </void> 
        <void method="add"> 
         <double>145.10067080262553</double> 
        </void> 
        <void method="add"> 
         <double>145.96327759275948</double> 
        </void> 
        <void method="add"> 
         <double>147.1226003429922</double> 
        </void> 
        <void method="add"> 
         <double>141.3070066472292</double> 
        </void> 
        <void method="add"> 
         <double>140.0939282804789</double> 
        </void> 
        <void method="add"> 
         <double>141.03134664078812</double> 
        </void> 
        <void method="add"> 
         <double>140.40584722084643</double> 
        </void> 
        <void method="add"> 
         <double>142.27072460325513</double> 
        </void> 
       </object> 
      </void> 
      <void property="stdev"> 
       <double>2.9237908391929093</double> 
      </void> 
     </object> 
    </void> 
    <void index="8"> 
     <object class="jmbench.tools.EvaluationMetrics"> 
      <void property="max"> 
       <double>14.149747332799116</double> 
      </void> 
      <void property="mean"> 
       <double>13.90314018223879</double> 
      </void> 
      <void property="median"> 
       <double>13.939049147257958</double> 
      </void> 
      <void property="min"> 
       <double>13.613990197127722</double> 
      </void> 
      <void property="rawResults"> 
       <object class="java.util.ArrayList"> 
        <void method="add"> 
         <double>13.613990197127722</double> 
        </void> 
        <void method="add"> 
         <double>13.685794936969685</double> 
        </void> 
        <void method="add"> 
         <double>13.73110308960193</double> 
        </void> 
        <void method="add"> 
         <double>13.740081415075801</double> 
        </void> 
        <void method="add"> 
         <double>13.740373103657246</double> 
        </void> 
        <void method="add"> 
         <double>13.779777204493843</double> 
        </void> 
        <void method="add"> 
         <double>13.792942193628186</double> 
        </void> 
        <void method="add"> 
         <double>13.86958004123772</double> 
        </void> 
        <void method="add"> 
         <double>13.939049147257958</double> 
        </void> 
        <void method="add"> 
         <double>13.962092133326827</double> 
        </void> 
        <void method="add"> 
         <double>13.966046422962071</double> 
        </void> 
        <void method="add"> 
         <double>13.98179108935001</double> 
        </void> 
        <void method="add"> 
         <double>13.990966756391213</double> 
        </void> 
        <void method="add"> 
         <double>14.016543319600368</double> 
        </void> 
        <void method="add"> 
         <double>14.016941248978615</double> 
        </void> 
        <void method="add"> 
         <double>14.021469400037564</double> 
        </void> 
        <void method="add"> 
         <double>14.033252433253951</double> 
        </void> 
        <void method="add"> 
         <double>14.042592127457112</double> 
        </void> 
        <void method="add"> 
         <double>14.11076916163163</double> 
        </void> 
        <void method="add"> 
         <double>14.149747332799116</double> 
        </void> 
        <void method="add"> 
         <double>13.823804228895971</double> 
        </void> 
        <void method="add"> 
         <double>13.891880200256667</double> 
        </void> 
        <void method="add"> 
         <double>13.91787700537541</double> 
        </void> 
        <void method="add"> 
         <double>13.765344431001209</double> 
        </void> 
        <void method="add"> 
         <double>13.994695935602028</double> 
        </void> 
       </object> 
      </void> 
      <void property="stdev"> 
       <double>0.13838445468609725</double> 
      </void> 
     </object> 
    </void> 
    <void index="9"> 
     <object class="jmbench.tools.EvaluationMetrics"> 
      <void property="max"> 
       <double>0.5574879002937618</double> 
      </void> 
      <void property="mean"> 
       <double>0.5352294167483118</double> 
      </void> 
      <void property="median"> 
       <double>0.5396527567694145</double> 
      </void> 
      <void property="min"> 
       <double>0.508366830678668</double> 
      </void> 
      <void property="rawResults"> 
       <object class="java.util.ArrayList"> 
        <void method="add"> 
         <double>0.5101410184424224</double> 
        </void> 
        <void method="add"> 
         <double>0.5134077961809165</double> 
        </void> 
        <void method="add"> 
         <double>0.5144104613799538</double> 
        </void> 
        <void method="add"> 
         <double>0.5152497229041091</double> 
        </void> 
        <void method="add"> 
         <double>0.518688471541258</double> 
        </void> 
        <void method="add"> 
         <double>0.5191610645746194</double> 
        </void> 
        <void method="add"> 
         <double>0.5214451927771614</double> 
        </void> 
        <void method="add"> 
         <double>0.5248016519110225</double> 
        </void> 
        <void method="add"> 
         <double>0.5374554802817416</double> 
        </void> 
        <void method="add"> 
         <double>0.5396527567694145</double> 
        </void> 
        <void method="add"> 
         <double>0.5409983091841719</double> 
        </void> 
        <void method="add"> 
         <double>0.5416674674091698</double> 
        </void> 
        <void method="add"> 
         <double>0.5421357380258421</double> 
        </void> 
        <void method="add"> 
         <double>0.550907134747536</double> 
        </void> 
        <void method="add"> 
         <double>0.5513294215024126</double> 
        </void> 
        <void method="add"> 
         <double>0.5513954735253577</double> 
        </void> 
        <void method="add"> 
         <double>0.5527500930329536</double> 
        </void> 
        <void method="add"> 
         <double>0.5539866194376417</double> 
        </void> 
        <void method="add"> 
         <double>0.5552790873422704</double> 
        </void> 
        <void method="add"> 
         <double>0.5574879002937618</double> 
        </void> 
        <void method="add"> 
         <double>0.508366830678668</double> 
        </void> 
        <void method="add"> 
         <double>0.5332487774255938</double> 
        </void> 
        <void method="add"> 
         <double>0.5492645726913483</double> 
        </void> 
        <void method="add"> 
         <double>0.5227506965800709</double> 
        </void> 
        <void method="add"> 
         <double>0.554753680068378</double> 
        </void> 
       </object> 
      </void> 
      <void property="stdev"> 
       <double>0.016367912420838394</double> 
      </void> 
     </object> 
    </void> 
    <void index="10"> 
     <object class="jmbench.tools.EvaluationMetrics"> 
      <void property="max"> 
       <double>0.04486085187965042</double> 
      </void> 
      <void property="mean"> 
       <double>0.04354548162363417</double> 
      </void> 
      <void property="median"> 
       <double>0.04314212402595782</double> 
      </void> 
      <void property="min"> 
       <double>0.04263346896529425</double> 
      </void> 
      <void property="rawResults"> 
       <object class="java.util.ArrayList"> 
        <void method="add"> 
         <double>0.04314212402595782</double> 
        </void> 
        <void method="add"> 
         <double>0.04263346896529425</double> 
        </void> 
        <void method="add"> 
         <double>0.04486085187965042</double> 
        </void> 
       </object> 
      </void> 
      <void property="stdev"> 
       <double>9.530063572694125E-4</double> 
      </void> 
     </object> 
    </void> 
   </array> 
  </void> 
  <void property="opName"> 
   <string>Eigen for Symm Matrices</string> 
  </void> 
 </object> 
</java> 
