<?xml version="1.0" encoding="UTF-8"?> 
<java version="1.6.0_16" class="java.beans.XMLDecoder"> 
 <object class="jmbench.tools.runtime.OperationResults"> 
  <void property="library"> 
   <object class="jmbench.impl.MatrixLibrary" method="valueOf"> 
    <string>JAMA</string> 
   </object> 
  </void> 
  <void property="matDimen"> 
   <array class="int" length="12"> 
    <void index="0"> 
     <int>2</int> 
    </void> 
    <void index="1"> 
     <int>3</int> 
    </void> 
    <void index="2"> 
     <int>4</int> 
    </void> 
    <void index="3"> 
     <int>5</int> 
    </void> 
    <void index="4"> 
     <int>10</int> 
    </void> 
    <void index="5"> 
     <int>20</int> 
    </void> 
    <void index="6"> 
     <int>50</int> 
    </void> 
    <void index="7"> 
     <int>100</int> 
    </void> 
    <void index="8"> 
     <int>200</int> 
    </void> 
    <void index="9"> 
     <int>500</int> 
    </void> 
    <void index="10"> 
     <int>1000</int> 
    </void> 
    <void index="11"> 
     <int>2000</int> 
    </void> 
   </array> 
  </void> 
  <void property="metrics"> 
   <array class="jmbench.tools.EvaluationMetrics" length="12"> 
    <void index="0"> 
     <object class="jmbench.tools.EvaluationMetrics"> 
      <void property="max"> 
       <double>2182162.9210411324</double> 
      </void> 
      <void property="mean"> 
       <double>2171793.1268904256</double> 
      </void> 
      <void property="median"> 
       <double>2172565.5021403236</double> 
      </void> 
      <void property="min"> 
       <double>2160784.0693584755</double> 
      </void> 
      <void property="rawResults"> 
       <object class="java.util.ArrayList"> 
        <void method="add"> 
         <double>2160784.0693584755</double> 
        </void> 
        <void method="add"> 
         <double>2161534.9618583913</double> 
        </void> 
        <void method="add"> 
         <double>2162474.1545962696</double> 
        </void> 
        <void method="add"> 
         <double>2163810.4258201937</double> 
        </void> 
        <void method="add"> 
         <double>2165317.4506718935</double> 
        </void> 
        <void method="add"> 
         <double>2167424.148896417</double> 
        </void> 
        <void method="add"> 
         <double>2169788.682127097</double> 
        </void> 
        <void method="add"> 
         <double>2170291.0783761283</double> 
        </void> 
        <void method="add"> 
         <double>2170839.055785935</double> 
        </void> 
        <void method="add"> 
         <double>2172157.184135031</double> 
        </void> 
        <void method="add"> 
         <double>2172565.5021403236</double> 
        </void> 
        <void method="add"> 
         <double>2173710.083789859</double> 
        </void> 
        <void method="add"> 
         <double>2174167.851540934</double> 
        </void> 
        <void method="add"> 
         <double>2176206.20612706</double> 
        </void> 
        <void method="add"> 
         <double>2178211.10181191</double> 
        </void> 
        <void method="add"> 
         <double>2178254.640666014</double> 
        </void> 
        <void method="add"> 
         <double>2179169.0516447653</double> 
        </void> 
        <void method="add"> 
         <double>2180218.475295319</double> 
        </void> 
        <void method="add"> 
         <double>2180286.668963642</double> 
        </void> 
        <void method="add"> 
         <double>2182162.9210411324</double> 
        </void> 
        <void method="add"> 
         <double>2162628.2297812263</double> 
        </void> 
        <void method="add"> 
         <double>2174707.544139454</double> 
        </void> 
        <void method="add"> 
         <double>2171090.391254893</double> 
        </void> 
        <void method="add"> 
         <double>2174455.933674854</double> 
        </void> 
        <void method="add"> 
         <double>2172572.358763419</double> 
        </void> 
       </object> 
      </void> 
      <void property="stdev"> 
       <double>6207.759592005839</double> 
      </void> 
     </object> 
    </void> 
    <void index="1"> 
     <object class="jmbench.tools.EvaluationMetrics"> 
      <void property="max"> 
       <double>1563684.001227836</double> 
      </void> 
      <void property="mean"> 
       <double>1539861.5070203543</double> 
      </void> 
      <void property="median"> 
       <double>1554542.0799542554</double> 
      </void> 
      <void property="min"> 
       <double>1488511.0386809085</double> 
      </void> 
      <void property="rawResults"> 
       <object class="java.util.ArrayList"> 
        <void method="add"> 
         <double>1488511.0386809085</double> 
        </void> 
        <void method="add"> 
         <double>1488961.2328962612</double> 
        </void> 
        <void method="add"> 
         <double>1492599.4408851992</double> 
        </void> 
        <void method="add"> 
         <double>1495793.0477815152</double> 
        </void> 
        <void method="add"> 
         <double>1497123.6555749872</double> 
        </void> 
        <void method="add"> 
         <double>1500305.6726904537</double> 
        </void> 
        <void method="add"> 
         <double>1522393.8576000417</double> 
        </void> 
        <void method="add"> 
         <double>1553439.14057162</double> 
        </void> 
        <void method="add"> 
         <double>1554303.0739591864</double> 
        </void> 
        <void method="add"> 
         <double>1554542.0799542554</double> 
        </void> 
        <void method="add"> 
         <double>1555625.9106505322</double> 
        </void> 
        <void method="add"> 
         <double>1556090.1671670862</double> 
        </void> 
        <void method="add"> 
         <double>1557460.4780556678</double> 
        </void> 
        <void method="add"> 
         <double>1558020.0962156258</double> 
        </void> 
        <void method="add"> 
         <double>1558217.6276775368</double> 
        </void> 
        <void method="add"> 
         <double>1559083.2284501353</double> 
        </void> 
        <void method="add"> 
         <double>1559788.3325170975</double> 
        </void> 
        <void method="add"> 
         <double>1562022.9818307622</double> 
        </void> 
        <void method="add"> 
         <double>1562435.5194339594</double> 
        </void> 
        <void method="add"> 
         <double>1563684.001227836</double> 
        </void> 
        <void method="add"> 
         <double>1548375.209986763</double> 
        </void> 
        <void method="add"> 
         <double>1563260.8437812945</double> 
        </void> 
        <void method="add"> 
         <double>1554955.4470161758</double> 
        </void> 
        <void method="add"> 
         <double>1552404.5350931578</double> 
        </void> 
        <void method="add"> 
         <double>1537141.0558108026</double> 
        </void> 
       </object> 
      </void> 
      <void property="stdev"> 
       <double>27235.13709578423</double> 
      </void> 
     </object> 
    </void> 
    <void index="2"> 
     <object class="jmbench.tools.EvaluationMetrics"> 
      <void property="max"> 
       <double>1166756.3961502924</double> 
      </void> 
      <void property="mean"> 
       <double>1141556.6625600837</double> 
      </void> 
      <void property="median"> 
       <double>1158575.9353399845</double> 
      </void> 
      <void property="min"> 
       <double>1099316.5297394176</double> 
      </void> 
      <void property="rawResults"> 
       <object class="java.util.ArrayList"> 
        <void method="add"> 
         <double>1117233.23213538</double> 
        </void> 
        <void method="add"> 
         <double>1118865.3237208964</double> 
        </void> 
        <void method="add"> 
         <double>1122165.3264288798</double> 
        </void> 
        <void method="add"> 
         <double>1123568.6050311949</double> 
        </void> 
        <void method="add"> 
         <double>1124302.780428327</double> 
        </void> 
        <void method="add"> 
         <double>1125683.9884646884</double> 
        </void> 
        <void method="add"> 
         <double>1127487.717591938</double> 
        </void> 
        <void method="add"> 
         <double>1158575.9353399845</double> 
        </void> 
        <void method="add"> 
         <double>1159332.0663748044</double> 
        </void> 
        <void method="add"> 
         <double>1159381.500329484</double> 
        </void> 
        <void method="add"> 
         <double>1159734.8363177215</double> 
        </void> 
        <void method="add"> 
         <double>1160876.4268389498</double> 
        </void> 
        <void method="add"> 
         <double>1161045.1292708782</double> 
        </void> 
        <void method="add"> 
         <double>1162341.7082873227</double> 
        </void> 
        <void method="add"> 
         <double>1163786.867302608</double> 
        </void> 
        <void method="add"> 
         <double>1164256.436922258</double> 
        </void> 
        <void method="add"> 
         <double>1164476.3488158167</double> 
        </void> 
        <void method="add"> 
         <double>1166290.5883553391</double> 
        </void> 
        <void method="add"> 
         <double>1166594.0687231347</double> 
        </void> 
        <void method="add"> 
         <double>1166756.3961502924</double> 
        </void> 
        <void method="add"> 
         <double>1099316.5297394176</double> 
        </void> 
        <void method="add"> 
         <double>1117815.6664057758</double> 
        </void> 
        <void method="add"> 
         <double>1115253.6064526017</double> 
        </void> 
        <void method="add"> 
         <double>1118889.0857455393</double> 
        </void> 
        <void method="add"> 
         <double>1114886.39282886</double> 
        </void> 
       </object> 
      </void> 
      <void property="stdev"> 
       <double>22508.516495767944</double> 
      </void> 
     </object> 
    </void> 
    <void index="3"> 
     <object class="jmbench.tools.EvaluationMetrics"> 
      <void property="max"> 
       <double>898467.2699310131</double> 
      </void> 
      <void property="mean"> 
       <double>873947.5088837941</double> 
      </void> 
      <void property="median"> 
       <double>882085.7128529857</double> 
      </void> 
      <void property="min"> 
       <double>846870.1121648345</double> 
      </void> 
      <void property="rawResults"> 
       <object class="java.util.ArrayList"> 
        <void method="add"> 
         <double>846870.1121648345</double> 
        </void> 
        <void method="add"> 
         <double>847106.0888201208</double> 
        </void> 
        <void method="add"> 
         <double>847281.8351646279</double> 
        </void> 
        <void method="add"> 
         <double>850687.3473884207</double> 
        </void> 
        <void method="add"> 
         <double>850871.4431287444</double> 
        </void> 
        <void method="add"> 
         <double>852535.7033514854</double> 
        </void> 
        <void method="add"> 
         <double>879180.0376535339</double> 
        </void> 
        <void method="add"> 
         <double>882085.7128529857</double> 
        </void> 
        <void method="add"> 
         <double>882315.6587120453</double> 
        </void> 
        <void method="add"> 
         <double>882717.8111581218</double> 
        </void> 
        <void method="add"> 
         <double>884792.8964073135</double> 
        </void> 
        <void method="add"> 
         <double>884907.7329390144</double> 
        </void> 
        <void method="add"> 
         <double>885085.2223922807</double> 
        </void> 
        <void method="add"> 
         <double>891070.3236903641</double> 
        </void> 
        <void method="add"> 
         <double>892723.2342856933</double> 
        </void> 
        <void method="add"> 
         <double>893467.3811013112</double> 
        </void> 
        <void method="add"> 
         <double>894789.4266697437</double> 
        </void> 
        <void method="add"> 
         <double>896036.2430296418</double> 
        </void> 
        <void method="add"> 
         <double>897794.5497396815</double> 
        </void> 
        <void method="add"> 
         <double>898467.2699310131</double> 
        </void> 
        <void method="add"> 
         <double>865209.0769240983</double> 
        </void> 
        <void method="add"> 
         <double>864751.4157511411</double> 
        </void> 
        <void method="add"> 
         <double>858624.1765140628</double> 
        </void> 
        <void method="add"> 
         <double>862739.3963598927</double> 
        </void> 
        <void method="add"> 
         <double>856577.6259646747</double> 
        </void> 
       </object> 
      </void> 
      <void property="stdev"> 
       <double>18156.069473952848</double> 
      </void> 
     </object> 
    </void> 
    <void index="4"> 
     <object class="jmbench.tools.EvaluationMetrics"> 
      <void property="max"> 
       <double>214307.16958608615</double> 
      </void> 
      <void property="mean"> 
       <double>207488.08849566517</double> 
      </void> 
      <void property="median"> 
       <double>207718.43352495556</double> 
      </void> 
      <void property="min"> 
       <double>202273.39294872122</double> 
      </void> 
      <void property="rawResults"> 
       <object class="java.util.ArrayList"> 
        <void method="add"> 
         <double>202273.39294872122</double> 
        </void> 
        <void method="add"> 
         <double>203364.63755719666</double> 
        </void> 
        <void method="add"> 
         <double>203933.47167574018</double> 
        </void> 
        <void method="add"> 
         <double>204595.25680592112</double> 
        </void> 
        <void method="add"> 
         <double>204826.96213902734</double> 
        </void> 
        <void method="add"> 
         <double>205128.64229231223</double> 
        </void> 
        <void method="add"> 
         <double>205676.03700421614</double> 
        </void> 
        <void method="add"> 
         <double>206030.99658546242</double> 
        </void> 
        <void method="add"> 
         <double>206272.43569781122</double> 
        </void> 
        <void method="add"> 
         <double>207614.32403170687</double> 
        </void> 
        <void method="add"> 
         <double>207718.43352495556</double> 
        </void> 
        <void method="add"> 
         <double>207851.32167874373</double> 
        </void> 
        <void method="add"> 
         <double>207861.39958073336</double> 
        </void> 
        <void method="add"> 
         <double>208222.14089198475</double> 
        </void> 
        <void method="add"> 
         <double>208459.99374339072</double> 
        </void> 
        <void method="add"> 
         <double>208867.37421653303</double> 
        </void> 
        <void method="add"> 
         <double>209356.99099825096</double> 
        </void> 
        <void method="add"> 
         <double>210918.76819701027</double> 
        </void> 
        <void method="add"> 
         <double>211442.99434438947</double> 
        </void> 
        <void method="add"> 
         <double>214307.16958608615</double> 
        </void> 
        <void method="add"> 
         <double>208148.75968458914</double> 
        </void> 
        <void method="add"> 
         <double>205948.2238928465</double> 
        </void> 
        <void method="add"> 
         <double>210949.4731668827</double> 
        </void> 
        <void method="add"> 
         <double>209826.31330826093</double> 
        </void> 
        <void method="add"> 
         <double>207606.69883885657</double> 
        </void> 
       </object> 
      </void> 
      <void property="stdev"> 
       <double>2728.6083760665147</double> 
      </void> 
     </object> 
    </void> 
    <void index="5"> 
     <object class="jmbench.tools.EvaluationMetrics"> 
      <void property="max"> 
       <double>71099.80788831507</double> 
      </void> 
      <void property="mean"> 
       <double>69921.36556293668</double> 
      </void> 
      <void property="median"> 
       <double>69680.39964448662</double> 
      </void> 
      <void property="min"> 
       <double>68474.68839964476</double> 
      </void> 
      <void property="rawResults"> 
       <object class="java.util.ArrayList"> 
        <void method="add"> 
         <double>68474.68839964476</double> 
        </void> 
        <void method="add"> 
         <double>68646.98772193356</double> 
        </void> 
        <void method="add"> 
         <double>68747.97370920067</double> 
        </void> 
        <void method="add"> 
         <double>68757.22315680917</double> 
        </void> 
        <void method="add"> 
         <double>69007.41101500396</double> 
        </void> 
        <void method="add"> 
         <double>69291.37312165763</double> 
        </void> 
        <void method="add"> 
         <double>69298.93616647062</double> 
        </void> 
        <void method="add"> 
         <double>69321.34263859184</double> 
        </void> 
        <void method="add"> 
         <double>69545.19460437215</double> 
        </void> 
        <void method="add"> 
         <double>69606.5725229755</double> 
        </void> 
        <void method="add"> 
         <double>69635.54397388244</double> 
        </void> 
        <void method="add"> 
         <double>70859.88161014068</double> 
        </void> 
        <void method="add"> 
         <double>70910.29835197597</double> 
        </void> 
        <void method="add"> 
         <double>70914.52492330603</double> 
        </void> 
        <void method="add"> 
         <double>70944.23850678705</double> 
        </void> 
        <void method="add"> 
         <double>70982.4355752922</double> 
        </void> 
        <void method="add"> 
         <double>71018.52015664965</double> 
        </void> 
        <void method="add"> 
         <double>71022.24279910281</double> 
        </void> 
        <void method="add"> 
         <double>71080.58466270611</double> 
        </void> 
        <void method="add"> 
         <double>71099.80788831507</double> 
        </void> 
        <void method="add"> 
         <double>69723.42206756942</double> 
        </void> 
        <void method="add"> 
         <double>69680.39964448662</double> 
        </void> 
        <void method="add"> 
         <double>69652.28008887329</double> 
        </void> 
        <void method="add"> 
         <double>69908.60960417177</double> 
        </void> 
        <void method="add"> 
         <double>69903.646163498</double> 
        </void> 
       </object> 
      </void> 
      <void property="stdev"> 
       <double>873.7633719577228</double> 
      </void> 
     </object> 
    </void> 
    <void index="6"> 
     <object class="jmbench.tools.EvaluationMetrics"> 
      <void property="max"> 
       <double>5991.519862474139</double> 
      </void> 
      <void property="mean"> 
       <double>5951.949117774958</double> 
      </void> 
      <void property="median"> 
       <double>5948.979853923797</double> 
      </void> 
      <void property="min"> 
       <double>5885.910394039944</double> 
      </void> 
      <void property="rawResults"> 
       <object class="java.util.ArrayList"> 
        <void method="add"> 
         <double>5885.910394039944</double> 
        </void> 
        <void method="add"> 
         <double>5929.51663150292</double> 
        </void> 
        <void method="add"> 
         <double>5931.473135720342</double> 
        </void> 
        <void method="add"> 
         <double>5935.494520137303</double> 
        </void> 
        <void method="add"> 
         <double>5938.43501285944</double> 
        </void> 
        <void method="add"> 
         <double>5945.841242796477</double> 
        </void> 
        <void method="add"> 
         <double>5946.022349397581</double> 
        </void> 
        <void method="add"> 
         <double>5946.360863691716</double> 
        </void> 
        <void method="add"> 
         <double>5948.979853923797</double> 
        </void> 
        <void method="add"> 
         <double>5957.869251447106</double> 
        </void> 
        <void method="add"> 
         <double>5958.352849401781</double> 
        </void> 
        <void method="add"> 
         <double>5959.285974642139</double> 
        </void> 
        <void method="add"> 
         <double>5964.091637105942</double> 
        </void> 
        <void method="add"> 
         <double>5969.335603805312</double> 
        </void> 
        <void method="add"> 
         <double>5969.479523197541</double> 
        </void> 
        <void method="add"> 
         <double>5969.6017598410035</double> 
        </void> 
        <void method="add"> 
         <double>5971.042570542359</double> 
        </void> 
        <void method="add"> 
         <double>5983.610069665275</double> 
        </void> 
        <void method="add"> 
         <double>5990.454478234814</double> 
        </void> 
        <void method="add"> 
         <double>5991.519862474139</double> 
        </void> 
        <void method="add"> 
         <double>5920.310274720948</double> 
        </void> 
        <void method="add"> 
         <double>5948.604984693917</double> 
        </void> 
        <void method="add"> 
         <double>5936.364556348033</double> 
        </void> 
        <void method="add"> 
         <double>5955.960691617204</double> 
        </void> 
        <void method="add"> 
         <double>5944.809852566929</double> 
        </void> 
       </object> 
      </void> 
      <void property="stdev"> 
       <double>22.614709536730327</double> 
      </void> 
     </object> 
    </void> 
    <void index="7"> 
     <object class="jmbench.tools.EvaluationMetrics"> 
      <void property="max"> 
       <double>795.3967117988445</double> 
      </void> 
      <void property="mean"> 
       <double>790.965362195435</double> 
      </void> 
      <void property="median"> 
       <double>791.4772509506606</double> 
      </void> 
      <void property="min"> 
       <double>784.3634677188878</double> 
      </void> 
      <void property="rawResults"> 
       <object class="java.util.ArrayList"> 
        <void method="add"> 
         <double>784.3634677188878</double> 
        </void> 
        <void method="add"> 
         <double>788.0977419495114</double> 
        </void> 
        <void method="add"> 
         <double>788.6982146183536</double> 
        </void> 
        <void method="add"> 
         <double>788.860216567457</double> 
        </void> 
        <void method="add"> 
         <double>789.9746177090509</double> 
        </void> 
        <void method="add"> 
         <double>790.3216795818369</double> 
        </void> 
        <void method="add"> 
         <double>790.3724419915304</double> 
        </void> 
        <void method="add"> 
         <double>791.4772509506606</double> 
        </void> 
        <void method="add"> 
         <double>791.6079756964325</double> 
        </void> 
        <void method="add"> 
         <double>792.1100909517282</double> 
        </void> 
        <void method="add"> 
         <double>792.2902462128735</double> 
        </void> 
        <void method="add"> 
         <double>793.0621070404935</double> 
        </void> 
        <void method="add"> 
         <double>793.17192772864</double> 
        </void> 
        <void method="add"> 
         <double>793.2814355385764</double> 
        </void> 
        <void method="add"> 
         <double>793.9829879010805</double> 
        </void> 
        <void method="add"> 
         <double>794.2712323678933</double> 
        </void> 
        <void method="add"> 
         <double>794.2873969276379</double> 
        </void> 
        <void method="add"> 
         <double>794.8379626564259</double> 
        </void> 
        <void method="add"> 
         <double>795.0259599496414</double> 
        </void> 
        <void method="add"> 
         <double>795.3967117988445</double> 
        </void> 
        <void method="add"> 
         <double>788.1956514292867</double> 
        </void> 
        <void method="add"> 
         <double>787.1344863173006</double> 
        </void> 
        <void method="add"> 
         <double>785.5575757200727</double> 
        </void> 
        <void method="add"> 
         <double>788.867532441543</double> 
        </void> 
        <void method="add"> 
         <double>788.8871431201172</double> 
        </void> 
       </object> 
      </void> 
      <void property="stdev"> 
       <double>2.993336135787941</double> 
      </void> 
     </object> 
    </void> 
    <void index="8"> 
     <object class="jmbench.tools.EvaluationMetrics"> 
      <void property="max"> 
       <double>101.68460342397223</double> 
      </void> 
      <void property="mean"> 
       <double>98.09646927424289</double> 
      </void> 
      <void property="median"> 
       <double>100.90728315920026</double> 
      </void> 
      <void property="min"> 
       <double>83.8660702880735</double> 
      </void> 
      <void property="rawResults"> 
       <object class="java.util.ArrayList"> 
        <void method="add"> 
         <double>83.8660702880735</double> 
        </void> 
        <void method="add"> 
         <double>85.83993187616028</double> 
        </void> 
        <void method="add"> 
         <double>86.19086255095266</double> 
        </void> 
        <void method="add"> 
         <double>86.57934708629752</double> 
        </void> 
        <void method="add"> 
         <double>87.34246426270356</double> 
        </void> 
        <void method="add"> 
         <double>100.63754695763353</double> 
        </void> 
        <void method="add"> 
         <double>100.64365603924465</double> 
        </void> 
        <void method="add"> 
         <double>100.7264536254522</double> 
        </void> 
        <void method="add"> 
         <double>100.78741381146013</double> 
        </void> 
        <void method="add"> 
         <double>100.8065844561379</double> 
        </void> 
        <void method="add"> 
         <double>101.2577003875248</double> 
        </void> 
        <void method="add"> 
         <double>101.2999336235008</double> 
        </void> 
        <void method="add"> 
         <double>101.37674798969901</double> 
        </void> 
        <void method="add"> 
         <double>101.38930042994927</double> 
        </void> 
        <void method="add"> 
         <double>101.4859132526357</double> 
        </void> 
        <void method="add"> 
         <double>101.51407723550015</double> 
        </void> 
        <void method="add"> 
         <double>101.61272182748475</double> 
        </void> 
        <void method="add"> 
         <double>101.6437702554539</double> 
        </void> 
        <void method="add"> 
         <double>101.64404039073983</double> 
        </void> 
        <void method="add"> 
         <double>101.68460342397223</double> 
        </void> 
        <void method="add"> 
         <double>100.61620053278533</double> 
        </void> 
        <void method="add"> 
         <double>100.91600974170446</double> 
        </void> 
        <void method="add"> 
         <double>100.90728315920026</double> 
        </void> 
        <void method="add"> 
         <double>100.99506245239176</double> 
        </void> 
        <void method="add"> 
         <double>100.64803619941418</double> 
        </void> 
       </object> 
      </void> 
      <void property="stdev"> 
       <double>6.098384174715622</double> 
      </void> 
     </object> 
    </void> 
    <void index="9"> 
     <object class="jmbench.tools.EvaluationMetrics"> 
      <void property="max"> 
       <double>6.448396904857048</double> 
      </void> 
      <void property="mean"> 
       <double>6.175708351603193</double> 
      </void> 
      <void property="median"> 
       <double>6.153974565519734</double> 
      </void> 
      <void property="min"> 
       <double>5.810983188667515</double> 
      </void> 
      <void property="rawResults"> 
       <object class="java.util.ArrayList"> 
        <void method="add"> 
         <double>5.810983188667515</double> 
        </void> 
        <void method="add"> 
         <double>5.8353469254916535</double> 
        </void> 
        <void method="add"> 
         <double>5.9788458925955</double> 
        </void> 
        <void method="add"> 
         <double>5.990922140453222</double> 
        </void> 
        <void method="add"> 
         <double>6.064387603799088</double> 
        </void> 
        <void method="add"> 
         <double>6.0980624414377385</double> 
        </void> 
        <void method="add"> 
         <double>6.120475588372948</double> 
        </void> 
        <void method="add"> 
         <double>6.129598232737775</double> 
        </void> 
        <void method="add"> 
         <double>6.13417987690137</double> 
        </void> 
        <void method="add"> 
         <double>6.153974565519734</double> 
        </void> 
        <void method="add"> 
         <double>6.215332204197385</double> 
        </void> 
        <void method="add"> 
         <double>6.221763484250843</double> 
        </void> 
        <void method="add"> 
         <double>6.234088879980776</double> 
        </void> 
        <void method="add"> 
         <double>6.2860886021561555</double> 
        </void> 
        <void method="add"> 
         <double>6.327417728908371</double> 
        </void> 
        <void method="add"> 
         <double>6.377563856026074</double> 
        </void> 
        <void method="add"> 
         <double>6.402982067443452</double> 
        </void> 
        <void method="add"> 
         <double>6.425853904516954</double> 
        </void> 
        <void method="add"> 
         <double>6.432315075603312</double> 
        </void> 
        <void method="add"> 
         <double>6.448396904857048</double> 
        </void> 
        <void method="add"> 
         <double>6.042837229768402</double> 
        </void> 
        <void method="add"> 
         <double>6.186891619440942</double> 
        </void> 
        <void method="add"> 
         <double>6.089695004907672</double> 
        </void> 
        <void method="add"> 
         <double>6.3607673334437544</double> 
        </void> 
        <void method="add"> 
         <double>6.023938438602084</double> 
        </void> 
       </object> 
      </void> 
      <void property="stdev"> 
       <double>0.17521437191568037</double> 
      </void> 
     </object> 
    </void> 
    <void index="10"> 
     <object class="jmbench.tools.EvaluationMetrics"> 
      <void property="max"> 
       <double>0.580918110593019</double> 
      </void> 
      <void property="mean"> 
       <double>0.5656804489381273</double> 
      </void> 
      <void property="median"> 
       <double>0.5701010182346816</double> 
      </void> 
      <void property="min"> 
       <double>0.527713754870736</double> 
      </void> 
      <void property="rawResults"> 
       <object class="java.util.ArrayList"> 
        <void method="add"> 
         <double>0.533594241423413</double> 
        </void> 
        <void method="add"> 
         <double>0.5427771581218137</double> 
        </void> 
        <void method="add"> 
         <double>0.546327194925989</double> 
        </void> 
        <void method="add"> 
         <double>0.555747254087135</double> 
        </void> 
        <void method="add"> 
         <double>0.5583695859579688</double> 
        </void> 
        <void method="add"> 
         <double>0.5632373380827548</double> 
        </void> 
        <void method="add"> 
         <double>0.5649583338115941</double> 
        </void> 
        <void method="add"> 
         <double>0.5658896011664275</double> 
        </void> 
        <void method="add"> 
         <double>0.5665424038052569</double> 
        </void> 
        <void method="add"> 
         <double>0.5682469591396924</double> 
        </void> 
        <void method="add"> 
         <double>0.5701010182346816</double> 
        </void> 
        <void method="add"> 
         <double>0.5712173240010143</double> 
        </void> 
        <void method="add"> 
         <double>0.5714383322483586</double> 
        </void> 
        <void method="add"> 
         <double>0.5733115994536954</double> 
        </void> 
        <void method="add"> 
         <double>0.5755270586229297</double> 
        </void> 
        <void method="add"> 
         <double>0.5775785013993585</double> 
        </void> 
        <void method="add"> 
         <double>0.5777627722257709</double> 
        </void> 
        <void method="add"> 
         <double>0.5783482825780606</double> 
        </void> 
        <void method="add"> 
         <double>0.5808043532248086</double> 
        </void> 
        <void method="add"> 
         <double>0.580918110593019</double> 
        </void> 
        <void method="add"> 
         <double>0.5753657467934006</double> 
        </void> 
        <void method="add"> 
         <double>0.5789358236332663</double> 
        </void> 
        <void method="add"> 
         <double>0.5760673537950057</double> 
        </void> 
        <void method="add"> 
         <double>0.5612311212570323</double> 
        </void> 
        <void method="add"> 
         <double>0.527713754870736</double> 
        </void> 
       </object> 
      </void> 
      <void property="stdev"> 
       <double>0.014255889783988986</double> 
      </void> 
     </object> 
    </void> 
    <void index="11"> 
     <object class="jmbench.tools.EvaluationMetrics"> 
      <void property="max"> 
       <double>0.07764476319070138</double> 
      </void> 
      <void property="mean"> 
       <double>0.07551455084371349</double> 
      </void> 
      <void property="median"> 
       <double>0.0762454880449619</double> 
      </void> 
      <void property="min"> 
       <double>0.07301575909599028</double> 
      </void> 
      <void property="rawResults"> 
       <object class="java.util.ArrayList"> 
        <void method="add"> 
         <double>0.07301575909599028</double> 
        </void> 
        <void method="add"> 
         <double>0.0772679768382137</double> 
        </void> 
        <void method="add"> 
         <double>0.0762454880449619</double> 
        </void> 
        <void method="add"> 
         <double>0.07764476319070138</double> 
        </void> 
        <void method="add"> 
         <double>0.07339876704870017</double> 
        </void> 
       </object> 
      </void> 
      <void property="stdev"> 
       <double>0.0019425281372143918</double> 
      </void> 
     </object> 
    </void> 
   </array> 
  </void> 
  <void property="opName"> 
   <string>Mult c=a^t * b</string> 
  </void> 
 </object> 
</java> 
