<?xml version="1.0" encoding="UTF-8"?> 
<java version="1.6.0_16" class="java.beans.XMLDecoder"> 
 <object class="jmbench.tools.runtime.OperationResults"> 
  <void property="library"> 
   <object class="jmbench.impl.MatrixLibrary" method="valueOf"> 
    <string>JAMA</string> 
   </object> 
  </void> 
  <void property="matDimen"> 
   <array class="int" length="12"> 
    <void index="0"> 
     <int>2</int> 
    </void> 
    <void index="1"> 
     <int>3</int> 
    </void> 
    <void index="2"> 
     <int>4</int> 
    </void> 
    <void index="3"> 
     <int>5</int> 
    </void> 
    <void index="4"> 
     <int>10</int> 
    </void> 
    <void index="5"> 
     <int>20</int> 
    </void> 
    <void index="6"> 
     <int>50</int> 
    </void> 
    <void index="7"> 
     <int>100</int> 
    </void> 
    <void index="8"> 
     <int>200</int> 
    </void> 
    <void index="9"> 
     <int>500</int> 
    </void> 
    <void index="10"> 
     <int>1000</int> 
    </void> 
    <void index="11"> 
     <int>2000</int> 
    </void> 
   </array> 
  </void> 
  <void property="metrics"> 
   <array class="jmbench.tools.EvaluationMetrics" length="12"> 
    <void index="0"> 
     <object class="jmbench.tools.EvaluationMetrics"> 
      <void property="max"> 
       <double>3917847.137192109</double> 
      </void> 
      <void property="mean"> 
       <double>3879329.775794026</double> 
      </void> 
      <void property="median"> 
       <double>3895653.073183933</double> 
      </void> 
      <void property="min"> 
       <double>3759136.7428053515</double> 
      </void> 
      <void property="rawResults"> 
       <object class="java.util.ArrayList"> 
        <void method="add"> 
         <double>3759136.7428053515</double> 
        </void> 
        <void method="add"> 
         <double>3782121.3505647364</double> 
        </void> 
        <void method="add"> 
         <double>3782791.2435666546</double> 
        </void> 
        <void method="add"> 
         <double>3835042.9432646516</double> 
        </void> 
        <void method="add"> 
         <double>3849211.3004662</double> 
        </void> 
        <void method="add"> 
         <double>3872151.3615512624</double> 
        </void> 
        <void method="add"> 
         <double>3874926.4649774353</double> 
        </void> 
        <void method="add"> 
         <double>3887403.7235328536</double> 
        </void> 
        <void method="add"> 
         <double>3890462.633559839</double> 
        </void> 
        <void method="add"> 
         <double>3890615.4053843226</double> 
        </void> 
        <void method="add"> 
         <double>3894964.2614215477</double> 
        </void> 
        <void method="add"> 
         <double>3895653.073183933</double> 
        </void> 
        <void method="add"> 
         <double>3899766.3940524794</double> 
        </void> 
        <void method="add"> 
         <double>3904764.1185400453</double> 
        </void> 
        <void method="add"> 
         <double>3905408.5035369922</double> 
        </void> 
        <void method="add"> 
         <double>3907561.245038963</double> 
        </void> 
        <void method="add"> 
         <double>3907738.7604924208</double> 
        </void> 
        <void method="add"> 
         <double>3910494.9835431846</double> 
        </void> 
        <void method="add"> 
         <double>3917169.7738111517</double> 
        </void> 
        <void method="add"> 
         <double>3917847.137192109</double> 
        </void> 
        <void method="add"> 
         <double>3905527.3732011328</double> 
        </void> 
        <void method="add"> 
         <double>3882305.528034645</double> 
        </void> 
        <void method="add"> 
         <double>3904008.112832706</double> 
        </void> 
        <void method="add"> 
         <double>3906945.190544641</double> 
        </void> 
        <void method="add"> 
         <double>3899226.7697513737</double> 
        </void> 
       </object> 
      </void> 
      <void property="stdev"> 
       <double>43211.312965167475</double> 
      </void> 
     </object> 
    </void> 
    <void index="1"> 
     <object class="jmbench.tools.EvaluationMetrics"> 
      <void property="max"> 
       <double>2760082.9941523992</double> 
      </void> 
      <void property="mean"> 
       <double>2702295.8399413326</double> 
      </void> 
      <void property="median"> 
       <double>2711956.9048411245</double> 
      </void> 
      <void property="min"> 
       <double>2605862.457266816</double> 
      </void> 
      <void property="rawResults"> 
       <object class="java.util.ArrayList"> 
        <void method="add"> 
         <double>2605862.457266816</double> 
        </void> 
        <void method="add"> 
         <double>2666373.1614772594</double> 
        </void> 
        <void method="add"> 
         <double>2670838.36363434</double> 
        </void> 
        <void method="add"> 
         <double>2671282.7753006862</double> 
        </void> 
        <void method="add"> 
         <double>2673985.113246741</double> 
        </void> 
        <void method="add"> 
         <double>2674170.6900366344</double> 
        </void> 
        <void method="add"> 
         <double>2677249.3072337443</double> 
        </void> 
        <void method="add"> 
         <double>2683765.084843161</double> 
        </void> 
        <void method="add"> 
         <double>2685353.7557423897</double> 
        </void> 
        <void method="add"> 
         <double>2687211.9106440954</double> 
        </void> 
        <void method="add"> 
         <double>2711956.9048411245</double> 
        </void> 
        <void method="add"> 
         <double>2715617.5511691747</double> 
        </void> 
        <void method="add"> 
         <double>2718063.581694742</double> 
        </void> 
        <void method="add"> 
         <double>2722095.3060478796</double> 
        </void> 
        <void method="add"> 
         <double>2723775.7687586495</double> 
        </void> 
        <void method="add"> 
         <double>2729120.296366713</double> 
        </void> 
        <void method="add"> 
         <double>2729276.288507605</double> 
        </void> 
        <void method="add"> 
         <double>2736812.4864388285</double> 
        </void> 
        <void method="add"> 
         <double>2747755.84015751</double> 
        </void> 
        <void method="add"> 
         <double>2760082.9941523992</double> 
        </void> 
        <void method="add"> 
         <double>2638720.0413001548</double> 
        </void> 
        <void method="add"> 
         <double>2696943.1603993624</double> 
        </void> 
        <void method="add"> 
         <double>2745116.9291432234</double> 
        </void> 
        <void method="add"> 
         <double>2737453.640879946</double> 
        </void> 
        <void method="add"> 
         <double>2748512.5892501404</double> 
        </void> 
       </object> 
      </void> 
      <void property="stdev"> 
       <double>37047.509481176196</double> 
      </void> 
     </object> 
    </void> 
    <void index="2"> 
     <object class="jmbench.tools.EvaluationMetrics"> 
      <void property="max"> 
       <double>1931780.1056978926</double> 
      </void> 
      <void property="mean"> 
       <double>1901842.7614903506</double> 
      </void> 
      <void property="median"> 
       <double>1901980.56322027</double> 
      </void> 
      <void property="min"> 
       <double>1832707.4409112884</double> 
      </void> 
      <void property="rawResults"> 
       <object class="java.util.ArrayList"> 
        <void method="add"> 
         <double>1832707.4409112884</double> 
        </void> 
        <void method="add"> 
         <double>1834738.6936563046</double> 
        </void> 
        <void method="add"> 
         <double>1868751.1198526297</double> 
        </void> 
        <void method="add"> 
         <double>1884578.6289810634</double> 
        </void> 
        <void method="add"> 
         <double>1891692.42043266</double> 
        </void> 
        <void method="add"> 
         <double>1895068.0025931012</double> 
        </void> 
        <void method="add"> 
         <double>1896586.803776603</double> 
        </void> 
        <void method="add"> 
         <double>1896587.7854315385</double> 
        </void> 
        <void method="add"> 
         <double>1898112.543471372</double> 
        </void> 
        <void method="add"> 
         <double>1898746.429218809</double> 
        </void> 
        <void method="add"> 
         <double>1898942.376098813</double> 
        </void> 
        <void method="add"> 
         <double>1901414.9682144204</double> 
        </void> 
        <void method="add"> 
         <double>1901980.56322027</double> 
        </void> 
        <void method="add"> 
         <double>1906737.2488081516</double> 
        </void> 
        <void method="add"> 
         <double>1910860.1439978236</double> 
        </void> 
        <void method="add"> 
         <double>1915436.6699284082</double> 
        </void> 
        <void method="add"> 
         <double>1920152.1159326187</double> 
        </void> 
        <void method="add"> 
         <double>1926505.631675338</double> 
        </void> 
        <void method="add"> 
         <double>1927958.9157541632</double> 
        </void> 
        <void method="add"> 
         <double>1931780.1056978926</double> 
        </void> 
        <void method="add"> 
         <double>1918615.2763469864</double> 
        </void> 
        <void method="add"> 
         <double>1914321.5120960234</double> 
        </void> 
        <void method="add"> 
         <double>1925003.9286257918</double> 
        </void> 
        <void method="add"> 
         <double>1928168.9601607835</double> 
        </void> 
        <void method="add"> 
         <double>1920620.7523759142</double> 
        </void> 
       </object> 
      </void> 
      <void property="stdev"> 
       <double>25094.260090725842</double> 
      </void> 
     </object> 
    </void> 
    <void index="3"> 
     <object class="jmbench.tools.EvaluationMetrics"> 
      <void property="max"> 
       <double>1452344.9111175144</double> 
      </void> 
      <void property="mean"> 
       <double>1435587.734108409</double> 
      </void> 
      <void property="median"> 
       <double>1441527.3731663926</double> 
      </void> 
      <void property="min"> 
       <double>1393055.442906451</double> 
      </void> 
      <void property="rawResults"> 
       <object class="java.util.ArrayList"> 
        <void method="add"> 
         <double>1413152.6747540955</double> 
        </void> 
        <void method="add"> 
         <double>1415545.1008832322</double> 
        </void> 
        <void method="add"> 
         <double>1415986.304003417</double> 
        </void> 
        <void method="add"> 
         <double>1417599.8170931526</double> 
        </void> 
        <void method="add"> 
         <double>1417635.1750457056</double> 
        </void> 
        <void method="add"> 
         <double>1439179.0123492624</double> 
        </void> 
        <void method="add"> 
         <double>1441089.607079412</double> 
        </void> 
        <void method="add"> 
         <double>1441372.9705763645</double> 
        </void> 
        <void method="add"> 
         <double>1441385.124529727</double> 
        </void> 
        <void method="add"> 
         <double>1441527.3731663926</double> 
        </void> 
        <void method="add"> 
         <double>1442294.7474480486</double> 
        </void> 
        <void method="add"> 
         <double>1444217.257980709</double> 
        </void> 
        <void method="add"> 
         <double>1444962.7098770505</double> 
        </void> 
        <void method="add"> 
         <double>1446168.2115927727</double> 
        </void> 
        <void method="add"> 
         <double>1446509.9522806816</double> 
        </void> 
        <void method="add"> 
         <double>1446721.260991399</double> 
        </void> 
        <void method="add"> 
         <double>1448197.322784383</double> 
        </void> 
        <void method="add"> 
         <double>1450205.0061267384</double> 
        </void> 
        <void method="add"> 
         <double>1450330.418532138</double> 
        </void> 
        <void method="add"> 
         <double>1452344.9111175144</double> 
        </void> 
        <void method="add"> 
         <double>1437360.9472943898</double> 
        </void> 
        <void method="add"> 
         <double>1414323.6905073943</double> 
        </void> 
        <void method="add"> 
         <double>1393055.442906451</double> 
        </void> 
        <void method="add"> 
         <double>1441634.3476792413</double> 
        </void> 
        <void method="add"> 
         <double>1446893.9661105461</double> 
        </void> 
       </object> 
      </void> 
      <void property="stdev"> 
       <double>15417.766794527039</double> 
      </void> 
     </object> 
    </void> 
    <void index="4"> 
     <object class="jmbench.tools.EvaluationMetrics"> 
      <void property="max"> 
       <double>268422.20059404505</double> 
      </void> 
      <void property="mean"> 
       <double>253676.61010370505</double> 
      </void> 
      <void property="median"> 
       <double>251954.29720316082</double> 
      </void> 
      <void property="min"> 
       <double>244652.7481783448</double> 
      </void> 
      <void property="rawResults"> 
       <object class="java.util.ArrayList"> 
        <void method="add"> 
         <double>244652.7481783448</double> 
        </void> 
        <void method="add"> 
         <double>247015.01914231566</double> 
        </void> 
        <void method="add"> 
         <double>247622.4869357847</double> 
        </void> 
        <void method="add"> 
         <double>248394.9753358975</double> 
        </void> 
        <void method="add"> 
         <double>248573.14399324136</double> 
        </void> 
        <void method="add"> 
         <double>249208.74047735127</double> 
        </void> 
        <void method="add"> 
         <double>249269.56482770602</double> 
        </void> 
        <void method="add"> 
         <double>249282.38698276048</double> 
        </void> 
        <void method="add"> 
         <double>249342.4216469406</double> 
        </void> 
        <void method="add"> 
         <double>249720.37156588302</double> 
        </void> 
        <void method="add"> 
         <double>249814.1554282623</double> 
        </void> 
        <void method="add"> 
         <double>249831.88279722474</double> 
        </void> 
        <void method="add"> 
         <double>251954.29720316082</double> 
        </void> 
        <void method="add"> 
         <double>252322.99416022847</double> 
        </void> 
        <void method="add"> 
         <double>253355.40155160968</double> 
        </void> 
        <void method="add"> 
         <double>253619.33795346058</double> 
        </void> 
        <void method="add"> 
         <double>253942.76587695244</double> 
        </void> 
        <void method="add"> 
         <double>256074.28205791494</double> 
        </void> 
        <void method="add"> 
         <double>263100.793804187</double> 
        </void> 
        <void method="add"> 
         <double>264124.31510414573</double> 
        </void> 
        <void method="add"> 
         <double>257196.34219433638</double> 
        </void> 
        <void method="add"> 
         <double>261409.5220468952</double> 
        </void> 
        <void method="add"> 
         <double>268422.20059404505</double> 
        </void> 
        <void method="add"> 
         <double>257819.83161919273</double> 
        </void> 
        <void method="add"> 
         <double>265845.2711147859</double> 
        </void> 
       </object> 
      </void> 
      <void property="stdev"> 
       <double>6333.362250273512</double> 
      </void> 
     </object> 
    </void> 
    <void index="5"> 
     <object class="jmbench.tools.EvaluationMetrics"> 
      <void property="max"> 
       <double>85190.66177716316</double> 
      </void> 
      <void property="mean"> 
       <double>82913.71977321518</double> 
      </void> 
      <void property="median"> 
       <double>84825.21965399626</double> 
      </void> 
      <void property="min"> 
       <double>72923.64472804655</double> 
      </void> 
      <void property="rawResults"> 
       <object class="java.util.ArrayList"> 
        <void method="add"> 
         <double>72923.64472804655</double> 
        </void> 
        <void method="add"> 
         <double>75425.23899963843</double> 
        </void> 
        <void method="add"> 
         <double>75558.09532194192</double> 
        </void> 
        <void method="add"> 
         <double>76049.81640044434</double> 
        </void> 
        <void method="add"> 
         <double>76946.15898156186</double> 
        </void> 
        <void method="add"> 
         <double>84412.66099162165</double> 
        </void> 
        <void method="add"> 
         <double>84564.51827010277</double> 
        </void> 
        <void method="add"> 
         <double>84580.63027509103</double> 
        </void> 
        <void method="add"> 
         <double>84605.84876500664</double> 
        </void> 
        <void method="add"> 
         <double>84881.16981847495</double> 
        </void> 
        <void method="add"> 
         <double>84948.04387535738</double> 
        </void> 
        <void method="add"> 
         <double>84952.27221157144</double> 
        </void> 
        <void method="add"> 
         <double>85014.24216981762</double> 
        </void> 
        <void method="add"> 
         <double>85041.8410076431</double> 
        </void> 
        <void method="add"> 
         <double>85112.45096680787</double> 
        </void> 
        <void method="add"> 
         <double>85116.51316040131</double> 
        </void> 
        <void method="add"> 
         <double>85134.88509386395</double> 
        </void> 
        <void method="add"> 
         <double>85149.40491669755</double> 
        </void> 
        <void method="add"> 
         <double>85173.9525509127</double> 
        </void> 
        <void method="add"> 
         <double>85190.66177716316</double> 
        </void> 
        <void method="add"> 
         <double>83925.49325537353</double> 
        </void> 
        <void method="add"> 
         <double>83701.29296308775</double> 
        </void> 
        <void method="add"> 
         <double>84661.7673519394</double> 
        </void> 
        <void method="add"> 
         <double>84947.17082381659</double> 
        </void> 
        <void method="add"> 
         <double>84825.21965399626</double> 
        </void> 
       </object> 
      </void> 
      <void property="stdev"> 
       <double>3830.5569454798947</double> 
      </void> 
     </object> 
    </void> 
    <void index="6"> 
     <object class="jmbench.tools.EvaluationMetrics"> 
      <void property="max"> 
       <double>6419.541260334759</double> 
      </void> 
      <void property="mean"> 
       <double>6367.584487946716</double> 
      </void> 
      <void property="median"> 
       <double>6368.108091315641</double> 
      </void> 
      <void property="min"> 
       <double>6315.4344419577255</double> 
      </void> 
      <void property="rawResults"> 
       <object class="java.util.ArrayList"> 
        <void method="add"> 
         <double>6329.06551998513</double> 
        </void> 
        <void method="add"> 
         <double>6333.613716106264</double> 
        </void> 
        <void method="add"> 
         <double>6333.950520547928</double> 
        </void> 
        <void method="add"> 
         <double>6352.603440649916</double> 
        </void> 
        <void method="add"> 
         <double>6357.75492551387</double> 
        </void> 
        <void method="add"> 
         <double>6359.4269325183595</double> 
        </void> 
        <void method="add"> 
         <double>6359.587878860495</double> 
        </void> 
        <void method="add"> 
         <double>6360.065484739335</double> 
        </void> 
        <void method="add"> 
         <double>6363.403764463888</double> 
        </void> 
        <void method="add"> 
         <double>6366.509874822918</double> 
        </void> 
        <void method="add"> 
         <double>6368.108091315641</double> 
        </void> 
        <void method="add"> 
         <double>6369.466054957988</double> 
        </void> 
        <void method="add"> 
         <double>6374.415161650202</double> 
        </void> 
        <void method="add"> 
         <double>6377.546396766969</double> 
        </void> 
        <void method="add"> 
         <double>6381.036393432295</double> 
        </void> 
        <void method="add"> 
         <double>6384.979349081846</double> 
        </void> 
        <void method="add"> 
         <double>6387.753770325779</double> 
        </void> 
        <void method="add"> 
         <double>6393.0457113684615</double> 
        </void> 
        <void method="add"> 
         <double>6403.800480295238</double> 
        </void> 
        <void method="add"> 
         <double>6419.541260334759</double> 
        </void> 
        <void method="add"> 
         <double>6368.4246559647445</double> 
        </void> 
        <void method="add"> 
         <double>6348.126330544818</double> 
        </void> 
        <void method="add"> 
         <double>6372.435952900598</double> 
        </void> 
        <void method="add"> 
         <double>6315.4344419577255</double> 
        </void> 
        <void method="add"> 
         <double>6409.516089562779</double> 
        </void> 
       </object> 
      </void> 
      <void property="stdev"> 
       <double>24.393322425417242</double> 
      </void> 
     </object> 
    </void> 
    <void index="7"> 
     <object class="jmbench.tools.EvaluationMetrics"> 
      <void property="max"> 
       <double>823.4710041935645</double> 
      </void> 
      <void property="mean"> 
       <double>818.6935024252424</double> 
      </void> 
      <void property="median"> 
       <double>818.8060299093753</double> 
      </void> 
      <void property="min"> 
       <double>815.3384063715536</double> 
      </void> 
      <void property="rawResults"> 
       <object class="java.util.ArrayList"> 
        <void method="add"> 
         <double>815.3384063715536</double> 
        </void> 
        <void method="add"> 
         <double>815.3572917585094</double> 
        </void> 
        <void method="add"> 
         <double>815.808976656491</double> 
        </void> 
        <void method="add"> 
         <double>817.0675502986941</double> 
        </void> 
        <void method="add"> 
         <double>817.6091307810386</double> 
        </void> 
        <void method="add"> 
         <double>817.9423425787595</double> 
        </void> 
        <void method="add"> 
         <double>818.0948552554374</double> 
        </void> 
        <void method="add"> 
         <double>818.1516285588523</double> 
        </void> 
        <void method="add"> 
         <double>818.3862702481852</double> 
        </void> 
        <void method="add"> 
         <double>818.5259531498111</double> 
        </void> 
        <void method="add"> 
         <double>818.8060299093753</double> 
        </void> 
        <void method="add"> 
         <double>818.9889271161449</double> 
        </void> 
        <void method="add"> 
         <double>819.0468489990106</double> 
        </void> 
        <void method="add"> 
         <double>819.28313230559</double> 
        </void> 
        <void method="add"> 
         <double>819.3255846441518</double> 
        </void> 
        <void method="add"> 
         <double>819.6006512218934</double> 
        </void> 
        <void method="add"> 
         <double>819.8374877323315</double> 
        </void> 
        <void method="add"> 
         <double>820.6719111153467</double> 
        </void> 
        <void method="add"> 
         <double>821.0056754023806</double> 
        </void> 
        <void method="add"> 
         <double>823.4710041935645</double> 
        </void> 
        <void method="add"> 
         <double>819.0778074589365</double> 
        </void> 
        <void method="add"> 
         <double>819.5386447009629</double> 
        </void> 
        <void method="add"> 
         <double>817.8827662076358</double> 
        </void> 
        <void method="add"> 
         <double>817.8664135167261</double> 
        </void> 
        <void method="add"> 
         <double>820.6522704496784</double> 
        </void> 
       </object> 
      </void> 
      <void property="stdev"> 
       <double>1.7560663235357439</double> 
      </void> 
     </object> 
    </void> 
    <void index="8"> 
     <object class="jmbench.tools.EvaluationMetrics"> 
      <void property="max"> 
       <double>103.8469575816644</double> 
      </void> 
      <void property="mean"> 
       <double>103.45003416901551</double> 
      </void> 
      <void property="median"> 
       <double>103.58085172796076</double> 
      </void> 
      <void property="min"> 
       <double>102.67985915618384</double> 
      </void> 
      <void property="rawResults"> 
       <object class="java.util.ArrayList"> 
        <void method="add"> 
         <double>102.67985915618384</double> 
        </void> 
        <void method="add"> 
         <double>102.75097660339081</double> 
        </void> 
        <void method="add"> 
         <double>102.98711023626993</double> 
        </void> 
        <void method="add"> 
         <double>103.02783711390946</double> 
        </void> 
        <void method="add"> 
         <double>103.09593771971208</double> 
        </void> 
        <void method="add"> 
         <double>103.14308692307432</double> 
        </void> 
        <void method="add"> 
         <double>103.19282026775132</double> 
        </void> 
        <void method="add"> 
         <double>103.42757505239719</double> 
        </void> 
        <void method="add"> 
         <double>103.48294113765199</double> 
        </void> 
        <void method="add"> 
         <double>103.49780358325675</double> 
        </void> 
        <void method="add"> 
         <double>103.49956571081422</double> 
        </void> 
        <void method="add"> 
         <double>103.53330578194817</double> 
        </void> 
        <void method="add"> 
         <double>103.58085172796076</double> 
        </void> 
        <void method="add"> 
         <double>103.59747294390165</double> 
        </void> 
        <void method="add"> 
         <double>103.62902159379334</double> 
        </void> 
        <void method="add"> 
         <double>103.63851709812211</double> 
        </void> 
        <void method="add"> 
         <double>103.67126922177795</double> 
        </void> 
        <void method="add"> 
         <double>103.67930237428493</double> 
        </void> 
        <void method="add"> 
         <double>103.79158879796488</double> 
        </void> 
        <void method="add"> 
         <double>103.8469575816644</double> 
        </void> 
        <void method="add"> 
         <double>103.79537273134001</double> 
        </void> 
        <void method="add"> 
         <double>103.7185841341108</double> 
        </void> 
        <void method="add"> 
         <double>103.81165555144956</double> 
        </void> 
        <void method="add"> 
         <double>103.58743520879007</double> 
        </void> 
        <void method="add"> 
         <double>103.58400597386748</double> 
        </void> 
       </object> 
      </void> 
      <void property="stdev"> 
       <double>0.323389688170835</double> 
      </void> 
     </object> 
    </void> 
    <void index="9"> 
     <object class="jmbench.tools.EvaluationMetrics"> 
      <void property="max"> 
       <double>6.48222679414512</double> 
      </void> 
      <void property="mean"> 
       <double>6.042674155625226</double> 
      </void> 
      <void property="median"> 
       <double>6.091299121969475</double> 
      </void> 
      <void property="min"> 
       <double>5.378614884853476</double> 
      </void> 
      <void property="rawResults"> 
       <object class="java.util.ArrayList"> 
        <void method="add"> 
         <double>5.378614884853476</double> 
        </void> 
        <void method="add"> 
         <double>5.547936982492855</double> 
        </void> 
        <void method="add"> 
         <double>5.749904773511112</double> 
        </void> 
        <void method="add"> 
         <double>5.772513613264015</double> 
        </void> 
        <void method="add"> 
         <double>5.821912543774698</double> 
        </void> 
        <void method="add"> 
         <double>5.8326335521227755</double> 
        </void> 
        <void method="add"> 
         <double>5.832697356806033</double> 
        </void> 
        <void method="add"> 
         <double>5.8467302995805</double> 
        </void> 
        <void method="add"> 
         <double>6.0614180977678584</double> 
        </void> 
        <void method="add"> 
         <double>6.091299121969475</double> 
        </void> 
        <void method="add"> 
         <double>6.095659798788366</double> 
        </void> 
        <void method="add"> 
         <double>6.197684221999861</double> 
        </void> 
        <void method="add"> 
         <double>6.20867514875308</double> 
        </void> 
        <void method="add"> 
         <double>6.220065103935175</double> 
        </void> 
        <void method="add"> 
         <double>6.24294766284343</double> 
        </void> 
        <void method="add"> 
         <double>6.293122439370215</double> 
        </void> 
        <void method="add"> 
         <double>6.353798933346543</double> 
        </void> 
        <void method="add"> 
         <double>6.4323410561020635</double> 
        </void> 
        <void method="add"> 
         <double>6.464910840662266</double> 
        </void> 
        <void method="add"> 
         <double>6.48222679414512</double> 
        </void> 
        <void method="add"> 
         <double>6.235745733442709</double> 
        </void> 
        <void method="add"> 
         <double>6.2194658637738645</double> 
        </void> 
        <void method="add"> 
         <double>5.946421153642628</double> 
        </void> 
        <void method="add"> 
         <double>6.079278433312695</double> 
        </void> 
        <void method="add"> 
         <double>5.658849480369891</double> 
        </void> 
       </object> 
      </void> 
      <void property="stdev"> 
       <double>0.28689882042320153</double> 
      </void> 
     </object> 
    </void> 
    <void index="10"> 
     <object class="jmbench.tools.EvaluationMetrics"> 
      <void property="max"> 
       <double>0.5840148760899974</double> 
      </void> 
      <void property="mean"> 
       <double>0.5690888953945787</double> 
      </void> 
      <void property="median"> 
       <double>0.5669319085569491</double> 
      </void> 
      <void property="min"> 
       <double>0.5507032868668403</double> 
      </void> 
      <void property="rawResults"> 
       <object class="java.util.ArrayList"> 
        <void method="add"> 
         <double>0.5507032868668403</double> 
        </void> 
        <void method="add"> 
         <double>0.5553872223166982</double> 
        </void> 
        <void method="add"> 
         <double>0.5604689701464755</double> 
        </void> 
        <void method="add"> 
         <double>0.5631130138190543</double> 
        </void> 
        <void method="add"> 
         <double>0.5643384111524442</double> 
        </void> 
        <void method="add"> 
         <double>0.564440513394726</double> 
        </void> 
        <void method="add"> 
         <double>0.5647481111604099</double> 
        </void> 
        <void method="add"> 
         <double>0.5653314435433838</double> 
        </void> 
        <void method="add"> 
         <double>0.5655494387563154</double> 
        </void> 
        <void method="add"> 
         <double>0.5661692502359501</double> 
        </void> 
        <void method="add"> 
         <double>0.566828690046957</double> 
        </void> 
        <void method="add"> 
         <double>0.5716619651657455</double> 
        </void> 
        <void method="add"> 
         <double>0.5742425571700055</double> 
        </void> 
        <void method="add"> 
         <double>0.5755395047461382</double> 
        </void> 
        <void method="add"> 
         <double>0.575679051817824</double> 
        </void> 
        <void method="add"> 
         <double>0.576716706890278</double> 
        </void> 
        <void method="add"> 
         <double>0.5775229621851996</double> 
        </void> 
        <void method="add"> 
         <double>0.5780018250159085</double> 
        </void> 
        <void method="add"> 
         <double>0.5788173307711684</double> 
        </void> 
        <void method="add"> 
         <double>0.5840148760899974</double> 
        </void> 
        <void method="add"> 
         <double>0.5815773651389895</double> 
        </void> 
        <void method="add"> 
         <double>0.5669319085569491</double> 
        </void> 
        <void method="add"> 
         <double>0.5753552386003137</double> 
        </void> 
        <void method="add"> 
         <double>0.567741914971905</double> 
        </void> 
        <void method="add"> 
         <double>0.5563408263047894</double> 
        </void> 
       </object> 
      </void> 
      <void property="stdev"> 
       <double>0.008361081229789905</double> 
      </void> 
     </object> 
    </void> 
    <void index="11"> 
     <object class="jmbench.tools.EvaluationMetrics"> 
      <void property="max"> 
       <double>0.0787069400529142</double> 
      </void> 
      <void property="mean"> 
       <double>0.07629626586331896</double> 
      </void> 
      <void property="median"> 
       <double>0.07597722594656654</double> 
      </void> 
      <void property="min"> 
       <double>0.0741413859179903</double> 
      </void> 
      <void property="rawResults"> 
       <object class="java.util.ArrayList"> 
        <void method="add"> 
         <double>0.0741413859179903</double> 
        </void> 
        <void method="add"> 
         <double>0.07597722594656654</double> 
        </void> 
        <void method="add"> 
         <double>0.07830087209041725</double> 
        </void> 
        <void method="add"> 
         <double>0.0787069400529142</double> 
        </void> 
        <void method="add"> 
         <double>0.0743549053087065</double> 
        </void> 
       </object> 
      </void> 
      <void property="stdev"> 
       <double>0.0019154096702464543</double> 
      </void> 
     </object> 
    </void> 
   </array> 
  </void> 
  <void property="opName"> 
   <string>Mult c=a*b</string> 
  </void> 
 </object> 
</java> 
