<?xml version="1.0" encoding="UTF-8"?> 
<java version="1.6.0_16" class="java.beans.XMLDecoder"> 
 <object class="jmbench.tools.runtime.OperationResults"> 
  <void property="library"> 
   <object class="jmbench.impl.MatrixLibrary" method="valueOf"> 
    <string>JAMA</string> 
   </object> 
  </void> 
  <void property="matDimen"> 
   <array class="int" length="12"> 
    <void index="0"> 
     <int>2</int> 
    </void> 
    <void index="1"> 
     <int>3</int> 
    </void> 
    <void index="2"> 
     <int>4</int> 
    </void> 
    <void index="3"> 
     <int>5</int> 
    </void> 
    <void index="4"> 
     <int>10</int> 
    </void> 
    <void index="5"> 
     <int>20</int> 
    </void> 
    <void index="6"> 
     <int>50</int> 
    </void> 
    <void index="7"> 
     <int>100</int> 
    </void> 
    <void index="8"> 
     <int>200</int> 
    </void> 
    <void index="9"> 
     <int>500</int> 
    </void> 
    <void index="10"> 
     <int>1000</int> 
    </void> 
    <void index="11"> 
     <int>2000</int> 
    </void> 
   </array> 
  </void> 
  <void property="metrics"> 
   <array class="jmbench.tools.EvaluationMetrics" length="12"> 
    <void index="0"> 
     <object class="jmbench.tools.EvaluationMetrics"> 
      <void property="max"> 
       <double>3044273.228009521</double> 
      </void> 
      <void property="mean"> 
       <double>2939137.518712118</double> 
      </void> 
      <void property="median"> 
       <double>2973580.4436810655</double> 
      </void> 
      <void property="min"> 
       <double>2757139.6407902194</double> 
      </void> 
      <void property="rawResults"> 
       <object class="java.util.ArrayList"> 
        <void method="add"> 
         <double>2757139.6407902194</double> 
        </void> 
        <void method="add"> 
         <double>2757500.318294963</double> 
        </void> 
        <void method="add"> 
         <double>2758442.9852494923</double> 
        </void> 
        <void method="add"> 
         <double>2760535.4727646573</double> 
        </void> 
        <void method="add"> 
         <double>2771847.3210227876</double> 
        </void> 
        <void method="add"> 
         <double>2932015.8670797544</double> 
        </void> 
        <void method="add"> 
         <double>2932435.3544516824</double> 
        </void> 
        <void method="add"> 
         <double>2934056.9182561114</double> 
        </void> 
        <void method="add"> 
         <double>2934705.843588445</double> 
        </void> 
        <void method="add"> 
         <double>2951959.69001201</double> 
        </void> 
        <void method="add"> 
         <double>2969521.732809357</double> 
        </void> 
        <void method="add"> 
         <double>2973580.4436810655</double> 
        </void> 
        <void method="add"> 
         <double>2976157.4024519147</double> 
        </void> 
        <void method="add"> 
         <double>2981802.4212948615</double> 
        </void> 
        <void method="add"> 
         <double>2994610.0869572074</double> 
        </void> 
        <void method="add"> 
         <double>3006169.421450186</double> 
        </void> 
        <void method="add"> 
         <double>3021588.9260726683</double> 
        </void> 
        <void method="add"> 
         <double>3023399.816630456</double> 
        </void> 
        <void method="add"> 
         <double>3035188.9747284</double> 
        </void> 
        <void method="add"> 
         <double>3044273.228009521</double> 
        </void> 
        <void method="add"> 
         <double>3025325.906573028</double> 
        </void> 
        <void method="add"> 
         <double>3025317.055145907</double> 
        </void> 
        <void method="add"> 
         <double>3014317.9544874188</double> 
        </void> 
        <void method="add"> 
         <double>2983729.3586055078</double> 
        </void> 
        <void method="add"> 
         <double>2912815.827395324</double> 
        </void> 
       </object> 
      </void> 
      <void property="stdev"> 
       <double>95748.26519214729</double> 
      </void> 
     </object> 
    </void> 
    <void index="1"> 
     <object class="jmbench.tools.EvaluationMetrics"> 
      <void property="max"> 
       <double>1963566.6223265978</double> 
      </void> 
      <void property="mean"> 
       <double>1913948.063193187</double> 
      </void> 
      <void property="median"> 
       <double>1916306.893146366</double> 
      </void> 
      <void property="min"> 
       <double>1836151.6294989402</double> 
      </void> 
      <void property="rawResults"> 
       <object class="java.util.ArrayList"> 
        <void method="add"> 
         <double>1896362.7246702653</double> 
        </void> 
        <void method="add"> 
         <double>1905659.8626398614</double> 
        </void> 
        <void method="add"> 
         <double>1907664.633055037</double> 
        </void> 
        <void method="add"> 
         <double>1908221.7483305626</double> 
        </void> 
        <void method="add"> 
         <double>1908456.7790492352</double> 
        </void> 
        <void method="add"> 
         <double>1909729.3723926644</double> 
        </void> 
        <void method="add"> 
         <double>1915980.9915718888</double> 
        </void> 
        <void method="add"> 
         <double>1916306.893146366</double> 
        </void> 
        <void method="add"> 
         <double>1917983.7522408105</double> 
        </void> 
        <void method="add"> 
         <double>1923529.5263715053</double> 
        </void> 
        <void method="add"> 
         <double>1937748.3543972704</double> 
        </void> 
        <void method="add"> 
         <double>1939381.8201728903</double> 
        </void> 
        <void method="add"> 
         <double>1940992.7405897493</double> 
        </void> 
        <void method="add"> 
         <double>1950546.7173546548</double> 
        </void> 
        <void method="add"> 
         <double>1952372.8163572391</double> 
        </void> 
        <void method="add"> 
         <double>1956061.2545296887</double> 
        </void> 
        <void method="add"> 
         <double>1957815.3568821691</double> 
        </void> 
        <void method="add"> 
         <double>1958151.2379947542</double> 
        </void> 
        <void method="add"> 
         <double>1958329.6842926708</double> 
        </void> 
        <void method="add"> 
         <double>1963566.6223265978</double> 
        </void> 
        <void method="add"> 
         <double>1849396.5100689651</double> 
        </void> 
        <void method="add"> 
         <double>1849423.8347027984</double> 
        </void> 
        <void method="add"> 
         <double>1836151.6294989402</double> 
        </void> 
        <void method="add"> 
         <double>1852193.7638142302</double> 
        </void> 
        <void method="add"> 
         <double>1836672.9533788664</double> 
        </void> 
       </object> 
      </void> 
      <void property="stdev"> 
       <double>39813.42927372772</double> 
      </void> 
     </object> 
    </void> 
    <void index="2"> 
     <object class="jmbench.tools.EvaluationMetrics"> 
      <void property="max"> 
       <double>1304446.308957552</double> 
      </void> 
      <void property="mean"> 
       <double>1290237.7753628166</double> 
      </void> 
      <void property="median"> 
       <double>1289351.541813407</double> 
      </void> 
      <void property="min"> 
       <double>1278723.029760816</double> 
      </void> 
      <void property="rawResults"> 
       <object class="java.util.ArrayList"> 
        <void method="add"> 
         <double>1278723.029760816</double> 
        </void> 
        <void method="add"> 
         <double>1280074.9957809607</double> 
        </void> 
        <void method="add"> 
         <double>1280318.9424422118</double> 
        </void> 
        <void method="add"> 
         <double>1282684.9622774655</double> 
        </void> 
        <void method="add"> 
         <double>1283604.3409901285</double> 
        </void> 
        <void method="add"> 
         <double>1285071.766532202</double> 
        </void> 
        <void method="add"> 
         <double>1285709.669502484</double> 
        </void> 
        <void method="add"> 
         <double>1286079.980451264</double> 
        </void> 
        <void method="add"> 
         <double>1288788.0209649066</double> 
        </void> 
        <void method="add"> 
         <double>1289634.72860431</double> 
        </void> 
        <void method="add"> 
         <double>1293162.288894617</double> 
        </void> 
        <void method="add"> 
         <double>1293376.6300852785</double> 
        </void> 
        <void method="add"> 
         <double>1295048.9870649592</double> 
        </void> 
        <void method="add"> 
         <double>1295929.2941457385</double> 
        </void> 
        <void method="add"> 
         <double>1295975.7666932559</double> 
        </void> 
        <void method="add"> 
         <double>1297216.062019543</double> 
        </void> 
        <void method="add"> 
         <double>1298027.9602901638</double> 
        </void> 
        <void method="add"> 
         <double>1299066.0009004583</double> 
        </void> 
        <void method="add"> 
         <double>1301302.2695366575</double> 
        </void> 
        <void method="add"> 
         <double>1304446.308957552</double> 
        </void> 
        <void method="add"> 
         <double>1281858.3265173365</double> 
        </void> 
        <void method="add"> 
         <double>1289101.4475991034</double> 
        </void> 
        <void method="add"> 
         <double>1287696.172477563</double> 
        </void> 
        <void method="add"> 
         <double>1289351.541813407</double> 
        </void> 
        <void method="add"> 
         <double>1293694.8897680417</double> 
        </void> 
       </object> 
      </void> 
      <void property="stdev"> 
       <double>6961.1688858945945</double> 
      </void> 
     </object> 
    </void> 
    <void index="3"> 
     <object class="jmbench.tools.EvaluationMetrics"> 
      <void property="max"> 
       <double>891929.3927546912</double> 
      </void> 
      <void property="mean"> 
       <double>877054.8937711092</double> 
      </void> 
      <void property="median"> 
       <double>878259.6324294169</double> 
      </void> 
      <void property="min"> 
       <double>858098.0334264353</double> 
      </void> 
      <void property="rawResults"> 
       <object class="java.util.ArrayList"> 
        <void method="add"> 
         <double>858098.0334264353</double> 
        </void> 
        <void method="add"> 
         <double>862466.5927203889</double> 
        </void> 
        <void method="add"> 
         <double>865689.6335254333</double> 
        </void> 
        <void method="add"> 
         <double>870547.4362733334</double> 
        </void> 
        <void method="add"> 
         <double>870921.4573470417</double> 
        </void> 
        <void method="add"> 
         <double>871160.4414932844</double> 
        </void> 
        <void method="add"> 
         <double>871373.035662249</double> 
        </void> 
        <void method="add"> 
         <double>872352.474082423</double> 
        </void> 
        <void method="add"> 
         <double>872421.7307215921</double> 
        </void> 
        <void method="add"> 
         <double>876089.0780776388</double> 
        </void> 
        <void method="add"> 
         <double>877692.286376716</double> 
        </void> 
        <void method="add"> 
         <double>878259.6324294169</double> 
        </void> 
        <void method="add"> 
         <double>879488.072483315</double> 
        </void> 
        <void method="add"> 
         <double>880377.0757680018</double> 
        </void> 
        <void method="add"> 
         <double>882085.1063240961</double> 
        </void> 
        <void method="add"> 
         <double>882332.6868118218</double> 
        </void> 
        <void method="add"> 
         <double>883033.6959637958</double> 
        </void> 
        <void method="add"> 
         <double>885048.8133480506</double> 
        </void> 
        <void method="add"> 
         <double>887650.3198165228</double> 
        </void> 
        <void method="add"> 
         <double>889660.1973971345</double> 
        </void> 
        <void method="add"> 
         <double>880853.246191942</double> 
        </void> 
        <void method="add"> 
         <double>877197.6743066951</double> 
        </void> 
        <void method="add"> 
         <double>891929.3927546912</double> 
        </void> 
        <void method="add"> 
         <double>880884.7243809811</double> 
        </void> 
        <void method="add"> 
         <double>878759.5065947406</double> 
        </void> 
       </object> 
      </void> 
      <void property="stdev"> 
       <double>7972.218273250366</double> 
      </void> 
     </object> 
    </void> 
    <void index="4"> 
     <object class="jmbench.tools.EvaluationMetrics"> 
      <void property="max"> 
       <double>217933.65937104542</double> 
      </void> 
      <void property="mean"> 
       <double>216454.51642482824</double> 
      </void> 
      <void property="median"> 
       <double>216325.54250822755</double> 
      </void> 
      <void property="min"> 
       <double>215029.9721648431</double> 
      </void> 
      <void property="rawResults"> 
       <object class="java.util.ArrayList"> 
        <void method="add"> 
         <double>215666.55118395764</double> 
        </void> 
        <void method="add"> 
         <double>215668.49989539816</double> 
        </void> 
        <void method="add"> 
         <double>215802.42255409414</double> 
        </void> 
        <void method="add"> 
         <double>215811.59484680076</double> 
        </void> 
        <void method="add"> 
         <double>215963.1748483713</double> 
        </void> 
        <void method="add"> 
         <double>216007.71223522827</double> 
        </void> 
        <void method="add"> 
         <double>216096.29779195925</double> 
        </void> 
        <void method="add"> 
         <double>216120.76598823</double> 
        </void> 
        <void method="add"> 
         <double>216257.6770557333</double> 
        </void> 
        <void method="add"> 
         <double>216325.54250822755</double> 
        </void> 
        <void method="add"> 
         <double>216415.32989033588</double> 
        </void> 
        <void method="add"> 
         <double>216554.39883378247</double> 
        </void> 
        <void method="add"> 
         <double>216557.0553961752</double> 
        </void> 
        <void method="add"> 
         <double>216919.82948040043</double> 
        </void> 
        <void method="add"> 
         <double>216935.17150844028</double> 
        </void> 
        <void method="add"> 
         <double>217110.34426860313</double> 
        </void> 
        <void method="add"> 
         <double>217190.80320729053</double> 
        </void> 
        <void method="add"> 
         <double>217809.75593707766</double> 
        </void> 
        <void method="add"> 
         <double>217829.24143400585</double> 
        </void> 
        <void method="add"> 
         <double>217933.65937104542</double> 
        </void> 
        <void method="add"> 
         <double>215029.9721648431</double> 
        </void> 
        <void method="add"> 
         <double>216742.6155461783</double> 
        </void> 
        <void method="add"> 
         <double>215733.5471836009</double> 
        </void> 
        <void method="add"> 
         <double>217269.15974592025</double> 
        </void> 
        <void method="add"> 
         <double>215611.78774500513</double> 
        </void> 
       </object> 
      </void> 
      <void property="stdev"> 
       <double>753.0097694671483</double> 
      </void> 
     </object> 
    </void> 
    <void index="5"> 
     <object class="jmbench.tools.EvaluationMetrics"> 
      <void property="max"> 
       <double>48577.5550901392</double> 
      </void> 
      <void property="mean"> 
       <double>48314.11104497851</double> 
      </void> 
      <void property="median"> 
       <double>48304.572754406385</double> 
      </void> 
      <void property="min"> 
       <double>47902.5411662314</double> 
      </void> 
      <void property="rawResults"> 
       <object class="java.util.ArrayList"> 
        <void method="add"> 
         <double>48021.12962408201</double> 
        </void> 
        <void method="add"> 
         <double>48101.839253180915</double> 
        </void> 
        <void method="add"> 
         <double>48160.80449417632</double> 
        </void> 
        <void method="add"> 
         <double>48166.03502518611</double> 
        </void> 
        <void method="add"> 
         <double>48207.52328980649</double> 
        </void> 
        <void method="add"> 
         <double>48244.07531608147</double> 
        </void> 
        <void method="add"> 
         <double>48261.10454005238</double> 
        </void> 
        <void method="add"> 
         <double>48271.79355745707</double> 
        </void> 
        <void method="add"> 
         <double>48279.94599056386</double> 
        </void> 
        <void method="add"> 
         <double>48287.17991735627</double> 
        </void> 
        <void method="add"> 
         <double>48304.572754406385</double> 
        </void> 
        <void method="add"> 
         <double>48314.36203622341</double> 
        </void> 
        <void method="add"> 
         <double>48391.33319334796</double> 
        </void> 
        <void method="add"> 
         <double>48425.59003025727</double> 
        </void> 
        <void method="add"> 
         <double>48437.21061190583</double> 
        </void> 
        <void method="add"> 
         <double>48448.3332670858</double> 
        </void> 
        <void method="add"> 
         <double>48477.54992871831</double> 
        </void> 
        <void method="add"> 
         <double>48514.131832091734</double> 
        </void> 
        <void method="add"> 
         <double>48525.061960423765</double> 
        </void> 
        <void method="add"> 
         <double>48577.5550901392</double> 
        </void> 
        <void method="add"> 
         <double>48170.34965341419</double> 
        </void> 
        <void method="add"> 
         <double>47902.5411662314</double> 
        </void> 
        <void method="add"> 
         <double>48490.26022874401</double> 
        </void> 
        <void method="add"> 
         <double>48428.99117138403</double> 
        </void> 
        <void method="add"> 
         <double>48443.50219214675</double> 
        </void> 
       </object> 
      </void> 
      <void property="stdev"> 
       <double>165.21326144510644</double> 
      </void> 
     </object> 
    </void> 
    <void index="6"> 
     <object class="jmbench.tools.EvaluationMetrics"> 
      <void property="max"> 
       <double>4523.996637466903</double> 
      </void> 
      <void property="mean"> 
       <double>4506.882401478291</double> 
      </void> 
      <void property="median"> 
       <double>4509.947229488379</double> 
      </void> 
      <void property="min"> 
       <double>4479.957824273682</double> 
      </void> 
      <void property="rawResults"> 
       <object class="java.util.ArrayList"> 
        <void method="add"> 
         <double>4479.957824273682</double> 
        </void> 
        <void method="add"> 
         <double>4487.527056002724</double> 
        </void> 
        <void method="add"> 
         <double>4488.824621820071</double> 
        </void> 
        <void method="add"> 
         <double>4489.449058295477</double> 
        </void> 
        <void method="add"> 
         <double>4492.818292137415</double> 
        </void> 
        <void method="add"> 
         <double>4492.982907271006</double> 
        </void> 
        <void method="add"> 
         <double>4494.585496903639</double> 
        </void> 
        <void method="add"> 
         <double>4496.248918797598</double> 
        </void> 
        <void method="add"> 
         <double>4505.055179537431</double> 
        </void> 
        <void method="add"> 
         <double>4507.967527486925</double> 
        </void> 
        <void method="add"> 
         <double>4509.947229488379</double> 
        </void> 
        <void method="add"> 
         <double>4510.933862218946</double> 
        </void> 
        <void method="add"> 
         <double>4511.023967994367</double> 
        </void> 
        <void method="add"> 
         <double>4513.466682475642</double> 
        </void> 
        <void method="add"> 
         <double>4513.7519824813235</double> 
        </void> 
        <void method="add"> 
         <double>4516.883988929373</double> 
        </void> 
        <void method="add"> 
         <double>4519.936083191029</double> 
        </void> 
        <void method="add"> 
         <double>4520.339364703991</double> 
        </void> 
        <void method="add"> 
         <double>4520.803765756991</double> 
        </void> 
        <void method="add"> 
         <double>4522.577620585505</double> 
        </void> 
        <void method="add"> 
         <double>4520.745805010824</double> 
        </void> 
        <void method="add"> 
         <double>4505.809212447023</double> 
        </void> 
        <void method="add"> 
         <double>4508.573550891448</double> 
        </void> 
        <void method="add"> 
         <double>4517.853400789581</double> 
        </void> 
        <void method="add"> 
         <double>4523.996637466903</double> 
        </void> 
       </object> 
      </void> 
      <void property="stdev"> 
       <double>12.686997029666532</double> 
      </void> 
     </object> 
    </void> 
    <void index="7"> 
     <object class="jmbench.tools.EvaluationMetrics"> 
      <void property="max"> 
       <double>621.0752794606948</double> 
      </void> 
      <void property="mean"> 
       <double>606.939359748585</double> 
      </void> 
      <void property="median"> 
       <double>615.2333105780822</double> 
      </void> 
      <void property="min"> 
       <double>554.2633293980177</double> 
      </void> 
      <void property="rawResults"> 
       <object class="java.util.ArrayList"> 
        <void method="add"> 
         <double>554.2633293980177</double> 
        </void> 
        <void method="add"> 
         <double>554.5171165146004</double> 
        </void> 
        <void method="add"> 
         <double>557.2153875486194</double> 
        </void> 
        <void method="add"> 
         <double>598.2899884089871</double> 
        </void> 
        <void method="add"> 
         <double>598.5554245269861</double> 
        </void> 
        <void method="add"> 
         <double>605.8620918939432</double> 
        </void> 
        <void method="add"> 
         <double>609.8985776783982</double> 
        </void> 
        <void method="add"> 
         <double>612.0743208936324</double> 
        </void> 
        <void method="add"> 
         <double>612.7273378901812</double> 
        </void> 
        <void method="add"> 
         <double>613.5555296082391</double> 
        </void> 
        <void method="add"> 
         <double>615.2333105780822</double> 
        </void> 
        <void method="add"> 
         <double>615.3998487381974</double> 
        </void> 
        <void method="add"> 
         <double>615.8537807501403</double> 
        </void> 
        <void method="add"> 
         <double>616.5378886163171</double> 
        </void> 
        <void method="add"> 
         <double>617.0237975102312</double> 
        </void> 
        <void method="add"> 
         <double>617.2433079155353</double> 
        </void> 
        <void method="add"> 
         <double>617.3668546497375</double> 
        </void> 
        <void method="add"> 
         <double>617.7600659971903</double> 
        </void> 
        <void method="add"> 
         <double>620.9942637734913</double> 
        </void> 
        <void method="add"> 
         <double>621.0752794606948</double> 
        </void> 
        <void method="add"> 
         <double>612.6094611222147</double> 
        </void> 
        <void method="add"> 
         <double>612.4856779654754</double> 
        </void> 
        <void method="add"> 
         <double>620.4742681151547</double> 
        </void> 
        <void method="add"> 
         <double>615.9627857515085</double> 
        </void> 
        <void method="add"> 
         <double>620.5042984090511</double> 
        </void> 
       </object> 
      </void> 
      <void property="stdev"> 
       <double>19.908336296093744</double> 
      </void> 
     </object> 
    </void> 
    <void index="8"> 
     <object class="jmbench.tools.EvaluationMetrics"> 
      <void property="max"> 
       <double>57.54368818770588</double> 
      </void> 
      <void property="mean"> 
       <double>56.04169669974144</double> 
      </void> 
      <void property="median"> 
       <double>56.16477063201249</double> 
      </void> 
      <void property="min"> 
       <double>54.43472043284542</double> 
      </void> 
      <void property="rawResults"> 
       <object class="java.util.ArrayList"> 
        <void method="add"> 
         <double>54.43472043284542</double> 
        </void> 
        <void method="add"> 
         <double>54.69175628684615</double> 
        </void> 
        <void method="add"> 
         <double>54.70898236855029</double> 
        </void> 
        <void method="add"> 
         <double>54.8916939671172</double> 
        </void> 
        <void method="add"> 
         <double>55.28707038926087</double> 
        </void> 
        <void method="add"> 
         <double>55.667439082437525</double> 
        </void> 
        <void method="add"> 
         <double>55.84888484287525</double> 
        </void> 
        <void method="add"> 
         <double>55.84955110162019</double> 
        </void> 
        <void method="add"> 
         <double>55.877447853255944</double> 
        </void> 
        <void method="add"> 
         <double>56.07375758898981</double> 
        </void> 
        <void method="add"> 
         <double>56.10390896580004</double> 
        </void> 
        <void method="add"> 
         <double>56.16477063201249</double> 
        </void> 
        <void method="add"> 
         <double>56.29133356251989</double> 
        </void> 
        <void method="add"> 
         <double>56.30806860334435</double> 
        </void> 
        <void method="add"> 
         <double>56.32434146736617</double> 
        </void> 
        <void method="add"> 
         <double>56.3363669152402</double> 
        </void> 
        <void method="add"> 
         <double>56.36808756624573</double> 
        </void> 
        <void method="add"> 
         <double>56.52627672934481</double> 
        </void> 
        <void method="add"> 
         <double>56.939646638597324</double> 
        </void> 
        <void method="add"> 
         <double>57.13721530997398</double> 
        </void> 
        <void method="add"> 
         <double>55.39206091523844</double> 
        </void> 
        <void method="add"> 
         <double>56.85233815438335</double> 
        </void> 
        <void method="add"> 
         <double>57.54368818770588</double> 
        </void> 
        <void method="add"> 
         <double>56.562353089096355</double> 
        </void> 
        <void method="add"> 
         <double>56.86065684286882</double> 
        </void> 
       </object> 
      </void> 
      <void property="stdev"> 
       <double>0.7812485712228827</double> 
      </void> 
     </object> 
    </void> 
    <void index="9"> 
     <object class="jmbench.tools.EvaluationMetrics"> 
      <void property="max"> 
       <double>1.7104074968413971</double> 
      </void> 
      <void property="mean"> 
       <double>1.6521220633407254</double> 
      </void> 
      <void property="median"> 
       <double>1.6485431162179784</double> 
      </void> 
      <void property="min"> 
       <double>1.6008800891652855</double> 
      </void> 
      <void property="rawResults"> 
       <object class="java.util.ArrayList"> 
        <void method="add"> 
         <double>1.6008800891652855</double> 
        </void> 
        <void method="add"> 
         <double>1.6062801871581989</double> 
        </void> 
        <void method="add"> 
         <double>1.6067637550644949</double> 
        </void> 
        <void method="add"> 
         <double>1.6089155861357722</double> 
        </void> 
        <void method="add"> 
         <double>1.6292315653465022</double> 
        </void> 
        <void method="add"> 
         <double>1.632044163000155</double> 
        </void> 
        <void method="add"> 
         <double>1.6370256473328741</double> 
        </void> 
        <void method="add"> 
         <double>1.6457343339558999</double> 
        </void> 
        <void method="add"> 
         <double>1.6469296589697293</double> 
        </void> 
        <void method="add"> 
         <double>1.6472247578200003</double> 
        </void> 
        <void method="add"> 
         <double>1.6485431162179784</double> 
        </void> 
        <void method="add"> 
         <double>1.6597417350773593</double> 
        </void> 
        <void method="add"> 
         <double>1.660397893456292</double> 
        </void> 
        <void method="add"> 
         <double>1.662959568556581</double> 
        </void> 
        <void method="add"> 
         <double>1.6633243765655399</double> 
        </void> 
        <void method="add"> 
         <double>1.6643413880367344</double> 
        </void> 
        <void method="add"> 
         <double>1.6756101239961545</double> 
        </void> 
        <void method="add"> 
         <double>1.6774401614168728</double> 
        </void> 
        <void method="add"> 
         <double>1.7081096561318807</double> 
        </void> 
        <void method="add"> 
         <double>1.7082997153331039</double> 
        </void> 
        <void method="add"> 
         <double>1.6459508571963928</double> 
        </void> 
        <void method="add"> 
         <double>1.6306611462033755</double> 
        </void> 
        <void method="add"> 
         <double>1.7104074968413971</double> 
        </void> 
        <void method="add"> 
         <double>1.6659073595120104</double> 
        </void> 
        <void method="add"> 
         <double>1.6603272450275564</double> 
        </void> 
       </object> 
      </void> 
      <void property="stdev"> 
       <double>0.029709387620012507</double> 
      </void> 
     </object> 
    </void> 
    <void index="10"> 
     <object class="jmbench.tools.EvaluationMetrics"> 
      <void property="max"> 
       <double>0.15546049760368788</double> 
      </void> 
      <void property="mean"> 
       <double>0.14738512439418425</double> 
      </void> 
      <void property="median"> 
       <double>0.1476108350646051</double> 
      </void> 
      <void property="min"> 
       <double>0.14349658127337653</double> 
      </void> 
      <void property="rawResults"> 
       <object class="java.util.ArrayList"> 
        <void method="add"> 
         <double>0.14349658127337653</double> 
        </void> 
        <void method="add"> 
         <double>0.1438745458710743</double> 
        </void> 
        <void method="add"> 
         <double>0.1457290564758569</double> 
        </void> 
        <void method="add"> 
         <double>0.1460557074961964</double> 
        </void> 
        <void method="add"> 
         <double>0.14609288630444878</double> 
        </void> 
        <void method="add"> 
         <double>0.14651282922937964</double> 
        </void> 
        <void method="add"> 
         <double>0.14672710993511826</double> 
        </void> 
        <void method="add"> 
         <double>0.14673293662540285</double> 
        </void> 
        <void method="add"> 
         <double>0.1469214685498012</double> 
        </void> 
        <void method="add"> 
         <double>0.1469636312952081</double> 
        </void> 
        <void method="add"> 
         <double>0.1474800500189444</double> 
        </void> 
        <void method="add"> 
         <double>0.1476108350646051</double> 
        </void> 
        <void method="add"> 
         <double>0.14767613261008833</double> 
        </void> 
        <void method="add"> 
         <double>0.14780537532987176</double> 
        </void> 
        <void method="add"> 
         <double>0.14781140241553029</double> 
        </void> 
        <void method="add"> 
         <double>0.14785290193680617</double> 
        </void> 
        <void method="add"> 
         <double>0.1481235006829094</double> 
        </void> 
        <void method="add"> 
         <double>0.14830584249749776</double> 
        </void> 
        <void method="add"> 
         <double>0.14881788294544168</double> 
        </void> 
        <void method="add"> 
         <double>0.15546049760368788</double> 
        </void> 
        <void method="add"> 
         <double>0.14791959663708157</double> 
        </void> 
        <void method="add"> 
         <double>0.148634026041201</double> 
        </void> 
        <void method="add"> 
         <double>0.14511273977301414</double> 
        </void> 
        <void method="add"> 
         <double>0.14845303163748247</double> 
        </void> 
        <void method="add"> 
         <double>0.14845754160458136</double> 
        </void> 
       </object> 
      </void> 
      <void property="stdev"> 
       <double>0.0021383674843684403</double> 
      </void> 
     </object> 
    </void> 
    <void index="11"> 
     <object class="jmbench.tools.EvaluationMetrics"> 
      <void property="max"> 
       <double>0.015134702672803146</double> 
      </void> 
      <void property="mean"> 
       <double>0.015134702672803146</double> 
      </void> 
      <void property="median"> 
       <double>0.015134702672803146</double> 
      </void> 
      <void property="min"> 
       <double>0.015134702672803146</double> 
      </void> 
      <void property="rawResults"> 
       <object class="java.util.ArrayList"> 
        <void method="add"> 
         <double>0.015134702672803146</double> 
        </void> 
       </object> 
      </void> 
     </object> 
    </void> 
   </array> 
  </void> 
  <void property="opName"> 
   <string>QR</string> 
  </void> 
 </object> 
</java> 
