<?xml version="1.0" encoding="UTF-8"?> 
<java version="1.6.0_16" class="java.beans.XMLDecoder"> 
 <object class="jmbench.tools.runtime.OperationResults"> 
  <void property="library"> 
   <object class="jmbench.impl.MatrixLibrary" method="valueOf"> 
    <string>JAMA</string> 
   </object> 
  </void> 
  <void property="matDimen"> 
   <array class="int" length="12"> 
    <void index="0"> 
     <int>2</int> 
    </void> 
    <void index="1"> 
     <int>3</int> 
    </void> 
    <void index="2"> 
     <int>4</int> 
    </void> 
    <void index="3"> 
     <int>5</int> 
    </void> 
    <void index="4"> 
     <int>10</int> 
    </void> 
    <void index="5"> 
     <int>20</int> 
    </void> 
    <void index="6"> 
     <int>50</int> 
    </void> 
    <void index="7"> 
     <int>100</int> 
    </void> 
    <void index="8"> 
     <int>200</int> 
    </void> 
    <void index="9"> 
     <int>500</int> 
    </void> 
    <void index="10"> 
     <int>1000</int> 
    </void> 
    <void index="11"> 
     <int>2000</int> 
    </void> 
   </array> 
  </void> 
  <void property="metrics"> 
   <array class="jmbench.tools.EvaluationMetrics" length="12"> 
    <void index="0"> 
     <object class="jmbench.tools.EvaluationMetrics"> 
      <void property="max"> 
       <double>1535641.236219047</double> 
      </void> 
      <void property="mean"> 
       <double>1467185.1425668919</double> 
      </void> 
      <void property="median"> 
       <double>1464292.6334631017</double> 
      </void> 
      <void property="min"> 
       <double>1418863.0425867953</double> 
      </void> 
      <void property="rawResults"> 
       <object class="java.util.ArrayList"> 
        <void method="add"> 
         <double>1418863.0425867953</double> 
        </void> 
        <void method="add"> 
         <double>1419416.6654783145</double> 
        </void> 
        <void method="add"> 
         <double>1425179.6644565335</double> 
        </void> 
        <void method="add"> 
         <double>1429769.0588537764</double> 
        </void> 
        <void method="add"> 
         <double>1435540.9683844384</double> 
        </void> 
        <void method="add"> 
         <double>1440899.5291317536</double> 
        </void> 
        <void method="add"> 
         <double>1454531.8616987641</double> 
        </void> 
        <void method="add"> 
         <double>1462398.7622887855</double> 
        </void> 
        <void method="add"> 
         <double>1463982.8016071834</double> 
        </void> 
        <void method="add"> 
         <double>1464292.6334631017</double> 
        </void> 
        <void method="add"> 
         <double>1466839.0232671713</double> 
        </void> 
        <void method="add"> 
         <double>1468075.70259443</double> 
        </void> 
        <void method="add"> 
         <double>1475233.8181389035</double> 
        </void> 
        <void method="add"> 
         <double>1475301.7798618698</double> 
        </void> 
        <void method="add"> 
         <double>1476423.6490311138</double> 
        </void> 
        <void method="add"> 
         <double>1519344.5747558088</double> 
        </void> 
        <void method="add"> 
         <double>1519820.1849363516</double> 
        </void> 
        <void method="add"> 
         <double>1520489.175073109</double> 
        </void> 
        <void method="add"> 
         <double>1526602.1015074565</double> 
        </void> 
        <void method="add"> 
         <double>1535641.236219047</double> 
        </void> 
        <void method="add"> 
         <double>1430640.6625977182</double> 
        </void> 
        <void method="add"> 
         <double>1455101.5395393074</double> 
        </void> 
        <void method="add"> 
         <double>1468927.7918424676</double> 
        </void> 
        <void method="add"> 
         <double>1458560.3449799402</double> 
        </void> 
        <void method="add"> 
         <double>1467751.9918781635</double> 
        </void> 
       </object> 
      </void> 
      <void property="stdev"> 
       <double>33466.6206112232</double> 
      </void> 
     </object> 
    </void> 
    <void index="1"> 
     <object class="jmbench.tools.EvaluationMetrics"> 
      <void property="max"> 
       <double>987210.777153711</double> 
      </void> 
      <void property="mean"> 
       <double>955497.5286740677</double> 
      </void> 
      <void property="median"> 
       <double>953955.7730574039</double> 
      </void> 
      <void property="min"> 
       <double>906995.6891068926</double> 
      </void> 
      <void property="rawResults"> 
       <object class="java.util.ArrayList"> 
        <void method="add"> 
         <double>906995.6891068926</double> 
        </void> 
        <void method="add"> 
         <double>918524.3369919247</double> 
        </void> 
        <void method="add"> 
         <double>930274.4698294302</double> 
        </void> 
        <void method="add"> 
         <double>936853.439751463</double> 
        </void> 
        <void method="add"> 
         <double>939958.8113992013</double> 
        </void> 
        <void method="add"> 
         <double>942403.5559716804</double> 
        </void> 
        <void method="add"> 
         <double>942957.5622538337</double> 
        </void> 
        <void method="add"> 
         <double>950118.0082672089</double> 
        </void> 
        <void method="add"> 
         <double>950227.181060119</double> 
        </void> 
        <void method="add"> 
         <double>950681.200933714</double> 
        </void> 
        <void method="add"> 
         <double>951899.4704926686</double> 
        </void> 
        <void method="add"> 
         <double>953420.3456803667</double> 
        </void> 
        <void method="add"> 
         <double>961817.6663807748</double> 
        </void> 
        <void method="add"> 
         <double>964115.5947280395</double> 
        </void> 
        <void method="add"> 
         <double>965433.472406009</double> 
        </void> 
        <void method="add"> 
         <double>967091.0402210796</double> 
        </void> 
        <void method="add"> 
         <double>969536.6961768846</double> 
        </void> 
        <void method="add"> 
         <double>977173.8184320978</double> 
        </void> 
        <void method="add"> 
         <double>978016.6906643491</double> 
        </void> 
        <void method="add"> 
         <double>978103.6124957335</double> 
        </void> 
        <void method="add"> 
         <double>953955.7730574039</double> 
        </void> 
        <void method="add"> 
         <double>987210.777153711</double> 
        </void> 
        <void method="add"> 
         <double>973574.7783670914</double> 
        </void> 
        <void method="add"> 
         <double>969449.6881392152</double> 
        </void> 
        <void method="add"> 
         <double>967644.5368907995</double> 
        </void> 
       </object> 
      </void> 
      <void property="stdev"> 
       <double>19057.953751126624</double> 
      </void> 
     </object> 
    </void> 
    <void index="2"> 
     <object class="jmbench.tools.EvaluationMetrics"> 
      <void property="max"> 
       <double>657266.0402416667</double> 
      </void> 
      <void property="mean"> 
       <double>623202.9384449646</double> 
      </void> 
      <void property="median"> 
       <double>624283.8696349413</double> 
      </void> 
      <void property="min"> 
       <double>578898.4627396472</double> 
      </void> 
      <void property="rawResults"> 
       <object class="java.util.ArrayList"> 
        <void method="add"> 
         <double>578898.4627396472</double> 
        </void> 
        <void method="add"> 
         <double>587664.1653309427</double> 
        </void> 
        <void method="add"> 
         <double>590746.669510792</double> 
        </void> 
        <void method="add"> 
         <double>592136.3859509989</double> 
        </void> 
        <void method="add"> 
         <double>593065.9120317465</double> 
        </void> 
        <void method="add"> 
         <double>617701.9419716853</double> 
        </void> 
        <void method="add"> 
         <double>618149.4234742905</double> 
        </void> 
        <void method="add"> 
         <double>618741.9396511288</double> 
        </void> 
        <void method="add"> 
         <double>619053.9457215217</double> 
        </void> 
        <void method="add"> 
         <double>629865.2757048504</double> 
        </void> 
        <void method="add"> 
         <double>631476.6682100832</double> 
        </void> 
        <void method="add"> 
         <double>637937.1573836994</double> 
        </void> 
        <void method="add"> 
         <double>638186.3729503279</double> 
        </void> 
        <void method="add"> 
         <double>641585.5615368803</double> 
        </void> 
        <void method="add"> 
         <double>641847.2824460812</double> 
        </void> 
        <void method="add"> 
         <double>642240.8331837732</double> 
        </void> 
        <void method="add"> 
         <double>642358.3310877195</double> 
        </void> 
        <void method="add"> 
         <double>644765.0107319601</double> 
        </void> 
        <void method="add"> 
         <double>649128.9928007463</double> 
        </void> 
        <void method="add"> 
         <double>657266.0402416667</double> 
        </void> 
        <void method="add"> 
         <double>613395.8368820176</double> 
        </void> 
        <void method="add"> 
         <double>618553.9935049767</double> 
        </void> 
        <void method="add"> 
         <double>624283.8696349413</double> 
        </void> 
        <void method="add"> 
         <double>627459.6180951187</double> 
        </void> 
        <void method="add"> 
         <double>623563.770346515</double> 
        </void> 
       </object> 
      </void> 
      <void property="stdev"> 
       <double>20639.300189404927</double> 
      </void> 
     </object> 
    </void> 
    <void index="3"> 
     <object class="jmbench.tools.EvaluationMetrics"> 
      <void property="max"> 
       <double>409487.5576427551</double> 
      </void> 
      <void property="mean"> 
       <double>399584.8764504391</double> 
      </void> 
      <void property="median"> 
       <double>398719.64760750363</double> 
      </void> 
      <void property="min"> 
       <double>388802.50571713963</double> 
      </void> 
      <void property="rawResults"> 
       <object class="java.util.ArrayList"> 
        <void method="add"> 
         <double>388802.50571713963</double> 
        </void> 
        <void method="add"> 
         <double>392160.17565236107</double> 
        </void> 
        <void method="add"> 
         <double>392765.19190430583</double> 
        </void> 
        <void method="add"> 
         <double>395405.5825809233</double> 
        </void> 
        <void method="add"> 
         <double>396119.04242106323</double> 
        </void> 
        <void method="add"> 
         <double>396537.2531547117</double> 
        </void> 
        <void method="add"> 
         <double>397853.2173177975</double> 
        </void> 
        <void method="add"> 
         <double>398302.78650712647</double> 
        </void> 
        <void method="add"> 
         <double>398381.72350784123</double> 
        </void> 
        <void method="add"> 
         <double>398393.9418277774</double> 
        </void> 
        <void method="add"> 
         <double>398451.78024421</double> 
        </void> 
        <void method="add"> 
         <double>398719.64760750363</double> 
        </void> 
        <void method="add"> 
         <double>398833.30042295856</double> 
        </void> 
        <void method="add"> 
         <double>398891.8657693505</double> 
        </void> 
        <void method="add"> 
         <double>399783.66377570765</double> 
        </void> 
        <void method="add"> 
         <double>400167.89339598967</double> 
        </void> 
        <void method="add"> 
         <double>405275.5392352549</double> 
        </void> 
        <void method="add"> 
         <double>406919.2461704576</double> 
        </void> 
        <void method="add"> 
         <double>408269.2492889596</double> 
        </void> 
        <void method="add"> 
         <double>409487.5576427551</double> 
        </void> 
        <void method="add"> 
         <double>406475.8748153152</double> 
        </void> 
        <void method="add"> 
         <double>389658.04098991386</double> 
        </void> 
        <void method="add"> 
         <double>400231.4134797267</double> 
        </void> 
        <void method="add"> 
         <double>407233.0017233096</double> 
        </void> 
        <void method="add"> 
         <double>406502.4161085164</double> 
        </void> 
       </object> 
      </void> 
      <void property="stdev"> 
       <double>5585.967585248233</double> 
      </void> 
     </object> 
    </void> 
    <void index="4"> 
     <object class="jmbench.tools.EvaluationMetrics"> 
      <void property="max"> 
       <double>111107.84279021849</double> 
      </void> 
      <void property="mean"> 
       <double>110285.00308345846</double> 
      </void> 
      <void property="median"> 
       <double>110512.60462265847</double> 
      </void> 
      <void property="min"> 
       <double>108423.24085757465</double> 
      </void> 
      <void property="rawResults"> 
       <object class="java.util.ArrayList"> 
        <void method="add"> 
         <double>109728.87505782269</double> 
        </void> 
        <void method="add"> 
         <double>109809.97155609896</double> 
        </void> 
        <void method="add"> 
         <double>109840.98363837869</double> 
        </void> 
        <void method="add"> 
         <double>110123.81887193923</double> 
        </void> 
        <void method="add"> 
         <double>110127.14152813888</double> 
        </void> 
        <void method="add"> 
         <double>110302.53171937379</double> 
        </void> 
        <void method="add"> 
         <double>110505.96459569168</double> 
        </void> 
        <void method="add"> 
         <double>110512.60462265847</double> 
        </void> 
        <void method="add"> 
         <double>110586.7165933579</double> 
        </void> 
        <void method="add"> 
         <double>110608.48691434109</double> 
        </void> 
        <void method="add"> 
         <double>110609.47572617941</double> 
        </void> 
        <void method="add"> 
         <double>110624.7116903012</double> 
        </void> 
        <void method="add"> 
         <double>110646.9160271502</double> 
        </void> 
        <void method="add"> 
         <double>110866.62547892399</double> 
        </void> 
        <void method="add"> 
         <double>110899.20222074237</double> 
        </void> 
        <void method="add"> 
         <double>110940.47367049762</double> 
        </void> 
        <void method="add"> 
         <double>110965.36072958678</double> 
        </void> 
        <void method="add"> 
         <double>111011.31099808768</double> 
        </void> 
        <void method="add"> 
         <double>111054.29941554558</double> 
        </void> 
        <void method="add"> 
         <double>111107.84279021849</double> 
        </void> 
        <void method="add"> 
         <double>108423.24085757465</double> 
        </void> 
        <void method="add"> 
         <double>108897.26650626061</double> 
        </void> 
        <void method="add"> 
         <double>109904.87928022249</double> 
        </void> 
        <void method="add"> 
         <double>109601.35343249778</double> 
        </void> 
        <void method="add"> 
         <double>109425.02316487189</double> 
        </void> 
       </object> 
      </void> 
      <void property="stdev"> 
       <double>680.5622850991016</double> 
      </void> 
     </object> 
    </void> 
    <void index="5"> 
     <object class="jmbench.tools.EvaluationMetrics"> 
      <void property="max"> 
       <double>23471.097972186246</double> 
      </void> 
      <void property="mean"> 
       <double>23296.961792274727</double> 
      </void> 
      <void property="median"> 
       <double>23317.882844135787</double> 
      </void> 
      <void property="min"> 
       <double>22954.533019853934</double> 
      </void> 
      <void property="rawResults"> 
       <object class="java.util.ArrayList"> 
        <void method="add"> 
         <double>22954.533019853934</double> 
        </void> 
        <void method="add"> 
         <double>23053.90929678483</double> 
        </void> 
        <void method="add"> 
         <double>23069.818765925153</double> 
        </void> 
        <void method="add"> 
         <double>23130.214890895415</double> 
        </void> 
        <void method="add"> 
         <double>23166.028321060352</double> 
        </void> 
        <void method="add"> 
         <double>23261.555318010443</double> 
        </void> 
        <void method="add"> 
         <double>23264.9297306259</double> 
        </void> 
        <void method="add"> 
         <double>23268.39355996029</double> 
        </void> 
        <void method="add"> 
         <double>23272.187023399787</double> 
        </void> 
        <void method="add"> 
         <double>23317.882844135787</double> 
        </void> 
        <void method="add"> 
         <double>23357.914854645904</double> 
        </void> 
        <void method="add"> 
         <double>23364.094670704402</double> 
        </void> 
        <void method="add"> 
         <double>23389.754956302688</double> 
        </void> 
        <void method="add"> 
         <double>23393.169849793558</double> 
        </void> 
        <void method="add"> 
         <double>23398.210167346333</double> 
        </void> 
        <void method="add"> 
         <double>23401.59114351619</double> 
        </void> 
        <void method="add"> 
         <double>23415.6873324073</double> 
        </void> 
        <void method="add"> 
         <double>23417.088693673424</double> 
        </void> 
        <void method="add"> 
         <double>23438.56045023716</double> 
        </void> 
        <void method="add"> 
         <double>23471.097972186246</double> 
        </void> 
        <void method="add"> 
         <double>23242.509940121305</double> 
        </void> 
        <void method="add"> 
         <double>23290.695730137875</double> 
        </void> 
        <void method="add"> 
         <double>23324.533277200724</double> 
        </void> 
        <void method="add"> 
         <double>23309.87907363135</double> 
        </void> 
        <void method="add"> 
         <double>23449.80392431191</double> 
        </void> 
       </object> 
      </void> 
      <void property="stdev"> 
       <double>131.22505414012406</double> 
      </void> 
     </object> 
    </void> 
    <void index="6"> 
     <object class="jmbench.tools.EvaluationMetrics"> 
      <void property="max"> 
       <double>2035.0087305043296</double> 
      </void> 
      <void property="mean"> 
       <double>2018.5069138236754</double> 
      </void> 
      <void property="median"> 
       <double>2025.7637021707553</double> 
      </void> 
      <void property="min"> 
       <double>1972.1293405328604</double> 
      </void> 
      <void property="rawResults"> 
       <object class="java.util.ArrayList"> 
        <void method="add"> 
         <double>2020.7330879800197</double> 
        </void> 
        <void method="add"> 
         <double>2021.6397183539023</double> 
        </void> 
        <void method="add"> 
         <double>2021.751241244495</double> 
        </void> 
        <void method="add"> 
         <double>2021.876728883014</double> 
        </void> 
        <void method="add"> 
         <double>2023.4361603842983</double> 
        </void> 
        <void method="add"> 
         <double>2023.86138121527</double> 
        </void> 
        <void method="add"> 
         <double>2024.6818010631002</double> 
        </void> 
        <void method="add"> 
         <double>2025.7637021707553</double> 
        </void> 
        <void method="add"> 
         <double>2027.8505366813</double> 
        </void> 
        <void method="add"> 
         <double>2027.9336683176432</double> 
        </void> 
        <void method="add"> 
         <double>2027.9359814409593</double> 
        </void> 
        <void method="add"> 
         <double>2029.3816156374282</double> 
        </void> 
        <void method="add"> 
         <double>2030.6557891124792</double> 
        </void> 
        <void method="add"> 
         <double>2031.4239799707177</double> 
        </void> 
        <void method="add"> 
         <double>2032.680299507033</double> 
        </void> 
        <void method="add"> 
         <double>2032.9531304077384</double> 
        </void> 
        <void method="add"> 
         <double>2033.4960519080284</double> 
        </void> 
        <void method="add"> 
         <double>2033.570617881807</double> 
        </void> 
        <void method="add"> 
         <double>2034.0700226160136</double> 
        </void> 
        <void method="add"> 
         <double>2035.0087305043296</double> 
        </void> 
        <void method="add"> 
         <double>1980.6796943529248</double> 
        </void> 
        <void method="add"> 
         <double>1972.1293405328604</double> 
        </void> 
        <void method="add"> 
         <double>1985.679386978375</double> 
        </void> 
        <void method="add"> 
         <double>1980.815469712679</double> 
        </void> 
        <void method="add"> 
         <double>1982.6647087347244</double> 
        </void> 
       </object> 
      </void> 
      <void property="stdev"> 
       <double>19.614902100322244</double> 
      </void> 
     </object> 
    </void> 
    <void index="7"> 
     <object class="jmbench.tools.EvaluationMetrics"> 
      <void property="max"> 
       <double>211.3191886181223</double> 
      </void> 
      <void property="mean"> 
       <double>210.6535572200536</double> 
      </void> 
      <void property="median"> 
       <double>210.88965990467912</double> 
      </void> 
      <void property="min"> 
       <double>209.2710721463589</double> 
      </void> 
      <void property="rawResults"> 
       <object class="java.util.ArrayList"> 
        <void method="add"> 
         <double>209.2710721463589</double> 
        </void> 
        <void method="add"> 
         <double>209.5803955969687</double> 
        </void> 
        <void method="add"> 
         <double>209.60084559826308</double> 
        </void> 
        <void method="add"> 
         <double>209.78688909110014</double> 
        </void> 
        <void method="add"> 
         <double>209.79177376238403</double> 
        </void> 
        <void method="add"> 
         <double>209.83502010109405</double> 
        </void> 
        <void method="add"> 
         <double>210.58010029018442</double> 
        </void> 
        <void method="add"> 
         <double>210.68255279947408</double> 
        </void> 
        <void method="add"> 
         <double>210.68263610427795</double> 
        </void> 
        <void method="add"> 
         <double>210.88965990467912</double> 
        </void> 
        <void method="add"> 
         <double>210.93730008286173</double> 
        </void> 
        <void method="add"> 
         <double>210.9599930546771</double> 
        </void> 
        <void method="add"> 
         <double>210.96860988636448</double> 
        </void> 
        <void method="add"> 
         <double>210.99855311482477</double> 
        </void> 
        <void method="add"> 
         <double>211.01096238323854</double> 
        </void> 
        <void method="add"> 
         <double>211.10331157628352</double> 
        </void> 
        <void method="add"> 
         <double>211.1044647629153</double> 
        </void> 
        <void method="add"> 
         <double>211.14577022304073</double> 
        </void> 
        <void method="add"> 
         <double>211.16402173915085</double> 
        </void> 
        <void method="add"> 
         <double>211.2376446518574</double> 
        </void> 
        <void method="add"> 
         <double>210.86379968114986</double> 
        </void> 
        <void method="add"> 
         <double>211.3191886181223</double> 
        </void> 
        <void method="add"> 
         <double>211.11368038606057</double> 
        </void> 
        <void method="add"> 
         <double>210.85004934704293</double> 
        </void> 
        <void method="add"> 
         <double>210.86063559896607</double> 
        </void> 
       </object> 
      </void> 
      <void property="stdev"> 
       <double>0.5982729085874978</double> 
      </void> 
     </object> 
    </void> 
    <void index="8"> 
     <object class="jmbench.tools.EvaluationMetrics"> 
      <void property="max"> 
       <double>38.82450073777195</double> 
      </void> 
      <void property="mean"> 
       <double>38.40665721623304</double> 
      </void> 
      <void property="median"> 
       <double>38.40420776109753</double> 
      </void> 
      <void property="min"> 
       <double>37.83751117730962</double> 
      </void> 
      <void property="rawResults"> 
       <object class="java.util.ArrayList"> 
        <void method="add"> 
         <double>37.83751117730962</double> 
        </void> 
        <void method="add"> 
         <double>38.04107534957797</double> 
        </void> 
        <void method="add"> 
         <double>38.072938407883626</double> 
        </void> 
        <void method="add"> 
         <double>38.15907498240895</double> 
        </void> 
        <void method="add"> 
         <double>38.24165241398858</double> 
        </void> 
        <void method="add"> 
         <double>38.2432401758298</double> 
        </void> 
        <void method="add"> 
         <double>38.2967281743936</double> 
        </void> 
        <void method="add"> 
         <double>38.321044247069516</double> 
        </void> 
        <void method="add"> 
         <double>38.34044810638769</double> 
        </void> 
        <void method="add"> 
         <double>38.36614073182165</double> 
        </void> 
        <void method="add"> 
         <double>38.40420776109753</double> 
        </void> 
        <void method="add"> 
         <double>38.4424204030222</double> 
        </void> 
        <void method="add"> 
         <double>38.49230108484385</double> 
        </void> 
        <void method="add"> 
         <double>38.506405673329525</double> 
        </void> 
        <void method="add"> 
         <double>38.55926600070427</double> 
        </void> 
        <void method="add"> 
         <double>38.6590140300319</double> 
        </void> 
        <void method="add"> 
         <double>38.74631647462359</double> 
        </void> 
        <void method="add"> 
         <double>38.757764039127046</double> 
        </void> 
        <void method="add"> 
         <double>38.76448663281375</double> 
        </void> 
        <void method="add"> 
         <double>38.82450073777195</double> 
        </void> 
        <void method="add"> 
         <double>38.23395317170447</double> 
        </void> 
        <void method="add"> 
         <double>38.43276211728276</double> 
        </void> 
        <void method="add"> 
         <double>38.310753243436835</double> 
        </void> 
        <void method="add"> 
         <double>38.566600239565595</double> 
        </void> 
        <void method="add"> 
         <double>38.54582502979974</double> 
        </void> 
       </object> 
      </void> 
      <void property="stdev"> 
       <double>0.24009091313331446</double> 
      </void> 
     </object> 
    </void> 
    <void index="9"> 
     <object class="jmbench.tools.EvaluationMetrics"> 
      <void property="max"> 
       <double>1.754232151375168</double> 
      </void> 
      <void property="mean"> 
       <double>1.698850825799997</double> 
      </void> 
      <void property="median"> 
       <double>1.7072124186205095</double> 
      </void> 
      <void property="min"> 
       <double>1.5944868287818115</double> 
      </void> 
      <void property="rawResults"> 
       <object class="java.util.ArrayList"> 
        <void method="add"> 
         <double>1.5944868287818115</double> 
        </void> 
        <void method="add"> 
         <double>1.6161043510873914</double> 
        </void> 
        <void method="add"> 
         <double>1.6220897799674603</double> 
        </void> 
        <void method="add"> 
         <double>1.6252362989563558</double> 
        </void> 
        <void method="add"> 
         <double>1.6551921692536262</double> 
        </void> 
        <void method="add"> 
         <double>1.6765137943133075</double> 
        </void> 
        <void method="add"> 
         <double>1.6804014371487657</double> 
        </void> 
        <void method="add"> 
         <double>1.6972451643172772</double> 
        </void> 
        <void method="add"> 
         <double>1.6982346116159703</double> 
        </void> 
        <void method="add"> 
         <double>1.7003964731420398</double> 
        </void> 
        <void method="add"> 
         <double>1.7061634531654708</double> 
        </void> 
        <void method="add"> 
         <double>1.7072124186205095</double> 
        </void> 
        <void method="add"> 
         <double>1.7135723781926044</double> 
        </void> 
        <void method="add"> 
         <double>1.7289208962989875</double> 
        </void> 
        <void method="add"> 
         <double>1.7326402751825951</double> 
        </void> 
        <void method="add"> 
         <double>1.7337009627732083</double> 
        </void> 
        <void method="add"> 
         <double>1.7425095775405328</double> 
        </void> 
        <void method="add"> 
         <double>1.7436584023002784</double> 
        </void> 
        <void method="add"> 
         <double>1.7444280904730918</double> 
        </void> 
        <void method="add"> 
         <double>1.754232151375168</double> 
        </void> 
        <void method="add"> 
         <double>1.7302262026694282</double> 
        </void> 
        <void method="add"> 
         <double>1.7245406370422303</double> 
        </void> 
        <void method="add"> 
         <double>1.7337545303489885</double> 
        </void> 
        <void method="add"> 
         <double>1.7171256364864231</double> 
        </void> 
        <void method="add"> 
         <double>1.692684123946399</double> 
        </void> 
       </object> 
      </void> 
      <void property="stdev"> 
       <double>0.04367806803669905</double> 
      </void> 
     </object> 
    </void> 
    <void index="10"> 
     <object class="jmbench.tools.EvaluationMetrics"> 
      <void property="max"> 
       <double>0.1545783968248911</double> 
      </void> 
      <void property="mean"> 
       <double>0.15077578584833234</double> 
      </void> 
      <void property="median"> 
       <double>0.15225422744634493</double> 
      </void> 
      <void property="min"> 
       <double>0.1393267215827389</double> 
      </void> 
      <void property="rawResults"> 
       <object class="java.util.ArrayList"> 
        <void method="add"> 
         <double>0.1393267215827389</double> 
        </void> 
        <void method="add"> 
         <double>0.14373308248683153</double> 
        </void> 
        <void method="add"> 
         <double>0.14553228316943823</double> 
        </void> 
        <void method="add"> 
         <double>0.14928242950893716</double> 
        </void> 
        <void method="add"> 
         <double>0.14962378159454426</double> 
        </void> 
        <void method="add"> 
         <double>0.1515159708262853</double> 
        </void> 
        <void method="add"> 
         <double>0.1519254144954193</double> 
        </void> 
        <void method="add"> 
         <double>0.15213744363446158</double> 
        </void> 
        <void method="add"> 
         <double>0.15225422744634493</double> 
        </void> 
        <void method="add"> 
         <double>0.15226262899335347</double> 
        </void> 
        <void method="add"> 
         <double>0.15228742126414996</double> 
        </void> 
        <void method="add"> 
         <double>0.15241378329693522</double> 
        </void> 
        <void method="add"> 
         <double>0.1524548786750629</double> 
        </void> 
        <void method="add"> 
         <double>0.1526095299232883</double> 
        </void> 
        <void method="add"> 
         <double>0.15285584625174953</double> 
        </void> 
        <void method="add"> 
         <double>0.15353244461598756</double> 
        </void> 
        <void method="add"> 
         <double>0.15424444446763594</double> 
        </void> 
        <void method="add"> 
         <double>0.15438952874265302</double> 
        </void> 
        <void method="add"> 
         <double>0.15440613968567227</double> 
        </void> 
        <void method="add"> 
         <double>0.1545783968248911</double> 
        </void> 
        <void method="add"> 
         <double>0.14065461769119728</double> 
        </void> 
        <void method="add"> 
         <double>0.15134141155175956</double> 
        </void> 
        <void method="add"> 
         <double>0.15140299951386313</double> 
        </void> 
        <void method="add"> 
         <double>0.15312635861457385</double> 
        </void> 
        <void method="add"> 
         <double>0.15150286135053398</double> 
        </void> 
       </object> 
      </void> 
      <void property="stdev"> 
       <double>0.004024244204625635</double> 
      </void> 
     </object> 
    </void> 
    <void index="11"> 
     <object class="jmbench.tools.EvaluationMetrics"> 
      <void property="max"> 
       <double>0.018661072231426785</double> 
      </void> 
      <void property="mean"> 
       <double>0.018661072231426785</double> 
      </void> 
      <void property="median"> 
       <double>0.018661072231426785</double> 
      </void> 
      <void property="min"> 
       <double>0.018661072231426785</double> 
      </void> 
      <void property="rawResults"> 
       <object class="java.util.ArrayList"> 
        <void method="add"> 
         <double>0.018661072231426785</double> 
        </void> 
       </object> 
      </void> 
     </object> 
    </void> 
   </array> 
  </void> 
  <void property="opName"> 
   <string>Solve m=n</string> 
  </void> 
 </object> 
</java> 
