<?xml version="1.0" encoding="UTF-8"?> 
<java version="1.6.0_16" class="java.beans.XMLDecoder"> 
 <object class="jmbench.tools.runtime.OperationResults"> 
  <void property="library"> 
   <object class="jmbench.impl.MatrixLibrary" method="valueOf"> 
    <string>JAMA</string> 
   </object> 
  </void> 
  <void property="matDimen"> 
   <array class="int" length="12"> 
    <void index="0"> 
     <int>2</int> 
    </void> 
    <void index="1"> 
     <int>3</int> 
    </void> 
    <void index="2"> 
     <int>4</int> 
    </void> 
    <void index="3"> 
     <int>5</int> 
    </void> 
    <void index="4"> 
     <int>10</int> 
    </void> 
    <void index="5"> 
     <int>20</int> 
    </void> 
    <void index="6"> 
     <int>50</int> 
    </void> 
    <void index="7"> 
     <int>100</int> 
    </void> 
    <void index="8"> 
     <int>200</int> 
    </void> 
    <void index="9"> 
     <int>500</int> 
    </void> 
    <void index="10"> 
     <int>1000</int> 
    </void> 
    <void index="11"> 
     <int>2000</int> 
    </void> 
   </array> 
  </void> 
  <void property="metrics"> 
   <array class="jmbench.tools.EvaluationMetrics" length="12"> 
    <void index="0"> 
     <object class="jmbench.tools.EvaluationMetrics"> 
      <void property="max"> 
       <double>450727.17164265085</double> 
      </void> 
      <void property="mean"> 
       <double>446084.45998009556</double> 
      </void> 
      <void property="median"> 
       <double>446565.0177844093</double> 
      </void> 
      <void property="min"> 
       <double>437878.2941804149</double> 
      </void> 
      <void property="rawResults"> 
       <object class="java.util.ArrayList"> 
        <void method="add"> 
         <double>441883.554551036</double> 
        </void> 
        <void method="add"> 
         <double>442329.7144747885</double> 
        </void> 
        <void method="add"> 
         <double>442701.5161880949</double> 
        </void> 
        <void method="add"> 
         <double>442936.8929815153</double> 
        </void> 
        <void method="add"> 
         <double>442967.2595261169</double> 
        </void> 
        <void method="add"> 
         <double>443561.7209032467</double> 
        </void> 
        <void method="add"> 
         <double>444295.01954785484</double> 
        </void> 
        <void method="add"> 
         <double>444434.16049613355</double> 
        </void> 
        <void method="add"> 
         <double>444692.683328718</double> 
        </void> 
        <void method="add"> 
         <double>446421.53671184136</double> 
        </void> 
        <void method="add"> 
         <double>446565.0177844093</double> 
        </void> 
        <void method="add"> 
         <double>446817.0643545642</double> 
        </void> 
        <void method="add"> 
         <double>447070.20276983775</double> 
        </void> 
        <void method="add"> 
         <double>447422.8996465516</double> 
        </void> 
        <void method="add"> 
         <double>447650.74715244945</double> 
        </void> 
        <void method="add"> 
         <double>448175.1367586546</double> 
        </void> 
        <void method="add"> 
         <double>448535.78370421345</double> 
        </void> 
        <void method="add"> 
         <double>448746.24116540287</double> 
        </void> 
        <void method="add"> 
         <double>449141.6787972298</double> 
        </void> 
        <void method="add"> 
         <double>449876.4459091559</double> 
        </void> 
        <void method="add"> 
         <double>437878.2941804149</double> 
        </void> 
        <void method="add"> 
         <double>446164.37647915084</double> 
        </void> 
        <void method="add"> 
         <double>450664.6255093826</double> 
        </void> 
        <void method="add"> 
         <double>450451.75493897253</double> 
        </void> 
        <void method="add"> 
         <double>450727.17164265085</double> 
        </void> 
       </object> 
      </void> 
      <void property="stdev"> 
       <double>3182.972535830046</double> 
      </void> 
     </object> 
    </void> 
    <void index="1"> 
     <object class="jmbench.tools.EvaluationMetrics"> 
      <void property="max"> 
       <double>230709.84101425606</double> 
      </void> 
      <void property="mean"> 
       <double>229166.33359003958</double> 
      </void> 
      <void property="median"> 
       <double>229122.25323209385</double> 
      </void> 
      <void property="min"> 
       <double>225458.25669256414</double> 
      </void> 
      <void property="rawResults"> 
       <object class="java.util.ArrayList"> 
        <void method="add"> 
         <double>227733.28875690268</double> 
        </void> 
        <void method="add"> 
         <double>227857.01781760494</double> 
        </void> 
        <void method="add"> 
         <double>228144.3602217397</double> 
        </void> 
        <void method="add"> 
         <double>228279.7716679571</double> 
        </void> 
        <void method="add"> 
         <double>228340.21913958562</double> 
        </void> 
        <void method="add"> 
         <double>228387.48687238447</double> 
        </void> 
        <void method="add"> 
         <double>228531.83194722797</double> 
        </void> 
        <void method="add"> 
         <double>228609.30668947188</double> 
        </void> 
        <void method="add"> 
         <double>228791.69296783447</double> 
        </void> 
        <void method="add"> 
         <double>228982.00894154032</double> 
        </void> 
        <void method="add"> 
         <double>229296.00591279793</double> 
        </void> 
        <void method="add"> 
         <double>229907.74239521814</double> 
        </void> 
        <void method="add"> 
         <double>230079.69797162333</double> 
        </void> 
        <void method="add"> 
         <double>230125.98680561697</double> 
        </void> 
        <void method="add"> 
         <double>230226.43239637496</double> 
        </void> 
        <void method="add"> 
         <double>230392.1954018961</double> 
        </void> 
        <void method="add"> 
         <double>230440.79939997246</double> 
        </void> 
        <void method="add"> 
         <double>230529.39566396677</double> 
        </void> 
        <void method="add"> 
         <double>230537.84985588904</double> 
        </void> 
        <void method="add"> 
         <double>230709.84101425606</double> 
        </void> 
        <void method="add"> 
         <double>229866.261346527</double> 
        </void> 
        <void method="add"> 
         <double>229765.1349645825</double> 
        </void> 
        <void method="add"> 
         <double>229122.25323209385</double> 
        </void> 
        <void method="add"> 
         <double>229043.50167536153</double> 
        </void> 
        <void method="add"> 
         <double>225458.25669256414</double> 
        </void> 
       </object> 
      </void> 
      <void property="stdev"> 
       <double>1184.6321687023685</double> 
      </void> 
     </object> 
    </void> 
    <void index="2"> 
     <object class="jmbench.tools.EvaluationMetrics"> 
      <void property="max"> 
       <double>126843.98612298931</double> 
      </void> 
      <void property="mean"> 
       <double>125785.00340859973</double> 
      </void> 
      <void property="median"> 
       <double>125815.44254720458</double> 
      </void> 
      <void property="min"> 
       <double>123797.17357119209</double> 
      </void> 
      <void property="rawResults"> 
       <object class="java.util.ArrayList"> 
        <void method="add"> 
         <double>123797.17357119209</double> 
        </void> 
        <void method="add"> 
         <double>125188.6146360943</double> 
        </void> 
        <void method="add"> 
         <double>125262.90236847034</double> 
        </void> 
        <void method="add"> 
         <double>125428.69638988454</double> 
        </void> 
        <void method="add"> 
         <double>125574.57684102647</double> 
        </void> 
        <void method="add"> 
         <double>125760.12433047574</double> 
        </void> 
        <void method="add"> 
         <double>125813.22728484178</double> 
        </void> 
        <void method="add"> 
         <double>125815.44254720458</double> 
        </void> 
        <void method="add"> 
         <double>125838.08138705256</double> 
        </void> 
        <void method="add"> 
         <double>125845.85866526465</double> 
        </void> 
        <void method="add"> 
         <double>126076.91338292092</double> 
        </void> 
        <void method="add"> 
         <double>126101.93104648509</double> 
        </void> 
        <void method="add"> 
         <double>126240.14122013342</double> 
        </void> 
        <void method="add"> 
         <double>126330.60297255301</double> 
        </void> 
        <void method="add"> 
         <double>126395.47772489107</double> 
        </void> 
        <void method="add"> 
         <double>126425.94724392268</double> 
        </void> 
        <void method="add"> 
         <double>126455.28896080807</double> 
        </void> 
        <void method="add"> 
         <double>126690.99205917087</double> 
        </void> 
        <void method="add"> 
         <double>126776.20001026048</double> 
        </void> 
        <void method="add"> 
         <double>126843.98612298931</double> 
        </void> 
        <void method="add"> 
         <double>124905.69755284056</double> 
        </void> 
        <void method="add"> 
         <double>125750.63292292175</double> 
        </void> 
        <void method="add"> 
         <double>125146.98588995235</double> 
        </void> 
        <void method="add"> 
         <double>125187.46375970288</double> 
        </void> 
        <void method="add"> 
         <double>124972.12632393351</double> 
        </void> 
       </object> 
      </void> 
      <void property="stdev"> 
       <double>687.2282753459822</double> 
      </void> 
     </object> 
    </void> 
    <void index="3"> 
     <object class="jmbench.tools.EvaluationMetrics"> 
      <void property="max"> 
       <double>92369.52638577446</double> 
      </void> 
      <void property="mean"> 
       <double>91291.7570678253</double> 
      </void> 
      <void property="median"> 
       <double>91331.20682203642</double> 
      </void> 
      <void property="min"> 
       <double>89797.75165588761</double> 
      </void> 
      <void property="rawResults"> 
       <object class="java.util.ArrayList"> 
        <void method="add"> 
         <double>89797.75165588761</double> 
        </void> 
        <void method="add"> 
         <double>90429.7709860595</double> 
        </void> 
        <void method="add"> 
         <double>90616.24325150928</double> 
        </void> 
        <void method="add"> 
         <double>90621.13212522781</double> 
        </void> 
        <void method="add"> 
         <double>90899.3394480431</double> 
        </void> 
        <void method="add"> 
         <double>90925.65972823912</double> 
        </void> 
        <void method="add"> 
         <double>90936.66588008859</double> 
        </void> 
        <void method="add"> 
         <double>90999.4542414677</double> 
        </void> 
        <void method="add"> 
         <double>91072.59962527016</double> 
        </void> 
        <void method="add"> 
         <double>91193.17956643389</double> 
        </void> 
        <void method="add"> 
         <double>91216.43989120888</double> 
        </void> 
        <void method="add"> 
         <double>91346.43935593426</double> 
        </void> 
        <void method="add"> 
         <double>91463.57826273472</double> 
        </void> 
        <void method="add"> 
         <double>91608.17129136287</double> 
        </void> 
        <void method="add"> 
         <double>91622.26614810193</double> 
        </void> 
        <void method="add"> 
         <double>91768.14374366839</double> 
        </void> 
        <void method="add"> 
         <double>92000.76759929227</double> 
        </void> 
        <void method="add"> 
         <double>92041.54056877237</double> 
        </void> 
        <void method="add"> 
         <double>92070.83255810165</double> 
        </void> 
        <void method="add"> 
         <double>92369.52638577446</double> 
        </void> 
        <void method="add"> 
         <double>91674.91618574255</double> 
        </void> 
        <void method="add"> 
         <double>91527.89962421903</double> 
        </void> 
        <void method="add"> 
         <double>91331.20682203642</double> 
        </void> 
        <void method="add"> 
         <double>91744.04391488443</double> 
        </void> 
        <void method="add"> 
         <double>91016.35783557159</double> 
        </void> 
       </object> 
      </void> 
      <void property="stdev"> 
       <double>573.7896817545358</double> 
      </void> 
     </object> 
    </void> 
    <void index="4"> 
     <object class="jmbench.tools.EvaluationMetrics"> 
      <void property="max"> 
       <double>18454.108314605674</double> 
      </void> 
      <void property="mean"> 
       <double>18348.15860332505</double> 
      </void> 
      <void property="median"> 
       <double>18375.444896532535</double> 
      </void> 
      <void property="min"> 
       <double>18149.77118024123</double> 
      </void> 
      <void property="rawResults"> 
       <object class="java.util.ArrayList"> 
        <void method="add"> 
         <double>18149.77118024123</double> 
        </void> 
        <void method="add"> 
         <double>18162.760083618974</double> 
        </void> 
        <void method="add"> 
         <double>18259.606806885888</double> 
        </void> 
        <void method="add"> 
         <double>18277.303385939398</double> 
        </void> 
        <void method="add"> 
         <double>18300.634331452067</double> 
        </void> 
        <void method="add"> 
         <double>18307.50784296229</double> 
        </void> 
        <void method="add"> 
         <double>18329.44750100328</double> 
        </void> 
        <void method="add"> 
         <double>18342.65414601995</double> 
        </void> 
        <void method="add"> 
         <double>18369.230535825493</double> 
        </void> 
        <void method="add"> 
         <double>18375.444896532535</double> 
        </void> 
        <void method="add"> 
         <double>18378.29776080283</double> 
        </void> 
        <void method="add"> 
         <double>18380.050484406092</double> 
        </void> 
        <void method="add"> 
         <double>18386.747451692903</double> 
        </void> 
        <void method="add"> 
         <double>18392.956293587667</double> 
        </void> 
        <void method="add"> 
         <double>18401.297657053172</double> 
        </void> 
        <void method="add"> 
         <double>18407.423953455884</double> 
        </void> 
        <void method="add"> 
         <double>18410.204390607214</double> 
        </void> 
        <void method="add"> 
         <double>18420.272781221214</double> 
        </void> 
        <void method="add"> 
         <double>18426.35740564407</double> 
        </void> 
        <void method="add"> 
         <double>18454.108314605674</double> 
        </void> 
        <void method="add"> 
         <double>18287.670252145464</double> 
        </void> 
        <void method="add"> 
         <double>18323.266534573362</double> 
        </void> 
        <void method="add"> 
         <double>18359.209290638417</double> 
        </void> 
        <void method="add"> 
         <double>18402.879933164728</double> 
        </void> 
        <void method="add"> 
         <double>18398.861869046355</double> 
        </void> 
       </object> 
      </void> 
      <void property="stdev"> 
       <double>74.88283042197827</double> 
      </void> 
     </object> 
    </void> 
    <void index="5"> 
     <object class="jmbench.tools.EvaluationMetrics"> 
      <void property="max"> 
       <double>2936.033902383471</double> 
      </void> 
      <void property="mean"> 
       <double>2918.8463063168283</double> 
      </void> 
      <void property="median"> 
       <double>2918.2099005820255</double> 
      </void> 
      <void property="min"> 
       <double>2907.6490810646296</double> 
      </void> 
      <void property="rawResults"> 
       <object class="java.util.ArrayList"> 
        <void method="add"> 
         <double>2907.6490810646296</double> 
        </void> 
        <void method="add"> 
         <double>2907.9796399140655</double> 
        </void> 
        <void method="add"> 
         <double>2909.2368977074607</double> 
        </void> 
        <void method="add"> 
         <double>2909.870520057833</double> 
        </void> 
        <void method="add"> 
         <double>2910.670948661593</double> 
        </void> 
        <void method="add"> 
         <double>2910.6820792630197</double> 
        </void> 
        <void method="add"> 
         <double>2911.802477969538</double> 
        </void> 
        <void method="add"> 
         <double>2914.229697440306</double> 
        </void> 
        <void method="add"> 
         <double>2915.2792519277355</double> 
        </void> 
        <void method="add"> 
         <double>2915.7917540528756</double> 
        </void> 
        <void method="add"> 
         <double>2915.8179305054327</double> 
        </void> 
        <void method="add"> 
         <double>2916.9784221367304</double> 
        </void> 
        <void method="add"> 
         <double>2918.2099005820255</double> 
        </void> 
        <void method="add"> 
         <double>2921.404315326631</double> 
        </void> 
        <void method="add"> 
         <double>2922.6615869452226</double> 
        </void> 
        <void method="add"> 
         <double>2923.53719025278</double> 
        </void> 
        <void method="add"> 
         <double>2923.737112809842</double> 
        </void> 
        <void method="add"> 
         <double>2924.320790192495</double> 
        </void> 
        <void method="add"> 
         <double>2935.8739687513735</double> 
        </void> 
        <void method="add"> 
         <double>2936.033902383471</double> 
        </void> 
        <void method="add"> 
         <double>2920.965185401933</double> 
        </void> 
        <void method="add"> 
         <double>2921.2743466114716</double> 
        </void> 
        <void method="add"> 
         <double>2922.244745428414</double> 
        </void> 
        <void method="add"> 
         <double>2926.220674114081</double> 
        </void> 
        <void method="add"> 
         <double>2928.6852384197564</double> 
        </void> 
       </object> 
      </void> 
      <void property="stdev"> 
       <double>7.775283519823926</double> 
      </void> 
     </object> 
    </void> 
    <void index="6"> 
     <object class="jmbench.tools.EvaluationMetrics"> 
      <void property="max"> 
       <double>115.99760355675551</double> 
      </void> 
      <void property="mean"> 
       <double>114.89970857318023</double> 
      </void> 
      <void property="median"> 
       <double>115.06715246141786</double> 
      </void> 
      <void property="min"> 
       <double>113.03972451094671</double> 
      </void> 
      <void property="rawResults"> 
       <object class="java.util.ArrayList"> 
        <void method="add"> 
         <double>113.03972451094671</double> 
        </void> 
        <void method="add"> 
         <double>113.69397376364488</double> 
        </void> 
        <void method="add"> 
         <double>113.79941317661783</double> 
        </void> 
        <void method="add"> 
         <double>114.46257577474242</double> 
        </void> 
        <void method="add"> 
         <double>114.50627685130944</double> 
        </void> 
        <void method="add"> 
         <double>114.72711484893652</double> 
        </void> 
        <void method="add"> 
         <double>114.79846919992295</double> 
        </void> 
        <void method="add"> 
         <double>114.91509027638266</double> 
        </void> 
        <void method="add"> 
         <double>115.06715246141786</double> 
        </void> 
        <void method="add"> 
         <double>115.11570858276184</double> 
        </void> 
        <void method="add"> 
         <double>115.14046716378806</double> 
        </void> 
        <void method="add"> 
         <double>115.21647152141261</double> 
        </void> 
        <void method="add"> 
         <double>115.37333780069537</double> 
        </void> 
        <void method="add"> 
         <double>115.44272720951334</double> 
        </void> 
        <void method="add"> 
         <double>115.47828624544475</double> 
        </void> 
        <void method="add"> 
         <double>115.50209293204199</double> 
        </void> 
        <void method="add"> 
         <double>115.5326798259782</double> 
        </void> 
        <void method="add"> 
         <double>115.56212484597313</double> 
        </void> 
        <void method="add"> 
         <double>115.66082158212424</double> 
        </void> 
        <void method="add"> 
         <double>115.99760355675551</double> 
        </void> 
        <void method="add"> 
         <double>114.65690795036875</double> 
        </void> 
        <void method="add"> 
         <double>114.69874687387856</double> 
        </void> 
        <void method="add"> 
         <double>115.90575833679152</double> 
        </void> 
        <void method="add"> 
         <double>114.25633993754283</double> 
        </void> 
        <void method="add"> 
         <double>113.94284910051364</double> 
        </void> 
       </object> 
      </void> 
      <void property="stdev"> 
       <double>0.7218043117759424</double> 
      </void> 
     </object> 
    </void> 
    <void index="7"> 
     <object class="jmbench.tools.EvaluationMetrics"> 
      <void property="max"> 
       <double>9.795863990306014</double> 
      </void> 
      <void property="mean"> 
       <double>9.635102103356672</double> 
      </void> 
      <void property="median"> 
       <double>9.631501596627022</double> 
      </void> 
      <void property="min"> 
       <double>9.512869024633932</double> 
      </void> 
      <void property="rawResults"> 
       <object class="java.util.ArrayList"> 
        <void method="add"> 
         <double>9.512869024633932</double> 
        </void> 
        <void method="add"> 
         <double>9.51955865102325</double> 
        </void> 
        <void method="add"> 
         <double>9.54151630628439</double> 
        </void> 
        <void method="add"> 
         <double>9.572134281838144</double> 
        </void> 
        <void method="add"> 
         <double>9.57308124824763</double> 
        </void> 
        <void method="add"> 
         <double>9.588391915559523</double> 
        </void> 
        <void method="add"> 
         <double>9.593568500259643</double> 
        </void> 
        <void method="add"> 
         <double>9.601194559173349</double> 
        </void> 
        <void method="add"> 
         <double>9.609851488486896</double> 
        </void> 
        <void method="add"> 
         <double>9.610975882931315</double> 
        </void> 
        <void method="add"> 
         <double>9.63369018550392</double> 
        </void> 
        <void method="add"> 
         <double>9.63772404731558</double> 
        </void> 
        <void method="add"> 
         <double>9.646562391392077</double> 
        </void> 
        <void method="add"> 
         <double>9.65984500251266</double> 
        </void> 
        <void method="add"> 
         <double>9.663793353215679</double> 
        </void> 
        <void method="add"> 
         <double>9.667961293695544</double> 
        </void> 
        <void method="add"> 
         <double>9.70903426753459</double> 
        </void> 
        <void method="add"> 
         <double>9.713206891707948</double> 
        </void> 
        <void method="add"> 
         <double>9.73176016235607</double> 
        </void> 
        <void method="add"> 
         <double>9.795863990306014</double> 
        </void> 
        <void method="add"> 
         <double>9.595226088884521</double> 
        </void> 
        <void method="add"> 
         <double>9.778788027141392</double> 
        </void> 
        <void method="add"> 
         <double>9.67710366274406</double> 
        </void> 
        <void method="add"> 
         <double>9.631501596627022</double> 
        </void> 
        <void method="add"> 
         <double>9.612349764541714</double> 
        </void> 
       </object> 
      </void> 
      <void property="stdev"> 
       <double>0.07073235318319059</double> 
      </void> 
     </object> 
    </void> 
    <void index="8"> 
     <object class="jmbench.tools.EvaluationMetrics"> 
      <void property="max"> 
       <double>1.0556788576438274</double> 
      </void> 
      <void property="mean"> 
       <double>1.0272879411098057</double> 
      </void> 
      <void property="median"> 
       <double>1.0290570443540679</double> 
      </void> 
      <void property="min"> 
       <double>0.9907447692488692</double> 
      </void> 
      <void property="rawResults"> 
       <object class="java.util.ArrayList"> 
        <void method="add"> 
         <double>0.9907447692488692</double> 
        </void> 
        <void method="add"> 
         <double>1.0061772754622866</double> 
        </void> 
        <void method="add"> 
         <double>1.0100488415884676</double> 
        </void> 
        <void method="add"> 
         <double>1.0125183006386242</double> 
        </void> 
        <void method="add"> 
         <double>1.0189765630606402</double> 
        </void> 
        <void method="add"> 
         <double>1.022379047170782</double> 
        </void> 
        <void method="add"> 
         <double>1.0250086841170114</double> 
        </void> 
        <void method="add"> 
         <double>1.0251655173361347</double> 
        </void> 
        <void method="add"> 
         <double>1.0290570443540679</double> 
        </void> 
        <void method="add"> 
         <double>1.0296358027564254</double> 
        </void> 
        <void method="add"> 
         <double>1.030604531753738</double> 
        </void> 
        <void method="add"> 
         <double>1.0330560428579911</double> 
        </void> 
        <void method="add"> 
         <double>1.0336645506634214</double> 
        </void> 
        <void method="add"> 
         <double>1.0360640249906516</double> 
        </void> 
        <void method="add"> 
         <double>1.036275276416242</double> 
        </void> 
        <void method="add"> 
         <double>1.0376833095843252</double> 
        </void> 
        <void method="add"> 
         <double>1.0412430851834154</double> 
        </void> 
        <void method="add"> 
         <double>1.04523006882805</double> 
        </void> 
        <void method="add"> 
         <double>1.0482962680739865</double> 
        </void> 
        <void method="add"> 
         <double>1.0556788576438274</double> 
        </void> 
        <void method="add"> 
         <double>1.023510250159702</double> 
        </void> 
        <void method="add"> 
         <double>1.019219680316651</double> 
        </void> 
        <void method="add"> 
         <double>1.0265778363526665</double> 
        </void> 
        <void method="add"> 
         <double>1.0308731764553214</double> 
        </void> 
        <void method="add"> 
         <double>1.0145097227318474</double> 
        </void> 
       </object> 
      </void> 
      <void property="stdev"> 
       <double>0.013825724951312514</double> 
      </void> 
     </object> 
    </void> 
    <void index="9"> 
     <object class="jmbench.tools.EvaluationMetrics"> 
      <void property="max"> 
       <double>0.047733288858509706</double> 
      </void> 
      <void property="mean"> 
       <double>0.047638223351291566</double> 
      </void> 
      <void property="median"> 
       <double>0.047644706330785144</double> 
      </void> 
      <void property="min"> 
       <double>0.047536674864579846</double> 
      </void> 
      <void property="rawResults"> 
       <object class="java.util.ArrayList"> 
        <void method="add"> 
         <double>0.047733288858509706</double> 
        </void> 
        <void method="add"> 
         <double>0.047536674864579846</double> 
        </void> 
        <void method="add"> 
         <double>0.047644706330785144</double> 
        </void> 
       </object> 
      </void> 
      <void property="stdev"> 
       <double>8.039812360828E-5</double> 
      </void> 
     </object> 
    </void> 
   </array> 
  </void> 
  <void property="opName"> 
   <string>Solve m&gt;n</string> 
  </void> 
 </object> 
</java> 
