<?xml version="1.0" encoding="UTF-8"?> 
<java version="1.6.0_16" class="java.beans.XMLDecoder"> 
 <object class="jmbench.tools.SystemInfo"> 
  <void property="javaHome"> 
   <string>C:\Program Files\Java\jdk1.6.0_16\jre</string> 
  </void> 
  <void property="javaVendor"> 
   <string>Sun Microsystems Inc.</string> 
  </void> 
  <void property="javaVersion"> 
   <string>1.6.0_16</string> 
  </void> 
  <void property="javaVmName"> 
   <string>Java HotSpot(TM) 64-Bit Server VM</string> 
  </void> 
  <void property="javaVmVersion"> 
   <string>14.2-b01</string> 
  </void> 
  <void property="memory"> 
   <long>128647168</long> 
  </void> 
  <void property="numCPU"> 
   <int>4</int> 
  </void> 
  <void property="osArch"> 
   <string>amd64</string> 
  </void> 
  <void property="osName"> 
   <string>Windows Vista</string> 
  </void> 
  <void property="osVersion"> 
   <string>6.0</string> 
  </void> 
  <void property="time"> 
   <long>1264812185598</long> 
  </void> 
 </object> 
</java> 
