<?xml version="1.0" encoding="UTF-8"?> 
<java version="1.6.0_20" class="java.beans.XMLDecoder"> 
 <object class="jmbench.tools.runtime.OperationResults"> 
  <void property="complete"> 
   <boolean>true</boolean> 
  </void> 
  <void property="library"> 
   <object class="jmbench.impl.MatrixLibrary"> 
    <void property="dateModified"> 
     <string>2010-07-24</string> 
    </void> 
    <void property="libraryDirName"> 
     <string>ejml</string> 
    </void> 
    <void property="plotName"> 
     <string>EJML</string> 
    </void> 
    <void property="saveDirName"> 
     <string>ejml</string> 
    </void> 
    <void property="versionName"> 
     <string>EJML 0.14pre</string> 
    </void> 
   </object> 
  </void> 
  <void property="matDimen"> 
   <array class="int" length="10"> 
    <void index="0"> 
     <int>10</int> 
    </void> 
    <void index="1"> 
     <int>20</int> 
    </void> 
    <void index="2"> 
     <int>50</int> 
    </void> 
    <void index="3"> 
     <int>100</int> 
    </void> 
    <void index="4"> 
     <int>200</int> 
    </void> 
    <void index="5"> 
     <int>500</int> 
    </void> 
    <void index="6"> 
     <int>1000</int> 
    </void> 
    <void index="7"> 
     <int>2000</int> 
    </void> 
    <void index="8"> 
     <int>5000</int> 
    </void> 
    <void index="9"> 
     <int>10000</int> 
    </void> 
   </array> 
  </void> 
  <void property="metrics"> 
   <array class="jmbench.tools.runtime.RuntimeEvaluationMetrics" length="10"> 
    <void index="0"> 
     <object class="jmbench.tools.runtime.RuntimeEvaluationMetrics"> 
      <void property="max"> 
       <double>359172.89621413575</double> 
      </void> 
      <void property="mean"> 
       <double>352784.50207402935</double> 
      </void> 
      <void property="median"> 
       <double>355269.8000388003</double> 
      </void> 
      <void property="min"> 
       <double>340440.30703811574</double> 
      </void> 
      <void property="rawResults"> 
       <object class="java.util.ArrayList"> 
        <void method="add"> 
         <object class="jmbench.tools.runtime.RuntimeResults"> 
          <void property="opsPerSec"> 
           <double>350950.8586722177</double> 
          </void> 
         </object> 
        </void> 
        <void method="add"> 
         <object class="jmbench.tools.runtime.RuntimeResults"> 
          <void property="opsPerSec"> 
           <double>352786.8441331788</double> 
          </void> 
         </object> 
        </void> 
        <void method="add"> 
         <object class="jmbench.tools.runtime.RuntimeResults"> 
          <void property="opsPerSec"> 
           <double>353561.0630206399</double> 
          </void> 
         </object> 
        </void> 
        <void method="add"> 
         <object class="jmbench.tools.runtime.RuntimeResults"> 
          <void property="opsPerSec"> 
           <double>354047.67393216025</double> 
          </void> 
         </object> 
        </void> 
        <void method="add"> 
         <object class="jmbench.tools.runtime.RuntimeResults"> 
          <void property="opsPerSec"> 
           <double>354290.50588545285</double> 
          </void> 
         </object> 
        </void> 
        <void method="add"> 
         <object class="jmbench.tools.runtime.RuntimeResults"> 
          <void property="opsPerSec"> 
           <double>354492.1401520253</double> 
          </void> 
         </object> 
        </void> 
        <void method="add"> 
         <object class="jmbench.tools.runtime.RuntimeResults"> 
          <void property="opsPerSec"> 
           <double>354732.16785961104</double> 
          </void> 
         </object> 
        </void> 
        <void method="add"> 
         <object class="jmbench.tools.runtime.RuntimeResults"> 
          <void property="opsPerSec"> 
           <double>355269.8000388003</double> 
          </void> 
         </object> 
        </void> 
        <void method="add"> 
         <object class="jmbench.tools.runtime.RuntimeResults"> 
          <void property="opsPerSec"> 
           <double>355541.3934217164</double> 
          </void> 
         </object> 
        </void> 
        <void method="add"> 
         <object class="jmbench.tools.runtime.RuntimeResults"> 
          <void property="opsPerSec"> 
           <double>355877.66628934117</double> 
          </void> 
         </object> 
        </void> 
        <void method="add"> 
         <object class="jmbench.tools.runtime.RuntimeResults"> 
          <void property="opsPerSec"> 
           <double>356070.92219432245</double> 
          </void> 
         </object> 
        </void> 
        <void method="add"> 
         <object class="jmbench.tools.runtime.RuntimeResults"> 
          <void property="opsPerSec"> 
           <double>356319.90396439657</double> 
          </void> 
         </object> 
        </void> 
        <void method="add"> 
         <object class="jmbench.tools.runtime.RuntimeResults"> 
          <void property="opsPerSec"> 
           <double>356445.2577187089</double> 
          </void> 
         </object> 
        </void> 
        <void method="add"> 
         <object class="jmbench.tools.runtime.RuntimeResults"> 
          <void property="opsPerSec"> 
           <double>356776.2913867117</double> 
          </void> 
         </object> 
        </void> 
        <void method="add"> 
         <object class="jmbench.tools.runtime.RuntimeResults"> 
          <void property="opsPerSec"> 
           <double>356851.12818969606</double> 
          </void> 
         </object> 
        </void> 
        <void method="add"> 
         <object class="jmbench.tools.runtime.RuntimeResults"> 
          <void property="opsPerSec"> 
           <double>356979.097460691</double> 
          </void> 
         </object> 
        </void> 
        <void method="add"> 
         <object class="jmbench.tools.runtime.RuntimeResults"> 
          <void property="opsPerSec"> 
           <double>357164.92086753907</double> 
          </void> 
         </object> 
        </void> 
        <void method="add"> 
         <object class="jmbench.tools.runtime.RuntimeResults"> 
          <void property="opsPerSec"> 
           <double>357706.60682901245</double> 
          </void> 
         </object> 
        </void> 
        <void method="add"> 
         <object class="jmbench.tools.runtime.RuntimeResults"> 
          <void property="opsPerSec"> 
           <double>358831.2437846879</double> 
          </void> 
         </object> 
        </void> 
        <void method="add"> 
         <object class="jmbench.tools.runtime.RuntimeResults"> 
          <void property="opsPerSec"> 
           <double>359172.89621413575</double> 
          </void> 
         </object> 
        </void> 
        <void method="add"> 
         <object class="jmbench.tools.runtime.RuntimeResults"> 
          <void property="opsPerSec"> 
           <double>340440.30703811574</double> 
          </void> 
         </object> 
        </void> 
        <void method="add"> 
         <object class="jmbench.tools.runtime.RuntimeResults"> 
          <void property="opsPerSec"> 
           <double>341218.6530810111</double> 
          </void> 
         </object> 
        </void> 
        <void method="add"> 
         <object class="jmbench.tools.runtime.RuntimeResults"> 
          <void property="opsPerSec"> 
           <double>340730.17317505804</double> 
          </void> 
         </object> 
        </void> 
        <void method="add"> 
         <object class="jmbench.tools.runtime.RuntimeResults"> 
          <void property="opsPerSec"> 
           <double>340965.48586341715</double> 
          </void> 
         </object> 
        </void> 
        <void method="add"> 
         <object class="jmbench.tools.runtime.RuntimeResults"> 
          <void property="opsPerSec"> 
           <double>342389.5506780866</double> 
          </void> 
         </object> 
        </void> 
       </object> 
      </void> 
      <void property="stdev"> 
       <double>6081.576389775692</double> 
      </void> 
     </object> 
    </void> 
    <void index="1"> 
     <object class="jmbench.tools.runtime.RuntimeEvaluationMetrics"> 
      <void property="max"> 
       <double>75224.22033233443</double> 
      </void> 
      <void property="mean"> 
       <double>74568.13233014333</double> 
      </void> 
      <void property="median"> 
       <double>74585.05260354778</double> 
      </void> 
      <void property="min"> 
       <double>73782.1516498058</double> 
      </void> 
      <void property="rawResults"> 
       <object class="java.util.ArrayList"> 
        <void method="add"> 
         <object class="jmbench.tools.runtime.RuntimeResults"> 
          <void property="opsPerSec"> 
           <double>73966.1753631844</double> 
          </void> 
         </object> 
        </void> 
        <void method="add"> 
         <object class="jmbench.tools.runtime.RuntimeResults"> 
          <void property="opsPerSec"> 
           <double>74023.86287945324</double> 
          </void> 
         </object> 
        </void> 
        <void method="add"> 
         <object class="jmbench.tools.runtime.RuntimeResults"> 
          <void property="opsPerSec"> 
           <double>74060.94956045171</double> 
          </void> 
         </object> 
        </void> 
        <void method="add"> 
         <object class="jmbench.tools.runtime.RuntimeResults"> 
          <void property="opsPerSec"> 
           <double>74064.53799046011</double> 
          </void> 
         </object> 
        </void> 
        <void method="add"> 
         <object class="jmbench.tools.runtime.RuntimeResults"> 
          <void property="opsPerSec"> 
           <double>74128.64640643954</double> 
          </void> 
         </object> 
        </void> 
        <void method="add"> 
         <object class="jmbench.tools.runtime.RuntimeResults"> 
          <void property="opsPerSec"> 
           <double>74186.57608686664</double> 
          </void> 
         </object> 
        </void> 
        <void method="add"> 
         <object class="jmbench.tools.runtime.RuntimeResults"> 
          <void property="opsPerSec"> 
           <double>74272.9773946351</double> 
          </void> 
         </object> 
        </void> 
        <void method="add"> 
         <object class="jmbench.tools.runtime.RuntimeResults"> 
          <void property="opsPerSec"> 
           <double>74422.29392075448</double> 
          </void> 
         </object> 
        </void> 
        <void method="add"> 
         <object class="jmbench.tools.runtime.RuntimeResults"> 
          <void property="opsPerSec"> 
           <double>74474.57675696808</double> 
          </void> 
         </object> 
        </void> 
        <void method="add"> 
         <object class="jmbench.tools.runtime.RuntimeResults"> 
          <void property="opsPerSec"> 
           <double>74488.97582870834</double> 
          </void> 
         </object> 
        </void> 
        <void method="add"> 
         <object class="jmbench.tools.runtime.RuntimeResults"> 
          <void property="opsPerSec"> 
           <double>74508.12081291166</double> 
          </void> 
         </object> 
        </void> 
        <void method="add"> 
         <object class="jmbench.tools.runtime.RuntimeResults"> 
          <void property="opsPerSec"> 
           <double>74585.05260354778</double> 
          </void> 
         </object> 
        </void> 
        <void method="add"> 
         <object class="jmbench.tools.runtime.RuntimeResults"> 
          <void property="opsPerSec"> 
           <double>74654.7845682822</double> 
          </void> 
         </object> 
        </void> 
        <void method="add"> 
         <object class="jmbench.tools.runtime.RuntimeResults"> 
          <void property="opsPerSec"> 
           <double>74699.74194556363</double> 
          </void> 
         </object> 
        </void> 
        <void method="add"> 
         <object class="jmbench.tools.runtime.RuntimeResults"> 
          <void property="opsPerSec"> 
           <double>74767.22073484553</double> 
          </void> 
         </object> 
        </void> 
        <void method="add"> 
         <object class="jmbench.tools.runtime.RuntimeResults"> 
          <void property="opsPerSec"> 
           <double>74805.88346695284</double> 
          </void> 
         </object> 
        </void> 
        <void method="add"> 
         <object class="jmbench.tools.runtime.RuntimeResults"> 
          <void property="opsPerSec"> 
           <double>74902.40206305742</double> 
          </void> 
         </object> 
        </void> 
        <void method="add"> 
         <object class="jmbench.tools.runtime.RuntimeResults"> 
          <void property="opsPerSec"> 
           <double>74946.61036254256</double> 
          </void> 
         </object> 
        </void> 
        <void method="add"> 
         <object class="jmbench.tools.runtime.RuntimeResults"> 
          <void property="opsPerSec"> 
           <double>75172.38427919567</double> 
          </void> 
         </object> 
        </void> 
        <void method="add"> 
         <object class="jmbench.tools.runtime.RuntimeResults"> 
          <void property="opsPerSec"> 
           <double>75224.22033233443</double> 
          </void> 
         </object> 
        </void> 
        <void method="add"> 
         <object class="jmbench.tools.runtime.RuntimeResults"> 
          <void property="opsPerSec"> 
           <double>75059.94843717683</double> 
          </void> 
         </object> 
        </void> 
        <void method="add"> 
         <object class="jmbench.tools.runtime.RuntimeResults"> 
          <void property="opsPerSec"> 
           <double>74933.18806805949</double> 
          </void> 
         </object> 
        </void> 
        <void method="add"> 
         <object class="jmbench.tools.runtime.RuntimeResults"> 
          <void property="opsPerSec"> 
           <double>74862.33888196027</double> 
          </void> 
         </object> 
        </void> 
        <void method="add"> 
         <object class="jmbench.tools.runtime.RuntimeResults"> 
          <void property="opsPerSec"> 
           <double>73782.1516498058</double> 
          </void> 
         </object> 
        </void> 
        <void method="add"> 
         <object class="jmbench.tools.runtime.RuntimeResults"> 
          <void property="opsPerSec"> 
           <double>75209.68785942547</double> 
          </void> 
         </object> 
        </void> 
       </object> 
      </void> 
      <void property="stdev"> 
       <double>414.6351695835332</double> 
      </void> 
     </object> 
    </void> 
    <void index="2"> 
     <object class="jmbench.tools.runtime.RuntimeEvaluationMetrics"> 
      <void property="max"> 
       <double>7874.447718216535</double> 
      </void> 
      <void property="mean"> 
       <double>7737.8853071192425</double> 
      </void> 
      <void property="median"> 
       <double>7712.314885479676</double> 
      </void> 
      <void property="min"> 
       <double>7680.812542986829</double> 
      </void> 
      <void property="rawResults"> 
       <object class="java.util.ArrayList"> 
        <void method="add"> 
         <object class="jmbench.tools.runtime.RuntimeResults"> 
          <void property="opsPerSec"> 
           <double>7680.812542986829</double> 
          </void> 
         </object> 
        </void> 
        <void method="add"> 
         <object class="jmbench.tools.runtime.RuntimeResults"> 
          <void property="opsPerSec"> 
           <double>7686.756188888288</double> 
          </void> 
         </object> 
        </void> 
        <void method="add"> 
         <object class="jmbench.tools.runtime.RuntimeResults"> 
          <void property="opsPerSec"> 
           <double>7688.3846949946255</double> 
          </void> 
         </object> 
        </void> 
        <void method="add"> 
         <object class="jmbench.tools.runtime.RuntimeResults"> 
          <void property="opsPerSec"> 
           <double>7689.823839649832</double> 
          </void> 
         </object> 
        </void> 
        <void method="add"> 
         <object class="jmbench.tools.runtime.RuntimeResults"> 
          <void property="opsPerSec"> 
           <double>7693.825605954072</double> 
          </void> 
         </object> 
        </void> 
        <void method="add"> 
         <object class="jmbench.tools.runtime.RuntimeResults"> 
          <void property="opsPerSec"> 
           <double>7694.167404092271</double> 
          </void> 
         </object> 
        </void> 
        <void method="add"> 
         <object class="jmbench.tools.runtime.RuntimeResults"> 
          <void property="opsPerSec"> 
           <double>7696.238515034095</double> 
          </void> 
         </object> 
        </void> 
        <void method="add"> 
         <object class="jmbench.tools.runtime.RuntimeResults"> 
          <void property="opsPerSec"> 
           <double>7700.941126255148</double> 
          </void> 
         </object> 
        </void> 
        <void method="add"> 
         <object class="jmbench.tools.runtime.RuntimeResults"> 
          <void property="opsPerSec"> 
           <double>7704.8439292274115</double> 
          </void> 
         </object> 
        </void> 
        <void method="add"> 
         <object class="jmbench.tools.runtime.RuntimeResults"> 
          <void property="opsPerSec"> 
           <double>7706.955962058267</double> 
          </void> 
         </object> 
        </void> 
        <void method="add"> 
         <object class="jmbench.tools.runtime.RuntimeResults"> 
          <void property="opsPerSec"> 
           <double>7708.64232848722</double> 
          </void> 
         </object> 
        </void> 
        <void method="add"> 
         <object class="jmbench.tools.runtime.RuntimeResults"> 
          <void property="opsPerSec"> 
           <double>7709.800218352822</double> 
          </void> 
         </object> 
        </void> 
        <void method="add"> 
         <object class="jmbench.tools.runtime.RuntimeResults"> 
          <void property="opsPerSec"> 
           <double>7712.314885479676</double> 
          </void> 
         </object> 
        </void> 
        <void method="add"> 
         <object class="jmbench.tools.runtime.RuntimeResults"> 
          <void property="opsPerSec"> 
           <double>7713.414406823893</double> 
          </void> 
         </object> 
        </void> 
        <void method="add"> 
         <object class="jmbench.tools.runtime.RuntimeResults"> 
          <void property="opsPerSec"> 
           <double>7715.466564532208</double> 
          </void> 
         </object> 
        </void> 
        <void method="add"> 
         <object class="jmbench.tools.runtime.RuntimeResults"> 
          <void property="opsPerSec"> 
           <double>7715.7576725082845</double> 
          </void> 
         </object> 
        </void> 
        <void method="add"> 
         <object class="jmbench.tools.runtime.RuntimeResults"> 
          <void property="opsPerSec"> 
           <double>7719.315281138307</double> 
          </void> 
         </object> 
        </void> 
        <void method="add"> 
         <object class="jmbench.tools.runtime.RuntimeResults"> 
          <void property="opsPerSec"> 
           <double>7725.045841620294</double> 
          </void> 
         </object> 
        </void> 
        <void method="add"> 
         <object class="jmbench.tools.runtime.RuntimeResults"> 
          <void property="opsPerSec"> 
           <double>7727.081968178705</double> 
          </void> 
         </object> 
        </void> 
        <void method="add"> 
         <object class="jmbench.tools.runtime.RuntimeResults"> 
          <void property="opsPerSec"> 
           <double>7737.52767695221</double> 
          </void> 
         </object> 
        </void> 
        <void method="add"> 
         <object class="jmbench.tools.runtime.RuntimeResults"> 
          <void property="opsPerSec"> 
           <double>7863.972336799132</double> 
          </void> 
         </object> 
        </void> 
        <void method="add"> 
         <object class="jmbench.tools.runtime.RuntimeResults"> 
          <void property="opsPerSec"> 
           <double>7869.931304893455</double> 
          </void> 
         </object> 
        </void> 
        <void method="add"> 
         <object class="jmbench.tools.runtime.RuntimeResults"> 
          <void property="opsPerSec"> 
           <double>7865.165544911727</double> 
          </void> 
         </object> 
        </void> 
        <void method="add"> 
         <object class="jmbench.tools.runtime.RuntimeResults"> 
          <void property="opsPerSec"> 
           <double>7846.499119945757</double> 
          </void> 
         </object> 
        </void> 
        <void method="add"> 
         <object class="jmbench.tools.runtime.RuntimeResults"> 
          <void property="opsPerSec"> 
           <double>7874.447718216535</double> 
          </void> 
         </object> 
        </void> 
       </object> 
      </void> 
      <void property="stdev"> 
       <double>64.53769780453443</double> 
      </void> 
     </object> 
    </void> 
    <void index="3"> 
     <object class="jmbench.tools.runtime.RuntimeEvaluationMetrics"> 
      <void property="max"> 
       <double>1230.3223645191076</double> 
      </void> 
      <void property="mean"> 
       <double>1212.4700978239493</double> 
      </void> 
      <void property="median"> 
       <double>1213.8732403122867</double> 
      </void> 
      <void property="min"> 
       <double>1195.1109458024782</double> 
      </void> 
      <void property="rawResults"> 
       <object class="java.util.ArrayList"> 
        <void method="add"> 
         <object class="jmbench.tools.runtime.RuntimeResults"> 
          <void property="opsPerSec"> 
           <double>1195.1109458024782</double> 
          </void> 
         </object> 
        </void> 
        <void method="add"> 
         <object class="jmbench.tools.runtime.RuntimeResults"> 
          <void property="opsPerSec"> 
           <double>1195.9543872530187</double> 
          </void> 
         </object> 
        </void> 
        <void method="add"> 
         <object class="jmbench.tools.runtime.RuntimeResults"> 
          <void property="opsPerSec"> 
           <double>1196.5465503702492</double> 
          </void> 
         </object> 
        </void> 
        <void method="add"> 
         <object class="jmbench.tools.runtime.RuntimeResults"> 
          <void property="opsPerSec"> 
           <double>1200.5845236852908</double> 
          </void> 
         </object> 
        </void> 
        <void method="add"> 
         <object class="jmbench.tools.runtime.RuntimeResults"> 
          <void property="opsPerSec"> 
           <double>1200.7265826523094</double> 
          </void> 
         </object> 
        </void> 
        <void method="add"> 
         <object class="jmbench.tools.runtime.RuntimeResults"> 
          <void property="opsPerSec"> 
           <double>1201.9122121981034</double> 
          </void> 
         </object> 
        </void> 
        <void method="add"> 
         <object class="jmbench.tools.runtime.RuntimeResults"> 
          <void property="opsPerSec"> 
           <double>1203.849363732376</double> 
          </void> 
         </object> 
        </void> 
        <void method="add"> 
         <object class="jmbench.tools.runtime.RuntimeResults"> 
          <void property="opsPerSec"> 
           <double>1205.6702794211437</double> 
          </void> 
         </object> 
        </void> 
        <void method="add"> 
         <object class="jmbench.tools.runtime.RuntimeResults"> 
          <void property="opsPerSec"> 
           <double>1208.0630600978293</double> 
          </void> 
         </object> 
        </void> 
        <void method="add"> 
         <object class="jmbench.tools.runtime.RuntimeResults"> 
          <void property="opsPerSec"> 
           <double>1208.3586752068081</double> 
          </void> 
         </object> 
        </void> 
        <void method="add"> 
         <object class="jmbench.tools.runtime.RuntimeResults"> 
          <void property="opsPerSec"> 
           <double>1208.8918413640436</double> 
          </void> 
         </object> 
        </void> 
        <void method="add"> 
         <object class="jmbench.tools.runtime.RuntimeResults"> 
          <void property="opsPerSec"> 
           <double>1212.3422195778874</double> 
          </void> 
         </object> 
        </void> 
        <void method="add"> 
         <object class="jmbench.tools.runtime.RuntimeResults"> 
          <void property="opsPerSec"> 
           <double>1213.8732403122867</double> 
          </void> 
         </object> 
        </void> 
        <void method="add"> 
         <object class="jmbench.tools.runtime.RuntimeResults"> 
          <void property="opsPerSec"> 
           <double>1215.3705412800957</double> 
          </void> 
         </object> 
        </void> 
        <void method="add"> 
         <object class="jmbench.tools.runtime.RuntimeResults"> 
          <void property="opsPerSec"> 
           <double>1216.4132193823643</double> 
          </void> 
         </object> 
        </void> 
        <void method="add"> 
         <object class="jmbench.tools.runtime.RuntimeResults"> 
          <void property="opsPerSec"> 
           <double>1217.219709507782</double> 
          </void> 
         </object> 
        </void> 
        <void method="add"> 
         <object class="jmbench.tools.runtime.RuntimeResults"> 
          <void property="opsPerSec"> 
           <double>1217.562993606619</double> 
          </void> 
         </object> 
        </void> 
        <void method="add"> 
         <object class="jmbench.tools.runtime.RuntimeResults"> 
          <void property="opsPerSec"> 
           <double>1217.8487918939984</double> 
          </void> 
         </object> 
        </void> 
        <void method="add"> 
         <object class="jmbench.tools.runtime.RuntimeResults"> 
          <void property="opsPerSec"> 
           <double>1222.6100549806472</double> 
          </void> 
         </object> 
        </void> 
        <void method="add"> 
         <object class="jmbench.tools.runtime.RuntimeResults"> 
          <void property="opsPerSec"> 
           <double>1223.3488875629641</double> 
          </void> 
         </object> 
        </void> 
        <void method="add"> 
         <object class="jmbench.tools.runtime.RuntimeResults"> 
          <void property="opsPerSec"> 
           <double>1219.1399650761653</double> 
          </void> 
         </object> 
        </void> 
        <void method="add"> 
         <object class="jmbench.tools.runtime.RuntimeResults"> 
          <void property="opsPerSec"> 
           <double>1223.4850258543993</double> 
          </void> 
         </object> 
        </void> 
        <void method="add"> 
         <object class="jmbench.tools.runtime.RuntimeResults"> 
          <void property="opsPerSec"> 
           <double>1226.5523354612283</double> 
          </void> 
         </object> 
        </void> 
        <void method="add"> 
         <object class="jmbench.tools.runtime.RuntimeResults"> 
          <void property="opsPerSec"> 
           <double>1230.3223645191076</double> 
          </void> 
         </object> 
        </void> 
        <void method="add"> 
         <object class="jmbench.tools.runtime.RuntimeResults"> 
          <void property="opsPerSec"> 
           <double>1229.9946747995386</double> 
          </void> 
         </object> 
        </void> 
       </object> 
      </void> 
      <void property="stdev"> 
       <double>10.397071450663882</double> 
      </void> 
     </object> 
    </void> 
    <void index="4"> 
     <object class="jmbench.tools.runtime.RuntimeEvaluationMetrics"> 
      <void property="max"> 
       <double>134.36728346695597</double> 
      </void> 
      <void property="mean"> 
       <double>133.80078362247943</double> 
      </void> 
      <void property="median"> 
       <double>133.9170607004062</double> 
      </void> 
      <void property="min"> 
       <double>132.52494236842537</double> 
      </void> 
      <void property="rawResults"> 
       <object class="java.util.ArrayList"> 
        <void method="add"> 
         <object class="jmbench.tools.runtime.RuntimeResults"> 
          <void property="opsPerSec"> 
           <double>132.52494236842537</double> 
          </void> 
         </object> 
        </void> 
        <void method="add"> 
         <object class="jmbench.tools.runtime.RuntimeResults"> 
          <void property="opsPerSec"> 
           <double>132.83918943941862</double> 
          </void> 
         </object> 
        </void> 
        <void method="add"> 
         <object class="jmbench.tools.runtime.RuntimeResults"> 
          <void property="opsPerSec"> 
           <double>133.4191719634641</double> 
          </void> 
         </object> 
        </void> 
        <void method="add"> 
         <object class="jmbench.tools.runtime.RuntimeResults"> 
          <void property="opsPerSec"> 
           <double>133.57306598881436</double> 
          </void> 
         </object> 
        </void> 
        <void method="add"> 
         <object class="jmbench.tools.runtime.RuntimeResults"> 
          <void property="opsPerSec"> 
           <double>133.6255100095837</double> 
          </void> 
         </object> 
        </void> 
        <void method="add"> 
         <object class="jmbench.tools.runtime.RuntimeResults"> 
          <void property="opsPerSec"> 
           <double>133.62984532844024</double> 
          </void> 
         </object> 
        </void> 
        <void method="add"> 
         <object class="jmbench.tools.runtime.RuntimeResults"> 
          <void property="opsPerSec"> 
           <double>133.71253006447878</double> 
          </void> 
         </object> 
        </void> 
        <void method="add"> 
         <object class="jmbench.tools.runtime.RuntimeResults"> 
          <void property="opsPerSec"> 
           <double>133.73845216704532</double> 
          </void> 
         </object> 
        </void> 
        <void method="add"> 
         <object class="jmbench.tools.runtime.RuntimeResults"> 
          <void property="opsPerSec"> 
           <double>133.81078087767193</double> 
          </void> 
         </object> 
        </void> 
        <void method="add"> 
         <object class="jmbench.tools.runtime.RuntimeResults"> 
          <void property="opsPerSec"> 
           <double>133.82201671776537</double> 
          </void> 
         </object> 
        </void> 
        <void method="add"> 
         <object class="jmbench.tools.runtime.RuntimeResults"> 
          <void property="opsPerSec"> 
           <double>133.91193058698397</double> 
          </void> 
         </object> 
        </void> 
        <void method="add"> 
         <object class="jmbench.tools.runtime.RuntimeResults"> 
          <void property="opsPerSec"> 
           <double>133.9170607004062</double> 
          </void> 
         </object> 
        </void> 
        <void method="add"> 
         <object class="jmbench.tools.runtime.RuntimeResults"> 
          <void property="opsPerSec"> 
           <double>133.92286043239093</double> 
          </void> 
         </object> 
        </void> 
        <void method="add"> 
         <object class="jmbench.tools.runtime.RuntimeResults"> 
          <void property="opsPerSec"> 
           <double>133.94521842493884</double> 
          </void> 
         </object> 
        </void> 
        <void method="add"> 
         <object class="jmbench.tools.runtime.RuntimeResults"> 
          <void property="opsPerSec"> 
           <double>133.9663046346996</double> 
          </void> 
         </object> 
        </void> 
        <void method="add"> 
         <object class="jmbench.tools.runtime.RuntimeResults"> 
          <void property="opsPerSec"> 
           <double>133.96927637928368</double> 
          </void> 
         </object> 
        </void> 
        <void method="add"> 
         <object class="jmbench.tools.runtime.RuntimeResults"> 
          <void property="opsPerSec"> 
           <double>134.22014101441118</double> 
          </void> 
         </object> 
        </void> 
        <void method="add"> 
         <object class="jmbench.tools.runtime.RuntimeResults"> 
          <void property="opsPerSec"> 
           <double>134.22845885544504</double> 
          </void> 
         </object> 
        </void> 
        <void method="add"> 
         <object class="jmbench.tools.runtime.RuntimeResults"> 
          <void property="opsPerSec"> 
           <double>134.3106985452888</double> 
          </void> 
         </object> 
        </void> 
        <void method="add"> 
         <object class="jmbench.tools.runtime.RuntimeResults"> 
          <void property="opsPerSec"> 
           <double>134.36728346695597</double> 
          </void> 
         </object> 
        </void> 
        <void method="add"> 
         <object class="jmbench.tools.runtime.RuntimeResults"> 
          <void property="opsPerSec"> 
           <double>132.69255705611988</double> 
          </void> 
         </object> 
        </void> 
        <void method="add"> 
         <object class="jmbench.tools.runtime.RuntimeResults"> 
          <void property="opsPerSec"> 
           <double>134.16197688177303</double> 
          </void> 
         </object> 
        </void> 
        <void method="add"> 
         <object class="jmbench.tools.runtime.RuntimeResults"> 
          <void property="opsPerSec"> 
           <double>134.29349293043063</double> 
          </void> 
         </object> 
        </void> 
        <void method="add"> 
         <object class="jmbench.tools.runtime.RuntimeResults"> 
          <void property="opsPerSec"> 
           <double>134.23480498647325</double> 
          </void> 
         </object> 
        </void> 
        <void method="add"> 
         <object class="jmbench.tools.runtime.RuntimeResults"> 
          <void property="opsPerSec"> 
           <double>134.18202074127743</double> 
          </void> 
         </object> 
        </void> 
       </object> 
      </void> 
      <void property="stdev"> 
       <double>0.48225782058463657</double> 
      </void> 
     </object> 
    </void> 
    <void index="5"> 
     <object class="jmbench.tools.runtime.RuntimeEvaluationMetrics"> 
      <void property="max"> 
       <double>8.288058432801085</double> 
      </void> 
      <void property="mean"> 
       <double>8.279126081045765</double> 
      </void> 
      <void property="median"> 
       <double>8.28289327425753</double> 
      </void> 
      <void property="min"> 
       <double>8.259236965437406</double> 
      </void> 
      <void property="rawResults"> 
       <object class="java.util.ArrayList"> 
        <void method="add"> 
         <object class="jmbench.tools.runtime.RuntimeResults"> 
          <void property="opsPerSec"> 
           <double>8.259236965437406</double> 
          </void> 
         </object> 
        </void> 
        <void method="add"> 
         <object class="jmbench.tools.runtime.RuntimeResults"> 
          <void property="opsPerSec"> 
           <double>8.2634957760315</double> 
          </void> 
         </object> 
        </void> 
        <void method="add"> 
         <object class="jmbench.tools.runtime.RuntimeResults"> 
          <void property="opsPerSec"> 
           <double>8.265522982782585</double> 
          </void> 
         </object> 
        </void> 
        <void method="add"> 
         <object class="jmbench.tools.runtime.RuntimeResults"> 
          <void property="opsPerSec"> 
           <double>8.266178895982373</double> 
          </void> 
         </object> 
        </void> 
        <void method="add"> 
         <object class="jmbench.tools.runtime.RuntimeResults"> 
          <void property="opsPerSec"> 
           <double>8.276397237934503</double> 
          </void> 
         </object> 
        </void> 
        <void method="add"> 
         <object class="jmbench.tools.runtime.RuntimeResults"> 
          <void property="opsPerSec"> 
           <double>8.279563090767525</double> 
          </void> 
         </object> 
        </void> 
        <void method="add"> 
         <object class="jmbench.tools.runtime.RuntimeResults"> 
          <void property="opsPerSec"> 
           <double>8.279604221670837</double> 
          </void> 
         </object> 
        </void> 
        <void method="add"> 
         <object class="jmbench.tools.runtime.RuntimeResults"> 
          <void property="opsPerSec"> 
           <double>8.281406156264834</double> 
          </void> 
         </object> 
        </void> 
        <void method="add"> 
         <object class="jmbench.tools.runtime.RuntimeResults"> 
          <void property="opsPerSec"> 
           <double>8.282259400364419</double> 
          </void> 
         </object> 
        </void> 
        <void method="add"> 
         <object class="jmbench.tools.runtime.RuntimeResults"> 
          <void property="opsPerSec"> 
           <double>8.28250086469309</double> 
          </void> 
         </object> 
        </void> 
        <void method="add"> 
         <object class="jmbench.tools.runtime.RuntimeResults"> 
          <void property="opsPerSec"> 
           <double>8.282745087255407</double> 
          </void> 
         </object> 
        </void> 
        <void method="add"> 
         <object class="jmbench.tools.runtime.RuntimeResults"> 
          <void property="opsPerSec"> 
           <double>8.28289327425753</double> 
          </void> 
         </object> 
        </void> 
        <void method="add"> 
         <object class="jmbench.tools.runtime.RuntimeResults"> 
          <void property="opsPerSec"> 
           <double>8.283230831112874</double> 
          </void> 
         </object> 
        </void> 
        <void method="add"> 
         <object class="jmbench.tools.runtime.RuntimeResults"> 
          <void property="opsPerSec"> 
           <double>8.283310421696706</double> 
          </void> 
         </object> 
        </void> 
        <void method="add"> 
         <object class="jmbench.tools.runtime.RuntimeResults"> 
          <void property="opsPerSec"> 
           <double>8.2837276111552</double> 
          </void> 
         </object> 
        </void> 
        <void method="add"> 
         <object class="jmbench.tools.runtime.RuntimeResults"> 
          <void property="opsPerSec"> 
           <double>8.284861371071651</double> 
          </void> 
         </object> 
        </void> 
        <void method="add"> 
         <object class="jmbench.tools.runtime.RuntimeResults"> 
          <void property="opsPerSec"> 
           <double>8.28499041426609</double> 
          </void> 
         </object> 
        </void> 
        <void method="add"> 
         <object class="jmbench.tools.runtime.RuntimeResults"> 
          <void property="opsPerSec"> 
           <double>8.285759265550299</double> 
          </void> 
         </object> 
        </void> 
        <void method="add"> 
         <object class="jmbench.tools.runtime.RuntimeResults"> 
          <void property="opsPerSec"> 
           <double>8.28635522345317</double> 
          </void> 
         </object> 
        </void> 
        <void method="add"> 
         <object class="jmbench.tools.runtime.RuntimeResults"> 
          <void property="opsPerSec"> 
           <double>8.288058432801085</double> 
          </void> 
         </object> 
        </void> 
        <void method="add"> 
         <object class="jmbench.tools.runtime.RuntimeResults"> 
          <void property="opsPerSec"> 
           <double>8.262307781540617</double> 
          </void> 
         </object> 
        </void> 
        <void method="add"> 
         <object class="jmbench.tools.runtime.RuntimeResults"> 
          <void property="opsPerSec"> 
           <double>8.283697418402268</double> 
          </void> 
         </object> 
        </void> 
        <void method="add"> 
         <object class="jmbench.tools.runtime.RuntimeResults"> 
          <void property="opsPerSec"> 
           <double>8.283362568080957</double> 
          </void> 
         </object> 
        </void> 
        <void method="add"> 
         <object class="jmbench.tools.runtime.RuntimeResults"> 
          <void property="opsPerSec"> 
           <double>8.283046955267903</double> 
          </void> 
         </object> 
        </void> 
        <void method="add"> 
         <object class="jmbench.tools.runtime.RuntimeResults"> 
          <void property="opsPerSec"> 
           <double>8.283639778303293</double> 
          </void> 
         </object> 
        </void> 
       </object> 
      </void> 
      <void property="stdev"> 
       <double>0.00827146199846598</double> 
      </void> 
     </object> 
    </void> 
    <void index="6"> 
     <object class="jmbench.tools.runtime.RuntimeEvaluationMetrics"> 
      <void property="max"> 
       <double>0.73951406038083</double> 
      </void> 
      <void property="mean"> 
       <double>0.738044190849959</double> 
      </void> 
      <void property="median"> 
       <double>0.7379906777017593</double> 
      </void> 
      <void property="min"> 
       <double>0.7372376785466784</double> 
      </void> 
      <void property="rawResults"> 
       <object class="java.util.ArrayList"> 
        <void method="add"> 
         <object class="jmbench.tools.runtime.RuntimeResults"> 
          <void property="opsPerSec"> 
           <double>0.7372376785466784</double> 
          </void> 
         </object> 
        </void> 
        <void method="add"> 
         <object class="jmbench.tools.runtime.RuntimeResults"> 
          <void property="opsPerSec"> 
           <double>0.7372393091084688</double> 
          </void> 
         </object> 
        </void> 
        <void method="add"> 
         <object class="jmbench.tools.runtime.RuntimeResults"> 
          <void property="opsPerSec"> 
           <double>0.7373442237436638</double> 
          </void> 
         </object> 
        </void> 
        <void method="add"> 
         <object class="jmbench.tools.runtime.RuntimeResults"> 
          <void property="opsPerSec"> 
           <double>0.7374972098022229</double> 
          </void> 
         </object> 
        </void> 
        <void method="add"> 
         <object class="jmbench.tools.runtime.RuntimeResults"> 
          <void property="opsPerSec"> 
           <double>0.7375019236508509</double> 
          </void> 
         </object> 
        </void> 
        <void method="add"> 
         <object class="jmbench.tools.runtime.RuntimeResults"> 
          <void property="opsPerSec"> 
           <double>0.7378249657833673</double> 
          </void> 
         </object> 
        </void> 
        <void method="add"> 
         <object class="jmbench.tools.runtime.RuntimeResults"> 
          <void property="opsPerSec"> 
           <double>0.7378501898488539</double> 
          </void> 
         </object> 
        </void> 
        <void method="add"> 
         <object class="jmbench.tools.runtime.RuntimeResults"> 
          <void property="opsPerSec"> 
           <double>0.7378618043869328</double> 
          </void> 
         </object> 
        </void> 
        <void method="add"> 
         <object class="jmbench.tools.runtime.RuntimeResults"> 
          <void property="opsPerSec"> 
           <double>0.737876323073737</double> 
          </void> 
         </object> 
        </void> 
        <void method="add"> 
         <object class="jmbench.tools.runtime.RuntimeResults"> 
          <void property="opsPerSec"> 
           <double>0.7378999171584361</double> 
          </void> 
         </object> 
        </void> 
        <void method="add"> 
         <object class="jmbench.tools.runtime.RuntimeResults"> 
          <void property="opsPerSec"> 
           <double>0.7379066326737678</double> 
          </void> 
         </object> 
        </void> 
        <void method="add"> 
         <object class="jmbench.tools.runtime.RuntimeResults"> 
          <void property="opsPerSec"> 
           <double>0.7379636287245946</double> 
          </void> 
         </object> 
        </void> 
        <void method="add"> 
         <object class="jmbench.tools.runtime.RuntimeResults"> 
          <void property="opsPerSec"> 
           <double>0.7379924931403598</double> 
          </void> 
         </object> 
        </void> 
        <void method="add"> 
         <object class="jmbench.tools.runtime.RuntimeResults"> 
          <void property="opsPerSec"> 
           <double>0.7380665706524066</double> 
          </void> 
         </object> 
        </void> 
        <void method="add"> 
         <object class="jmbench.tools.runtime.RuntimeResults"> 
          <void property="opsPerSec"> 
           <double>0.738107065382262</double> 
          </void> 
         </object> 
        </void> 
        <void method="add"> 
         <object class="jmbench.tools.runtime.RuntimeResults"> 
          <void property="opsPerSec"> 
           <double>0.7381482910390765</double> 
          </void> 
         </object> 
        </void> 
        <void method="add"> 
         <object class="jmbench.tools.runtime.RuntimeResults"> 
          <void property="opsPerSec"> 
           <double>0.7383675726682906</double> 
          </void> 
         </object> 
        </void> 
        <void method="add"> 
         <object class="jmbench.tools.runtime.RuntimeResults"> 
          <void property="opsPerSec"> 
           <double>0.7386362657111012</double> 
          </void> 
         </object> 
        </void> 
        <void method="add"> 
         <object class="jmbench.tools.runtime.RuntimeResults"> 
          <void property="opsPerSec"> 
           <double>0.7392072052004706</double> 
          </void> 
         </object> 
        </void> 
        <void method="add"> 
         <object class="jmbench.tools.runtime.RuntimeResults"> 
          <void property="opsPerSec"> 
           <double>0.73951406038083</double> 
          </void> 
         </object> 
        </void> 
        <void method="add"> 
         <object class="jmbench.tools.runtime.RuntimeResults"> 
          <void property="opsPerSec"> 
           <double>0.7387392134840591</double> 
          </void> 
         </object> 
        </void> 
        <void method="add"> 
         <object class="jmbench.tools.runtime.RuntimeResults"> 
          <void property="opsPerSec"> 
           <double>0.7379906777017593</double> 
          </void> 
         </object> 
        </void> 
        <void method="add"> 
         <object class="jmbench.tools.runtime.RuntimeResults"> 
          <void property="opsPerSec"> 
           <double>0.7381402998030642</double> 
          </void> 
         </object> 
        </void> 
        <void method="add"> 
         <object class="jmbench.tools.runtime.RuntimeResults"> 
          <void property="opsPerSec"> 
           <double>0.7381030701889274</double> 
          </void> 
         </object> 
        </void> 
        <void method="add"> 
         <object class="jmbench.tools.runtime.RuntimeResults"> 
          <void property="opsPerSec"> 
           <double>0.7380881793947922</double> 
          </void> 
         </object> 
        </void> 
       </object> 
      </void> 
      <void property="stdev"> 
       <double>5.314745571892494E-4</double> 
      </void> 
     </object> 
    </void> 
    <void index="7"> 
     <object class="jmbench.tools.runtime.RuntimeEvaluationMetrics"> 
      <void property="max"> 
       <double>0.06395570376792471</double> 
      </void> 
      <void property="mean"> 
       <double>0.06366454534091966</double> 
      </void> 
      <void property="median"> 
       <double>0.06388175844250141</double> 
      </void> 
      <void property="min"> 
       <double>0.0628633580675502</double> 
      </void> 
      <void property="rawResults"> 
       <object class="java.util.ArrayList"> 
        <void method="add"> 
         <object class="jmbench.tools.runtime.RuntimeResults"> 
          <void property="opsPerSec"> 
           <double>0.0628633580675502</double> 
          </void> 
         </object> 
        </void> 
        <void method="add"> 
         <object class="jmbench.tools.runtime.RuntimeResults"> 
          <void property="opsPerSec"> 
           <double>0.0630608434349973</double> 
          </void> 
         </object> 
        </void> 
        <void method="add"> 
         <object class="jmbench.tools.runtime.RuntimeResults"> 
          <void property="opsPerSec"> 
           <double>0.06312200422967926</double> 
          </void> 
         </object> 
        </void> 
        <void method="add"> 
         <object class="jmbench.tools.runtime.RuntimeResults"> 
          <void property="opsPerSec"> 
           <double>0.0631653442580744</double> 
          </void> 
         </object> 
        </void> 
        <void method="add"> 
         <object class="jmbench.tools.runtime.RuntimeResults"> 
          <void property="opsPerSec"> 
           <double>0.063488939433139</double> 
          </void> 
         </object> 
        </void> 
        <void method="add"> 
         <object class="jmbench.tools.runtime.RuntimeResults"> 
          <void property="opsPerSec"> 
           <double>0.06351878170976681</double> 
          </void> 
         </object> 
        </void> 
        <void method="add"> 
         <object class="jmbench.tools.runtime.RuntimeResults"> 
          <void property="opsPerSec"> 
           <double>0.06354964956181246</double> 
          </void> 
         </object> 
        </void> 
        <void method="add"> 
         <object class="jmbench.tools.runtime.RuntimeResults"> 
          <void property="opsPerSec"> 
           <double>0.06355572413358294</double> 
          </void> 
         </object> 
        </void> 
        <void method="add"> 
         <object class="jmbench.tools.runtime.RuntimeResults"> 
          <void property="opsPerSec"> 
           <double>0.06386645881114758</double> 
          </void> 
         </object> 
        </void> 
        <void method="add"> 
         <object class="jmbench.tools.runtime.RuntimeResults"> 
          <void property="opsPerSec"> 
           <double>0.06386820463858164</double> 
          </void> 
         </object> 
        </void> 
        <void method="add"> 
         <object class="jmbench.tools.runtime.RuntimeResults"> 
          <void property="opsPerSec"> 
           <double>0.06388175844250141</double> 
          </void> 
         </object> 
        </void> 
        <void method="add"> 
         <object class="jmbench.tools.runtime.RuntimeResults"> 
          <void property="opsPerSec"> 
           <double>0.0638903743400923</double> 
          </void> 
         </object> 
        </void> 
        <void method="add"> 
         <object class="jmbench.tools.runtime.RuntimeResults"> 
          <void property="opsPerSec"> 
           <double>0.06389197043411847</double> 
          </void> 
         </object> 
        </void> 
        <void method="add"> 
         <object class="jmbench.tools.runtime.RuntimeResults"> 
          <void property="opsPerSec"> 
           <double>0.06390562825814858</double> 
          </void> 
         </object> 
        </void> 
        <void method="add"> 
         <object class="jmbench.tools.runtime.RuntimeResults"> 
          <void property="opsPerSec"> 
           <double>0.06391315582647349</double> 
          </void> 
         </object> 
        </void> 
        <void method="add"> 
         <object class="jmbench.tools.runtime.RuntimeResults"> 
          <void property="opsPerSec"> 
           <double>0.06391564770743201</double> 
          </void> 
         </object> 
        </void> 
        <void method="add"> 
         <object class="jmbench.tools.runtime.RuntimeResults"> 
          <void property="opsPerSec"> 
           <double>0.06392211116323604</double> 
          </void> 
         </object> 
        </void> 
        <void method="add"> 
         <object class="jmbench.tools.runtime.RuntimeResults"> 
          <void property="opsPerSec"> 
           <double>0.06394959339569527</double> 
          </void> 
         </object> 
        </void> 
        <void method="add"> 
         <object class="jmbench.tools.runtime.RuntimeResults"> 
          <void property="opsPerSec"> 
           <double>0.06395015775864417</double> 
          </void> 
         </object> 
        </void> 
        <void method="add"> 
         <object class="jmbench.tools.runtime.RuntimeResults"> 
          <void property="opsPerSec"> 
           <double>0.06395570376792471</double> 
          </void> 
         </object> 
        </void> 
        <void method="add"> 
         <object class="jmbench.tools.runtime.RuntimeResults"> 
          <void property="opsPerSec"> 
           <double>0.06315534326097436</double> 
          </void> 
         </object> 
        </void> 
        <void method="add"> 
         <object class="jmbench.tools.runtime.RuntimeResults"> 
          <void property="opsPerSec"> 
           <double>0.06352019386363167</double> 
          </void> 
         </object> 
        </void> 
        <void method="add"> 
         <object class="jmbench.tools.runtime.RuntimeResults"> 
          <void property="opsPerSec"> 
           <double>0.06390593047034765</double> 
          </void> 
         </object> 
        </void> 
        <void method="add"> 
         <object class="jmbench.tools.runtime.RuntimeResults"> 
          <void property="opsPerSec"> 
           <double>0.0639020713536919</double> 
          </void> 
         </object> 
        </void> 
        <void method="add"> 
         <object class="jmbench.tools.runtime.RuntimeResults"> 
          <void property="opsPerSec"> 
           <double>0.06389468520174811</double> 
          </void> 
         </object> 
        </void> 
       </object> 
      </void> 
      <void property="stdev"> 
       <double>3.348958290360507E-4</double> 
      </void> 
     </object> 
    </void> 
    <void index="8"> 
     <object class="jmbench.tools.runtime.RuntimeEvaluationMetrics"> 
      <void property="max"> 
       <double>0.003032727236224265</double> 
      </void> 
      <void property="mean"> 
       <double>0.00302884648046226</double> 
      </void> 
      <void property="median"> 
       <double>0.0030291318118983663</double> 
      </void> 
      <void property="min"> 
       <double>0.0030193867212517035</double> 
      </void> 
      <void property="rawResults"> 
       <object class="java.util.ArrayList"> 
        <void method="add"> 
         <object class="jmbench.tools.runtime.RuntimeResults"> 
          <void property="opsPerSec"> 
           <double>0.0030193867212517035</double> 
          </void> 
         </object> 
        </void> 
        <void method="add"> 
         <object class="jmbench.tools.runtime.RuntimeResults"> 
          <void property="opsPerSec"> 
           <double>0.0030223698498103723</double> 
          </void> 
         </object> 
        </void> 
        <void method="add"> 
         <object class="jmbench.tools.runtime.RuntimeResults"> 
          <void property="opsPerSec"> 
           <double>0.003025768009210825</double> 
          </void> 
         </object> 
        </void> 
        <void method="add"> 
         <object class="jmbench.tools.runtime.RuntimeResults"> 
          <void property="opsPerSec"> 
           <double>0.0030259857738725617</double> 
          </void> 
         </object> 
        </void> 
        <void method="add"> 
         <object class="jmbench.tools.runtime.RuntimeResults"> 
          <void property="opsPerSec"> 
           <double>0.0030262345697179096</double> 
          </void> 
         </object> 
        </void> 
        <void method="add"> 
         <object class="jmbench.tools.runtime.RuntimeResults"> 
          <void property="opsPerSec"> 
           <double>0.0030270995425873996</double> 
          </void> 
         </object> 
        </void> 
        <void method="add"> 
         <object class="jmbench.tools.runtime.RuntimeResults"> 
          <void property="opsPerSec"> 
           <double>0.003027796913622483</double> 
          </void> 
         </object> 
        </void> 
        <void method="add"> 
         <object class="jmbench.tools.runtime.RuntimeResults"> 
          <void property="opsPerSec"> 
           <double>0.003028093833978221</double> 
          </void> 
         </object> 
        </void> 
        <void method="add"> 
         <object class="jmbench.tools.runtime.RuntimeResults"> 
          <void property="opsPerSec"> 
           <double>0.0030288785945920935</double> 
          </void> 
         </object> 
        </void> 
        <void method="add"> 
         <object class="jmbench.tools.runtime.RuntimeResults"> 
          <void property="opsPerSec"> 
           <double>0.003029093549964815</double> 
          </void> 
         </object> 
        </void> 
        <void method="add"> 
         <object class="jmbench.tools.runtime.RuntimeResults"> 
          <void property="opsPerSec"> 
           <double>0.0030291318118983663</double> 
          </void> 
         </object> 
        </void> 
        <void method="add"> 
         <object class="jmbench.tools.runtime.RuntimeResults"> 
          <void property="opsPerSec"> 
           <double>0.0030299024037530745</double> 
          </void> 
         </object> 
        </void> 
        <void method="add"> 
         <object class="jmbench.tools.runtime.RuntimeResults"> 
          <void property="opsPerSec"> 
           <double>0.003030453680583727</double> 
          </void> 
         </object> 
        </void> 
        <void method="add"> 
         <object class="jmbench.tools.runtime.RuntimeResults"> 
          <void property="opsPerSec"> 
           <double>0.003030900981143868</double> 
          </void> 
         </object> 
        </void> 
        <void method="add"> 
         <object class="jmbench.tools.runtime.RuntimeResults"> 
          <void property="opsPerSec"> 
           <double>0.0030311694211918637</double> 
          </void> 
         </object> 
        </void> 
        <void method="add"> 
         <object class="jmbench.tools.runtime.RuntimeResults"> 
          <void property="opsPerSec"> 
           <double>0.0030311967281383763</double> 
          </void> 
         </object> 
        </void> 
        <void method="add"> 
         <object class="jmbench.tools.runtime.RuntimeResults"> 
          <void property="opsPerSec"> 
           <double>0.003031368813648078</double> 
          </void> 
         </object> 
        </void> 
        <void method="add"> 
         <object class="jmbench.tools.runtime.RuntimeResults"> 
          <void property="opsPerSec"> 
           <double>0.003031624294851389</double> 
          </void> 
         </object> 
        </void> 
        <void method="add"> 
         <object class="jmbench.tools.runtime.RuntimeResults"> 
          <void property="opsPerSec"> 
           <double>0.0030322871016974146</double> 
          </void> 
         </object> 
        </void> 
        <void method="add"> 
         <object class="jmbench.tools.runtime.RuntimeResults"> 
          <void property="opsPerSec"> 
           <double>0.003032727236224265</double> 
          </void> 
         </object> 
        </void> 
        <void method="add"> 
         <object class="jmbench.tools.runtime.RuntimeResults"> 
          <void property="opsPerSec"> 
           <double>0.0030279426847511794</double> 
          </void> 
         </object> 
        </void> 
        <void method="add"> 
         <object class="jmbench.tools.runtime.RuntimeResults"> 
          <void property="opsPerSec"> 
           <double>0.0030289238603053046</double> 
          </void> 
         </object> 
        </void> 
        <void method="add"> 
         <object class="jmbench.tools.runtime.RuntimeResults"> 
          <void property="opsPerSec"> 
           <double>0.003030482416495527</double> 
          </void> 
         </object> 
        </void> 
        <void method="add"> 
         <object class="jmbench.tools.runtime.RuntimeResults"> 
          <void property="opsPerSec"> 
           <double>0.003032305077569684</double> 
          </void> 
         </object> 
        </void> 
        <void method="add"> 
         <object class="jmbench.tools.runtime.RuntimeResults"> 
          <void property="opsPerSec"> 
           <double>0.0030300381406959975</double> 
          </void> 
         </object> 
        </void> 
       </object> 
      </void> 
      <void property="stdev"> 
       <double>3.0820527276281074E-6</double> 
      </void> 
     </object> 
    </void> 
    <void index="9"> 
     <object class="jmbench.tools.runtime.RuntimeEvaluationMetrics"> 
      <void property="max"> 
       <double>2.73614413286701E-4</double> 
      </void> 
      <void property="mean"> 
       <double>2.73614413286701E-4</double> 
      </void> 
      <void property="median"> 
       <double>2.73614413286701E-4</double> 
      </void> 
      <void property="min"> 
       <double>2.73614413286701E-4</double> 
      </void> 
      <void property="rawResults"> 
       <object class="java.util.ArrayList"> 
        <void method="add"> 
         <object class="jmbench.tools.runtime.RuntimeResults"> 
          <void property="opsPerSec"> 
           <double>2.73614413286701E-4</double> 
          </void> 
         </object> 
        </void> 
       </object> 
      </void> 
     </object> 
    </void> 
   </array> 
  </void> 
  <void property="opName"> 
   <string>Invert Symm b=inv(a)</string> 
  </void> 
 </object> 
</java> 
