<?xml version="1.0" encoding="UTF-8"?> 
<java version="1.6.0_16" class="java.beans.XMLDecoder"> 
 <object class="jmbench.tools.runtime.OperationResults"> 
  <void property="library"> 
   <object class="jmbench.impl.MatrixLibrary" method="valueOf"> 
    <string>COLT</string> 
   </object> 
  </void> 
  <void property="matDimen"> 
   <array class="int" length="12"> 
    <void index="0"> 
     <int>2</int> 
    </void> 
    <void index="1"> 
     <int>3</int> 
    </void> 
    <void index="2"> 
     <int>4</int> 
    </void> 
    <void index="3"> 
     <int>5</int> 
    </void> 
    <void index="4"> 
     <int>10</int> 
    </void> 
    <void index="5"> 
     <int>20</int> 
    </void> 
    <void index="6"> 
     <int>50</int> 
    </void> 
    <void index="7"> 
     <int>100</int> 
    </void> 
    <void index="8"> 
     <int>200</int> 
    </void> 
    <void index="9"> 
     <int>500</int> 
    </void> 
    <void index="10"> 
     <int>1000</int> 
    </void> 
    <void index="11"> 
     <int>2000</int> 
    </void> 
   </array> 
  </void> 
  <void property="metrics"> 
   <array class="jmbench.tools.EvaluationMetrics" length="12"> 
    <void index="0"> 
     <object class="jmbench.tools.EvaluationMetrics"> 
      <void property="max"> 
       <double>1913416.9246368476</double> 
      </void> 
      <void property="mean"> 
       <double>1766434.9122217947</double> 
      </void> 
      <void property="median"> 
       <double>1737998.1187118236</double> 
      </void> 
      <void property="min"> 
       <double>1547114.018414344</double> 
      </void> 
      <void property="rawResults"> 
       <object class="java.util.ArrayList"> 
        <void method="add"> 
         <double>1547114.018414344</double> 
        </void> 
        <void method="add"> 
         <double>1600234.8414000664</double> 
        </void> 
        <void method="add"> 
         <double>1633786.2228717033</double> 
        </void> 
        <void method="add"> 
         <double>1673889.522654787</double> 
        </void> 
        <void method="add"> 
         <double>1673960.7296299643</double> 
        </void> 
        <void method="add"> 
         <double>1675049.4527178742</double> 
        </void> 
        <void method="add"> 
         <double>1708310.9792921527</double> 
        </void> 
        <void method="add"> 
         <double>1712699.9883946793</double> 
        </void> 
        <void method="add"> 
         <double>1727003.9322540238</double> 
        </void> 
        <void method="add"> 
         <double>1734691.8913676045</double> 
        </void> 
        <void method="add"> 
         <double>1811896.5889916404</double> 
        </void> 
        <void method="add"> 
         <double>1814476.6262244051</double> 
        </void> 
        <void method="add"> 
         <double>1821801.6707228506</double> 
        </void> 
        <void method="add"> 
         <double>1822851.2791525132</double> 
        </void> 
        <void method="add"> 
         <double>1863892.0634980989</double> 
        </void> 
        <void method="add"> 
         <double>1882461.1913560356</double> 
        </void> 
        <void method="add"> 
         <double>1888159.1741277874</double> 
        </void> 
        <void method="add"> 
         <double>1892508.200244904</double> 
        </void> 
        <void method="add"> 
         <double>1896954.7313594972</double> 
        </void> 
        <void method="add"> 
         <double>1913416.9246368476</double> 
        </void> 
        <void method="add"> 
         <double>1737998.1187118236</double> 
        </void> 
        <void method="add"> 
         <double>1869670.2301065135</double> 
        </void> 
        <void method="add"> 
         <double>1835541.6281528748</double> 
        </void> 
        <void method="add"> 
         <double>1723345.1774412887</double> 
        </void> 
        <void method="add"> 
         <double>1699157.6218205746</double> 
        </void> 
       </object> 
      </void> 
      <void property="stdev"> 
       <double>100632.75940603655</double> 
      </void> 
     </object> 
    </void> 
    <void index="1"> 
     <object class="jmbench.tools.EvaluationMetrics"> 
      <void property="max"> 
       <double>1274950.2489281744</double> 
      </void> 
      <void property="mean"> 
       <double>1187898.4584857689</double> 
      </void> 
      <void property="median"> 
       <double>1198541.512325953</double> 
      </void> 
      <void property="min"> 
       <double>1066874.4246532833</double> 
      </void> 
      <void property="rawResults"> 
       <object class="java.util.ArrayList"> 
        <void method="add"> 
         <double>1066874.4246532833</double> 
        </void> 
        <void method="add"> 
         <double>1071249.225230911</double> 
        </void> 
        <void method="add"> 
         <double>1087217.309622768</double> 
        </void> 
        <void method="add"> 
         <double>1093568.9045270917</double> 
        </void> 
        <void method="add"> 
         <double>1105966.7747361816</double> 
        </void> 
        <void method="add"> 
         <double>1135442.73119221</double> 
        </void> 
        <void method="add"> 
         <double>1178416.4092682868</double> 
        </void> 
        <void method="add"> 
         <double>1189005.1134074526</double> 
        </void> 
        <void method="add"> 
         <double>1189650.0989991913</double> 
        </void> 
        <void method="add"> 
         <double>1190506.8207743098</double> 
        </void> 
        <void method="add"> 
         <double>1192477.0557837263</double> 
        </void> 
        <void method="add"> 
         <double>1198541.512325953</double> 
        </void> 
        <void method="add"> 
         <double>1211807.854056468</double> 
        </void> 
        <void method="add"> 
         <double>1213155.9715683768</double> 
        </void> 
        <void method="add"> 
         <double>1216544.7416955612</double> 
        </void> 
        <void method="add"> 
         <double>1246178.9913800769</double> 
        </void> 
        <void method="add"> 
         <double>1247962.196512186</double> 
        </void> 
        <void method="add"> 
         <double>1251555.5212347645</double> 
        </void> 
        <void method="add"> 
         <double>1255546.9487173362</double> 
        </void> 
        <void method="add"> 
         <double>1274950.2489281744</double> 
        </void> 
        <void method="add"> 
         <double>1162004.4178848758</double> 
        </void> 
        <void method="add"> 
         <double>1270243.299901429</double> 
        </void> 
        <void method="add"> 
         <double>1212684.5386625354</double> 
        </void> 
        <void method="add"> 
         <double>1217935.5261177938</double> 
        </void> 
        <void method="add"> 
         <double>1217974.824963281</double> 
        </void> 
       </object> 
      </void> 
      <void property="stdev"> 
       <double>60696.50470662525</double> 
      </void> 
     </object> 
    </void> 
    <void index="2"> 
     <object class="jmbench.tools.EvaluationMetrics"> 
      <void property="max"> 
       <double>859874.5252546143</double> 
      </void> 
      <void property="mean"> 
       <double>801433.9283357809</double> 
      </void> 
      <void property="median"> 
       <double>797296.7025646737</double> 
      </void> 
      <void property="min"> 
       <double>759117.6381650335</double> 
      </void> 
      <void property="rawResults"> 
       <object class="java.util.ArrayList"> 
        <void method="add"> 
         <double>764076.8315327109</double> 
        </void> 
        <void method="add"> 
         <double>773267.7785123932</double> 
        </void> 
        <void method="add"> 
         <double>781983.1762413869</double> 
        </void> 
        <void method="add"> 
         <double>785637.1145071667</double> 
        </void> 
        <void method="add"> 
         <double>789462.93830838</double> 
        </void> 
        <void method="add"> 
         <double>792342.9477139771</double> 
        </void> 
        <void method="add"> 
         <double>793831.5978483896</double> 
        </void> 
        <void method="add"> 
         <double>797296.7025646737</double> 
        </void> 
        <void method="add"> 
         <double>797613.8390698779</double> 
        </void> 
        <void method="add"> 
         <double>798046.5161010837</double> 
        </void> 
        <void method="add"> 
         <double>801385.9340294019</double> 
        </void> 
        <void method="add"> 
         <double>813791.9978315044</double> 
        </void> 
        <void method="add"> 
         <double>814218.3425067911</double> 
        </void> 
        <void method="add"> 
         <double>824297.948400016</double> 
        </void> 
        <void method="add"> 
         <double>827042.3445113861</double> 
        </void> 
        <void method="add"> 
         <double>827438.287659057</double> 
        </void> 
        <void method="add"> 
         <double>835534.1482136896</double> 
        </void> 
        <void method="add"> 
         <double>840441.4488868046</double> 
        </void> 
        <void method="add"> 
         <double>859234.3939890625</double> 
        </void> 
        <void method="add"> 
         <double>859874.5252546143</double> 
        </void> 
        <void method="add"> 
         <double>761620.3478912123</double> 
        </void> 
        <void method="add"> 
         <double>788827.2242877979</double> 
        </void> 
        <void method="add"> 
         <double>763917.5565044464</double> 
        </void> 
        <void method="add"> 
         <double>785546.6278636653</double> 
        </void> 
        <void method="add"> 
         <double>759117.6381650335</double> 
        </void> 
       </object> 
      </void> 
      <void property="stdev"> 
       <double>28248.783650065314</double> 
      </void> 
     </object> 
    </void> 
    <void index="3"> 
     <object class="jmbench.tools.EvaluationMetrics"> 
      <void property="max"> 
       <double>609546.4666795661</double> 
      </void> 
      <void property="mean"> 
       <double>562071.7155110232</double> 
      </void> 
      <void property="median"> 
       <double>558772.239476008</double> 
      </void> 
      <void property="min"> 
       <double>512242.6036788763</double> 
      </void> 
      <void property="rawResults"> 
       <object class="java.util.ArrayList"> 
        <void method="add"> 
         <double>512242.6036788763</double> 
        </void> 
        <void method="add"> 
         <double>526942.1643118088</double> 
        </void> 
        <void method="add"> 
         <double>542058.2514934647</double> 
        </void> 
        <void method="add"> 
         <double>544245.7164137735</double> 
        </void> 
        <void method="add"> 
         <double>544342.6207594374</double> 
        </void> 
        <void method="add"> 
         <double>548512.6323058126</double> 
        </void> 
        <void method="add"> 
         <double>548737.1339415009</double> 
        </void> 
        <void method="add"> 
         <double>549050.2683225718</double> 
        </void> 
        <void method="add"> 
         <double>550481.0070660997</double> 
        </void> 
        <void method="add"> 
         <double>550482.9242243966</double> 
        </void> 
        <void method="add"> 
         <double>551308.5586820047</double> 
        </void> 
        <void method="add"> 
         <double>557061.5528022883</double> 
        </void> 
        <void method="add"> 
         <double>558772.239476008</double> 
        </void> 
        <void method="add"> 
         <double>563949.9585502002</double> 
        </void> 
        <void method="add"> 
         <double>568138.4852481317</double> 
        </void> 
        <void method="add"> 
         <double>572609.7640765423</double> 
        </void> 
        <void method="add"> 
         <double>573191.7156782496</double> 
        </void> 
        <void method="add"> 
         <double>573357.6504501611</double> 
        </void> 
        <void method="add"> 
         <double>578028.722109838</double> 
        </void> 
        <void method="add"> 
         <double>598049.648034926</double> 
        </void> 
        <void method="add"> 
         <double>609546.4666795661</double> 
        </void> 
        <void method="add"> 
         <double>589529.6326905133</double> 
        </void> 
        <void method="add"> 
         <double>575387.3107570118</double> 
        </void> 
        <void method="add"> 
         <double>577947.3762809561</double> 
        </void> 
        <void method="add"> 
         <double>587818.4837414366</double> 
        </void> 
       </object> 
      </void> 
      <void property="stdev"> 
       <double>21682.087724434692</double> 
      </void> 
     </object> 
    </void> 
    <void index="4"> 
     <object class="jmbench.tools.EvaluationMetrics"> 
      <void property="max"> 
       <double>184232.1244526726</double> 
      </void> 
      <void property="mean"> 
       <double>176389.46705047114</double> 
      </void> 
      <void property="median"> 
       <double>177815.3529810632</double> 
      </void> 
      <void property="min"> 
       <double>166929.86597567145</double> 
      </void> 
      <void property="rawResults"> 
       <object class="java.util.ArrayList"> 
        <void method="add"> 
         <double>170551.27456467546</double> 
        </void> 
        <void method="add"> 
         <double>171235.87769732837</double> 
        </void> 
        <void method="add"> 
         <double>171448.36808147415</double> 
        </void> 
        <void method="add"> 
         <double>172009.7618898313</double> 
        </void> 
        <void method="add"> 
         <double>172778.96376111198</double> 
        </void> 
        <void method="add"> 
         <double>177390.19583379006</double> 
        </void> 
        <void method="add"> 
         <double>177415.13889893526</double> 
        </void> 
        <void method="add"> 
         <double>177815.3529810632</double> 
        </void> 
        <void method="add"> 
         <double>177878.95520287353</double> 
        </void> 
        <void method="add"> 
         <double>177890.99678381145</double> 
        </void> 
        <void method="add"> 
         <double>178246.21196560835</double> 
        </void> 
        <void method="add"> 
         <double>178268.0457424434</double> 
        </void> 
        <void method="add"> 
         <double>178504.27569309357</double> 
        </void> 
        <void method="add"> 
         <double>178836.16307909682</double> 
        </void> 
        <void method="add"> 
         <double>178910.37450022215</double> 
        </void> 
        <void method="add"> 
         <double>178954.7219236935</double> 
        </void> 
        <void method="add"> 
         <double>179240.85601575515</double> 
        </void> 
        <void method="add"> 
         <double>180184.98309663992</double> 
        </void> 
        <void method="add"> 
         <double>180705.46852050713</double> 
        </void> 
        <void method="add"> 
         <double>184232.1244526726</double> 
        </void> 
        <void method="add"> 
         <double>166929.86597567145</double> 
        </void> 
        <void method="add"> 
         <double>172975.23826046393</double> 
        </void> 
        <void method="add"> 
         <double>177767.75157144343</double> 
        </void> 
        <void method="add"> 
         <double>175730.9393691525</double> 
        </void> 
        <void method="add"> 
         <double>173834.77040041995</double> 
        </void> 
       </object> 
      </void> 
      <void property="stdev"> 
       <double>3841.243986846347</double> 
      </void> 
     </object> 
    </void> 
    <void index="5"> 
     <object class="jmbench.tools.EvaluationMetrics"> 
      <void property="max"> 
       <double>46718.94222355531</double> 
      </void> 
      <void property="mean"> 
       <double>45220.36759830124</double> 
      </void> 
      <void property="median"> 
       <double>45011.78064196398</double> 
      </void> 
      <void property="min"> 
       <double>43630.01278916154</double> 
      </void> 
      <void property="rawResults"> 
       <object class="java.util.ArrayList"> 
        <void method="add"> 
         <double>43630.01278916154</double> 
        </void> 
        <void method="add"> 
         <double>44085.04908677988</double> 
        </void> 
        <void method="add"> 
         <double>44374.77506914673</double> 
        </void> 
        <void method="add"> 
         <double>44403.42855505344</double> 
        </void> 
        <void method="add"> 
         <double>44478.342647439655</double> 
        </void> 
        <void method="add"> 
         <double>44553.766377866516</double> 
        </void> 
        <void method="add"> 
         <double>44555.66348780582</double> 
        </void> 
        <void method="add"> 
         <double>44630.27624132009</double> 
        </void> 
        <void method="add"> 
         <double>44634.58744567614</double> 
        </void> 
        <void method="add"> 
         <double>44753.91073284263</double> 
        </void> 
        <void method="add"> 
         <double>44870.06981719498</double> 
        </void> 
        <void method="add"> 
         <double>44950.38889336402</double> 
        </void> 
        <void method="add"> 
         <double>45011.78064196398</double> 
        </void> 
        <void method="add"> 
         <double>45278.49222986037</double> 
        </void> 
        <void method="add"> 
         <double>45425.59685313931</double> 
        </void> 
        <void method="add"> 
         <double>46492.26942945938</double> 
        </void> 
        <void method="add"> 
         <double>46549.78967800988</double> 
        </void> 
        <void method="add"> 
         <double>46609.852876253324</double> 
        </void> 
        <void method="add"> 
         <double>46640.81563807173</double> 
        </void> 
        <void method="add"> 
         <double>46718.94222355531</double> 
        </void> 
        <void method="add"> 
         <double>45135.97106633599</double> 
        </void> 
        <void method="add"> 
         <double>45680.447006141025</double> 
        </void> 
        <void method="add"> 
         <double>45785.838248055115</double> 
        </void> 
        <void method="add"> 
         <double>45333.718620985586</double> 
        </void> 
        <void method="add"> 
         <double>45925.404302048824</double> 
        </void> 
       </object> 
      </void> 
      <void property="stdev"> 
       <double>859.2684569614719</double> 
      </void> 
     </object> 
    </void> 
    <void index="6"> 
     <object class="jmbench.tools.EvaluationMetrics"> 
      <void property="max"> 
       <double>5474.7835245822735</double> 
      </void> 
      <void property="mean"> 
       <double>5409.042604086917</double> 
      </void> 
      <void property="median"> 
       <double>5409.670556381256</double> 
      </void> 
      <void property="min"> 
       <double>5350.569141043324</double> 
      </void> 
      <void property="rawResults"> 
       <object class="java.util.ArrayList"> 
        <void method="add"> 
         <double>5350.569141043324</double> 
        </void> 
        <void method="add"> 
         <double>5351.503955818842</double> 
        </void> 
        <void method="add"> 
         <double>5354.202192094947</double> 
        </void> 
        <void method="add"> 
         <double>5361.379168783683</double> 
        </void> 
        <void method="add"> 
         <double>5362.247719614581</double> 
        </void> 
        <void method="add"> 
         <double>5362.497642780641</double> 
        </void> 
        <void method="add"> 
         <double>5366.194540179081</double> 
        </void> 
        <void method="add"> 
         <double>5372.960538847923</double> 
        </void> 
        <void method="add"> 
         <double>5383.503960409413</double> 
        </void> 
        <void method="add"> 
         <double>5387.8700223160295</double> 
        </void> 
        <void method="add"> 
         <double>5397.789039371378</double> 
        </void> 
        <void method="add"> 
         <double>5403.609800658851</double> 
        </void> 
        <void method="add"> 
         <double>5409.670556381256</double> 
        </void> 
        <void method="add"> 
         <double>5409.905016662736</double> 
        </void> 
        <void method="add"> 
         <double>5417.924469434023</double> 
        </void> 
        <void method="add"> 
         <double>5423.1953464930175</double> 
        </void> 
        <void method="add"> 
         <double>5463.57944769782</double> 
        </void> 
        <void method="add"> 
         <double>5469.774514012072</double> 
        </void> 
        <void method="add"> 
         <double>5471.042413872758</double> 
        </void> 
        <void method="add"> 
         <double>5474.7835245822735</double> 
        </void> 
        <void method="add"> 
         <double>5433.61175163138</double> 
        </void> 
        <void method="add"> 
         <double>5440.75016610701</double> 
        </void> 
        <void method="add"> 
         <double>5459.449209524382</double> 
        </void> 
        <void method="add"> 
         <double>5449.16148797736</double> 
        </void> 
        <void method="add"> 
         <double>5448.889475878111</double> 
        </void> 
       </object> 
      </void> 
      <void property="stdev"> 
       <double>41.57681104163957</double> 
      </void> 
     </object> 
    </void> 
    <void index="7"> 
     <object class="jmbench.tools.EvaluationMetrics"> 
      <void property="max"> 
       <double>862.1476288137056</double> 
      </void> 
      <void property="mean"> 
       <double>855.2783797585708</double> 
      </void> 
      <void property="median"> 
       <double>855.8941221156712</double> 
      </void> 
      <void property="min"> 
       <double>848.1111392422898</double> 
      </void> 
      <void property="rawResults"> 
       <object class="java.util.ArrayList"> 
        <void method="add"> 
         <double>848.1111392422898</double> 
        </void> 
        <void method="add"> 
         <double>849.3689003177327</double> 
        </void> 
        <void method="add"> 
         <double>850.9500668978226</double> 
        </void> 
        <void method="add"> 
         <double>851.5682287402625</double> 
        </void> 
        <void method="add"> 
         <double>852.4613663874828</double> 
        </void> 
        <void method="add"> 
         <double>852.4805464511489</double> 
        </void> 
        <void method="add"> 
         <double>853.1541822241433</double> 
        </void> 
        <void method="add"> 
         <double>853.6793381524564</double> 
        </void> 
        <void method="add"> 
         <double>854.5019244612395</double> 
        </void> 
        <void method="add"> 
         <double>855.1811068223176</double> 
        </void> 
        <void method="add"> 
         <double>855.7039569299226</double> 
        </void> 
        <void method="add"> 
         <double>855.8941221156712</double> 
        </void> 
        <void method="add"> 
         <double>856.249391506953</double> 
        </void> 
        <void method="add"> 
         <double>856.4231175984805</double> 
        </void> 
        <void method="add"> 
         <double>856.4316235525325</double> 
        </void> 
        <void method="add"> 
         <double>856.53280076807</double> 
        </void> 
        <void method="add"> 
         <double>856.8561298200075</double> 
        </void> 
        <void method="add"> 
         <double>858.7453762658245</double> 
        </void> 
        <void method="add"> 
         <double>858.8557196825096</double> 
        </void> 
        <void method="add"> 
         <double>860.9335798794995</double> 
        </void> 
        <void method="add"> 
         <double>856.9828106199573</double> 
        </void> 
        <void method="add"> 
         <double>852.7283321758157</double> 
        </void> 
        <void method="add"> 
         <double>857.606467335375</double> 
        </void> 
        <void method="add"> 
         <double>858.4116372030529</double> 
        </void> 
        <void method="add"> 
         <double>862.1476288137056</double> 
        </void> 
       </object> 
      </void> 
      <void property="stdev"> 
       <double>3.341092790755523</double> 
      </void> 
     </object> 
    </void> 
    <void index="8"> 
     <object class="jmbench.tools.EvaluationMetrics"> 
      <void property="max"> 
       <double>126.45158609562515</double> 
      </void> 
      <void property="mean"> 
       <double>126.17923959859043</double> 
      </void> 
      <void property="median"> 
       <double>126.2661880650689</double> 
      </void> 
      <void property="min"> 
       <double>125.4496194221918</double> 
      </void> 
      <void property="rawResults"> 
       <object class="java.util.ArrayList"> 
        <void method="add"> 
         <double>125.4496194221918</double> 
        </void> 
        <void method="add"> 
         <double>125.66058055528394</double> 
        </void> 
        <void method="add"> 
         <double>125.98380994727131</double> 
        </void> 
        <void method="add"> 
         <double>126.02284600963124</double> 
        </void> 
        <void method="add"> 
         <double>126.07313774175772</double> 
        </void> 
        <void method="add"> 
         <double>126.10037612897455</double> 
        </void> 
        <void method="add"> 
         <double>126.1067673509397</double> 
        </void> 
        <void method="add"> 
         <double>126.12615594501288</double> 
        </void> 
        <void method="add"> 
         <double>126.17207339513003</double> 
        </void> 
        <void method="add"> 
         <double>126.17853641131661</double> 
        </void> 
        <void method="add"> 
         <double>126.24166715478447</double> 
        </void> 
        <void method="add"> 
         <double>126.2661880650689</double> 
        </void> 
        <void method="add"> 
         <double>126.26703468023489</double> 
        </void> 
        <void method="add"> 
         <double>126.28778633821666</double> 
        </void> 
        <void method="add"> 
         <double>126.30226378641362</double> 
        </void> 
        <void method="add"> 
         <double>126.31129365463742</double> 
        </void> 
        <void method="add"> 
         <double>126.31467484534834</double> 
        </void> 
        <void method="add"> 
         <double>126.32453246106245</double> 
        </void> 
        <void method="add"> 
         <double>126.33646567755119</double> 
        </void> 
        <void method="add"> 
         <double>126.38075623568481</double> 
        </void> 
        <void method="add"> 
         <double>126.45158609562515</double> 
        </void> 
        <void method="add"> 
         <double>125.9632997771633</double> 
        </void> 
        <void method="add"> 
         <double>126.42598257133146</double> 
        </void> 
        <void method="add"> 
         <double>126.39674473299942</double> 
        </void> 
        <void method="add"> 
         <double>126.33681098112937</double> 
        </void> 
       </object> 
      </void> 
      <void property="stdev"> 
       <double>0.22906138886319588</double> 
      </void> 
     </object> 
    </void> 
    <void index="9"> 
     <object class="jmbench.tools.EvaluationMetrics"> 
      <void property="max"> 
       <double>9.201775351757458</double> 
      </void> 
      <void property="mean"> 
       <double>9.105824286842077</double> 
      </void> 
      <void property="median"> 
       <double>9.135928174512532</double> 
      </void> 
      <void property="min"> 
       <double>8.900179707724277</double> 
      </void> 
      <void property="rawResults"> 
       <object class="java.util.ArrayList"> 
        <void method="add"> 
         <double>8.927642213606795</double> 
        </void> 
        <void method="add"> 
         <double>8.958194019485806</double> 
        </void> 
        <void method="add"> 
         <double>9.0339176388989</double> 
        </void> 
        <void method="add"> 
         <double>9.03863551872423</double> 
        </void> 
        <void method="add"> 
         <double>9.048329698970994</double> 
        </void> 
        <void method="add"> 
         <double>9.05695994402747</double> 
        </void> 
        <void method="add"> 
         <double>9.095750959960359</double> 
        </void> 
        <void method="add"> 
         <double>9.12013332678323</double> 
        </void> 
        <void method="add"> 
         <double>9.120638528815363</double> 
        </void> 
        <void method="add"> 
         <double>9.135928174512532</double> 
        </void> 
        <void method="add"> 
         <double>9.141757669259254</double> 
        </void> 
        <void method="add"> 
         <double>9.14203200469076</double> 
        </void> 
        <void method="add"> 
         <double>9.144524503947258</double> 
        </void> 
        <void method="add"> 
         <double>9.14454139867532</double> 
        </void> 
        <void method="add"> 
         <double>9.148142325633874</double> 
        </void> 
        <void method="add"> 
         <double>9.153614135428352</double> 
        </void> 
        <void method="add"> 
         <double>9.160902424557872</double> 
        </void> 
        <void method="add"> 
         <double>9.16904839411757</double> 
        </void> 
        <void method="add"> 
         <double>9.20097014470332</double> 
        </void> 
        <void method="add"> 
         <double>9.201775351757458</double> 
        </void> 
        <void method="add"> 
         <double>8.900179707724277</double> 
        </void> 
        <void method="add"> 
         <double>9.189825685715206</double> 
        </void> 
        <void method="add"> 
         <double>9.134299379576008</double> 
        </void> 
        <void method="add"> 
         <double>9.124388236978941</double> 
        </void> 
        <void method="add"> 
         <double>9.153475784500735</double> 
        </void> 
       </object> 
      </void> 
      <void property="stdev"> 
       <double>0.07952096841910256</double> 
      </void> 
     </object> 
    </void> 
    <void index="10"> 
     <object class="jmbench.tools.EvaluationMetrics"> 
      <void property="max"> 
       <double>0.911140908766427</double> 
      </void> 
      <void property="mean"> 
       <double>0.8980466529171582</double> 
      </void> 
      <void property="median"> 
       <double>0.9010602207950156</double> 
      </void> 
      <void property="min"> 
       <double>0.8680478034064223</double> 
      </void> 
      <void property="rawResults"> 
       <object class="java.util.ArrayList"> 
        <void method="add"> 
         <double>0.8680478034064223</double> 
        </void> 
        <void method="add"> 
         <double>0.8702536654806634</double> 
        </void> 
        <void method="add"> 
         <double>0.8708494269839219</double> 
        </void> 
        <void method="add"> 
         <double>0.8839726135171685</double> 
        </void> 
        <void method="add"> 
         <double>0.8895015596413607</double> 
        </void> 
        <void method="add"> 
         <double>0.8962214892440251</double> 
        </void> 
        <void method="add"> 
         <double>0.8966397224009157</double> 
        </void> 
        <void method="add"> 
         <double>0.8969017002535037</double> 
        </void> 
        <void method="add"> 
         <double>0.8984707738122127</double> 
        </void> 
        <void method="add"> 
         <double>0.9008238049911473</double> 
        </void> 
        <void method="add"> 
         <double>0.9010602207950156</double> 
        </void> 
        <void method="add"> 
         <double>0.9048931044949564</double> 
        </void> 
        <void method="add"> 
         <double>0.9049820031221524</double> 
        </void> 
        <void method="add"> 
         <double>0.9057997977899174</double> 
        </void> 
        <void method="add"> 
         <double>0.9064772807275527</double> 
        </void> 
        <void method="add"> 
         <double>0.9080122865236971</double> 
        </void> 
        <void method="add"> 
         <double>0.9094708273003472</double> 
        </void> 
        <void method="add"> 
         <double>0.9101430730955379</double> 
        </void> 
        <void method="add"> 
         <double>0.9106204238555795</double> 
        </void> 
        <void method="add"> 
         <double>0.911140908766427</double> 
        </void> 
        <void method="add"> 
         <double>0.8901522903426603</double> 
        </void> 
        <void method="add"> 
         <double>0.9090010287219182</double> 
        </void> 
        <void method="add"> 
         <double>0.9040011617547944</double> 
        </void> 
        <void method="add"> 
         <double>0.9030751663669455</double> 
        </void> 
        <void method="add"> 
         <double>0.9006541895401146</double> 
        </void> 
       </object> 
      </void> 
      <void property="stdev"> 
       <double>0.01247155437000827</double> 
      </void> 
     </object> 
    </void> 
    <void index="11"> 
     <object class="jmbench.tools.EvaluationMetrics"> 
      <void property="max"> 
       <double>0.1097382396431151</double> 
      </void> 
      <void property="mean"> 
       <double>0.10778533565025347</double> 
      </void> 
      <void property="median"> 
       <double>0.10794486130888432</double> 
      </void> 
      <void property="min"> 
       <double>0.10339540970708247</double> 
      </void> 
      <void property="rawResults"> 
       <object class="java.util.ArrayList"> 
        <void method="add"> 
         <double>0.10339540970708247</double> 
        </void> 
        <void method="add"> 
         <double>0.10413740990136604</double> 
        </void> 
        <void method="add"> 
         <double>0.10683519205408798</double> 
        </void> 
        <void method="add"> 
         <double>0.10701611649990272</double> 
        </void> 
        <void method="add"> 
         <double>0.10708408963158211</double> 
        </void> 
        <void method="add"> 
         <double>0.10709413187164034</double> 
        </void> 
        <void method="add"> 
         <double>0.10739448138097865</double> 
        </void> 
        <void method="add"> 
         <double>0.1074010604542279</double> 
        </void> 
        <void method="add"> 
         <double>0.1076638355023809</double> 
        </void> 
        <void method="add"> 
         <double>0.10790369804886574</double> 
        </void> 
        <void method="add"> 
         <double>0.10794486130888432</double> 
        </void> 
        <void method="add"> 
         <double>0.10812998749215885</double> 
        </void> 
        <void method="add"> 
         <double>0.10830520103480096</double> 
        </void> 
        <void method="add"> 
         <double>0.108376370039638</double> 
        </void> 
        <void method="add"> 
         <double>0.10866862757372245</double> 
        </void> 
        <void method="add"> 
         <double>0.1091370154914924</double> 
        </void> 
        <void method="add"> 
         <double>0.10920699662869199</double> 
        </void> 
        <void method="add"> 
         <double>0.10933811683979061</double> 
        </void> 
        <void method="add"> 
         <double>0.10947260055531201</double> 
        </void> 
        <void method="add"> 
         <double>0.1097382396431151</double> 
        </void> 
        <void method="add"> 
         <double>0.10688254788868176</double> 
        </void> 
        <void method="add"> 
         <double>0.10860207255387264</double> 
        </void> 
        <void method="add"> 
         <double>0.1083098397629528</double> 
        </void> 
        <void method="add"> 
         <double>0.10788851818652971</double> 
        </void> 
        <void method="add"> 
         <double>0.1087069712045779</double> 
        </void> 
       </object> 
      </void> 
      <void property="stdev"> 
       <double>0.0014484923268757984</double> 
      </void> 
     </object> 
    </void> 
   </array> 
  </void> 
  <void property="opName"> 
   <string>Determinant</string> 
  </void> 
 </object> 
</java> 
