<?xml version="1.0" encoding="UTF-8"?> 
<java version="1.6.0_16" class="java.beans.XMLDecoder"> 
 <object class="jmbench.tools.runtime.OperationResults"> 
  <void property="library"> 
   <object class="jmbench.impl.MatrixLibrary" method="valueOf"> 
    <string>COLT</string> 
   </object> 
  </void> 
  <void property="matDimen"> 
   <array class="int" length="12"> 
    <void index="0"> 
     <int>2</int> 
    </void> 
    <void index="1"> 
     <int>3</int> 
    </void> 
    <void index="2"> 
     <int>4</int> 
    </void> 
    <void index="3"> 
     <int>5</int> 
    </void> 
    <void index="4"> 
     <int>10</int> 
    </void> 
    <void index="5"> 
     <int>20</int> 
    </void> 
    <void index="6"> 
     <int>50</int> 
    </void> 
    <void index="7"> 
     <int>100</int> 
    </void> 
    <void index="8"> 
     <int>200</int> 
    </void> 
    <void index="9"> 
     <int>500</int> 
    </void> 
    <void index="10"> 
     <int>1000</int> 
    </void> 
    <void index="11"> 
     <int>2000</int> 
    </void> 
   </array> 
  </void> 
  <void property="metrics"> 
   <array class="jmbench.tools.EvaluationMetrics" length="12"> 
    <void index="0"> 
     <object class="jmbench.tools.EvaluationMetrics"> 
      <void property="max"> 
       <double>845787.7657934625</double> 
      </void> 
      <void property="mean"> 
       <double>812986.0601998221</double> 
      </void> 
      <void property="median"> 
       <double>817399.4720715048</double> 
      </void> 
      <void property="min"> 
       <double>751726.5400848351</double> 
      </void> 
      <void property="rawResults"> 
       <object class="java.util.ArrayList"> 
        <void method="add"> 
         <double>751726.5400848351</double> 
        </void> 
        <void method="add"> 
         <double>761819.0010099664</double> 
        </void> 
        <void method="add"> 
         <double>776880.4494312637</double> 
        </void> 
        <void method="add"> 
         <double>782361.0778520213</double> 
        </void> 
        <void method="add"> 
         <double>788127.7824303393</double> 
        </void> 
        <void method="add"> 
         <double>800322.5586627503</double> 
        </void> 
        <void method="add"> 
         <double>805843.9811094993</double> 
        </void> 
        <void method="add"> 
         <double>806502.0138207551</double> 
        </void> 
        <void method="add"> 
         <double>811434.5233957144</double> 
        </void> 
        <void method="add"> 
         <double>813325.3205379216</double> 
        </void> 
        <void method="add"> 
         <double>815734.7751031664</double> 
        </void> 
        <void method="add"> 
         <double>816111.0294966602</double> 
        </void> 
        <void method="add"> 
         <double>817399.4720715048</double> 
        </void> 
        <void method="add"> 
         <double>819962.0637847716</double> 
        </void> 
        <void method="add"> 
         <double>822473.4060298556</double> 
        </void> 
        <void method="add"> 
         <double>842105.337048721</double> 
        </void> 
        <void method="add"> 
         <double>842945.032216893</double> 
        </void> 
        <void method="add"> 
         <double>842949.4346527951</double> 
        </void> 
        <void method="add"> 
         <double>843926.035943038</double> 
        </void> 
        <void method="add"> 
         <double>845787.7657934625</double> 
        </void> 
        <void method="add"> 
         <double>817779.809185488</double> 
        </void> 
        <void method="add"> 
         <double>821254.7930874267</double> 
        </void> 
        <void method="add"> 
         <double>827713.780302862</double> 
        </void> 
        <void method="add"> 
         <double>826405.3202365745</double> 
        </void> 
        <void method="add"> 
         <double>823760.2017072688</double> 
        </void> 
       </object> 
      </void> 
      <void property="stdev"> 
       <double>24447.964393907117</double> 
      </void> 
     </object> 
    </void> 
    <void index="1"> 
     <object class="jmbench.tools.EvaluationMetrics"> 
      <void property="max"> 
       <double>460101.5907533077</double> 
      </void> 
      <void property="mean"> 
       <double>434271.73137916793</double> 
      </void> 
      <void property="median"> 
       <double>436417.546099122</double> 
      </void> 
      <void property="min"> 
       <double>394170.71299293113</double> 
      </void> 
      <void property="rawResults"> 
       <object class="java.util.ArrayList"> 
        <void method="add"> 
         <double>394170.71299293113</double> 
        </void> 
        <void method="add"> 
         <double>413562.89737335546</double> 
        </void> 
        <void method="add"> 
         <double>413648.45175530587</double> 
        </void> 
        <void method="add"> 
         <double>414988.7972066845</double> 
        </void> 
        <void method="add"> 
         <double>415282.1976896599</double> 
        </void> 
        <void method="add"> 
         <double>416497.85623710597</double> 
        </void> 
        <void method="add"> 
         <double>417237.7954471947</double> 
        </void> 
        <void method="add"> 
         <double>423252.1495857451</double> 
        </void> 
        <void method="add"> 
         <double>424433.15949187265</double> 
        </void> 
        <void method="add"> 
         <double>425612.20692603907</double> 
        </void> 
        <void method="add"> 
         <double>425876.95212140394</double> 
        </void> 
        <void method="add"> 
         <double>436417.546099122</double> 
        </void> 
        <void method="add"> 
         <double>438163.51203243795</double> 
        </void> 
        <void method="add"> 
         <double>441426.20655956917</double> 
        </void> 
        <void method="add"> 
         <double>446902.2992512984</double> 
        </void> 
        <void method="add"> 
         <double>457283.1555387332</double> 
        </void> 
        <void method="add"> 
         <double>458535.0835407351</double> 
        </void> 
        <void method="add"> 
         <double>459504.2098863083</double> 
        </void> 
        <void method="add"> 
         <double>459928.7103852639</double> 
        </void> 
        <void method="add"> 
         <double>460101.5907533077</double> 
        </void> 
        <void method="add"> 
         <double>448216.3817461568</double> 
        </void> 
        <void method="add"> 
         <double>453703.9287933041</double> 
        </void> 
        <void method="add"> 
         <double>453319.52656325547</double> 
        </void> 
        <void method="add"> 
         <double>437223.1478236681</double> 
        </void> 
        <void method="add"> 
         <double>421504.80867874017</double> 
        </void> 
       </object> 
      </void> 
      <void property="stdev"> 
       <double>18527.69453427218</double> 
      </void> 
     </object> 
    </void> 
    <void index="2"> 
     <object class="jmbench.tools.EvaluationMetrics"> 
      <void property="max"> 
       <double>289495.94127398735</double> 
      </void> 
      <void property="mean"> 
       <double>266957.63432152977</double> 
      </void> 
      <void property="median"> 
       <double>266606.34590888995</double> 
      </void> 
      <void property="min"> 
       <double>248826.68730997655</double> 
      </void> 
      <void property="rawResults"> 
       <object class="java.util.ArrayList"> 
        <void method="add"> 
         <double>248826.68730997655</double> 
        </void> 
        <void method="add"> 
         <double>251006.24466866997</double> 
        </void> 
        <void method="add"> 
         <double>251549.73958353826</double> 
        </void> 
        <void method="add"> 
         <double>255095.09255636032</double> 
        </void> 
        <void method="add"> 
         <double>259640.59041742183</double> 
        </void> 
        <void method="add"> 
         <double>260780.00613810835</double> 
        </void> 
        <void method="add"> 
         <double>261243.54491621972</double> 
        </void> 
        <void method="add"> 
         <double>265886.2210402539</double> 
        </void> 
        <void method="add"> 
         <double>266606.34590888995</double> 
        </void> 
        <void method="add"> 
         <double>267003.1479301986</double> 
        </void> 
        <void method="add"> 
         <double>267927.26496372523</double> 
        </void> 
        <void method="add"> 
         <double>269475.8397202945</double> 
        </void> 
        <void method="add"> 
         <double>269548.8991734155</double> 
        </void> 
        <void method="add"> 
         <double>270806.2228621094</double> 
        </void> 
        <void method="add"> 
         <double>273080.8302152123</double> 
        </void> 
        <void method="add"> 
         <double>274167.5317914086</double> 
        </void> 
        <void method="add"> 
         <double>274727.61806416936</double> 
        </void> 
        <void method="add"> 
         <double>280343.8185602012</double> 
        </void> 
        <void method="add"> 
         <double>288901.17020382715</double> 
        </void> 
        <void method="add"> 
         <double>289495.94127398735</double> 
        </void> 
        <void method="add"> 
         <double>264075.3476326694</double> 
        </void> 
        <void method="add"> 
         <double>266249.7957588849</double> 
        </void> 
        <void method="add"> 
         <double>263502.7694012405</double> 
        </void> 
        <void method="add"> 
         <double>265745.0323742343</double> 
        </void> 
        <void method="add"> 
         <double>268255.1555732288</double> 
        </void> 
       </object> 
      </void> 
      <void property="stdev"> 
       <double>9915.980838695688</double> 
      </void> 
     </object> 
    </void> 
    <void index="3"> 
     <object class="jmbench.tools.EvaluationMetrics"> 
      <void property="max"> 
       <double>190731.0461973325</double> 
      </void> 
      <void property="mean"> 
       <double>179231.5575392016</double> 
      </void> 
      <void property="median"> 
       <double>178535.17031172756</double> 
      </void> 
      <void property="min"> 
       <double>168256.12688100364</double> 
      </void> 
      <void property="rawResults"> 
       <object class="java.util.ArrayList"> 
        <void method="add"> 
         <double>168256.12688100364</double> 
        </void> 
        <void method="add"> 
         <double>169887.60660359025</double> 
        </void> 
        <void method="add"> 
         <double>170507.1643452299</double> 
        </void> 
        <void method="add"> 
         <double>172816.84770395316</double> 
        </void> 
        <void method="add"> 
         <double>174380.29879490257</double> 
        </void> 
        <void method="add"> 
         <double>176077.31185879972</double> 
        </void> 
        <void method="add"> 
         <double>176973.300512598</double> 
        </void> 
        <void method="add"> 
         <double>177289.21534437226</double> 
        </void> 
        <void method="add"> 
         <double>178380.96200515615</double> 
        </void> 
        <void method="add"> 
         <double>178535.17031172756</double> 
        </void> 
        <void method="add"> 
         <double>179473.4733161304</double> 
        </void> 
        <void method="add"> 
         <double>181030.50238309373</double> 
        </void> 
        <void method="add"> 
         <double>182221.38724174048</double> 
        </void> 
        <void method="add"> 
         <double>184399.9853480734</double> 
        </void> 
        <void method="add"> 
         <double>186232.02571794845</double> 
        </void> 
        <void method="add"> 
         <double>186406.7092418844</double> 
        </void> 
        <void method="add"> 
         <double>186672.8042818509</double> 
        </void> 
        <void method="add"> 
         <double>188165.82177618373</double> 
        </void> 
        <void method="add"> 
         <double>188323.00181195507</double> 
        </void> 
        <void method="add"> 
         <double>190731.0461973325</double> 
        </void> 
        <void method="add"> 
         <double>171054.6468775793</double> 
        </void> 
        <void method="add"> 
         <double>183797.04513402696</double> 
        </void> 
        <void method="add"> 
         <double>184323.352428762</double> 
        </void> 
        <void method="add"> 
         <double>173960.70571284537</double> 
        </void> 
        <void method="add"> 
         <double>170892.4266493009</double> 
        </void> 
       </object> 
      </void> 
      <void property="stdev"> 
       <double>6539.340766175222</double> 
      </void> 
     </object> 
    </void> 
    <void index="4"> 
     <object class="jmbench.tools.EvaluationMetrics"> 
      <void property="max"> 
       <double>47366.422184944975</double> 
      </void> 
      <void property="mean"> 
       <double>45339.8547992005</double> 
      </void> 
      <void property="median"> 
       <double>45530.629574415136</double> 
      </void> 
      <void property="min"> 
       <double>42004.3441239907</double> 
      </void> 
      <void property="rawResults"> 
       <object class="java.util.ArrayList"> 
        <void method="add"> 
         <double>42004.3441239907</double> 
        </void> 
        <void method="add"> 
         <double>42606.944952898506</double> 
        </void> 
        <void method="add"> 
         <double>44014.413578358566</double> 
        </void> 
        <void method="add"> 
         <double>44157.80645012639</double> 
        </void> 
        <void method="add"> 
         <double>44333.10519764906</double> 
        </void> 
        <void method="add"> 
         <double>44337.486463409834</double> 
        </void> 
        <void method="add"> 
         <double>44440.005992832455</double> 
        </void> 
        <void method="add"> 
         <double>44734.025405081054</double> 
        </void> 
        <void method="add"> 
         <double>44911.10665902204</double> 
        </void> 
        <void method="add"> 
         <double>45379.78414624756</double> 
        </void> 
        <void method="add"> 
         <double>45392.46514979027</double> 
        </void> 
        <void method="add"> 
         <double>45446.97260095863</double> 
        </void> 
        <void method="add"> 
         <double>45530.629574415136</double> 
        </void> 
        <void method="add"> 
         <double>45695.37147369504</double> 
        </void> 
        <void method="add"> 
         <double>46085.502996415256</double> 
        </void> 
        <void method="add"> 
         <double>46118.485244492105</double> 
        </void> 
        <void method="add"> 
         <double>46133.683043344856</double> 
        </void> 
        <void method="add"> 
         <double>46288.582791783665</double> 
        </void> 
        <void method="add"> 
         <double>46405.9128417009</double> 
        </void> 
        <void method="add"> 
         <double>47366.422184944975</double> 
        </void> 
        <void method="add"> 
         <double>46041.87039538808</double> 
        </void> 
        <void method="add"> 
         <double>46196.10662379938</double> 
        </void> 
        <void method="add"> 
         <double>45993.45244314353</double> 
        </void> 
        <void method="add"> 
         <double>46634.92629882404</double> 
        </void> 
        <void method="add"> 
         <double>47246.96334770037</double> 
        </void> 
       </object> 
      </void> 
      <void property="stdev"> 
       <double>1268.2171593748735</double> 
      </void> 
     </object> 
    </void> 
    <void index="5"> 
     <object class="jmbench.tools.EvaluationMetrics"> 
      <void property="max"> 
       <double>10755.9364645229</double> 
      </void> 
      <void property="mean"> 
       <double>10345.022107470308</double> 
      </void> 
      <void property="median"> 
       <double>10306.833302130955</double> 
      </void> 
      <void property="min"> 
       <double>9793.811967505426</double> 
      </void> 
      <void property="rawResults"> 
       <object class="java.util.ArrayList"> 
        <void method="add"> 
         <double>9793.811967505426</double> 
        </void> 
        <void method="add"> 
         <double>10106.07528603294</double> 
        </void> 
        <void method="add"> 
         <double>10116.425867714941</double> 
        </void> 
        <void method="add"> 
         <double>10155.944382097283</double> 
        </void> 
        <void method="add"> 
         <double>10162.253849226923</double> 
        </void> 
        <void method="add"> 
         <double>10188.163466216298</double> 
        </void> 
        <void method="add"> 
         <double>10227.835864372502</double> 
        </void> 
        <void method="add"> 
         <double>10233.828387361256</double> 
        </void> 
        <void method="add"> 
         <double>10243.732607006456</double> 
        </void> 
        <void method="add"> 
         <double>10250.982860144873</double> 
        </void> 
        <void method="add"> 
         <double>10306.833302130955</double> 
        </void> 
        <void method="add"> 
         <double>10433.516929494035</double> 
        </void> 
        <void method="add"> 
         <double>10438.000504246416</double> 
        </void> 
        <void method="add"> 
         <double>10443.20994302215</double> 
        </void> 
        <void method="add"> 
         <double>10455.465496361672</double> 
        </void> 
        <void method="add"> 
         <double>10520.07795225512</double> 
        </void> 
        <void method="add"> 
         <double>10560.424230134402</double> 
        </void> 
        <void method="add"> 
         <double>10644.037679311961</double> 
        </void> 
        <void method="add"> 
         <double>10744.299723793374</double> 
        </void> 
        <void method="add"> 
         <double>10755.9364645229</double> 
        </void> 
        <void method="add"> 
         <double>10165.311176267418</double> 
        </void> 
        <void method="add"> 
         <double>10421.534043953941</double> 
        </void> 
        <void method="add"> 
         <double>10719.186609373075</double> 
        </void> 
        <void method="add"> 
         <double>10475.16773928317</double> 
        </void> 
        <void method="add"> 
         <double>10063.496354928193</double> 
        </void> 
       </object> 
      </void> 
      <void property="stdev"> 
       <double>233.32265710350725</double> 
      </void> 
     </object> 
    </void> 
    <void index="6"> 
     <object class="jmbench.tools.EvaluationMetrics"> 
      <void property="max"> 
       <double>1003.379737891896</double> 
      </void> 
      <void property="mean"> 
       <double>972.6687015414781</double> 
      </void> 
      <void property="median"> 
       <double>974.0220036870704</double> 
      </void> 
      <void property="min"> 
       <double>949.1834867028268</double> 
      </void> 
      <void property="rawResults"> 
       <object class="java.util.ArrayList"> 
        <void method="add"> 
         <double>949.1834867028268</double> 
        </void> 
        <void method="add"> 
         <double>952.3992036135626</double> 
        </void> 
        <void method="add"> 
         <double>952.9620038295297</double> 
        </void> 
        <void method="add"> 
         <double>956.5349660363921</double> 
        </void> 
        <void method="add"> 
         <double>958.0691355533537</double> 
        </void> 
        <void method="add"> 
         <double>958.5067591590815</double> 
        </void> 
        <void method="add"> 
         <double>962.9745902999459</double> 
        </void> 
        <void method="add"> 
         <double>967.5967211286874</double> 
        </void> 
        <void method="add"> 
         <double>969.4595564124991</double> 
        </void> 
        <void method="add"> 
         <double>970.3564603165812</double> 
        </void> 
        <void method="add"> 
         <double>974.0220036870704</double> 
        </void> 
        <void method="add"> 
         <double>976.8183967794454</double> 
        </void> 
        <void method="add"> 
         <double>977.0527210833914</double> 
        </void> 
        <void method="add"> 
         <double>978.2987219153719</double> 
        </void> 
        <void method="add"> 
         <double>979.2267622349618</double> 
        </void> 
        <void method="add"> 
         <double>979.7755138476022</double> 
        </void> 
        <void method="add"> 
         <double>987.3678550450081</double> 
        </void> 
        <void method="add"> 
         <double>987.924281754074</double> 
        </void> 
        <void method="add"> 
         <double>995.4421462660545</double> 
        </void> 
        <void method="add"> 
         <double>1003.379737891896</double> 
        </void> 
        <void method="add"> 
         <double>962.8757860496039</double> 
        </void> 
        <void method="add"> 
         <double>992.0684835567523</double> 
        </void> 
        <void method="add"> 
         <double>966.2601147087208</double> 
        </void> 
        <void method="add"> 
         <double>974.5538873603335</double> 
        </void> 
        <void method="add"> 
         <double>983.6082433042101</double> 
        </void> 
       </object> 
      </void> 
      <void property="stdev"> 
       <double>13.958139851932264</double> 
      </void> 
     </object> 
    </void> 
    <void index="7"> 
     <object class="jmbench.tools.EvaluationMetrics"> 
      <void property="max"> 
       <double>138.05244781387833</double> 
      </void> 
      <void property="mean"> 
       <double>132.3427499241212</double> 
      </void> 
      <void property="median"> 
       <double>134.2334279074182</double> 
      </void> 
      <void property="min"> 
       <double>123.98648536388444</double> 
      </void> 
      <void property="rawResults"> 
       <object class="java.util.ArrayList"> 
        <void method="add"> 
         <double>123.98648536388444</double> 
        </void> 
        <void method="add"> 
         <double>126.16164679829141</double> 
        </void> 
        <void method="add"> 
         <double>126.53174004798967</double> 
        </void> 
        <void method="add"> 
         <double>126.81229954206394</double> 
        </void> 
        <void method="add"> 
         <double>127.21823350395762</double> 
        </void> 
        <void method="add"> 
         <double>127.33931704709292</double> 
        </void> 
        <void method="add"> 
         <double>128.21496662746114</double> 
        </void> 
        <void method="add"> 
         <double>128.52119802008258</double> 
        </void> 
        <void method="add"> 
         <double>128.5704849122301</double> 
        </void> 
        <void method="add"> 
         <double>129.519027200158</double> 
        </void> 
        <void method="add"> 
         <double>132.56005751543</double> 
        </void> 
        <void method="add"> 
         <double>134.2334279074182</double> 
        </void> 
        <void method="add"> 
         <double>134.29325734515552</double> 
        </void> 
        <void method="add"> 
         <double>134.77781408166072</double> 
        </void> 
        <void method="add"> 
         <double>135.43011934634765</double> 
        </void> 
        <void method="add"> 
         <double>135.59798862139826</double> 
        </void> 
        <void method="add"> 
         <double>135.9238441397561</double> 
        </void> 
        <void method="add"> 
         <double>136.22181664865002</double> 
        </void> 
        <void method="add"> 
         <double>137.80212140587105</double> 
        </void> 
        <void method="add"> 
         <double>138.02869373042407</double> 
        </void> 
        <void method="add"> 
         <double>136.62625865040002</double> 
        </void> 
        <void method="add"> 
         <double>138.05244781387833</double> 
        </void> 
        <void method="add"> 
         <double>135.99437910784928</double> 
        </void> 
        <void method="add"> 
         <double>132.33190996136327</double> 
        </void> 
        <void method="add"> 
         <double>137.81921276421477</double> 
        </void> 
       </object> 
      </void> 
      <void property="stdev"> 
       <double>4.451039617971888</double> 
      </void> 
     </object> 
    </void> 
    <void index="8"> 
     <object class="jmbench.tools.EvaluationMetrics"> 
      <void property="max"> 
       <double>14.350539797974069</double> 
      </void> 
      <void property="mean"> 
       <double>14.078413118195712</double> 
      </void> 
      <void property="median"> 
       <double>14.08670080757726</double> 
      </void> 
      <void property="min"> 
       <double>13.574348418976205</double> 
      </void> 
      <void property="rawResults"> 
       <object class="java.util.ArrayList"> 
        <void method="add"> 
         <double>13.574348418976205</double> 
        </void> 
        <void method="add"> 
         <double>13.813552399239917</double> 
        </void> 
        <void method="add"> 
         <double>13.814609195326266</double> 
        </void> 
        <void method="add"> 
         <double>14.005320040676935</double> 
        </void> 
        <void method="add"> 
         <double>14.017681950738268</double> 
        </void> 
        <void method="add"> 
         <double>14.018635663538882</double> 
        </void> 
        <void method="add"> 
         <double>14.033694624798146</double> 
        </void> 
        <void method="add"> 
         <double>14.061504567084139</double> 
        </void> 
        <void method="add"> 
         <double>14.08670080757726</double> 
        </void> 
        <void method="add"> 
         <double>14.09318879738217</double> 
        </void> 
        <void method="add"> 
         <double>14.108903295492961</double> 
        </void> 
        <void method="add"> 
         <double>14.130437745500027</double> 
        </void> 
        <void method="add"> 
         <double>14.160245515632022</double> 
        </void> 
        <void method="add"> 
         <double>14.191913882336491</double> 
        </void> 
        <void method="add"> 
         <double>14.23169498432463</double> 
        </void> 
        <void method="add"> 
         <double>14.233703957876585</double> 
        </void> 
        <void method="add"> 
         <double>14.240327451094721</double> 
        </void> 
        <void method="add"> 
         <double>14.243279562102122</double> 
        </void> 
        <void method="add"> 
         <double>14.294183389919091</double> 
        </void> 
        <void method="add"> 
         <double>14.350539797974069</double> 
        </void> 
        <void method="add"> 
         <double>13.915799565672147</double> 
        </void> 
        <void method="add"> 
         <double>14.064137473713071</double> 
        </void> 
        <void method="add"> 
         <double>14.140588351649109</double> 
        </void> 
        <void method="add"> 
         <double>14.063871836665966</double> 
        </void> 
        <void method="add"> 
         <double>14.071464679601673</double> 
        </void> 
       </object> 
      </void> 
      <void property="stdev"> 
       <double>0.16548195507441563</double> 
      </void> 
     </object> 
    </void> 
    <void index="9"> 
     <object class="jmbench.tools.EvaluationMetrics"> 
      <void property="max"> 
       <double>0.5495806439460257</double> 
      </void> 
      <void property="mean"> 
       <double>0.528315742870859</double> 
      </void> 
      <void property="median"> 
       <double>0.5354111721444808</double> 
      </void> 
      <void property="min"> 
       <double>0.4894555246647856</double> 
      </void> 
      <void property="rawResults"> 
       <object class="java.util.ArrayList"> 
        <void method="add"> 
         <double>0.4894555246647856</double> 
        </void> 
        <void method="add"> 
         <double>0.4904812364081809</double> 
        </void> 
        <void method="add"> 
         <double>0.4970764320409638</double> 
        </void> 
        <void method="add"> 
         <double>0.5069531872869419</double> 
        </void> 
        <void method="add"> 
         <double>0.526263529843286</double> 
        </void> 
        <void method="add"> 
         <double>0.5307570451468104</double> 
        </void> 
        <void method="add"> 
         <double>0.5329182195994626</double> 
        </void> 
        <void method="add"> 
         <double>0.533601449848286</double> 
        </void> 
        <void method="add"> 
         <double>0.53487013976264</double> 
        </void> 
        <void method="add"> 
         <double>0.5354111721444808</double> 
        </void> 
        <void method="add"> 
         <double>0.5361786067173387</double> 
        </void> 
        <void method="add"> 
         <double>0.5368073483660984</double> 
        </void> 
        <void method="add"> 
         <double>0.5369847436727491</double> 
        </void> 
        <void method="add"> 
         <double>0.5372148891193063</double> 
        </void> 
        <void method="add"> 
         <double>0.537802792198687</double> 
        </void> 
        <void method="add"> 
         <double>0.5380889505642856</double> 
        </void> 
        <void method="add"> 
         <double>0.5385916692933918</double> 
        </void> 
        <void method="add"> 
         <double>0.5405352247418317</double> 
        </void> 
        <void method="add"> 
         <double>0.5457097436395598</double> 
        </void> 
        <void method="add"> 
         <double>0.5495806439460257</double> 
        </void> 
        <void method="add"> 
         <double>0.4989571185000878</double> 
        </void> 
        <void method="add"> 
         <double>0.5322626554918622</double> 
        </void> 
        <void method="add"> 
         <double>0.5195872740167967</double> 
        </void> 
        <void method="add"> 
         <double>0.539579473228433</double> 
        </void> 
        <void method="add"> 
         <double>0.5422245015291862</double> 
        </void> 
       </object> 
      </void> 
      <void property="stdev"> 
       <double>0.017069144171267505</double> 
      </void> 
     </object> 
    </void> 
    <void index="10"> 
     <object class="jmbench.tools.EvaluationMetrics"> 
      <void property="max"> 
       <double>0.046884355499892116</double> 
      </void> 
      <void property="mean"> 
       <double>0.044757247672886594</double> 
      </void> 
      <void property="median"> 
       <double>0.04397437533063352</double> 
      </void> 
      <void property="min"> 
       <double>0.04341301218813415</double> 
      </void> 
      <void property="rawResults"> 
       <object class="java.util.ArrayList"> 
        <void method="add"> 
         <double>0.04397437533063352</double> 
        </void> 
        <void method="add"> 
         <double>0.04341301218813415</double> 
        </void> 
        <void method="add"> 
         <double>0.046884355499892116</double> 
        </void> 
       </object> 
      </void> 
      <void property="stdev"> 
       <double>0.0015214517026446177</double> 
      </void> 
     </object> 
    </void> 
   </array> 
  </void> 
  <void property="opName"> 
   <string>Eigen for Symm Matrices</string> 
  </void> 
 </object> 
</java> 
