<?xml version="1.0" encoding="UTF-8"?> 
<java version="1.6.0_16" class="java.beans.XMLDecoder"> 
 <object class="jmbench.tools.runtime.OperationResults"> 
  <void property="library"> 
   <object class="jmbench.impl.MatrixLibrary" method="valueOf"> 
    <string>COLT</string> 
   </object> 
  </void> 
  <void property="matDimen"> 
   <array class="int" length="12"> 
    <void index="0"> 
     <int>2</int> 
    </void> 
    <void index="1"> 
     <int>3</int> 
    </void> 
    <void index="2"> 
     <int>4</int> 
    </void> 
    <void index="3"> 
     <int>5</int> 
    </void> 
    <void index="4"> 
     <int>10</int> 
    </void> 
    <void index="5"> 
     <int>20</int> 
    </void> 
    <void index="6"> 
     <int>50</int> 
    </void> 
    <void index="7"> 
     <int>100</int> 
    </void> 
    <void index="8"> 
     <int>200</int> 
    </void> 
    <void index="9"> 
     <int>500</int> 
    </void> 
    <void index="10"> 
     <int>1000</int> 
    </void> 
    <void index="11"> 
     <int>2000</int> 
    </void> 
   </array> 
  </void> 
  <void property="metrics"> 
   <array class="jmbench.tools.EvaluationMetrics" length="12"> 
    <void index="0"> 
     <object class="jmbench.tools.EvaluationMetrics"> 
      <void property="max"> 
       <double>1010400.3916694304</double> 
      </void> 
      <void property="mean"> 
       <double>922569.6494418412</double> 
      </void> 
      <void property="median"> 
       <double>909294.9797155968</double> 
      </void> 
      <void property="min"> 
       <double>840338.7252595077</double> 
      </void> 
      <void property="rawResults"> 
       <object class="java.util.ArrayList"> 
        <void method="add"> 
         <double>840338.7252595077</double> 
        </void> 
        <void method="add"> 
         <double>852452.6860970322</double> 
        </void> 
        <void method="add"> 
         <double>855537.5210060636</double> 
        </void> 
        <void method="add"> 
         <double>858013.1764955475</double> 
        </void> 
        <void method="add"> 
         <double>860407.2360689781</double> 
        </void> 
        <void method="add"> 
         <double>860744.0870115987</double> 
        </void> 
        <void method="add"> 
         <double>871352.1244404356</double> 
        </void> 
        <void method="add"> 
         <double>878473.674287568</double> 
        </void> 
        <void method="add"> 
         <double>890245.7343742248</double> 
        </void> 
        <void method="add"> 
         <double>897453.1766272383</double> 
        </void> 
        <void method="add"> 
         <double>899626.8615901944</double> 
        </void> 
        <void method="add"> 
         <double>905258.3817730633</double> 
        </void> 
        <void method="add"> 
         <double>909294.9797155968</double> 
        </void> 
        <void method="add"> 
         <double>911635.8563713952</double> 
        </void> 
        <void method="add"> 
         <double>917479.9565759914</double> 
        </void> 
        <void method="add"> 
         <double>925771.7280640753</double> 
        </void> 
        <void method="add"> 
         <double>991029.9998203752</double> 
        </void> 
        <void method="add"> 
         <double>991581.4194165245</double> 
        </void> 
        <void method="add"> 
         <double>996108.6223372096</double> 
        </void> 
        <void method="add"> 
         <double>996417.8854475407</double> 
        </void> 
        <void method="add"> 
         <double>921103.0521505801</double> 
        </void> 
        <void method="add"> 
         <double>1005210.4280844325</double> 
        </void> 
        <void method="add"> 
         <double>1008529.4695544846</double> 
        </void> 
        <void method="add"> 
         <double>1010400.3916694304</double> 
        </void> 
        <void method="add"> 
         <double>1009774.0618069443</double> 
        </void> 
       </object> 
      </void> 
      <void property="stdev"> 
       <double>58404.66964224126</double> 
      </void> 
     </object> 
    </void> 
    <void index="1"> 
     <object class="jmbench.tools.EvaluationMetrics"> 
      <void property="max"> 
       <double>673850.2589243144</double> 
      </void> 
      <void property="mean"> 
       <double>630714.8136916982</double> 
      </void> 
      <void property="median"> 
       <double>628935.6348837824</double> 
      </void> 
      <void property="min"> 
       <double>579330.6077212599</double> 
      </void> 
      <void property="rawResults"> 
       <object class="java.util.ArrayList"> 
        <void method="add"> 
         <double>579330.6077212599</double> 
        </void> 
        <void method="add"> 
         <double>582368.5748992172</double> 
        </void> 
        <void method="add"> 
         <double>586482.1565680068</double> 
        </void> 
        <void method="add"> 
         <double>605643.0900101162</double> 
        </void> 
        <void method="add"> 
         <double>613136.4246358604</double> 
        </void> 
        <void method="add"> 
         <double>614375.7321561017</double> 
        </void> 
        <void method="add"> 
         <double>617567.0929665151</double> 
        </void> 
        <void method="add"> 
         <double>617915.5736609562</double> 
        </void> 
        <void method="add"> 
         <double>619796.7210499571</double> 
        </void> 
        <void method="add"> 
         <double>620676.459197987</double> 
        </void> 
        <void method="add"> 
         <double>623753.7037085599</double> 
        </void> 
        <void method="add"> 
         <double>628935.6348837824</double> 
        </void> 
        <void method="add"> 
         <double>657304.6738021466</double> 
        </void> 
        <void method="add"> 
         <double>657994.4192537083</double> 
        </void> 
        <void method="add"> 
         <double>659369.6445268387</double> 
        </void> 
        <void method="add"> 
         <double>659594.6740550661</double> 
        </void> 
        <void method="add"> 
         <double>660908.5171105295</double> 
        </void> 
        <void method="add"> 
         <double>661120.968893159</double> 
        </void> 
        <void method="add"> 
         <double>662727.434194756</double> 
        </void> 
        <void method="add"> 
         <double>665539.5789483564</double> 
        </void> 
        <void method="add"> 
         <double>599232.8506240344</double> 
        </void> 
        <void method="add"> 
         <double>673850.2589243144</double> 
        </void> 
        <void method="add"> 
         <double>633208.6906758044</double> 
        </void> 
        <void method="add"> 
         <double>635421.8094301266</double> 
        </void> 
        <void method="add"> 
         <double>631615.0503952994</double> 
        </void> 
       </object> 
      </void> 
      <void property="stdev"> 
       <double>27428.550560909753</double> 
      </void> 
     </object> 
    </void> 
    <void index="2"> 
     <object class="jmbench.tools.EvaluationMetrics"> 
      <void property="max"> 
       <double>441576.2773164229</double> 
      </void> 
      <void property="mean"> 
       <double>399520.5016649543</double> 
      </void> 
      <void property="median"> 
       <double>408148.62773203047</double> 
      </void> 
      <void property="min"> 
       <double>346465.9068108264</double> 
      </void> 
      <void property="rawResults"> 
       <object class="java.util.ArrayList"> 
        <void method="add"> 
         <double>346465.9068108264</double> 
        </void> 
        <void method="add"> 
         <double>365635.8830325805</double> 
        </void> 
        <void method="add"> 
         <double>368293.0716033159</double> 
        </void> 
        <void method="add"> 
         <double>373273.0169726436</double> 
        </void> 
        <void method="add"> 
         <double>375316.95115394995</double> 
        </void> 
        <void method="add"> 
         <double>375729.4440972881</double> 
        </void> 
        <void method="add"> 
         <double>378284.4660431915</double> 
        </void> 
        <void method="add"> 
         <double>380596.6381033821</double> 
        </void> 
        <void method="add"> 
         <double>391974.44616866857</double> 
        </void> 
        <void method="add"> 
         <double>392115.16354628705</double> 
        </void> 
        <void method="add"> 
         <double>396149.31477700005</double> 
        </void> 
        <void method="add"> 
         <double>410561.9738060382</double> 
        </void> 
        <void method="add"> 
         <double>410992.437979903</double> 
        </void> 
        <void method="add"> 
         <double>411156.46566046495</double> 
        </void> 
        <void method="add"> 
         <double>412108.7636766527</double> 
        </void> 
        <void method="add"> 
         <double>413352.5254663034</double> 
        </void> 
        <void method="add"> 
         <double>414958.3286868592</double> 
        </void> 
        <void method="add"> 
         <double>427576.77090034465</double> 
        </void> 
        <void method="add"> 
         <double>430736.1088429261</double> 
        </void> 
        <void method="add"> 
         <double>441576.2773164229</double> 
        </void> 
        <void method="add"> 
         <double>408148.62773203047</double> 
        </void> 
        <void method="add"> 
         <double>424590.3695416504</double> 
        </void> 
        <void method="add"> 
         <double>406615.21350164356</double> 
        </void> 
        <void method="add"> 
         <double>422473.62174423574</double> 
        </void> 
        <void method="add"> 
         <double>409330.75445924734</double> 
        </void> 
       </object> 
      </void> 
      <void property="stdev"> 
       <double>23319.30294703348</double> 
      </void> 
     </object> 
    </void> 
    <void index="3"> 
     <object class="jmbench.tools.EvaluationMetrics"> 
      <void property="max"> 
       <double>285270.74236612284</double> 
      </void> 
      <void property="mean"> 
       <double>264466.6423820989</double> 
      </void> 
      <void property="median"> 
       <double>264275.7362114005</double> 
      </void> 
      <void property="min"> 
       <double>248783.64625425337</double> 
      </void> 
      <void property="rawResults"> 
       <object class="java.util.ArrayList"> 
        <void method="add"> 
         <double>250721.05421121235</double> 
        </void> 
        <void method="add"> 
         <double>255022.00691427992</double> 
        </void> 
        <void method="add"> 
         <double>255411.74655680315</double> 
        </void> 
        <void method="add"> 
         <double>256344.71440464808</double> 
        </void> 
        <void method="add"> 
         <double>260691.67104093058</double> 
        </void> 
        <void method="add"> 
         <double>261302.61304698876</double> 
        </void> 
        <void method="add"> 
         <double>261825.27579624727</double> 
        </void> 
        <void method="add"> 
         <double>262135.1920317516</double> 
        </void> 
        <void method="add"> 
         <double>264275.7362114005</double> 
        </void> 
        <void method="add"> 
         <double>264714.626177361</double> 
        </void> 
        <void method="add"> 
         <double>266963.728275208</double> 
        </void> 
        <void method="add"> 
         <double>267229.1561440276</double> 
        </void> 
        <void method="add"> 
         <double>268060.58186931425</double> 
        </void> 
        <void method="add"> 
         <double>268798.0965298231</double> 
        </void> 
        <void method="add"> 
         <double>269349.2041362286</double> 
        </void> 
        <void method="add"> 
         <double>271020.16559755546</double> 
        </void> 
        <void method="add"> 
         <double>272398.803005601</double> 
        </void> 
        <void method="add"> 
         <double>276605.1107711236</double> 
        </void> 
        <void method="add"> 
         <double>280650.0925117842</double> 
        </void> 
        <void method="add"> 
         <double>285270.74236612284</double> 
        </void> 
        <void method="add"> 
         <double>270473.07383428066</double> 
        </void> 
        <void method="add"> 
         <double>262652.46739111125</double> 
        </void> 
        <void method="add"> 
         <double>256178.7623191973</double> 
        </void> 
        <void method="add"> 
         <double>254787.79215521878</double> 
        </void> 
        <void method="add"> 
         <double>248783.64625425337</double> 
        </void> 
       </object> 
      </void> 
      <void property="stdev"> 
       <double>8781.512679666223</double> 
      </void> 
     </object> 
    </void> 
    <void index="4"> 
     <object class="jmbench.tools.EvaluationMetrics"> 
      <void property="max"> 
       <double>73321.68387478369</double> 
      </void> 
      <void property="mean"> 
       <double>70795.86213582486</double> 
      </void> 
      <void property="median"> 
       <double>70597.39405908404</double> 
      </void> 
      <void property="min"> 
       <double>67194.93627842852</double> 
      </void> 
      <void property="rawResults"> 
       <object class="java.util.ArrayList"> 
        <void method="add"> 
         <double>69250.90791624384</double> 
        </void> 
        <void method="add"> 
         <double>69954.45399802917</double> 
        </void> 
        <void method="add"> 
         <double>70118.57539259715</double> 
        </void> 
        <void method="add"> 
         <double>70309.64935739849</double> 
        </void> 
        <void method="add"> 
         <double>70376.76726746457</double> 
        </void> 
        <void method="add"> 
         <double>70502.41104698909</double> 
        </void> 
        <void method="add"> 
         <double>70512.97645274241</double> 
        </void> 
        <void method="add"> 
         <double>70597.39405908404</double> 
        </void> 
        <void method="add"> 
         <double>70761.19591454732</double> 
        </void> 
        <void method="add"> 
         <double>71015.40162948535</double> 
        </void> 
        <void method="add"> 
         <double>71039.45778930836</double> 
        </void> 
        <void method="add"> 
         <double>71836.60257512736</double> 
        </void> 
        <void method="add"> 
         <double>71894.8452810609</double> 
        </void> 
        <void method="add"> 
         <double>72164.65349271285</double> 
        </void> 
        <void method="add"> 
         <double>72615.36633972559</double> 
        </void> 
        <void method="add"> 
         <double>72642.34573390392</double> 
        </void> 
        <void method="add"> 
         <double>72895.19221105242</double> 
        </void> 
        <void method="add"> 
         <double>73121.53176543396</double> 
        </void> 
        <void method="add"> 
         <double>73169.10832433925</double> 
        </void> 
        <void method="add"> 
         <double>73321.68387478369</double> 
        </void> 
        <void method="add"> 
         <double>67194.93627842852</double> 
        </void> 
        <void method="add"> 
         <double>68460.26865084993</double> 
        </void> 
        <void method="add"> 
         <double>70445.52101355359</double> 
        </void> 
        <void method="add"> 
         <double>68173.5268475513</double> 
        </void> 
        <void method="add"> 
         <double>67521.78018320826</double> 
        </void> 
       </object> 
      </void> 
      <void property="stdev"> 
       <double>1710.3581602080833</double> 
      </void> 
     </object> 
    </void> 
    <void index="5"> 
     <object class="jmbench.tools.EvaluationMetrics"> 
      <void property="max"> 
       <double>15865.715279375563</double> 
      </void> 
      <void property="mean"> 
       <double>15668.016304222283</double> 
      </void> 
      <void property="median"> 
       <double>15680.808323818217</double> 
      </void> 
      <void property="min"> 
       <double>15456.298625959034</double> 
      </void> 
      <void property="rawResults"> 
       <object class="java.util.ArrayList"> 
        <void method="add"> 
         <double>15539.398137995277</double> 
        </void> 
        <void method="add"> 
         <double>15566.081550589071</double> 
        </void> 
        <void method="add"> 
         <double>15579.611905377727</double> 
        </void> 
        <void method="add"> 
         <double>15580.876969420193</double> 
        </void> 
        <void method="add"> 
         <double>15597.660101077576</double> 
        </void> 
        <void method="add"> 
         <double>15646.181972223516</double> 
        </void> 
        <void method="add"> 
         <double>15660.14505379227</double> 
        </void> 
        <void method="add"> 
         <double>15660.712708609166</double> 
        </void> 
        <void method="add"> 
         <double>15673.18537692978</double> 
        </void> 
        <void method="add"> 
         <double>15680.808323818217</double> 
        </void> 
        <void method="add"> 
         <double>15683.870696561278</double> 
        </void> 
        <void method="add"> 
         <double>15686.441789894225</double> 
        </void> 
        <void method="add"> 
         <double>15686.870286114869</double> 
        </void> 
        <void method="add"> 
         <double>15698.731233598715</double> 
        </void> 
        <void method="add"> 
         <double>15707.66796281978</double> 
        </void> 
        <void method="add"> 
         <double>15711.584635276247</double> 
        </void> 
        <void method="add"> 
         <double>15734.100838087455</double> 
        </void> 
        <void method="add"> 
         <double>15743.190990172967</double> 
        </void> 
        <void method="add"> 
         <double>15744.103772004062</double> 
        </void> 
        <void method="add"> 
         <double>15794.91273451407</double> 
        </void> 
        <void method="add"> 
         <double>15603.388171739836</double> 
        </void> 
        <void method="add"> 
         <double>15822.799780107058</double> 
        </void> 
        <void method="add"> 
         <double>15576.068709499223</double> 
        </void> 
        <void method="add"> 
         <double>15456.298625959034</double> 
        </void> 
        <void method="add"> 
         <double>15865.715279375563</double> 
        </void> 
       </object> 
      </void> 
      <void property="stdev"> 
       <double>90.73990409627955</double> 
      </void> 
     </object> 
    </void> 
    <void index="6"> 
     <object class="jmbench.tools.EvaluationMetrics"> 
      <void property="max"> 
       <double>1509.2914100286484</double> 
      </void> 
      <void property="mean"> 
       <double>1497.5618898012513</double> 
      </void> 
      <void property="median"> 
       <double>1502.1378729162313</double> 
      </void> 
      <void property="min"> 
       <double>1461.5640669267532</double> 
      </void> 
      <void property="rawResults"> 
       <object class="java.util.ArrayList"> 
        <void method="add"> 
         <double>1461.5640669267532</double> 
        </void> 
        <void method="add"> 
         <double>1477.8777940430018</double> 
        </void> 
        <void method="add"> 
         <double>1480.3772467374527</double> 
        </void> 
        <void method="add"> 
         <double>1480.7726686511685</double> 
        </void> 
        <void method="add"> 
         <double>1494.2069599526453</double> 
        </void> 
        <void method="add"> 
         <double>1494.7608908331495</double> 
        </void> 
        <void method="add"> 
         <double>1496.2662078898954</double> 
        </void> 
        <void method="add"> 
         <double>1496.981056056364</double> 
        </void> 
        <void method="add"> 
         <double>1499.6934369152546</double> 
        </void> 
        <void method="add"> 
         <double>1501.5657107313898</double> 
        </void> 
        <void method="add"> 
         <double>1502.1378729162313</double> 
        </void> 
        <void method="add"> 
         <double>1502.2228909078756</double> 
        </void> 
        <void method="add"> 
         <double>1502.613825267028</double> 
        </void> 
        <void method="add"> 
         <double>1503.992107915717</double> 
        </void> 
        <void method="add"> 
         <double>1505.4657679271775</double> 
        </void> 
        <void method="add"> 
         <double>1507.1561842296237</double> 
        </void> 
        <void method="add"> 
         <double>1507.3985350126172</double> 
        </void> 
        <void method="add"> 
         <double>1507.4736339623746</double> 
        </void> 
        <void method="add"> 
         <double>1507.7818421986167</double> 
        </void> 
        <void method="add"> 
         <double>1509.2914100286484</double> 
        </void> 
        <void method="add"> 
         <double>1477.5514077602684</double> 
        </void> 
        <void method="add"> 
         <double>1501.4881688544506</double> 
        </void> 
        <void method="add"> 
         <double>1504.595992690628</double> 
        </void> 
        <void method="add"> 
         <double>1506.6821800280325</double> 
        </void> 
        <void method="add"> 
         <double>1509.1293865949167</double> 
        </void> 
       </object> 
      </void> 
      <void property="stdev"> 
       <double>12.141788865881573</double> 
      </void> 
     </object> 
    </void> 
    <void index="7"> 
     <object class="jmbench.tools.EvaluationMetrics"> 
      <void property="max"> 
       <double>209.05423510050932</double> 
      </void> 
      <void property="mean"> 
       <double>206.91253026029392</double> 
      </void> 
      <void property="median"> 
       <double>206.7649136687124</double> 
      </void> 
      <void property="min"> 
       <double>203.896405180664</double> 
      </void> 
      <void property="rawResults"> 
       <object class="java.util.ArrayList"> 
        <void method="add"> 
         <double>204.65948878513476</double> 
        </void> 
        <void method="add"> 
         <double>206.01346382337528</double> 
        </void> 
        <void method="add"> 
         <double>206.39093443239906</double> 
        </void> 
        <void method="add"> 
         <double>206.43181740981424</double> 
        </void> 
        <void method="add"> 
         <double>206.47431336469134</double> 
        </void> 
        <void method="add"> 
         <double>206.4942622367872</double> 
        </void> 
        <void method="add"> 
         <double>206.64097761137262</double> 
        </void> 
        <void method="add"> 
         <double>206.7649136687124</double> 
        </void> 
        <void method="add"> 
         <double>207.18217978352948</double> 
        </void> 
        <void method="add"> 
         <double>207.4183344730315</double> 
        </void> 
        <void method="add"> 
         <double>207.7270898271298</double> 
        </void> 
        <void method="add"> 
         <double>208.06388449668742</double> 
        </void> 
        <void method="add"> 
         <double>208.1355406720839</double> 
        </void> 
        <void method="add"> 
         <double>208.35796499523914</double> 
        </void> 
        <void method="add"> 
         <double>208.36250408390507</double> 
        </void> 
        <void method="add"> 
         <double>208.52120241085984</double> 
        </void> 
        <void method="add"> 
         <double>208.6382928320411</double> 
        </void> 
        <void method="add"> 
         <double>208.81415806569214</double> 
        </void> 
        <void method="add"> 
         <double>208.94989137829873</double> 
        </void> 
        <void method="add"> 
         <double>209.05423510050932</double> 
        </void> 
        <void method="add"> 
         <double>203.896405180664</double> 
        </void> 
        <void method="add"> 
         <double>204.3722655804848</double> 
        </void> 
        <void method="add"> 
         <double>205.04710696799293</double> 
        </void> 
        <void method="add"> 
         <double>204.97028081661173</double> 
        </void> 
        <void method="add"> 
         <double>205.43174851030116</double> 
        </void> 
       </object> 
      </void> 
      <void property="stdev"> 
       <double>1.5201332486208763</double> 
      </void> 
     </object> 
    </void> 
    <void index="8"> 
     <object class="jmbench.tools.EvaluationMetrics"> 
      <void property="max"> 
       <double>28.37884832353431</double> 
      </void> 
      <void property="mean"> 
       <double>27.421554366739745</double> 
      </void> 
      <void property="median"> 
       <double>28.110550740985982</double> 
      </void> 
      <void property="min"> 
       <double>26.14396389423492</double> 
      </void> 
      <void property="rawResults"> 
       <object class="java.util.ArrayList"> 
        <void method="add"> 
         <double>26.14396389423492</double> 
        </void> 
        <void method="add"> 
         <double>26.175840291250235</double> 
        </void> 
        <void method="add"> 
         <double>26.20071621607906</double> 
        </void> 
        <void method="add"> 
         <double>26.227151773941454</double> 
        </void> 
        <void method="add"> 
         <double>26.24832646568022</double> 
        </void> 
        <void method="add"> 
         <double>28.006482485948993</double> 
        </void> 
        <void method="add"> 
         <double>28.07509945640831</double> 
        </void> 
        <void method="add"> 
         <double>28.110550740985982</double> 
        </void> 
        <void method="add"> 
         <double>28.126123301332147</double> 
        </void> 
        <void method="add"> 
         <double>28.159106866171616</double> 
        </void> 
        <void method="add"> 
         <double>28.212314307107327</double> 
        </void> 
        <void method="add"> 
         <double>28.247908062452186</double> 
        </void> 
        <void method="add"> 
         <double>28.248309969250318</double> 
        </void> 
        <void method="add"> 
         <double>28.251235177986555</double> 
        </void> 
        <void method="add"> 
         <double>28.263455258424166</double> 
        </void> 
        <void method="add"> 
         <double>28.28315069931872</double> 
        </void> 
        <void method="add"> 
         <double>28.286128393600258</double> 
        </void> 
        <void method="add"> 
         <double>28.335241721308343</double> 
        </void> 
        <void method="add"> 
         <double>28.37312152911604</double> 
        </void> 
        <void method="add"> 
         <double>28.37884832353431</double> 
        </void> 
        <void method="add"> 
         <double>26.195446626785355</double> 
        </void> 
        <void method="add"> 
         <double>26.208364069565516</double> 
        </void> 
        <void method="add"> 
         <double>26.29431534778987</double> 
        </void> 
        <void method="add"> 
         <double>26.236243839198583</double> 
        </void> 
        <void method="add"> 
         <double>26.251414351023175</double> 
        </void> 
       </object> 
      </void> 
      <void property="stdev"> 
       <double>0.9862527331452475</double> 
      </void> 
     </object> 
    </void> 
    <void index="9"> 
     <object class="jmbench.tools.EvaluationMetrics"> 
      <void property="max"> 
       <double>1.8201412150919292</double> 
      </void> 
      <void property="mean"> 
       <double>1.771886895408982</double> 
      </void> 
      <void property="median"> 
       <double>1.7759138969458033</double> 
      </void> 
      <void property="min"> 
       <double>1.7319110410170229</double> 
      </void> 
      <void property="rawResults"> 
       <object class="java.util.ArrayList"> 
        <void method="add"> 
         <double>1.7319110410170229</double> 
        </void> 
        <void method="add"> 
         <double>1.7441441272243747</double> 
        </void> 
        <void method="add"> 
         <double>1.7476682587517685</double> 
        </void> 
        <void method="add"> 
         <double>1.7478000855425795</double> 
        </void> 
        <void method="add"> 
         <double>1.7487129816951181</double> 
        </void> 
        <void method="add"> 
         <double>1.748984433911562</double> 
        </void> 
        <void method="add"> 
         <double>1.7493590976577658</double> 
        </void> 
        <void method="add"> 
         <double>1.773222716957665</double> 
        </void> 
        <void method="add"> 
         <double>1.7736955389267945</double> 
        </void> 
        <void method="add"> 
         <double>1.7759138969458033</double> 
        </void> 
        <void method="add"> 
         <double>1.7768656076288816</double> 
        </void> 
        <void method="add"> 
         <double>1.7785454686168751</double> 
        </void> 
        <void method="add"> 
         <double>1.7786141422250852</double> 
        </void> 
        <void method="add"> 
         <double>1.7896148273957497</double> 
        </void> 
        <void method="add"> 
         <double>1.7899263222233923</double> 
        </void> 
        <void method="add"> 
         <double>1.7906449170916034</double> 
        </void> 
        <void method="add"> 
         <double>1.7920912793234451</double> 
        </void> 
        <void method="add"> 
         <double>1.796892047896319</double> 
        </void> 
        <void method="add"> 
         <double>1.806800731100234</double> 
        </void> 
        <void method="add"> 
         <double>1.8201412150919292</double> 
        </void> 
        <void method="add"> 
         <double>1.7396424838742308</double> 
        </void> 
        <void method="add"> 
         <double>1.77184040463061</double> 
        </void> 
        <void method="add"> 
         <double>1.7864941345346688</double> 
        </void> 
        <void method="add"> 
         <double>1.7846730569933298</double> 
        </void> 
        <void method="add"> 
         <double>1.7529735679677354</double> 
        </void> 
       </object> 
      </void> 
      <void property="stdev"> 
       <double>0.022437400430904492</double> 
      </void> 
     </object> 
    </void> 
    <void index="10"> 
     <object class="jmbench.tools.EvaluationMetrics"> 
      <void property="max"> 
       <double>0.2437361341148699</double> 
      </void> 
      <void property="mean"> 
       <double>0.2380376837465142</double> 
      </void> 
      <void property="median"> 
       <double>0.23843459382095297</double> 
      </void> 
      <void property="min"> 
       <double>0.21627026779085443</double> 
      </void> 
      <void property="rawResults"> 
       <object class="java.util.ArrayList"> 
        <void method="add"> 
         <double>0.21627026779085443</double> 
        </void> 
        <void method="add"> 
         <double>0.22892342525915932</double> 
        </void> 
        <void method="add"> 
         <double>0.23060514780946073</double> 
        </void> 
        <void method="add"> 
         <double>0.23199151256638564</double> 
        </void> 
        <void method="add"> 
         <double>0.23468116561703245</double> 
        </void> 
        <void method="add"> 
         <double>0.2362965056047654</double> 
        </void> 
        <void method="add"> 
         <double>0.2369956872373281</double> 
        </void> 
        <void method="add"> 
         <double>0.23720013396560702</double> 
        </void> 
        <void method="add"> 
         <double>0.2377487736002925</double> 
        </void> 
        <void method="add"> 
         <double>0.23827774523221484</double> 
        </void> 
        <void method="add"> 
         <double>0.23843459382095297</double> 
        </void> 
        <void method="add"> 
         <double>0.23929832827405895</double> 
        </void> 
        <void method="add"> 
         <double>0.24110275018449828</double> 
        </void> 
        <void method="add"> 
         <double>0.2419430455667185</double> 
        </void> 
        <void method="add"> 
         <double>0.24226122340812623</double> 
        </void> 
        <void method="add"> 
         <double>0.2428585877373718</double> 
        </void> 
        <void method="add"> 
         <double>0.24321135372549985</double> 
        </void> 
        <void method="add"> 
         <double>0.2437231274611672</double> 
        </void> 
        <void method="add"> 
         <double>0.2437234676509563</double> 
        </void> 
        <void method="add"> 
         <double>0.2437361341148699</double> 
        </void> 
        <void method="add"> 
         <double>0.23576082144822758</double> 
        </void> 
        <void method="add"> 
         <double>0.23837256215293112</double> 
        </void> 
        <void method="add"> 
         <double>0.2417874116611497</double> 
        </void> 
        <void method="add"> 
         <double>0.24323278020391895</double> 
        </void> 
        <void method="add"> 
         <double>0.2425055415693071</double> 
        </void> 
       </object> 
      </void> 
      <void property="stdev"> 
       <double>0.006074823065461406</double> 
      </void> 
     </object> 
    </void> 
    <void index="11"> 
     <object class="jmbench.tools.EvaluationMetrics"> 
      <void property="max"> 
       <double>0.029672470998220315</double> 
      </void> 
      <void property="mean"> 
       <double>0.029672470998220315</double> 
      </void> 
      <void property="median"> 
       <double>0.029672470998220315</double> 
      </void> 
      <void property="min"> 
       <double>0.029672470998220315</double> 
      </void> 
      <void property="rawResults"> 
       <object class="java.util.ArrayList"> 
        <void method="add"> 
         <double>0.029672470998220315</double> 
        </void> 
       </object> 
      </void> 
     </object> 
    </void> 
   </array> 
  </void> 
  <void property="opName"> 
   <string>Invert b=inv(a)</string> 
  </void> 
 </object> 
</java> 
