<?xml version="1.0" encoding="UTF-8"?> 
<java version="1.6.0_16" class="java.beans.XMLDecoder"> 
 <object class="jmbench.tools.runtime.OperationResults"> 
  <void property="library"> 
   <object class="jmbench.impl.MatrixLibrary" method="valueOf"> 
    <string>COLT</string> 
   </object> 
  </void> 
  <void property="matDimen"> 
   <array class="int" length="12"> 
    <void index="0"> 
     <int>2</int> 
    </void> 
    <void index="1"> 
     <int>3</int> 
    </void> 
    <void index="2"> 
     <int>4</int> 
    </void> 
    <void index="3"> 
     <int>5</int> 
    </void> 
    <void index="4"> 
     <int>10</int> 
    </void> 
    <void index="5"> 
     <int>20</int> 
    </void> 
    <void index="6"> 
     <int>50</int> 
    </void> 
    <void index="7"> 
     <int>100</int> 
    </void> 
    <void index="8"> 
     <int>200</int> 
    </void> 
    <void index="9"> 
     <int>500</int> 
    </void> 
    <void index="10"> 
     <int>1000</int> 
    </void> 
    <void index="11"> 
     <int>2000</int> 
    </void> 
   </array> 
  </void> 
  <void property="metrics"> 
   <array class="jmbench.tools.EvaluationMetrics" length="12"> 
    <void index="0"> 
     <object class="jmbench.tools.EvaluationMetrics"> 
      <void property="max"> 
       <double>2.2193646330805827E7</double> 
      </void> 
      <void property="mean"> 
       <double>2.148361502494499E7</double> 
      </void> 
      <void property="median"> 
       <double>2.1978079688374538E7</double> 
      </void> 
      <void property="min"> 
       <double>2.0112498792506974E7</double> 
      </void> 
      <void property="rawResults"> 
       <object class="java.util.ArrayList"> 
        <void method="add"> 
         <double>2.0422574662433285E7</double> 
        </void> 
        <void method="add"> 
         <double>2.077855877433558E7</double> 
        </void> 
        <void method="add"> 
         <double>2.1077775800198004E7</double> 
        </void> 
        <void method="add"> 
         <double>2.120905024631719E7</double> 
        </void> 
        <void method="add"> 
         <double>2.1210998723996613E7</double> 
        </void> 
        <void method="add"> 
         <double>2.1320589645093616E7</double> 
        </void> 
        <void method="add"> 
         <double>2.1929655757451456E7</double> 
        </void> 
        <void method="add"> 
         <double>2.1978079688374538E7</double> 
        </void> 
        <void method="add"> 
         <double>2.1978911417494588E7</double> 
        </void> 
        <void method="add"> 
         <double>2.202287779381707E7</double> 
        </void> 
        <void method="add"> 
         <double>2.2042570112272047E7</double> 
        </void> 
        <void method="add"> 
         <double>2.205540731620454E7</double> 
        </void> 
        <void method="add"> 
         <double>2.2056757426278558E7</double> 
        </void> 
        <void method="add"> 
         <double>2.2059016016415656E7</double> 
        </void> 
        <void method="add"> 
         <double>2.2059766786178503E7</double> 
        </void> 
        <void method="add"> 
         <double>2.206427801222056E7</double> 
        </void> 
        <void method="add"> 
         <double>2.206696564951641E7</double> 
        </void> 
        <void method="add"> 
         <double>2.210094214007615E7</double> 
        </void> 
        <void method="add"> 
         <double>2.2154505344245616E7</double> 
        </void> 
        <void method="add"> 
         <double>2.2193646330805827E7</double> 
        </void> 
        <void method="add"> 
         <double>2.0602992511853382E7</double> 
        </void> 
        <void method="add"> 
         <double>2.075762132194551E7</double> 
        </void> 
        <void method="add"> 
         <double>2.050713041295119E7</double> 
        </void> 
        <void method="add"> 
         <double>2.0327204940641906E7</double> 
        </void> 
        <void method="add"> 
         <double>2.0112498792506974E7</double> 
        </void> 
       </object> 
      </void> 
      <void property="stdev"> 
       <double>694564.7218517617</double> 
      </void> 
     </object> 
    </void> 
    <void index="1"> 
     <object class="jmbench.tools.EvaluationMetrics"> 
      <void property="max"> 
       <double>2.0372594992552392E7</double> 
      </void> 
      <void property="mean"> 
       <double>1.8488452238842085E7</double> 
      </void> 
      <void property="median"> 
       <double>1.9550454458334707E7</double> 
      </void> 
      <void property="min"> 
       <double>1.3501018953921912E7</double> 
      </void> 
      <void property="rawResults"> 
       <object class="java.util.ArrayList"> 
        <void method="add"> 
         <double>1.3501018953921912E7</double> 
        </void> 
        <void method="add"> 
         <double>1.3536306792962376E7</double> 
        </void> 
        <void method="add"> 
         <double>1.3561562202235261E7</double> 
        </void> 
        <void method="add"> 
         <double>1.361044410325412E7</double> 
        </void> 
        <void method="add"> 
         <double>1.3869858838454427E7</double> 
        </void> 
        <void method="add"> 
         <double>1.817448420856623E7</double> 
        </void> 
        <void method="add"> 
         <double>1.8539572183231913E7</double> 
        </void> 
        <void method="add"> 
         <double>1.9112571150458522E7</double> 
        </void> 
        <void method="add"> 
         <double>1.911921805938788E7</double> 
        </void> 
        <void method="add"> 
         <double>1.936812944777709E7</double> 
        </void> 
        <void method="add"> 
         <double>1.9495578017007355E7</double> 
        </void> 
        <void method="add"> 
         <double>1.9550454458334707E7</double> 
        </void> 
        <void method="add"> 
         <double>1.9580499239245858E7</double> 
        </void> 
        <void method="add"> 
         <double>1.9887608747054875E7</double> 
        </void> 
        <void method="add"> 
         <double>2.016191818640692E7</double> 
        </void> 
        <void method="add"> 
         <double>2.0262321033677593E7</double> 
        </void> 
        <void method="add"> 
         <double>2.0314619167965118E7</double> 
        </void> 
        <void method="add"> 
         <double>2.031472210263152E7</double> 
        </void> 
        <void method="add"> 
         <double>2.0369859089694284E7</double> 
        </void> 
        <void method="add"> 
         <double>2.0372594992552392E7</double> 
        </void> 
        <void method="add"> 
         <double>2.0153640390875436E7</double> 
        </void> 
        <void method="add"> 
         <double>2.0228177982830428E7</double> 
        </void> 
        <void method="add"> 
         <double>1.880500130939717E7</double> 
        </void> 
        <void method="add"> 
         <double>2.0255680563656718E7</double> 
        </void> 
        <void method="add"> 
         <double>2.0065464749471936E7</double> 
        </void> 
       </object> 
      </void> 
      <void property="stdev"> 
       <double>2505755.88194102</double> 
      </void> 
     </object> 
    </void> 
    <void index="2"> 
     <object class="jmbench.tools.EvaluationMetrics"> 
      <void property="max"> 
       <double>1.6319994029317098E7</double> 
      </void> 
      <void property="mean"> 
       <double>1.5453554814501366E7</double> 
      </void> 
      <void property="median"> 
       <double>1.5561239776853997E7</double> 
      </void> 
      <void property="min"> 
       <double>1.2512930409058843E7</double> 
      </void> 
      <void property="rawResults"> 
       <object class="java.util.ArrayList"> 
        <void method="add"> 
         <double>1.2512930409058843E7</double> 
        </void> 
        <void method="add"> 
         <double>1.478268075662461E7</double> 
        </void> 
        <void method="add"> 
         <double>1.4816136155778639E7</double> 
        </void> 
        <void method="add"> 
         <double>1.486260742596973E7</double> 
        </void> 
        <void method="add"> 
         <double>1.5024132921946162E7</double> 
        </void> 
        <void method="add"> 
         <double>1.5150872456064904E7</double> 
        </void> 
        <void method="add"> 
         <double>1.51917639660408E7</double> 
        </void> 
        <void method="add"> 
         <double>1.5297456207627345E7</double> 
        </void> 
        <void method="add"> 
         <double>1.538458272259757E7</double> 
        </void> 
        <void method="add"> 
         <double>1.5388349387152998E7</double> 
        </void> 
        <void method="add"> 
         <double>1.5488494242877966E7</double> 
        </void> 
        <void method="add"> 
         <double>1.5542849678586027E7</double> 
        </void> 
        <void method="add"> 
         <double>1.5561239776853997E7</double> 
        </void> 
        <void method="add"> 
         <double>1.5652120930629006E7</double> 
        </void> 
        <void method="add"> 
         <double>1.5735650338764083E7</double> 
        </void> 
        <void method="add"> 
         <double>1.5839957084183238E7</double> 
        </void> 
        <void method="add"> 
         <double>1.5916408740078038E7</double> 
        </void> 
        <void method="add"> 
         <double>1.6124570535062496E7</double> 
        </void> 
        <void method="add"> 
         <double>1.6145946800837383E7</double> 
        </void> 
        <void method="add"> 
         <double>1.6319994029317098E7</double> 
        </void> 
        <void method="add"> 
         <double>1.557498540855682E7</double> 
        </void> 
        <void method="add"> 
         <double>1.627762855342661E7</double> 
        </void> 
        <void method="add"> 
         <double>1.5579977338091107E7</double> 
        </void> 
        <void method="add"> 
         <double>1.6117874284461223E7</double> 
        </void> 
        <void method="add"> 
         <double>1.6049660211947456E7</double> 
        </void> 
       </object> 
      </void> 
      <void property="stdev"> 
       <double>746217.2778088908</double> 
      </void> 
     </object> 
    </void> 
    <void index="3"> 
     <object class="jmbench.tools.EvaluationMetrics"> 
      <void property="max"> 
       <double>1.2065743154319055E7</double> 
      </void> 
      <void property="mean"> 
       <double>1.1954713122921253E7</double> 
      </void> 
      <void property="median"> 
       <double>1.1987125122357778E7</double> 
      </void> 
      <void property="min"> 
       <double>1.1722021143942045E7</double> 
      </void> 
      <void property="rawResults"> 
       <object class="java.util.ArrayList"> 
        <void method="add"> 
         <double>1.1886491842839178E7</double> 
        </void> 
        <void method="add"> 
         <double>1.194684523933161E7</double> 
        </void> 
        <void method="add"> 
         <double>1.1947845059109721E7</double> 
        </void> 
        <void method="add"> 
         <double>1.195997220346241E7</double> 
        </void> 
        <void method="add"> 
         <double>1.1974609089972185E7</double> 
        </void> 
        <void method="add"> 
         <double>1.1977038582107749E7</double> 
        </void> 
        <void method="add"> 
         <double>1.1983974426441936E7</double> 
        </void> 
        <void method="add"> 
         <double>1.1987125122357778E7</double> 
        </void> 
        <void method="add"> 
         <double>1.1989048891737858E7</double> 
        </void> 
        <void method="add"> 
         <double>1.2000623218202531E7</double> 
        </void> 
        <void method="add"> 
         <double>1.2004479732432446E7</double> 
        </void> 
        <void method="add"> 
         <double>1.2007891894384457E7</double> 
        </void> 
        <void method="add"> 
         <double>1.2011877774113636E7</double> 
        </void> 
        <void method="add"> 
         <double>1.2039937147715613E7</double> 
        </void> 
        <void method="add"> 
         <double>1.204170884906764E7</double> 
        </void> 
        <void method="add"> 
         <double>1.2046032770880025E7</double> 
        </void> 
        <void method="add"> 
         <double>1.204788080728523E7</double> 
        </void> 
        <void method="add"> 
         <double>1.2054547754611982E7</double> 
        </void> 
        <void method="add"> 
         <double>1.206573027305814E7</double> 
        </void> 
        <void method="add"> 
         <double>1.2065743154319055E7</double> 
        </void> 
        <void method="add"> 
         <double>1.1731095877330542E7</double> 
        </void> 
        <void method="add"> 
         <double>1.1790374868599603E7</double> 
        </void> 
        <void method="add"> 
         <double>1.1722021143942045E7</double> 
        </void> 
        <void method="add"> 
         <double>1.1744183092254652E7</double> 
        </void> 
        <void method="add"> 
         <double>1.1840749257473323E7</double> 
        </void> 
       </object> 
      </void> 
      <void property="stdev"> 
       <double>104764.37406245767</double> 
      </void> 
     </object> 
    </void> 
    <void index="4"> 
     <object class="jmbench.tools.EvaluationMetrics"> 
      <void property="max"> 
       <double>4637058.628338753</double> 
      </void> 
      <void property="mean"> 
       <double>4557407.700398019</double> 
      </void> 
      <void property="median"> 
       <double>4596256.720119098</double> 
      </void> 
      <void property="min"> 
       <double>4212447.464940478</double> 
      </void> 
      <void property="rawResults"> 
       <object class="java.util.ArrayList"> 
        <void method="add"> 
         <double>4212447.464940478</double> 
        </void> 
        <void method="add"> 
         <double>4316331.533780809</double> 
        </void> 
        <void method="add"> 
         <double>4348846.250045838</double> 
        </void> 
        <void method="add"> 
         <double>4504094.4918275345</double> 
        </void> 
        <void method="add"> 
         <double>4539760.156140076</double> 
        </void> 
        <void method="add"> 
         <double>4573640.866693545</double> 
        </void> 
        <void method="add"> 
         <double>4574437.290966989</double> 
        </void> 
        <void method="add"> 
         <double>4575592.052278657</double> 
        </void> 
        <void method="add"> 
         <double>4582585.300920859</double> 
        </void> 
        <void method="add"> 
         <double>4589390.3864815375</double> 
        </void> 
        <void method="add"> 
         <double>4594959.28813084</double> 
        </void> 
        <void method="add"> 
         <double>4594962.026413304</double> 
        </void> 
        <void method="add"> 
         <double>4596256.720119098</double> 
        </void> 
        <void method="add"> 
         <double>4601128.8689952735</double> 
        </void> 
        <void method="add"> 
         <double>4604622.733391728</double> 
        </void> 
        <void method="add"> 
         <double>4607061.839835474</double> 
        </void> 
        <void method="add"> 
         <double>4607557.218865164</double> 
        </void> 
        <void method="add"> 
         <double>4607567.349542805</double> 
        </void> 
        <void method="add"> 
         <double>4608347.833115019</double> 
        </void> 
        <void method="add"> 
         <double>4615695.285699148</double> 
        </void> 
        <void method="add"> 
         <double>4608813.929379413</double> 
        </void> 
        <void method="add"> 
         <double>4609508.62529278</double> 
        </void> 
        <void method="add"> 
         <double>4637058.628338753</double> 
        </void> 
        <void method="add"> 
         <double>4605444.95818679</double> 
        </void> 
        <void method="add"> 
         <double>4619081.410568548</double> 
        </void> 
       </object> 
      </void> 
      <void property="stdev"> 
       <double>103165.852268697</double> 
      </void> 
     </object> 
    </void> 
    <void index="5"> 
     <object class="jmbench.tools.EvaluationMetrics"> 
      <void property="max"> 
       <double>1368246.6341846918</double> 
      </void> 
      <void property="mean"> 
       <double>1336986.7539156904</double> 
      </void> 
      <void property="median"> 
       <double>1356988.872314901</double> 
      </void> 
      <void property="min"> 
       <double>857737.8788361165</double> 
      </void> 
      <void property="rawResults"> 
       <object class="java.util.ArrayList"> 
        <void method="add"> 
         <double>857737.8788361165</double> 
        </void> 
        <void method="add"> 
         <double>1341572.9377841377</double> 
        </void> 
        <void method="add"> 
         <double>1348837.2929386268</double> 
        </void> 
        <void method="add"> 
         <double>1349302.0268030702</double> 
        </void> 
        <void method="add"> 
         <double>1350049.496513239</double> 
        </void> 
        <void method="add"> 
         <double>1351048.3076754564</double> 
        </void> 
        <void method="add"> 
         <double>1351456.908158252</double> 
        </void> 
        <void method="add"> 
         <double>1352857.0932742665</double> 
        </void> 
        <void method="add"> 
         <double>1354513.0153215302</double> 
        </void> 
        <void method="add"> 
         <double>1355952.8584028743</double> 
        </void> 
        <void method="add"> 
         <double>1356988.872314901</double> 
        </void> 
        <void method="add"> 
         <double>1358817.7840803831</double> 
        </void> 
        <void method="add"> 
         <double>1362975.0755593043</double> 
        </void> 
        <void method="add"> 
         <double>1363523.3966611852</double> 
        </void> 
        <void method="add"> 
         <double>1365016.8903600231</double> 
        </void> 
        <void method="add"> 
         <double>1365081.1032204197</double> 
        </void> 
        <void method="add"> 
         <double>1365519.5806286607</double> 
        </void> 
        <void method="add"> 
         <double>1366646.9960260428</double> 
        </void> 
        <void method="add"> 
         <double>1367724.7637077763</double> 
        </void> 
        <void method="add"> 
         <double>1368246.6341846918</double> 
        </void> 
        <void method="add"> 
         <double>1352439.430887403</double> 
        </void> 
        <void method="add"> 
         <double>1344442.503191622</double> 
        </void> 
        <void method="add"> 
         <double>1357629.2740991393</double> 
        </void> 
        <void method="add"> 
         <double>1359101.754273675</double> 
        </void> 
        <void method="add"> 
         <double>1357186.9729894593</double> 
        </void> 
       </object> 
      </void> 
      <void property="stdev"> 
       <double>98092.57457682051</double> 
      </void> 
     </object> 
    </void> 
    <void index="6"> 
     <object class="jmbench.tools.EvaluationMetrics"> 
      <void property="max"> 
       <double>184253.73845713175</double> 
      </void> 
      <void property="mean"> 
       <double>182185.43369917388</double> 
      </void> 
      <void property="median"> 
       <double>182598.21375186616</double> 
      </void> 
      <void property="min"> 
       <double>173816.0433673604</double> 
      </void> 
      <void property="rawResults"> 
       <object class="java.util.ArrayList"> 
        <void method="add"> 
         <double>173816.0433673604</double> 
        </void> 
        <void method="add"> 
         <double>179678.92362218312</double> 
        </void> 
        <void method="add"> 
         <double>180832.591467501</double> 
        </void> 
        <void method="add"> 
         <double>181153.3735524313</double> 
        </void> 
        <void method="add"> 
         <double>181193.62365379184</double> 
        </void> 
        <void method="add"> 
         <double>181638.32598019805</double> 
        </void> 
        <void method="add"> 
         <double>181834.94468520107</double> 
        </void> 
        <void method="add"> 
         <double>182299.3221897886</double> 
        </void> 
        <void method="add"> 
         <double>182401.61669895187</double> 
        </void> 
        <void method="add"> 
         <double>182480.11164974835</double> 
        </void> 
        <void method="add"> 
         <double>182598.21375186616</double> 
        </void> 
        <void method="add"> 
         <double>182625.6163574373</double> 
        </void> 
        <void method="add"> 
         <double>182642.38888721916</double> 
        </void> 
        <void method="add"> 
         <double>182885.36119938715</double> 
        </void> 
        <void method="add"> 
         <double>183414.5426808288</double> 
        </void> 
        <void method="add"> 
         <double>183424.89190325548</double> 
        </void> 
        <void method="add"> 
         <double>183440.22456029066</double> 
        </void> 
        <void method="add"> 
         <double>183488.474707236</double> 
        </void> 
        <void method="add"> 
         <double>183795.60218043166</double> 
        </void> 
        <void method="add"> 
         <double>184253.73845713175</double> 
        </void> 
        <void method="add"> 
         <double>181447.76936207063</double> 
        </void> 
        <void method="add"> 
         <double>183169.39286150882</double> 
        </void> 
        <void method="add"> 
         <double>184248.67073366663</double> 
        </void> 
        <void method="add"> 
         <double>182054.2427702627</double> 
        </void> 
        <void method="add"> 
         <double>183817.8351995986</double> 
        </void> 
       </object> 
      </void> 
      <void property="stdev"> 
       <double>2034.5121801397315</double> 
      </void> 
     </object> 
    </void> 
    <void index="7"> 
     <object class="jmbench.tools.EvaluationMetrics"> 
      <void property="max"> 
       <double>45875.48142126878</double> 
      </void> 
      <void property="mean"> 
       <double>45267.281038289795</double> 
      </void> 
      <void property="median"> 
       <double>45209.21516104558</double> 
      </void> 
      <void property="min"> 
       <double>44758.25204953574</double> 
      </void> 
      <void property="rawResults"> 
       <object class="java.util.ArrayList"> 
        <void method="add"> 
         <double>44758.25204953574</double> 
        </void> 
        <void method="add"> 
         <double>44938.846906175226</double> 
        </void> 
        <void method="add"> 
         <double>44946.28485184194</double> 
        </void> 
        <void method="add"> 
         <double>44971.681677528264</double> 
        </void> 
        <void method="add"> 
         <double>44985.87168587328</double> 
        </void> 
        <void method="add"> 
         <double>44995.548453508425</double> 
        </void> 
        <void method="add"> 
         <double>45084.49175491171</double> 
        </void> 
        <void method="add"> 
         <double>45085.79229151414</double> 
        </void> 
        <void method="add"> 
         <double>45157.15290806049</double> 
        </void> 
        <void method="add"> 
         <double>45209.21516104558</double> 
        </void> 
        <void method="add"> 
         <double>45324.24239587855</double> 
        </void> 
        <void method="add"> 
         <double>45332.405723320895</double> 
        </void> 
        <void method="add"> 
         <double>45344.83620397064</double> 
        </void> 
        <void method="add"> 
         <double>45398.18980212936</double> 
        </void> 
        <void method="add"> 
         <double>45415.38586456769</double> 
        </void> 
        <void method="add"> 
         <double>45577.04807637029</double> 
        </void> 
        <void method="add"> 
         <double>45589.222138435434</double> 
        </void> 
        <void method="add"> 
         <double>45637.82923741398</double> 
        </void> 
        <void method="add"> 
         <double>45642.7873494465</double> 
        </void> 
        <void method="add"> 
         <double>45875.48142126878</double> 
        </void> 
        <void method="add"> 
         <double>45719.923112704804</double> 
        </void> 
        <void method="add"> 
         <double>45352.97746212023</double> 
        </void> 
        <void method="add"> 
         <double>45073.144780446186</double> 
        </void> 
        <void method="add"> 
         <double>45067.11902829052</double> 
        </void> 
        <void method="add"> 
         <double>45198.295620886325</double> 
        </void> 
       </object> 
      </void> 
      <void property="stdev"> 
       <double>281.9511542965409</double> 
      </void> 
     </object> 
    </void> 
    <void index="8"> 
     <object class="jmbench.tools.EvaluationMetrics"> 
      <void property="max"> 
       <double>11715.377903471805</double> 
      </void> 
      <void property="mean"> 
       <double>11487.773094828572</double> 
      </void> 
      <void property="median"> 
       <double>11513.980498168135</double> 
      </void> 
      <void property="min"> 
       <double>11268.110126050951</double> 
      </void> 
      <void property="rawResults"> 
       <object class="java.util.ArrayList"> 
        <void method="add"> 
         <double>11268.110126050951</double> 
        </void> 
        <void method="add"> 
         <double>11339.500841437004</double> 
        </void> 
        <void method="add"> 
         <double>11374.885636792265</double> 
        </void> 
        <void method="add"> 
         <double>11383.124318427868</double> 
        </void> 
        <void method="add"> 
         <double>11431.199873955904</double> 
        </void> 
        <void method="add"> 
         <double>11463.871904759208</double> 
        </void> 
        <void method="add"> 
         <double>11475.845825439303</double> 
        </void> 
        <void method="add"> 
         <double>11476.867815300697</double> 
        </void> 
        <void method="add"> 
         <double>11492.199063898435</double> 
        </void> 
        <void method="add"> 
         <double>11511.08709444338</double> 
        </void> 
        <void method="add"> 
         <double>11513.980498168135</double> 
        </void> 
        <void method="add"> 
         <double>11516.952608500642</double> 
        </void> 
        <void method="add"> 
         <double>11526.04446802625</double> 
        </void> 
        <void method="add"> 
         <double>11527.630356275822</double> 
        </void> 
        <void method="add"> 
         <double>11529.220395018294</double> 
        </void> 
        <void method="add"> 
         <double>11532.20855747945</double> 
        </void> 
        <void method="add"> 
         <double>11567.451868684042</double> 
        </void> 
        <void method="add"> 
         <double>11571.58786033959</double> 
        </void> 
        <void method="add"> 
         <double>11697.12309205324</double> 
        </void> 
        <void method="add"> 
         <double>11715.377903471805</double> 
        </void> 
        <void method="add"> 
         <double>11288.82733666684</double> 
        </void> 
        <void method="add"> 
         <double>11535.309079037443</double> 
        </void> 
        <void method="add"> 
         <double>11414.435483165216</double> 
        </void> 
        <void method="add"> 
         <double>11518.92836534058</double> 
        </void> 
        <void method="add"> 
         <double>11522.556997981868</double> 
        </void> 
       </object> 
      </void> 
      <void property="stdev"> 
       <double>102.99797114688289</double> 
      </void> 
     </object> 
    </void> 
    <void index="9"> 
     <object class="jmbench.tools.EvaluationMetrics"> 
      <void property="max"> 
       <double>1075.8706743824328</double> 
      </void> 
      <void property="mean"> 
       <double>755.7308286667861</double> 
      </void> 
      <void property="median"> 
       <double>697.8201482483763</double> 
      </void> 
      <void property="min"> 
       <double>657.3116830187018</double> 
      </void> 
      <void property="rawResults"> 
       <object class="java.util.ArrayList"> 
        <void method="add"> 
         <double>657.3116830187018</double> 
        </void> 
        <void method="add"> 
         <double>672.4870356044273</double> 
        </void> 
        <void method="add"> 
         <double>685.8319568405362</double> 
        </void> 
        <void method="add"> 
         <double>692.5549621405866</double> 
        </void> 
        <void method="add"> 
         <double>693.3533448677656</double> 
        </void> 
        <void method="add"> 
         <double>694.2380441580648</double> 
        </void> 
        <void method="add"> 
         <double>694.4752036937075</double> 
        </void> 
        <void method="add"> 
         <double>696.0069749303129</double> 
        </void> 
        <void method="add"> 
         <double>697.4399758945615</double> 
        </void> 
        <void method="add"> 
         <double>697.8201482483763</double> 
        </void> 
        <void method="add"> 
         <double>698.3842098552227</double> 
        </void> 
        <void method="add"> 
         <double>699.8379305648933</double> 
        </void> 
        <void method="add"> 
         <double>699.8819228501009</double> 
        </void> 
        <void method="add"> 
         <double>700.6423876440922</double> 
        </void> 
        <void method="add"> 
         <double>700.9236471187016</double> 
        </void> 
        <void method="add"> 
         <double>702.72684814397</double> 
        </void> 
        <void method="add"> 
         <double>853.0276810041569</double> 
        </void> 
        <void method="add"> 
         <double>1022.4317882320867</double> 
        </void> 
        <void method="add"> 
         <double>1067.1101694262009</double> 
        </void> 
        <void method="add"> 
         <double>1075.8706743824328</double> 
        </void> 
        <void method="add"> 
         <double>694.2176803702779</double> 
        </void> 
        <void method="add"> 
         <double>700.2379076612434</double> 
        </void> 
        <void method="add"> 
         <double>697.558464595252</double> 
        </void> 
        <void method="add"> 
         <double>693.7713785708314</double> 
        </void> 
        <void method="add"> 
         <double>1005.1286968531501</double> 
        </void> 
       </object> 
      </void> 
      <void property="stdev"> 
       <double>129.91442254729404</double> 
      </void> 
     </object> 
    </void> 
    <void index="10"> 
     <object class="jmbench.tools.EvaluationMetrics"> 
      <void property="max"> 
       <double>170.01555950668822</double> 
      </void> 
      <void property="mean"> 
       <double>169.0102297209681</double> 
      </void> 
      <void property="median"> 
       <double>169.01247571145583</double> 
      </void> 
      <void property="min"> 
       <double>167.38292038011883</double> 
      </void> 
      <void property="rawResults"> 
       <object class="java.util.ArrayList"> 
        <void method="add"> 
         <double>167.38292038011883</double> 
        </void> 
        <void method="add"> 
         <double>168.06420104316518</double> 
        </void> 
        <void method="add"> 
         <double>168.34286049687546</double> 
        </void> 
        <void method="add"> 
         <double>168.45096799147703</double> 
        </void> 
        <void method="add"> 
         <double>168.88696967944216</double> 
        </void> 
        <void method="add"> 
         <double>168.94499968550505</double> 
        </void> 
        <void method="add"> 
         <double>169.00075513661014</double> 
        </void> 
        <void method="add"> 
         <double>169.01247571145583</double> 
        </void> 
        <void method="add"> 
         <double>169.1044967825333</double> 
        </void> 
        <void method="add"> 
         <double>169.12526395255588</double> 
        </void> 
        <void method="add"> 
         <double>169.45863268444032</double> 
        </void> 
        <void method="add"> 
         <double>169.48404190264517</double> 
        </void> 
        <void method="add"> 
         <double>169.51436546280374</double> 
        </void> 
        <void method="add"> 
         <double>169.59304067460846</double> 
        </void> 
        <void method="add"> 
         <double>169.6345119073117</double> 
        </void> 
        <void method="add"> 
         <double>169.63565365028546</double> 
        </void> 
        <void method="add"> 
         <double>169.7343580248205</double> 
        </void> 
        <void method="add"> 
         <double>169.76490378386532</double> 
        </void> 
        <void method="add"> 
         <double>169.99772832035646</double> 
        </void> 
        <void method="add"> 
         <double>170.01555950668822</double> 
        </void> 
        <void method="add"> 
         <double>167.93662327348594</double> 
        </void> 
        <void method="add"> 
         <double>168.25144174067876</double> 
        </void> 
        <void method="add"> 
         <double>168.08061689836012</double> 
        </void> 
        <void method="add"> 
         <double>168.9362678870398</double> 
        </void> 
        <void method="add"> 
         <double>168.9020864470741</double> 
        </void> 
       </object> 
      </void> 
      <void property="stdev"> 
       <double>0.6879727551586232</double> 
      </void> 
     </object> 
    </void> 
    <void index="11"> 
     <object class="jmbench.tools.EvaluationMetrics"> 
      <void property="max"> 
       <double>41.57985597510471</double> 
      </void> 
      <void property="mean"> 
       <double>41.069511290539765</double> 
      </void> 
      <void property="median"> 
       <double>41.271718633256114</double> 
      </void> 
      <void property="min"> 
       <double>35.45161541746352</double> 
      </void> 
      <void property="rawResults"> 
       <object class="java.util.ArrayList"> 
        <void method="add"> 
         <double>35.45161541746352</double> 
        </void> 
        <void method="add"> 
         <double>40.969939854685876</double> 
        </void> 
        <void method="add"> 
         <double>41.04749616572855</double> 
        </void> 
        <void method="add"> 
         <double>41.081306311223294</double> 
        </void> 
        <void method="add"> 
         <double>41.10408862415952</double> 
        </void> 
        <void method="add"> 
         <double>41.14553220465418</double> 
        </void> 
        <void method="add"> 
         <double>41.169639252184815</double> 
        </void> 
        <void method="add"> 
         <double>41.18592953293716</double> 
        </void> 
        <void method="add"> 
         <double>41.23548260523366</double> 
        </void> 
        <void method="add"> 
         <double>41.2674584058639</double> 
        </void> 
        <void method="add"> 
         <double>41.271718633256114</double> 
        </void> 
        <void method="add"> 
         <double>41.28652897902845</double> 
        </void> 
        <void method="add"> 
         <double>41.290376632571906</double> 
        </void> 
        <void method="add"> 
         <double>41.40825350213523</double> 
        </void> 
        <void method="add"> 
         <double>41.425740923212786</double> 
        </void> 
        <void method="add"> 
         <double>41.496835804526626</double> 
        </void> 
        <void method="add"> 
         <double>41.51136303905102</double> 
        </void> 
        <void method="add"> 
         <double>41.52261293254884</double> 
        </void> 
        <void method="add"> 
         <double>41.53382040714425</double> 
        </void> 
        <void method="add"> 
         <double>41.57985597510471</double> 
        </void> 
        <void method="add"> 
         <double>41.398658197884686</double> 
        </void> 
        <void method="add"> 
         <double>41.15878926820803</double> 
        </void> 
        <void method="add"> 
         <double>41.4779645901372</double> 
        </void> 
        <void method="add"> 
         <double>41.15988537222176</double> 
        </void> 
        <void method="add"> 
         <double>41.556889632328094</double> 
        </void> 
       </object> 
      </void> 
      <void property="stdev"> 
       <double>1.1599139566551022</double> 
      </void> 
     </object> 
    </void> 
   </array> 
  </void> 
  <void property="opName"> 
   <string>Scale b=alpha*a</string> 
  </void> 
 </object> 
</java> 
