<jmbench.impl.LibraryDescription>
  <location>
    <plotName>JBLAS</plotName>
    <libraryDirName>jblas</libraryDirName>
    <saveDirName>jblas</saveDirName>
    <extraLibs>true</extraLibs>
    <nativeCode>true</nativeCode>
    <plotLineType>9</plotLineType>
  </location>
  <configure>jmbench.impl.configure.DoNothingSpecialConfigure</configure>
  <factoryRuntime>jmbench.impl.runtime.JBlasAlgorithmFactory</factoryRuntime>
  <factoryMemory>jmbench.impl.memory.JBlasMemoryFactory</factoryMemory>
  <version>jmbench.impl.AllLibraryVersion$JBLAS</version>
</jmbench.impl.LibraryDescription>