<?xml version="1.0" encoding="UTF-8"?> 
<java version="1.6.0_16" class="java.beans.XMLDecoder"> 
 <object class="jmbench.tools.runtime.OperationResults"> 
  <void property="library"> 
   <object class="jmbench.impl.MatrixLibrary" method="valueOf"> 
    <string>MTJ</string> 
   </object> 
  </void> 
  <void property="matDimen"> 
   <array class="int" length="12"> 
    <void index="0"> 
     <int>2</int> 
    </void> 
    <void index="1"> 
     <int>3</int> 
    </void> 
    <void index="2"> 
     <int>4</int> 
    </void> 
    <void index="3"> 
     <int>5</int> 
    </void> 
    <void index="4"> 
     <int>10</int> 
    </void> 
    <void index="5"> 
     <int>20</int> 
    </void> 
    <void index="6"> 
     <int>50</int> 
    </void> 
    <void index="7"> 
     <int>100</int> 
    </void> 
    <void index="8"> 
     <int>200</int> 
    </void> 
    <void index="9"> 
     <int>500</int> 
    </void> 
    <void index="10"> 
     <int>1000</int> 
    </void> 
    <void index="11"> 
     <int>2000</int> 
    </void> 
   </array> 
  </void> 
  <void property="metrics"> 
   <array class="jmbench.tools.EvaluationMetrics" length="12"> 
    <void index="0"> 
     <object class="jmbench.tools.EvaluationMetrics"> 
      <void property="max"> 
       <double>33038.43141870539</double> 
      </void> 
      <void property="mean"> 
       <double>31481.52123520424</double> 
      </void> 
      <void property="median"> 
       <double>31349.216259861136</double> 
      </void> 
      <void property="min"> 
       <double>30817.024974426076</double> 
      </void> 
      <void property="rawResults"> 
       <object class="java.util.ArrayList"> 
        <void method="add"> 
         <double>30817.024974426076</double> 
        </void> 
        <void method="add"> 
         <double>30982.89222362838</double> 
        </void> 
        <void method="add"> 
         <double>31016.968353356526</double> 
        </void> 
        <void method="add"> 
         <double>31017.208683780023</double> 
        </void> 
        <void method="add"> 
         <double>31026.037504241867</double> 
        </void> 
        <void method="add"> 
         <double>31030.645922126147</double> 
        </void> 
        <void method="add"> 
         <double>31047.67409701306</double> 
        </void> 
        <void method="add"> 
         <double>31056.975185631294</double> 
        </void> 
        <void method="add"> 
         <double>31099.934249615064</double> 
        </void> 
        <void method="add"> 
         <double>31151.235769466137</double> 
        </void> 
        <void method="add"> 
         <double>31349.216259861136</double> 
        </void> 
        <void method="add"> 
         <double>31352.187303800252</double> 
        </void> 
        <void method="add"> 
         <double>31405.689827973187</double> 
        </void> 
        <void method="add"> 
         <double>31414.047286447385</double> 
        </void> 
        <void method="add"> 
         <double>31495.64369283904</double> 
        </void> 
        <void method="add"> 
         <double>31613.495597164925</double> 
        </void> 
        <void method="add"> 
         <double>32328.685995727228</double> 
        </void> 
        <void method="add"> 
         <double>32825.12189519068</double> 
        </void> 
        <void method="add"> 
         <double>32971.43855898132</double> 
        </void> 
        <void method="add"> 
         <double>33038.43141870539</double> 
        </void> 
        <void method="add"> 
         <double>31340.460611714192</double> 
        </void> 
        <void method="add"> 
         <double>31300.55154593285</double> 
        </void> 
        <void method="add"> 
         <double>31525.146749302967</double> 
        </void> 
        <void method="add"> 
         <double>31453.438887024826</double> 
        </void> 
        <void method="add"> 
         <double>31377.878286156178</double> 
        </void> 
       </object> 
      </void> 
      <void property="stdev"> 
       <double>614.833400897368</double> 
      </void> 
     </object> 
    </void> 
    <void index="1"> 
     <object class="jmbench.tools.EvaluationMetrics"> 
      <void property="max"> 
       <double>22898.227988074872</double> 
      </void> 
      <void property="mean"> 
       <double>22234.41513325744</double> 
      </void> 
      <void property="median"> 
       <double>22319.154851209547</double> 
      </void> 
      <void property="min"> 
       <double>21636.335784048097</double> 
      </void> 
      <void property="rawResults"> 
       <object class="java.util.ArrayList"> 
        <void method="add"> 
         <double>21636.335784048097</double> 
        </void> 
        <void method="add"> 
         <double>21654.348989916267</double> 
        </void> 
        <void method="add"> 
         <double>21726.220504643254</double> 
        </void> 
        <void method="add"> 
         <double>21784.416287884193</double> 
        </void> 
        <void method="add"> 
         <double>21785.471830942064</double> 
        </void> 
        <void method="add"> 
         <double>21813.651057067567</double> 
        </void> 
        <void method="add"> 
         <double>21862.657375011022</double> 
        </void> 
        <void method="add"> 
         <double>22118.222280507805</double> 
        </void> 
        <void method="add"> 
         <double>22155.342209593444</double> 
        </void> 
        <void method="add"> 
         <double>22186.158578658782</double> 
        </void> 
        <void method="add"> 
         <double>22222.413136575007</double> 
        </void> 
        <void method="add"> 
         <double>22248.12768591284</double> 
        </void> 
        <void method="add"> 
         <double>22319.154851209547</double> 
        </void> 
        <void method="add"> 
         <double>22382.387242193847</double> 
        </void> 
        <void method="add"> 
         <double>22385.16021501201</double> 
        </void> 
        <void method="add"> 
         <double>22484.372702995122</double> 
        </void> 
        <void method="add"> 
         <double>22492.025673656935</double> 
        </void> 
        <void method="add"> 
         <double>22539.32643956353</double> 
        </void> 
        <void method="add"> 
         <double>22542.551043836993</double> 
        </void> 
        <void method="add"> 
         <double>22550.873380716537</double> 
        </void> 
        <void method="add"> 
         <double>22380.216272703172</double> 
        </void> 
        <void method="add"> 
         <double>22823.780955687325</double> 
        </void> 
        <void method="add"> 
         <double>22425.094767321567</double> 
        </void> 
        <void method="add"> 
         <double>22898.227988074872</double> 
        </void> 
        <void method="add"> 
         <double>22443.84107770417</double> 
        </void> 
       </object> 
      </void> 
      <void property="stdev"> 
       <double>349.4183383309728</double> 
      </void> 
     </object> 
    </void> 
    <void index="2"> 
     <object class="jmbench.tools.EvaluationMetrics"> 
      <void property="max"> 
       <double>18260.04781660114</double> 
      </void> 
      <void property="mean"> 
       <double>17336.954400900042</double> 
      </void> 
      <void property="median"> 
       <double>17278.157706451024</double> 
      </void> 
      <void property="min"> 
       <double>16657.260136676956</double> 
      </void> 
      <void property="rawResults"> 
       <object class="java.util.ArrayList"> 
        <void method="add"> 
         <double>16657.260136676956</double> 
        </void> 
        <void method="add"> 
         <double>16948.52766792539</double> 
        </void> 
        <void method="add"> 
         <double>16952.523453638805</double> 
        </void> 
        <void method="add"> 
         <double>16974.544582659302</double> 
        </void> 
        <void method="add"> 
         <double>16991.789608432362</double> 
        </void> 
        <void method="add"> 
         <double>17154.4119271655</double> 
        </void> 
        <void method="add"> 
         <double>17161.34009018172</double> 
        </void> 
        <void method="add"> 
         <double>17278.157706451024</double> 
        </void> 
        <void method="add"> 
         <double>17279.460596691646</double> 
        </void> 
        <void method="add"> 
         <double>17281.35161663837</double> 
        </void> 
        <void method="add"> 
         <double>17306.438964680445</double> 
        </void> 
        <void method="add"> 
         <double>17347.949422688383</double> 
        </void> 
        <void method="add"> 
         <double>17394.007250249062</double> 
        </void> 
        <void method="add"> 
         <double>17535.77684815404</double> 
        </void> 
        <void method="add"> 
         <double>17613.537068614918</double> 
        </void> 
        <void method="add"> 
         <double>17655.81077949988</double> 
        </void> 
        <void method="add"> 
         <double>17912.22918962421</double> 
        </void> 
        <void method="add"> 
         <double>17994.459994748617</double> 
        </void> 
        <void method="add"> 
         <double>18221.8399365294</double> 
        </void> 
        <void method="add"> 
         <double>18260.04781660114</double> 
        </void> 
        <void method="add"> 
         <double>17140.01398052166</double> 
        </void> 
        <void method="add"> 
         <double>17191.4411498358</double> 
        </void> 
        <void method="add"> 
         <double>17036.913278961027</double> 
        </void> 
        <void method="add"> 
         <double>17109.115967458914</double> 
        </void> 
        <void method="add"> 
         <double>17024.910987872576</double> 
        </void> 
       </object> 
      </void> 
      <void property="stdev"> 
       <double>400.23952466755696</double> 
      </void> 
     </object> 
    </void> 
    <void index="3"> 
     <object class="jmbench.tools.EvaluationMetrics"> 
      <void property="max"> 
       <double>13458.017444085766</double> 
      </void> 
      <void property="mean"> 
       <double>13084.66950243351</double> 
      </void> 
      <void property="median"> 
       <double>13116.847395739675</double> 
      </void> 
      <void property="min"> 
       <double>12672.439887090608</double> 
      </void> 
      <void property="rawResults"> 
       <object class="java.util.ArrayList"> 
        <void method="add"> 
         <double>12672.439887090608</double> 
        </void> 
        <void method="add"> 
         <double>12815.311508178725</double> 
        </void> 
        <void method="add"> 
         <double>12962.630959012342</double> 
        </void> 
        <void method="add"> 
         <double>12980.779368959364</double> 
        </void> 
        <void method="add"> 
         <double>12988.187337134432</double> 
        </void> 
        <void method="add"> 
         <double>13070.900835554436</double> 
        </void> 
        <void method="add"> 
         <double>13084.916736809404</double> 
        </void> 
        <void method="add"> 
         <double>13116.847395739675</double> 
        </void> 
        <void method="add"> 
         <double>13141.011093397387</double> 
        </void> 
        <void method="add"> 
         <double>13185.898915880334</double> 
        </void> 
        <void method="add"> 
         <double>13211.044030020015</double> 
        </void> 
        <void method="add"> 
         <double>13220.95915021679</double> 
        </void> 
        <void method="add"> 
         <double>13229.483696524781</double> 
        </void> 
        <void method="add"> 
         <double>13241.852260325166</double> 
        </void> 
        <void method="add"> 
         <double>13271.743698271775</double> 
        </void> 
        <void method="add"> 
         <double>13276.949894333387</double> 
        </void> 
        <void method="add"> 
         <double>13284.738490683108</double> 
        </void> 
        <void method="add"> 
         <double>13286.354884506223</double> 
        </void> 
        <void method="add"> 
         <double>13365.764582872376</double> 
        </void> 
        <void method="add"> 
         <double>13458.017444085766</double> 
        </void> 
        <void method="add"> 
         <double>12900.1187669271</double> 
        </void> 
        <void method="add"> 
         <double>12929.734156704302</double> 
        </void> 
        <void method="add"> 
         <double>12852.333136649673</double> 
        </void> 
        <void method="add"> 
         <double>12755.6241453071</double> 
        </void> 
        <void method="add"> 
         <double>12813.095185653447</double> 
        </void> 
       </object> 
      </void> 
      <void property="stdev"> 
       <double>203.71509000986467</double> 
      </void> 
     </object> 
    </void> 
    <void index="4"> 
     <object class="jmbench.tools.EvaluationMetrics"> 
      <void property="max"> 
       <double>4937.943415017278</double> 
      </void> 
      <void property="mean"> 
       <double>4716.034191052257</double> 
      </void> 
      <void property="median"> 
       <double>4722.456859477996</double> 
      </void> 
      <void property="min"> 
       <double>4547.128444722356</double> 
      </void> 
      <void property="rawResults"> 
       <object class="java.util.ArrayList"> 
        <void method="add"> 
         <double>4547.128444722356</double> 
        </void> 
        <void method="add"> 
         <double>4566.366328130532</double> 
        </void> 
        <void method="add"> 
         <double>4611.033267546544</double> 
        </void> 
        <void method="add"> 
         <double>4619.3890656255935</double> 
        </void> 
        <void method="add"> 
         <double>4622.207654251763</double> 
        </void> 
        <void method="add"> 
         <double>4626.520545936356</double> 
        </void> 
        <void method="add"> 
         <double>4656.377259736745</double> 
        </void> 
        <void method="add"> 
         <double>4694.749894025703</double> 
        </void> 
        <void method="add"> 
         <double>4707.582142127441</double> 
        </void> 
        <void method="add"> 
         <double>4719.9367130210285</double> 
        </void> 
        <void method="add"> 
         <double>4722.438308490478</double> 
        </void> 
        <void method="add"> 
         <double>4722.456859477996</double> 
        </void> 
        <void method="add"> 
         <double>4723.005851427693</double> 
        </void> 
        <void method="add"> 
         <double>4733.119656990422</double> 
        </void> 
        <void method="add"> 
         <double>4737.419450557624</double> 
        </void> 
        <void method="add"> 
         <double>4770.166561061795</double> 
        </void> 
        <void method="add"> 
         <double>4770.258266116196</double> 
        </void> 
        <void method="add"> 
         <double>4783.392853014977</double> 
        </void> 
        <void method="add"> 
         <double>4843.1765463270085</double> 
        </void> 
        <void method="add"> 
         <double>4937.943415017278</double> 
        </void> 
        <void method="add"> 
         <double>4734.077340544847</double> 
        </void> 
        <void method="add"> 
         <double>4716.001827083303</double> 
        </void> 
        <void method="add"> 
         <double>4788.056410572048</double> 
        </void> 
        <void method="add"> 
         <double>4727.491392126739</double> 
        </void> 
        <void method="add"> 
         <double>4820.558722373962</double> 
        </void> 
       </object> 
      </void> 
      <void property="stdev"> 
       <double>86.13384712371753</double> 
      </void> 
     </object> 
    </void> 
    <void index="5"> 
     <object class="jmbench.tools.EvaluationMetrics"> 
      <void property="max"> 
       <double>1327.6639997408292</double> 
      </void> 
      <void property="mean"> 
       <double>1290.6249763527635</double> 
      </void> 
      <void property="median"> 
       <double>1288.6873434727588</double> 
      </void> 
      <void property="min"> 
       <double>1258.6517688227966</double> 
      </void> 
      <void property="rawResults"> 
       <object class="java.util.ArrayList"> 
        <void method="add"> 
         <double>1262.4792398403727</double> 
        </void> 
        <void method="add"> 
         <double>1262.659922678482</double> 
        </void> 
        <void method="add"> 
         <double>1275.2134407011881</double> 
        </void> 
        <void method="add"> 
         <double>1277.4837240737288</double> 
        </void> 
        <void method="add"> 
         <double>1281.6785440407193</double> 
        </void> 
        <void method="add"> 
         <double>1285.1161583578353</double> 
        </void> 
        <void method="add"> 
         <double>1286.7189471074205</double> 
        </void> 
        <void method="add"> 
         <double>1287.642445214116</double> 
        </void> 
        <void method="add"> 
         <double>1288.6873434727588</double> 
        </void> 
        <void method="add"> 
         <double>1294.5776356323242</double> 
        </void> 
        <void method="add"> 
         <double>1295.2052400989503</double> 
        </void> 
        <void method="add"> 
         <double>1295.286666828276</double> 
        </void> 
        <void method="add"> 
         <double>1296.9444303761677</double> 
        </void> 
        <void method="add"> 
         <double>1300.895946825998</double> 
        </void> 
        <void method="add"> 
         <double>1302.9048606164652</double> 
        </void> 
        <void method="add"> 
         <double>1304.1241744377996</double> 
        </void> 
        <void method="add"> 
         <double>1319.9560939448795</double> 
        </void> 
        <void method="add"> 
         <double>1321.4697968581777</double> 
        </void> 
        <void method="add"> 
         <double>1322.1586795430478</double> 
        </void> 
        <void method="add"> 
         <double>1327.6639997408292</double> 
        </void> 
        <void method="add"> 
         <double>1258.6517688227966</double> 
        </void> 
        <void method="add"> 
         <double>1274.310699922006</double> 
        </void> 
        <void method="add"> 
         <double>1275.8622756499813</double> 
        </void> 
        <void method="add"> 
         <double>1277.2383592235688</double> 
        </void> 
        <void method="add"> 
         <double>1290.6940148111955</double> 
        </void> 
       </object> 
      </void> 
      <void property="stdev"> 
       <double>18.46410530818791</double> 
      </void> 
     </object> 
    </void> 
    <void index="6"> 
     <object class="jmbench.tools.EvaluationMetrics"> 
      <void property="max"> 
       <double>181.4490474668118</double> 
      </void> 
      <void property="mean"> 
       <double>177.9098751340424</double> 
      </void> 
      <void property="median"> 
       <double>177.64559572605881</double> 
      </void> 
      <void property="min"> 
       <double>174.1137712033562</double> 
      </void> 
      <void property="rawResults"> 
       <object class="java.util.ArrayList"> 
        <void method="add"> 
         <double>174.1137712033562</double> 
        </void> 
        <void method="add"> 
         <double>174.35551228439198</double> 
        </void> 
        <void method="add"> 
         <double>174.6758891426371</double> 
        </void> 
        <void method="add"> 
         <double>175.93023831117216</double> 
        </void> 
        <void method="add"> 
         <double>176.02821514254592</double> 
        </void> 
        <void method="add"> 
         <double>176.48313057050535</double> 
        </void> 
        <void method="add"> 
         <double>176.69696974827733</double> 
        </void> 
        <void method="add"> 
         <double>177.12972959761308</double> 
        </void> 
        <void method="add"> 
         <double>177.4008131289031</double> 
        </void> 
        <void method="add"> 
         <double>177.4026855561452</double> 
        </void> 
        <void method="add"> 
         <double>177.42260938872894</double> 
        </void> 
        <void method="add"> 
         <double>177.64559572605881</double> 
        </void> 
        <void method="add"> 
         <double>177.67830342949347</double> 
        </void> 
        <void method="add"> 
         <double>178.41351333039592</double> 
        </void> 
        <void method="add"> 
         <double>178.80053969073163</double> 
        </void> 
        <void method="add"> 
         <double>179.35755290373973</double> 
        </void> 
        <void method="add"> 
         <double>180.0306748842721</double> 
        </void> 
        <void method="add"> 
         <double>180.29555315129107</double> 
        </void> 
        <void method="add"> 
         <double>180.61708726593588</double> 
        </void> 
        <void method="add"> 
         <double>181.4490474668118</double> 
        </void> 
        <void method="add"> 
         <double>178.97117347103136</double> 
        </void> 
        <void method="add"> 
         <double>177.1966178651155</double> 
        </void> 
        <void method="add"> 
         <double>180.7831144602021</double> 
        </void> 
        <void method="add"> 
         <double>180.5374652406821</double> 
        </void> 
        <void method="add"> 
         <double>178.33107539102235</double> 
        </void> 
       </object> 
      </void> 
      <void property="stdev"> 
       <double>2.0011371756187555</double> 
      </void> 
     </object> 
    </void> 
    <void index="7"> 
     <object class="jmbench.tools.EvaluationMetrics"> 
      <void property="max"> 
       <double>2.783737378674782</double> 
      </void> 
      <void property="mean"> 
       <double>2.5206510554317996</double> 
      </void> 
      <void property="median"> 
       <double>2.525863289839361</double> 
      </void> 
      <void property="min"> 
       <double>2.3042016467902697</double> 
      </void> 
      <void property="rawResults"> 
       <object class="java.util.ArrayList"> 
        <void method="add"> 
         <double>2.3042016467902697</double> 
        </void> 
        <void method="add"> 
         <double>2.3372203809093666</double> 
        </void> 
        <void method="add"> 
         <double>2.3513884875685163</double> 
        </void> 
        <void method="add"> 
         <double>2.361610701449965</double> 
        </void> 
        <void method="add"> 
         <double>2.3700991699294405</double> 
        </void> 
        <void method="add"> 
         <double>2.3899645617488763</double> 
        </void> 
        <void method="add"> 
         <double>2.3938318890166586</double> 
        </void> 
        <void method="add"> 
         <double>2.4139112913543936</double> 
        </void> 
        <void method="add"> 
         <double>2.493867784861119</double> 
        </void> 
        <void method="add"> 
         <double>2.5052218617450484</double> 
        </void> 
        <void method="add"> 
         <double>2.525863289839361</double> 
        </void> 
        <void method="add"> 
         <double>2.5260891663033553</double> 
        </void> 
        <void method="add"> 
         <double>2.545670246317265</double> 
        </void> 
        <void method="add"> 
         <double>2.5811792207783477</double> 
        </void> 
        <void method="add"> 
         <double>2.607591327043292</double> 
        </void> 
        <void method="add"> 
         <double>2.6344993098817824</double> 
        </void> 
        <void method="add"> 
         <double>2.670409818384971</double> 
        </void> 
        <void method="add"> 
         <double>2.681340067804923</double> 
        </void> 
        <void method="add"> 
         <double>2.705602366633439</double> 
        </void> 
        <void method="add"> 
         <double>2.7429131252438155</double> 
        </void> 
        <void method="add"> 
         <double>2.5946148513838616</double> 
        </void> 
        <void method="add"> 
         <double>2.783737378674782</double> 
        </void> 
        <void method="add"> 
         <double>2.4247874583334728</double> 
        </void> 
        <void method="add"> 
         <double>2.5653009288094326</double> 
        </void> 
        <void method="add"> 
         <double>2.505360054989246</double> 
        </void> 
       </object> 
      </void> 
      <void property="stdev"> 
       <double>0.13348292614592577</double> 
      </void> 
     </object> 
    </void> 
    <void index="8"> 
     <object class="jmbench.tools.EvaluationMetrics"> 
      <void property="max"> 
       <double>0.32666885978636817</double> 
      </void> 
      <void property="mean"> 
       <double>0.29386123815982024</double> 
      </void> 
      <void property="median"> 
       <double>0.296214252320847</double> 
      </void> 
      <void property="min"> 
       <double>0.25509109500060345</double> 
      </void> 
      <void property="rawResults"> 
       <object class="java.util.ArrayList"> 
        <void method="add"> 
         <double>0.2555657360280087</double> 
        </void> 
        <void method="add"> 
         <double>0.2663334248168229</double> 
        </void> 
        <void method="add"> 
         <double>0.26661740316475113</double> 
        </void> 
        <void method="add"> 
         <double>0.2733617602337145</double> 
        </void> 
        <void method="add"> 
         <double>0.2781745096452683</double> 
        </void> 
        <void method="add"> 
         <double>0.2863195526505286</double> 
        </void> 
        <void method="add"> 
         <double>0.28698984051344045</double> 
        </void> 
        <void method="add"> 
         <double>0.28737362057493826</double> 
        </void> 
        <void method="add"> 
         <double>0.288786163626733</double> 
        </void> 
        <void method="add"> 
         <double>0.29400291890507935</double> 
        </void> 
        <void method="add"> 
         <double>0.29802830265652364</double> 
        </void> 
        <void method="add"> 
         <double>0.3019057629805675</double> 
        </void> 
        <void method="add"> 
         <double>0.3021175371045321</double> 
        </void> 
        <void method="add"> 
         <double>0.30587699211942126</double> 
        </void> 
        <void method="add"> 
         <double>0.30617590604308936</double> 
        </void> 
        <void method="add"> 
         <double>0.31018574756343387</double> 
        </void> 
        <void method="add"> 
         <double>0.3120232637506208</double> 
        </void> 
        <void method="add"> 
         <double>0.3168951552724197</double> 
        </void> 
        <void method="add"> 
         <double>0.32058824845426526</double> 
        </void> 
        <void method="add"> 
         <double>0.32666885978636817</double> 
        </void> 
        <void method="add"> 
         <double>0.25509109500060345</double> 
        </void> 
        <void method="add"> 
         <double>0.29488213749983583</double> 
        </void> 
        <void method="add"> 
         <double>0.3054710004953087</double> 
        </void> 
        <void method="add"> 
         <double>0.296214252320847</double> 
        </void> 
        <void method="add"> 
         <double>0.3108817627883828</double> 
        </void> 
       </object> 
      </void> 
      <void property="stdev"> 
       <double>0.019081780837946552</double> 
      </void> 
     </object> 
    </void> 
    <void index="9"> 
     <object class="jmbench.tools.EvaluationMetrics"> 
      <void property="max"> 
       <double>0.01937721850469818</double> 
      </void> 
      <void property="mean"> 
       <double>0.01937721850469818</double> 
      </void> 
      <void property="median"> 
       <double>0.01937721850469818</double> 
      </void> 
      <void property="min"> 
       <double>0.01937721850469818</double> 
      </void> 
      <void property="rawResults"> 
       <object class="java.util.ArrayList"> 
        <void method="add"> 
         <double>0.01937721850469818</double> 
        </void> 
       </object> 
      </void> 
     </object> 
    </void> 
   </array> 
  </void> 
  <void property="opName"> 
   <string>Eigen for Symm Matrices</string> 
  </void> 
 </object> 
</java> 
