<?xml version="1.0" encoding="UTF-8"?> 
<java version="1.6.0_16" class="java.beans.XMLDecoder"> 
 <object class="jmbench.tools.runtime.OperationResults"> 
  <void property="library"> 
   <object class="jmbench.impl.MatrixLibrary" method="valueOf"> 
    <string>MTJ</string> 
   </object> 
  </void> 
  <void property="matDimen"> 
   <array class="int" length="12"> 
    <void index="0"> 
     <int>2</int> 
    </void> 
    <void index="1"> 
     <int>3</int> 
    </void> 
    <void index="2"> 
     <int>4</int> 
    </void> 
    <void index="3"> 
     <int>5</int> 
    </void> 
    <void index="4"> 
     <int>10</int> 
    </void> 
    <void index="5"> 
     <int>20</int> 
    </void> 
    <void index="6"> 
     <int>50</int> 
    </void> 
    <void index="7"> 
     <int>100</int> 
    </void> 
    <void index="8"> 
     <int>200</int> 
    </void> 
    <void index="9"> 
     <int>500</int> 
    </void> 
    <void index="10"> 
     <int>1000</int> 
    </void> 
    <void index="11"> 
     <int>2000</int> 
    </void> 
   </array> 
  </void> 
  <void property="metrics"> 
   <array class="jmbench.tools.EvaluationMetrics" length="12"> 
    <void index="0"> 
     <object class="jmbench.tools.EvaluationMetrics"> 
      <void property="max"> 
       <double>3693577.527601779</double> 
      </void> 
      <void property="mean"> 
       <double>3296934.2153997445</double> 
      </void> 
      <void property="median"> 
       <double>3329728.394963273</double> 
      </void> 
      <void property="min"> 
       <double>2932249.0292234793</double> 
      </void> 
      <void property="rawResults"> 
       <object class="java.util.ArrayList"> 
        <void method="add"> 
         <double>2932249.0292234793</double> 
        </void> 
        <void method="add"> 
         <double>2934817.586145989</double> 
        </void> 
        <void method="add"> 
         <double>2957182.848783141</double> 
        </void> 
        <void method="add"> 
         <double>2960224.970161455</double> 
        </void> 
        <void method="add"> 
         <double>3089276.8211222445</double> 
        </void> 
        <void method="add"> 
         <double>3133737.8810050655</double> 
        </void> 
        <void method="add"> 
         <double>3146041.145213547</double> 
        </void> 
        <void method="add"> 
         <double>3167319.934488026</double> 
        </void> 
        <void method="add"> 
         <double>3172532.676198012</double> 
        </void> 
        <void method="add"> 
         <double>3175914.7009632103</double> 
        </void> 
        <void method="add"> 
         <double>3188323.001250989</double> 
        </void> 
        <void method="add"> 
         <double>3223686.3032649364</double> 
        </void> 
        <void method="add"> 
         <double>3329728.394963273</double> 
        </void> 
        <void method="add"> 
         <double>3340329.4180829218</double> 
        </void> 
        <void method="add"> 
         <double>3347824.5721013886</double> 
        </void> 
        <void method="add"> 
         <double>3382892.981552907</double> 
        </void> 
        <void method="add"> 
         <double>3384063.3468327606</double> 
        </void> 
        <void method="add"> 
         <double>3396025.951985364</double> 
        </void> 
        <void method="add"> 
         <double>3396038.7825328996</double> 
        </void> 
        <void method="add"> 
         <double>3610357.185398469</double> 
        </void> 
        <void method="add"> 
         <double>3485113.4746394805</double> 
        </void> 
        <void method="add"> 
         <double>3693577.527601779</double> 
        </void> 
        <void method="add"> 
         <double>3663512.660465047</double> 
        </void> 
        <void method="add"> 
         <double>3640372.935824139</double> 
        </void> 
        <void method="add"> 
         <double>3672211.255193087</double> 
        </void> 
       </object> 
      </void> 
      <void property="stdev"> 
       <double>234421.66880296014</double> 
      </void> 
     </object> 
    </void> 
    <void index="1"> 
     <object class="jmbench.tools.EvaluationMetrics"> 
      <void property="max"> 
       <double>2628403.618121872</double> 
      </void> 
      <void property="mean"> 
       <double>2393404.027503543</double> 
      </void> 
      <void property="median"> 
       <double>2386839.8498985083</double> 
      </void> 
      <void property="min"> 
       <double>2165961.270672032</double> 
      </void> 
      <void property="rawResults"> 
       <object class="java.util.ArrayList"> 
        <void method="add"> 
         <double>2165961.270672032</double> 
        </void> 
        <void method="add"> 
         <double>2245303.879300334</double> 
        </void> 
        <void method="add"> 
         <double>2260648.3205442587</double> 
        </void> 
        <void method="add"> 
         <double>2261489.8434220287</double> 
        </void> 
        <void method="add"> 
         <double>2272147.0750072836</double> 
        </void> 
        <void method="add"> 
         <double>2272586.5905195423</double> 
        </void> 
        <void method="add"> 
         <double>2277669.6914198413</double> 
        </void> 
        <void method="add"> 
         <double>2279399.541882568</double> 
        </void> 
        <void method="add"> 
         <double>2285104.042342971</double> 
        </void> 
        <void method="add"> 
         <double>2326927.566497337</double> 
        </void> 
        <void method="add"> 
         <double>2372338.8246515207</double> 
        </void> 
        <void method="add"> 
         <double>2386839.8498985083</double> 
        </void> 
        <void method="add"> 
         <double>2443989.797524116</double> 
        </void> 
        <void method="add"> 
         <double>2449601.1662943843</double> 
        </void> 
        <void method="add"> 
         <double>2459479.8864657446</double> 
        </void> 
        <void method="add"> 
         <double>2518045.0649595875</double> 
        </void> 
        <void method="add"> 
         <double>2612793.5256511457</double> 
        </void> 
        <void method="add"> 
         <double>2615013.1791509055</double> 
        </void> 
        <void method="add"> 
         <double>2626253.7958756536</double> 
        </void> 
        <void method="add"> 
         <double>2628403.618121872</double> 
        </void> 
        <void method="add"> 
         <double>2224247.7287259363</double> 
        </void> 
        <void method="add"> 
         <double>2542458.1034955354</double> 
        </void> 
        <void method="add"> 
         <double>2433607.7382192635</double> 
        </void> 
        <void method="add"> 
         <double>2439194.784583831</double> 
        </void> 
        <void method="add"> 
         <double>2435595.802362385</double> 
        </void> 
       </object> 
      </void> 
      <void property="stdev"> 
       <double>137061.2380978248</double> 
      </void> 
     </object> 
    </void> 
    <void index="2"> 
     <object class="jmbench.tools.EvaluationMetrics"> 
      <void property="max"> 
       <double>1834872.4505666252</double> 
      </void> 
      <void property="mean"> 
       <double>1640243.6640521153</double> 
      </void> 
      <void property="median"> 
       <double>1630224.8990475247</double> 
      </void> 
      <void property="min"> 
       <double>1516413.4685096089</double> 
      </void> 
      <void property="rawResults"> 
       <object class="java.util.ArrayList"> 
        <void method="add"> 
         <double>1516413.4685096089</double> 
        </void> 
        <void method="add"> 
         <double>1537795.5447013015</double> 
        </void> 
        <void method="add"> 
         <double>1566353.1289263086</double> 
        </void> 
        <void method="add"> 
         <double>1569206.3106516</double> 
        </void> 
        <void method="add"> 
         <double>1596171.480860425</double> 
        </void> 
        <void method="add"> 
         <double>1596702.074804128</double> 
        </void> 
        <void method="add"> 
         <double>1614992.7258420256</double> 
        </void> 
        <void method="add"> 
         <double>1615194.5705992207</double> 
        </void> 
        <void method="add"> 
         <double>1618900.2590052048</double> 
        </void> 
        <void method="add"> 
         <double>1625698.8621447503</double> 
        </void> 
        <void method="add"> 
         <double>1650331.8732118164</double> 
        </void> 
        <void method="add"> 
         <double>1656294.7492295196</double> 
        </void> 
        <void method="add"> 
         <double>1671633.317458858</double> 
        </void> 
        <void method="add"> 
         <double>1672603.0099554986</double> 
        </void> 
        <void method="add"> 
         <double>1675339.2766968443</double> 
        </void> 
        <void method="add"> 
         <double>1680235.1063826678</double> 
        </void> 
        <void method="add"> 
         <double>1692749.5608645824</double> 
        </void> 
        <void method="add"> 
         <double>1702637.5667564138</double> 
        </void> 
        <void method="add"> 
         <double>1723529.470304211</double> 
        </void> 
        <void method="add"> 
         <double>1834872.4505666252</double> 
        </void> 
        <void method="add"> 
         <double>1598820.193339191</double> 
        </void> 
        <void method="add"> 
         <double>1687973.8132894563</double> 
        </void> 
        <void method="add"> 
         <double>1630224.8990475247</double> 
        </void> 
        <void method="add"> 
         <double>1664689.3799695962</double> 
        </void> 
        <void method="add"> 
         <double>1606728.5081855077</double> 
        </void> 
       </object> 
      </void> 
      <void property="stdev"> 
       <double>64687.2370448251</double> 
      </void> 
     </object> 
    </void> 
    <void index="3"> 
     <object class="jmbench.tools.EvaluationMetrics"> 
      <void property="max"> 
       <double>1343833.4853468346</double> 
      </void> 
      <void property="mean"> 
       <double>1196541.6827644957</double> 
      </void> 
      <void property="median"> 
       <double>1184556.7771581162</double> 
      </void> 
      <void property="min"> 
       <double>1121977.8447040357</double> 
      </void> 
      <void property="rawResults"> 
       <object class="java.util.ArrayList"> 
        <void method="add"> 
         <double>1127396.947563247</double> 
        </void> 
        <void method="add"> 
         <double>1135566.8195217736</double> 
        </void> 
        <void method="add"> 
         <double>1138235.7761963138</double> 
        </void> 
        <void method="add"> 
         <double>1153088.0590597496</double> 
        </void> 
        <void method="add"> 
         <double>1160152.849761078</double> 
        </void> 
        <void method="add"> 
         <double>1165968.1243962743</double> 
        </void> 
        <void method="add"> 
         <double>1174661.2272515332</double> 
        </void> 
        <void method="add"> 
         <double>1175035.6125231085</double> 
        </void> 
        <void method="add"> 
         <double>1184556.7771581162</double> 
        </void> 
        <void method="add"> 
         <double>1193604.9964559101</double> 
        </void> 
        <void method="add"> 
         <double>1202431.202444585</double> 
        </void> 
        <void method="add"> 
         <double>1206683.7252074792</double> 
        </void> 
        <void method="add"> 
         <double>1209283.5209376398</double> 
        </void> 
        <void method="add"> 
         <double>1216328.37416065</double> 
        </void> 
        <void method="add"> 
         <double>1221878.023325715</double> 
        </void> 
        <void method="add"> 
         <double>1223362.3171442326</double> 
        </void> 
        <void method="add"> 
         <double>1236617.7077983439</double> 
        </void> 
        <void method="add"> 
         <double>1294974.7343165097</double> 
        </void> 
        <void method="add"> 
         <double>1295099.3609566716</double> 
        </void> 
        <void method="add"> 
         <double>1343833.4853468346</double> 
        </void> 
        <void method="add"> 
         <double>1229892.729853058</double> 
        </void> 
        <void method="add"> 
         <double>1180397.500207212</double> 
        </void> 
        <void method="add"> 
         <double>1121977.8447040357</double> 
        </void> 
        <void method="add"> 
         <double>1151191.124045813</double> 
        </void> 
        <void method="add"> 
         <double>1171323.2287765162</double> 
        </void> 
       </object> 
      </void> 
      <void property="stdev"> 
       <double>53486.75134862592</double> 
      </void> 
     </object> 
    </void> 
    <void index="4"> 
     <object class="jmbench.tools.EvaluationMetrics"> 
      <void property="max"> 
       <double>371836.1384842155</double> 
      </void> 
      <void property="mean"> 
       <double>351413.9793387268</double> 
      </void> 
      <void property="median"> 
       <double>349322.43645507173</double> 
      </void> 
      <void property="min"> 
       <double>332720.49100806</double> 
      </void> 
      <void property="rawResults"> 
       <object class="java.util.ArrayList"> 
        <void method="add"> 
         <double>335553.37003800407</double> 
        </void> 
        <void method="add"> 
         <double>337858.0900655728</double> 
        </void> 
        <void method="add"> 
         <double>338125.91656618303</double> 
        </void> 
        <void method="add"> 
         <double>341329.2901412809</double> 
        </void> 
        <void method="add"> 
         <double>342392.3062346395</double> 
        </void> 
        <void method="add"> 
         <double>343293.1385825716</double> 
        </void> 
        <void method="add"> 
         <double>344038.0616251471</double> 
        </void> 
        <void method="add"> 
         <double>347199.322130026</double> 
        </void> 
        <void method="add"> 
         <double>348440.47669331706</double> 
        </void> 
        <void method="add"> 
         <double>349322.43645507173</double> 
        </void> 
        <void method="add"> 
         <double>350480.0375374625</double> 
        </void> 
        <void method="add"> 
         <double>352148.6416739019</double> 
        </void> 
        <void method="add"> 
         <double>356855.8282555397</double> 
        </void> 
        <void method="add"> 
         <double>359145.92943606304</double> 
        </void> 
        <void method="add"> 
         <double>360808.9763968809</double> 
        </void> 
        <void method="add"> 
         <double>361856.27383926243</double> 
        </void> 
        <void method="add"> 
         <double>365835.4621686032</double> 
        </void> 
        <void method="add"> 
         <double>367893.14973361796</double> 
        </void> 
        <void method="add"> 
         <double>369082.9435332391</double> 
        </void> 
        <void method="add"> 
         <double>371836.1384842155</double> 
        </void> 
        <void method="add"> 
         <double>332720.49100806</double> 
        </void> 
        <void method="add"> 
         <double>335030.14931501175</double> 
        </void> 
        <void method="add"> 
         <double>371427.3908240254</double> 
        </void> 
        <void method="add"> 
         <double>354403.5641137061</double> 
        </void> 
        <void method="add"> 
         <double>348272.0986167658</double> 
        </void> 
       </object> 
      </void> 
      <void property="stdev"> 
       <double>11799.07527927667</double> 
      </void> 
     </object> 
    </void> 
    <void index="5"> 
     <object class="jmbench.tools.EvaluationMetrics"> 
      <void property="max"> 
       <double>80236.13111022608</double> 
      </void> 
      <void property="mean"> 
       <double>77940.0901371113</double> 
      </void> 
      <void property="median"> 
       <double>78140.83171828205</double> 
      </void> 
      <void property="min"> 
       <double>75775.20415490432</double> 
      </void> 
      <void property="rawResults"> 
       <object class="java.util.ArrayList"> 
        <void method="add"> 
         <double>75775.20415490432</double> 
        </void> 
        <void method="add"> 
         <double>75797.93529478389</double> 
        </void> 
        <void method="add"> 
         <double>76123.31864846758</double> 
        </void> 
        <void method="add"> 
         <double>76887.32824293118</double> 
        </void> 
        <void method="add"> 
         <double>77198.05538137881</double> 
        </void> 
        <void method="add"> 
         <double>77200.8669238789</double> 
        </void> 
        <void method="add"> 
         <double>77418.12204607733</double> 
        </void> 
        <void method="add"> 
         <double>77534.57928525173</double> 
        </void> 
        <void method="add"> 
         <double>77744.59918883767</double> 
        </void> 
        <void method="add"> 
         <double>77863.44947518944</double> 
        </void> 
        <void method="add"> 
         <double>78140.83171828205</double> 
        </void> 
        <void method="add"> 
         <double>78174.3005019392</double> 
        </void> 
        <void method="add"> 
         <double>78399.93492232483</double> 
        </void> 
        <void method="add"> 
         <double>78430.45968481044</double> 
        </void> 
        <void method="add"> 
         <double>78554.21733547389</double> 
        </void> 
        <void method="add"> 
         <double>78663.93362898305</double> 
        </void> 
        <void method="add"> 
         <double>78699.66184481821</double> 
        </void> 
        <void method="add"> 
         <double>79201.94444190455</double> 
        </void> 
        <void method="add"> 
         <double>79517.66013968157</double> 
        </void> 
        <void method="add"> 
         <double>79811.1654014243</double> 
        </void> 
        <void method="add"> 
         <double>76646.85757849288</double> 
        </void> 
        <void method="add"> 
         <double>78792.72563226172</double> 
        </void> 
        <void method="add"> 
         <double>79180.33247647388</double> 
        </void> 
        <void method="add"> 
         <double>76508.6383689853</double> 
        </void> 
        <void method="add"> 
         <double>80236.13111022608</double> 
        </void> 
       </object> 
      </void> 
      <void property="stdev"> 
       <double>1202.1333846341972</double> 
      </void> 
     </object> 
    </void> 
    <void index="6"> 
     <object class="jmbench.tools.EvaluationMetrics"> 
      <void property="max"> 
       <double>7602.519759695728</double> 
      </void> 
      <void property="mean"> 
       <double>7465.065711387616</double> 
      </void> 
      <void property="median"> 
       <double>7495.074906533107</double> 
      </void> 
      <void property="min"> 
       <double>7259.039594089395</double> 
      </void> 
      <void property="rawResults"> 
       <object class="java.util.ArrayList"> 
        <void method="add"> 
         <double>7259.039594089395</double> 
        </void> 
        <void method="add"> 
         <double>7349.328082050436</double> 
        </void> 
        <void method="add"> 
         <double>7367.784433327832</double> 
        </void> 
        <void method="add"> 
         <double>7371.70972965939</double> 
        </void> 
        <void method="add"> 
         <double>7380.174374619537</double> 
        </void> 
        <void method="add"> 
         <double>7425.212593287027</double> 
        </void> 
        <void method="add"> 
         <double>7462.421529345126</double> 
        </void> 
        <void method="add"> 
         <double>7466.254144834117</double> 
        </void> 
        <void method="add"> 
         <double>7484.552219247454</double> 
        </void> 
        <void method="add"> 
         <double>7505.476672698603</double> 
        </void> 
        <void method="add"> 
         <double>7507.15343495379</double> 
        </void> 
        <void method="add"> 
         <double>7512.66341144792</double> 
        </void> 
        <void method="add"> 
         <double>7531.24689011924</double> 
        </void> 
        <void method="add"> 
         <double>7531.42686035322</double> 
        </void> 
        <void method="add"> 
         <double>7533.336239309012</double> 
        </void> 
        <void method="add"> 
         <double>7534.509338886656</double> 
        </void> 
        <void method="add"> 
         <double>7550.991600210332</double> 
        </void> 
        <void method="add"> 
         <double>7551.339763100921</double> 
        </void> 
        <void method="add"> 
         <double>7594.805554615168</double> 
        </void> 
        <void method="add"> 
         <double>7602.519759695728</double> 
        </void> 
        <void method="add"> 
         <double>7521.770501945148</double> 
        </void> 
        <void method="add"> 
         <double>7268.08093855005</double> 
        </void> 
        <void method="add"> 
         <double>7495.074906533107</double> 
        </void> 
        <void method="add"> 
         <double>7387.98614582601</double> 
        </void> 
        <void method="add"> 
         <double>7431.784065985174</double> 
        </void> 
       </object> 
      </void> 
      <void property="stdev"> 
       <double>91.1397402724801</double> 
      </void> 
     </object> 
    </void> 
    <void index="7"> 
     <object class="jmbench.tools.EvaluationMetrics"> 
      <void property="max"> 
       <double>1059.9752524723638</double> 
      </void> 
      <void property="mean"> 
       <double>1049.7247468841335</double> 
      </void> 
      <void property="median"> 
       <double>1049.3387043507907</double> 
      </void> 
      <void property="min"> 
       <double>1037.984798406872</double> 
      </void> 
      <void property="rawResults"> 
       <object class="java.util.ArrayList"> 
        <void method="add"> 
         <double>1037.984798406872</double> 
        </void> 
        <void method="add"> 
         <double>1044.172248509979</double> 
        </void> 
        <void method="add"> 
         <double>1044.6682567357957</double> 
        </void> 
        <void method="add"> 
         <double>1045.2735163374787</double> 
        </void> 
        <void method="add"> 
         <double>1046.8259617023145</double> 
        </void> 
        <void method="add"> 
         <double>1047.9770348644363</double> 
        </void> 
        <void method="add"> 
         <double>1048.6337294836076</double> 
        </void> 
        <void method="add"> 
         <double>1048.6877377164137</double> 
        </void> 
        <void method="add"> 
         <double>1049.0133737679614</double> 
        </void> 
        <void method="add"> 
         <double>1049.3387043507907</double> 
        </void> 
        <void method="add"> 
         <double>1049.4644733793223</double> 
        </void> 
        <void method="add"> 
         <double>1050.2625943103878</double> 
        </void> 
        <void method="add"> 
         <double>1050.3331536855515</double> 
        </void> 
        <void method="add"> 
         <double>1050.7136389221173</double> 
        </void> 
        <void method="add"> 
         <double>1050.9072724331888</double> 
        </void> 
        <void method="add"> 
         <double>1053.6627526156283</double> 
        </void> 
        <void method="add"> 
         <double>1054.4858995085888</double> 
        </void> 
        <void method="add"> 
         <double>1058.0694672587392</double> 
        </void> 
        <void method="add"> 
         <double>1058.1575165456647</double> 
        </void> 
        <void method="add"> 
         <double>1059.9752524723638</double> 
        </void> 
        <void method="add"> 
         <double>1050.122122922261</double> 
        </void> 
        <void method="add"> 
         <double>1046.0756346413227</double> 
        </void> 
        <void method="add"> 
         <double>1041.9956450902391</double> 
        </void> 
        <void method="add"> 
         <double>1058.1997818718503</double> 
        </void> 
        <void method="add"> 
         <double>1048.118104570464</double> 
        </void> 
       </object> 
      </void> 
      <void property="stdev"> 
       <double>5.150283955198992</double> 
      </void> 
     </object> 
    </void> 
    <void index="8"> 
     <object class="jmbench.tools.EvaluationMetrics"> 
      <void property="max"> 
       <double>169.236780583703</double> 
      </void> 
      <void property="mean"> 
       <double>167.1069895637947</double> 
      </void> 
      <void property="median"> 
       <double>166.65726964096552</double> 
      </void> 
      <void property="min"> 
       <double>164.36607584909623</double> 
      </void> 
      <void property="rawResults"> 
       <object class="java.util.ArrayList"> 
        <void method="add"> 
         <double>164.36607584909623</double> 
        </void> 
        <void method="add"> 
         <double>164.89506833756113</double> 
        </void> 
        <void method="add"> 
         <double>165.8722654548598</double> 
        </void> 
        <void method="add"> 
         <double>166.24061116186778</double> 
        </void> 
        <void method="add"> 
         <double>166.36377150876493</double> 
        </void> 
        <void method="add"> 
         <double>166.55797868468093</double> 
        </void> 
        <void method="add"> 
         <double>166.57731311156132</double> 
        </void> 
        <void method="add"> 
         <double>166.62686507391564</double> 
        </void> 
        <void method="add"> 
         <double>166.62984130510839</double> 
        </void> 
        <void method="add"> 
         <double>166.65520962097085</double> 
        </void> 
        <void method="add"> 
         <double>166.65726964096552</double> 
        </void> 
        <void method="add"> 
         <double>166.67132147091883</double> 
        </void> 
        <void method="add"> 
         <double>167.0273543094179</double> 
        </void> 
        <void method="add"> 
         <double>167.75022250070788</double> 
        </void> 
        <void method="add"> 
         <double>168.07309964429882</double> 
        </void> 
        <void method="add"> 
         <double>168.17401472197906</double> 
        </void> 
        <void method="add"> 
         <double>168.55542981784953</double> 
        </void> 
        <void method="add"> 
         <double>168.67663007927146</double> 
        </void> 
        <void method="add"> 
         <double>168.68060621762768</double> 
        </void> 
        <void method="add"> 
         <double>169.236780583703</double> 
        </void> 
        <void method="add"> 
         <double>168.18476174684298</double> 
        </void> 
        <void method="add"> 
         <double>166.5879092911456</double> 
        </void> 
        <void method="add"> 
         <double>167.37764842029694</double> 
        </void> 
        <void method="add"> 
         <double>166.4651285820503</double> 
        </void> 
        <void method="add"> 
         <double>168.7715619594057</double> 
        </void> 
       </object> 
      </void> 
      <void property="stdev"> 
       <double>1.193686110729615</double> 
      </void> 
     </object> 
    </void> 
    <void index="9"> 
     <object class="jmbench.tools.EvaluationMetrics"> 
      <void property="max"> 
       <double>13.012607112587279</double> 
      </void> 
      <void property="mean"> 
       <double>12.89730317987283</double> 
      </void> 
      <void property="median"> 
       <double>12.893796365205281</double> 
      </void> 
      <void property="min"> 
       <double>12.73692068639148</double> 
      </void> 
      <void property="rawResults"> 
       <object class="java.util.ArrayList"> 
        <void method="add"> 
         <double>12.73692068639148</double> 
        </void> 
        <void method="add"> 
         <double>12.796577083888643</double> 
        </void> 
        <void method="add"> 
         <double>12.800108278675951</double> 
        </void> 
        <void method="add"> 
         <double>12.814736399045351</double> 
        </void> 
        <void method="add"> 
         <double>12.824873441904524</double> 
        </void> 
        <void method="add"> 
         <double>12.851808431595996</double> 
        </void> 
        <void method="add"> 
         <double>12.866999538716088</double> 
        </void> 
        <void method="add"> 
         <double>12.86976455911148</double> 
        </void> 
        <void method="add"> 
         <double>12.876870263422601</double> 
        </void> 
        <void method="add"> 
         <double>12.88207297720621</double> 
        </void> 
        <void method="add"> 
         <double>12.88311555504485</double> 
        </void> 
        <void method="add"> 
         <double>12.893796365205281</double> 
        </void> 
        <void method="add"> 
         <double>12.902819447681315</double> 
        </void> 
        <void method="add"> 
         <double>12.909766810494808</double> 
        </void> 
        <void method="add"> 
         <double>12.917011482148116</double> 
        </void> 
        <void method="add"> 
         <double>12.925096228145096</double> 
        </void> 
        <void method="add"> 
         <double>12.969039427184745</double> 
        </void> 
        <void method="add"> 
         <double>12.972929763677099</double> 
        </void> 
        <void method="add"> 
         <double>13.0054105282285</double> 
        </void> 
        <void method="add"> 
         <double>13.012607112587279</double> 
        </void> 
        <void method="add"> 
         <double>12.961663783890167</double> 
        </void> 
        <void method="add"> 
         <double>13.008693250058519</double> 
        </void> 
        <void method="add"> 
         <double>12.855596534569292</double> 
        </void> 
        <void method="add"> 
         <double>12.947465073512474</double> 
        </void> 
        <void method="add"> 
         <double>12.946836474434823</double> 
        </void> 
       </object> 
      </void> 
      <void property="stdev"> 
       <double>0.06998329427138762</double> 
      </void> 
     </object> 
    </void> 
    <void index="10"> 
     <object class="jmbench.tools.EvaluationMetrics"> 
      <void property="max"> 
       <double>1.7233605052826826</double> 
      </void> 
      <void property="mean"> 
       <double>1.7120009161461058</double> 
      </void> 
      <void property="median"> 
       <double>1.7146531526987159</double> 
      </void> 
      <void property="min"> 
       <double>1.6944488447476669</double> 
      </void> 
      <void property="rawResults"> 
       <object class="java.util.ArrayList"> 
        <void method="add"> 
         <double>1.6944488447476669</double> 
        </void> 
        <void method="add"> 
         <double>1.698020761530049</double> 
        </void> 
        <void method="add"> 
         <double>1.7000242863202846</double> 
        </void> 
        <void method="add"> 
         <double>1.700995948028295</double> 
        </void> 
        <void method="add"> 
         <double>1.702176942449967</double> 
        </void> 
        <void method="add"> 
         <double>1.7037188667805845</double> 
        </void> 
        <void method="add"> 
         <double>1.709023251801962</double> 
        </void> 
        <void method="add"> 
         <double>1.7091726875657325</double> 
        </void> 
        <void method="add"> 
         <double>1.7109775764897677</double> 
        </void> 
        <void method="add"> 
         <double>1.713283801093634</double> 
        </void> 
        <void method="add"> 
         <double>1.7146531526987159</double> 
        </void> 
        <void method="add"> 
         <double>1.7151787751385168</double> 
        </void> 
        <void method="add"> 
         <double>1.7171660680422556</double> 
        </void> 
        <void method="add"> 
         <double>1.7174373315189684</double> 
        </void> 
        <void method="add"> 
         <double>1.7196380301695742</double> 
        </void> 
        <void method="add"> 
         <double>1.7199266372860542</double> 
        </void> 
        <void method="add"> 
         <double>1.7200592168914741</double> 
        </void> 
        <void method="add"> 
         <double>1.722236709390382</double> 
        </void> 
        <void method="add"> 
         <double>1.7228230576249806</double> 
        </void> 
        <void method="add"> 
         <double>1.7233605052826826</double> 
        </void> 
        <void method="add"> 
         <double>1.7151584343334851</double> 
        </void> 
        <void method="add"> 
         <double>1.713811449284712</double> 
        </void> 
        <void method="add"> 
         <double>1.719774593065173</double> 
        </void> 
        <void method="add"> 
         <double>1.7184084643934423</double> 
        </void> 
        <void method="add"> 
         <double>1.6985475117242879</double> 
        </void> 
       </object> 
      </void> 
      <void property="stdev"> 
       <double>0.00862284100111201</double> 
      </void> 
     </object> 
    </void> 
    <void index="11"> 
     <object class="jmbench.tools.EvaluationMetrics"> 
      <void property="max"> 
       <double>0.22016116430410568</double> 
      </void> 
      <void property="mean"> 
       <double>0.2182564414448345</double> 
      </void> 
      <void property="median"> 
       <double>0.2185990423394117</double> 
      </void> 
      <void property="min"> 
       <double>0.21477978019162378</double> 
      </void> 
      <void property="rawResults"> 
       <object class="java.util.ArrayList"> 
        <void method="add"> 
         <double>0.21477978019162378</double> 
        </void> 
        <void method="add"> 
         <double>0.2159346714406307</double> 
        </void> 
        <void method="add"> 
         <double>0.21643619831801938</double> 
        </void> 
        <void method="add"> 
         <double>0.21695503004388048</double> 
        </void> 
        <void method="add"> 
         <double>0.21701843605621085</double> 
        </void> 
        <void method="add"> 
         <double>0.2171746758191048</double> 
        </void> 
        <void method="add"> 
         <double>0.2173655558856232</double> 
        </void> 
        <void method="add"> 
         <double>0.21738683539432846</double> 
        </void> 
        <void method="add"> 
         <double>0.2174527496876713</double> 
        </void> 
        <void method="add"> 
         <double>0.21853724778146105</double> 
        </void> 
        <void method="add"> 
         <double>0.2185990423394117</double> 
        </void> 
        <void method="add"> 
         <double>0.2188540199957407</double> 
        </void> 
        <void method="add"> 
         <double>0.21894505713193593</double> 
        </void> 
        <void method="add"> 
         <double>0.21946466470671785</double> 
        </void> 
        <void method="add"> 
         <double>0.21948693593366986</double> 
        </void> 
        <void method="add"> 
         <double>0.21950113865151094</double> 
        </void> 
        <void method="add"> 
         <double>0.21954087983532755</double> 
        </void> 
        <void method="add"> 
         <double>0.2196098518629255</double> 
        </void> 
        <void method="add"> 
         <double>0.21978325602552176</double> 
        </void> 
        <void method="add"> 
         <double>0.22002157653471452</double> 
        </void> 
        <void method="add"> 
         <double>0.21906508762734725</double> 
        </void> 
        <void method="add"> 
         <double>0.2177264841885515</double> 
        </void> 
        <void method="add"> 
         <double>0.21722332337962338</double> 
        </void> 
        <void method="add"> 
         <double>0.22016116430410568</double> 
        </void> 
        <void method="add"> 
         <double>0.21938737298520325</double> 
        </void> 
       </object> 
      </void> 
      <void property="stdev"> 
       <double>0.0013967330601472663</double> 
      </void> 
     </object> 
    </void> 
   </array> 
  </void> 
  <void property="opName"> 
   <string>LU</string> 
  </void> 
 </object> 
</java> 
