<?xml version="1.0" encoding="UTF-8"?> 
<java version="1.6.0_16" class="java.beans.XMLDecoder"> 
 <object class="jmbench.tools.runtime.OperationResults"> 
  <void property="library"> 
   <object class="jmbench.impl.MatrixLibrary" method="valueOf"> 
    <string>MTJ</string> 
   </object> 
  </void> 
  <void property="matDimen"> 
   <array class="int" length="12"> 
    <void index="0"> 
     <int>2</int> 
    </void> 
    <void index="1"> 
     <int>3</int> 
    </void> 
    <void index="2"> 
     <int>4</int> 
    </void> 
    <void index="3"> 
     <int>5</int> 
    </void> 
    <void index="4"> 
     <int>10</int> 
    </void> 
    <void index="5"> 
     <int>20</int> 
    </void> 
    <void index="6"> 
     <int>50</int> 
    </void> 
    <void index="7"> 
     <int>100</int> 
    </void> 
    <void index="8"> 
     <int>200</int> 
    </void> 
    <void index="9"> 
     <int>500</int> 
    </void> 
    <void index="10"> 
     <int>1000</int> 
    </void> 
    <void index="11"> 
     <int>2000</int> 
    </void> 
   </array> 
  </void> 
  <void property="metrics"> 
   <array class="jmbench.tools.EvaluationMetrics" length="12"> 
    <void index="0"> 
     <object class="jmbench.tools.EvaluationMetrics"> 
      <void property="max"> 
       <double>7251609.889981696</double> 
      </void> 
      <void property="mean"> 
       <double>7100039.651047082</double> 
      </void> 
      <void property="median"> 
       <double>7115345.292274594</double> 
      </void> 
      <void property="min"> 
       <double>6863335.232010459</double> 
      </void> 
      <void property="rawResults"> 
       <object class="java.util.ArrayList"> 
        <void method="add"> 
         <double>6863335.232010459</double> 
        </void> 
        <void method="add"> 
         <double>6888568.930189016</double> 
        </void> 
        <void method="add"> 
         <double>6966600.299244773</double> 
        </void> 
        <void method="add"> 
         <double>6983571.858526226</double> 
        </void> 
        <void method="add"> 
         <double>6988717.072542654</double> 
        </void> 
        <void method="add"> 
         <double>6996518.260946985</double> 
        </void> 
        <void method="add"> 
         <double>7034485.868794061</double> 
        </void> 
        <void method="add"> 
         <double>7045388.7155526895</double> 
        </void> 
        <void method="add"> 
         <double>7053981.545752018</double> 
        </void> 
        <void method="add"> 
         <double>7093212.285860667</double> 
        </void> 
        <void method="add"> 
         <double>7106465.014310997</double> 
        </void> 
        <void method="add"> 
         <double>7115345.292274594</double> 
        </void> 
        <void method="add"> 
         <double>7134911.266446954</double> 
        </void> 
        <void method="add"> 
         <double>7153700.841766908</double> 
        </void> 
        <void method="add"> 
         <double>7174287.5695691975</double> 
        </void> 
        <void method="add"> 
         <double>7174390.926990548</double> 
        </void> 
        <void method="add"> 
         <double>7184958.318682321</double> 
        </void> 
        <void method="add"> 
         <double>7196306.001820553</double> 
        </void> 
        <void method="add"> 
         <double>7215090.226184067</double> 
        </void> 
        <void method="add"> 
         <double>7226496.142062644</double> 
        </void> 
        <void method="add"> 
         <double>7180629.376294243</double> 
        </void> 
        <void method="add"> 
         <double>7041995.060110792</double> 
        </void> 
        <void method="add"> 
         <double>7247725.458305099</double> 
        </void> 
        <void method="add"> 
         <double>7251609.889981696</double> 
        </void> 
        <void method="add"> 
         <double>7182699.821956896</double> 
        </void> 
       </object> 
      </void> 
      <void property="stdev"> 
       <double>107197.10592519864</double> 
      </void> 
     </object> 
    </void> 
    <void index="1"> 
     <object class="jmbench.tools.EvaluationMetrics"> 
      <void property="max"> 
       <double>3941394.5269079506</double> 
      </void> 
      <void property="mean"> 
       <double>3873517.4075077646</double> 
      </void> 
      <void property="median"> 
       <double>3894900.10752457</double> 
      </void> 
      <void property="min"> 
       <double>3746964.480026934</double> 
      </void> 
      <void property="rawResults"> 
       <object class="java.util.ArrayList"> 
        <void method="add"> 
         <double>3799779.296182588</double> 
        </void> 
        <void method="add"> 
         <double>3826178.8259395845</double> 
        </void> 
        <void method="add"> 
         <double>3846129.6262855195</double> 
        </void> 
        <void method="add"> 
         <double>3868161.0534227435</double> 
        </void> 
        <void method="add"> 
         <double>3875916.8961759135</double> 
        </void> 
        <void method="add"> 
         <double>3884622.783804342</double> 
        </void> 
        <void method="add"> 
         <double>3894279.0738857933</double> 
        </void> 
        <void method="add"> 
         <double>3894900.10752457</double> 
        </void> 
        <void method="add"> 
         <double>3895561.563129184</double> 
        </void> 
        <void method="add"> 
         <double>3899816.888326723</double> 
        </void> 
        <void method="add"> 
         <double>3906532.1478549684</double> 
        </void> 
        <void method="add"> 
         <double>3910481.3757924917</double> 
        </void> 
        <void method="add"> 
         <double>3911155.44049182</double> 
        </void> 
        <void method="add"> 
         <double>3911491.076230864</double> 
        </void> 
        <void method="add"> 
         <double>3911978.6270160666</double> 
        </void> 
        <void method="add"> 
         <double>3918357.7543969443</double> 
        </void> 
        <void method="add"> 
         <double>3922353.601809179</double> 
        </void> 
        <void method="add"> 
         <double>3924063.411466283</double> 
        </void> 
        <void method="add"> 
         <double>3930427.964288284</double> 
        </void> 
        <void method="add"> 
         <double>3941394.5269079506</double> 
        </void> 
        <void method="add"> 
         <double>3791849.7218629583</double> 
        </void> 
        <void method="add"> 
         <double>3780037.903197738</double> 
        </void> 
        <void method="add"> 
         <double>3746964.480026934</double> 
        </void> 
        <void method="add"> 
         <double>3827678.7146483413</double> 
        </void> 
        <void method="add"> 
         <double>3817822.32702634</double> 
        </void> 
       </object> 
      </void> 
      <void property="stdev"> 
       <double>52486.04794663811</double> 
      </void> 
     </object> 
    </void> 
    <void index="2"> 
     <object class="jmbench.tools.EvaluationMetrics"> 
      <void property="max"> 
       <double>2369520.8963823305</double> 
      </void> 
      <void property="mean"> 
       <double>2261377.560074163</double> 
      </void> 
      <void property="median"> 
       <double>2334906.847189547</double> 
      </void> 
      <void property="min"> 
       <double>1996205.924430401</double> 
      </void> 
      <void property="rawResults"> 
       <object class="java.util.ArrayList"> 
        <void method="add"> 
         <double>1996205.924430401</double> 
        </void> 
        <void method="add"> 
         <double>2027473.447490691</double> 
        </void> 
        <void method="add"> 
         <double>2031386.9431328115</double> 
        </void> 
        <void method="add"> 
         <double>2031490.4379066525</double> 
        </void> 
        <void method="add"> 
         <double>2041829.6938810702</double> 
        </void> 
        <void method="add"> 
         <double>2284424.2086585634</double> 
        </void> 
        <void method="add"> 
         <double>2301355.4335253797</double> 
        </void> 
        <void method="add"> 
         <double>2312493.718590286</double> 
        </void> 
        <void method="add"> 
         <double>2334034.8161470755</double> 
        </void> 
        <void method="add"> 
         <double>2334906.847189547</double> 
        </void> 
        <void method="add"> 
         <double>2337277.466466181</double> 
        </void> 
        <void method="add"> 
         <double>2339480.9624217935</double> 
        </void> 
        <void method="add"> 
         <double>2341412.669917974</double> 
        </void> 
        <void method="add"> 
         <double>2341499.573220387</double> 
        </void> 
        <void method="add"> 
         <double>2361870.29195683</double> 
        </void> 
        <void method="add"> 
         <double>2363873.7583519546</double> 
        </void> 
        <void method="add"> 
         <double>2364285.073127593</double> 
        </void> 
        <void method="add"> 
         <double>2365699.8673736556</double> 
        </void> 
        <void method="add"> 
         <double>2366674.665184726</double> 
        </void> 
        <void method="add"> 
         <double>2369520.8963823305</double> 
        </void> 
        <void method="add"> 
         <double>2287402.590059851</double> 
        </void> 
        <void method="add"> 
         <double>2063235.915839771</double> 
        </void> 
        <void method="add"> 
         <double>2204647.294948333</double> 
        </void> 
        <void method="add"> 
         <double>2365336.544831923</double> 
        </void> 
        <void method="add"> 
         <double>2366619.960818307</double> 
        </void> 
       </object> 
      </void> 
      <void property="stdev"> 
       <double>134012.70473848787</double> 
      </void> 
     </object> 
    </void> 
    <void index="3"> 
     <object class="jmbench.tools.EvaluationMetrics"> 
      <void property="max"> 
       <double>1616624.0865685625</double> 
      </void> 
      <void property="mean"> 
       <double>1591565.7662693583</double> 
      </void> 
      <void property="median"> 
       <double>1601682.1610399538</double> 
      </void> 
      <void property="min"> 
       <double>1546546.0669400918</double> 
      </void> 
      <void property="rawResults"> 
       <object class="java.util.ArrayList"> 
        <void method="add"> 
         <double>1546546.0669400918</double> 
        </void> 
        <void method="add"> 
         <double>1550273.7721649376</double> 
        </void> 
        <void method="add"> 
         <double>1558019.782109939</double> 
        </void> 
        <void method="add"> 
         <double>1559154.2407275317</double> 
        </void> 
        <void method="add"> 
         <double>1583593.1603127746</double> 
        </void> 
        <void method="add"> 
         <double>1586560.924018698</double> 
        </void> 
        <void method="add"> 
         <double>1586653.2374468194</double> 
        </void> 
        <void method="add"> 
         <double>1588534.063366417</double> 
        </void> 
        <void method="add"> 
         <double>1595362.7946871342</double> 
        </void> 
        <void method="add"> 
         <double>1599114.1831457568</double> 
        </void> 
        <void method="add"> 
         <double>1599601.6958846736</double> 
        </void> 
        <void method="add"> 
         <double>1601682.1610399538</double> 
        </void> 
        <void method="add"> 
         <double>1602048.633557641</double> 
        </void> 
        <void method="add"> 
         <double>1603489.8485399007</double> 
        </void> 
        <void method="add"> 
         <double>1604321.738659425</double> 
        </void> 
        <void method="add"> 
         <double>1604512.5417475451</double> 
        </void> 
        <void method="add"> 
         <double>1606352.8761154688</double> 
        </void> 
        <void method="add"> 
         <double>1608909.1620579897</double> 
        </void> 
        <void method="add"> 
         <double>1610624.1789584942</double> 
        </void> 
        <void method="add"> 
         <double>1616624.0865685625</double> 
        </void> 
        <void method="add"> 
         <double>1602078.0343032584</double> 
        </void> 
        <void method="add"> 
         <double>1602298.8636010264</double> 
        </void> 
        <void method="add"> 
         <double>1602660.2786248687</double> 
        </void> 
        <void method="add"> 
         <double>1611055.1626509258</double> 
        </void> 
        <void method="add"> 
         <double>1559072.669504129</double> 
        </void> 
       </object> 
      </void> 
      <void property="stdev"> 
       <double>20144.802483381496</double> 
      </void> 
     </object> 
    </void> 
    <void index="4"> 
     <object class="jmbench.tools.EvaluationMetrics"> 
      <void property="max"> 
       <double>272016.89692912676</double> 
      </void> 
      <void property="mean"> 
       <double>268066.70567159867</double> 
      </void> 
      <void property="median"> 
       <double>269271.7737212847</double> 
      </void> 
      <void property="min"> 
       <double>260311.40109551308</double> 
      </void> 
      <void property="rawResults"> 
       <object class="java.util.ArrayList"> 
        <void method="add"> 
         <double>260311.40109551308</double> 
        </void> 
        <void method="add"> 
         <double>261126.59341177868</double> 
        </void> 
        <void method="add"> 
         <double>262127.85485520394</double> 
        </void> 
        <void method="add"> 
         <double>264735.07116444566</double> 
        </void> 
        <void method="add"> 
         <double>265271.5150250721</double> 
        </void> 
        <void method="add"> 
         <double>266980.52480082057</double> 
        </void> 
        <void method="add"> 
         <double>267644.78511394083</double> 
        </void> 
        <void method="add"> 
         <double>267766.0497786321</double> 
        </void> 
        <void method="add"> 
         <double>268439.50894084264</double> 
        </void> 
        <void method="add"> 
         <double>268948.5865539952</double> 
        </void> 
        <void method="add"> 
         <double>268969.5590224142</double> 
        </void> 
        <void method="add"> 
         <double>269271.7737212847</double> 
        </void> 
        <void method="add"> 
         <double>269393.74603227695</double> 
        </void> 
        <void method="add"> 
         <double>269579.1363267932</double> 
        </void> 
        <void method="add"> 
         <double>270092.2089418101</double> 
        </void> 
        <void method="add"> 
         <double>270699.60231526743</double> 
        </void> 
        <void method="add"> 
         <double>270992.9482151116</double> 
        </void> 
        <void method="add"> 
         <double>271018.57058662985</double> 
        </void> 
        <void method="add"> 
         <double>271791.87789478165</double> 
        </void> 
        <void method="add"> 
         <double>272016.89692912676</double> 
        </void> 
        <void method="add"> 
         <double>265715.124224436</double> 
        </void> 
        <void method="add"> 
         <double>269362.3015434521</double> 
        </void> 
        <void method="add"> 
         <double>269341.5282265465</double> 
        </void> 
        <void method="add"> 
         <double>270141.10550555127</double> 
        </void> 
        <void method="add"> 
         <double>269929.3715642419</double> 
        </void> 
       </object> 
      </void> 
      <void property="stdev"> 
       <double>3134.1468496080656</double> 
      </void> 
     </object> 
    </void> 
    <void index="5"> 
     <object class="jmbench.tools.EvaluationMetrics"> 
      <void property="max"> 
       <double>47564.70172693302</double> 
      </void> 
      <void property="mean"> 
       <double>47262.49941422154</double> 
      </void> 
      <void property="median"> 
       <double>47361.40619940882</double> 
      </void> 
      <void property="min"> 
       <double>46754.83720212951</double> 
      </void> 
      <void property="rawResults"> 
       <object class="java.util.ArrayList"> 
        <void method="add"> 
         <double>46837.27591291798</double> 
        </void> 
        <void method="add"> 
         <double>46870.12770367882</double> 
        </void> 
        <void method="add"> 
         <double>46888.719594299284</double> 
        </void> 
        <void method="add"> 
         <double>46957.91336653027</double> 
        </void> 
        <void method="add"> 
         <double>46972.61556726886</double> 
        </void> 
        <void method="add"> 
         <double>47021.74135690704</double> 
        </void> 
        <void method="add"> 
         <double>47292.970844347285</double> 
        </void> 
        <void method="add"> 
         <double>47308.76387936895</double> 
        </void> 
        <void method="add"> 
         <double>47313.097326258074</double> 
        </void> 
        <void method="add"> 
         <double>47361.40619940882</double> 
        </void> 
        <void method="add"> 
         <double>47381.82644306849</double> 
        </void> 
        <void method="add"> 
         <double>47383.38658152698</double> 
        </void> 
        <void method="add"> 
         <double>47388.55463478938</double> 
        </void> 
        <void method="add"> 
         <double>47414.814860873856</double> 
        </void> 
        <void method="add"> 
         <double>47443.00929526107</double> 
        </void> 
        <void method="add"> 
         <double>47473.31709848593</double> 
        </void> 
        <void method="add"> 
         <double>47473.943021302744</double> 
        </void> 
        <void method="add"> 
         <double>47495.706412734726</double> 
        </void> 
        <void method="add"> 
         <double>47528.36418189317</double> 
        </void> 
        <void method="add"> 
         <double>47564.70172693302</double> 
        </void> 
        <void method="add"> 
         <double>46754.83720212951</double> 
        </void> 
        <void method="add"> 
         <double>47255.41329406752</double> 
        </void> 
        <void method="add"> 
         <double>47335.34032812346</double> 
        </void> 
        <void method="add"> 
         <double>47470.576050036674</double> 
        </void> 
        <void method="add"> 
         <double>47374.06247332637</double> 
        </void> 
       </object> 
      </void> 
      <void property="stdev"> 
       <double>240.79510972973378</double> 
      </void> 
     </object> 
    </void> 
    <void index="6"> 
     <object class="jmbench.tools.EvaluationMetrics"> 
      <void property="max"> 
       <double>4097.153389500127</double> 
      </void> 
      <void property="mean"> 
       <double>4074.351590139053</double> 
      </void> 
      <void property="median"> 
       <double>4072.7828649391536</double> 
      </void> 
      <void property="min"> 
       <double>4052.821874026722</double> 
      </void> 
      <void property="rawResults"> 
       <object class="java.util.ArrayList"> 
        <void method="add"> 
         <double>4052.821874026722</double> 
        </void> 
        <void method="add"> 
         <double>4061.4531708531226</double> 
        </void> 
        <void method="add"> 
         <double>4063.7177310113602</double> 
        </void> 
        <void method="add"> 
         <double>4064.5735061997707</double> 
        </void> 
        <void method="add"> 
         <double>4066.571241012277</double> 
        </void> 
        <void method="add"> 
         <double>4068.9068992705747</double> 
        </void> 
        <void method="add"> 
         <double>4072.1263555735536</double> 
        </void> 
        <void method="add"> 
         <double>4072.4680270765166</double> 
        </void> 
        <void method="add"> 
         <double>4072.6696613501244</double> 
        </void> 
        <void method="add"> 
         <double>4072.7828649391536</double> 
        </void> 
        <void method="add"> 
         <double>4073.8809632916777</double> 
        </void> 
        <void method="add"> 
         <double>4074.913431925391</double> 
        </void> 
        <void method="add"> 
         <double>4080.1461021375408</double> 
        </void> 
        <void method="add"> 
         <double>4080.350493029515</double> 
        </void> 
        <void method="add"> 
         <double>4082.0621663266415</double> 
        </void> 
        <void method="add"> 
         <double>4082.6361849497903</double> 
        </void> 
        <void method="add"> 
         <double>4087.9718290965598</double> 
        </void> 
        <void method="add"> 
         <double>4090.7927787756803</double> 
        </void> 
        <void method="add"> 
         <double>4091.4027256268564</double> 
        </void> 
        <void method="add"> 
         <double>4097.153389500127</double> 
        </void> 
        <void method="add"> 
         <double>4063.915369221258</double> 
        </void> 
        <void method="add"> 
         <double>4083.251899803529</double> 
        </void> 
        <void method="add"> 
         <double>4061.550970125885</double> 
        </void> 
        <void method="add"> 
         <double>4063.2831056986433</double> 
        </void> 
        <void method="add"> 
         <double>4077.3870126540382</double> 
        </void> 
       </object> 
      </void> 
      <void property="stdev"> 
       <double>10.753495227033921</double> 
      </void> 
     </object> 
    </void> 
    <void index="7"> 
     <object class="jmbench.tools.EvaluationMetrics"> 
      <void property="max"> 
       <double>590.320593813089</double> 
      </void> 
      <void property="mean"> 
       <double>585.867245681588</double> 
      </void> 
      <void property="median"> 
       <double>585.9504935937696</double> 
      </void> 
      <void property="min"> 
       <double>581.4708306973846</double> 
      </void> 
      <void property="rawResults"> 
       <object class="java.util.ArrayList"> 
        <void method="add"> 
         <double>581.4708306973846</double> 
        </void> 
        <void method="add"> 
         <double>582.9307754889602</double> 
        </void> 
        <void method="add"> 
         <double>583.8866373633912</double> 
        </void> 
        <void method="add"> 
         <double>583.9815432187122</double> 
        </void> 
        <void method="add"> 
         <double>584.3272184687769</double> 
        </void> 
        <void method="add"> 
         <double>584.6115975006874</double> 
        </void> 
        <void method="add"> 
         <double>584.7849537675864</double> 
        </void> 
        <void method="add"> 
         <double>585.765634104584</double> 
        </void> 
        <void method="add"> 
         <double>585.9504935937696</double> 
        </void> 
        <void method="add"> 
         <double>586.0177217619238</double> 
        </void> 
        <void method="add"> 
         <double>586.0758617043389</double> 
        </void> 
        <void method="add"> 
         <double>586.3362439244175</double> 
        </void> 
        <void method="add"> 
         <double>586.5396822644515</double> 
        </void> 
        <void method="add"> 
         <double>586.5773137695162</double> 
        </void> 
        <void method="add"> 
         <double>586.8398484724909</double> 
        </void> 
        <void method="add"> 
         <double>587.3127970745255</double> 
        </void> 
        <void method="add"> 
         <double>587.790522846983</double> 
        </void> 
        <void method="add"> 
         <double>587.8215034227251</double> 
        </void> 
        <void method="add"> 
         <double>589.5502451237696</double> 
        </void> 
        <void method="add"> 
         <double>590.320593813089</double> 
        </void> 
        <void method="add"> 
         <double>582.6499972475126</double> 
        </void> 
        <void method="add"> 
         <double>588.7610218884164</double> 
        </void> 
        <void method="add"> 
         <double>585.770529526103</double> 
        </void> 
        <void method="add"> 
         <double>585.4892539139146</double> 
        </void> 
        <void method="add"> 
         <double>585.1183210816705</double> 
        </void> 
       </object> 
      </void> 
      <void property="stdev"> 
       <double>2.051318392712441</double> 
      </void> 
     </object> 
    </void> 
    <void index="8"> 
     <object class="jmbench.tools.EvaluationMetrics"> 
      <void property="max"> 
       <double>76.89218848232069</double> 
      </void> 
      <void property="mean"> 
       <double>76.61195662965564</double> 
      </void> 
      <void property="median"> 
       <double>76.61407000427768</double> 
      </void> 
      <void property="min"> 
       <double>76.28428749044245</double> 
      </void> 
      <void property="rawResults"> 
       <object class="java.util.ArrayList"> 
        <void method="add"> 
         <double>76.28428749044245</double> 
        </void> 
        <void method="add"> 
         <double>76.29207929645474</double> 
        </void> 
        <void method="add"> 
         <double>76.29553774466324</double> 
        </void> 
        <void method="add"> 
         <double>76.42502298090429</double> 
        </void> 
        <void method="add"> 
         <double>76.44450095694656</double> 
        </void> 
        <void method="add"> 
         <double>76.46657427562486</double> 
        </void> 
        <void method="add"> 
         <double>76.55011114378571</double> 
        </void> 
        <void method="add"> 
         <double>76.57736081583826</double> 
        </void> 
        <void method="add"> 
         <double>76.60306508057263</double> 
        </void> 
        <void method="add"> 
         <double>76.61407000427768</double> 
        </void> 
        <void method="add"> 
         <double>76.68020524702487</double> 
        </void> 
        <void method="add"> 
         <double>76.7004470264124</double> 
        </void> 
        <void method="add"> 
         <double>76.72875590843906</double> 
        </void> 
        <void method="add"> 
         <double>76.7308690473007</double> 
        </void> 
        <void method="add"> 
         <double>76.75168676147517</double> 
        </void> 
        <void method="add"> 
         <double>76.78351007913633</double> 
        </void> 
        <void method="add"> 
         <double>76.78678235329168</double> 
        </void> 
        <void method="add"> 
         <double>76.79251407584094</double> 
        </void> 
        <void method="add"> 
         <double>76.85117229319516</double> 
        </void> 
        <void method="add"> 
         <double>76.89218848232069</double> 
        </void> 
        <void method="add"> 
         <double>76.82507592710769</double> 
        </void> 
        <void method="add"> 
         <double>76.59157379876451</double> 
        </void> 
        <void method="add"> 
         <double>76.64021028724835</double> 
        </void> 
        <void method="add"> 
         <double>76.54196544058843</double> 
        </void> 
        <void method="add"> 
         <double>76.44934922373474</double> 
        </void> 
       </object> 
      </void> 
      <void property="stdev"> 
       <double>0.17494623949782073</double> 
      </void> 
     </object> 
    </void> 
    <void index="9"> 
     <object class="jmbench.tools.EvaluationMetrics"> 
      <void property="max"> 
       <double>5.751134199612966</double> 
      </void> 
      <void property="mean"> 
       <double>5.580737317247861</double> 
      </void> 
      <void property="median"> 
       <double>5.563241432869588</double> 
      </void> 
      <void property="min"> 
       <double>5.38769294087056</double> 
      </void> 
      <void property="rawResults"> 
       <object class="java.util.ArrayList"> 
        <void method="add"> 
         <double>5.412317119653735</double> 
        </void> 
        <void method="add"> 
         <double>5.4537271621566</double> 
        </void> 
        <void method="add"> 
         <double>5.4638830120577415</double> 
        </void> 
        <void method="add"> 
         <double>5.470989484175068</double> 
        </void> 
        <void method="add"> 
         <double>5.495047389039879</double> 
        </void> 
        <void method="add"> 
         <double>5.536085740041782</double> 
        </void> 
        <void method="add"> 
         <double>5.549248959243498</double> 
        </void> 
        <void method="add"> 
         <double>5.550591703115593</double> 
        </void> 
        <void method="add"> 
         <double>5.554033308163503</double> 
        </void> 
        <void method="add"> 
         <double>5.563241432869588</double> 
        </void> 
        <void method="add"> 
         <double>5.565365816849351</double> 
        </void> 
        <void method="add"> 
         <double>5.585979127097097</double> 
        </void> 
        <void method="add"> 
         <double>5.627140413190659</double> 
        </void> 
        <void method="add"> 
         <double>5.650115222899449</double> 
        </void> 
        <void method="add"> 
         <double>5.696980442381149</double> 
        </void> 
        <void method="add"> 
         <double>5.707462137303858</double> 
        </void> 
        <void method="add"> 
         <double>5.7187417905674485</double> 
        </void> 
        <void method="add"> 
         <double>5.727203138936928</double> 
        </void> 
        <void method="add"> 
         <double>5.7500866812789235</double> 
        </void> 
        <void method="add"> 
         <double>5.751134199612966</double> 
        </void> 
        <void method="add"> 
         <double>5.621026790232614</double> 
        </void> 
        <void method="add"> 
         <double>5.38769294087056</double> 
        </void> 
        <void method="add"> 
         <double>5.6304239393193924</double> 
        </void> 
        <void method="add"> 
         <double>5.551962450648806</double> 
        </void> 
        <void method="add"> 
         <double>5.497952529490303</double> 
        </void> 
       </object> 
      </void> 
      <void property="stdev"> 
       <double>0.10324836818097792</double> 
      </void> 
     </object> 
    </void> 
    <void index="10"> 
     <object class="jmbench.tools.EvaluationMetrics"> 
      <void property="max"> 
       <double>0.6127638151202106</double> 
      </void> 
      <void property="mean"> 
       <double>0.5742623148983054</double> 
      </void> 
      <void property="median"> 
       <double>0.5714519820202828</double> 
      </void> 
      <void property="min"> 
       <double>0.532914669174254</double> 
      </void> 
      <void property="rawResults"> 
       <object class="java.util.ArrayList"> 
        <void method="add"> 
         <double>0.532914669174254</double> 
        </void> 
        <void method="add"> 
         <double>0.5471200556499664</double> 
        </void> 
        <void method="add"> 
         <double>0.5526631084358797</double> 
        </void> 
        <void method="add"> 
         <double>0.5571656849890638</double> 
        </void> 
        <void method="add"> 
         <double>0.566729400692667</double> 
        </void> 
        <void method="add"> 
         <double>0.5677954311326552</double> 
        </void> 
        <void method="add"> 
         <double>0.5685146203416827</double> 
        </void> 
        <void method="add"> 
         <double>0.570400536260467</double> 
        </void> 
        <void method="add"> 
         <double>0.5708815400144267</double> 
        </void> 
        <void method="add"> 
         <double>0.5714519820202828</double> 
        </void> 
        <void method="add"> 
         <double>0.5716746097271194</double> 
        </void> 
        <void method="add"> 
         <double>0.5778162239615522</double> 
        </void> 
        <void method="add"> 
         <double>0.5782012509991755</double> 
        </void> 
        <void method="add"> 
         <double>0.5824327663982001</double> 
        </void> 
        <void method="add"> 
         <double>0.5847081507134222</double> 
        </void> 
        <void method="add"> 
         <double>0.5859553290069957</double> 
        </void> 
        <void method="add"> 
         <double>0.5962087257051893</double> 
        </void> 
        <void method="add"> 
         <double>0.6023516491449389</double> 
        </void> 
        <void method="add"> 
         <double>0.6027167966493797</double> 
        </void> 
        <void method="add"> 
         <double>0.6127638151202106</double> 
        </void> 
        <void method="add"> 
         <double>0.5990191698450185</double> 
        </void> 
        <void method="add"> 
         <double>0.5439555935802395</double> 
        </void> 
        <void method="add"> 
         <double>0.5694801155517865</double> 
        </void> 
        <void method="add"> 
         <double>0.5667301520994519</double> 
        </void> 
        <void method="add"> 
         <double>0.5769064952436092</double> 
        </void> 
       </object> 
      </void> 
      <void property="stdev"> 
       <double>0.01886701396834796</double> 
      </void> 
     </object> 
    </void> 
    <void index="11"> 
     <object class="jmbench.tools.EvaluationMetrics"> 
      <void property="max"> 
       <double>0.08176644176957854</double> 
      </void> 
      <void property="mean"> 
       <double>0.07535193119339113</double> 
      </void> 
      <void property="median"> 
       <double>0.07324766213863758</double> 
      </void> 
      <void property="min"> 
       <double>0.07141303441093237</double> 
      </void> 
      <void property="rawResults"> 
       <object class="java.util.ArrayList"> 
        <void method="add"> 
         <double>0.07861360117637965</double> 
        </void> 
        <void method="add"> 
         <double>0.08176644176957854</double> 
        </void> 
        <void method="add"> 
         <double>0.07324766213863758</double> 
        </void> 
        <void method="add"> 
         <double>0.07141303441093237</double> 
        </void> 
        <void method="add"> 
         <double>0.07171891647142754</double> 
        </void> 
       </object> 
      </void> 
      <void property="stdev"> 
       <double>0.0041213126330723795</double> 
      </void> 
     </object> 
    </void> 
   </array> 
  </void> 
  <void property="opName"> 
   <string>Mult c=a^t * b</string> 
  </void> 
 </object> 
</java> 
