<?xml version="1.0" encoding="UTF-8"?> 
<java version="1.6.0_16" class="java.beans.XMLDecoder"> 
 <object class="jmbench.tools.runtime.OperationResults"> 
  <void property="library"> 
   <object class="jmbench.impl.MatrixLibrary" method="valueOf"> 
    <string>MTJ</string> 
   </object> 
  </void> 
  <void property="matDimen"> 
   <array class="int" length="12"> 
    <void index="0"> 
     <int>2</int> 
    </void> 
    <void index="1"> 
     <int>3</int> 
    </void> 
    <void index="2"> 
     <int>4</int> 
    </void> 
    <void index="3"> 
     <int>5</int> 
    </void> 
    <void index="4"> 
     <int>10</int> 
    </void> 
    <void index="5"> 
     <int>20</int> 
    </void> 
    <void index="6"> 
     <int>50</int> 
    </void> 
    <void index="7"> 
     <int>100</int> 
    </void> 
    <void index="8"> 
     <int>200</int> 
    </void> 
    <void index="9"> 
     <int>500</int> 
    </void> 
    <void index="10"> 
     <int>1000</int> 
    </void> 
    <void index="11"> 
     <int>2000</int> 
    </void> 
   </array> 
  </void> 
  <void property="metrics"> 
   <array class="jmbench.tools.EvaluationMetrics" length="12"> 
    <void index="0"> 
     <object class="jmbench.tools.EvaluationMetrics"> 
      <void property="max"> 
       <double>7330395.560941736</double> 
      </void> 
      <void property="mean"> 
       <double>7250209.203630072</double> 
      </void> 
      <void property="median"> 
       <double>7241654.5490004765</double> 
      </void> 
      <void property="min"> 
       <double>7185235.773376371</double> 
      </void> 
      <void property="rawResults"> 
       <object class="java.util.ArrayList"> 
        <void method="add"> 
         <double>7185235.773376371</double> 
        </void> 
        <void method="add"> 
         <double>7193034.779152281</double> 
        </void> 
        <void method="add"> 
         <double>7197471.661213371</double> 
        </void> 
        <void method="add"> 
         <double>7204347.486014037</double> 
        </void> 
        <void method="add"> 
         <double>7213192.127633223</double> 
        </void> 
        <void method="add"> 
         <double>7215894.5479904385</double> 
        </void> 
        <void method="add"> 
         <double>7218111.165638884</double> 
        </void> 
        <void method="add"> 
         <double>7224106.966328517</double> 
        </void> 
        <void method="add"> 
         <double>7228326.407094852</double> 
        </void> 
        <void method="add"> 
         <double>7228980.979605005</double> 
        </void> 
        <void method="add"> 
         <double>7230479.965262558</double> 
        </void> 
        <void method="add"> 
         <double>7237035.774999975</double> 
        </void> 
        <void method="add"> 
         <double>7262038.861752417</double> 
        </void> 
        <void method="add"> 
         <double>7263207.926536289</double> 
        </void> 
        <void method="add"> 
         <double>7266683.445050745</double> 
        </void> 
        <void method="add"> 
         <double>7277499.517874318</double> 
        </void> 
        <void method="add"> 
         <double>7282032.89176317</double> 
        </void> 
        <void method="add"> 
         <double>7296995.659588377</double> 
        </void> 
        <void method="add"> 
         <double>7303116.273740463</double> 
        </void> 
        <void method="add"> 
         <double>7330395.560941736</double> 
        </void> 
        <void method="add"> 
         <double>7252445.504097755</double> 
        </void> 
        <void method="add"> 
         <double>7315501.17548771</double> 
        </void> 
        <void method="add"> 
         <double>7241654.5490004765</double> 
        </void> 
        <void method="add"> 
         <double>7287843.341561515</double> 
        </void> 
        <void method="add"> 
         <double>7299597.749047299</double> 
        </void> 
       </object> 
      </void> 
      <void property="stdev"> 
       <double>40039.59750625346</double> 
      </void> 
     </object> 
    </void> 
    <void index="1"> 
     <object class="jmbench.tools.EvaluationMetrics"> 
      <void property="max"> 
       <double>3721137.5855636005</double> 
      </void> 
      <void property="mean"> 
       <double>3695814.38135068</double> 
      </void> 
      <void property="median"> 
       <double>3696112.858974084</double> 
      </void> 
      <void property="min"> 
       <double>3662002.6606181306</double> 
      </void> 
      <void property="rawResults"> 
       <object class="java.util.ArrayList"> 
        <void method="add"> 
         <double>3662002.6606181306</double> 
        </void> 
        <void method="add"> 
         <double>3667963.710701775</double> 
        </void> 
        <void method="add"> 
         <double>3675829.7286903965</double> 
        </void> 
        <void method="add"> 
         <double>3677611.495095602</double> 
        </void> 
        <void method="add"> 
         <double>3680030.880362888</double> 
        </void> 
        <void method="add"> 
         <double>3686472.1601313474</double> 
        </void> 
        <void method="add"> 
         <double>3687631.611933251</double> 
        </void> 
        <void method="add"> 
         <double>3688119.348669144</double> 
        </void> 
        <void method="add"> 
         <double>3690551.9945878717</double> 
        </void> 
        <void method="add"> 
         <double>3692916.2814023523</double> 
        </void> 
        <void method="add"> 
         <double>3696112.858974084</double> 
        </void> 
        <void method="add"> 
         <double>3697217.6808020193</double> 
        </void> 
        <void method="add"> 
         <double>3699993.424747224</double> 
        </void> 
        <void method="add"> 
         <double>3705969.977148572</double> 
        </void> 
        <void method="add"> 
         <double>3707621.8190053436</double> 
        </void> 
        <void method="add"> 
         <double>3708476.775472758</double> 
        </void> 
        <void method="add"> 
         <double>3709228.477885873</double> 
        </void> 
        <void method="add"> 
         <double>3711308.0081731244</double> 
        </void> 
        <void method="add"> 
         <double>3715717.490254496</double> 
        </void> 
        <void method="add"> 
         <double>3720420.7271938366</double> 
        </void> 
        <void method="add"> 
         <double>3701265.5678491606</double> 
        </void> 
        <void method="add"> 
         <double>3691243.046054981</double> 
        </void> 
        <void method="add"> 
         <double>3709257.800078122</double> 
        </void> 
        <void method="add"> 
         <double>3691258.4223710666</double> 
        </void> 
        <void method="add"> 
         <double>3721137.5855636005</double> 
        </void> 
       </object> 
      </void> 
      <void property="stdev"> 
       <double>15343.597078122762</double> 
      </void> 
     </object> 
    </void> 
    <void index="2"> 
     <object class="jmbench.tools.EvaluationMetrics"> 
      <void property="max"> 
       <double>2135333.7502740473</double> 
      </void> 
      <void property="mean"> 
       <double>2062890.3617474388</double> 
      </void> 
      <void property="median"> 
       <double>2123772.6998972073</double> 
      </void> 
      <void property="min"> 
       <double>1812315.6440367831</double> 
      </void> 
      <void property="rawResults"> 
       <object class="java.util.ArrayList"> 
        <void method="add"> 
         <double>1812315.6440367831</double> 
        </void> 
        <void method="add"> 
         <double>1812904.1298243487</double> 
        </void> 
        <void method="add"> 
         <double>1826961.837446442</double> 
        </void> 
        <void method="add"> 
         <double>1829857.9968224377</double> 
        </void> 
        <void method="add"> 
         <double>1841734.355488457</double> 
        </void> 
        <void method="add"> 
         <double>2104976.300203117</double> 
        </void> 
        <void method="add"> 
         <double>2114444.63740026</double> 
        </void> 
        <void method="add"> 
         <double>2119598.236949631</double> 
        </void> 
        <void method="add"> 
         <double>2123103.442576526</double> 
        </void> 
        <void method="add"> 
         <double>2123772.6998972073</double> 
        </void> 
        <void method="add"> 
         <double>2123993.1249129246</double> 
        </void> 
        <void method="add"> 
         <double>2124777.4131001136</double> 
        </void> 
        <void method="add"> 
         <double>2126859.5943395854</double> 
        </void> 
        <void method="add"> 
         <double>2127157.023200865</double> 
        </void> 
        <void method="add"> 
         <double>2128527.6020492357</double> 
        </void> 
        <void method="add"> 
         <double>2128978.74403806</double> 
        </void> 
        <void method="add"> 
         <double>2130597.302108704</double> 
        </void> 
        <void method="add"> 
         <double>2132360.9738854603</double> 
        </void> 
        <void method="add"> 
         <double>2132602.3280527913</double> 
        </void> 
        <void method="add"> 
         <double>2135333.7502740473</double> 
        </void> 
        <void method="add"> 
         <double>2092381.8905503296</double> 
        </void> 
        <void method="add"> 
         <double>2107523.557796602</double> 
        </void> 
        <void method="add"> 
         <double>2113449.1616933825</double> 
        </void> 
        <void method="add"> 
         <double>2130383.22193962</double> 
        </void> 
        <void method="add"> 
         <double>2127664.0750990384</double> 
        </void> 
       </object> 
      </void> 
      <void property="stdev"> 
       <double>119546.34066717005</double> 
      </void> 
     </object> 
    </void> 
    <void index="3"> 
     <object class="jmbench.tools.EvaluationMetrics"> 
      <void property="max"> 
       <double>1416057.509239925</double> 
      </void> 
      <void property="mean"> 
       <double>1408478.7706619042</double> 
      </void> 
      <void property="median"> 
       <double>1410410.641005759</double> 
      </void> 
      <void property="min"> 
       <double>1394912.9573029643</double> 
      </void> 
      <void property="rawResults"> 
       <object class="java.util.ArrayList"> 
        <void method="add"> 
         <double>1395644.2626201082</double> 
        </void> 
        <void method="add"> 
         <double>1402691.4936876437</double> 
        </void> 
        <void method="add"> 
         <double>1404333.9630871823</double> 
        </void> 
        <void method="add"> 
         <double>1404517.6751885163</double> 
        </void> 
        <void method="add"> 
         <double>1405329.091218422</double> 
        </void> 
        <void method="add"> 
         <double>1407344.4727989722</double> 
        </void> 
        <void method="add"> 
         <double>1407749.6147654825</double> 
        </void> 
        <void method="add"> 
         <double>1409565.6303440505</double> 
        </void> 
        <void method="add"> 
         <double>1410410.641005759</double> 
        </void> 
        <void method="add"> 
         <double>1410525.758656274</double> 
        </void> 
        <void method="add"> 
         <double>1411456.3016358998</double> 
        </void> 
        <void method="add"> 
         <double>1411711.8832249225</double> 
        </void> 
        <void method="add"> 
         <double>1412904.0826889707</double> 
        </void> 
        <void method="add"> 
         <double>1413671.6876313766</double> 
        </void> 
        <void method="add"> 
         <double>1413770.1799987373</double> 
        </void> 
        <void method="add"> 
         <double>1414007.8746287103</double> 
        </void> 
        <void method="add"> 
         <double>1414331.7825222998</double> 
        </void> 
        <void method="add"> 
         <double>1415745.8286347457</double> 
        </void> 
        <void method="add"> 
         <double>1415978.0429198672</double> 
        </void> 
        <void method="add"> 
         <double>1416057.509239925</double> 
        </void> 
        <void method="add"> 
         <double>1414765.2688976447</double> 
        </void> 
        <void method="add"> 
         <double>1398829.1590827445</double> 
        </void> 
        <void method="add"> 
         <double>1402479.8359434854</double> 
        </void> 
        <void method="add"> 
         <double>1403234.2688229014</double> 
        </void> 
        <void method="add"> 
         <double>1394912.9573029643</double> 
        </void> 
       </object> 
      </void> 
      <void property="stdev"> 
       <double>6187.957031360835</double> 
      </void> 
     </object> 
    </void> 
    <void index="4"> 
     <object class="jmbench.tools.EvaluationMetrics"> 
      <void property="max"> 
       <double>239418.14832507257</double> 
      </void> 
      <void property="mean"> 
       <double>237665.5462262027</double> 
      </void> 
      <void property="median"> 
       <double>237642.39212929131</double> 
      </void> 
      <void property="min"> 
       <double>234313.48920035423</double> 
      </void> 
      <void property="rawResults"> 
       <object class="java.util.ArrayList"> 
        <void method="add"> 
         <double>236156.21476100787</double> 
        </void> 
        <void method="add"> 
         <double>236822.07376159122</double> 
        </void> 
        <void method="add"> 
         <double>237115.10461094184</double> 
        </void> 
        <void method="add"> 
         <double>237309.6286028887</double> 
        </void> 
        <void method="add"> 
         <double>237443.5655368699</double> 
        </void> 
        <void method="add"> 
         <double>237526.56826869934</double> 
        </void> 
        <void method="add"> 
         <double>237600.41282194896</double> 
        </void> 
        <void method="add"> 
         <double>237642.39212929131</double> 
        </void> 
        <void method="add"> 
         <double>237698.54846104648</double> 
        </void> 
        <void method="add"> 
         <double>237707.58524208318</double> 
        </void> 
        <void method="add"> 
         <double>237775.40165444795</double> 
        </void> 
        <void method="add"> 
         <double>238023.44704189742</double> 
        </void> 
        <void method="add"> 
         <double>238377.18187491797</double> 
        </void> 
        <void method="add"> 
         <double>238385.10663126028</double> 
        </void> 
        <void method="add"> 
         <double>238435.50815394588</double> 
        </void> 
        <void method="add"> 
         <double>238736.1093292447</double> 
        </void> 
        <void method="add"> 
         <double>238742.24784171005</double> 
        </void> 
        <void method="add"> 
         <double>239024.45976507067</double> 
        </void> 
        <void method="add"> 
         <double>239249.62778269494</double> 
        </void> 
        <void method="add"> 
         <double>239418.14832507257</double> 
        </void> 
        <void method="add"> 
         <double>236786.23538945487</double> 
        </void> 
        <void method="add"> 
         <double>237551.1395209036</double> 
        </void> 
        <void method="add"> 
         <double>236868.21589983575</double> 
        </void> 
        <void method="add"> 
         <double>236930.24304788825</double> 
        </void> 
        <void method="add"> 
         <double>234313.48920035423</double> 
        </void> 
       </object> 
      </void> 
      <void property="stdev"> 
       <double>1061.7823926570306</double> 
      </void> 
     </object> 
    </void> 
    <void index="5"> 
     <object class="jmbench.tools.EvaluationMetrics"> 
      <void property="max"> 
       <double>35279.91179300091</double> 
      </void> 
      <void property="mean"> 
       <double>33413.09649020133</double> 
      </void> 
      <void property="median"> 
       <double>33369.5984536661</double> 
      </void> 
      <void property="min"> 
       <double>32142.523396560813</double> 
      </void> 
      <void property="rawResults"> 
       <object class="java.util.ArrayList"> 
        <void method="add"> 
         <double>32142.523396560813</double> 
        </void> 
        <void method="add"> 
         <double>32500.508383872126</double> 
        </void> 
        <void method="add"> 
         <double>32696.400372330383</double> 
        </void> 
        <void method="add"> 
         <double>32742.46693650886</double> 
        </void> 
        <void method="add"> 
         <double>32815.22264871849</double> 
        </void> 
        <void method="add"> 
         <double>32858.832874320484</double> 
        </void> 
        <void method="add"> 
         <double>32880.95270296692</double> 
        </void> 
        <void method="add"> 
         <double>33272.1281063611</double> 
        </void> 
        <void method="add"> 
         <double>33369.5984536661</double> 
        </void> 
        <void method="add"> 
         <double>33371.9323124276</double> 
        </void> 
        <void method="add"> 
         <double>33385.877117111115</double> 
        </void> 
        <void method="add"> 
         <double>33480.42471929755</double> 
        </void> 
        <void method="add"> 
         <double>33586.28037814622</double> 
        </void> 
        <void method="add"> 
         <double>33750.49645309246</double> 
        </void> 
        <void method="add"> 
         <double>33848.36512830908</double> 
        </void> 
        <void method="add"> 
         <double>34012.31492239654</double> 
        </void> 
        <void method="add"> 
         <double>34045.772814514545</double> 
        </void> 
        <void method="add"> 
         <double>34358.360019341155</double> 
        </void> 
        <void method="add"> 
         <double>35095.247412664634</double> 
        </void> 
        <void method="add"> 
         <double>35279.91179300091</double> 
        </void> 
        <void method="add"> 
         <double>32962.586266459024</double> 
        </void> 
        <void method="add"> 
         <double>33303.774470993834</double> 
        </void> 
        <void method="add"> 
         <double>33572.479544166104</double> 
        </void> 
        <void method="add"> 
         <double>33335.278602851045</double> 
        </void> 
        <void method="add"> 
         <double>32659.676424956328</double> 
        </void> 
       </object> 
      </void> 
      <void property="stdev"> 
       <double>734.8996916882509</double> 
      </void> 
     </object> 
    </void> 
    <void index="6"> 
     <object class="jmbench.tools.EvaluationMetrics"> 
      <void property="max"> 
       <double>5060.962440425877</double> 
      </void> 
      <void property="mean"> 
       <double>4576.50635083379</double> 
      </void> 
      <void property="median"> 
       <double>4469.375289164374</double> 
      </void> 
      <void property="min"> 
       <double>4340.758798670817</double> 
      </void> 
      <void property="rawResults"> 
       <object class="java.util.ArrayList"> 
        <void method="add"> 
         <double>4340.758798670817</double> 
        </void> 
        <void method="add"> 
         <double>4390.753505441938</double> 
        </void> 
        <void method="add"> 
         <double>4407.729450222686</double> 
        </void> 
        <void method="add"> 
         <double>4411.0210636556</double> 
        </void> 
        <void method="add"> 
         <double>4442.258880742484</double> 
        </void> 
        <void method="add"> 
         <double>4444.314096163795</double> 
        </void> 
        <void method="add"> 
         <double>4445.693222119368</double> 
        </void> 
        <void method="add"> 
         <double>4454.206115057598</double> 
        </void> 
        <void method="add"> 
         <double>4455.48966639238</double> 
        </void> 
        <void method="add"> 
         <double>4469.375289164374</double> 
        </void> 
        <void method="add"> 
         <double>4481.674818850256</double> 
        </void> 
        <void method="add"> 
         <double>4495.56579651368</double> 
        </void> 
        <void method="add"> 
         <double>4549.761343514207</double> 
        </void> 
        <void method="add"> 
         <double>4549.787646493258</double> 
        </void> 
        <void method="add"> 
         <double>4550.30716763608</double> 
        </void> 
        <void method="add"> 
         <double>5006.4542982611</double> 
        </void> 
        <void method="add"> 
         <double>5035.11097208133</double> 
        </void> 
        <void method="add"> 
         <double>5040.099371508298</double> 
        </void> 
        <void method="add"> 
         <double>5060.009789117847</double> 
        </void> 
        <void method="add"> 
         <double>5060.962440425877</double> 
        </void> 
        <void method="add"> 
         <double>4475.652545661803</double> 
        </void> 
        <void method="add"> 
         <double>4429.606718276401</double> 
        </void> 
        <void method="add"> 
         <double>4412.3227803496075</double> 
        </void> 
        <void method="add"> 
         <double>4549.131651117351</double> 
        </void> 
        <void method="add"> 
         <double>4454.6113434066065</double> 
        </void> 
       </object> 
      </void> 
      <void property="stdev"> 
       <double>237.50207842360618</double> 
      </void> 
     </object> 
    </void> 
    <void index="7"> 
     <object class="jmbench.tools.EvaluationMetrics"> 
      <void property="max"> 
       <double>553.362724501198</double> 
      </void> 
      <void property="mean"> 
       <double>544.5862217151875</double> 
      </void> 
      <void property="median"> 
       <double>547.3463302058462</double> 
      </void> 
      <void property="min"> 
       <double>530.9783144965397</double> 
      </void> 
      <void property="rawResults"> 
       <object class="java.util.ArrayList"> 
        <void method="add"> 
         <double>530.9783144965397</double> 
        </void> 
        <void method="add"> 
         <double>532.6077231931167</double> 
        </void> 
        <void method="add"> 
         <double>532.9236849186265</double> 
        </void> 
        <void method="add"> 
         <double>533.6276250765231</double> 
        </void> 
        <void method="add"> 
         <double>541.6892216500962</double> 
        </void> 
        <void method="add"> 
         <double>542.7150572734404</double> 
        </void> 
        <void method="add"> 
         <double>543.1533104378382</double> 
        </void> 
        <void method="add"> 
         <double>545.4943939087415</double> 
        </void> 
        <void method="add"> 
         <double>546.5207045617151</double> 
        </void> 
        <void method="add"> 
         <double>547.3463302058462</double> 
        </void> 
        <void method="add"> 
         <double>547.5083874564275</double> 
        </void> 
        <void method="add"> 
         <double>547.7686802447631</double> 
        </void> 
        <void method="add"> 
         <double>547.8536321365166</double> 
        </void> 
        <void method="add"> 
         <double>548.0002927155404</double> 
        </void> 
        <void method="add"> 
         <double>548.198230965663</double> 
        </void> 
        <void method="add"> 
         <double>549.7465504913283</double> 
        </void> 
        <void method="add"> 
         <double>550.463639877128</double> 
        </void> 
        <void method="add"> 
         <double>550.6653975664804</double> 
        </void> 
        <void method="add"> 
         <double>552.7919040752474</double> 
        </void> 
        <void method="add"> 
         <double>553.362724501198</double> 
        </void> 
        <void method="add"> 
         <double>548.7487650534613</double> 
        </void> 
        <void method="add"> 
         <double>549.9823605262816</double> 
        </void> 
        <void method="add"> 
         <double>531.6482658417025</double> 
        </void> 
        <void method="add"> 
         <double>545.8601092176209</double> 
        </void> 
        <void method="add"> 
         <double>545.0002364878468</double> 
        </void> 
       </object> 
      </void> 
      <void property="stdev"> 
       <double>6.702425379823202</double> 
      </void> 
     </object> 
    </void> 
    <void index="8"> 
     <object class="jmbench.tools.EvaluationMetrics"> 
      <void property="max"> 
       <double>93.19958882592007</double> 
      </void> 
      <void property="mean"> 
       <double>91.54300623609693</double> 
      </void> 
      <void property="median"> 
       <double>91.9537548795032</double> 
      </void> 
      <void property="min"> 
       <double>85.3536139242774</double> 
      </void> 
      <void property="rawResults"> 
       <object class="java.util.ArrayList"> 
        <void method="add"> 
         <double>89.84602542663549</double> 
        </void> 
        <void method="add"> 
         <double>89.87410516525063</double> 
        </void> 
        <void method="add"> 
         <double>89.95731592102072</double> 
        </void> 
        <void method="add"> 
         <double>90.01483267316493</double> 
        </void> 
        <void method="add"> 
         <double>90.45148714439664</double> 
        </void> 
        <void method="add"> 
         <double>91.73237428516371</double> 
        </void> 
        <void method="add"> 
         <double>91.79373785808578</double> 
        </void> 
        <void method="add"> 
         <double>91.84328029858645</double> 
        </void> 
        <void method="add"> 
         <double>91.89853932575886</double> 
        </void> 
        <void method="add"> 
         <double>91.9616057932035</double> 
        </void> 
        <void method="add"> 
         <double>91.96499391394721</double> 
        </void> 
        <void method="add"> 
         <double>92.02598897409348</double> 
        </void> 
        <void method="add"> 
         <double>92.0497894856667</double> 
        </void> 
        <void method="add"> 
         <double>92.6918187970146</double> 
        </void> 
        <void method="add"> 
         <double>92.84862168786833</double> 
        </void> 
        <void method="add"> 
         <double>92.90241335472511</double> 
        </void> 
        <void method="add"> 
         <double>93.11717721559577</double> 
        </void> 
        <void method="add"> 
         <double>93.11943690095111</double> 
        </void> 
        <void method="add"> 
         <double>93.16271672573909</double> 
        </void> 
        <void method="add"> 
         <double>93.19958882592007</double> 
        </void> 
        <void method="add"> 
         <double>91.70803730591643</double> 
        </void> 
        <void method="add"> 
         <double>89.96311934542354</double> 
        </void> 
        <void method="add"> 
         <double>93.14078067451443</double> 
        </void> 
        <void method="add"> 
         <double>85.3536139242774</double> 
        </void> 
        <void method="add"> 
         <double>91.9537548795032</double> 
        </void> 
       </object> 
      </void> 
      <void property="stdev"> 
       <double>1.6925900942982954</double> 
      </void> 
     </object> 
    </void> 
    <void index="9"> 
     <object class="jmbench.tools.EvaluationMetrics"> 
      <void property="max"> 
       <double>5.060194750026504</double> 
      </void> 
      <void property="mean"> 
       <double>4.9838270457186065</double> 
      </void> 
      <void property="median"> 
       <double>5.001940049341325</double> 
      </void> 
      <void property="min"> 
       <double>4.823464259738621</double> 
      </void> 
      <void property="rawResults"> 
       <object class="java.util.ArrayList"> 
        <void method="add"> 
         <double>4.823464259738621</double> 
        </void> 
        <void method="add"> 
         <double>4.878035429741081</double> 
        </void> 
        <void method="add"> 
         <double>4.935778009264304</double> 
        </void> 
        <void method="add"> 
         <double>4.938011003134869</double> 
        </void> 
        <void method="add"> 
         <double>4.96154390425671</double> 
        </void> 
        <void method="add"> 
         <double>4.971421435876364</double> 
        </void> 
        <void method="add"> 
         <double>4.971821714128863</double> 
        </void> 
        <void method="add"> 
         <double>4.988141315980128</double> 
        </void> 
        <void method="add"> 
         <double>5.001940049341325</double> 
        </void> 
        <void method="add"> 
         <double>5.005729703384655</double> 
        </void> 
        <void method="add"> 
         <double>5.017525243530135</double> 
        </void> 
        <void method="add"> 
         <double>5.028715636762389</double> 
        </void> 
        <void method="add"> 
         <double>5.029529519887867</double> 
        </void> 
        <void method="add"> 
         <double>5.031966781368137</double> 
        </void> 
        <void method="add"> 
         <double>5.034321662562553</double> 
        </void> 
        <void method="add"> 
         <double>5.035379400209247</double> 
        </void> 
        <void method="add"> 
         <double>5.039403168969217</double> 
        </void> 
        <void method="add"> 
         <double>5.040356845248433</double> 
        </void> 
        <void method="add"> 
         <double>5.0551837970407245</double> 
        </void> 
        <void method="add"> 
         <double>5.060194750026504</double> 
        </void> 
        <void method="add"> 
         <double>4.916921642191817</double> 
        </void> 
        <void method="add"> 
         <double>4.863911717475688</double> 
        </void> 
        <void method="add"> 
         <double>4.954597384191112</double> 
        </void> 
        <void method="add"> 
         <double>5.019143642920101</double> 
        </void> 
        <void method="add"> 
         <double>4.992638125734291</double> 
        </void> 
       </object> 
      </void> 
      <void property="stdev"> 
       <double>0.06130069356139704</double> 
      </void> 
     </object> 
    </void> 
    <void index="10"> 
     <object class="jmbench.tools.EvaluationMetrics"> 
      <void property="max"> 
       <double>0.5816870774195712</double> 
      </void> 
      <void property="mean"> 
       <double>0.538257679246589</double> 
      </void> 
      <void property="median"> 
       <double>0.5357033987384728</double> 
      </void> 
      <void property="min"> 
       <double>0.5015185824698835</double> 
      </void> 
      <void property="rawResults"> 
       <object class="java.util.ArrayList"> 
        <void method="add"> 
         <double>0.5015185824698835</double> 
        </void> 
        <void method="add"> 
         <double>0.5160963872636672</double> 
        </void> 
        <void method="add"> 
         <double>0.5165792600783168</double> 
        </void> 
        <void method="add"> 
         <double>0.519470964048259</double> 
        </void> 
        <void method="add"> 
         <double>0.5202726081749961</double> 
        </void> 
        <void method="add"> 
         <double>0.5225941571872398</double> 
        </void> 
        <void method="add"> 
         <double>0.5251996081771432</double> 
        </void> 
        <void method="add"> 
         <double>0.5318007106298673</double> 
        </void> 
        <void method="add"> 
         <double>0.535369091292017</double> 
        </void> 
        <void method="add"> 
         <double>0.5357033987384728</double> 
        </void> 
        <void method="add"> 
         <double>0.5362747797643828</double> 
        </void> 
        <void method="add"> 
         <double>0.5373852528188491</double> 
        </void> 
        <void method="add"> 
         <double>0.5381820781648594</double> 
        </void> 
        <void method="add"> 
         <double>0.5429676017582037</double> 
        </void> 
        <void method="add"> 
         <double>0.5431099996736696</double> 
        </void> 
        <void method="add"> 
         <double>0.5459935121791302</double> 
        </void> 
        <void method="add"> 
         <double>0.5573208781063934</double> 
        </void> 
        <void method="add"> 
         <double>0.5749430881372817</double> 
        </void> 
        <void method="add"> 
         <double>0.58131603992368</double> 
        </void> 
        <void method="add"> 
         <double>0.5816870774195712</double> 
        </void> 
        <void method="add"> 
         <double>0.5759556735298361</double> 
        </void> 
        <void method="add"> 
         <double>0.5349734396400062</double> 
        </void> 
        <void method="add"> 
         <double>0.5299962913960007</double> 
        </void> 
        <void method="add"> 
         <double>0.5156527155277523</double> 
        </void> 
        <void method="add"> 
         <double>0.5360787850652433</double> 
        </void> 
       </object> 
      </void> 
      <void property="stdev"> 
       <double>0.021009710925094648</double> 
      </void> 
     </object> 
    </void> 
    <void index="11"> 
     <object class="jmbench.tools.EvaluationMetrics"> 
      <void property="max"> 
       <double>0.07689017963715805</double> 
      </void> 
      <void property="mean"> 
       <double>0.07082560576598819</double> 
      </void> 
      <void property="median"> 
       <double>0.06809513673287083</double> 
      </void> 
      <void property="min"> 
       <double>0.06602953439969968</double> 
      </void> 
      <void property="rawResults"> 
       <object class="java.util.ArrayList"> 
        <void method="add"> 
         <double>0.07610482237282291</double> 
        </void> 
        <void method="add"> 
         <double>0.07689017963715805</double> 
        </void> 
        <void method="add"> 
         <double>0.06809513673287083</double> 
        </void> 
        <void method="add"> 
         <double>0.06602953439969968</double> 
        </void> 
        <void method="add"> 
         <double>0.06700835568738947</double> 
        </void> 
       </object> 
      </void> 
      <void property="stdev"> 
       <double>0.0046835530118631745</double> 
      </void> 
     </object> 
    </void> 
   </array> 
  </void> 
  <void property="opName"> 
   <string>Mult c=a*b</string> 
  </void> 
 </object> 
</java> 
