<?xml version="1.0" encoding="UTF-8"?> 
<java version="1.6.0_16" class="java.beans.XMLDecoder"> 
 <object class="jmbench.tools.runtime.OperationResults"> 
  <void property="library"> 
   <object class="jmbench.impl.MatrixLibrary" method="valueOf"> 
    <string>MTJ</string> 
   </object> 
  </void> 
  <void property="matDimen"> 
   <array class="int" length="12"> 
    <void index="0"> 
     <int>2</int> 
    </void> 
    <void index="1"> 
     <int>3</int> 
    </void> 
    <void index="2"> 
     <int>4</int> 
    </void> 
    <void index="3"> 
     <int>5</int> 
    </void> 
    <void index="4"> 
     <int>10</int> 
    </void> 
    <void index="5"> 
     <int>20</int> 
    </void> 
    <void index="6"> 
     <int>50</int> 
    </void> 
    <void index="7"> 
     <int>100</int> 
    </void> 
    <void index="8"> 
     <int>200</int> 
    </void> 
    <void index="9"> 
     <int>500</int> 
    </void> 
    <void index="10"> 
     <int>1000</int> 
    </void> 
    <void index="11"> 
     <int>2000</int> 
    </void> 
   </array> 
  </void> 
  <void property="metrics"> 
   <array class="jmbench.tools.EvaluationMetrics" length="12"> 
    <void index="0"> 
     <object class="jmbench.tools.EvaluationMetrics"> 
      <void property="max"> 
       <double>946128.2275719087</double> 
      </void> 
      <void property="mean"> 
       <double>891924.6634808923</double> 
      </void> 
      <void property="median"> 
       <double>881342.5628939086</double> 
      </void> 
      <void property="min"> 
       <double>830908.6129450751</double> 
      </void> 
      <void property="rawResults"> 
       <object class="java.util.ArrayList"> 
        <void method="add"> 
         <double>830908.6129450751</double> 
        </void> 
        <void method="add"> 
         <double>836390.0604492109</double> 
        </void> 
        <void method="add"> 
         <double>836682.3326324341</double> 
        </void> 
        <void method="add"> 
         <double>841833.3719993359</double> 
        </void> 
        <void method="add"> 
         <double>847696.1712265587</double> 
        </void> 
        <void method="add"> 
         <double>880513.5135064031</double> 
        </void> 
        <void method="add"> 
         <double>881266.3736257899</double> 
        </void> 
        <void method="add"> 
         <double>881342.5628939086</double> 
        </void> 
        <void method="add"> 
         <double>884313.6102978225</double> 
        </void> 
        <void method="add"> 
         <double>889907.0582336485</double> 
        </void> 
        <void method="add"> 
         <double>896620.8571280459</double> 
        </void> 
        <void method="add"> 
         <double>935226.4721744303</double> 
        </void> 
        <void method="add"> 
         <double>938358.1630305105</double> 
        </void> 
        <void method="add"> 
         <double>940181.4471592044</double> 
        </void> 
        <void method="add"> 
         <double>941246.0141892023</double> 
        </void> 
        <void method="add"> 
         <double>942194.6141163819</double> 
        </void> 
        <void method="add"> 
         <double>944248.0769904639</double> 
        </void> 
        <void method="add"> 
         <double>944348.4160434977</double> 
        </void> 
        <void method="add"> 
         <double>944607.9729577481</double> 
        </void> 
        <void method="add"> 
         <double>946128.2275719087</double> 
        </void> 
        <void method="add"> 
         <double>859007.2308486581</double> 
        </void> 
        <void method="add"> 
         <double>866896.7534986</double> 
        </void> 
        <void method="add"> 
         <double>865555.057864205</double> 
        </void> 
        <void method="add"> 
         <double>864025.7169257168</double> 
        </void> 
        <void method="add"> 
         <double>858617.8987135421</double> 
        </void> 
       </object> 
      </void> 
      <void property="stdev"> 
       <double>40780.365775099715</double> 
      </void> 
     </object> 
    </void> 
    <void index="1"> 
     <object class="jmbench.tools.EvaluationMetrics"> 
      <void property="max"> 
       <double>554420.7500860172</double> 
      </void> 
      <void property="mean"> 
       <double>543415.949087375</double> 
      </void> 
      <void property="median"> 
       <double>546610.0753111512</double> 
      </void> 
      <void property="min"> 
       <double>521884.6877833783</double> 
      </void> 
      <void property="rawResults"> 
       <object class="java.util.ArrayList"> 
        <void method="add"> 
         <double>521884.6877833783</double> 
        </void> 
        <void method="add"> 
         <double>523746.4356768794</double> 
        </void> 
        <void method="add"> 
         <double>524275.14908415196</double> 
        </void> 
        <void method="add"> 
         <double>524843.8515294434</double> 
        </void> 
        <void method="add"> 
         <double>528574.1116520811</double> 
        </void> 
        <void method="add"> 
         <double>542356.1194534997</double> 
        </void> 
        <void method="add"> 
         <double>543471.7750900346</double> 
        </void> 
        <void method="add"> 
         <double>544997.2327045685</double> 
        </void> 
        <void method="add"> 
         <double>547126.6651601902</double> 
        </void> 
        <void method="add"> 
         <double>548091.930059453</double> 
        </void> 
        <void method="add"> 
         <double>548692.3900935518</double> 
        </void> 
        <void method="add"> 
         <double>549130.6986505123</double> 
        </void> 
        <void method="add"> 
         <double>549189.7305354428</double> 
        </void> 
        <void method="add"> 
         <double>550088.9090187169</double> 
        </void> 
        <void method="add"> 
         <double>550134.9657625668</double> 
        </void> 
        <void method="add"> 
         <double>551988.7275288441</double> 
        </void> 
        <void method="add"> 
         <double>552456.2929891283</double> 
        </void> 
        <void method="add"> 
         <double>553549.261372007</double> 
        </void> 
        <void method="add"> 
         <double>553665.2363220195</double> 
        </void> 
        <void method="add"> 
         <double>554420.7500860172</double> 
        </void> 
        <void method="add"> 
         <double>542938.5259328536</double> 
        </void> 
        <void method="add"> 
         <double>543854.4232473151</double> 
        </void> 
        <void method="add"> 
         <double>546481.2142261103</double> 
        </void> 
        <void method="add"> 
         <double>546610.0753111512</double> 
        </void> 
        <void method="add"> 
         <double>542829.5679144586</double> 
        </void> 
       </object> 
      </void> 
      <void property="stdev"> 
       <double>10018.4803613492</double> 
      </void> 
     </object> 
    </void> 
    <void index="2"> 
     <object class="jmbench.tools.EvaluationMetrics"> 
      <void property="max"> 
       <double>370784.77641728823</double> 
      </void> 
      <void property="mean"> 
       <double>364000.6968157368</double> 
      </void> 
      <void property="median"> 
       <double>363452.3090176128</double> 
      </void> 
      <void property="min"> 
       <double>354298.36746171146</double> 
      </void> 
      <void property="rawResults"> 
       <object class="java.util.ArrayList"> 
        <void method="add"> 
         <double>354298.36746171146</double> 
        </void> 
        <void method="add"> 
         <double>359808.0831237167</double> 
        </void> 
        <void method="add"> 
         <double>360288.29343408206</double> 
        </void> 
        <void method="add"> 
         <double>361822.0826849028</double> 
        </void> 
        <void method="add"> 
         <double>361917.6853128628</double> 
        </void> 
        <void method="add"> 
         <double>363137.28091558954</double> 
        </void> 
        <void method="add"> 
         <double>363144.4785937873</double> 
        </void> 
        <void method="add"> 
         <double>363450.89906039</double> 
        </void> 
        <void method="add"> 
         <double>363452.3090176128</double> 
        </void> 
        <void method="add"> 
         <double>364419.42018377833</double> 
        </void> 
        <void method="add"> 
         <double>364516.0468964666</double> 
        </void> 
        <void method="add"> 
         <double>365054.92168017564</double> 
        </void> 
        <void method="add"> 
         <double>366051.12300852034</double> 
        </void> 
        <void method="add"> 
         <double>367024.29389503</double> 
        </void> 
        <void method="add"> 
         <double>367330.63565281313</double> 
        </void> 
        <void method="add"> 
         <double>367835.99830230564</double> 
        </void> 
        <void method="add"> 
         <double>368309.9882107521</double> 
        </void> 
        <void method="add"> 
         <double>368451.5337481308</double> 
        </void> 
        <void method="add"> 
         <double>369816.03797240375</double> 
        </void> 
        <void method="add"> 
         <double>370784.77641728823</double> 
        </void> 
        <void method="add"> 
         <double>359826.44739527086</double> 
        </void> 
        <void method="add"> 
         <double>364185.9569108939</double> 
        </void> 
        <void method="add"> 
         <double>361283.31329588837</double> 
        </void> 
        <void method="add"> 
         <double>360615.5807412436</double> 
        </void> 
        <void method="add"> 
         <double>363191.8664778043</double> 
        </void> 
       </object> 
      </void> 
      <void property="stdev"> 
       <double>3647.1177982282734</double> 
      </void> 
     </object> 
    </void> 
    <void index="3"> 
     <object class="jmbench.tools.EvaluationMetrics"> 
      <void property="max"> 
       <double>253785.02045254584</double> 
      </void> 
      <void property="mean"> 
       <double>248306.54941812385</double> 
      </void> 
      <void property="median"> 
       <double>249546.64014731278</double> 
      </void> 
      <void property="min"> 
       <double>236034.60072918845</double> 
      </void> 
      <void property="rawResults"> 
       <object class="java.util.ArrayList"> 
        <void method="add"> 
         <double>236034.60072918845</double> 
        </void> 
        <void method="add"> 
         <double>243339.29129549663</double> 
        </void> 
        <void method="add"> 
         <double>245689.944632289</double> 
        </void> 
        <void method="add"> 
         <double>246818.8534593164</double> 
        </void> 
        <void method="add"> 
         <double>247569.30486498584</double> 
        </void> 
        <void method="add"> 
         <double>247805.97144548487</double> 
        </void> 
        <void method="add"> 
         <double>248782.17066709575</double> 
        </void> 
        <void method="add"> 
         <double>249025.21090381575</double> 
        </void> 
        <void method="add"> 
         <double>249041.04293285182</double> 
        </void> 
        <void method="add"> 
         <double>249114.12331469514</double> 
        </void> 
        <void method="add"> 
         <double>249546.64014731278</double> 
        </void> 
        <void method="add"> 
         <double>249579.36597417697</double> 
        </void> 
        <void method="add"> 
         <double>249702.42357528472</double> 
        </void> 
        <void method="add"> 
         <double>249879.77577569013</double> 
        </void> 
        <void method="add"> 
         <double>250094.27910009393</double> 
        </void> 
        <void method="add"> 
         <double>250221.9919194471</double> 
        </void> 
        <void method="add"> 
         <double>250331.81518756173</double> 
        </void> 
        <void method="add"> 
         <double>250492.63565620594</double> 
        </void> 
        <void method="add"> 
         <double>250524.4074201032</double> 
        </void> 
        <void method="add"> 
         <double>250798.12772151863</double> 
        </void> 
        <void method="add"> 
         <double>244882.91861606188</double> 
        </void> 
        <void method="add"> 
         <double>243332.0256770941</double> 
        </void> 
        <void method="add"> 
         <double>253785.02045254584</double> 
        </void> 
        <void method="add"> 
         <double>250307.77495924965</double> 
        </void> 
        <void method="add"> 
         <double>250964.01902553134</double> 
        </void> 
       </object> 
      </void> 
      <void property="stdev"> 
       <double>3458.6953647515234</double> 
      </void> 
     </object> 
    </void> 
    <void index="4"> 
     <object class="jmbench.tools.EvaluationMetrics"> 
      <void property="max"> 
       <double>77813.22740721842</double> 
      </void> 
      <void property="mean"> 
       <double>75910.1142711542</double> 
      </void> 
      <void property="median"> 
       <double>75967.7693066108</double> 
      </void> 
      <void property="min"> 
       <double>72511.31312236613</double> 
      </void> 
      <void property="rawResults"> 
       <object class="java.util.ArrayList"> 
        <void method="add"> 
         <double>73827.17918007588</double> 
        </void> 
        <void method="add"> 
         <double>73827.37758867397</double> 
        </void> 
        <void method="add"> 
         <double>73919.07374015864</double> 
        </void> 
        <void method="add"> 
         <double>75124.46677785504</double> 
        </void> 
        <void method="add"> 
         <double>75341.45942443021</double> 
        </void> 
        <void method="add"> 
         <double>75588.53806610322</double> 
        </void> 
        <void method="add"> 
         <double>75832.54914823617</double> 
        </void> 
        <void method="add"> 
         <double>75934.21763741026</double> 
        </void> 
        <void method="add"> 
         <double>75965.48801272278</double> 
        </void> 
        <void method="add"> 
         <double>75967.7693066108</double> 
        </void> 
        <void method="add"> 
         <double>76042.11042250345</double> 
        </void> 
        <void method="add"> 
         <double>76186.59040430708</double> 
        </void> 
        <void method="add"> 
         <double>76453.2939860417</double> 
        </void> 
        <void method="add"> 
         <double>76808.55128513431</double> 
        </void> 
        <void method="add"> 
         <double>76983.25591499069</double> 
        </void> 
        <void method="add"> 
         <double>77009.97459453395</double> 
        </void> 
        <void method="add"> 
         <double>77011.2594152111</double> 
        </void> 
        <void method="add"> 
         <double>77276.4899119945</double> 
        </void> 
        <void method="add"> 
         <double>77643.67948670083</double> 
        </void> 
        <void method="add"> 
         <double>77813.22740721842</double> 
        </void> 
        <void method="add"> 
         <double>72511.31312236613</double> 
        </void> 
        <void method="add"> 
         <double>77068.5892737474</double> 
        </void> 
        <void method="add"> 
         <double>75985.30504027536</double> 
        </void> 
        <void method="add"> 
         <double>75950.92121146414</double> 
        </void> 
        <void method="add"> 
         <double>75680.17642008922</double> 
        </void> 
       </object> 
      </void> 
      <void property="stdev"> 
       <double>1263.5786986553035</double> 
      </void> 
     </object> 
    </void> 
    <void index="5"> 
     <object class="jmbench.tools.EvaluationMetrics"> 
      <void property="max"> 
       <double>19495.26181348549</double> 
      </void> 
      <void property="mean"> 
       <double>18992.47730374215</double> 
      </void> 
      <void property="median"> 
       <double>18973.49970855777</double> 
      </void> 
      <void property="min"> 
       <double>18408.61275453507</double> 
      </void> 
      <void property="rawResults"> 
       <object class="java.util.ArrayList"> 
        <void method="add"> 
         <double>18408.61275453507</double> 
        </void> 
        <void method="add"> 
         <double>18426.620356177173</double> 
        </void> 
        <void method="add"> 
         <double>18633.56754896015</double> 
        </void> 
        <void method="add"> 
         <double>18757.756754176768</double> 
        </void> 
        <void method="add"> 
         <double>18821.272306819723</double> 
        </void> 
        <void method="add"> 
         <double>18831.939051570993</double> 
        </void> 
        <void method="add"> 
         <double>18859.042065476027</double> 
        </void> 
        <void method="add"> 
         <double>18879.499237907523</double> 
        </void> 
        <void method="add"> 
         <double>18930.98647459527</double> 
        </void> 
        <void method="add"> 
         <double>18956.33878640508</double> 
        </void> 
        <void method="add"> 
         <double>18968.035470683197</double> 
        </void> 
        <void method="add"> 
         <double>18973.49970855777</double> 
        </void> 
        <void method="add"> 
         <double>18975.345503374072</double> 
        </void> 
        <void method="add"> 
         <double>19063.452251487965</double> 
        </void> 
        <void method="add"> 
         <double>19090.659400354652</double> 
        </void> 
        <void method="add"> 
         <double>19100.1015428673</double> 
        </void> 
        <void method="add"> 
         <double>19120.070557438434</double> 
        </void> 
        <void method="add"> 
         <double>19317.09084500655</double> 
        </void> 
        <void method="add"> 
         <double>19445.428533937993</double> 
        </void> 
        <void method="add"> 
         <double>19453.573181234548</double> 
        </void> 
        <void method="add"> 
         <double>19050.728059014044</double> 
        </void> 
        <void method="add"> 
         <double>18780.128664139163</double> 
        </void> 
        <void method="add"> 
         <double>19495.26181348549</double> 
        </void> 
        <void method="add"> 
         <double>19436.455017889562</double> 
        </void> 
        <void method="add"> 
         <double>19036.466707459313</double> 
        </void> 
       </object> 
      </void> 
      <void property="stdev"> 
       <double>283.05544997490404</double> 
      </void> 
     </object> 
    </void> 
    <void index="6"> 
     <object class="jmbench.tools.EvaluationMetrics"> 
      <void property="max"> 
       <double>1964.7934058710368</double> 
      </void> 
      <void property="mean"> 
       <double>1936.7474525471605</double> 
      </void> 
      <void property="median"> 
       <double>1938.2894367102278</double> 
      </void> 
      <void property="min"> 
       <double>1907.9624974755723</double> 
      </void> 
      <void property="rawResults"> 
       <object class="java.util.ArrayList"> 
        <void method="add"> 
         <double>1907.9624974755723</double> 
        </void> 
        <void method="add"> 
         <double>1908.101688740872</double> 
        </void> 
        <void method="add"> 
         <double>1911.322044017426</double> 
        </void> 
        <void method="add"> 
         <double>1922.2119223321224</double> 
        </void> 
        <void method="add"> 
         <double>1923.3330739582902</double> 
        </void> 
        <void method="add"> 
         <double>1923.785079091125</double> 
        </void> 
        <void method="add"> 
         <double>1925.406138997505</double> 
        </void> 
        <void method="add"> 
         <double>1925.7258350833363</double> 
        </void> 
        <void method="add"> 
         <double>1931.8261492456725</double> 
        </void> 
        <void method="add"> 
         <double>1932.6621205875913</double> 
        </void> 
        <void method="add"> 
         <double>1932.9051380436533</double> 
        </void> 
        <void method="add"> 
         <double>1938.2894367102278</double> 
        </void> 
        <void method="add"> 
         <double>1943.0493506839666</double> 
        </void> 
        <void method="add"> 
         <double>1946.4457847690921</double> 
        </void> 
        <void method="add"> 
         <double>1947.2609676599961</double> 
        </void> 
        <void method="add"> 
         <double>1948.9761492395226</double> 
        </void> 
        <void method="add"> 
         <double>1954.3345382172695</double> 
        </void> 
        <void method="add"> 
         <double>1955.8871209466497</double> 
        </void> 
        <void method="add"> 
         <double>1962.0340043546855</double> 
        </void> 
        <void method="add"> 
         <double>1964.7934058710368</double> 
        </void> 
        <void method="add"> 
         <double>1921.9772324675394</double> 
        </void> 
        <void method="add"> 
         <double>1939.3051712001554</double> 
        </void> 
        <void method="add"> 
         <double>1940.6024750615413</double> 
        </void> 
        <void method="add"> 
         <double>1950.4495324858567</double> 
        </void> 
        <void method="add"> 
         <double>1960.039456438294</double> 
        </void> 
       </object> 
      </void> 
      <void property="stdev"> 
       <double>16.282872088994484</double> 
      </void> 
     </object> 
    </void> 
    <void index="7"> 
     <object class="jmbench.tools.EvaluationMetrics"> 
      <void property="max"> 
       <double>295.74333112812644</double> 
      </void> 
      <void property="mean"> 
       <double>293.4600570583119</double> 
      </void> 
      <void property="median"> 
       <double>293.7279607649939</double> 
      </void> 
      <void property="min"> 
       <double>288.32647495013265</double> 
      </void> 
      <void property="rawResults"> 
       <object class="java.util.ArrayList"> 
        <void method="add"> 
         <double>288.32647495013265</double> 
        </void> 
        <void method="add"> 
         <double>290.65629851835985</double> 
        </void> 
        <void method="add"> 
         <double>291.2937567592697</double> 
        </void> 
        <void method="add"> 
         <double>291.7728550019698</double> 
        </void> 
        <void method="add"> 
         <double>292.17180880784196</double> 
        </void> 
        <void method="add"> 
         <double>292.5207490719129</double> 
        </void> 
        <void method="add"> 
         <double>292.7247106499384</double> 
        </void> 
        <void method="add"> 
         <double>293.12338449875546</double> 
        </void> 
        <void method="add"> 
         <double>293.48428661830184</double> 
        </void> 
        <void method="add"> 
         <double>293.5317859805235</double> 
        </void> 
        <void method="add"> 
         <double>293.7279607649939</double> 
        </void> 
        <void method="add"> 
         <double>293.84889382058657</double> 
        </void> 
        <void method="add"> 
         <double>294.21242450337684</double> 
        </void> 
        <void method="add"> 
         <double>294.5225103518178</double> 
        </void> 
        <void method="add"> 
         <double>294.7368613785397</double> 
        </void> 
        <void method="add"> 
         <double>294.8010675620017</double> 
        </void> 
        <void method="add"> 
         <double>294.9233393262266</double> 
        </void> 
        <void method="add"> 
         <double>295.0473088857809</double> 
        </void> 
        <void method="add"> 
         <double>295.58696190813805</double> 
        </void> 
        <void method="add"> 
         <double>295.74333112812644</double> 
        </void> 
        <void method="add"> 
         <double>293.499307479601</double> 
        </void> 
        <void method="add"> 
         <double>293.6594815043597</double> 
        </void> 
        <void method="add"> 
         <double>294.0605703085534</double> 
        </void> 
        <void method="add"> 
         <double>294.17440698277477</double> 
        </void> 
        <void method="add"> 
         <double>294.3508896959153</double> 
        </void> 
       </object> 
      </void> 
      <void property="stdev"> 
       <double>1.6297942824351215</double> 
      </void> 
     </object> 
    </void> 
    <void index="8"> 
     <object class="jmbench.tools.EvaluationMetrics"> 
      <void property="max"> 
       <double>43.49307933989701</double> 
      </void> 
      <void property="mean"> 
       <double>43.26397224179346</double> 
      </void> 
      <void property="median"> 
       <double>43.27797160387003</double> 
      </void> 
      <void property="min"> 
       <double>42.72122525551922</double> 
      </void> 
      <void property="rawResults"> 
       <object class="java.util.ArrayList"> 
        <void method="add"> 
         <double>43.12538552746993</double> 
        </void> 
        <void method="add"> 
         <double>43.137054854756684</double> 
        </void> 
        <void method="add"> 
         <double>43.169689760121294</double> 
        </void> 
        <void method="add"> 
         <double>43.17034656122147</double> 
        </void> 
        <void method="add"> 
         <double>43.17922027751137</double> 
        </void> 
        <void method="add"> 
         <double>43.2050939172477</double> 
        </void> 
        <void method="add"> 
         <double>43.218345450937356</double> 
        </void> 
        <void method="add"> 
         <double>43.227332188883004</double> 
        </void> 
        <void method="add"> 
         <double>43.24937697958345</double> 
        </void> 
        <void method="add"> 
         <double>43.274246495482636</double> 
        </void> 
        <void method="add"> 
         <double>43.27797160387003</double> 
        </void> 
        <void method="add"> 
         <double>43.29574409819452</double> 
        </void> 
        <void method="add"> 
         <double>43.30887219359258</double> 
        </void> 
        <void method="add"> 
         <double>43.33341308696849</double> 
        </void> 
        <void method="add"> 
         <double>43.34011076802348</double> 
        </void> 
        <void method="add"> 
         <double>43.34998624499934</double> 
        </void> 
        <void method="add"> 
         <double>43.374077271564225</double> 
        </void> 
        <void method="add"> 
         <double>43.37684697642617</double> 
        </void> 
        <void method="add"> 
         <double>43.42238873577626</double> 
        </void> 
        <void method="add"> 
         <double>43.49307933989701</double> 
        </void> 
        <void method="add"> 
         <double>43.37974931942274</double> 
        </void> 
        <void method="add"> 
         <double>43.19906186305529</double> 
        </void> 
        <void method="add"> 
         <double>42.72122525551922</double> 
        </void> 
        <void method="add"> 
         <double>43.37031914702253</double> 
        </void> 
        <void method="add"> 
         <double>43.400368127289525</double> 
        </void> 
       </object> 
      </void> 
      <void property="stdev"> 
       <double>0.14603503603238321</double> 
      </void> 
     </object> 
    </void> 
    <void index="9"> 
     <object class="jmbench.tools.EvaluationMetrics"> 
      <void property="max"> 
       <double>3.2923714411080454</double> 
      </void> 
      <void property="mean"> 
       <double>3.2127526728761224</double> 
      </void> 
      <void property="median"> 
       <double>3.2398091376729643</double> 
      </void> 
      <void property="min"> 
       <double>3.045964453426285</double> 
      </void> 
      <void property="rawResults"> 
       <object class="java.util.ArrayList"> 
        <void method="add"> 
         <double>3.045964453426285</double> 
        </void> 
        <void method="add"> 
         <double>3.061956078275033</double> 
        </void> 
        <void method="add"> 
         <double>3.0681392632645625</double> 
        </void> 
        <void method="add"> 
         <double>3.072697152093874</double> 
        </void> 
        <void method="add"> 
         <double>3.0767804582084715</double> 
        </void> 
        <void method="add"> 
         <double>3.1746400578737135</double> 
        </void> 
        <void method="add"> 
         <double>3.215749436948723</double> 
        </void> 
        <void method="add"> 
         <double>3.224754888170689</double> 
        </void> 
        <void method="add"> 
         <double>3.2280616983900052</double> 
        </void> 
        <void method="add"> 
         <double>3.2339795692512814</double> 
        </void> 
        <void method="add"> 
         <double>3.2358872969033845</double> 
        </void> 
        <void method="add"> 
         <double>3.2396791674706686</double> 
        </void> 
        <void method="add"> 
         <double>3.2398091376729643</double> 
        </void> 
        <void method="add"> 
         <double>3.245398009638747</double> 
        </void> 
        <void method="add"> 
         <double>3.2454407483660264</double> 
        </void> 
        <void method="add"> 
         <double>3.255159561040275</double> 
        </void> 
        <void method="add"> 
         <double>3.26314893646559</double> 
        </void> 
        <void method="add"> 
         <double>3.269708187434608</double> 
        </void> 
        <void method="add"> 
         <double>3.2747891129388367</double> 
        </void> 
        <void method="add"> 
         <double>3.282870364335208</double> 
        </void> 
        <void method="add"> 
         <double>3.2619684752399816</double> 
        </void> 
        <void method="add"> 
         <double>3.283896232751416</double> 
        </void> 
        <void method="add"> 
         <double>3.2923714411080454</double> 
        </void> 
        <void method="add"> 
         <double>3.252931486718642</double> 
        </void> 
        <void method="add"> 
         <double>3.2730356079160314</double> 
        </void> 
       </object> 
      </void> 
      <void property="stdev"> 
       <double>0.07782293264539983</double> 
      </void> 
     </object> 
    </void> 
    <void index="10"> 
     <object class="jmbench.tools.EvaluationMetrics"> 
      <void property="max"> 
       <double>0.3933465706071178</double> 
      </void> 
      <void property="mean"> 
       <double>0.38111310224975026</double> 
      </void> 
      <void property="median"> 
       <double>0.39012652269332143</double> 
      </void> 
      <void property="min"> 
       <double>0.34253270977148864</double> 
      </void> 
      <void property="rawResults"> 
       <object class="java.util.ArrayList"> 
        <void method="add"> 
         <double>0.34253270977148864</double> 
        </void> 
        <void method="add"> 
         <double>0.3449954530237533</double> 
        </void> 
        <void method="add"> 
         <double>0.3454493710123833</double> 
        </void> 
        <void method="add"> 
         <double>0.34582677025738345</double> 
        </void> 
        <void method="add"> 
         <double>0.3792662278868167</double> 
        </void> 
        <void method="add"> 
         <double>0.3867193003287556</double> 
        </void> 
        <void method="add"> 
         <double>0.387388789312516</double> 
        </void> 
        <void method="add"> 
         <double>0.3889283449888634</double> 
        </void> 
        <void method="add"> 
         <double>0.3898469851889121</double> 
        </void> 
        <void method="add"> 
         <double>0.3904670460893914</double> 
        </void> 
        <void method="add"> 
         <double>0.3907074572826585</double> 
        </void> 
        <void method="add"> 
         <double>0.3910009202744285</double> 
        </void> 
        <void method="add"> 
         <double>0.39122076442828513</double> 
        </void> 
        <void method="add"> 
         <double>0.39159124313230115</double> 
        </void> 
        <void method="add"> 
         <double>0.39170730656738967</double> 
        </void> 
        <void method="add"> 
         <double>0.39212349964755666</double> 
        </void> 
        <void method="add"> 
         <double>0.39268337338209613</double> 
        </void> 
        <void method="add"> 
         <double>0.39276998493204524</double> 
        </void> 
        <void method="add"> 
         <double>0.3927780173047232</double> 
        </void> 
        <void method="add"> 
         <double>0.3933465706071178</double> 
        </void> 
        <void method="add"> 
         <double>0.347252069622769</double> 
        </void> 
        <void method="add"> 
         <double>0.39035811756818783</double> 
        </void> 
        <void method="add"> 
         <double>0.3894716882214203</double> 
        </void> 
        <void method="add"> 
         <double>0.39012652269332143</double> 
        </void> 
        <void method="add"> 
         <double>0.3892690227191914</double> 
        </void> 
       </object> 
      </void> 
      <void property="stdev"> 
       <double>0.018165273916238574</double> 
      </void> 
     </object> 
    </void> 
    <void index="11"> 
     <object class="jmbench.tools.EvaluationMetrics"> 
      <void property="max"> 
       <double>0.05010890149773843</double> 
      </void> 
      <void property="mean"> 
       <double>0.04944089394028819</double> 
      </void> 
      <void property="median"> 
       <double>0.0495194371612453</double> 
      </void> 
      <void property="min"> 
       <double>0.04864666694410282</double> 
      </void> 
      <void property="rawResults"> 
       <object class="java.util.ArrayList"> 
        <void method="add"> 
         <double>0.04864666694410282</double> 
        </void> 
        <void method="add"> 
         <double>0.04948857015806621</double> 
        </void> 
        <void method="add"> 
         <double>0.05010890149773843</double> 
        </void> 
        <void method="add"> 
         <double>0.0495194371612453</double> 
        </void> 
       </object> 
      </void> 
      <void property="stdev"> 
       <double>5.209301002966245E-4</double> 
      </void> 
     </object> 
    </void> 
   </array> 
  </void> 
  <void property="opName"> 
   <string>QR</string> 
  </void> 
 </object> 
</java> 
