<?xml version="1.0" encoding="UTF-8"?> 
<java version="1.6.0_16" class="java.beans.XMLDecoder"> 
 <object class="jmbench.tools.runtime.OperationResults"> 
  <void property="library"> 
   <object class="jmbench.impl.MatrixLibrary" method="valueOf"> 
    <string>MTJ</string> 
   </object> 
  </void> 
  <void property="matDimen"> 
   <array class="int" length="12"> 
    <void index="0"> 
     <int>2</int> 
    </void> 
    <void index="1"> 
     <int>3</int> 
    </void> 
    <void index="2"> 
     <int>4</int> 
    </void> 
    <void index="3"> 
     <int>5</int> 
    </void> 
    <void index="4"> 
     <int>10</int> 
    </void> 
    <void index="5"> 
     <int>20</int> 
    </void> 
    <void index="6"> 
     <int>50</int> 
    </void> 
    <void index="7"> 
     <int>100</int> 
    </void> 
    <void index="8"> 
     <int>200</int> 
    </void> 
    <void index="9"> 
     <int>500</int> 
    </void> 
    <void index="10"> 
     <int>1000</int> 
    </void> 
    <void index="11"> 
     <int>2000</int> 
    </void> 
   </array> 
  </void> 
  <void property="metrics"> 
   <array class="jmbench.tools.EvaluationMetrics" length="12"> 
    <void index="0"> 
     <object class="jmbench.tools.EvaluationMetrics"> 
      <void property="max"> 
       <double>1432236.8114522048</double> 
      </void> 
      <void property="mean"> 
       <double>1341502.2436420687</double> 
      </void> 
      <void property="median"> 
       <double>1349349.8449919398</double> 
      </void> 
      <void property="min"> 
       <double>1248237.336435921</double> 
      </void> 
      <void property="rawResults"> 
       <object class="java.util.ArrayList"> 
        <void method="add"> 
         <double>1248237.336435921</double> 
        </void> 
        <void method="add"> 
         <double>1251355.5137552873</double> 
        </void> 
        <void method="add"> 
         <double>1252258.376118763</double> 
        </void> 
        <void method="add"> 
         <double>1296761.4763134862</double> 
        </void> 
        <void method="add"> 
         <double>1306141.129100103</double> 
        </void> 
        <void method="add"> 
         <double>1307342.5311453661</double> 
        </void> 
        <void method="add"> 
         <double>1310371.75497873</double> 
        </void> 
        <void method="add"> 
         <double>1313591.6067759285</double> 
        </void> 
        <void method="add"> 
         <double>1315646.5833821732</double> 
        </void> 
        <void method="add"> 
         <double>1322590.967131273</double> 
        </void> 
        <void method="add"> 
         <double>1337435.503076894</double> 
        </void> 
        <void method="add"> 
         <double>1349349.8449919398</double> 
        </void> 
        <void method="add"> 
         <double>1355547.4177084297</double> 
        </void> 
        <void method="add"> 
         <double>1376212.0001932357</double> 
        </void> 
        <void method="add"> 
         <double>1376833.3971779102</double> 
        </void> 
        <void method="add"> 
         <double>1377736.1294926042</double> 
        </void> 
        <void method="add"> 
         <double>1385094.2274620822</double> 
        </void> 
        <void method="add"> 
         <double>1396560.868504169</double> 
        </void> 
        <void method="add"> 
         <double>1416102.6534152045</double> 
        </void> 
        <void method="add"> 
         <double>1432236.8114522048</double> 
        </void> 
        <void method="add"> 
         <double>1254562.008046494</double> 
        </void> 
        <void method="add"> 
         <double>1363072.9560398269</double> 
        </void> 
        <void method="add"> 
         <double>1395090.2667483236</double> 
        </void> 
        <void method="add"> 
         <double>1399517.8812242977</double> 
        </void> 
        <void method="add"> 
         <double>1397906.8503810654</double> 
        </void> 
       </object> 
      </void> 
      <void property="stdev"> 
       <double>53738.79252680075</double> 
      </void> 
     </object> 
    </void> 
    <void index="1"> 
     <object class="jmbench.tools.EvaluationMetrics"> 
      <void property="max"> 
       <double>869141.9374254919</double> 
      </void> 
      <void property="mean"> 
       <double>809807.4842097899</double> 
      </void> 
      <void property="median"> 
       <double>803023.2405791379</double> 
      </void> 
      <void property="min"> 
       <double>750910.8462003391</double> 
      </void> 
      <void property="rawResults"> 
       <object class="java.util.ArrayList"> 
        <void method="add"> 
         <double>750910.8462003391</double> 
        </void> 
        <void method="add"> 
         <double>763537.5393192288</double> 
        </void> 
        <void method="add"> 
         <double>773977.2057493881</double> 
        </void> 
        <void method="add"> 
         <double>775810.2935666051</double> 
        </void> 
        <void method="add"> 
         <double>777583.9542853391</double> 
        </void> 
        <void method="add"> 
         <double>781580.4288938552</double> 
        </void> 
        <void method="add"> 
         <double>782125.4016271003</double> 
        </void> 
        <void method="add"> 
         <double>790231.087654747</double> 
        </void> 
        <void method="add"> 
         <double>795026.4564485129</double> 
        </void> 
        <void method="add"> 
         <double>795253.9199643116</double> 
        </void> 
        <void method="add"> 
         <double>813030.2783281323</double> 
        </void> 
        <void method="add"> 
         <double>815848.6197625428</double> 
        </void> 
        <void method="add"> 
         <double>831301.5812200219</double> 
        </void> 
        <void method="add"> 
         <double>837973.528420875</double> 
        </void> 
        <void method="add"> 
         <double>844535.5777377472</double> 
        </void> 
        <void method="add"> 
         <double>848169.9857702138</double> 
        </void> 
        <void method="add"> 
         <double>865237.5255184731</double> 
        </void> 
        <void method="add"> 
         <double>867101.751322202</double> 
        </void> 
        <void method="add"> 
         <double>867630.421053218</double> 
        </void> 
        <void method="add"> 
         <double>869141.9374254919</double> 
        </void> 
        <void method="add"> 
         <double>753887.1310312514</double> 
        </void> 
        <void method="add"> 
         <double>835233.2753759152</double> 
        </void> 
        <void method="add"> 
         <double>805805.1563138465</double> 
        </void> 
        <void method="add"> 
         <double>803023.2405791379</double> 
        </void> 
        <void method="add"> 
         <double>801229.9616762457</double> 
        </void> 
       </object> 
      </void> 
      <void property="stdev"> 
       <double>36095.7466998803</double> 
      </void> 
     </object> 
    </void> 
    <void index="2"> 
     <object class="jmbench.tools.EvaluationMetrics"> 
      <void property="max"> 
       <double>514863.4587172451</double> 
      </void> 
      <void property="mean"> 
       <double>481776.13103407965</double> 
      </void> 
      <void property="median"> 
       <double>478547.6098449864</double> 
      </void> 
      <void property="min"> 
       <double>458825.3368496238</double> 
      </void> 
      <void property="rawResults"> 
       <object class="java.util.ArrayList"> 
        <void method="add"> 
         <double>462178.8076745551</double> 
        </void> 
        <void method="add"> 
         <double>462379.1587891568</double> 
        </void> 
        <void method="add"> 
         <double>464229.79267363</double> 
        </void> 
        <void method="add"> 
         <double>468309.2042813496</double> 
        </void> 
        <void method="add"> 
         <double>474261.86545905186</double> 
        </void> 
        <void method="add"> 
         <double>474612.53340360813</double> 
        </void> 
        <void method="add"> 
         <double>475861.124188421</double> 
        </void> 
        <void method="add"> 
         <double>476525.9170063658</double> 
        </void> 
        <void method="add"> 
         <double>480165.4640480752</double> 
        </void> 
        <void method="add"> 
         <double>481425.54092070076</double> 
        </void> 
        <void method="add"> 
         <double>486506.7320802343</double> 
        </void> 
        <void method="add"> 
         <double>487813.64371632336</double> 
        </void> 
        <void method="add"> 
         <double>491942.0395531574</double> 
        </void> 
        <void method="add"> 
         <double>492703.9535295986</double> 
        </void> 
        <void method="add"> 
         <double>494621.9367500388</double> 
        </void> 
        <void method="add"> 
         <double>496285.3204848138</double> 
        </void> 
        <void method="add"> 
         <double>502852.2556474985</double> 
        </void> 
        <void method="add"> 
         <double>505202.21836190496</double> 
        </void> 
        <void method="add"> 
         <double>512807.4587176002</double> 
        </void> 
        <void method="add"> 
         <double>514863.4587172451</double> 
        </void> 
        <void method="add"> 
         <double>458825.3368496238</double> 
        </void> 
        <void method="add"> 
         <double>478547.6098449864</double> 
        </void> 
        <void method="add"> 
         <double>464227.3399843523</double> 
        </void> 
        <void method="add"> 
         <double>475583.8061225767</double> 
        </void> 
        <void method="add"> 
         <double>461670.7570471218</double> 
        </void> 
       </object> 
      </void> 
      <void property="stdev"> 
       <double>16022.605495504407</double> 
      </void> 
     </object> 
    </void> 
    <void index="3"> 
     <object class="jmbench.tools.EvaluationMetrics"> 
      <void property="max"> 
       <double>327261.8481949666</double> 
      </void> 
      <void property="mean"> 
       <double>304518.0683429162</double> 
      </void> 
      <void property="median"> 
       <double>303749.1915052808</double> 
      </void> 
      <void property="min"> 
       <double>288861.8607783443</double> 
      </void> 
      <void property="rawResults"> 
       <object class="java.util.ArrayList"> 
        <void method="add"> 
         <double>288861.8607783443</double> 
        </void> 
        <void method="add"> 
         <double>291154.7892441255</double> 
        </void> 
        <void method="add"> 
         <double>291845.6169862822</double> 
        </void> 
        <void method="add"> 
         <double>292423.65687981166</double> 
        </void> 
        <void method="add"> 
         <double>296094.0375513496</double> 
        </void> 
        <void method="add"> 
         <double>299092.7935504519</double> 
        </void> 
        <void method="add"> 
         <double>300292.7438513963</double> 
        </void> 
        <void method="add"> 
         <double>301230.6100774725</double> 
        </void> 
        <void method="add"> 
         <double>302139.01913854457</double> 
        </void> 
        <void method="add"> 
         <double>302324.13531787647</double> 
        </void> 
        <void method="add"> 
         <double>303119.8826591294</double> 
        </void> 
        <void method="add"> 
         <double>303128.8631019593</double> 
        </void> 
        <void method="add"> 
         <double>303749.1915052808</double> 
        </void> 
        <void method="add"> 
         <double>304776.36256406293</double> 
        </void> 
        <void method="add"> 
         <double>305095.78829611733</double> 
        </void> 
        <void method="add"> 
         <double>305376.19063468085</double> 
        </void> 
        <void method="add"> 
         <double>316393.9114905997</double> 
        </void> 
        <void method="add"> 
         <double>317472.03281041986</double> 
        </void> 
        <void method="add"> 
         <double>318836.23812470265</double> 
        </void> 
        <void method="add"> 
         <double>327261.8481949666</double> 
        </void> 
        <void method="add"> 
         <double>317460.1273713835</double> 
        </void> 
        <void method="add"> 
         <double>308875.5014921561</double> 
        </void> 
        <void method="add"> 
         <double>304728.2813391066</double> 
        </void> 
        <void method="add"> 
         <double>304106.9870059326</double> 
        </void> 
        <void method="add"> 
         <double>307111.2386067496</double> 
        </void> 
       </object> 
      </void> 
      <void property="stdev"> 
       <double>9165.711664449023</double> 
      </void> 
     </object> 
    </void> 
    <void index="4"> 
     <object class="jmbench.tools.EvaluationMetrics"> 
      <void property="max"> 
       <double>65935.08272733532</double> 
      </void> 
      <void property="mean"> 
       <double>63803.24260845881</double> 
      </void> 
      <void property="median"> 
       <double>63568.20019389976</double> 
      </void> 
      <void property="min"> 
       <double>62304.760542133605</double> 
      </void> 
      <void property="rawResults"> 
       <object class="java.util.ArrayList"> 
        <void method="add"> 
         <double>62304.760542133605</double> 
        </void> 
        <void method="add"> 
         <double>62361.92839527358</double> 
        </void> 
        <void method="add"> 
         <double>62429.336644877316</double> 
        </void> 
        <void method="add"> 
         <double>62685.20398108267</double> 
        </void> 
        <void method="add"> 
         <double>62692.27984127576</double> 
        </void> 
        <void method="add"> 
         <double>62922.45932285615</double> 
        </void> 
        <void method="add"> 
         <double>62971.264072418875</double> 
        </void> 
        <void method="add"> 
         <double>63398.01130384778</double> 
        </void> 
        <void method="add"> 
         <double>63427.36553368266</double> 
        </void> 
        <void method="add"> 
         <double>63463.32925004188</double> 
        </void> 
        <void method="add"> 
         <double>63479.34160082931</double> 
        </void> 
        <void method="add"> 
         <double>63568.20019389976</double> 
        </void> 
        <void method="add"> 
         <double>63632.07206725427</double> 
        </void> 
        <void method="add"> 
         <double>63712.21137035715</double> 
        </void> 
        <void method="add"> 
         <double>64099.51462763167</double> 
        </void> 
        <void method="add"> 
         <double>64495.82811999808</double> 
        </void> 
        <void method="add"> 
         <double>64631.26494016184</double> 
        </void> 
        <void method="add"> 
         <double>65200.04121382454</double> 
        </void> 
        <void method="add"> 
         <double>65918.52443490458</double> 
        </void> 
        <void method="add"> 
         <double>65935.08272733532</double> 
        </void> 
        <void method="add"> 
         <double>63434.57419882733</double> 
        </void> 
        <void method="add"> 
         <double>63808.743960534186</double> 
        </void> 
        <void method="add"> 
         <double>64661.61820441585</double> 
        </void> 
        <void method="add"> 
         <double>65250.481289531206</double> 
        </void> 
        <void method="add"> 
         <double>64597.62737447496</double> 
        </void> 
       </object> 
      </void> 
      <void property="stdev"> 
       <double>1031.5624984584686</double> 
      </void> 
     </object> 
    </void> 
    <void index="5"> 
     <object class="jmbench.tools.EvaluationMetrics"> 
      <void property="max"> 
       <double>13200.793208659623</double> 
      </void> 
      <void property="mean"> 
       <double>12974.608171034328</double> 
      </void> 
      <void property="median"> 
       <double>12989.38185639692</double> 
      </void> 
      <void property="min"> 
       <double>12416.269408023792</double> 
      </void> 
      <void property="rawResults"> 
       <object class="java.util.ArrayList"> 
        <void method="add"> 
         <double>12416.269408023792</double> 
        </void> 
        <void method="add"> 
         <double>12615.074640259885</double> 
        </void> 
        <void method="add"> 
         <double>12831.46915924178</double> 
        </void> 
        <void method="add"> 
         <double>12898.844001458625</double> 
        </void> 
        <void method="add"> 
         <double>12900.184069756302</double> 
        </void> 
        <void method="add"> 
         <double>12923.562104273542</double> 
        </void> 
        <void method="add"> 
         <double>12934.29946378612</double> 
        </void> 
        <void method="add"> 
         <double>12967.940637119116</double> 
        </void> 
        <void method="add"> 
         <double>12986.865350814061</double> 
        </void> 
        <void method="add"> 
         <double>13031.59505091643</double> 
        </void> 
        <void method="add"> 
         <double>13038.127496429017</double> 
        </void> 
        <void method="add"> 
         <double>13042.307098363506</double> 
        </void> 
        <void method="add"> 
         <double>13043.669690976241</double> 
        </void> 
        <void method="add"> 
         <double>13048.239080266469</double> 
        </void> 
        <void method="add"> 
         <double>13098.128852656637</double> 
        </void> 
        <void method="add"> 
         <double>13099.911716872064</double> 
        </void> 
        <void method="add"> 
         <double>13141.650646536</double> 
        </void> 
        <void method="add"> 
         <double>13181.375177588143</double> 
        </void> 
        <void method="add"> 
         <double>13188.511882821676</double> 
        </void> 
        <void method="add"> 
         <double>13200.793208659623</double> 
        </void> 
        <void method="add"> 
         <double>12894.257398479655</double> 
        </void> 
        <void method="add"> 
         <double>12975.160795668819</double> 
        </void> 
        <void method="add"> 
         <double>12989.38185639692</double> 
        </void> 
        <void method="add"> 
         <double>12867.250191768635</double> 
        </void> 
        <void method="add"> 
         <double>13050.335296725096</double> 
        </void> 
       </object> 
      </void> 
      <void property="stdev"> 
       <double>169.90818106125622</double> 
      </void> 
     </object> 
    </void> 
    <void index="6"> 
     <object class="jmbench.tools.EvaluationMetrics"> 
      <void property="max"> 
       <double>1222.0283757062464</double> 
      </void> 
      <void property="mean"> 
       <double>1210.0326214860322</double> 
      </void> 
      <void property="median"> 
       <double>1212.41283726623</double> 
      </void> 
      <void property="min"> 
       <double>1177.742489399721</double> 
      </void> 
      <void property="rawResults"> 
       <object class="java.util.ArrayList"> 
        <void method="add"> 
         <double>1200.0702229188648</double> 
        </void> 
        <void method="add"> 
         <double>1200.5887118062253</double> 
        </void> 
        <void method="add"> 
         <double>1201.0805230731876</double> 
        </void> 
        <void method="add"> 
         <double>1202.424168240226</double> 
        </void> 
        <void method="add"> 
         <double>1205.2717721645952</double> 
        </void> 
        <void method="add"> 
         <double>1207.0879640427563</double> 
        </void> 
        <void method="add"> 
         <double>1208.5334977685627</double> 
        </void> 
        <void method="add"> 
         <double>1208.9489779406854</double> 
        </void> 
        <void method="add"> 
         <double>1210.6774374949234</double> 
        </void> 
        <void method="add"> 
         <double>1213.399689053158</double> 
        </void> 
        <void method="add"> 
         <double>1213.7741204021338</double> 
        </void> 
        <void method="add"> 
         <double>1214.2494696157814</double> 
        </void> 
        <void method="add"> 
         <double>1214.7674918052132</double> 
        </void> 
        <void method="add"> 
         <double>1215.9953458612447</double> 
        </void> 
        <void method="add"> 
         <double>1216.7948517234133</double> 
        </void> 
        <void method="add"> 
         <double>1220.3616385492123</double> 
        </void> 
        <void method="add"> 
         <double>1220.9722682297172</double> 
        </void> 
        <void method="add"> 
         <double>1221.2343552798563</double> 
        </void> 
        <void method="add"> 
         <double>1221.9231943185407</double> 
        </void> 
        <void method="add"> 
         <double>1222.0283757062464</double> 
        </void> 
        <void method="add"> 
         <double>1209.0362267729972</double> 
        </void> 
        <void method="add"> 
         <double>1177.742489399721</double> 
        </void> 
        <void method="add"> 
         <double>1197.7207086160638</double> 
        </void> 
        <void method="add"> 
         <double>1212.41283726623</double> 
        </void> 
        <void method="add"> 
         <double>1213.7191991012505</double> 
        </void> 
       </object> 
      </void> 
      <void property="stdev"> 
       <double>9.716110827700662</double> 
      </void> 
     </object> 
    </void> 
    <void index="7"> 
     <object class="jmbench.tools.EvaluationMetrics"> 
      <void property="max"> 
       <double>153.61366029056535</double> 
      </void> 
      <void property="mean"> 
       <double>153.01321605186055</double> 
      </void> 
      <void property="median"> 
       <double>153.12393800888643</double> 
      </void> 
      <void property="min"> 
       <double>151.53645998036197</double> 
      </void> 
      <void property="rawResults"> 
       <object class="java.util.ArrayList"> 
        <void method="add"> 
         <double>151.53645998036197</double> 
        </void> 
        <void method="add"> 
         <double>151.79952166700767</double> 
        </void> 
        <void method="add"> 
         <double>152.49297420390727</double> 
        </void> 
        <void method="add"> 
         <double>152.69197644145632</double> 
        </void> 
        <void method="add"> 
         <double>152.88809824494743</double> 
        </void> 
        <void method="add"> 
         <double>153.0143153710486</double> 
        </void> 
        <void method="add"> 
         <double>153.03491832321922</double> 
        </void> 
        <void method="add"> 
         <double>153.04337974375045</double> 
        </void> 
        <void method="add"> 
         <double>153.07316958668227</double> 
        </void> 
        <void method="add"> 
         <double>153.12393800888643</double> 
        </void> 
        <void method="add"> 
         <double>153.13248537804142</double> 
        </void> 
        <void method="add"> 
         <double>153.20460123187394</double> 
        </void> 
        <void method="add"> 
         <double>153.234163903065</double> 
        </void> 
        <void method="add"> 
         <double>153.43843012177527</double> 
        </void> 
        <void method="add"> 
         <double>153.4789267237233</double> 
        </void> 
        <void method="add"> 
         <double>153.48508268963923</double> 
        </void> 
        <void method="add"> 
         <double>153.48671091519708</double> 
        </void> 
        <void method="add"> 
         <double>153.54064081576635</double> 
        </void> 
        <void method="add"> 
         <double>153.58952362814253</double> 
        </void> 
        <void method="add"> 
         <double>153.61366029056535</double> 
        </void> 
        <void method="add"> 
         <double>152.34133821729665</double> 
        </void> 
        <void method="add"> 
         <double>152.80766887346599</double> 
        </void> 
        <void method="add"> 
         <double>153.1787669225198</double> 
        </void> 
        <void method="add"> 
         <double>152.96677181759964</double> 
        </void> 
        <void method="add"> 
         <double>153.1328781965747</double> 
        </void> 
       </object> 
      </void> 
      <void property="stdev"> 
       <double>0.5104199412116699</double> 
      </void> 
     </object> 
    </void> 
    <void index="8"> 
     <object class="jmbench.tools.EvaluationMetrics"> 
      <void property="max"> 
       <double>25.338133061328723</double> 
      </void> 
      <void property="mean"> 
       <double>25.014222143535818</double> 
      </void> 
      <void property="median"> 
       <double>25.036879883224977</double> 
      </void> 
      <void property="min"> 
       <double>24.740047880562603</double> 
      </void> 
      <void property="rawResults"> 
       <object class="java.util.ArrayList"> 
        <void method="add"> 
         <double>24.886914111148084</double> 
        </void> 
        <void method="add"> 
         <double>24.892843063635706</double> 
        </void> 
        <void method="add"> 
         <double>24.893587504325463</double> 
        </void> 
        <void method="add"> 
         <double>24.91407264237883</double> 
        </void> 
        <void method="add"> 
         <double>24.924033439973556</double> 
        </void> 
        <void method="add"> 
         <double>24.950407421177747</double> 
        </void> 
        <void method="add"> 
         <double>24.969217152379393</double> 
        </void> 
        <void method="add"> 
         <double>25.023868275916776</double> 
        </void> 
        <void method="add"> 
         <double>25.036879883224977</double> 
        </void> 
        <void method="add"> 
         <double>25.040550489810645</double> 
        </void> 
        <void method="add"> 
         <double>25.058625484183818</double> 
        </void> 
        <void method="add"> 
         <double>25.059894485476818</double> 
        </void> 
        <void method="add"> 
         <double>25.064533043323006</double> 
        </void> 
        <void method="add"> 
         <double>25.067158173829096</double> 
        </void> 
        <void method="add"> 
         <double>25.084432198806184</double> 
        </void> 
        <void method="add"> 
         <double>25.136251422920612</double> 
        </void> 
        <void method="add"> 
         <double>25.146439812480377</double> 
        </void> 
        <void method="add"> 
         <double>25.157287832256024</double> 
        </void> 
        <void method="add"> 
         <double>25.22657115385436</double> 
        </void> 
        <void method="add"> 
         <double>25.338133061328723</double> 
        </void> 
        <void method="add"> 
         <double>24.91291656349128</double> 
        </void> 
        <void method="add"> 
         <double>24.790216134378593</double> 
        </void> 
        <void method="add"> 
         <double>24.740047880562603</double> 
        </void> 
        <void method="add"> 
         <double>25.136743473931375</double> 
        </void> 
        <void method="add"> 
         <double>24.903928883601427</double> 
        </void> 
       </object> 
      </void> 
      <void property="stdev"> 
       <double>0.1343152502451788</double> 
      </void> 
     </object> 
    </void> 
    <void index="9"> 
     <object class="jmbench.tools.EvaluationMetrics"> 
      <void property="max"> 
       <double>1.7826377892568017</double> 
      </void> 
      <void property="mean"> 
       <double>1.7710809682777178</double> 
      </void> 
      <void property="median"> 
       <double>1.7730012011710807</double> 
      </void> 
      <void property="min"> 
       <double>1.7479807562281455</double> 
      </void> 
      <void property="rawResults"> 
       <object class="java.util.ArrayList"> 
        <void method="add"> 
         <double>1.7479807562281455</double> 
        </void> 
        <void method="add"> 
         <double>1.7542508214299206</double> 
        </void> 
        <void method="add"> 
         <double>1.7552996579207079</double> 
        </void> 
        <void method="add"> 
         <double>1.7601189332076501</double> 
        </void> 
        <void method="add"> 
         <double>1.7616739833959032</double> 
        </void> 
        <void method="add"> 
         <double>1.7639966861628815</double> 
        </void> 
        <void method="add"> 
         <double>1.7642009944913326</double> 
        </void> 
        <void method="add"> 
         <double>1.7690059909607985</double> 
        </void> 
        <void method="add"> 
         <double>1.7703901218217482</double> 
        </void> 
        <void method="add"> 
         <double>1.7710233037468504</double> 
        </void> 
        <void method="add"> 
         <double>1.7722694194897488</double> 
        </void> 
        <void method="add"> 
         <double>1.7730012011710807</double> 
        </void> 
        <void method="add"> 
         <double>1.7775284766438841</double> 
        </void> 
        <void method="add"> 
         <double>1.7777695921364556</double> 
        </void> 
        <void method="add"> 
         <double>1.7791401362821582</double> 
        </void> 
        <void method="add"> 
         <double>1.779697152417847</double> 
        </void> 
        <void method="add"> 
         <double>1.7804583657299726</double> 
        </void> 
        <void method="add"> 
         <double>1.781344661573822</double> 
        </void> 
        <void method="add"> 
         <double>1.7815197954455408</double> 
        </void> 
        <void method="add"> 
         <double>1.7826377892568017</double> 
        </void> 
        <void method="add"> 
         <double>1.7792243683746154</double> 
        </void> 
        <void method="add"> 
         <double>1.7808202794129042</double> 
        </void> 
        <void method="add"> 
         <double>1.7761807944164516</double> 
        </void> 
        <void method="add"> 
         <double>1.7624705823832005</double> 
        </void> 
        <void method="add"> 
         <double>1.7750203428425166</double> 
        </void> 
       </object> 
      </void> 
      <void property="stdev"> 
       <double>0.00963354092769949</double> 
      </void> 
     </object> 
    </void> 
    <void index="10"> 
     <object class="jmbench.tools.EvaluationMetrics"> 
      <void property="max"> 
       <double>0.18605515556005228</double> 
      </void> 
      <void property="mean"> 
       <double>0.18188985301779317</double> 
      </void> 
      <void property="median"> 
       <double>0.1821602800163744</double> 
      </void> 
      <void property="min"> 
       <double>0.17415283336359613</double> 
      </void> 
      <void property="rawResults"> 
       <object class="java.util.ArrayList"> 
        <void method="add"> 
         <double>0.17415283336359613</double> 
        </void> 
        <void method="add"> 
         <double>0.17728962342270455</double> 
        </void> 
        <void method="add"> 
         <double>0.17760039407197328</double> 
        </void> 
        <void method="add"> 
         <double>0.17772708214656407</double> 
        </void> 
        <void method="add"> 
         <double>0.17936457658311003</double> 
        </void> 
        <void method="add"> 
         <double>0.18042398193806983</double> 
        </void> 
        <void method="add"> 
         <double>0.18101308835825172</double> 
        </void> 
        <void method="add"> 
         <double>0.18102758422966708</double> 
        </void> 
        <void method="add"> 
         <double>0.18158263625599314</double> 
        </void> 
        <void method="add"> 
         <double>0.18198536575163665</double> 
        </void> 
        <void method="add"> 
         <double>0.18332047880969896</double> 
        </void> 
        <void method="add"> 
         <double>0.18380809432977285</double> 
        </void> 
        <void method="add"> 
         <double>0.18399448284594624</double> 
        </void> 
        <void method="add"> 
         <double>0.18411156932213418</double> 
        </void> 
        <void method="add"> 
         <double>0.18420060820369918</double> 
        </void> 
        <void method="add"> 
         <double>0.18444927673636172</double> 
        </void> 
        <void method="add"> 
         <double>0.18492547495777256</double> 
        </void> 
        <void method="add"> 
         <double>0.18529998906305725</double> 
        </void> 
        <void method="add"> 
         <double>0.1853472816113784</double> 
        </void> 
        <void method="add"> 
         <double>0.18605515556005228</double> 
        </void> 
        <void method="add"> 
         <double>0.18178523886245446</double> 
        </void> 
        <void method="add"> 
         <double>0.1821602800163744</double> 
        </void> 
        <void method="add"> 
         <double>0.17814806427762303</double> 
        </void> 
        <void method="add"> 
         <double>0.18443238890371688</double> 
        </void> 
        <void method="add"> 
         <double>0.18304077582321918</double> 
        </void> 
       </object> 
      </void> 
      <void property="stdev"> 
       <double>0.003005974436139373</double> 
      </void> 
     </object> 
    </void> 
    <void index="11"> 
     <object class="jmbench.tools.EvaluationMetrics"> 
      <void property="max"> 
       <double>0.024596997190529924</double> 
      </void> 
      <void property="mean"> 
       <double>0.024596997190529924</double> 
      </void> 
      <void property="median"> 
       <double>0.024596997190529924</double> 
      </void> 
      <void property="min"> 
       <double>0.024596997190529924</double> 
      </void> 
      <void property="rawResults"> 
       <object class="java.util.ArrayList"> 
        <void method="add"> 
         <double>0.024596997190529924</double> 
        </void> 
       </object> 
      </void> 
     </object> 
    </void> 
   </array> 
  </void> 
  <void property="opName"> 
   <string>Solve m=n</string> 
  </void> 
 </object> 
</java> 
