<?xml version="1.0" encoding="UTF-8"?> 
<java version="1.6.0_16" class="java.beans.XMLDecoder"> 
 <object class="jmbench.tools.runtime.OperationResults"> 
  <void property="library"> 
   <object class="jmbench.impl.MatrixLibrary" method="valueOf"> 
    <string>MTJ</string> 
   </object> 
  </void> 
  <void property="matDimen"> 
   <array class="int" length="12"> 
    <void index="0"> 
     <int>2</int> 
    </void> 
    <void index="1"> 
     <int>3</int> 
    </void> 
    <void index="2"> 
     <int>4</int> 
    </void> 
    <void index="3"> 
     <int>5</int> 
    </void> 
    <void index="4"> 
     <int>10</int> 
    </void> 
    <void index="5"> 
     <int>20</int> 
    </void> 
    <void index="6"> 
     <int>50</int> 
    </void> 
    <void index="7"> 
     <int>100</int> 
    </void> 
    <void index="8"> 
     <int>200</int> 
    </void> 
    <void index="9"> 
     <int>500</int> 
    </void> 
    <void index="10"> 
     <int>1000</int> 
    </void> 
    <void index="11"> 
     <int>2000</int> 
    </void> 
   </array> 
  </void> 
  <void property="metrics"> 
   <array class="jmbench.tools.EvaluationMetrics" length="12"> 
    <void index="0"> 
     <object class="jmbench.tools.EvaluationMetrics"> 
      <void property="max"> 
       <double>26539.769411529527</double> 
      </void> 
      <void property="mean"> 
       <double>26052.85744088344</double> 
      </void> 
      <void property="median"> 
       <double>26279.89723100115</double> 
      </void> 
      <void property="min"> 
       <double>24987.64072670214</double> 
      </void> 
      <void property="rawResults"> 
       <object class="java.util.ArrayList"> 
        <void method="add"> 
         <double>24987.64072670214</double> 
        </void> 
        <void method="add"> 
         <double>25153.845501109776</double> 
        </void> 
        <void method="add"> 
         <double>25273.85602207186</double> 
        </void> 
        <void method="add"> 
         <double>25293.95379213818</double> 
        </void> 
        <void method="add"> 
         <double>25350.17231607615</double> 
        </void> 
        <void method="add"> 
         <double>26081.435259199865</double> 
        </void> 
        <void method="add"> 
         <double>26262.58134844219</double> 
        </void> 
        <void method="add"> 
         <double>26279.89723100115</double> 
        </void> 
        <void method="add"> 
         <double>26303.472219076357</double> 
        </void> 
        <void method="add"> 
         <double>26318.653744109095</double> 
        </void> 
        <void method="add"> 
         <double>26328.21189921626</double> 
        </void> 
        <void method="add"> 
         <double>26351.475885851607</double> 
        </void> 
        <void method="add"> 
         <double>26370.256963410324</double> 
        </void> 
        <void method="add"> 
         <double>26416.69542881748</double> 
        </void> 
        <void method="add"> 
         <double>26425.60997685294</double> 
        </void> 
        <void method="add"> 
         <double>26441.61778921917</double> 
        </void> 
        <void method="add"> 
         <double>26470.61977719482</double> 
        </void> 
        <void method="add"> 
         <double>26489.26068862686</double> 
        </void> 
        <void method="add"> 
         <double>26516.76644315262</double> 
        </void> 
        <void method="add"> 
         <double>26539.769411529527</double> 
        </void> 
        <void method="add"> 
         <double>25506.983258127384</double> 
        </void> 
        <void method="add"> 
         <double>26160.049034969426</double> 
        </void> 
        <void method="add"> 
         <double>25914.828505783425</double> 
        </void> 
        <void method="add"> 
         <double>25997.28375149478</double> 
        </void> 
        <void method="add"> 
         <double>26086.499047912523</double> 
        </void> 
       </object> 
      </void> 
      <void property="stdev"> 
       <double>476.96785067502645</double> 
      </void> 
     </object> 
    </void> 
    <void index="1"> 
     <object class="jmbench.tools.EvaluationMetrics"> 
      <void property="max"> 
       <double>23610.5412347795</double> 
      </void> 
      <void property="mean"> 
       <double>22891.8196661862</double> 
      </void> 
      <void property="median"> 
       <double>22981.844627626553</double> 
      </void> 
      <void property="min"> 
       <double>21936.23783685825</double> 
      </void> 
      <void property="rawResults"> 
       <object class="java.util.ArrayList"> 
        <void method="add"> 
         <double>22594.490539066275</double> 
        </void> 
        <void method="add"> 
         <double>22595.636795511866</double> 
        </void> 
        <void method="add"> 
         <double>22649.998536842304</double> 
        </void> 
        <void method="add"> 
         <double>22796.695735881844</double> 
        </void> 
        <void method="add"> 
         <double>22809.528228703584</double> 
        </void> 
        <void method="add"> 
         <double>22820.266157048885</double> 
        </void> 
        <void method="add"> 
         <double>22979.44711080957</double> 
        </void> 
        <void method="add"> 
         <double>22981.844627626553</double> 
        </void> 
        <void method="add"> 
         <double>23006.572126249644</double> 
        </void> 
        <void method="add"> 
         <double>23109.39161513093</double> 
        </void> 
        <void method="add"> 
         <double>23134.181313038396</double> 
        </void> 
        <void method="add"> 
         <double>23140.32556941093</double> 
        </void> 
        <void method="add"> 
         <double>23152.672500554505</double> 
        </void> 
        <void method="add"> 
         <double>23171.28924129414</double> 
        </void> 
        <void method="add"> 
         <double>23191.639176313915</double> 
        </void> 
        <void method="add"> 
         <double>23195.23819212603</double> 
        </void> 
        <void method="add"> 
         <double>23221.40783696297</double> 
        </void> 
        <void method="add"> 
         <double>23272.63994504619</double> 
        </void> 
        <void method="add"> 
         <double>23543.109143782727</double> 
        </void> 
        <void method="add"> 
         <double>23610.5412347795</double> 
        </void> 
        <void method="add"> 
         <double>22432.906780701767</double> 
        </void> 
        <void method="add"> 
         <double>21936.23783685825</double> 
        </void> 
        <void method="add"> 
         <double>22380.7843627591</double> 
        </void> 
        <void method="add"> 
         <double>22487.612473953362</double> 
        </void> 
        <void method="add"> 
         <double>22081.03457420167</double> 
        </void> 
       </object> 
      </void> 
      <void property="stdev"> 
       <double>408.92412902193706</double> 
      </void> 
     </object> 
    </void> 
    <void index="2"> 
     <object class="jmbench.tools.EvaluationMetrics"> 
      <void property="max"> 
       <double>21102.59874285001</double> 
      </void> 
      <void property="mean"> 
       <double>20126.924850567713</double> 
      </void> 
      <void property="median"> 
       <double>20113.915145946852</double> 
      </void> 
      <void property="min"> 
       <double>18675.807923332537</double> 
      </void> 
      <void property="rawResults"> 
       <object class="java.util.ArrayList"> 
        <void method="add"> 
         <double>19187.918309260953</double> 
        </void> 
        <void method="add"> 
         <double>19358.543908475</double> 
        </void> 
        <void method="add"> 
         <double>19751.126271096775</double> 
        </void> 
        <void method="add"> 
         <double>19827.573950573365</double> 
        </void> 
        <void method="add"> 
         <double>19838.293096425117</double> 
        </void> 
        <void method="add"> 
         <double>19957.441152503525</double> 
        </void> 
        <void method="add"> 
         <double>20055.567655727362</double> 
        </void> 
        <void method="add"> 
         <double>20113.915145946852</double> 
        </void> 
        <void method="add"> 
         <double>20128.5588124211</double> 
        </void> 
        <void method="add"> 
         <double>20157.073956087923</double> 
        </void> 
        <void method="add"> 
         <double>20370.229543508445</double> 
        </void> 
        <void method="add"> 
         <double>20423.304225888376</double> 
        </void> 
        <void method="add"> 
         <double>20558.22077653064</double> 
        </void> 
        <void method="add"> 
         <double>20631.368210040768</double> 
        </void> 
        <void method="add"> 
         <double>20689.332512167224</double> 
        </void> 
        <void method="add"> 
         <double>20706.958666835384</double> 
        </void> 
        <void method="add"> 
         <double>20911.901052307225</double> 
        </void> 
        <void method="add"> 
         <double>21031.24535022847</double> 
        </void> 
        <void method="add"> 
         <double>21076.36530484125</double> 
        </void> 
        <void method="add"> 
         <double>21102.59874285001</double> 
        </void> 
        <void method="add"> 
         <double>19417.700614988047</double> 
        </void> 
        <void method="add"> 
         <double>18675.807923332537</double> 
        </void> 
        <void method="add"> 
         <double>20009.636653583566</double> 
        </void> 
        <void method="add"> 
         <double>19577.003201907923</double> 
        </void> 
        <void method="add"> 
         <double>19615.436226664926</double> 
        </void> 
       </object> 
      </void> 
      <void property="stdev"> 
       <double>617.586685928047</double> 
      </void> 
     </object> 
    </void> 
    <void index="3"> 
     <object class="jmbench.tools.EvaluationMetrics"> 
      <void property="max"> 
       <double>19344.46522380505</double> 
      </void> 
      <void property="mean"> 
       <double>18238.135178377146</double> 
      </void> 
      <void property="median"> 
       <double>18319.161429749667</double> 
      </void> 
      <void property="min"> 
       <double>16079.549654323622</double> 
      </void> 
      <void property="rawResults"> 
       <object class="java.util.ArrayList"> 
        <void method="add"> 
         <double>17363.98115500945</double> 
        </void> 
        <void method="add"> 
         <double>17480.199524278123</double> 
        </void> 
        <void method="add"> 
         <double>17893.102646001553</double> 
        </void> 
        <void method="add"> 
         <double>18065.39917498557</double> 
        </void> 
        <void method="add"> 
         <double>18141.001907303693</double> 
        </void> 
        <void method="add"> 
         <double>18168.73336327609</double> 
        </void> 
        <void method="add"> 
         <double>18302.426891438357</double> 
        </void> 
        <void method="add"> 
         <double>18319.161429749667</double> 
        </void> 
        <void method="add"> 
         <double>18349.092860329616</double> 
        </void> 
        <void method="add"> 
         <double>18355.816071220488</double> 
        </void> 
        <void method="add"> 
         <double>18459.229059931113</double> 
        </void> 
        <void method="add"> 
         <double>18572.54698477554</double> 
        </void> 
        <void method="add"> 
         <double>18576.647805896202</double> 
        </void> 
        <void method="add"> 
         <double>18819.847735219482</double> 
        </void> 
        <void method="add"> 
         <double>18832.52304311502</double> 
        </void> 
        <void method="add"> 
         <double>18849.21114074315</double> 
        </void> 
        <void method="add"> 
         <double>18961.2382669626</double> 
        </void> 
        <void method="add"> 
         <double>19034.441804135884</double> 
        </void> 
        <void method="add"> 
         <double>19312.771066143</double> 
        </void> 
        <void method="add"> 
         <double>19344.46522380505</double> 
        </void> 
        <void method="add"> 
         <double>17316.656480345195</double> 
        </void> 
        <void method="add"> 
         <double>16079.549654323622</double> 
        </void> 
        <void method="add"> 
         <double>17790.041202054796</double> 
        </void> 
        <void method="add"> 
         <double>17879.330525960526</double> 
        </void> 
        <void method="add"> 
         <double>17685.964442424873</double> 
        </void> 
       </object> 
      </void> 
      <void property="stdev"> 
       <double>708.740827679159</double> 
      </void> 
     </object> 
    </void> 
    <void index="4"> 
     <object class="jmbench.tools.EvaluationMetrics"> 
      <void property="max"> 
       <double>10044.304958746978</double> 
      </void> 
      <void property="mean"> 
       <double>9493.123217802231</double> 
      </void> 
      <void property="median"> 
       <double>9505.026267947875</double> 
      </void> 
      <void property="min"> 
       <double>8877.16201505538</double> 
      </void> 
      <void property="rawResults"> 
       <object class="java.util.ArrayList"> 
        <void method="add"> 
         <double>8877.16201505538</double> 
        </void> 
        <void method="add"> 
         <double>9145.937528109878</double> 
        </void> 
        <void method="add"> 
         <double>9154.885553511855</double> 
        </void> 
        <void method="add"> 
         <double>9204.19476363113</double> 
        </void> 
        <void method="add"> 
         <double>9211.535132792595</double> 
        </void> 
        <void method="add"> 
         <double>9314.816461836119</double> 
        </void> 
        <void method="add"> 
         <double>9384.899838823749</double> 
        </void> 
        <void method="add"> 
         <double>9471.086143857383</double> 
        </void> 
        <void method="add"> 
         <double>9505.026267947875</double> 
        </void> 
        <void method="add"> 
         <double>9559.503661244227</double> 
        </void> 
        <void method="add"> 
         <double>9584.36496018303</double> 
        </void> 
        <void method="add"> 
         <double>9701.25455606402</double> 
        </void> 
        <void method="add"> 
         <double>9754.438113312435</double> 
        </void> 
        <void method="add"> 
         <double>9780.218166829733</double> 
        </void> 
        <void method="add"> 
         <double>9873.507923767278</double> 
        </void> 
        <void method="add"> 
         <double>9878.430100969534</double> 
        </void> 
        <void method="add"> 
         <double>9913.519332482803</double> 
        </void> 
        <void method="add"> 
         <double>9923.286558850083</double> 
        </void> 
        <void method="add"> 
         <double>9946.430224082327</double> 
        </void> 
        <void method="add"> 
         <double>10044.304958746978</double> 
        </void> 
        <void method="add"> 
         <double>9039.218425087272</double> 
        </void> 
        <void method="add"> 
         <double>9516.414664785452</double> 
        </void> 
        <void method="add"> 
         <double>9346.558993888017</double> 
        </void> 
        <void method="add"> 
         <double>9135.713539888558</double> 
        </void> 
        <void method="add"> 
         <double>9061.372559308076</double> 
        </void> 
       </object> 
      </void> 
      <void property="stdev"> 
       <double>330.7224573630973</double> 
      </void> 
     </object> 
    </void> 
    <void index="5"> 
     <object class="jmbench.tools.EvaluationMetrics"> 
      <void property="max"> 
       <double>3216.192416872807</double> 
      </void> 
      <void property="mean"> 
       <double>3050.9068984357855</double> 
      </void> 
      <void property="median"> 
       <double>3072.5528159797364</double> 
      </void> 
      <void property="min"> 
       <double>2819.180311021369</double> 
      </void> 
      <void property="rawResults"> 
       <object class="java.util.ArrayList"> 
        <void method="add"> 
         <double>2819.180311021369</double> 
        </void> 
        <void method="add"> 
         <double>2884.076491472273</double> 
        </void> 
        <void method="add"> 
         <double>2922.0960146151137</double> 
        </void> 
        <void method="add"> 
         <double>2970.650983946306</double> 
        </void> 
        <void method="add"> 
         <double>2977.4641462096397</double> 
        </void> 
        <void method="add"> 
         <double>2979.1213493279793</double> 
        </void> 
        <void method="add"> 
         <double>2991.6181062991336</double> 
        </void> 
        <void method="add"> 
         <double>2992.3211191089736</double> 
        </void> 
        <void method="add"> 
         <double>3012.6320891077257</double> 
        </void> 
        <void method="add"> 
         <double>3035.573636881373</double> 
        </void> 
        <void method="add"> 
         <double>3072.5528159797364</double> 
        </void> 
        <void method="add"> 
         <double>3091.4107636442354</double> 
        </void> 
        <void method="add"> 
         <double>3097.7935188291317</double> 
        </void> 
        <void method="add"> 
         <double>3119.547881089641</double> 
        </void> 
        <void method="add"> 
         <double>3122.1374180115013</double> 
        </void> 
        <void method="add"> 
         <double>3124.017762792205</double> 
        </void> 
        <void method="add"> 
         <double>3132.7519892572373</double> 
        </void> 
        <void method="add"> 
         <double>3149.5196552819934</double> 
        </void> 
        <void method="add"> 
         <double>3166.401931527563</double> 
        </void> 
        <void method="add"> 
         <double>3216.192416872807</double> 
        </void> 
        <void method="add"> 
         <double>3043.415781718767</double> 
        </void> 
        <void method="add"> 
         <double>2946.7419986236073</double> 
        </void> 
        <void method="add"> 
         <double>3144.523114627915</double> 
        </void> 
        <void method="add"> 
         <double>3115.7007476991876</double> 
        </void> 
        <void method="add"> 
         <double>3145.2304169492268</double> 
        </void> 
       </object> 
      </void> 
      <void property="stdev"> 
       <double>96.54895565109284</double> 
      </void> 
     </object> 
    </void> 
    <void index="6"> 
     <object class="jmbench.tools.EvaluationMetrics"> 
      <void property="max"> 
       <double>387.81334142705</double> 
      </void> 
      <void property="mean"> 
       <double>379.10319317774747</double> 
      </void> 
      <void property="median"> 
       <double>379.0810606121789</double> 
      </void> 
      <void property="min"> 
       <double>369.76766696750616</double> 
      </void> 
      <void property="rawResults"> 
       <object class="java.util.ArrayList"> 
        <void method="add"> 
         <double>372.7085450827889</double> 
        </void> 
        <void method="add"> 
         <double>375.30696125517494</double> 
        </void> 
        <void method="add"> 
         <double>375.61911935486955</double> 
        </void> 
        <void method="add"> 
         <double>375.9580624872683</double> 
        </void> 
        <void method="add"> 
         <double>377.8196287854672</double> 
        </void> 
        <void method="add"> 
         <double>377.9743487587585</double> 
        </void> 
        <void method="add"> 
         <double>378.2399609787644</double> 
        </void> 
        <void method="add"> 
         <double>378.4176467190436</double> 
        </void> 
        <void method="add"> 
         <double>378.58290941800396</double> 
        </void> 
        <void method="add"> 
         <double>379.0810606121789</double> 
        </void> 
        <void method="add"> 
         <double>379.0856630645771</double> 
        </void> 
        <void method="add"> 
         <double>379.9338921154611</double> 
        </void> 
        <void method="add"> 
         <double>380.214565026207</double> 
        </void> 
        <void method="add"> 
         <double>381.0084723757261</double> 
        </void> 
        <void method="add"> 
         <double>381.76443632671857</double> 
        </void> 
        <void method="add"> 
         <double>382.02676875130925</double> 
        </void> 
        <void method="add"> 
         <double>382.4416890455903</double> 
        </void> 
        <void method="add"> 
         <double>383.5615235290945</double> 
        </void> 
        <void method="add"> 
         <double>384.29953481754006</double> 
        </void> 
        <void method="add"> 
         <double>387.81334142705</double> 
        </void> 
        <void method="add"> 
         <double>378.0980460740312</double> 
        </void> 
        <void method="add"> 
         <double>382.48080344854395</double> 
        </void> 
        <void method="add"> 
         <double>369.76766696750616</double> 
        </void> 
        <void method="add"> 
         <double>374.9851162579886</double> 
        </void> 
        <void method="add"> 
         <double>380.3900667640256</double> 
        </void> 
       </object> 
      </void> 
      <void property="stdev"> 
       <double>3.768304254393935</double> 
      </void> 
     </object> 
    </void> 
    <void index="7"> 
     <object class="jmbench.tools.EvaluationMetrics"> 
      <void property="max"> 
       <double>74.80543374205367</double> 
      </void> 
      <void property="mean"> 
       <double>73.57378880873515</double> 
      </void> 
      <void property="median"> 
       <double>74.17655221882977</double> 
      </void> 
      <void property="min"> 
       <double>70.8580456934657</double> 
      </void> 
      <void property="rawResults"> 
       <object class="java.util.ArrayList"> 
        <void method="add"> 
         <double>70.8580456934657</double> 
        </void> 
        <void method="add"> 
         <double>70.96700799290667</double> 
        </void> 
        <void method="add"> 
         <double>71.22707047214833</double> 
        </void> 
        <void method="add"> 
         <double>71.53184090621399</double> 
        </void> 
        <void method="add"> 
         <double>71.67733542161689</double> 
        </void> 
        <void method="add"> 
         <double>72.89247857041133</double> 
        </void> 
        <void method="add"> 
         <double>73.22177928773912</double> 
        </void> 
        <void method="add"> 
         <double>73.56450987188005</double> 
        </void> 
        <void method="add"> 
         <double>73.82346136360613</double> 
        </void> 
        <void method="add"> 
         <double>74.00791438752623</double> 
        </void> 
        <void method="add"> 
         <double>74.15333170045767</double> 
        </void> 
        <void method="add"> 
         <double>74.17655221882977</double> 
        </void> 
        <void method="add"> 
         <double>74.18659671370449</double> 
        </void> 
        <void method="add"> 
         <double>74.20855225946016</double> 
        </void> 
        <void method="add"> 
         <double>74.22419385590358</double> 
        </void> 
        <void method="add"> 
         <double>74.28439380899485</double> 
        </void> 
        <void method="add"> 
         <double>74.5245140751123</double> 
        </void> 
        <void method="add"> 
         <double>74.65466727759582</double> 
        </void> 
        <void method="add"> 
         <double>74.68896144613994</double> 
        </void> 
        <void method="add"> 
         <double>74.80543374205367</double> 
        </void> 
        <void method="add"> 
         <double>74.2107875832666</double> 
        </void> 
        <void method="add"> 
         <double>74.41346443071706</double> 
        </void> 
        <void method="add"> 
         <double>74.13413949550174</double> 
        </void> 
        <void method="add"> 
         <double>74.62001065424512</double> 
        </void> 
        <void method="add"> 
         <double>74.28767698888146</double> 
        </void> 
       </object> 
      </void> 
      <void property="stdev"> 
       <double>1.241774994712703</double> 
      </void> 
     </object> 
    </void> 
    <void index="8"> 
     <object class="jmbench.tools.EvaluationMetrics"> 
      <void property="max"> 
       <double>10.161158111322152</double> 
      </void> 
      <void property="mean"> 
       <double>10.007581112696945</double> 
      </void> 
      <void property="median"> 
       <double>10.050541274161692</double> 
      </void> 
      <void property="min"> 
       <double>9.858482590640774</double> 
      </void> 
      <void property="rawResults"> 
       <object class="java.util.ArrayList"> 
        <void method="add"> 
         <double>9.858482590640774</double> 
        </void> 
        <void method="add"> 
         <double>9.861824660939646</double> 
        </void> 
        <void method="add"> 
         <double>9.875596890819414</double> 
        </void> 
        <void method="add"> 
         <double>9.879352273526958</double> 
        </void> 
        <void method="add"> 
         <double>9.906587180178171</double> 
        </void> 
        <void method="add"> 
         <double>9.910748549118773</double> 
        </void> 
        <void method="add"> 
         <double>9.924106053943467</double> 
        </void> 
        <void method="add"> 
         <double>9.9587198629344</double> 
        </void> 
        <void method="add"> 
         <double>9.963879042121139</double> 
        </void> 
        <void method="add"> 
         <double>10.003223748920787</double> 
        </void> 
        <void method="add"> 
         <double>10.050541274161692</double> 
        </void> 
        <void method="add"> 
         <double>10.051059906330819</double> 
        </void> 
        <void method="add"> 
         <double>10.070384355895174</double> 
        </void> 
        <void method="add"> 
         <double>10.07613772139666</double> 
        </void> 
        <void method="add"> 
         <double>10.087223776797716</double> 
        </void> 
        <void method="add"> 
         <double>10.0973322276409</double> 
        </void> 
        <void method="add"> 
         <double>10.10057249455699</double> 
        </void> 
        <void method="add"> 
         <double>10.134380953191796</double> 
        </void> 
        <void method="add"> 
         <double>10.137018894616586</double> 
        </void> 
        <void method="add"> 
         <double>10.161158111322152</double> 
        </void> 
        <void method="add"> 
         <double>9.89012463048056</double> 
        </void> 
        <void method="add"> 
         <double>9.94267007384913</double> 
        </void> 
        <void method="add"> 
         <double>10.06007254280753</double> 
        </void> 
        <void method="add"> 
         <double>10.085813018796205</double> 
        </void> 
        <void method="add"> 
         <double>10.102516982436146</double> 
        </void> 
       </object> 
      </void> 
      <void property="stdev"> 
       <double>0.09714739729102824</double> 
      </void> 
     </object> 
    </void> 
    <void index="9"> 
     <object class="jmbench.tools.EvaluationMetrics"> 
      <void property="max"> 
       <double>0.948763044203912</double> 
      </void> 
      <void property="mean"> 
       <double>0.9415229758008795</double> 
      </void> 
      <void property="median"> 
       <double>0.9429691921413103</double> 
      </void> 
      <void property="min"> 
       <double>0.9312095933510294</double> 
      </void> 
      <void property="rawResults"> 
       <object class="java.util.ArrayList"> 
        <void method="add"> 
         <double>0.9312095933510294</double> 
        </void> 
        <void method="add"> 
         <double>0.9336174273487946</double> 
        </void> 
        <void method="add"> 
         <double>0.93374999465895</double> 
        </void> 
        <void method="add"> 
         <double>0.9349764019794359</double> 
        </void> 
        <void method="add"> 
         <double>0.9368418738533536</double> 
        </void> 
        <void method="add"> 
         <double>0.9382497492173356</double> 
        </void> 
        <void method="add"> 
         <double>0.938366518139762</double> 
        </void> 
        <void method="add"> 
         <double>0.9388238722150178</double> 
        </void> 
        <void method="add"> 
         <double>0.9413155821178804</double> 
        </void> 
        <void method="add"> 
         <double>0.942841403089698</double> 
        </void> 
        <void method="add"> 
         <double>0.9429691921413103</double> 
        </void> 
        <void method="add"> 
         <double>0.943214352738873</double> 
        </void> 
        <void method="add"> 
         <double>0.9433919873810983</double> 
        </void> 
        <void method="add"> 
         <double>0.9434597443973577</double> 
        </void> 
        <void method="add"> 
         <double>0.9439704103689652</double> 
        </void> 
        <void method="add"> 
         <double>0.9457152740200723</double> 
        </void> 
        <void method="add"> 
         <double>0.9463685408497725</double> 
        </void> 
        <void method="add"> 
         <double>0.9473199975444834</double> 
        </void> 
        <void method="add"> 
         <double>0.9483427086209005</double> 
        </void> 
        <void method="add"> 
         <double>0.948763044203912</double> 
        </void> 
        <void method="add"> 
         <double>0.9433927951946323</double> 
        </void> 
        <void method="add"> 
         <double>0.9464279052334622</double> 
        </void> 
        <void method="add"> 
         <double>0.9469981368064191</double> 
        </void> 
        <void method="add"> 
         <double>0.936431399794534</double> 
        </void> 
        <void method="add"> 
         <double>0.9413164897549396</double> 
        </void> 
       </object> 
      </void> 
      <void property="stdev"> 
       <double>0.004895180098365451</double> 
      </void> 
     </object> 
    </void> 
    <void index="10"> 
     <object class="jmbench.tools.EvaluationMetrics"> 
      <void property="max"> 
       <double>0.12114351575958654</double> 
      </void> 
      <void property="mean"> 
       <double>0.11706607275028638</double> 
      </void> 
      <void property="median"> 
       <double>0.11979731299979485</double> 
      </void> 
      <void property="min"> 
       <double>0.09970232149062858</double> 
      </void> 
      <void property="rawResults"> 
       <object class="java.util.ArrayList"> 
        <void method="add"> 
         <double>0.09970232149062858</double> 
        </void> 
        <void method="add"> 
         <double>0.10676062358831129</double> 
        </void> 
        <void method="add"> 
         <double>0.10705929563055104</double> 
        </void> 
        <void method="add"> 
         <double>0.10831799988962267</double> 
        </void> 
        <void method="add"> 
         <double>0.11823270959756059</double> 
        </void> 
        <void method="add"> 
         <double>0.11857329808934769</double> 
        </void> 
        <void method="add"> 
         <double>0.11904746859429446</double> 
        </void> 
        <void method="add"> 
         <double>0.11921601742014011</double> 
        </void> 
        <void method="add"> 
         <double>0.11923728403219365</double> 
        </void> 
        <void method="add"> 
         <double>0.11942256388707251</double> 
        </void> 
        <void method="add"> 
         <double>0.11979731299979485</double> 
        </void> 
        <void method="add"> 
         <double>0.11988705672966388</double> 
        </void> 
        <void method="add"> 
         <double>0.11997466705631286</double> 
        </void> 
        <void method="add"> 
         <double>0.11999444033599414</double> 
        </void> 
        <void method="add"> 
         <double>0.11999636009761075</double> 
        </void> 
        <void method="add"> 
         <double>0.12021592516558563</double> 
        </void> 
        <void method="add"> 
         <double>0.12052306487568035</double> 
        </void> 
        <void method="add"> 
         <double>0.12082937258627295</double> 
        </void> 
        <void method="add"> 
         <double>0.12086583352293284</double> 
        </void> 
        <void method="add"> 
         <double>0.12114351575958654</double> 
        </void> 
        <void method="add"> 
         <double>0.10781864833871092</double> 
        </void> 
        <void method="add"> 
         <double>0.12037076891687172</double> 
        </void> 
        <void method="add"> 
         <double>0.12038507436498141</double> 
        </void> 
        <void method="add"> 
         <double>0.11982200421144293</double> 
        </void> 
        <void method="add"> 
         <double>0.1194581915759956</double> 
        </void> 
       </object> 
      </void> 
      <void property="stdev"> 
       <double>0.005781770297293308</double> 
      </void> 
     </object> 
    </void> 
    <void index="11"> 
     <object class="jmbench.tools.EvaluationMetrics"> 
      <void property="max"> 
       <double>0.015003795683037663</double> 
      </void> 
      <void property="mean"> 
       <double>0.015003795683037663</double> 
      </void> 
      <void property="median"> 
       <double>0.015003795683037663</double> 
      </void> 
      <void property="min"> 
       <double>0.015003795683037663</double> 
      </void> 
      <void property="rawResults"> 
       <object class="java.util.ArrayList"> 
        <void method="add"> 
         <double>0.015003795683037663</double> 
        </void> 
       </object> 
      </void> 
     </object> 
    </void> 
   </array> 
  </void> 
  <void property="opName"> 
   <string>SVD</string> 
  </void> 
 </object> 
</java> 
