<jmbench.tools.stability.StabilityTrialResults>
  <breakingPoints>
    <double>2.5306399329956997E-15</double>
    <double>2.4106216667883936E-15</double>
    <double>2.7759207975124737E-15</double>
    <double>2.4137578460750983E-15</double>
    <double>2.500467993225674E-15</double>
    <double>2.4559199380536745E-15</double>
    <double>2.4304772900349368E-15</double>
    <double>2.354679344225097E-15</double>
    <double>2.7342287276112173E-15</double>
    <double>2.4456946978104425E-15</double>
    <double>2.37166175101281E-15</double>
    <double>2.3880430851902625E-15</double>
    <double>2.4763451577519746E-15</double>
    <double>2.6068615689713246E-15</double>
    <double>2.3619067249105427E-15</double>
    <double>2.436290243626115E-15</double>
    <double>2.3229096499952094E-15</double>
    <double>2.334800693498577E-15</double>
    <double>2.4412639461436513E-15</double>
    <double>2.4238800705461204E-15</double>
    <double>2.372191361985321E-15</double>
    <double>2.561573137477494E-15</double>
    <double>2.752632530082142E-15</double>
    <double>2.2224901442411504E-15</double>
    <double>2.420073496473448E-15</double>
    <double>2.55727811414549E-15</double>
    <double>2.4287458269826077E-15</double>
    <double>2.50564720949865E-15</double>
    <double>2.269857330360575E-15</double>
    <double>2.395943897589395E-15</double>
    <double>2.1774311930057515E-15</double>
    <double>2.4995839592524336E-15</double>
    <double>2.5422792734257268E-15</double>
    <double>2.5651379477292012E-15</double>
    <double>2.343522149138274E-15</double>
    <double>2.4516176093138616E-15</double>
    <double>2.4296115006707615E-15</double>
    <double>2.2857317987387588E-15</double>
    <double>2.5355718842153555E-15</double>
    <double>2.405670738254603E-15</double>
    <double>2.2721310544893107E-15</double>
    <double>2.626342157768747E-15</double>
    <double>2.6664438870556667E-15</double>
    <double>2.517718355311965E-15</double>
    <double>2.5203373540222502E-15</double>
    <double>2.3931377681088863E-15</double>
    <double>2.5393488157507273E-15</double>
    <double>2.5010407368713658E-15</double>
  </breakingPoints>
  <numFinished>48</numFinished>
  <numLargeError>0</numLargeError>
  <numUncountable>0</numUncountable>
  <numGraceful>0</numGraceful>
  <numUnexpectedException>0</numUnexpectedException>
  <libraryName>ojAlgo</libraryName>
  <benchmarkName>Least squares accuracy</benchmarkName>
  <unexpectedExceptions/>
  <durationMilli>129517</durationMilli>
  <memoryBytes>227</memoryBytes>
</jmbench.tools.stability.StabilityTrialResults>