<jmbench.tools.stability.StabilityTrialResults>
  <breakingPoints>
    <double>1.9389993479993646E-14</double>
    <double>1.7789818780465668E-14</double>
    <double>2.1506674033344917E-14</double>
    <double>2.1496926659630877E-14</double>
    <double>2.0780304990992555E-14</double>
    <double>1.866427238857447E-14</double>
    <double>1.881646179111418E-14</double>
    <double>1.7218625666030248E-14</double>
    <double>1.6107050524283614E-14</double>
    <double>1.608783586757834E-14</double>
    <double>2.1889747113610422E-14</double>
    <double>2.2183922575345324E-14</double>
    <double>1.9031395200263458E-14</double>
    <double>2.4187939639095878E-14</double>
    <double>1.7629421792738014E-14</double>
    <double>2.011134258950504E-14</double>
    <double>1.7639663461717825E-14</double>
    <double>2.0083170318372992E-14</double>
    <double>1.634386633891831E-14</double>
    <double>1.7747412955390246E-14</double>
    <double>2.18183763030686E-14</double>
    <double>1.816646580934631E-14</double>
    <double>1.930540490082672E-14</double>
    <double>1.9520228540475798E-14</double>
    <double>1.6667231348081542E-14</double>
    <double>2.3378613706023702E-14</double>
    <double>2.2629010996025E-14</double>
    <double>1.5475095127730197E-14</double>
    <double>1.679167310834655E-14</double>
    <double>1.8917716361537696E-14</double>
    <double>2.2427960681946252E-14</double>
    <double>2.0325441031539117E-14</double>
    <double>1.996766167144052E-14</double>
    <double>1.5467097010098273E-14</double>
    <double>1.7051189168074756E-14</double>
    <double>1.6845245533490474E-14</double>
    <double>1.8766297471591645E-14</double>
    <double>1.6915390739934085E-14</double>
    <double>1.547907386889297E-14</double>
    <double>1.9120939822174308E-14</double>
    <double>2.2578313944294828E-14</double>
    <double>1.7437473824588135E-14</double>
    <double>2.1875645191354538E-14</double>
    <double>1.9011509747787795E-14</double>
    <double>1.9458836758815738E-14</double>
    <double>1.9685785300061945E-14</double>
    <double>2.531630885856543E-14</double>
    <double>1.8402351312496956E-14</double>
  </breakingPoints>
  <numFinished>48</numFinished>
  <numLargeError>0</numLargeError>
  <numUncountable>0</numUncountable>
  <numGraceful>0</numGraceful>
  <numUnexpectedException>0</numUnexpectedException>
  <libraryName>ojAlgo</libraryName>
  <benchmarkName>Linear accuracy</benchmarkName>
  <unexpectedExceptions/>
  <durationMilli>136017</durationMilli>
  <memoryBytes>227</memoryBytes>
</jmbench.tools.stability.StabilityTrialResults>