<jmbench.tools.stability.StabilityTrialResults>
  <breakingPoints>
    <double>1.0E155</double>
    <double>1.0E155</double>
    <double>1.0E155</double>
    <double>1.0E155</double>
    <double>1.0E155</double>
    <double>1.0E155</double>
    <double>1.0E155</double>
  </breakingPoints>
  <numFinished>0</numFinished>
  <numLargeError>0</numLargeError>
  <numUncountable>0</numUncountable>
  <numGraceful>0</numGraceful>
  <numUnexpectedException>7</numUnexpectedException>
  <libraryName>PColt</libraryName>
  <benchmarkName>Eigenvalue Symmetric Overflow</benchmarkName>
  <unexpectedExceptions>
    <jmbench.tools.stability.ExceptionInfo>
      <shortName>ArrayIndexOutOfBoundsException</shortName>
      <numTimesThrown>49</numTimesThrown>
      <stackTrace>
        <string>cern.colt.matrix.tdouble.algo.decomposition.DenseDoubleEigenvalueDecomposition.tql2(Unknown Source)</string>
        <string>cern.colt.matrix.tdouble.algo.decomposition.DenseDoubleEigenvalueDecomposition.&lt;init&gt;(Unknown Source)</string>
        <string>cern.colt.matrix.tdouble.algo.DenseDoubleAlgebra.eig(Unknown Source)</string>
        <string>jmbench.impl.runtime.PColtAlgorithmFactory$Eig.process(PColtAlgorithmFactory.java:177)</string>
        <string>jmbench.tools.stability.tests.OverflowTestBase.check(OverflowTestBase.java:117)</string>
        <string>jmbench.tools.stability.tests.BreakingPointBinarySearch.findCriticalPoint(BreakingPointBinarySearch.java:40)</string>
        <string>jmbench.tools.stability.tests.OverflowTestBase.beakOperation(OverflowTestBase.java:91)</string>
        <string>jmbench.tools.stability.tests.OverflowTestBase.performTest(OverflowTestBase.java:80)</string>
        <string>jmbench.tools.stability.StabilityTestBase.evaluate(StabilityTestBase.java:121)</string>
        <string>jmbench.tools.EvaluatorSlave.evaluationLoop(EvaluatorSlave.java:180)</string>
        <string>jmbench.tools.EvaluatorSlave.main(EvaluatorSlave.java:87)</string>
      </stackTrace>
    </jmbench.tools.stability.ExceptionInfo>
  </unexpectedExceptions>
  <durationMilli>41507</durationMilli>
  <memoryBytes>227</memoryBytes>
</jmbench.tools.stability.StabilityTrialResults>