<jmbench.tools.stability.StabilityTrialResults>
  <breakingPoints>
    <double>1.000000000000017E-308</double>
    <double>1.000000000000017E-308</double>
    <double>1.000000000000017E-308</double>
    <double>1.000000000000017E-308</double>
    <double>1.000000000000017E-308</double>
    <double>1.000000000000017E-308</double>
    <double>1.000000000000017E-308</double>
    <double>1.000000000000017E-308</double>
    <double>1.000000000000017E-308</double>
    <double>1.000000000000017E-308</double>
    <double>1.000000000000017E-308</double>
    <double>1.000000000000017E-308</double>
  </breakingPoints>
  <numFinished>0</numFinished>
  <numLargeError>0</numLargeError>
  <numUncountable>12</numUncountable>
  <numGraceful>0</numGraceful>
  <numUnexpectedException>0</numUnexpectedException>
  <libraryName>PColt</libraryName>
  <benchmarkName>Linear Underflow</benchmarkName>
  <unexpectedExceptions/>
  <durationMilli>91014</durationMilli>
  <memoryBytes>227</memoryBytes>
</jmbench.tools.stability.StabilityTrialResults>