<jmbench.tools.stability.StabilityTrialResults>
  <breakingPoints>
    <double>1.7300675847605923E-14</double>
    <double>2.1175068573945807E-14</double>
    <double>1.9497655831621245E-14</double>
    <double>2.0062620082746413E-14</double>
    <double>2.868484262269305E-14</double>
    <double>1.5881561902204737E-14</double>
    <double>1.786052360008141E-14</double>
    <double>1.846673376940771E-14</double>
    <double>2.0737948018521645E-14</double>
    <double>1.9889432428182446E-14</double>
    <double>2.219574044801145E-14</double>
    <double>2.348568837397834E-14</double>
    <double>2.093084335201283E-14</double>
    <double>2.1331942979245773E-14</double>
    <double>1.7536721592985642E-14</double>
    <double>2.12344649015453E-14</double>
    <double>1.7913953028062002E-14</double>
    <double>1.6468580307863563E-14</double>
    <double>1.881668234093688E-14</double>
    <double>1.8613851847260095E-14</double>
    <double>1.7673050470137697E-14</double>
    <double>1.7757603522246E-14</double>
    <double>1.861567877014789E-14</double>
    <double>2.2290672969510628E-14</double>
    <double>1.9823321103975824E-14</double>
    <double>2.0242616184060747E-14</double>
    <double>2.1555371683913494E-14</double>
    <double>1.804147400921148E-14</double>
    <double>1.73934773731385E-14</double>
    <double>1.9578633553564094E-14</double>
    <double>2.2028699905820168E-14</double>
    <double>1.8770902115614514E-14</double>
    <double>2.0011163549545978E-14</double>
    <double>1.8361337037542246E-14</double>
    <double>1.9474398815667754E-14</double>
    <double>1.8662422830011246E-14</double>
    <double>2.0099514471985075E-14</double>
    <double>1.7739277714346262E-14</double>
    <double>1.9302465334735933E-14</double>
    <double>1.9627182239248032E-14</double>
    <double>2.2087291226936535E-14</double>
    <double>1.559901191605252E-14</double>
    <double>2.5570199312796432E-14</double>
    <double>1.560724450882353E-14</double>
    <double>1.926321905415408E-14</double>
    <double>1.6550930684435224E-14</double>
    <double>2.1705553748175084E-14</double>
    <double>1.8203937461365476E-14</double>
  </breakingPoints>
  <numFinished>48</numFinished>
  <numLargeError>0</numLargeError>
  <numUncountable>0</numUncountable>
  <numGraceful>0</numGraceful>
  <numUnexpectedException>0</numUnexpectedException>
  <libraryName>PColt</libraryName>
  <benchmarkName>Linear accuracy</benchmarkName>
  <unexpectedExceptions/>
  <durationMilli>136521</durationMilli>
  <memoryBytes>227</memoryBytes>
</jmbench.tools.stability.StabilityTrialResults>