<jmbench.tools.stability.StabilityTrialResults>
  <breakingPoints>
    <double>6.120628023535892E-15</double>
    <double>6.4172486238311544E-15</double>
    <double>6.934861587393493E-15</double>
    <double>5.8798737156214985E-15</double>
    <double>5.664008963670566E-15</double>
    <double>5.663598789738407E-15</double>
    <double>6.9005200096615364E-15</double>
    <double>6.483980246279024E-15</double>
    <double>6.599410586620336E-15</double>
    <double>6.6001773298964734E-15</double>
    <double>6.350838187353773E-15</double>
    <double>6.664382111828719E-15</double>
    <double>6.162221836440407E-15</double>
    <double>5.7518548044748006E-15</double>
    <double>5.708467858089417E-15</double>
    <double>6.139175209033793E-15</double>
    <double>6.333303191268855E-15</double>
    <double>6.837691343813283E-15</double>
    <double>5.560619705183888E-15</double>
    <double>6.6604194060135265E-15</double>
    <double>6.267855665203379E-15</double>
    <double>5.533871068716237E-15</double>
    <double>5.736365047384492E-15</double>
    <double>5.783147498588676E-15</double>
    <double>6.101446541090737E-15</double>
    <double>6.465676624540966E-15</double>
    <double>5.40340284124131E-15</double>
    <double>6.3591008745318404E-15</double>
    <double>5.31995344792993E-15</double>
    <double>6.831520254706551E-15</double>
    <double>6.614970681192045E-15</double>
    <double>5.9493588792290095E-15</double>
    <double>6.340362493412038E-15</double>
    <double>6.004219734145419E-15</double>
    <double>5.79738186948496E-15</double>
    <double>5.367527773334681E-15</double>
    <double>5.591500694162182E-15</double>
    <double>5.705355834658806E-15</double>
    <double>5.66635779530228E-15</double>
    <double>5.886312060217142E-15</double>
    <double>5.855571596278643E-15</double>
    <double>5.9092681186103255E-15</double>
    <double>6.210185385059342E-15</double>
    <double>6.139292503038437E-15</double>
    <double>6.136368669618808E-15</double>
    <double>6.407219811785346E-15</double>
    <double>6.273233027040073E-15</double>
    <double>6.544942984251806E-15</double>
  </breakingPoints>
  <numFinished>48</numFinished>
  <numLargeError>0</numLargeError>
  <numUncountable>0</numUncountable>
  <numGraceful>0</numGraceful>
  <numUnexpectedException>0</numUnexpectedException>
  <libraryName>UJMP</libraryName>
  <benchmarkName>Invert Symmetric Pos. Def. Accuracy</benchmarkName>
  <unexpectedExceptions/>
  <durationMilli>64010</durationMilli>
  <memoryBytes>227</memoryBytes>
</jmbench.tools.stability.StabilityTrialResults>