<jmbench.tools.stability.StabilityTrialResults>
  <breakingPoints>
    <double>1.2132607080039802E-8</double>
    <double>2.536626743773543E-8</double>
    <double>5.3034563756811777E-8</double>
    <double>7.164183154692703E-9</double>
    <double>1.2320233115273E-7</double>
    <double>7.274974452237555E-8</double>
    <double>1.2320233115273E-7</double>
    <double>1.10882098037457E-7</double>
    <double>7.274974452237555E-8</double>
    <double>1.3480674533377557E-8</double>
    <double>4.2957996643017537E-8</double>
    <double>1.2320233115273E-7</double>
  </breakingPoints>
  <numFinished>0</numFinished>
  <numLargeError>12</numLargeError>
  <numUncountable>0</numUncountable>
  <numGraceful>0</numGraceful>
  <numUnexpectedException>0</numUnexpectedException>
  <libraryName>UJMP</libraryName>
  <benchmarkName>Least Squares singular</benchmarkName>
  <unexpectedExceptions/>
  <durationMilli>84013</durationMilli>
  <memoryBytes>227</memoryBytes>
</jmbench.tools.stability.StabilityTrialResults>