<jmbench.tools.stability.StabilityTrialResults>
  <breakingPoints>
    <double>1.0E308</double>
    <double>Infinity</double>
    <double>Infinity</double>
    <double>Infinity</double>
    <double>Infinity</double>
    <double>Infinity</double>
    <double>Infinity</double>
  </breakingPoints>
  <numFinished>6</numFinished>
  <numLargeError>0</numLargeError>
  <numUncountable>0</numUncountable>
  <numGraceful>0</numGraceful>
  <numUnexpectedException>1</numUnexpectedException>
  <libraryName>UJMP</libraryName>
  <benchmarkName>SVD Overflow</benchmarkName>
  <unexpectedExceptions>
    <jmbench.tools.stability.ExceptionInfo>
      <shortName>ArrayIndexOutOfBoundsException</shortName>
      <numTimesThrown>1</numTimesThrown>
      <stackTrace>
        <string>org.ujmp.core.doublematrix.calculation.general.decomposition.SVD$SVDMatrix.&lt;init&gt;(SVD.java:481)</string>
        <string>org.ujmp.core.doublematrix.calculation.general.decomposition.SVD$SVDMatrix.&lt;init&gt;(SVD.java:169)</string>
        <string>org.ujmp.core.doublematrix.calculation.general.decomposition.SVD$2.calc(SVD.java:77)</string>
        <string>org.ujmp.core.doublematrix.calculation.general.decomposition.SVD$2.calc(SVD.java:1)</string>
        <string>org.ujmp.core.doublematrix.calculation.general.decomposition.SVD$4.calc(SVD.java:116)</string>
        <string>org.ujmp.core.doublematrix.calculation.general.decomposition.SVD$4.calc(SVD.java:1)</string>
        <string>org.ujmp.core.doublematrix.calculation.general.decomposition.SVD$1.calc(SVD.java:64)</string>
        <string>org.ujmp.core.doublematrix.calculation.general.decomposition.SVD$1.calc(SVD.java:1)</string>
        <string>jmbench.impl.runtime.UjmpAlgorithmFactory$SVD.process(UjmpAlgorithmFactory.java:125)</string>
        <string>jmbench.tools.stability.tests.OverflowTestBase.check(OverflowTestBase.java:117)</string>
        <string>jmbench.tools.stability.tests.BreakingPointBinarySearch.findCriticalPoint(BreakingPointBinarySearch.java:40)</string>
        <string>jmbench.tools.stability.tests.OverflowTestBase.beakOperation(OverflowTestBase.java:91)</string>
        <string>jmbench.tools.stability.tests.OverflowTestBase.performTest(OverflowTestBase.java:80)</string>
        <string>jmbench.tools.stability.StabilityTestBase.evaluate(StabilityTestBase.java:121)</string>
        <string>jmbench.tools.EvaluatorSlave.evaluationLoop(EvaluatorSlave.java:180)</string>
        <string>jmbench.tools.EvaluatorSlave.main(EvaluatorSlave.java:87)</string>
      </stackTrace>
    </jmbench.tools.stability.ExceptionInfo>
  </unexpectedExceptions>
  <durationMilli>288043</durationMilli>
  <memoryBytes>227</memoryBytes>
</jmbench.tools.stability.StabilityTrialResults>