<?xml version="1.0" encoding="UTF-8"?> 
<java version="1.6.0_16" class="java.beans.XMLDecoder"> 
 <object class="jmbench.tools.runtime.OperationResults"> 
  <void property="library"> 
   <object class="jmbench.impl.MatrixLibrary" method="valueOf"> 
    <string>MTJ</string> 
   </object> 
  </void> 
  <void property="matDimen"> 
   <array class="int" length="12"> 
    <void index="0"> 
     <int>2</int> 
    </void> 
    <void index="1"> 
     <int>3</int> 
    </void> 
    <void index="2"> 
     <int>4</int> 
    </void> 
    <void index="3"> 
     <int>5</int> 
    </void> 
    <void index="4"> 
     <int>10</int> 
    </void> 
    <void index="5"> 
     <int>20</int> 
    </void> 
    <void index="6"> 
     <int>50</int> 
    </void> 
    <void index="7"> 
     <int>100</int> 
    </void> 
    <void index="8"> 
     <int>200</int> 
    </void> 
    <void index="9"> 
     <int>500</int> 
    </void> 
    <void index="10"> 
     <int>1000</int> 
    </void> 
    <void index="11"> 
     <int>2000</int> 
    </void> 
   </array> 
  </void> 
  <void property="metrics"> 
   <array class="jmbench.tools.EvaluationMetrics" length="12"> 
    <void index="0"> 
     <object class="jmbench.tools.EvaluationMetrics"> 
      <void property="max"> 
       <double>1.0934600596556623E7</double> 
      </void> 
      <void property="mean"> 
       <double>1.0088216194907358E7</double> 
      </void> 
      <void property="median"> 
       <double>1.004093806485076E7</double> 
      </void> 
      <void property="min"> 
       <double>8929640.4338449</double> 
      </void> 
      <void property="rawResults"> 
       <object class="java.util.ArrayList"> 
        <void method="add"> 
         <double>9912386.197135674</double> 
        </void> 
        <void method="add"> 
         <double>9975191.5617403</double> 
        </void> 
        <void method="add"> 
         <double>9997193.245979777</double> 
        </void> 
        <void method="add"> 
         <double>1.0012820771220326E7</double> 
        </void> 
        <void method="add"> 
         <double>1.0035718516228959E7</double> 
        </void> 
        <void method="add"> 
         <double>1.0037773062708622E7</double> 
        </void> 
        <void method="add"> 
         <double>1.0040879779576194E7</double> 
        </void> 
        <void method="add"> 
         <double>1.004093806485076E7</double> 
        </void> 
        <void method="add"> 
         <double>1.0075588612092715E7</double> 
        </void> 
        <void method="add"> 
         <double>1.007875440089698E7</double> 
        </void> 
        <void method="add"> 
         <double>1.0084874679589225E7</double> 
        </void> 
        <void method="add"> 
         <double>1.009017152250006E7</double> 
        </void> 
        <void method="add"> 
         <double>1.0138912049605805E7</double> 
        </void> 
        <void method="add"> 
         <double>1.0141998204245338E7</double> 
        </void> 
        <void method="add"> 
         <double>1.0232010564165305E7</double> 
        </void> 
        <void method="add"> 
         <double>1.0736244139982963E7</double> 
        </void> 
        <void method="add"> 
         <double>1.0827935278443256E7</double> 
        </void> 
        <void method="add"> 
         <double>1.084961838246764E7</double> 
        </void> 
        <void method="add"> 
         <double>1.0875053473732172E7</double> 
        </void> 
        <void method="add"> 
         <double>1.0934600596556623E7</double> 
        </void> 
        <void method="add"> 
         <double>9500998.05131922</double> 
        </void> 
        <void method="add"> 
         <double>9474029.425376635</double> 
        </void> 
        <void method="add"> 
         <double>9663276.921431975</double> 
        </void> 
        <void method="add"> 
         <double>9518796.936992604</double> 
        </void> 
        <void method="add"> 
         <double>8929640.4338449</double> 
        </void> 
       </object> 
      </void> 
      <void property="stdev"> 
       <double>470970.8075677324</double> 
      </void> 
     </object> 
    </void> 
    <void index="1"> 
     <object class="jmbench.tools.EvaluationMetrics"> 
      <void property="max"> 
       <double>6012051.982836342</double> 
      </void> 
      <void property="mean"> 
       <double>5847006.355914681</double> 
      </void> 
      <void property="median"> 
       <double>5849383.38505219</double> 
      </void> 
      <void property="min"> 
       <double>5660656.309061222</double> 
      </void> 
      <void property="rawResults"> 
       <object class="java.util.ArrayList"> 
        <void method="add"> 
         <double>5660656.309061222</double> 
        </void> 
        <void method="add"> 
         <double>5685002.06691426</double> 
        </void> 
        <void method="add"> 
         <double>5690058.445106489</double> 
        </void> 
        <void method="add"> 
         <double>5691618.828812636</double> 
        </void> 
        <void method="add"> 
         <double>5695949.704217088</double> 
        </void> 
        <void method="add"> 
         <double>5724091.215908053</double> 
        </void> 
        <void method="add"> 
         <double>5741132.571795707</double> 
        </void> 
        <void method="add"> 
         <double>5812044.289569767</double> 
        </void> 
        <void method="add"> 
         <double>5814231.388056951</double> 
        </void> 
        <void method="add"> 
         <double>5830858.015407879</double> 
        </void> 
        <void method="add"> 
         <double>5845323.344232769</double> 
        </void> 
        <void method="add"> 
         <double>5857955.623135639</double> 
        </void> 
        <void method="add"> 
         <double>5952868.796568069</double> 
        </void> 
        <void method="add"> 
         <double>5959547.906113633</double> 
        </void> 
        <void method="add"> 
         <double>5960527.115920909</double> 
        </void> 
        <void method="add"> 
         <double>5960716.611915533</double> 
        </void> 
        <void method="add"> 
         <double>5964277.665972797</double> 
        </void> 
        <void method="add"> 
         <double>5966101.263672974</double> 
        </void> 
        <void method="add"> 
         <double>6006024.937958692</double> 
        </void> 
        <void method="add"> 
         <double>6012051.982836342</double> 
        </void> 
        <void method="add"> 
         <double>5899430.7130687805</double> 
        </void> 
        <void method="add"> 
         <double>5853899.424909449</double> 
        </void> 
        <void method="add"> 
         <double>5849383.38505219</double> 
        </void> 
        <void method="add"> 
         <double>5841366.134626782</double> 
        </void> 
        <void method="add"> 
         <double>5900041.157032448</double> 
        </void> 
       </object> 
      </void> 
      <void property="stdev"> 
       <double>109062.13679981891</double> 
      </void> 
     </object> 
    </void> 
    <void index="2"> 
     <object class="jmbench.tools.EvaluationMetrics"> 
      <void property="max"> 
       <double>3813648.7973790565</double> 
      </void> 
      <void property="mean"> 
       <double>3744151.0341618615</double> 
      </void> 
      <void property="median"> 
       <double>3795865.331840006</double> 
      </void> 
      <void property="min"> 
       <double>3555095.7746076332</double> 
      </void> 
      <void property="rawResults"> 
       <object class="java.util.ArrayList"> 
        <void method="add"> 
         <double>3555095.7746076332</double> 
        </void> 
        <void method="add"> 
         <double>3608326.346179015</double> 
        </void> 
        <void method="add"> 
         <double>3609311.027831737</double> 
        </void> 
        <void method="add"> 
         <double>3612652.368433446</double> 
        </void> 
        <void method="add"> 
         <double>3641022.9875565106</double> 
        </void> 
        <void method="add"> 
         <double>3791985.026671267</double> 
        </void> 
        <void method="add"> 
         <double>3792557.3446422326</double> 
        </void> 
        <void method="add"> 
         <double>3795865.331840006</double> 
        </void> 
        <void method="add"> 
         <double>3796534.4255532594</double> 
        </void> 
        <void method="add"> 
         <double>3796834.462723921</double> 
        </void> 
        <void method="add"> 
         <double>3797983.490247751</double> 
        </void> 
        <void method="add"> 
         <double>3799592.9643684844</double> 
        </void> 
        <void method="add"> 
         <double>3799609.0608110134</double> 
        </void> 
        <void method="add"> 
         <double>3801220.9404114797</double> 
        </void> 
        <void method="add"> 
         <double>3801241.9191917554</double> 
        </void> 
        <void method="add"> 
         <double>3803012.0955001316</double> 
        </void> 
        <void method="add"> 
         <double>3804731.6536232084</double> 
        </void> 
        <void method="add"> 
         <double>3807884.8301255754</double> 
        </void> 
        <void method="add"> 
         <double>3808318.2403333513</double> 
        </void> 
        <void method="add"> 
         <double>3813648.7973790565</double> 
        </void> 
        <void method="add"> 
         <double>3689068.7564047407</double> 
        </void> 
        <void method="add"> 
         <double>3718537.30622528</double> 
        </void> 
        <void method="add"> 
         <double>3712239.0347449877</double> 
        </void> 
        <void method="add"> 
         <double>3726557.082401271</double> 
        </void> 
        <void method="add"> 
         <double>3719944.58623942</double> 
        </void> 
       </object> 
      </void> 
      <void property="stdev"> 
       <double>78596.74945894783</double> 
      </void> 
     </object> 
    </void> 
    <void index="3"> 
     <object class="jmbench.tools.EvaluationMetrics"> 
      <void property="max"> 
       <double>2735195.3671724955</double> 
      </void> 
      <void property="mean"> 
       <double>2702154.9942575693</double> 
      </void> 
      <void property="median"> 
       <double>2706610.699779271</double> 
      </void> 
      <void property="min"> 
       <double>2663640.24355621</double> 
      </void> 
      <void property="rawResults"> 
       <object class="java.util.ArrayList"> 
        <void method="add"> 
         <double>2663640.24355621</double> 
        </void> 
        <void method="add"> 
         <double>2670303.0143954605</double> 
        </void> 
        <void method="add"> 
         <double>2673541.0630681943</double> 
        </void> 
        <void method="add"> 
         <double>2684445.145161045</double> 
        </void> 
        <void method="add"> 
         <double>2684594.6872783517</double> 
        </void> 
        <void method="add"> 
         <double>2692546.000681321</double> 
        </void> 
        <void method="add"> 
         <double>2697432.7233466515</double> 
        </void> 
        <void method="add"> 
         <double>2702156.8689351054</double> 
        </void> 
        <void method="add"> 
         <double>2706610.699779271</double> 
        </void> 
        <void method="add"> 
         <double>2706772.186128089</double> 
        </void> 
        <void method="add"> 
         <double>2709033.6328199673</double> 
        </void> 
        <void method="add"> 
         <double>2709479.6903753774</double> 
        </void> 
        <void method="add"> 
         <double>2710344.801583371</double> 
        </void> 
        <void method="add"> 
         <double>2711129.998237222</double> 
        </void> 
        <void method="add"> 
         <double>2711813.1211661603</double> 
        </void> 
        <void method="add"> 
         <double>2716056.4750505215</double> 
        </void> 
        <void method="add"> 
         <double>2728765.60772634</double> 
        </void> 
        <void method="add"> 
         <double>2731758.483313984</double> 
        </void> 
        <void method="add"> 
         <double>2734058.8117086575</double> 
        </void> 
        <void method="add"> 
         <double>2735195.3671724955</double> 
        </void> 
        <void method="add"> 
         <double>2686346.2053225865</double> 
        </void> 
        <void method="add"> 
         <double>2701290.15229041</double> 
        </void> 
        <void method="add"> 
         <double>2711476.010138098</double> 
        </void> 
        <void method="add"> 
         <double>2689555.734195224</double> 
        </void> 
        <void method="add"> 
         <double>2685528.1330091073</double> 
        </void> 
       </object> 
      </void> 
      <void property="stdev"> 
       <double>19074.980857750128</double> 
      </void> 
     </object> 
    </void> 
    <void index="4"> 
     <object class="jmbench.tools.EvaluationMetrics"> 
      <void property="max"> 
       <double>871459.426453489</double> 
      </void> 
      <void property="mean"> 
       <double>798295.7801543925</double> 
      </void> 
      <void property="median"> 
       <double>861701.9349160761</double> 
      </void> 
      <void property="min"> 
       <double>679591.1241853595</double> 
      </void> 
      <void property="rawResults"> 
       <object class="java.util.ArrayList"> 
        <void method="add"> 
         <double>679591.1241853595</double> 
        </void> 
        <void method="add"> 
         <double>679619.2449869649</double> 
        </void> 
        <void method="add"> 
         <double>680055.0668487921</double> 
        </void> 
        <void method="add"> 
         <double>681205.8634074698</double> 
        </void> 
        <void method="add"> 
         <double>681433.6908501667</double> 
        </void> 
        <void method="add"> 
         <double>681964.174109997</double> 
        </void> 
        <void method="add"> 
         <double>682787.075000898</double> 
        </void> 
        <void method="add"> 
         <double>698392.996370932</double> 
        </void> 
        <void method="add"> 
         <double>700247.5252387758</double> 
        </void> 
        <void method="add"> 
         <double>798695.5334376986</double> 
        </void> 
        <void method="add"> 
         <double>856838.5168770709</double> 
        </void> 
        <void method="add"> 
         <double>860998.236294772</double> 
        </void> 
        <void method="add"> 
         <double>862875.9121731519</double> 
        </void> 
        <void method="add"> 
         <double>865966.1177240369</double> 
        </void> 
        <void method="add"> 
         <double>866454.2445400393</double> 
        </void> 
        <void method="add"> 
         <double>867696.0110613222</double> 
        </void> 
        <void method="add"> 
         <double>868193.3138396062</double> 
        </void> 
        <void method="add"> 
         <double>870488.533751579</double> 
        </void> 
        <void method="add"> 
         <double>870891.3256002539</double> 
        </void> 
        <void method="add"> 
         <double>871459.426453489</double> 
        </void> 
        <void method="add"> 
         <double>870888.8348017529</double> 
        </void> 
        <void method="add"> 
         <double>868505.8454362943</double> 
        </void> 
        <void method="add"> 
         <double>868048.4586018586</double> 
        </void> 
        <void method="add"> 
         <double>861701.9349160761</double> 
        </void> 
        <void method="add"> 
         <double>862395.4973514514</double> 
        </void> 
       </object> 
      </void> 
      <void property="stdev"> 
       <double>86134.08171499422</double> 
      </void> 
     </object> 
    </void> 
    <void index="5"> 
     <object class="jmbench.tools.EvaluationMetrics"> 
      <void property="max"> 
       <double>206569.28108598918</double> 
      </void> 
      <void property="mean"> 
       <double>199712.08001134696</double> 
      </void> 
      <void property="median"> 
       <double>199594.42164091693</double> 
      </void> 
      <void property="min"> 
       <double>183175.56396703696</double> 
      </void> 
      <void property="rawResults"> 
       <object class="java.util.ArrayList"> 
        <void method="add"> 
         <double>183175.56396703696</double> 
        </void> 
        <void method="add"> 
         <double>196044.97593565067</double> 
        </void> 
        <void method="add"> 
         <double>196698.43993093778</double> 
        </void> 
        <void method="add"> 
         <double>197684.6636565778</double> 
        </void> 
        <void method="add"> 
         <double>198022.43861836602</double> 
        </void> 
        <void method="add"> 
         <double>198067.9842219701</double> 
        </void> 
        <void method="add"> 
         <double>198162.0267590507</double> 
        </void> 
        <void method="add"> 
         <double>198537.5955466006</double> 
        </void> 
        <void method="add"> 
         <double>198555.12790412508</double> 
        </void> 
        <void method="add"> 
         <double>198939.1317769536</double> 
        </void> 
        <void method="add"> 
         <double>199594.42164091693</double> 
        </void> 
        <void method="add"> 
         <double>200001.89546127946</double> 
        </void> 
        <void method="add"> 
         <double>200190.94888745184</double> 
        </void> 
        <void method="add"> 
         <double>201019.05912368133</double> 
        </void> 
        <void method="add"> 
         <double>201091.72435887548</double> 
        </void> 
        <void method="add"> 
         <double>203165.98849205312</double> 
        </void> 
        <void method="add"> 
         <double>203318.43016362723</double> 
        </void> 
        <void method="add"> 
         <double>203420.74315790713</double> 
        </void> 
        <void method="add"> 
         <double>204613.0615491387</double> 
        </void> 
        <void method="add"> 
         <double>206569.28108598918</double> 
        </void> 
        <void method="add"> 
         <double>203363.754150557</double> 
        </void> 
        <void method="add"> 
         <double>199112.11015534453</double> 
        </void> 
        <void method="add"> 
         <double>200727.3376520664</double> 
        </void> 
        <void method="add"> 
         <double>199258.51424663086</double> 
        </void> 
        <void method="add"> 
         <double>203466.78184088625</double> 
        </void> 
       </object> 
      </void> 
      <void property="stdev"> 
       <double>4261.785665286564</double> 
      </void> 
     </object> 
    </void> 
    <void index="6"> 
     <object class="jmbench.tools.EvaluationMetrics"> 
      <void property="max"> 
       <double>43527.16470768497</double> 
      </void> 
      <void property="mean"> 
       <double>43313.53677139286</double> 
      </void> 
      <void property="median"> 
       <double>43346.163374085765</double> 
      </void> 
      <void property="min"> 
       <double>42723.106881178115</double> 
      </void> 
      <void property="rawResults"> 
       <object class="java.util.ArrayList"> 
        <void method="add"> 
         <double>42958.67890586801</double> 
        </void> 
        <void method="add"> 
         <double>43226.532559635336</double> 
        </void> 
        <void method="add"> 
         <double>43235.32129036781</double> 
        </void> 
        <void method="add"> 
         <double>43241.15241778915</double> 
        </void> 
        <void method="add"> 
         <double>43259.293355598675</double> 
        </void> 
        <void method="add"> 
         <double>43309.2429789548</double> 
        </void> 
        <void method="add"> 
         <double>43311.76656840326</double> 
        </void> 
        <void method="add"> 
         <double>43311.7744715661</double> 
        </void> 
        <void method="add"> 
         <double>43321.554172756514</double> 
        </void> 
        <void method="add"> 
         <double>43346.163374085765</double> 
        </void> 
        <void method="add"> 
         <double>43347.40063701913</double> 
        </void> 
        <void method="add"> 
         <double>43373.38446973753</double> 
        </void> 
        <void method="add"> 
         <double>43378.127357110316</double> 
        </void> 
        <void method="add"> 
         <double>43387.70759261999</double> 
        </void> 
        <void method="add"> 
         <double>43394.79557617163</double> 
        </void> 
        <void method="add"> 
         <double>43438.08252405202</double> 
        </void> 
        <void method="add"> 
         <double>43454.461029213635</double> 
        </void> 
        <void method="add"> 
         <double>43463.527489889544</double> 
        </void> 
        <void method="add"> 
         <double>43514.50554781897</double> 
        </void> 
        <void method="add"> 
         <double>43527.16470768497</double> 
        </void> 
        <void method="add"> 
         <double>43271.506188687694</double> 
        </void> 
        <void method="add"> 
         <double>43351.429916301124</double> 
        </void> 
        <void method="add"> 
         <double>43401.82963332026</double> 
        </void> 
        <void method="add"> 
         <double>43289.90963899134</double> 
        </void> 
        <void method="add"> 
         <double>42723.106881178115</double> 
        </void> 
       </object> 
      </void> 
      <void property="stdev"> 
       <double>164.19612483453236</double> 
      </void> 
     </object> 
    </void> 
    <void index="7"> 
     <object class="jmbench.tools.EvaluationMetrics"> 
      <void property="max"> 
       <double>10994.152882535776</double> 
      </void> 
      <void property="mean"> 
       <double>10935.17110305987</double> 
      </void> 
      <void property="median"> 
       <double>10952.975552680819</double> 
      </void> 
      <void property="min"> 
       <double>10832.252872872234</double> 
      </void> 
      <void property="rawResults"> 
       <object class="java.util.ArrayList"> 
        <void method="add"> 
         <double>10832.252872872234</double> 
        </void> 
        <void method="add"> 
         <double>10847.387423247512</double> 
        </void> 
        <void method="add"> 
         <double>10847.968342567183</double> 
        </void> 
        <void method="add"> 
         <double>10864.791636252665</double> 
        </void> 
        <void method="add"> 
         <double>10931.672023380783</double> 
        </void> 
        <void method="add"> 
         <double>10942.456203661923</double> 
        </void> 
        <void method="add"> 
         <double>10950.635055107019</double> 
        </void> 
        <void method="add"> 
         <double>10951.271572928985</double> 
        </void> 
        <void method="add"> 
         <double>10951.435901365681</double> 
        </void> 
        <void method="add"> 
         <double>10953.518325020363</double> 
        </void> 
        <void method="add"> 
         <double>10955.44581807648</double> 
        </void> 
        <void method="add"> 
         <double>10956.850906692473</double> 
        </void> 
        <void method="add"> 
         <double>10958.860272463457</double> 
        </void> 
        <void method="add"> 
         <double>10962.081953698253</double> 
        </void> 
        <void method="add"> 
         <double>10966.160473733975</double> 
        </void> 
        <void method="add"> 
         <double>10966.26400412675</double> 
        </void> 
        <void method="add"> 
         <double>10969.777271645584</double> 
        </void> 
        <void method="add"> 
         <double>10977.248989866377</double> 
        </void> 
        <void method="add"> 
         <double>10979.758624448947</double> 
        </void> 
        <void method="add"> 
         <double>10994.152882535776</double> 
        </void> 
        <void method="add"> 
         <double>10964.20878691571</double> 
        </void> 
        <void method="add"> 
         <double>10904.63505453089</double> 
        </void> 
        <void method="add"> 
         <double>10887.447308639716</double> 
        </void> 
        <void method="add"> 
         <double>10910.020320037267</double> 
        </void> 
        <void method="add"> 
         <double>10952.975552680819</double> 
        </void> 
       </object> 
      </void> 
      <void property="stdev"> 
       <double>44.520519297691436</double> 
      </void> 
     </object> 
    </void> 
    <void index="8"> 
     <object class="jmbench.tools.EvaluationMetrics"> 
      <void property="max"> 
       <double>2761.9592906593393</double> 
      </void> 
      <void property="mean"> 
       <double>2634.5064827230813</double> 
      </void> 
      <void property="median"> 
       <double>2744.693827097389</double> 
      </void> 
      <void property="min"> 
       <double>2131.6685988366266</double> 
      </void> 
      <void property="rawResults"> 
       <object class="java.util.ArrayList"> 
        <void method="add"> 
         <double>2135.838860036588</double> 
        </void> 
        <void method="add"> 
         <double>2202.0271252629473</double> 
        </void> 
        <void method="add"> 
         <double>2202.160982948398</double> 
        </void> 
        <void method="add"> 
         <double>2204.938473527423</double> 
        </void> 
        <void method="add"> 
         <double>2733.576962187529</double> 
        </void> 
        <void method="add"> 
         <double>2735.278933163589</double> 
        </void> 
        <void method="add"> 
         <double>2740.9112515847128</double> 
        </void> 
        <void method="add"> 
         <double>2743.920370564944</double> 
        </void> 
        <void method="add"> 
         <double>2744.3742294019635</double> 
        </void> 
        <void method="add"> 
         <double>2744.693827097389</double> 
        </void> 
        <void method="add"> 
         <double>2750.139413249412</double> 
        </void> 
        <void method="add"> 
         <double>2750.7197562151223</double> 
        </void> 
        <void method="add"> 
         <double>2754.3306105821557</double> 
        </void> 
        <void method="add"> 
         <double>2754.463030665215</double> 
        </void> 
        <void method="add"> 
         <double>2754.693081382069</double> 
        </void> 
        <void method="add"> 
         <double>2755.838110981981</double> 
        </void> 
        <void method="add"> 
         <double>2756.028352321311</double> 
        </void> 
        <void method="add"> 
         <double>2756.7905184102556</double> 
        </void> 
        <void method="add"> 
         <double>2761.8382757081768</double> 
        </void> 
        <void method="add"> 
         <double>2761.9592906593393</double> 
        </void> 
        <void method="add"> 
         <double>2131.6685988366266</double> 
        </void> 
        <void method="add"> 
         <double>2751.2887711872204</double> 
        </void> 
        <void method="add"> 
         <double>2743.178938589444</double> 
        </void> 
        <void method="add"> 
         <double>2750.386127393515</double> 
        </void> 
        <void method="add"> 
         <double>2741.6181761197104</double> 
        </void> 
       </object> 
      </void> 
      <void property="stdev"> 
       <double>230.19974562815804</double> 
      </void> 
     </object> 
    </void> 
    <void index="9"> 
     <object class="jmbench.tools.EvaluationMetrics"> 
      <void property="max"> 
       <double>318.7099723489664</double> 
      </void> 
      <void property="mean"> 
       <double>314.0624719254128</double> 
      </void> 
      <void property="median"> 
       <double>314.6665286347348</double> 
      </void> 
      <void property="min"> 
       <double>304.45007518968845</double> 
      </void> 
      <void property="rawResults"> 
       <object class="java.util.ArrayList"> 
        <void method="add"> 
         <double>304.45007518968845</double> 
        </void> 
        <void method="add"> 
         <double>308.0101199063615</double> 
        </void> 
        <void method="add"> 
         <double>311.03535156491336</double> 
        </void> 
        <void method="add"> 
         <double>311.0456636989889</double> 
        </void> 
        <void method="add"> 
         <double>311.60695822920184</double> 
        </void> 
        <void method="add"> 
         <double>312.0092359250284</double> 
        </void> 
        <void method="add"> 
         <double>312.45942854503886</double> 
        </void> 
        <void method="add"> 
         <double>313.73065395990454</double> 
        </void> 
        <void method="add"> 
         <double>314.94124238375355</double> 
        </void> 
        <void method="add"> 
         <double>315.01738023621664</double> 
        </void> 
        <void method="add"> 
         <double>315.80730615650674</double> 
        </void> 
        <void method="add"> 
         <double>316.3678472458293</double> 
        </void> 
        <void method="add"> 
         <double>316.571688059628</double> 
        </void> 
        <void method="add"> 
         <double>317.06744939946344</double> 
        </void> 
        <void method="add"> 
         <double>317.6808726037279</double> 
        </void> 
        <void method="add"> 
         <double>317.74548860987613</double> 
        </void> 
        <void method="add"> 
         <double>318.0103573853332</double> 
        </void> 
        <void method="add"> 
         <double>318.0521487965511</double> 
        </void> 
        <void method="add"> 
         <double>318.5735256598978</double> 
        </void> 
        <void method="add"> 
         <double>318.7099723489664</double> 
        </void> 
        <void method="add"> 
         <double>311.46457129693545</double> 
        </void> 
        <void method="add"> 
         <double>310.35317691648726</double> 
        </void> 
        <void method="add"> 
         <double>313.0982903728431</double> 
        </void> 
        <void method="add"> 
         <double>314.6665286347348</double> 
        </void> 
        <void method="add"> 
         <double>313.08646500944343</double> 
        </void> 
       </object> 
      </void> 
      <void property="stdev"> 
       <double>3.5125657092210076</double> 
      </void> 
     </object> 
    </void> 
    <void index="10"> 
     <object class="jmbench.tools.EvaluationMetrics"> 
      <void property="max"> 
       <double>84.42765979662441</double> 
      </void> 
      <void property="mean"> 
       <double>83.05286695404108</double> 
      </void> 
      <void property="median"> 
       <double>83.4847746035947</double> 
      </void> 
      <void property="min"> 
       <double>80.68963256591572</double> 
      </void> 
      <void property="rawResults"> 
       <object class="java.util.ArrayList"> 
        <void method="add"> 
         <double>80.68963256591572</double> 
        </void> 
        <void method="add"> 
         <double>81.38657333561753</double> 
        </void> 
        <void method="add"> 
         <double>81.46445111137089</double> 
        </void> 
        <void method="add"> 
         <double>81.48150754458995</double> 
        </void> 
        <void method="add"> 
         <double>81.84464805716644</double> 
        </void> 
        <void method="add"> 
         <double>82.85002739352973</double> 
        </void> 
        <void method="add"> 
         <double>82.99652495326079</double> 
        </void> 
        <void method="add"> 
         <double>83.00275939906864</double> 
        </void> 
        <void method="add"> 
         <double>83.26095626710314</double> 
        </void> 
        <void method="add"> 
         <double>83.4847746035947</double> 
        </void> 
        <void method="add"> 
         <double>83.5267623005992</double> 
        </void> 
        <void method="add"> 
         <double>83.65190175202663</double> 
        </void> 
        <void method="add"> 
         <double>83.67723477451962</double> 
        </void> 
        <void method="add"> 
         <double>83.72378698751646</double> 
        </void> 
        <void method="add"> 
         <double>83.8350763565333</double> 
        </void> 
        <void method="add"> 
         <double>84.03478418207735</double> 
        </void> 
        <void method="add"> 
         <double>84.25583197207864</double> 
        </void> 
        <void method="add"> 
         <double>84.39015170546318</double> 
        </void> 
        <void method="add"> 
         <double>84.42714272371603</double> 
        </void> 
        <void method="add"> 
         <double>84.42765979662441</double> 
        </void> 
        <void method="add"> 
         <double>80.78385641127389</double> 
        </void> 
        <void method="add"> 
         <double>82.88782887673335</double> 
        </void> 
        <void method="add"> 
         <double>83.51024128313512</double> 
        </void> 
        <void method="add"> 
         <double>82.80545564648459</double> 
        </void> 
        <void method="add"> 
         <double>83.9221038510272</double> 
        </void> 
       </object> 
      </void> 
      <void property="stdev"> 
       <double>1.1190224770180384</double> 
      </void> 
     </object> 
    </void> 
    <void index="11"> 
     <object class="jmbench.tools.EvaluationMetrics"> 
      <void property="max"> 
       <double>21.083573422665125</double> 
      </void> 
      <void property="mean"> 
       <double>20.35342367074331</double> 
      </void> 
      <void property="median"> 
       <double>20.25870743858406</double> 
      </void> 
      <void property="min"> 
       <double>19.511023137464402</double> 
      </void> 
      <void property="rawResults"> 
       <object class="java.util.ArrayList"> 
        <void method="add"> 
         <double>19.511023137464402</double> 
        </void> 
        <void method="add"> 
         <double>19.725756985083844</double> 
        </void> 
        <void method="add"> 
         <double>19.863555098488945</double> 
        </void> 
        <void method="add"> 
         <double>19.94172756662262</double> 
        </void> 
        <void method="add"> 
         <double>20.092275098222977</double> 
        </void> 
        <void method="add"> 
         <double>20.106467591257637</double> 
        </void> 
        <void method="add"> 
         <double>20.1969204913016</double> 
        </void> 
        <void method="add"> 
         <double>20.20164483427612</double> 
        </void> 
        <void method="add"> 
         <double>20.20286764524266</double> 
        </void> 
        <void method="add"> 
         <double>20.25870743858406</double> 
        </void> 
        <void method="add"> 
         <double>20.271540225681136</double> 
        </void> 
        <void method="add"> 
         <double>20.280288815162347</double> 
        </void> 
        <void method="add"> 
         <double>20.29290582663841</double> 
        </void> 
        <void method="add"> 
         <double>20.4773163203206</double> 
        </void> 
        <void method="add"> 
         <double>20.493749269231955</double> 
        </void> 
        <void method="add"> 
         <double>20.683434850948842</double> 
        </void> 
        <void method="add"> 
         <double>20.870803707303388</double> 
        </void> 
        <void method="add"> 
         <double>21.022386582142495</double> 
        </void> 
        <void method="add"> 
         <double>21.056832306167014</double> 
        </void> 
        <void method="add"> 
         <double>21.083573422665125</double> 
        </void> 
        <void method="add"> 
         <double>20.835321825029972</double> 
        </void> 
        <void method="add"> 
         <double>21.033018593095292</double> 
        </void> 
        <void method="add"> 
         <double>20.077191153274327</double> 
        </void> 
        <void method="add"> 
         <double>20.087084684183058</double> 
        </void> 
        <void method="add"> 
         <double>20.16919830019406</double> 
        </void> 
       </object> 
      </void> 
      <void property="stdev"> 
       <double>0.42423757925152145</double> 
      </void> 
     </object> 
    </void> 
   </array> 
  </void> 
  <void property="opName"> 
   <string>Add c=a+b</string> 
  </void> 
 </object> 
</java> 
