<?xml version="1.0" encoding="UTF-8"?> 
<java version="1.6.0_16" class="java.beans.XMLDecoder"> 
 <object class="jmbench.tools.runtime.OperationResults"> 
  <void property="library"> 
   <object class="jmbench.impl.MatrixLibrary" method="valueOf"> 
    <string>MTJ</string> 
   </object> 
  </void> 
  <void property="matDimen"> 
   <array class="int" length="12"> 
    <void index="0"> 
     <int>2</int> 
    </void> 
    <void index="1"> 
     <int>3</int> 
    </void> 
    <void index="2"> 
     <int>4</int> 
    </void> 
    <void index="3"> 
     <int>5</int> 
    </void> 
    <void index="4"> 
     <int>10</int> 
    </void> 
    <void index="5"> 
     <int>20</int> 
    </void> 
    <void index="6"> 
     <int>50</int> 
    </void> 
    <void index="7"> 
     <int>100</int> 
    </void> 
    <void index="8"> 
     <int>200</int> 
    </void> 
    <void index="9"> 
     <int>500</int> 
    </void> 
    <void index="10"> 
     <int>1000</int> 
    </void> 
    <void index="11"> 
     <int>2000</int> 
    </void> 
   </array> 
  </void> 
  <void property="metrics"> 
   <array class="jmbench.tools.EvaluationMetrics" length="12"> 
    <void index="0"> 
     <object class="jmbench.tools.EvaluationMetrics"> 
      <void property="max"> 
       <double>37927.63751761649</double> 
      </void> 
      <void property="mean"> 
       <double>36010.660618400216</double> 
      </void> 
      <void property="median"> 
       <double>36315.69674269542</double> 
      </void> 
      <void property="min"> 
       <double>33517.84246897187</double> 
      </void> 
      <void property="rawResults"> 
       <object class="java.util.ArrayList"> 
        <void method="add"> 
         <double>33517.84246897187</double> 
        </void> 
        <void method="add"> 
         <double>33602.867864432796</double> 
        </void> 
        <void method="add"> 
         <double>33610.04777569132</double> 
        </void> 
        <void method="add"> 
         <double>33633.157845900656</double> 
        </void> 
        <void method="add"> 
         <double>33737.88991865457</double> 
        </void> 
        <void method="add"> 
         <double>34775.04169145553</double> 
        </void> 
        <void method="add"> 
         <double>35650.95119085566</double> 
        </void> 
        <void method="add"> 
         <double>35688.81850165872</double> 
        </void> 
        <void method="add"> 
         <double>35758.50405517432</double> 
        </void> 
        <void method="add"> 
         <double>35767.75901965731</double> 
        </void> 
        <void method="add"> 
         <double>35787.02831605148</double> 
        </void> 
        <void method="add"> 
         <double>35806.65459654764</double> 
        </void> 
        <void method="add"> 
         <double>36315.69674269542</double> 
        </void> 
        <void method="add"> 
         <double>36528.6764686813</double> 
        </void> 
        <void method="add"> 
         <double>36625.79290141563</double> 
        </void> 
        <void method="add"> 
         <double>37785.67625030547</double> 
        </void> 
        <void method="add"> 
         <double>37815.139123562876</double> 
        </void> 
        <void method="add"> 
         <double>37845.51822099163</double> 
        </void> 
        <void method="add"> 
         <double>37897.13073018309</double> 
        </void> 
        <void method="add"> 
         <double>37927.63751761649</double> 
        </void> 
        <void method="add"> 
         <double>36759.43526845102</double> 
        </void> 
        <void method="add"> 
         <double>36811.66547555637</double> 
        </void> 
        <void method="add"> 
         <double>36781.70409434233</double> 
        </void> 
        <void method="add"> 
         <double>36944.956914478265</double> 
        </void> 
        <void method="add"> 
         <double>36890.92250667356</double> 
        </void> 
       </object> 
      </void> 
      <void property="stdev"> 
       <double>1438.8595381783339</double> 
      </void> 
     </object> 
    </void> 
    <void index="1"> 
     <object class="jmbench.tools.EvaluationMetrics"> 
      <void property="max"> 
       <double>27392.060094478704</double> 
      </void> 
      <void property="mean"> 
       <double>26520.687769357774</double> 
      </void> 
      <void property="median"> 
       <double>26353.873718590952</double> 
      </void> 
      <void property="min"> 
       <double>25490.81806613747</double> 
      </void> 
      <void property="rawResults"> 
       <object class="java.util.ArrayList"> 
        <void method="add"> 
         <double>25490.81806613747</double> 
        </void> 
        <void method="add"> 
         <double>25816.36284751524</double> 
        </void> 
        <void method="add"> 
         <double>25853.001875962822</double> 
        </void> 
        <void method="add"> 
         <double>26158.59643335024</double> 
        </void> 
        <void method="add"> 
         <double>26173.68740938794</double> 
        </void> 
        <void method="add"> 
         <double>26183.663931288465</double> 
        </void> 
        <void method="add"> 
         <double>26205.143301650747</double> 
        </void> 
        <void method="add"> 
         <double>26240.483020637206</double> 
        </void> 
        <void method="add"> 
         <double>26258.11762270512</double> 
        </void> 
        <void method="add"> 
         <double>26319.31661995798</double> 
        </void> 
        <void method="add"> 
         <double>26333.41271188485</double> 
        </void> 
        <void method="add"> 
         <double>26347.95576273254</double> 
        </void> 
        <void method="add"> 
         <double>26353.873718590952</double> 
        </void> 
        <void method="add"> 
         <double>26372.781637151726</double> 
        </void> 
        <void method="add"> 
         <double>26389.389182930838</double> 
        </void> 
        <void method="add"> 
         <double>26404.5549401083</double> 
        </void> 
        <void method="add"> 
         <double>26535.79923797439</double> 
        </void> 
        <void method="add"> 
         <double>26802.428721306653</double> 
        </void> 
        <void method="add"> 
         <double>27213.79989949484</double> 
        </void> 
        <void method="add"> 
         <double>27321.623620193834</double> 
        </void> 
        <void method="add"> 
         <double>27392.060094478704</double> 
        </void> 
        <void method="add"> 
         <double>27261.37515752586</double> 
        </void> 
        <void method="add"> 
         <double>27193.249475265962</double> 
        </void> 
        <void method="add"> 
         <double>27172.691860630763</double> 
        </void> 
        <void method="add"> 
         <double>27223.007085080884</double> 
        </void> 
       </object> 
      </void> 
      <void property="stdev"> 
       <double>516.9389001004956</double> 
      </void> 
     </object> 
    </void> 
    <void index="2"> 
     <object class="jmbench.tools.EvaluationMetrics"> 
      <void property="max"> 
       <double>22668.66817320032</double> 
      </void> 
      <void property="mean"> 
       <double>21336.10183254159</double> 
      </void> 
      <void property="median"> 
       <double>20942.697105096177</double> 
      </void> 
      <void property="min"> 
       <double>20373.526824752673</double> 
      </void> 
      <void property="rawResults"> 
       <object class="java.util.ArrayList"> 
        <void method="add"> 
         <double>20373.526824752673</double> 
        </void> 
        <void method="add"> 
         <double>20377.302887688023</double> 
        </void> 
        <void method="add"> 
         <double>20643.478077732183</double> 
        </void> 
        <void method="add"> 
         <double>20645.45445659103</double> 
        </void> 
        <void method="add"> 
         <double>20727.374594043</double> 
        </void> 
        <void method="add"> 
         <double>20734.324083132196</double> 
        </void> 
        <void method="add"> 
         <double>20753.588258954154</double> 
        </void> 
        <void method="add"> 
         <double>20805.785947199776</double> 
        </void> 
        <void method="add"> 
         <double>20835.549901921957</double> 
        </void> 
        <void method="add"> 
         <double>20838.021294443908</double> 
        </void> 
        <void method="add"> 
         <double>20872.505817656725</double> 
        </void> 
        <void method="add"> 
         <double>20885.64614988802</double> 
        </void> 
        <void method="add"> 
         <double>20942.697105096177</double> 
        </void> 
        <void method="add"> 
         <double>20949.22098145497</double> 
        </void> 
        <void method="add"> 
         <double>21010.50872833947</double> 
        </void> 
        <void method="add"> 
         <double>22564.38841510596</double> 
        </void> 
        <void method="add"> 
         <double>22589.421456926877</double> 
        </void> 
        <void method="add"> 
         <double>22596.94083780603</double> 
        </void> 
        <void method="add"> 
         <double>22598.322569955606</double> 
        </void> 
        <void method="add"> 
         <double>22668.66817320032</double> 
        </void> 
        <void method="add"> 
         <double>21913.36716901936</double> 
        </void> 
        <void method="add"> 
         <double>21762.74946375857</double> 
        </void> 
        <void method="add"> 
         <double>21699.788299685133</double> 
        </void> 
        <void method="add"> 
         <double>21840.63731656045</double> 
        </void> 
        <void method="add"> 
         <double>21773.277002627085</double> 
        </void> 
       </object> 
      </void> 
      <void property="stdev"> 
       <double>764.5675790760326</double> 
      </void> 
     </object> 
    </void> 
    <void index="3"> 
     <object class="jmbench.tools.EvaluationMetrics"> 
      <void property="max"> 
       <double>18071.968143151757</double> 
      </void> 
      <void property="mean"> 
       <double>17475.08197467744</double> 
      </void> 
      <void property="median"> 
       <double>17477.385911034347</double> 
      </void> 
      <void property="min"> 
       <double>17113.88498966351</double> 
      </void> 
      <void property="rawResults"> 
       <object class="java.util.ArrayList"> 
        <void method="add"> 
         <double>17113.88498966351</double> 
        </void> 
        <void method="add"> 
         <double>17118.302963047172</double> 
        </void> 
        <void method="add"> 
         <double>17127.330367223847</double> 
        </void> 
        <void method="add"> 
         <double>17135.857674260493</double> 
        </void> 
        <void method="add"> 
         <double>17140.67545423092</double> 
        </void> 
        <void method="add"> 
         <double>17152.487405423773</double> 
        </void> 
        <void method="add"> 
         <double>17187.629637781658</double> 
        </void> 
        <void method="add"> 
         <double>17195.36233256068</double> 
        </void> 
        <void method="add"> 
         <double>17213.538002810717</double> 
        </void> 
        <void method="add"> 
         <double>17220.46789245949</double> 
        </void> 
        <void method="add"> 
         <double>17400.322609673658</double> 
        </void> 
        <void method="add"> 
         <double>17477.385911034347</double> 
        </void> 
        <void method="add"> 
         <double>17553.91241433904</double> 
        </void> 
        <void method="add"> 
         <double>17555.166206841044</double> 
        </void> 
        <void method="add"> 
         <double>17596.433853025872</double> 
        </void> 
        <void method="add"> 
         <double>18019.794005887685</double> 
        </void> 
        <void method="add"> 
         <double>18023.898202798413</double> 
        </void> 
        <void method="add"> 
         <double>18029.2268335034</double> 
        </void> 
        <void method="add"> 
         <double>18043.799062277045</double> 
        </void> 
        <void method="add"> 
         <double>18071.968143151757</double> 
        </void> 
        <void method="add"> 
         <double>17478.00104893249</double> 
        </void> 
        <void method="add"> 
         <double>17560.550543202902</double> 
        </void> 
        <void method="add"> 
         <double>17469.928620266553</double> 
        </void> 
        <void method="add"> 
         <double>17494.877570114055</double> 
        </void> 
        <void method="add"> 
         <double>17496.24762242546</double> 
        </void> 
       </object> 
      </void> 
      <void property="stdev"> 
       <double>324.32000164099475</double> 
      </void> 
     </object> 
    </void> 
    <void index="4"> 
     <object class="jmbench.tools.EvaluationMetrics"> 
      <void property="max"> 
       <double>6817.913199047265</double> 
      </void> 
      <void property="mean"> 
       <double>6706.484797418054</double> 
      </void> 
      <void property="median"> 
       <double>6697.4953563929275</double> 
      </void> 
      <void property="min"> 
       <double>6574.748814793812</double> 
      </void> 
      <void property="rawResults"> 
       <object class="java.util.ArrayList"> 
        <void method="add"> 
         <double>6574.748814793812</double> 
        </void> 
        <void method="add"> 
         <double>6584.937836729622</double> 
        </void> 
        <void method="add"> 
         <double>6670.485880963184</double> 
        </void> 
        <void method="add"> 
         <double>6672.257211365156</double> 
        </void> 
        <void method="add"> 
         <double>6674.068048665027</double> 
        </void> 
        <void method="add"> 
         <double>6676.989938611954</double> 
        </void> 
        <void method="add"> 
         <double>6679.188146279127</double> 
        </void> 
        <void method="add"> 
         <double>6684.6143027110975</double> 
        </void> 
        <void method="add"> 
         <double>6688.659639180721</double> 
        </void> 
        <void method="add"> 
         <double>6688.684991518966</double> 
        </void> 
        <void method="add"> 
         <double>6690.436307688657</double> 
        </void> 
        <void method="add"> 
         <double>6690.874582770595</double> 
        </void> 
        <void method="add"> 
         <double>6697.4953563929275</double> 
        </void> 
        <void method="add"> 
         <double>6700.730264898079</double> 
        </void> 
        <void method="add"> 
         <double>6703.07735153463</double> 
        </void> 
        <void method="add"> 
         <double>6713.874597010856</double> 
        </void> 
        <void method="add"> 
         <double>6718.822729038574</double> 
        </void> 
        <void method="add"> 
         <double>6735.0969321634475</double> 
        </void> 
        <void method="add"> 
         <double>6739.214723845154</double> 
        </void> 
        <void method="add"> 
         <double>6741.0998099587505</double> 
        </void> 
        <void method="add"> 
         <double>6738.662995400976</double> 
        </void> 
        <void method="add"> 
         <double>6800.057652890856</double> 
        </void> 
        <void method="add"> 
         <double>6802.259935147345</double> 
        </void> 
        <void method="add"> 
         <double>6817.913199047265</double> 
        </void> 
        <void method="add"> 
         <double>6777.868686844527</double> 
        </void> 
       </object> 
      </void> 
      <void property="stdev"> 
       <double>56.13274059336055</double> 
      </void> 
     </object> 
    </void> 
    <void index="5"> 
     <object class="jmbench.tools.EvaluationMetrics"> 
      <void property="max"> 
       <double>2155.3403286648945</double> 
      </void> 
      <void property="mean"> 
       <double>2115.8932490250722</double> 
      </void> 
      <void property="median"> 
       <double>2129.7499878478925</double> 
      </void> 
      <void property="min"> 
       <double>2019.6879407595852</double> 
      </void> 
      <void property="rawResults"> 
       <object class="java.util.ArrayList"> 
        <void method="add"> 
         <double>2102.390037662383</double> 
        </void> 
        <void method="add"> 
         <double>2112.228173018444</double> 
        </void> 
        <void method="add"> 
         <double>2120.5250840954163</double> 
        </void> 
        <void method="add"> 
         <double>2121.1439153807387</double> 
        </void> 
        <void method="add"> 
         <double>2121.6376683312474</double> 
        </void> 
        <void method="add"> 
         <double>2126.7072631861697</double> 
        </void> 
        <void method="add"> 
         <double>2128.2313938163147</double> 
        </void> 
        <void method="add"> 
         <double>2129.7499878478925</double> 
        </void> 
        <void method="add"> 
         <double>2132.2910643000027</double> 
        </void> 
        <void method="add"> 
         <double>2133.149555279717</double> 
        </void> 
        <void method="add"> 
         <double>2135.3647680531017</double> 
        </void> 
        <void method="add"> 
         <double>2141.746569154623</double> 
        </void> 
        <void method="add"> 
         <double>2146.1329182751565</double> 
        </void> 
        <void method="add"> 
         <double>2148.0409254064057</double> 
        </void> 
        <void method="add"> 
         <double>2148.689647265129</double> 
        </void> 
        <void method="add"> 
         <double>2150.877990834344</double> 
        </void> 
        <void method="add"> 
         <double>2151.320184568603</double> 
        </void> 
        <void method="add"> 
         <double>2153.405768427736</double> 
        </void> 
        <void method="add"> 
         <double>2154.890085222864</double> 
        </void> 
        <void method="add"> 
         <double>2155.3403286648945</double> 
        </void> 
        <void method="add"> 
         <double>2019.6879407595852</double> 
        </void> 
        <void method="add"> 
         <double>2038.8722178580508</double> 
        </void> 
        <void method="add"> 
         <double>2041.042394925686</double> 
        </void> 
        <void method="add"> 
         <double>2047.5188557186639</double> 
        </void> 
        <void method="add"> 
         <double>2036.346487573634</double> 
        </void> 
       </object> 
      </void> 
      <void property="stdev"> 
       <double>42.01561637718463</double> 
      </void> 
     </object> 
    </void> 
    <void index="6"> 
     <object class="jmbench.tools.EvaluationMetrics"> 
      <void property="max"> 
       <double>353.22886310303807</double> 
      </void> 
      <void property="mean"> 
       <double>345.3138764432066</double> 
      </void> 
      <void property="median"> 
       <double>345.5925591806462</double> 
      </void> 
      <void property="min"> 
       <double>337.85439173239337</double> 
      </void> 
      <void property="rawResults"> 
       <object class="java.util.ArrayList"> 
        <void method="add"> 
         <double>337.85439173239337</double> 
        </void> 
        <void method="add"> 
         <double>338.2159562889247</double> 
        </void> 
        <void method="add"> 
         <double>338.38706827552784</double> 
        </void> 
        <void method="add"> 
         <double>339.4206357889385</double> 
        </void> 
        <void method="add"> 
         <double>339.98243816356916</double> 
        </void> 
        <void method="add"> 
         <double>345.1163211135495</double> 
        </void> 
        <void method="add"> 
         <double>345.4213272154877</double> 
        </void> 
        <void method="add"> 
         <double>345.5925591806462</double> 
        </void> 
        <void method="add"> 
         <double>346.4558088103752</double> 
        </void> 
        <void method="add"> 
         <double>346.6943104530754</double> 
        </void> 
        <void method="add"> 
         <double>347.4758742326768</double> 
        </void> 
        <void method="add"> 
         <double>348.7002855381766</double> 
        </void> 
        <void method="add"> 
         <double>349.27095435795525</double> 
        </void> 
        <void method="add"> 
         <double>350.33176141492703</double> 
        </void> 
        <void method="add"> 
         <double>350.333215716301</double> 
        </void> 
        <void method="add"> 
         <double>351.2887210765035</double> 
        </void> 
        <void method="add"> 
         <double>351.4862089187213</double> 
        </void> 
        <void method="add"> 
         <double>352.6115370468497</double> 
        </void> 
        <void method="add"> 
         <double>352.72439129269384</double> 
        </void> 
        <void method="add"> 
         <double>353.22886310303807</double> 
        </void> 
        <void method="add"> 
         <double>339.986529279504</double> 
        </void> 
        <void method="add"> 
         <double>340.80529451048704</double> 
        </void> 
        <void method="add"> 
         <double>340.5440284595794</double> 
        </void> 
        <void method="add"> 
         <double>340.5694381788999</double> 
        </void> 
        <void method="add"> 
         <double>340.3489909313635</double> 
        </void> 
       </object> 
      </void> 
      <void property="stdev"> 
       <double>5.161027200975381</double> 
      </void> 
     </object> 
    </void> 
    <void index="7"> 
     <object class="jmbench.tools.EvaluationMetrics"> 
      <void property="max"> 
       <double>71.4012163261262</double> 
      </void> 
      <void property="mean"> 
       <double>69.71657704007991</double> 
      </void> 
      <void property="median"> 
       <double>69.76542911127096</double> 
      </void> 
      <void property="min"> 
       <double>67.10692807766931</double> 
      </void> 
      <void property="rawResults"> 
       <object class="java.util.ArrayList"> 
        <void method="add"> 
         <double>67.10692807766931</double> 
        </void> 
        <void method="add"> 
         <double>68.19687652836572</double> 
        </void> 
        <void method="add"> 
         <double>68.26805934282399</double> 
        </void> 
        <void method="add"> 
         <double>68.69208549868017</double> 
        </void> 
        <void method="add"> 
         <double>68.85152776382961</double> 
        </void> 
        <void method="add"> 
         <double>68.9562200157822</double> 
        </void> 
        <void method="add"> 
         <double>69.0979698246754</double> 
        </void> 
        <void method="add"> 
         <double>69.10530599014571</double> 
        </void> 
        <void method="add"> 
         <double>69.12794319548388</double> 
        </void> 
        <void method="add"> 
         <double>69.28553209156173</double> 
        </void> 
        <void method="add"> 
         <double>69.76542911127096</double> 
        </void> 
        <void method="add"> 
         <double>69.84377647072802</double> 
        </void> 
        <void method="add"> 
         <double>70.03670251244021</double> 
        </void> 
        <void method="add"> 
         <double>70.566217452847</double> 
        </void> 
        <void method="add"> 
         <double>70.64965761547691</double> 
        </void> 
        <void method="add"> 
         <double>70.67078645644752</double> 
        </void> 
        <void method="add"> 
         <double>71.09851277212482</double> 
        </void> 
        <void method="add"> 
         <double>71.10915914738553</double> 
        </void> 
        <void method="add"> 
         <double>71.35187292197183</double> 
        </void> 
        <void method="add"> 
         <double>71.4012163261262</double> 
        </void> 
        <void method="add"> 
         <double>68.60231652527537</double> 
        </void> 
        <void method="add"> 
         <double>68.69986303588442</double> 
        </void> 
        <void method="add"> 
         <double>70.31626650610154</double> 
        </void> 
        <void method="add"> 
         <double>70.9056207049187</double> 
        </void> 
        <void method="add"> 
         <double>71.2085801139808</double> 
        </void> 
       </object> 
      </void> 
      <void property="stdev"> 
       <double>1.1513947486960772</double> 
      </void> 
     </object> 
    </void> 
    <void index="8"> 
     <object class="jmbench.tools.EvaluationMetrics"> 
      <void property="max"> 
       <double>0.30983605448722695</double> 
      </void> 
      <void property="mean"> 
       <double>0.29107411420083545</double> 
      </void> 
      <void property="median"> 
       <double>0.29348007514743973</double> 
      </void> 
      <void property="min"> 
       <double>0.2656868355099014</double> 
      </void> 
      <void property="rawResults"> 
       <object class="java.util.ArrayList"> 
        <void method="add"> 
         <double>0.2656868355099014</double> 
        </void> 
        <void method="add"> 
         <double>0.26883350486165497</double> 
        </void> 
        <void method="add"> 
         <double>0.2706760191095916</double> 
        </void> 
        <void method="add"> 
         <double>0.271291511751719</double> 
        </void> 
        <void method="add"> 
         <double>0.2762412264709132</double> 
        </void> 
        <void method="add"> 
         <double>0.28322394923724364</double> 
        </void> 
        <void method="add"> 
         <double>0.28619306905661657</double> 
        </void> 
        <void method="add"> 
         <double>0.2866639148077501</double> 
        </void> 
        <void method="add"> 
         <double>0.28954217078597055</double> 
        </void> 
        <void method="add"> 
         <double>0.29348007514743973</double> 
        </void> 
        <void method="add"> 
         <double>0.2952488422847068</double> 
        </void> 
        <void method="add"> 
         <double>0.2968365208220739</double> 
        </void> 
        <void method="add"> 
         <double>0.29883379061318266</double> 
        </void> 
        <void method="add"> 
         <double>0.30173978255348877</double> 
        </void> 
        <void method="add"> 
         <double>0.30300076605653575</double> 
        </void> 
        <void method="add"> 
         <double>0.305794426107023</double> 
        </void> 
        <void method="add"> 
         <double>0.30595346373225174</double> 
        </void> 
        <void method="add"> 
         <double>0.30598643669710957</double> 
        </void> 
        <void method="add"> 
         <double>0.30791579003567265</double> 
        </void> 
        <void method="add"> 
         <double>0.30983605448722695</double> 
        </void> 
        <void method="add"> 
         <double>0.2665014296685061</double> 
        </void> 
        <void method="add"> 
         <double>0.28402060043677235</double> 
        </void> 
        <void method="add"> 
         <double>0.29319069784924756</double> 
        </void> 
        <void method="add"> 
         <double>0.3046049399912916</double> 
        </void> 
        <void method="add"> 
         <double>0.3055570369469969</double> 
        </void> 
       </object> 
      </void> 
      <void property="stdev"> 
       <double>0.014132924939202355</double> 
      </void> 
     </object> 
    </void> 
    <void index="9"> 
     <object class="jmbench.tools.EvaluationMetrics"> 
      <void property="max"> 
       <double>0.018601103283172833</double> 
      </void> 
      <void property="mean"> 
       <double>0.018601103283172833</double> 
      </void> 
      <void property="median"> 
       <double>0.018601103283172833</double> 
      </void> 
      <void property="min"> 
       <double>0.018601103283172833</double> 
      </void> 
      <void property="rawResults"> 
       <object class="java.util.ArrayList"> 
        <void method="add"> 
         <double>0.018601103283172833</double> 
        </void> 
       </object> 
      </void> 
     </object> 
    </void> 
   </array> 
  </void> 
  <void property="opName"> 
   <string>Eigen for Symm Matrices</string> 
  </void> 
 </object> 
</java> 
