<?xml version="1.0" encoding="UTF-8"?> 
<java version="1.6.0_16" class="java.beans.XMLDecoder"> 
 <object class="jmbench.tools.runtime.OperationResults"> 
  <void property="library"> 
   <object class="jmbench.impl.MatrixLibrary" method="valueOf"> 
    <string>MTJ</string> 
   </object> 
  </void> 
  <void property="matDimen"> 
   <array class="int" length="12"> 
    <void index="0"> 
     <int>2</int> 
    </void> 
    <void index="1"> 
     <int>3</int> 
    </void> 
    <void index="2"> 
     <int>4</int> 
    </void> 
    <void index="3"> 
     <int>5</int> 
    </void> 
    <void index="4"> 
     <int>10</int> 
    </void> 
    <void index="5"> 
     <int>20</int> 
    </void> 
    <void index="6"> 
     <int>50</int> 
    </void> 
    <void index="7"> 
     <int>100</int> 
    </void> 
    <void index="8"> 
     <int>200</int> 
    </void> 
    <void index="9"> 
     <int>500</int> 
    </void> 
    <void index="10"> 
     <int>1000</int> 
    </void> 
    <void index="11"> 
     <int>2000</int> 
    </void> 
   </array> 
  </void> 
  <void property="metrics"> 
   <array class="jmbench.tools.EvaluationMetrics" length="12"> 
    <void index="0"> 
     <object class="jmbench.tools.EvaluationMetrics"> 
      <void property="max"> 
       <double>3872288.398720488</double> 
      </void> 
      <void property="mean"> 
       <double>3534442.6295555932</double> 
      </void> 
      <void property="median"> 
       <double>3384330.4809346762</double> 
      </void> 
      <void property="min"> 
       <double>3162371.9510655226</double> 
      </void> 
      <void property="rawResults"> 
       <object class="java.util.ArrayList"> 
        <void method="add"> 
         <double>3162371.9510655226</double> 
        </void> 
        <void method="add"> 
         <double>3168631.828744916</double> 
        </void> 
        <void method="add"> 
         <double>3213886.3697317373</double> 
        </void> 
        <void method="add"> 
         <double>3291813.113643295</double> 
        </void> 
        <void method="add"> 
         <double>3311410.852075075</double> 
        </void> 
        <void method="add"> 
         <double>3355060.8687233394</double> 
        </void> 
        <void method="add"> 
         <double>3359867.5275715203</double> 
        </void> 
        <void method="add"> 
         <double>3372904.915717042</double> 
        </void> 
        <void method="add"> 
         <double>3384330.4809346762</double> 
        </void> 
        <void method="add"> 
         <double>3392603.5554682836</double> 
        </void> 
        <void method="add"> 
         <double>3840647.473403369</double> 
        </void> 
        <void method="add"> 
         <double>3851557.049423989</double> 
        </void> 
        <void method="add"> 
         <double>3851700.5223691943</double> 
        </void> 
        <void method="add"> 
         <double>3852492.743195002</double> 
        </void> 
        <void method="add"> 
         <double>3854240.3927344056</double> 
        </void> 
        <void method="add"> 
         <double>3857504.4432675717</double> 
        </void> 
        <void method="add"> 
         <double>3858119.1246014377</double> 
        </void> 
        <void method="add"> 
         <double>3858300.918684612</double> 
        </void> 
        <void method="add"> 
         <double>3870478.4152192497</double> 
        </void> 
        <void method="add"> 
         <double>3872288.398720488</double> 
        </void> 
        <void method="add"> 
         <double>3369752.862107022</double> 
        </void> 
        <void method="add"> 
         <double>3331724.24414172</double> 
        </void> 
        <void method="add"> 
         <double>3325881.002093341</double> 
        </void> 
        <void method="add"> 
         <double>3404060.008042916</double> 
        </void> 
        <void method="add"> 
         <double>3349436.6772101056</double> 
        </void> 
       </object> 
      </void> 
      <void property="stdev"> 
       <double>269625.4494322224</double> 
      </void> 
     </object> 
    </void> 
    <void index="1"> 
     <object class="jmbench.tools.EvaluationMetrics"> 
      <void property="max"> 
       <double>2737279.5517337546</double> 
      </void> 
      <void property="mean"> 
       <double>2483936.801064763</double> 
      </void> 
      <void property="median"> 
       <double>2447965.569053914</double> 
      </void> 
      <void property="min"> 
       <double>2321919.548841678</double> 
      </void> 
      <void property="rawResults"> 
       <object class="java.util.ArrayList"> 
        <void method="add"> 
         <double>2321919.548841678</double> 
        </void> 
        <void method="add"> 
         <double>2351361.443528261</double> 
        </void> 
        <void method="add"> 
         <double>2356398.096285673</double> 
        </void> 
        <void method="add"> 
         <double>2374326.2720575714</double> 
        </void> 
        <void method="add"> 
         <double>2396519.9727522954</double> 
        </void> 
        <void method="add"> 
         <double>2403899.874561975</double> 
        </void> 
        <void method="add"> 
         <double>2410303.405570627</double> 
        </void> 
        <void method="add"> 
         <double>2418321.7373334183</double> 
        </void> 
        <void method="add"> 
         <double>2435544.255121894</double> 
        </void> 
        <void method="add"> 
         <double>2436559.424516727</double> 
        </void> 
        <void method="add"> 
         <double>2439260.559912331</double> 
        </void> 
        <void method="add"> 
         <double>2447965.569053914</double> 
        </void> 
        <void method="add"> 
         <double>2450657.8750071125</double> 
        </void> 
        <void method="add"> 
         <double>2462093.6137891375</double> 
        </void> 
        <void method="add"> 
         <double>2507770.3983390653</double> 
        </void> 
        <void method="add"> 
         <double>2710713.8808556586</double> 
        </void> 
        <void method="add"> 
         <double>2710899.8707724833</double> 
        </void> 
        <void method="add"> 
         <double>2724297.707979282</double> 
        </void> 
        <void method="add"> 
         <double>2735691.859256889</double> 
        </void> 
        <void method="add"> 
         <double>2737279.5517337546</double> 
        </void> 
        <void method="add"> 
         <double>2451660.306256432</double> 
        </void> 
        <void method="add"> 
         <double>2448107.504261201</double> 
        </void> 
        <void method="add"> 
         <double>2456500.576834319</double> 
        </void> 
        <void method="add"> 
         <double>2436747.1184810186</double> 
        </void> 
        <void method="add"> 
         <double>2473619.6035163486</double> 
        </void> 
       </object> 
      </void> 
      <void property="stdev"> 
       <double>126427.59241260283</double> 
      </void> 
     </object> 
    </void> 
    <void index="2"> 
     <object class="jmbench.tools.EvaluationMetrics"> 
      <void property="max"> 
       <double>1977730.1307236864</double> 
      </void> 
      <void property="mean"> 
       <double>1895252.4318026032</double> 
      </void> 
      <void property="median"> 
       <double>1916426.7383916867</double> 
      </void> 
      <void property="min"> 
       <double>1777970.9722940694</double> 
      </void> 
      <void property="rawResults"> 
       <object class="java.util.ArrayList"> 
        <void method="add"> 
         <double>1822080.7078601208</double> 
        </void> 
        <void method="add"> 
         <double>1823005.1164427474</double> 
        </void> 
        <void method="add"> 
         <double>1824818.022654363</double> 
        </void> 
        <void method="add"> 
         <double>1830448.231365706</double> 
        </void> 
        <void method="add"> 
         <double>1835904.8888209213</double> 
        </void> 
        <void method="add"> 
         <double>1894959.7706271356</double> 
        </void> 
        <void method="add"> 
         <double>1916167.9538930357</double> 
        </void> 
        <void method="add"> 
         <double>1916426.7383916867</double> 
        </void> 
        <void method="add"> 
         <double>1935381.7791295438</double> 
        </void> 
        <void method="add"> 
         <double>1942077.638960328</double> 
        </void> 
        <void method="add"> 
         <double>1944761.4388770387</double> 
        </void> 
        <void method="add"> 
         <double>1944970.166844418</double> 
        </void> 
        <void method="add"> 
         <double>1945161.4502525083</double> 
        </void> 
        <void method="add"> 
         <double>1947749.5852066206</double> 
        </void> 
        <void method="add"> 
         <double>1956563.9743969045</double> 
        </void> 
        <void method="add"> 
         <double>1973626.298168151</double> 
        </void> 
        <void method="add"> 
         <double>1975018.9443761932</double> 
        </void> 
        <void method="add"> 
         <double>1975590.4684205926</double> 
        </void> 
        <void method="add"> 
         <double>1976561.6653291746</double> 
        </void> 
        <void method="add"> 
         <double>1977730.1307236864</double> 
        </void> 
        <void method="add"> 
         <double>1777970.9722940694</double> 
        </void> 
        <void method="add"> 
         <double>1842351.9279383079</double> 
        </void> 
        <void method="add"> 
         <double>1795974.8380918035</double> 
        </void> 
        <void method="add"> 
         <double>1785901.83204805</double> 
        </void> 
        <void method="add"> 
         <double>1820106.2539519735</double> 
        </void> 
       </object> 
      </void> 
      <void property="stdev"> 
       <double>68778.30681680496</double> 
      </void> 
     </object> 
    </void> 
    <void index="3"> 
     <object class="jmbench.tools.EvaluationMetrics"> 
      <void property="max"> 
       <double>1504672.6281744372</double> 
      </void> 
      <void property="mean"> 
       <double>1435744.0629244903</double> 
      </void> 
      <void property="median"> 
       <double>1422104.1674152953</double> 
      </void> 
      <void property="min"> 
       <double>1375396.4822282805</double> 
      </void> 
      <void property="rawResults"> 
       <object class="java.util.ArrayList"> 
        <void method="add"> 
         <double>1375396.4822282805</double> 
        </void> 
        <void method="add"> 
         <double>1385890.3642470175</double> 
        </void> 
        <void method="add"> 
         <double>1390527.6429748724</double> 
        </void> 
        <void method="add"> 
         <double>1391861.3843703577</double> 
        </void> 
        <void method="add"> 
         <double>1399983.4935198135</double> 
        </void> 
        <void method="add"> 
         <double>1408419.1211963953</double> 
        </void> 
        <void method="add"> 
         <double>1413224.6602799862</double> 
        </void> 
        <void method="add"> 
         <double>1419366.6097932842</double> 
        </void> 
        <void method="add"> 
         <double>1422104.1674152953</double> 
        </void> 
        <void method="add"> 
         <double>1423425.3315534284</double> 
        </void> 
        <void method="add"> 
         <double>1450785.4233684393</double> 
        </void> 
        <void method="add"> 
         <double>1468726.0355702885</double> 
        </void> 
        <void method="add"> 
         <double>1469493.8694091765</double> 
        </void> 
        <void method="add"> 
         <double>1471800.4881248395</double> 
        </void> 
        <void method="add"> 
         <double>1503226.1901479752</double> 
        </void> 
        <void method="add"> 
         <double>1503580.4764566312</double> 
        </void> 
        <void method="add"> 
         <double>1503777.841012621</double> 
        </void> 
        <void method="add"> 
         <double>1504276.9106130113</double> 
        </void> 
        <void method="add"> 
         <double>1504567.2741933737</double> 
        </void> 
        <void method="add"> 
         <double>1504672.6281744372</double> 
        </void> 
        <void method="add"> 
         <double>1386959.298618852</double> 
        </void> 
        <void method="add"> 
         <double>1425930.5265325264</double> 
        </void> 
        <void method="add"> 
         <double>1403596.8506684762</double> 
        </void> 
        <void method="add"> 
         <double>1379269.1983920112</double> 
        </void> 
        <void method="add"> 
         <double>1382739.304250871</double> 
        </void> 
       </object> 
      </void> 
      <void property="stdev"> 
       <double>46676.15160353856</double> 
      </void> 
     </object> 
    </void> 
    <void index="4"> 
     <object class="jmbench.tools.EvaluationMetrics"> 
      <void property="max"> 
       <double>432883.042289092</double> 
      </void> 
      <void property="mean"> 
       <double>419754.57093141443</double> 
      </void> 
      <void property="median"> 
       <double>419755.3144636221</double> 
      </void> 
      <void property="min"> 
       <double>390247.9579661447</double> 
      </void> 
      <void property="rawResults"> 
       <object class="java.util.ArrayList"> 
        <void method="add"> 
         <double>390247.9579661447</double> 
        </void> 
        <void method="add"> 
         <double>412133.515951485</double> 
        </void> 
        <void method="add"> 
         <double>416786.276243549</double> 
        </void> 
        <void method="add"> 
         <double>417408.27757362457</double> 
        </void> 
        <void method="add"> 
         <double>417549.5791774436</double> 
        </void> 
        <void method="add"> 
         <double>417736.06183244224</double> 
        </void> 
        <void method="add"> 
         <double>417751.57304996875</double> 
        </void> 
        <void method="add"> 
         <double>419211.23122981313</double> 
        </void> 
        <void method="add"> 
         <double>419755.3144636221</double> 
        </void> 
        <void method="add"> 
         <double>420519.98318365443</double> 
        </void> 
        <void method="add"> 
         <double>421870.0174724001</double> 
        </void> 
        <void method="add"> 
         <double>423985.1245065694</double> 
        </void> 
        <void method="add"> 
         <double>424862.1234812596</double> 
        </void> 
        <void method="add"> 
         <double>426001.3203887356</double> 
        </void> 
        <void method="add"> 
         <double>426537.873872075</double> 
        </void> 
        <void method="add"> 
         <double>429031.60362373607</double> 
        </void> 
        <void method="add"> 
         <double>429338.1071486523</double> 
        </void> 
        <void method="add"> 
         <double>430769.9993396015</double> 
        </void> 
        <void method="add"> 
         <double>432347.00089993264</double> 
        </void> 
        <void method="add"> 
         <double>432883.042289092</double> 
        </void> 
        <void method="add"> 
         <double>410959.0864377195</double> 
        </void> 
        <void method="add"> 
         <double>410906.031287798</double> 
        </void> 
        <void method="add"> 
         <double>411156.8300838528</double> 
        </void> 
        <void method="add"> 
         <double>421837.0604312978</double> 
        </void> 
        <void method="add"> 
         <double>412279.28135089186</double> 
        </void> 
       </object> 
      </void> 
      <void property="stdev"> 
       <double>8967.338842634801</double> 
      </void> 
     </object> 
    </void> 
    <void index="5"> 
     <object class="jmbench.tools.EvaluationMetrics"> 
      <void property="max"> 
       <double>95086.97866010465</double> 
      </void> 
      <void property="mean"> 
       <double>93055.60468977361</double> 
      </void> 
      <void property="median"> 
       <double>92446.80790905164</double> 
      </void> 
      <void property="min"> 
       <double>92043.51701280268</double> 
      </void> 
      <void property="rawResults"> 
       <object class="java.util.ArrayList"> 
        <void method="add"> 
         <double>92043.51701280268</double> 
        </void> 
        <void method="add"> 
         <double>92121.46543049092</double> 
        </void> 
        <void method="add"> 
         <double>92236.30307454173</double> 
        </void> 
        <void method="add"> 
         <double>92251.02835771262</double> 
        </void> 
        <void method="add"> 
         <double>92333.84960152229</double> 
        </void> 
        <void method="add"> 
         <double>92342.19463877262</double> 
        </void> 
        <void method="add"> 
         <double>92343.37813709471</double> 
        </void> 
        <void method="add"> 
         <double>92367.37182934351</double> 
        </void> 
        <void method="add"> 
         <double>92396.26143724108</double> 
        </void> 
        <void method="add"> 
         <double>92403.99765913833</double> 
        </void> 
        <void method="add"> 
         <double>92435.4309779499</double> 
        </void> 
        <void method="add"> 
         <double>92445.23115858319</double> 
        </void> 
        <void method="add"> 
         <double>92446.80790905164</double> 
        </void> 
        <void method="add"> 
         <double>92457.2449700318</double> 
        </void> 
        <void method="add"> 
         <double>92626.83880524077</double> 
        </void> 
        <void method="add"> 
         <double>93878.31777698913</double> 
        </void> 
        <void method="add"> 
         <double>94282.63844315878</double> 
        </void> 
        <void method="add"> 
         <double>94442.46775730005</double> 
        </void> 
        <void method="add"> 
         <double>94484.36418850467</double> 
        </void> 
        <void method="add"> 
         <double>94945.82687871349</double> 
        </void> 
        <void method="add"> 
         <double>92524.1318543987</double> 
        </void> 
        <void method="add"> 
         <double>95086.97866010465</double> 
        </void> 
        <void method="add"> 
         <double>94152.54217025959</double> 
        </void> 
        <void method="add"> 
         <double>94511.65640293573</double> 
        </void> 
        <void method="add"> 
         <double>92830.2721124581</double> 
        </void> 
       </object> 
      </void> 
      <void property="stdev"> 
       <double>1005.1583774013723</double> 
      </void> 
     </object> 
    </void> 
    <void index="6"> 
     <object class="jmbench.tools.EvaluationMetrics"> 
      <void property="max"> 
       <double>8498.527315622063</double> 
      </void> 
      <void property="mean"> 
       <double>8398.158793949922</double> 
      </void> 
      <void property="median"> 
       <double>8417.332020452348</double> 
      </void> 
      <void property="min"> 
       <double>8199.203325966384</double> 
      </void> 
      <void property="rawResults"> 
       <object class="java.util.ArrayList"> 
        <void method="add"> 
         <double>8199.203325966384</double> 
        </void> 
        <void method="add"> 
         <double>8291.026892533011</double> 
        </void> 
        <void method="add"> 
         <double>8304.17924828911</double> 
        </void> 
        <void method="add"> 
         <double>8327.066785870347</double> 
        </void> 
        <void method="add"> 
         <double>8358.683201017255</double> 
        </void> 
        <void method="add"> 
         <double>8359.608153001394</double> 
        </void> 
        <void method="add"> 
         <double>8361.70791467275</double> 
        </void> 
        <void method="add"> 
         <double>8367.70324535626</double> 
        </void> 
        <void method="add"> 
         <double>8396.307926785403</double> 
        </void> 
        <void method="add"> 
         <double>8417.332020452348</double> 
        </void> 
        <void method="add"> 
         <double>8433.019931995135</double> 
        </void> 
        <void method="add"> 
         <double>8440.60096356781</double> 
        </void> 
        <void method="add"> 
         <double>8446.750805387857</double> 
        </void> 
        <void method="add"> 
         <double>8461.532498989527</double> 
        </void> 
        <void method="add"> 
         <double>8465.186018941557</double> 
        </void> 
        <void method="add"> 
         <double>8477.667485063566</double> 
        </void> 
        <void method="add"> 
         <double>8484.376151941256</double> 
        </void> 
        <void method="add"> 
         <double>8491.217300111848</double> 
        </void> 
        <void method="add"> 
         <double>8493.584346822472</double> 
        </void> 
        <void method="add"> 
         <double>8494.32933457653</double> 
        </void> 
        <void method="add"> 
         <double>8358.164246199238</double> 
        </void> 
        <void method="add"> 
         <double>8226.76365108166</double> 
        </void> 
        <void method="add"> 
         <double>8423.430703307236</double> 
        </void> 
        <void method="add"> 
         <double>8498.527315622063</double> 
        </void> 
        <void method="add"> 
         <double>8376.000381196061</double> 
        </void> 
       </object> 
      </void> 
      <void property="stdev"> 
       <double>81.84235811989026</double> 
      </void> 
     </object> 
    </void> 
    <void index="7"> 
     <object class="jmbench.tools.EvaluationMetrics"> 
      <void property="max"> 
       <double>1228.630908374271</double> 
      </void> 
      <void property="mean"> 
       <double>1177.2188553309777</double> 
      </void> 
      <void property="median"> 
       <double>1210.797190154681</double> 
      </void> 
      <void property="min"> 
       <double>1111.4513521228234</double> 
      </void> 
      <void property="rawResults"> 
       <object class="java.util.ArrayList"> 
        <void method="add"> 
         <double>1111.4513521228234</double> 
        </void> 
        <void method="add"> 
         <double>1112.1724805280269</double> 
        </void> 
        <void method="add"> 
         <double>1113.551811420104</double> 
        </void> 
        <void method="add"> 
         <double>1114.920574470574</double> 
        </void> 
        <void method="add"> 
         <double>1118.2714773358107</double> 
        </void> 
        <void method="add"> 
         <double>1118.9723508448897</double> 
        </void> 
        <void method="add"> 
         <double>1120.0127648163939</double> 
        </void> 
        <void method="add"> 
         <double>1120.6896606512544</double> 
        </void> 
        <void method="add"> 
         <double>1120.9034030796938</double> 
        </void> 
        <void method="add"> 
         <double>1122.5584822275064</double> 
        </void> 
        <void method="add"> 
         <double>1188.5340337503733</double> 
        </void> 
        <void method="add"> 
         <double>1215.08593108967</double> 
        </void> 
        <void method="add"> 
         <double>1217.265645737717</double> 
        </void> 
        <void method="add"> 
         <double>1219.3097401883165</double> 
        </void> 
        <void method="add"> 
         <double>1219.936566336681</double> 
        </void> 
        <void method="add"> 
         <double>1221.5832545583744</double> 
        </void> 
        <void method="add"> 
         <double>1221.8667796879959</double> 
        </void> 
        <void method="add"> 
         <double>1223.2185140518209</double> 
        </void> 
        <void method="add"> 
         <double>1228.5107266196835</double> 
        </void> 
        <void method="add"> 
         <double>1228.630908374271</double> 
        </void> 
        <void method="add"> 
         <double>1219.9190501074977</double> 
        </void> 
        <void method="add"> 
         <double>1206.5455595044891</double> 
        </void> 
        <void method="add"> 
         <double>1212.616441183911</double> 
        </void> 
        <void method="add"> 
         <double>1210.797190154681</double> 
        </void> 
        <void method="add"> 
         <double>1223.1466844318875</double> 
        </void> 
       </object> 
      </void> 
      <void property="stdev"> 
       <double>49.50664896570618</double> 
      </void> 
     </object> 
    </void> 
    <void index="8"> 
     <object class="jmbench.tools.EvaluationMetrics"> 
      <void property="max"> 
       <double>179.24382359972657</double> 
      </void> 
      <void property="mean"> 
       <double>176.82653177688022</double> 
      </void> 
      <void property="median"> 
       <double>176.9544130027992</double> 
      </void> 
      <void property="min"> 
       <double>173.58055055320446</double> 
      </void> 
      <void property="rawResults"> 
       <object class="java.util.ArrayList"> 
        <void method="add"> 
         <double>173.58055055320446</double> 
        </void> 
        <void method="add"> 
         <double>174.11468871890517</double> 
        </void> 
        <void method="add"> 
         <double>174.21198842938733</double> 
        </void> 
        <void method="add"> 
         <double>174.362280637448</double> 
        </void> 
        <void method="add"> 
         <double>174.66899923211142</double> 
        </void> 
        <void method="add"> 
         <double>174.78752720169473</double> 
        </void> 
        <void method="add"> 
         <double>175.32946682243767</double> 
        </void> 
        <void method="add"> 
         <double>175.82155039900613</double> 
        </void> 
        <void method="add"> 
         <double>176.32338538541782</double> 
        </void> 
        <void method="add"> 
         <double>176.9455413327529</double> 
        </void> 
        <void method="add"> 
         <double>177.0662167022598</double> 
        </void> 
        <void method="add"> 
         <double>178.20185891960816</double> 
        </void> 
        <void method="add"> 
         <double>178.5316934300144</double> 
        </void> 
        <void method="add"> 
         <double>178.5554516452239</double> 
        </void> 
        <void method="add"> 
         <double>178.57207792443918</double> 
        </void> 
        <void method="add"> 
         <double>178.69438213024264</double> 
        </void> 
        <void method="add"> 
         <double>178.97928924335187</double> 
        </void> 
        <void method="add"> 
         <double>179.09891183840614</double> 
        </void> 
        <void method="add"> 
         <double>179.10815252933648</double> 
        </void> 
        <void method="add"> 
         <double>179.24382359972657</double> 
        </void> 
        <void method="add"> 
         <double>178.31257004801944</double> 
        </void> 
        <void method="add"> 
         <double>176.9544130027992</double> 
        </void> 
        <void method="add"> 
         <double>178.70945085168458</double> 
        </void> 
        <void method="add"> 
         <double>174.51917078482808</double> 
        </void> 
        <void method="add"> 
         <double>175.96985305969883</double> 
        </void> 
       </object> 
      </void> 
      <void property="stdev"> 
       <double>1.8993303466172318</double> 
      </void> 
     </object> 
    </void> 
    <void index="9"> 
     <object class="jmbench.tools.EvaluationMetrics"> 
      <void property="max"> 
       <double>13.409333015416145</double> 
      </void> 
      <void property="mean"> 
       <double>13.365759529262638</double> 
      </void> 
      <void property="median"> 
       <double>13.396330166249957</double> 
      </void> 
      <void property="min"> 
       <double>13.090270117219893</double> 
      </void> 
      <void property="rawResults"> 
       <object class="java.util.ArrayList"> 
        <void method="add"> 
         <double>13.253721905961008</double> 
        </void> 
        <void method="add"> 
         <double>13.329472380567783</double> 
        </void> 
        <void method="add"> 
         <double>13.350757717662908</double> 
        </void> 
        <void method="add"> 
         <double>13.367007163604708</double> 
        </void> 
        <void method="add"> 
         <double>13.375234961791229</double> 
        </void> 
        <void method="add"> 
         <double>13.377008776498277</double> 
        </void> 
        <void method="add"> 
         <double>13.390056407859536</double> 
        </void> 
        <void method="add"> 
         <double>13.394271877821785</double> 
        </void> 
        <void method="add"> 
         <double>13.396330166249957</double> 
        </void> 
        <void method="add"> 
         <double>13.397724316988025</double> 
        </void> 
        <void method="add"> 
         <double>13.399832295412065</double> 
        </void> 
        <void method="add"> 
         <double>13.400136322735843</double> 
        </void> 
        <void method="add"> 
         <double>13.400526641873657</double> 
        </void> 
        <void method="add"> 
         <double>13.402995360310923</double> 
        </void> 
        <void method="add"> 
         <double>13.403144082209465</double> 
        </void> 
        <void method="add"> 
         <double>13.40380939492995</double> 
        </void> 
        <void method="add"> 
         <double>13.404181857971968</double> 
        </void> 
        <void method="add"> 
         <double>13.404889509758469</double> 
        </void> 
        <void method="add"> 
         <double>13.405055112458106</double> 
        </void> 
        <void method="add"> 
         <double>13.409333015416145</double> 
        </void> 
        <void method="add"> 
         <double>13.301752520892354</double> 
        </void> 
        <void method="add"> 
         <double>13.394875580181203</double> 
        </void> 
        <void method="add"> 
         <double>13.396619976840785</double> 
        </void> 
        <void method="add"> 
         <double>13.294980768349859</double> 
        </void> 
        <void method="add"> 
         <double>13.090270117219893</double> 
        </void> 
       </object> 
      </void> 
      <void property="stdev"> 
       <double>0.06890758569763679</double> 
      </void> 
     </object> 
    </void> 
    <void index="10"> 
     <object class="jmbench.tools.EvaluationMetrics"> 
      <void property="max"> 
       <double>1.7679630188221365</double> 
      </void> 
      <void property="mean"> 
       <double>1.759720936287112</double> 
      </void> 
      <void property="median"> 
       <double>1.761331653716509</double> 
      </void> 
      <void property="min"> 
       <double>1.7418211081430939</double> 
      </void> 
      <void property="rawResults"> 
       <object class="java.util.ArrayList"> 
        <void method="add"> 
         <double>1.7418211081430939</double> 
        </void> 
        <void method="add"> 
         <double>1.7488078069681192</double> 
        </void> 
        <void method="add"> 
         <double>1.7506625529049458</double> 
        </void> 
        <void method="add"> 
         <double>1.7546577408740294</double> 
        </void> 
        <void method="add"> 
         <double>1.7593550471819</double> 
        </void> 
        <void method="add"> 
         <double>1.759543614269447</double> 
        </void> 
        <void method="add"> 
         <double>1.7603206125445374</double> 
        </void> 
        <void method="add"> 
         <double>1.7607952395048343</double> 
        </void> 
        <void method="add"> 
         <double>1.761331653716509</double> 
        </void> 
        <void method="add"> 
         <double>1.7617348569373477</double> 
        </void> 
        <void method="add"> 
         <double>1.762268880110529</double> 
        </void> 
        <void method="add"> 
         <double>1.7627099088942504</double> 
        </void> 
        <void method="add"> 
         <double>1.7628090139947146</double> 
        </void> 
        <void method="add"> 
         <double>1.7633256278080205</double> 
        </void> 
        <void method="add"> 
         <double>1.7655075841843246</double> 
        </void> 
        <void method="add"> 
         <double>1.765922974645686</double> 
        </void> 
        <void method="add"> 
         <double>1.7664779983255747</double> 
        </void> 
        <void method="add"> 
         <double>1.7665686937090834</double> 
        </void> 
        <void method="add"> 
         <double>1.7668184800969748</double> 
        </void> 
        <void method="add"> 
         <double>1.7679630188221365</double> 
        </void> 
        <void method="add"> 
         <double>1.765000193020421</double> 
        </void> 
        <void method="add"> 
         <double>1.7529644465752248</double> 
        </void> 
        <void method="add"> 
         <double>1.7510668100936309</double> 
        </void> 
        <void method="add"> 
         <double>1.7556233580287488</double> 
        </void> 
        <void method="add"> 
         <double>1.7589661858237189</double> 
        </void> 
       </object> 
      </void> 
      <void property="stdev"> 
       <double>0.006456183196234021</double> 
      </void> 
     </object> 
    </void> 
    <void index="11"> 
     <object class="jmbench.tools.EvaluationMetrics"> 
      <void property="max"> 
       <double>0.25879220930080166</double> 
      </void> 
      <void property="mean"> 
       <double>0.23402850892830207</double> 
      </void> 
      <void property="median"> 
       <double>0.22156380799633218</double> 
      </void> 
      <void property="min"> 
       <double>0.21756804470840213</double> 
      </void> 
      <void property="rawResults"> 
       <object class="java.util.ArrayList"> 
        <void method="add"> 
         <double>0.21756804470840213</double> 
        </void> 
        <void method="add"> 
         <double>0.217783004504067</double> 
        </void> 
        <void method="add"> 
         <double>0.21789406738735434</double> 
        </void> 
        <void method="add"> 
         <double>0.2187685435464218</double> 
        </void> 
        <void method="add"> 
         <double>0.21947993779683087</double> 
        </void> 
        <void method="add"> 
         <double>0.21990108355363921</double> 
        </void> 
        <void method="add"> 
         <double>0.2206440639368574</double> 
        </void> 
        <void method="add"> 
         <double>0.22069282248274513</double> 
        </void> 
        <void method="add"> 
         <double>0.22070735184710513</double> 
        </void> 
        <void method="add"> 
         <double>0.2207371173671206</double> 
        </void> 
        <void method="add"> 
         <double>0.2209459292891608</double> 
        </void> 
        <void method="add"> 
         <double>0.22117694254756487</double> 
        </void> 
        <void method="add"> 
         <double>0.22156380799633218</double> 
        </void> 
        <void method="add"> 
         <double>0.22187548222001288</double> 
        </void> 
        <void method="add"> 
         <double>0.22213640061366347</double> 
        </void> 
        <void method="add"> 
         <double>0.24390108043588415</double> 
        </void> 
        <void method="add"> 
         <double>0.2570891468422209</double> 
        </void> 
        <void method="add"> 
         <double>0.25776469939723573</double> 
        </void> 
        <void method="add"> 
         <double>0.2585297120911446</double> 
        </void> 
        <void method="add"> 
         <double>0.25879220930080166</double> 
        </void> 
        <void method="add"> 
         <double>0.24448536452493783</double> 
        </void> 
        <void method="add"> 
         <double>0.25688903578785843</double> 
        </void> 
        <void method="add"> 
         <double>0.2559625995476528</double> 
        </void> 
        <void method="add"> 
         <double>0.2579261717191741</double> 
        </void> 
        <void method="add"> 
         <double>0.257498103763364</double> 
        </void> 
       </object> 
      </void> 
      <void property="stdev"> 
       <double>0.01740389416493759</double> 
      </void> 
     </object> 
    </void> 
   </array> 
  </void> 
  <void property="opName"> 
   <string>LU</string> 
  </void> 
 </object> 
</java> 
