<?xml version="1.0" encoding="UTF-8"?> 
<java version="1.6.0_16" class="java.beans.XMLDecoder"> 
 <object class="jmbench.tools.runtime.OperationResults"> 
  <void property="library"> 
   <object class="jmbench.impl.MatrixLibrary" method="valueOf"> 
    <string>MTJ</string> 
   </object> 
  </void> 
  <void property="matDimen"> 
   <array class="int" length="12"> 
    <void index="0"> 
     <int>2</int> 
    </void> 
    <void index="1"> 
     <int>3</int> 
    </void> 
    <void index="2"> 
     <int>4</int> 
    </void> 
    <void index="3"> 
     <int>5</int> 
    </void> 
    <void index="4"> 
     <int>10</int> 
    </void> 
    <void index="5"> 
     <int>20</int> 
    </void> 
    <void index="6"> 
     <int>50</int> 
    </void> 
    <void index="7"> 
     <int>100</int> 
    </void> 
    <void index="8"> 
     <int>200</int> 
    </void> 
    <void index="9"> 
     <int>500</int> 
    </void> 
    <void index="10"> 
     <int>1000</int> 
    </void> 
    <void index="11"> 
     <int>2000</int> 
    </void> 
   </array> 
  </void> 
  <void property="metrics"> 
   <array class="jmbench.tools.EvaluationMetrics" length="12"> 
    <void index="0"> 
     <object class="jmbench.tools.EvaluationMetrics"> 
      <void property="max"> 
       <double>955111.0904489078</double> 
      </void> 
      <void property="mean"> 
       <double>922433.9007064943</double> 
      </void> 
      <void property="median"> 
       <double>949075.8453756404</double> 
      </void> 
      <void property="min"> 
       <double>831533.8965167461</double> 
      </void> 
      <void property="rawResults"> 
       <object class="java.util.ArrayList"> 
        <void method="add"> 
         <double>899888.0944190241</double> 
        </void> 
        <void method="add"> 
         <double>919003.2909387142</double> 
        </void> 
        <void method="add"> 
         <double>929182.5282399292</double> 
        </void> 
        <void method="add"> 
         <double>931247.21954344</double> 
        </void> 
        <void method="add"> 
         <double>931865.113391665</double> 
        </void> 
        <void method="add"> 
         <double>936419.3323922586</double> 
        </void> 
        <void method="add"> 
         <double>948806.6840083485</double> 
        </void> 
        <void method="add"> 
         <double>949075.8453756404</double> 
        </void> 
        <void method="add"> 
         <double>949614.4956725257</double> 
        </void> 
        <void method="add"> 
         <double>949737.2476583899</double> 
        </void> 
        <void method="add"> 
         <double>951220.6136374678</double> 
        </void> 
        <void method="add"> 
         <double>951382.4338947538</double> 
        </void> 
        <void method="add"> 
         <double>951433.5785128804</double> 
        </void> 
        <void method="add"> 
         <double>951711.4233442649</double> 
        </void> 
        <void method="add"> 
         <double>952051.4790986938</double> 
        </void> 
        <void method="add"> 
         <double>952476.1797847423</double> 
        </void> 
        <void method="add"> 
         <double>952507.4752321334</double> 
        </void> 
        <void method="add"> 
         <double>954300.3184336175</double> 
        </void> 
        <void method="add"> 
         <double>954358.3502766793</double> 
        </void> 
        <void method="add"> 
         <double>955111.0904489078</double> 
        </void> 
        <void method="add"> 
         <double>834260.7796224271</double> 
        </void> 
        <void method="add"> 
         <double>846719.1906756986</double> 
        </void> 
        <void method="add"> 
         <double>831533.8965167461</double> 
        </void> 
        <void method="add"> 
         <double>837671.3662405873</double> 
        </void> 
        <void method="add"> 
         <double>839269.4903028249</double> 
        </void> 
       </object> 
      </void> 
      <void property="stdev"> 
       <double>44199.49931481079</double> 
      </void> 
     </object> 
    </void> 
    <void index="1"> 
     <object class="jmbench.tools.EvaluationMetrics"> 
      <void property="max"> 
       <double>558634.4409484045</double> 
      </void> 
      <void property="mean"> 
       <double>544398.3472276666</double> 
      </void> 
      <void property="median"> 
       <double>551346.9450873943</double> 
      </void> 
      <void property="min"> 
       <double>511890.1016918456</double> 
      </void> 
      <void property="rawResults"> 
       <object class="java.util.ArrayList"> 
        <void method="add"> 
         <double>524626.906744165</double> 
        </void> 
        <void method="add"> 
         <double>536808.3026526192</double> 
        </void> 
        <void method="add"> 
         <double>539395.119842787</double> 
        </void> 
        <void method="add"> 
         <double>541421.5255235663</double> 
        </void> 
        <void method="add"> 
         <double>548058.3993734859</double> 
        </void> 
        <void method="add"> 
         <double>549290.4284390156</double> 
        </void> 
        <void method="add"> 
         <double>550375.6805140259</double> 
        </void> 
        <void method="add"> 
         <double>551346.9450873943</double> 
        </void> 
        <void method="add"> 
         <double>552954.193532316</double> 
        </void> 
        <void method="add"> 
         <double>553354.0151329882</double> 
        </void> 
        <void method="add"> 
         <double>553512.684993018</double> 
        </void> 
        <void method="add"> 
         <double>554211.23367929</double> 
        </void> 
        <void method="add"> 
         <double>554369.7623910523</double> 
        </void> 
        <void method="add"> 
         <double>554802.9479841593</double> 
        </void> 
        <void method="add"> 
         <double>555282.7114919616</double> 
        </void> 
        <void method="add"> 
         <double>555521.5956600456</double> 
        </void> 
        <void method="add"> 
         <double>556303.4649580627</double> 
        </void> 
        <void method="add"> 
         <double>556475.5663103597</double> 
        </void> 
        <void method="add"> 
         <double>556992.1121434331</double> 
        </void> 
        <void method="add"> 
         <double>558634.4409484045</double> 
        </void> 
        <void method="add"> 
         <double>529789.7251730583</double> 
        </void> 
        <void method="add"> 
         <double>521622.2469010367</double> 
        </void> 
        <void method="add"> 
         <double>523338.4828542636</double> 
        </void> 
        <void method="add"> 
         <double>519580.0866693113</double> 
        </void> 
        <void method="add"> 
         <double>511890.1016918456</double> 
        </void> 
       </object> 
      </void> 
      <void property="stdev"> 
       <double>13976.661265471306</double> 
      </void> 
     </object> 
    </void> 
    <void index="2"> 
     <object class="jmbench.tools.EvaluationMetrics"> 
      <void property="max"> 
       <double>371531.77017955267</double> 
      </void> 
      <void property="mean"> 
       <double>358407.3484897647</double> 
      </void> 
      <void property="median"> 
       <double>359148.9380917585</double> 
      </void> 
      <void property="min"> 
       <double>339713.74497371126</double> 
      </void> 
      <void property="rawResults"> 
       <object class="java.util.ArrayList"> 
        <void method="add"> 
         <double>339713.74497371126</double> 
        </void> 
        <void method="add"> 
         <double>342270.3461233665</double> 
        </void> 
        <void method="add"> 
         <double>344823.08819963207</double> 
        </void> 
        <void method="add"> 
         <double>345785.95526974264</double> 
        </void> 
        <void method="add"> 
         <double>346646.4555886562</double> 
        </void> 
        <void method="add"> 
         <double>347760.12141909683</double> 
        </void> 
        <void method="add"> 
         <double>351822.04863108695</double> 
        </void> 
        <void method="add"> 
         <double>353013.16806853056</double> 
        </void> 
        <void method="add"> 
         <double>354793.58940540993</double> 
        </void> 
        <void method="add"> 
         <double>358209.8281044101</double> 
        </void> 
        <void method="add"> 
         <double>366044.6350221924</double> 
        </void> 
        <void method="add"> 
         <double>366142.0921410605</double> 
        </void> 
        <void method="add"> 
         <double>367494.0256271182</double> 
        </void> 
        <void method="add"> 
         <double>367814.80290823866</double> 
        </void> 
        <void method="add"> 
         <double>369078.9854660404</double> 
        </void> 
        <void method="add"> 
         <double>369492.8244452806</double> 
        </void> 
        <void method="add"> 
         <double>369617.8761441599</double> 
        </void> 
        <void method="add"> 
         <double>370440.8296898728</double> 
        </void> 
        <void method="add"> 
         <double>370685.084436457</double> 
        </void> 
        <void method="add"> 
         <double>371531.77017955267</double> 
        </void> 
        <void method="add"> 
         <double>359148.9380917585</double> 
        </void> 
        <void method="add"> 
         <double>361620.6410399844</double> 
        </void> 
        <void method="add"> 
         <double>360624.918158271</double> 
        </void> 
        <void method="add"> 
         <double>356713.1054908261</double> 
        </void> 
        <void method="add"> 
         <double>348894.8376196611</double> 
        </void> 
       </object> 
      </void> 
      <void property="stdev"> 
       <double>10039.019729903257</double> 
      </void> 
     </object> 
    </void> 
    <void index="3"> 
     <object class="jmbench.tools.EvaluationMetrics"> 
      <void property="max"> 
       <double>256017.2745526028</double> 
      </void> 
      <void property="mean"> 
       <double>247497.55445408472</double> 
      </void> 
      <void property="median"> 
       <double>251024.45134424441</double> 
      </void> 
      <void property="min"> 
       <double>236187.91479688327</double> 
      </void> 
      <void property="rawResults"> 
       <object class="java.util.ArrayList"> 
        <void method="add"> 
         <double>236187.91479688327</double> 
        </void> 
        <void method="add"> 
         <double>236477.5557798677</double> 
        </void> 
        <void method="add"> 
         <double>236658.2880446607</double> 
        </void> 
        <void method="add"> 
         <double>238396.12928548036</double> 
        </void> 
        <void method="add"> 
         <double>239296.31856909816</double> 
        </void> 
        <void method="add"> 
         <double>239616.66139094668</double> 
        </void> 
        <void method="add"> 
         <double>240302.059398124</double> 
        </void> 
        <void method="add"> 
         <double>240682.8071528849</double> 
        </void> 
        <void method="add"> 
         <double>241099.34671998047</double> 
        </void> 
        <void method="add"> 
         <double>241680.24540128125</double> 
        </void> 
        <void method="add"> 
         <double>251887.84274823725</double> 
        </void> 
        <void method="add"> 
         <double>252015.98951247643</double> 
        </void> 
        <void method="add"> 
         <double>252904.6701712013</double> 
        </void> 
        <void method="add"> 
         <double>253126.07043529692</double> 
        </void> 
        <void method="add"> 
         <double>253579.27837415872</double> 
        </void> 
        <void method="add"> 
         <double>255186.79204771642</double> 
        </void> 
        <void method="add"> 
         <double>255348.9927204611</double> 
        </void> 
        <void method="add"> 
         <double>255482.2337364124</double> 
        </void> 
        <void method="add"> 
         <double>255576.31240666573</double> 
        </void> 
        <void method="add"> 
         <double>256017.2745526028</double> 
        </void> 
        <void method="add"> 
         <double>250951.09002088127</double> 
        </void> 
        <void method="add"> 
         <double>251000.26006102626</double> 
        </void> 
        <void method="add"> 
         <double>251024.45134424441</double> 
        </void> 
        <void method="add"> 
         <double>251140.93353383717</double> 
        </void> 
        <void method="add"> 
         <double>251799.3431476904</double> 
        </void> 
       </object> 
      </void> 
      <void property="stdev"> 
       <double>7156.60002608377</double> 
      </void> 
     </object> 
    </void> 
    <void index="4"> 
     <object class="jmbench.tools.EvaluationMetrics"> 
      <void property="max"> 
       <double>78759.80287628232</double> 
      </void> 
      <void property="mean"> 
       <double>77083.26304603646</double> 
      </void> 
      <void property="median"> 
       <double>76835.07380880343</double> 
      </void> 
      <void property="min"> 
       <double>75091.46006004162</double> 
      </void> 
      <void property="rawResults"> 
       <object class="java.util.ArrayList"> 
        <void method="add"> 
         <double>75091.46006004162</double> 
        </void> 
        <void method="add"> 
         <double>75544.78370012334</double> 
        </void> 
        <void method="add"> 
         <double>75973.14132495801</double> 
        </void> 
        <void method="add"> 
         <double>76502.93154222795</double> 
        </void> 
        <void method="add"> 
         <double>76510.79083532034</double> 
        </void> 
        <void method="add"> 
         <double>76547.788226518</double> 
        </void> 
        <void method="add"> 
         <double>76564.71262149636</double> 
        </void> 
        <void method="add"> 
         <double>76579.27584882539</double> 
        </void> 
        <void method="add"> 
         <double>76672.57943707063</double> 
        </void> 
        <void method="add"> 
         <double>76835.05207244055</double> 
        </void> 
        <void method="add"> 
         <double>77070.1078518906</double> 
        </void> 
        <void method="add"> 
         <double>77258.27828692482</double> 
        </void> 
        <void method="add"> 
         <double>77649.76528564424</double> 
        </void> 
        <void method="add"> 
         <double>77753.92808556513</double> 
        </void> 
        <void method="add"> 
         <double>78031.2145253017</double> 
        </void> 
        <void method="add"> 
         <double>78197.7448945152</double> 
        </void> 
        <void method="add"> 
         <double>78351.0765045537</double> 
        </void> 
        <void method="add"> 
         <double>78538.10714978888</double> 
        </void> 
        <void method="add"> 
         <double>78723.19064254258</double> 
        </void> 
        <void method="add"> 
         <double>78759.80287628232</double> 
        </void> 
        <void method="add"> 
         <double>76786.26922460605</double> 
        </void> 
        <void method="add"> 
         <double>76162.37674304747</double> 
        </void> 
        <void method="add"> 
         <double>77251.86214709625</double> 
        </void> 
        <void method="add"> 
         <double>76835.07380880343</double> 
        </void> 
        <void method="add"> 
         <double>76890.26245532704</double> 
        </void> 
       </object> 
      </void> 
      <void property="stdev"> 
       <double>948.6993141003157</double> 
      </void> 
     </object> 
    </void> 
    <void index="5"> 
     <object class="jmbench.tools.EvaluationMetrics"> 
      <void property="max"> 
       <double>19565.15969925979</double> 
      </void> 
      <void property="mean"> 
       <double>19103.612601357006</double> 
      </void> 
      <void property="median"> 
       <double>19165.375686288233</double> 
      </void> 
      <void property="min"> 
       <double>18236.36937535119</double> 
      </void> 
      <void property="rawResults"> 
       <object class="java.util.ArrayList"> 
        <void method="add"> 
         <double>18236.36937535119</double> 
        </void> 
        <void method="add"> 
         <double>18500.533277838982</double> 
        </void> 
        <void method="add"> 
         <double>18539.43420413618</double> 
        </void> 
        <void method="add"> 
         <double>18768.076511916264</double> 
        </void> 
        <void method="add"> 
         <double>18948.726405248228</double> 
        </void> 
        <void method="add"> 
         <double>18953.509261051156</double> 
        </void> 
        <void method="add"> 
         <double>19019.572380099064</double> 
        </void> 
        <void method="add"> 
         <double>19088.72081584149</double> 
        </void> 
        <void method="add"> 
         <double>19101.286692513168</double> 
        </void> 
        <void method="add"> 
         <double>19118.88552127641</double> 
        </void> 
        <void method="add"> 
         <double>19165.375686288233</double> 
        </void> 
        <void method="add"> 
         <double>19211.891486225537</double> 
        </void> 
        <void method="add"> 
         <double>19215.2469328168</double> 
        </void> 
        <void method="add"> 
         <double>19243.33033739919</double> 
        </void> 
        <void method="add"> 
         <double>19295.566232325913</double> 
        </void> 
        <void method="add"> 
         <double>19329.622327465837</double> 
        </void> 
        <void method="add"> 
         <double>19370.671433584765</double> 
        </void> 
        <void method="add"> 
         <double>19387.648060877884</double> 
        </void> 
        <void method="add"> 
         <double>19412.07451222755</double> 
        </void> 
        <void method="add"> 
         <double>19466.389665582454</double> 
        </void> 
        <void method="add"> 
         <double>19565.15969925979</double> 
        </void> 
        <void method="add"> 
         <double>18885.838606658763</double> 
        </void> 
        <void method="add"> 
         <double>19240.687319542147</double> 
        </void> 
        <void method="add"> 
         <double>19510.000617335045</double> 
        </void> 
        <void method="add"> 
         <double>19015.69767106306</double> 
        </void> 
       </object> 
      </void> 
      <void property="stdev"> 
       <double>320.44116435934586</double> 
      </void> 
     </object> 
    </void> 
    <void index="6"> 
     <object class="jmbench.tools.EvaluationMetrics"> 
      <void property="max"> 
       <double>2042.597487210245</double> 
      </void> 
      <void property="mean"> 
       <double>1973.7272989402695</double> 
      </void> 
      <void property="median"> 
       <double>1975.574508811077</double> 
      </void> 
      <void property="min"> 
       <double>1930.2034425441107</double> 
      </void> 
      <void property="rawResults"> 
       <object class="java.util.ArrayList"> 
        <void method="add"> 
         <double>1930.2034425441107</double> 
        </void> 
        <void method="add"> 
         <double>1934.910353287135</double> 
        </void> 
        <void method="add"> 
         <double>1942.9764274169856</double> 
        </void> 
        <void method="add"> 
         <double>1945.0690037002128</double> 
        </void> 
        <void method="add"> 
         <double>1946.01113462609</double> 
        </void> 
        <void method="add"> 
         <double>1948.3175044259149</double> 
        </void> 
        <void method="add"> 
         <double>1958.5743128410656</double> 
        </void> 
        <void method="add"> 
         <double>1960.0711224904198</double> 
        </void> 
        <void method="add"> 
         <double>1973.754548462148</double> 
        </void> 
        <void method="add"> 
         <double>1983.2649298989784</double> 
        </void> 
        <void method="add"> 
         <double>1987.8160300189845</double> 
        </void> 
        <void method="add"> 
         <double>1987.8607568929253</double> 
        </void> 
        <void method="add"> 
         <double>1991.0619588967045</double> 
        </void> 
        <void method="add"> 
         <double>1992.1588389516962</double> 
        </void> 
        <void method="add"> 
         <double>1992.8134771050675</double> 
        </void> 
        <void method="add"> 
         <double>1994.3775519724863</double> 
        </void> 
        <void method="add"> 
         <double>1997.0978971662662</double> 
        </void> 
        <void method="add"> 
         <double>2021.352652526006</double> 
        </void> 
        <void method="add"> 
         <double>2024.8602916201612</double> 
        </void> 
        <void method="add"> 
         <double>2042.597487210245</double> 
        </void> 
        <void method="add"> 
         <double>1931.4901856748365</double> 
        </void> 
        <void method="add"> 
         <double>1947.0297595008415</double> 
        </void> 
        <void method="add"> 
         <double>1956.0557824947828</double> 
        </void> 
        <void method="add"> 
         <double>1977.8825149716083</double> 
        </void> 
        <void method="add"> 
         <double>1975.574508811077</double> 
        </void> 
       </object> 
      </void> 
      <void property="stdev"> 
       <double>29.610688647952003</double> 
      </void> 
     </object> 
    </void> 
    <void index="7"> 
     <object class="jmbench.tools.EvaluationMetrics"> 
      <void property="max"> 
       <double>298.65069908785085</double> 
      </void> 
      <void property="mean"> 
       <double>296.1093259161197</double> 
      </void> 
      <void property="median"> 
       <double>296.02028905039623</double> 
      </void> 
      <void property="min"> 
       <double>294.15931829887637</double> 
      </void> 
      <void property="rawResults"> 
       <object class="java.util.ArrayList"> 
        <void method="add"> 
         <double>294.15931829887637</double> 
        </void> 
        <void method="add"> 
         <double>294.71069438253636</double> 
        </void> 
        <void method="add"> 
         <double>294.881837349991</double> 
        </void> 
        <void method="add"> 
         <double>295.1760303862361</double> 
        </void> 
        <void method="add"> 
         <double>295.3015036261287</double> 
        </void> 
        <void method="add"> 
         <double>295.41232312859756</double> 
        </void> 
        <void method="add"> 
         <double>295.5997459703294</double> 
        </void> 
        <void method="add"> 
         <double>295.6321886680371</double> 
        </void> 
        <void method="add"> 
         <double>295.7612473421538</double> 
        </void> 
        <void method="add"> 
         <double>295.92428717927663</double> 
        </void> 
        <void method="add"> 
         <double>295.9890090571452</double> 
        </void> 
        <void method="add"> 
         <double>296.02028905039623</double> 
        </void> 
        <void method="add"> 
         <double>296.02493920756467</double> 
        </void> 
        <void method="add"> 
         <double>296.05261348674554</double> 
        </void> 
        <void method="add"> 
         <double>296.1592748528949</double> 
        </void> 
        <void method="add"> 
         <double>296.1649876311524</double> 
        </void> 
        <void method="add"> 
         <double>296.3445804038181</double> 
        </void> 
        <void method="add"> 
         <double>297.20769116847856</double> 
        </void> 
        <void method="add"> 
         <double>297.23921081053953</double> 
        </void> 
        <void method="add"> 
         <double>298.04966639830445</double> 
        </void> 
        <void method="add"> 
         <double>296.1346699614889</double> 
        </void> 
        <void method="add"> 
         <double>295.6265954851386</double> 
        </void> 
        <void method="add"> 
         <double>297.44001813360677</double> 
        </void> 
        <void method="add"> 
         <double>297.0697268357036</double> 
        </void> 
        <void method="add"> 
         <double>298.65069908785085</double> 
        </void> 
       </object> 
      </void> 
      <void property="stdev"> 
       <double>1.0128098448235143</double> 
      </void> 
     </object> 
    </void> 
    <void index="8"> 
     <object class="jmbench.tools.EvaluationMetrics"> 
      <void property="max"> 
       <double>43.80277539567678</double> 
      </void> 
      <void property="mean"> 
       <double>43.45479726800584</double> 
      </void> 
      <void property="median"> 
       <double>43.53321978961286</double> 
      </void> 
      <void property="min"> 
       <double>42.7620429182778</double> 
      </void> 
      <void property="rawResults"> 
       <object class="java.util.ArrayList"> 
        <void method="add"> 
         <double>42.7620429182778</double> 
        </void> 
        <void method="add"> 
         <double>43.05690912493549</double> 
        </void> 
        <void method="add"> 
         <double>43.073804966252425</double> 
        </void> 
        <void method="add"> 
         <double>43.09893953572195</double> 
        </void> 
        <void method="add"> 
         <double>43.22426172118107</double> 
        </void> 
        <void method="add"> 
         <double>43.29587199861329</double> 
        </void> 
        <void method="add"> 
         <double>43.340701989463476</double> 
        </void> 
        <void method="add"> 
         <double>43.44838122030737</double> 
        </void> 
        <void method="add"> 
         <double>43.46169722428955</double> 
        </void> 
        <void method="add"> 
         <double>43.48113571872807</double> 
        </void> 
        <void method="add"> 
         <double>43.49451850741946</double> 
        </void> 
        <void method="add"> 
         <double>43.53321978961286</double> 
        </void> 
        <void method="add"> 
         <double>43.54491076575364</double> 
        </void> 
        <void method="add"> 
         <double>43.60360241203369</double> 
        </void> 
        <void method="add"> 
         <double>43.612903063941474</double> 
        </void> 
        <void method="add"> 
         <double>43.68957441229972</double> 
        </void> 
        <void method="add"> 
         <double>43.69741744240084</double> 
        </void> 
        <void method="add"> 
         <double>43.707883069277344</double> 
        </void> 
        <void method="add"> 
         <double>43.72560060823225</double> 
        </void> 
        <void method="add"> 
         <double>43.80277539567678</double> 
        </void> 
        <void method="add"> 
         <double>43.6394241674455</double> 
        </void> 
        <void method="add"> 
         <double>43.61775900400767</double> 
        </void> 
        <void method="add"> 
         <double>43.05636336861879</double> 
        </void> 
        <void method="add"> 
         <double>43.766596200696114</double> 
        </void> 
        <void method="add"> 
         <double>43.63363707495931</double> 
        </void> 
       </object> 
      </void> 
      <void property="stdev"> 
       <double>0.2673022407265122</double> 
      </void> 
     </object> 
    </void> 
    <void index="9"> 
     <object class="jmbench.tools.EvaluationMetrics"> 
      <void property="max"> 
       <double>3.2914519453567013</double> 
      </void> 
      <void property="mean"> 
       <double>3.1685021460289646</double> 
      </void> 
      <void property="median"> 
       <double>3.2352924888676022</double> 
      </void> 
      <void property="min"> 
       <double>2.9836545177549696</double> 
      </void> 
      <void property="rawResults"> 
       <object class="java.util.ArrayList"> 
        <void method="add"> 
         <double>2.9836545177549696</double> 
        </void> 
        <void method="add"> 
         <double>3.0140324837803045</double> 
        </void> 
        <void method="add"> 
         <double>3.0261524934273676</double> 
        </void> 
        <void method="add"> 
         <double>3.026481336409901</double> 
        </void> 
        <void method="add"> 
         <double>3.027994897149116</double> 
        </void> 
        <void method="add"> 
         <double>3.0410622782327947</double> 
        </void> 
        <void method="add"> 
         <double>3.0478230801584654</double> 
        </void> 
        <void method="add"> 
         <double>3.0485472163178517</double> 
        </void> 
        <void method="add"> 
         <double>3.062875697023025</double> 
        </void> 
        <void method="add"> 
         <double>3.064130356777547</double> 
        </void> 
        <void method="add"> 
         <double>3.1557813891064495</double> 
        </void> 
        <void method="add"> 
         <double>3.2352924888676022</double> 
        </void> 
        <void method="add"> 
         <double>3.2411485138367553</double> 
        </void> 
        <void method="add"> 
         <double>3.2491880310789916</double> 
        </void> 
        <void method="add"> 
         <double>3.2715416990878357</double> 
        </void> 
        <void method="add"> 
         <double>3.2738109187842537</double> 
        </void> 
        <void method="add"> 
         <double>3.277029990702096</double> 
        </void> 
        <void method="add"> 
         <double>3.2779001702542327</double> 
        </void> 
        <void method="add"> 
         <double>3.2798954712794406</double> 
        </void> 
        <void method="add"> 
         <double>3.2914519453567013</double> 
        </void> 
        <void method="add"> 
         <double>3.2303037033534476</double> 
        </void> 
        <void method="add"> 
         <double>3.268080505637651</double> 
        </void> 
        <void method="add"> 
         <double>3.270779714896337</double> 
        </void> 
        <void method="add"> 
         <double>3.2869512799607525</double> 
        </void> 
        <void method="add"> 
         <double>3.260643471490243</double> 
        </void> 
       </object> 
      </void> 
      <void property="stdev"> 
       <double>0.11341150119575798</double> 
      </void> 
     </object> 
    </void> 
    <void index="10"> 
     <object class="jmbench.tools.EvaluationMetrics"> 
      <void property="max"> 
       <double>0.4000158965517258</double> 
      </void> 
      <void property="mean"> 
       <double>0.38021580135861</double> 
      </void> 
      <void property="median"> 
       <double>0.3932401824665198</double> 
      </void> 
      <void property="min"> 
       <double>0.3338663826192025</double> 
      </void> 
      <void property="rawResults"> 
       <object class="java.util.ArrayList"> 
        <void method="add"> 
         <double>0.3338663826192025</double> 
        </void> 
        <void method="add"> 
         <double>0.3474165820164161</double> 
        </void> 
        <void method="add"> 
         <double>0.3484237938561439</double> 
        </void> 
        <void method="add"> 
         <double>0.35027273862446173</double> 
        </void> 
        <void method="add"> 
         <double>0.36308743992472997</double> 
        </void> 
        <void method="add"> 
         <double>0.36494039892668517</double> 
        </void> 
        <void method="add"> 
         <double>0.3653923676720565</double> 
        </void> 
        <void method="add"> 
         <double>0.368881089888484</double> 
        </void> 
        <void method="add"> 
         <double>0.392993695042988</double> 
        </void> 
        <void method="add"> 
         <double>0.39303980223068824</double> 
        </void> 
        <void method="add"> 
         <double>0.39352778878978395</double> 
        </void> 
        <void method="add"> 
         <double>0.39363399181997427</double> 
        </void> 
        <void method="add"> 
         <double>0.3940067803578774</double> 
        </void> 
        <void method="add"> 
         <double>0.39405565794770014</double> 
        </void> 
        <void method="add"> 
         <double>0.39420380122943943</double> 
        </void> 
        <void method="add"> 
         <double>0.39491049573381887</double> 
        </void> 
        <void method="add"> 
         <double>0.3951606210383994</double> 
        </void> 
        <void method="add"> 
         <double>0.3961606872973382</double> 
        </void> 
        <void method="add"> 
         <double>0.3978222575493073</double> 
        </void> 
        <void method="add"> 
         <double>0.4000158965517258</double> 
        </void> 
        <void method="add"> 
         <double>0.34852577129309087</double> 
        </void> 
        <void method="add"> 
         <double>0.39512860405764244</double> 
        </void> 
        <void method="add"> 
         <double>0.3932401824665198</double> 
        </void> 
        <void method="add"> 
         <double>0.39150741458548705</double> 
        </void> 
        <void method="add"> 
         <double>0.39518079244529025</double> 
        </void> 
       </object> 
      </void> 
      <void property="stdev"> 
       <double>0.020407817920774174</double> 
      </void> 
     </object> 
    </void> 
    <void index="11"> 
     <object class="jmbench.tools.EvaluationMetrics"> 
      <void property="max"> 
       <double>0.05029492378748462</double> 
      </void> 
      <void property="mean"> 
       <double>0.04988354546504826</double> 
      </void> 
      <void property="median"> 
       <double>0.05019494503187584</double> 
      </void> 
      <void property="min"> 
       <double>0.04928363532842733</double> 
      </void> 
      <void property="rawResults"> 
       <object class="java.util.ArrayList"> 
        <void method="add"> 
         <double>0.04928363532842733</double> 
        </void> 
        <void method="add"> 
         <double>0.04976067771240523</double> 
        </void> 
        <void method="add"> 
         <double>0.05029492378748462</double> 
        </void> 
        <void method="add"> 
         <double>0.05019494503187584</double> 
        </void> 
       </object> 
      </void> 
      <void property="stdev"> 
       <double>4.0037184936351497E-4</double> 
      </void> 
     </object> 
    </void> 
   </array> 
  </void> 
  <void property="opName"> 
   <string>QR</string> 
  </void> 
 </object> 
</java> 
