<?xml version="1.0" encoding="UTF-8"?> 
<java version="1.6.0_16" class="java.beans.XMLDecoder"> 
 <object class="jmbench.tools.runtime.OperationResults"> 
  <void property="library"> 
   <object class="jmbench.impl.MatrixLibrary" method="valueOf"> 
    <string>MTJ</string> 
   </object> 
  </void> 
  <void property="matDimen"> 
   <array class="int" length="12"> 
    <void index="0"> 
     <int>2</int> 
    </void> 
    <void index="1"> 
     <int>3</int> 
    </void> 
    <void index="2"> 
     <int>4</int> 
    </void> 
    <void index="3"> 
     <int>5</int> 
    </void> 
    <void index="4"> 
     <int>10</int> 
    </void> 
    <void index="5"> 
     <int>20</int> 
    </void> 
    <void index="6"> 
     <int>50</int> 
    </void> 
    <void index="7"> 
     <int>100</int> 
    </void> 
    <void index="8"> 
     <int>200</int> 
    </void> 
    <void index="9"> 
     <int>500</int> 
    </void> 
    <void index="10"> 
     <int>1000</int> 
    </void> 
    <void index="11"> 
     <int>2000</int> 
    </void> 
   </array> 
  </void> 
  <void property="metrics"> 
   <array class="jmbench.tools.EvaluationMetrics" length="12"> 
    <void index="0"> 
     <object class="jmbench.tools.EvaluationMetrics"> 
      <void property="max"> 
       <double>1412138.4756462</double> 
      </void> 
      <void property="mean"> 
       <double>1300403.54651544</double> 
      </void> 
      <void property="median"> 
       <double>1299334.742507571</double> 
      </void> 
      <void property="min"> 
       <double>1212266.3525731745</double> 
      </void> 
      <void property="rawResults"> 
       <object class="java.util.ArrayList"> 
        <void method="add"> 
         <double>1212266.3525731745</double> 
        </void> 
        <void method="add"> 
         <double>1216470.9771468835</double> 
        </void> 
        <void method="add"> 
         <double>1222458.4449347535</double> 
        </void> 
        <void method="add"> 
         <double>1232403.178797275</double> 
        </void> 
        <void method="add"> 
         <double>1235604.8080437295</double> 
        </void> 
        <void method="add"> 
         <double>1241411.338708988</double> 
        </void> 
        <void method="add"> 
         <double>1243385.8107619924</double> 
        </void> 
        <void method="add"> 
         <double>1259223.2746447322</double> 
        </void> 
        <void method="add"> 
         <double>1259556.334164608</double> 
        </void> 
        <void method="add"> 
         <double>1261547.5864004616</double> 
        </void> 
        <void method="add"> 
         <double>1263255.1444911887</double> 
        </void> 
        <void method="add"> 
         <double>1266843.8543363917</double> 
        </void> 
        <void method="add"> 
         <double>1299334.742507571</double> 
        </void> 
        <void method="add"> 
         <double>1307088.5883895047</double> 
        </void> 
        <void method="add"> 
         <double>1313147.7190922073</double> 
        </void> 
        <void method="add"> 
         <double>1328620.104663111</double> 
        </void> 
        <void method="add"> 
         <double>1337764.5702482949</double> 
        </void> 
        <void method="add"> 
         <double>1339355.5093884382</double> 
        </void> 
        <void method="add"> 
         <double>1398067.2646079934</double> 
        </void> 
        <void method="add"> 
         <double>1403754.3065373176</double> 
        </void> 
        <void method="add"> 
         <double>1341788.1603156328</double> 
        </void> 
        <void method="add"> 
         <double>1339979.31837419</double> 
        </void> 
        <void method="add"> 
         <double>1410854.346353496</double> 
        </void> 
        <void method="add"> 
         <double>1412138.4756462</double> 
        </void> 
        <void method="add"> 
         <double>1363768.4517578643</double> 
        </void> 
       </object> 
      </void> 
      <void property="stdev"> 
       <double>63225.905171973</double> 
      </void> 
     </object> 
    </void> 
    <void index="1"> 
     <object class="jmbench.tools.EvaluationMetrics"> 
      <void property="max"> 
       <double>810758.6373909413</double> 
      </void> 
      <void property="mean"> 
       <double>767122.8626264001</double> 
      </void> 
      <void property="median"> 
       <double>771293.8616957598</double> 
      </void> 
      <void property="min"> 
       <double>727108.7426738528</double> 
      </void> 
      <void property="rawResults"> 
       <object class="java.util.ArrayList"> 
        <void method="add"> 
         <double>727108.7426738528</double> 
        </void> 
        <void method="add"> 
         <double>735927.6739848306</double> 
        </void> 
        <void method="add"> 
         <double>739879.2800671485</double> 
        </void> 
        <void method="add"> 
         <double>740868.5771130988</double> 
        </void> 
        <void method="add"> 
         <double>741637.3654715436</double> 
        </void> 
        <void method="add"> 
         <double>741984.7929930141</double> 
        </void> 
        <void method="add"> 
         <double>742064.4823073898</double> 
        </void> 
        <void method="add"> 
         <double>743143.3961452016</double> 
        </void> 
        <void method="add"> 
         <double>746930.7880130048</double> 
        </void> 
        <void method="add"> 
         <double>747546.4267113998</double> 
        </void> 
        <void method="add"> 
         <double>771293.8616957598</double> 
        </void> 
        <void method="add"> 
         <double>772370.9695131074</double> 
        </void> 
        <void method="add"> 
         <double>772518.5351607578</double> 
        </void> 
        <void method="add"> 
         <double>773164.1451369205</double> 
        </void> 
        <void method="add"> 
         <double>777407.5671059411</double> 
        </void> 
        <void method="add"> 
         <double>778349.3684802972</double> 
        </void> 
        <void method="add"> 
         <double>780091.0199052737</double> 
        </void> 
        <void method="add"> 
         <double>801525.1738761212</double> 
        </void> 
        <void method="add"> 
         <double>808734.111266204</double> 
        </void> 
        <void method="add"> 
         <double>810758.6373909413</double> 
        </void> 
        <void method="add"> 
         <double>798109.3026015951</double> 
        </void> 
        <void method="add"> 
         <double>799196.6280915035</double> 
        </void> 
        <void method="add"> 
         <double>795745.0912990983</double> 
        </void> 
        <void method="add"> 
         <double>767504.785478674</double> 
        </void> 
        <void method="add"> 
         <double>764210.8431773155</double> 
        </void> 
       </object> 
      </void> 
      <void property="stdev"> 
       <double>24841.472852079823</double> 
      </void> 
     </object> 
    </void> 
    <void index="2"> 
     <object class="jmbench.tools.EvaluationMetrics"> 
      <void property="max"> 
       <double>510618.0112628999</double> 
      </void> 
      <void property="mean"> 
       <double>475745.22774426994</double> 
      </void> 
      <void property="median"> 
       <double>473002.2661005424</double> 
      </void> 
      <void property="min"> 
       <double>451038.39215722674</double> 
      </void> 
      <void property="rawResults"> 
       <object class="java.util.ArrayList"> 
        <void method="add"> 
         <double>451038.39215722674</double> 
        </void> 
        <void method="add"> 
         <double>458944.980179727</double> 
        </void> 
        <void method="add"> 
         <double>462961.8125634795</double> 
        </void> 
        <void method="add"> 
         <double>464067.1831394055</double> 
        </void> 
        <void method="add"> 
         <double>467557.7407808267</double> 
        </void> 
        <void method="add"> 
         <double>469317.7117357968</double> 
        </void> 
        <void method="add"> 
         <double>469394.1793004265</double> 
        </void> 
        <void method="add"> 
         <double>470905.30051876366</double> 
        </void> 
        <void method="add"> 
         <double>471906.21462082607</double> 
        </void> 
        <void method="add"> 
         <double>473002.2661005424</double> 
        </void> 
        <void method="add"> 
         <double>473120.4373282216</double> 
        </void> 
        <void method="add"> 
         <double>473823.2359932202</double> 
        </void> 
        <void method="add"> 
         <double>473855.633481432</double> 
        </void> 
        <void method="add"> 
         <double>477612.6709735159</double> 
        </void> 
        <void method="add"> 
         <double>477759.6159857261</double> 
        </void> 
        <void method="add"> 
         <double>482723.5449932662</double> 
        </void> 
        <void method="add"> 
         <double>486942.8758018896</double> 
        </void> 
        <void method="add"> 
         <double>494484.45268144005</double> 
        </void> 
        <void method="add"> 
         <double>498317.90516292927</double> 
        </void> 
        <void method="add"> 
         <double>510618.0112628999</double> 
        </void> 
        <void method="add"> 
         <double>463098.2893060214</double> 
        </void> 
        <void method="add"> 
         <double>501324.9604866607</double> 
        </void> 
        <void method="add"> 
         <double>465321.42165029823</double> 
        </void> 
        <void method="add"> 
         <double>461607.68127958843</double> 
        </void> 
        <void method="add"> 
         <double>493924.1761226175</double> 
        </void> 
       </object> 
      </void> 
      <void property="stdev"> 
       <double>14300.609322618599</double> 
      </void> 
     </object> 
    </void> 
    <void index="3"> 
     <object class="jmbench.tools.EvaluationMetrics"> 
      <void property="max"> 
       <double>313549.166369772</double> 
      </void> 
      <void property="mean"> 
       <double>298002.93130641046</double> 
      </void> 
      <void property="median"> 
       <double>295338.039225999</double> 
      </void> 
      <void property="min"> 
       <double>283762.02925187576</double> 
      </void> 
      <void property="rawResults"> 
       <object class="java.util.ArrayList"> 
        <void method="add"> 
         <double>290253.0445561249</double> 
        </void> 
        <void method="add"> 
         <double>290382.84786047216</double> 
        </void> 
        <void method="add"> 
         <double>290938.9157033045</double> 
        </void> 
        <void method="add"> 
         <double>291390.6979839125</double> 
        </void> 
        <void method="add"> 
         <double>292020.36498200905</double> 
        </void> 
        <void method="add"> 
         <double>292157.639835618</double> 
        </void> 
        <void method="add"> 
         <double>292207.31262657035</double> 
        </void> 
        <void method="add"> 
         <double>293786.7078044713</double> 
        </void> 
        <void method="add"> 
         <double>295696.33032058226</double> 
        </void> 
        <void method="add"> 
         <double>296440.7167464667</double> 
        </void> 
        <void method="add"> 
         <double>299738.15376317245</double> 
        </void> 
        <void method="add"> 
         <double>302175.4375609509</double> 
        </void> 
        <void method="add"> 
         <double>304220.3517199938</double> 
        </void> 
        <void method="add"> 
         <double>304801.4791872111</double> 
        </void> 
        <void method="add"> 
         <double>305670.93391691626</double> 
        </void> 
        <void method="add"> 
         <double>306832.41110335424</double> 
        </void> 
        <void method="add"> 
         <double>307599.5756087431</double> 
        </void> 
        <void method="add"> 
         <double>311476.4780424393</double> 
        </void> 
        <void method="add"> 
         <double>312756.24719053117</double> 
        </void> 
        <void method="add"> 
         <double>313549.166369772</double> 
        </void> 
        <void method="add"> 
         <double>291347.74607422616</double> 
        </void> 
        <void method="add"> 
         <double>283762.02925187576</double> 
        </void> 
        <void method="add"> 
         <double>291436.4866966123</double> 
        </void> 
        <void method="add"> 
         <double>294094.16852893314</double> 
        </void> 
        <void method="add"> 
         <double>295338.039225999</double> 
        </void> 
       </object> 
      </void> 
      <void property="stdev"> 
       <double>8070.835785437309</double> 
      </void> 
     </object> 
    </void> 
    <void index="4"> 
     <object class="jmbench.tools.EvaluationMetrics"> 
      <void property="max"> 
       <double>66438.84923751748</double> 
      </void> 
      <void property="mean"> 
       <double>63236.63545427465</double> 
      </void> 
      <void property="median"> 
       <double>63108.92585438489</double> 
      </void> 
      <void property="min"> 
       <double>61972.86081426352</double> 
      </void> 
      <void property="rawResults"> 
       <object class="java.util.ArrayList"> 
        <void method="add"> 
         <double>61972.86081426352</double> 
        </void> 
        <void method="add"> 
         <double>62247.29431303713</double> 
        </void> 
        <void method="add"> 
         <double>62379.3384448159</double> 
        </void> 
        <void method="add"> 
         <double>62524.8410803314</double> 
        </void> 
        <void method="add"> 
         <double>62600.08832402669</double> 
        </void> 
        <void method="add"> 
         <double>62668.41751679519</double> 
        </void> 
        <void method="add"> 
         <double>62670.18477679652</double> 
        </void> 
        <void method="add"> 
         <double>62685.76944065521</double> 
        </void> 
        <void method="add"> 
         <double>62842.38642192553</double> 
        </void> 
        <void method="add"> 
         <double>62911.19674837692</double> 
        </void> 
        <void method="add"> 
         <double>63108.92585438489</double> 
        </void> 
        <void method="add"> 
         <double>63267.105848166124</double> 
        </void> 
        <void method="add"> 
         <double>63323.61094719831</double> 
        </void> 
        <void method="add"> 
         <double>63337.45423454561</double> 
        </void> 
        <void method="add"> 
         <double>63344.7043807071</double> 
        </void> 
        <void method="add"> 
         <double>63358.33168234798</double> 
        </void> 
        <void method="add"> 
         <double>63746.0954103666</double> 
        </void> 
        <void method="add"> 
         <double>64472.889152655815</double> 
        </void> 
        <void method="add"> 
         <double>64972.812739743116</double> 
        </void> 
        <void method="add"> 
         <double>66438.84923751748</double> 
        </void> 
        <void method="add"> 
         <double>62555.866244938916</double> 
        </void> 
        <void method="add"> 
         <double>64069.1183389557</double> 
        </void> 
        <void method="add"> 
         <double>63457.79777040885</double> 
        </void> 
        <void method="add"> 
         <double>62339.070292132055</double> 
        </void> 
        <void method="add"> 
         <double>63620.87634177386</double> 
        </void> 
       </object> 
      </void> 
      <void property="stdev"> 
       <double>953.0524215348898</double> 
      </void> 
     </object> 
    </void> 
    <void index="5"> 
     <object class="jmbench.tools.EvaluationMetrics"> 
      <void property="max"> 
       <double>13321.177742722708</double> 
      </void> 
      <void property="mean"> 
       <double>13139.431146363451</double> 
      </void> 
      <void property="median"> 
       <double>13130.843242365989</double> 
      </void> 
      <void property="min"> 
       <double>13013.325814293727</double> 
      </void> 
      <void property="rawResults"> 
       <object class="java.util.ArrayList"> 
        <void method="add"> 
         <double>13013.325814293727</double> 
        </void> 
        <void method="add"> 
         <double>13016.33788989698</double> 
        </void> 
        <void method="add"> 
         <double>13029.462602653359</double> 
        </void> 
        <void method="add"> 
         <double>13058.058384190292</double> 
        </void> 
        <void method="add"> 
         <double>13059.537009472933</double> 
        </void> 
        <void method="add"> 
         <double>13082.289008657115</double> 
        </void> 
        <void method="add"> 
         <double>13090.138221944964</double> 
        </void> 
        <void method="add"> 
         <double>13097.490021699618</double> 
        </void> 
        <void method="add"> 
         <double>13099.34875278545</double> 
        </void> 
        <void method="add"> 
         <double>13101.473081126614</double> 
        </void> 
        <void method="add"> 
         <double>13121.565047659979</double> 
        </void> 
        <void method="add"> 
         <double>13149.74404873639</double> 
        </void> 
        <void method="add"> 
         <double>13162.385783720752</double> 
        </void> 
        <void method="add"> 
         <double>13173.620894898126</double> 
        </void> 
        <void method="add"> 
         <double>13181.814450943275</double> 
        </void> 
        <void method="add"> 
         <double>13185.372130865726</double> 
        </void> 
        <void method="add"> 
         <double>13193.064470791633</double> 
        </void> 
        <void method="add"> 
         <double>13200.949058178021</double> 
        </void> 
        <void method="add"> 
         <double>13204.649571473361</double> 
        </void> 
        <void method="add"> 
         <double>13260.57259396153</double> 
        </void> 
        <void method="add"> 
         <double>13130.843242365989</double> 
        </void> 
        <void method="add"> 
         <double>13202.489380801228</double> 
        </void> 
        <void method="add"> 
         <double>13248.07329856319</double> 
        </void> 
        <void method="add"> 
         <double>13321.177742722708</double> 
        </void> 
        <void method="add"> 
         <double>13101.996156683317</double> 
        </void> 
       </object> 
      </void> 
      <void property="stdev"> 
       <double>77.08646897581944</double> 
      </void> 
     </object> 
    </void> 
    <void index="6"> 
     <object class="jmbench.tools.EvaluationMetrics"> 
      <void property="max"> 
       <double>1218.8865973056086</double> 
      </void> 
      <void property="mean"> 
       <double>1205.931305185451</double> 
      </void> 
      <void property="median"> 
       <double>1210.6321071329605</double> 
      </void> 
      <void property="min"> 
       <double>1167.7000139599995</double> 
      </void> 
      <void property="rawResults"> 
       <object class="java.util.ArrayList"> 
        <void method="add"> 
         <double>1167.7000139599995</double> 
        </void> 
        <void method="add"> 
         <double>1180.0003368854918</double> 
        </void> 
        <void method="add"> 
         <double>1190.801410018191</double> 
        </void> 
        <void method="add"> 
         <double>1194.4116139376833</double> 
        </void> 
        <void method="add"> 
         <double>1195.8142206155712</double> 
        </void> 
        <void method="add"> 
         <double>1201.0397435028985</double> 
        </void> 
        <void method="add"> 
         <double>1201.9841195208976</double> 
        </void> 
        <void method="add"> 
         <double>1203.933399943253</double> 
        </void> 
        <void method="add"> 
         <double>1206.327688922843</double> 
        </void> 
        <void method="add"> 
         <double>1207.5242558545078</double> 
        </void> 
        <void method="add"> 
         <double>1210.5978794465739</double> 
        </void> 
        <void method="add"> 
         <double>1212.0404426763378</double> 
        </void> 
        <void method="add"> 
         <double>1213.2128405881042</double> 
        </void> 
        <void method="add"> 
         <double>1213.462551086324</double> 
        </void> 
        <void method="add"> 
         <double>1213.7171559879653</double> 
        </void> 
        <void method="add"> 
         <double>1213.7905427048197</double> 
        </void> 
        <void method="add"> 
         <double>1214.9768004433377</double> 
        </void> 
        <void method="add"> 
         <double>1215.5421596733336</double> 
        </void> 
        <void method="add"> 
         <double>1215.9093421631846</double> 
        </void> 
        <void method="add"> 
         <double>1218.8865973056086</double> 
        </void> 
        <void method="add"> 
         <double>1210.6321071329605</double> 
        </void> 
        <void method="add"> 
         <double>1207.5000617522248</double> 
        </void> 
        <void method="add"> 
         <double>1213.2274908267796</double> 
        </void> 
        <void method="add"> 
         <double>1212.9185560220985</double> 
        </void> 
        <void method="add"> 
         <double>1212.3312986652884</double> 
        </void> 
       </object> 
      </void> 
      <void property="stdev"> 
       <double>11.90731507914879</double> 
      </void> 
     </object> 
    </void> 
    <void index="7"> 
     <object class="jmbench.tools.EvaluationMetrics"> 
      <void property="max"> 
       <double>153.70300453200193</double> 
      </void> 
      <void property="mean"> 
       <double>153.1197109188876</double> 
      </void> 
      <void property="median"> 
       <double>153.07603970317697</double> 
      </void> 
      <void property="min"> 
       <double>152.5280823083565</double> 
      </void> 
      <void property="rawResults"> 
       <object class="java.util.ArrayList"> 
        <void method="add"> 
         <double>152.5280823083565</double> 
        </void> 
        <void method="add"> 
         <double>152.57849802525732</double> 
        </void> 
        <void method="add"> 
         <double>152.77440145333549</double> 
        </void> 
        <void method="add"> 
         <double>152.81495442713057</double> 
        </void> 
        <void method="add"> 
         <double>152.96238089824462</double> 
        </void> 
        <void method="add"> 
         <double>152.97028205217737</double> 
        </void> 
        <void method="add"> 
         <double>152.98078240113398</double> 
        </void> 
        <void method="add"> 
         <double>152.9849636289366</double> 
        </void> 
        <void method="add"> 
         <double>153.0346699025547</double> 
        </void> 
        <void method="add"> 
         <double>153.03707844349813</double> 
        </void> 
        <void method="add"> 
         <double>153.07603970317697</double> 
        </void> 
        <void method="add"> 
         <double>153.08227492904277</double> 
        </void> 
        <void method="add"> 
         <double>153.10681618784548</double> 
        </void> 
        <void method="add"> 
         <double>153.1542313547426</double> 
        </void> 
        <void method="add"> 
         <double>153.3292760456651</double> 
        </void> 
        <void method="add"> 
         <double>153.38823283867123</double> 
        </void> 
        <void method="add"> 
         <double>153.45402944976465</double> 
        </void> 
        <void method="add"> 
         <double>153.5170339654148</double> 
        </void> 
        <void method="add"> 
         <double>153.57401324711077</double> 
        </void> 
        <void method="add"> 
         <double>153.5824859047933</double> 
        </void> 
        <void method="add"> 
         <double>153.14549289170904</double> 
        </void> 
        <void method="add"> 
         <double>153.70300453200193</double> 
        </void> 
        <void method="add"> 
         <double>152.9910850415818</double> 
        </void> 
        <void method="add"> 
         <double>153.0734710821112</double> 
        </void> 
        <void method="add"> 
         <double>153.1491922579333</double> 
        </void> 
       </object> 
      </void> 
      <void property="stdev"> 
       <double>0.291545720812123</double> 
      </void> 
     </object> 
    </void> 
    <void index="8"> 
     <object class="jmbench.tools.EvaluationMetrics"> 
      <void property="max"> 
       <double>25.260128453828912</double> 
      </void> 
      <void property="mean"> 
       <double>25.118228612398607</double> 
      </void> 
      <void property="median"> 
       <double>25.133712009302965</double> 
      </void> 
      <void property="min"> 
       <double>24.898086586861616</double> 
      </void> 
      <void property="rawResults"> 
       <object class="java.util.ArrayList"> 
        <void method="add"> 
         <double>24.898086586861616</double> 
        </void> 
        <void method="add"> 
         <double>24.91583163245846</double> 
        </void> 
        <void method="add"> 
         <double>25.021335007655576</double> 
        </void> 
        <void method="add"> 
         <double>25.057375150146033</double> 
        </void> 
        <void method="add"> 
         <double>25.07395651728502</double> 
        </void> 
        <void method="add"> 
         <double>25.09117202012936</double> 
        </void> 
        <void method="add"> 
         <double>25.099409356438727</double> 
        </void> 
        <void method="add"> 
         <double>25.100830133729417</double> 
        </void> 
        <void method="add"> 
         <double>25.10869966646784</double> 
        </void> 
        <void method="add"> 
         <double>25.133712009302965</double> 
        </void> 
        <void method="add"> 
         <double>25.16094081575368</double> 
        </void> 
        <void method="add"> 
         <double>25.16423233429129</double> 
        </void> 
        <void method="add"> 
         <double>25.171675588604234</double> 
        </void> 
        <void method="add"> 
         <double>25.175755084824626</double> 
        </void> 
        <void method="add"> 
         <double>25.18160600669651</double> 
        </void> 
        <void method="add"> 
         <double>25.190210584075057</double> 
        </void> 
        <void method="add"> 
         <double>25.195991854635775</double> 
        </void> 
        <void method="add"> 
         <double>25.203470853540647</double> 
        </void> 
        <void method="add"> 
         <double>25.250205742247964</double> 
        </void> 
        <void method="add"> 
         <double>25.260128453828912</double> 
        </void> 
        <void method="add"> 
         <double>24.946087949976885</double> 
        </void> 
        <void method="add"> 
         <double>25.235940209613393</double> 
        </void> 
        <void method="add"> 
         <double>24.986443555733487</double> 
        </void> 
        <void method="add"> 
         <double>25.21288992740267</double> 
        </void> 
        <void method="add"> 
         <double>25.11972826826492</double> 
        </void> 
       </object> 
      </void> 
      <void property="stdev"> 
       <double>0.09923473746977264</double> 
      </void> 
     </object> 
    </void> 
    <void index="9"> 
     <object class="jmbench.tools.EvaluationMetrics"> 
      <void property="max"> 
       <double>1.7871351725318243</double> 
      </void> 
      <void property="mean"> 
       <double>1.7754259632579268</double> 
      </void> 
      <void property="median"> 
       <double>1.7766408660698776</double> 
      </void> 
      <void property="min"> 
       <double>1.7503669626833596</double> 
      </void> 
      <void property="rawResults"> 
       <object class="java.util.ArrayList"> 
        <void method="add"> 
         <double>1.7503669626833596</double> 
        </void> 
        <void method="add"> 
         <double>1.7529988568974935</double> 
        </void> 
        <void method="add"> 
         <double>1.76181976145617</double> 
        </void> 
        <void method="add"> 
         <double>1.7639165701541184</double> 
        </void> 
        <void method="add"> 
         <double>1.7713885859415026</double> 
        </void> 
        <void method="add"> 
         <double>1.7730423310665067</double> 
        </void> 
        <void method="add"> 
         <double>1.7744555112542233</double> 
        </void> 
        <void method="add"> 
         <double>1.774587246053589</double> 
        </void> 
        <void method="add"> 
         <double>1.7758336855605725</double> 
        </void> 
        <void method="add"> 
         <double>1.7759243594460827</double> 
        </void> 
        <void method="add"> 
         <double>1.7766408660698776</double> 
        </void> 
        <void method="add"> 
         <double>1.7781462391825926</double> 
        </void> 
        <void method="add"> 
         <double>1.7788671918869692</double> 
        </void> 
        <void method="add"> 
         <double>1.779447515367844</double> 
        </void> 
        <void method="add"> 
         <double>1.7799781704426498</double> 
        </void> 
        <void method="add"> 
         <double>1.7828667514290253</double> 
        </void> 
        <void method="add"> 
         <double>1.7831185331985635</double> 
        </void> 
        <void method="add"> 
         <double>1.7835193694693534</double> 
        </void> 
        <void method="add"> 
         <double>1.7866544530650628</double> 
        </void> 
        <void method="add"> 
         <double>1.7871351725318243</double> 
        </void> 
        <void method="add"> 
         <double>1.7839380191595424</double> 
        </void> 
        <void method="add"> 
         <double>1.776437303453478</double> 
        </void> 
        <void method="add"> 
         <double>1.7839171633165387</double> 
        </void> 
        <void method="add"> 
         <double>1.765855423071206</double> 
        </void> 
        <void method="add"> 
         <double>1.7847930392900129</double> 
        </void> 
       </object> 
      </void> 
      <void property="stdev"> 
       <double>0.009588166345365573</double> 
      </void> 
     </object> 
    </void> 
    <void index="10"> 
     <object class="jmbench.tools.EvaluationMetrics"> 
      <void property="max"> 
       <double>0.1852220747682045</double> 
      </void> 
      <void property="mean"> 
       <double>0.18135972669811956</double> 
      </void> 
      <void property="median"> 
       <double>0.1817325840198672</double> 
      </void> 
      <void property="min"> 
       <double>0.17682335587493092</double> 
      </void> 
      <void property="rawResults"> 
       <object class="java.util.ArrayList"> 
        <void method="add"> 
         <double>0.17682335587493092</double> 
        </void> 
        <void method="add"> 
         <double>0.17683646335647735</double> 
        </void> 
        <void method="add"> 
         <double>0.17692371851924976</double> 
        </void> 
        <void method="add"> 
         <double>0.17711093247828408</double> 
        </void> 
        <void method="add"> 
         <double>0.1772413372558649</double> 
        </void> 
        <void method="add"> 
         <double>0.1783007457835753</double> 
        </void> 
        <void method="add"> 
         <double>0.18021043676569512</double> 
        </void> 
        <void method="add"> 
         <double>0.18104707752799928</double> 
        </void> 
        <void method="add"> 
         <double>0.18116725643009876</double> 
        </void> 
        <void method="add"> 
         <double>0.1817325840198672</double> 
        </void> 
        <void method="add"> 
         <double>0.18242571397442098</double> 
        </void> 
        <void method="add"> 
         <double>0.1825749440399261</double> 
        </void> 
        <void method="add"> 
         <double>0.18301366909804853</double> 
        </void> 
        <void method="add"> 
         <double>0.18372437789058088</double> 
        </void> 
        <void method="add"> 
         <double>0.18438434867771852</double> 
        </void> 
        <void method="add"> 
         <double>0.18448410040504143</double> 
        </void> 
        <void method="add"> 
         <double>0.1845146784909454</double> 
        </void> 
        <void method="add"> 
         <double>0.18460860870692902</double> 
        </void> 
        <void method="add"> 
         <double>0.18516865085912113</double> 
        </void> 
        <void method="add"> 
         <double>0.18521553374506533</double> 
        </void> 
        <void method="add"> 
         <double>0.18072854575680442</double> 
        </void> 
        <void method="add"> 
         <double>0.1845584830884913</double> 
        </void> 
        <void method="add"> 
         <double>0.17808408484147836</double> 
        </void> 
        <void method="add"> 
         <double>0.1852220747682045</double> 
        </void> 
        <void method="add"> 
         <double>0.177891445098171</double> 
        </void> 
       </object> 
      </void> 
      <void property="stdev"> 
       <double>0.0030641376083066314</double> 
      </void> 
     </object> 
    </void> 
    <void index="11"> 
     <object class="jmbench.tools.EvaluationMetrics"> 
      <void property="max"> 
       <double>0.024602907864598265</double> 
      </void> 
      <void property="mean"> 
       <double>0.024602907864598265</double> 
      </void> 
      <void property="median"> 
       <double>0.024602907864598265</double> 
      </void> 
      <void property="min"> 
       <double>0.024602907864598265</double> 
      </void> 
      <void property="rawResults"> 
       <object class="java.util.ArrayList"> 
        <void method="add"> 
         <double>0.024602907864598265</double> 
        </void> 
       </object> 
      </void> 
     </object> 
    </void> 
   </array> 
  </void> 
  <void property="opName"> 
   <string>Solve m=n</string> 
  </void> 
 </object> 
</java> 
