<?xml version="1.0" encoding="UTF-8"?> 
<java version="1.6.0_16" class="java.beans.XMLDecoder"> 
 <object class="jmbench.tools.runtime.OperationResults"> 
  <void property="library"> 
   <object class="jmbench.impl.MatrixLibrary" method="valueOf"> 
    <string>MTJ</string> 
   </object> 
  </void> 
  <void property="matDimen"> 
   <array class="int" length="12"> 
    <void index="0"> 
     <int>2</int> 
    </void> 
    <void index="1"> 
     <int>3</int> 
    </void> 
    <void index="2"> 
     <int>4</int> 
    </void> 
    <void index="3"> 
     <int>5</int> 
    </void> 
    <void index="4"> 
     <int>10</int> 
    </void> 
    <void index="5"> 
     <int>20</int> 
    </void> 
    <void index="6"> 
     <int>50</int> 
    </void> 
    <void index="7"> 
     <int>100</int> 
    </void> 
    <void index="8"> 
     <int>200</int> 
    </void> 
    <void index="9"> 
     <int>500</int> 
    </void> 
    <void index="10"> 
     <int>1000</int> 
    </void> 
    <void index="11"> 
     <int>2000</int> 
    </void> 
   </array> 
  </void> 
  <void property="metrics"> 
   <array class="jmbench.tools.EvaluationMetrics" length="12"> 
    <void index="0"> 
     <object class="jmbench.tools.EvaluationMetrics"> 
      <void property="max"> 
       <double>61927.23093959715</double> 
      </void> 
      <void property="mean"> 
       <double>60455.17142616402</double> 
      </void> 
      <void property="median"> 
       <double>61331.36731723105</double> 
      </void> 
      <void property="min"> 
       <double>56418.261837312486</double> 
      </void> 
      <void property="rawResults"> 
       <object class="java.util.ArrayList"> 
        <void method="add"> 
         <double>60767.1039079644</double> 
        </void> 
        <void method="add"> 
         <double>60888.8517117954</double> 
        </void> 
        <void method="add"> 
         <double>60949.38157898923</double> 
        </void> 
        <void method="add"> 
         <double>61135.60515583835</double> 
        </void> 
        <void method="add"> 
         <double>61171.049461658076</double> 
        </void> 
        <void method="add"> 
         <double>61243.23793116623</double> 
        </void> 
        <void method="add"> 
         <double>61268.8892013639</double> 
        </void> 
        <void method="add"> 
         <double>61331.36731723105</double> 
        </void> 
        <void method="add"> 
         <double>61351.09120726639</double> 
        </void> 
        <void method="add"> 
         <double>61365.72043476981</double> 
        </void> 
        <void method="add"> 
         <double>61386.682589386764</double> 
        </void> 
        <void method="add"> 
         <double>61449.37157734025</double> 
        </void> 
        <void method="add"> 
         <double>61511.73758789472</double> 
        </void> 
        <void method="add"> 
         <double>61549.54914363224</double> 
        </void> 
        <void method="add"> 
         <double>61554.37474071745</double> 
        </void> 
        <void method="add"> 
         <double>61577.72047870099</double> 
        </void> 
        <void method="add"> 
         <double>61668.51081128736</double> 
        </void> 
        <void method="add"> 
         <double>61721.949237956294</double> 
        </void> 
        <void method="add"> 
         <double>61912.81204053154</double> 
        </void> 
        <void method="add"> 
         <double>61927.23093959715</double> 
        </void> 
        <void method="add"> 
         <double>56490.73787964232</double> 
        </void> 
        <void method="add"> 
         <double>56639.24065738903</double> 
        </void> 
        <void method="add"> 
         <double>57078.12806388732</double> 
        </void> 
        <void method="add"> 
         <double>57020.68016078131</double> 
        </void> 
        <void method="add"> 
         <double>56418.261837312486</double> 
        </void> 
       </object> 
      </void> 
      <void property="stdev"> 
       <double>1886.4752731560015</double> 
      </void> 
     </object> 
    </void> 
    <void index="1"> 
     <object class="jmbench.tools.EvaluationMetrics"> 
      <void property="max"> 
       <double>54393.90905176359</double> 
      </void> 
      <void property="mean"> 
       <double>52036.170951332446</double> 
      </void> 
      <void property="median"> 
       <double>53488.2354073769</double> 
      </void> 
      <void property="min"> 
       <double>48417.527119869774</double> 
      </void> 
      <void property="rawResults"> 
       <object class="java.util.ArrayList"> 
        <void method="add"> 
         <double>48417.527119869774</double> 
        </void> 
        <void method="add"> 
         <double>48842.024193566365</double> 
        </void> 
        <void method="add"> 
         <double>48849.60143756642</double> 
        </void> 
        <void method="add"> 
         <double>48907.21843388566</double> 
        </void> 
        <void method="add"> 
         <double>48960.164316477094</double> 
        </void> 
        <void method="add"> 
         <double>49882.255828984285</double> 
        </void> 
        <void method="add"> 
         <double>49993.718017395986</double> 
        </void> 
        <void method="add"> 
         <double>50137.33093041952</double> 
        </void> 
        <void method="add"> 
         <double>50317.021363278654</double> 
        </void> 
        <void method="add"> 
         <double>50373.19769651968</double> 
        </void> 
        <void method="add"> 
         <double>53394.46235989519</double> 
        </void> 
        <void method="add"> 
         <double>53488.2354073769</double> 
        </void> 
        <void method="add"> 
         <double>53599.89293449361</double> 
        </void> 
        <void method="add"> 
         <double>53675.61852340904</double> 
        </void> 
        <void method="add"> 
         <double>53719.142679032426</double> 
        </void> 
        <void method="add"> 
         <double>54043.36571352134</double> 
        </void> 
        <void method="add"> 
         <double>54093.05778079139</double> 
        </void> 
        <void method="add"> 
         <double>54110.572564941656</double> 
        </void> 
        <void method="add"> 
         <double>54221.09163376526</double> 
        </void> 
        <void method="add"> 
         <double>54393.90905176359</double> 
        </void> 
        <void method="add"> 
         <double>50415.16575826706</double> 
        </void> 
        <void method="add"> 
         <double>54393.27360189994</double> 
        </void> 
        <void method="add"> 
         <double>54076.60383466477</double> 
        </void> 
        <void method="add"> 
         <double>54293.039795180724</double> 
        </void> 
        <void method="add"> 
         <double>54306.782806345065</double> 
        </void> 
       </object> 
      </void> 
      <void property="stdev"> 
       <double>2264.964167529001</double> 
      </void> 
     </object> 
    </void> 
    <void index="2"> 
     <object class="jmbench.tools.EvaluationMetrics"> 
      <void property="max"> 
       <double>45789.09843013662</double> 
      </void> 
      <void property="mean"> 
       <double>44335.829546931745</double> 
      </void> 
      <void property="median"> 
       <double>45306.01356822429</double> 
      </void> 
      <void property="min"> 
       <double>38810.38555015345</double> 
      </void> 
      <void property="rawResults"> 
       <object class="java.util.ArrayList"> 
        <void method="add"> 
         <double>39912.37838977997</double> 
        </void> 
        <void method="add"> 
         <double>41421.268154863305</double> 
        </void> 
        <void method="add"> 
         <double>42017.308863668855</double> 
        </void> 
        <void method="add"> 
         <double>42445.514299861024</double> 
        </void> 
        <void method="add"> 
         <double>42716.326294737424</double> 
        </void> 
        <void method="add"> 
         <double>44973.48555074332</double> 
        </void> 
        <void method="add"> 
         <double>45037.229433807224</double> 
        </void> 
        <void method="add"> 
         <double>45094.531718373255</double> 
        </void> 
        <void method="add"> 
         <double>45140.213832894246</double> 
        </void> 
        <void method="add"> 
         <double>45287.88876251923</double> 
        </void> 
        <void method="add"> 
         <double>45306.01356822429</double> 
        </void> 
        <void method="add"> 
         <double>45337.670491656194</double> 
        </void> 
        <void method="add"> 
         <double>45477.08056017205</double> 
        </void> 
        <void method="add"> 
         <double>45488.18491773697</double> 
        </void> 
        <void method="add"> 
         <double>45502.70661733741</double> 
        </void> 
        <void method="add"> 
         <double>45528.08814674106</double> 
        </void> 
        <void method="add"> 
         <double>45532.13239786421</double> 
        </void> 
        <void method="add"> 
         <double>45533.47386319514</double> 
        </void> 
        <void method="add"> 
         <double>45534.107601875665</double> 
        </void> 
        <void method="add"> 
         <double>45603.11195200631</double> 
        </void> 
        <void method="add"> 
         <double>45618.45393727207</double> 
        </void> 
        <void method="add"> 
         <double>45715.60222773129</double> 
        </void> 
        <void method="add"> 
         <double>45789.09843013662</double> 
        </void> 
        <void method="add"> 
         <double>43573.48310994296</double> 
        </void> 
        <void method="add"> 
         <double>38810.38555015345</double> 
        </void> 
       </object> 
      </void> 
      <void property="stdev"> 
       <double>1925.608649345683</double> 
      </void> 
     </object> 
    </void> 
    <void index="3"> 
     <object class="jmbench.tools.EvaluationMetrics"> 
      <void property="max"> 
       <double>41997.507863911094</double> 
      </void> 
      <void property="mean"> 
       <double>37227.66942972637</double> 
      </void> 
      <void property="median"> 
       <double>36247.68362962668</double> 
      </void> 
      <void property="min"> 
       <double>34821.590096273176</double> 
      </void> 
      <void property="rawResults"> 
       <object class="java.util.ArrayList"> 
        <void method="add"> 
         <double>34821.590096273176</double> 
        </void> 
        <void method="add"> 
         <double>35570.23092560201</double> 
        </void> 
        <void method="add"> 
         <double>35920.168272741575</double> 
        </void> 
        <void method="add"> 
         <double>35996.37855288911</double> 
        </void> 
        <void method="add"> 
         <double>36005.9653491942</double> 
        </void> 
        <void method="add"> 
         <double>36033.33865392929</double> 
        </void> 
        <void method="add"> 
         <double>36076.14220329863</double> 
        </void> 
        <void method="add"> 
         <double>36247.68362962668</double> 
        </void> 
        <void method="add"> 
         <double>36256.25444361258</double> 
        </void> 
        <void method="add"> 
         <double>36321.55676887082</double> 
        </void> 
        <void method="add"> 
         <double>36345.22130191816</double> 
        </void> 
        <void method="add"> 
         <double>36585.948156417886</double> 
        </void> 
        <void method="add"> 
         <double>37109.208548312454</double> 
        </void> 
        <void method="add"> 
         <double>37887.86136432983</double> 
        </void> 
        <void method="add"> 
         <double>37994.31090615921</double> 
        </void> 
        <void method="add"> 
         <double>39254.39384433781</double> 
        </void> 
        <void method="add"> 
         <double>39881.335434660636</double> 
        </void> 
        <void method="add"> 
         <double>41912.29074364978</double> 
        </void> 
        <void method="add"> 
         <double>41938.01740335698</double> 
        </void> 
        <void method="add"> 
         <double>41997.507863911094</double> 
        </void> 
        <void method="add"> 
         <double>36202.96672567144</double> 
        </void> 
        <void method="add"> 
         <double>36014.61026280616</double> 
        </void> 
        <void method="add"> 
         <double>35973.748027191905</double> 
        </void> 
        <void method="add"> 
         <double>36213.83757081411</double> 
        </void> 
        <void method="add"> 
         <double>36131.168693583815</double> 
        </void> 
       </object> 
      </void> 
      <void property="stdev"> 
       <double>2052.4926205572247</double> 
      </void> 
     </object> 
    </void> 
    <void index="4"> 
     <object class="jmbench.tools.EvaluationMetrics"> 
      <void property="max"> 
       <double>13959.648644289187</double> 
      </void> 
      <void property="mean"> 
       <double>13630.509492631569</double> 
      </void> 
      <void property="median"> 
       <double>13640.847889056598</double> 
      </void> 
      <void property="min"> 
       <double>13147.323161277878</double> 
      </void> 
      <void property="rawResults"> 
       <object class="java.util.ArrayList"> 
        <void method="add"> 
         <double>13159.608184130982</double> 
        </void> 
        <void method="add"> 
         <double>13383.503051739392</double> 
        </void> 
        <void method="add"> 
         <double>13446.175064538524</double> 
        </void> 
        <void method="add"> 
         <double>13525.432848291674</double> 
        </void> 
        <void method="add"> 
         <double>13544.026363893367</double> 
        </void> 
        <void method="add"> 
         <double>13555.305815697344</double> 
        </void> 
        <void method="add"> 
         <double>13576.35976675785</double> 
        </void> 
        <void method="add"> 
         <double>13622.454247016984</double> 
        </void> 
        <void method="add"> 
         <double>13643.7750497523</double> 
        </void> 
        <void method="add"> 
         <double>13673.070534564205</double> 
        </void> 
        <void method="add"> 
         <double>13677.909009433894</double> 
        </void> 
        <void method="add"> 
         <double>13682.42211101085</double> 
        </void> 
        <void method="add"> 
         <double>13704.07135527932</double> 
        </void> 
        <void method="add"> 
         <double>13739.036499986636</double> 
        </void> 
        <void method="add"> 
         <double>13782.42230992956</double> 
        </void> 
        <void method="add"> 
         <double>13894.245212671132</double> 
        </void> 
        <void method="add"> 
         <double>13927.874398676602</double> 
        </void> 
        <void method="add"> 
         <double>13934.326717304426</double> 
        </void> 
        <void method="add"> 
         <double>13950.559193511575</double> 
        </void> 
        <void method="add"> 
         <double>13959.648644289187</double> 
        </void> 
        <void method="add"> 
         <double>13594.652720002307</double> 
        </void> 
        <void method="add"> 
         <double>13640.847889056598</double> 
        </void> 
        <void method="add"> 
         <double>13575.170068065687</double> 
        </void> 
        <void method="add"> 
         <double>13147.323161277878</double> 
        </void> 
        <void method="add"> 
         <double>13422.51709891091</double> 
        </void> 
       </object> 
      </void> 
      <void property="stdev"> 
       <double>212.91736897709544</double> 
      </void> 
     </object> 
    </void> 
    <void index="5"> 
     <object class="jmbench.tools.EvaluationMetrics"> 
      <void property="max"> 
       <double>2931.356523698422</double> 
      </void> 
      <void property="mean"> 
       <double>2910.0517925705453</double> 
      </void> 
      <void property="median"> 
       <double>2909.623061436127</double> 
      </void> 
      <void property="min"> 
       <double>2868.838359912012</double> 
      </void> 
      <void property="rawResults"> 
       <object class="java.util.ArrayList"> 
        <void method="add"> 
         <double>2868.838359912012</double> 
        </void> 
        <void method="add"> 
         <double>2882.651670025339</double> 
        </void> 
        <void method="add"> 
         <double>2889.4101295539763</double> 
        </void> 
        <void method="add"> 
         <double>2889.989296251237</double> 
        </void> 
        <void method="add"> 
         <double>2893.362476964694</double> 
        </void> 
        <void method="add"> 
         <double>2896.2504735521134</double> 
        </void> 
        <void method="add"> 
         <double>2897.1677445659916</double> 
        </void> 
        <void method="add"> 
         <double>2898.722850328582</double> 
        </void> 
        <void method="add"> 
         <double>2899.5341634833308</double> 
        </void> 
        <void method="add"> 
         <double>2900.3523862525963</double> 
        </void> 
        <void method="add"> 
         <double>2903.6742294990595</double> 
        </void> 
        <void method="add"> 
         <double>2907.4837420346844</double> 
        </void> 
        <void method="add"> 
         <double>2916.8253174642136</double> 
        </void> 
        <void method="add"> 
         <double>2922.7065780748835</double> 
        </void> 
        <void method="add"> 
         <double>2925.128599922327</double> 
        </void> 
        <void method="add"> 
         <double>2926.5059987795184</double> 
        </void> 
        <void method="add"> 
         <double>2926.613265390073</double> 
        </void> 
        <void method="add"> 
         <double>2927.359507964062</double> 
        </void> 
        <void method="add"> 
         <double>2927.5504896229904</double> 
        </void> 
        <void method="add"> 
         <double>2931.356523698422</double> 
        </void> 
        <void method="add"> 
         <double>2909.623061436127</double> 
        </void> 
        <void method="add"> 
         <double>2927.7105675086405</double> 
        </void> 
        <void method="add"> 
         <double>2927.9680304930644</double> 
        </void> 
        <void method="add"> 
         <double>2930.330441007339</double> 
        </void> 
        <void method="add"> 
         <double>2924.178910478354</double> 
        </void> 
       </object> 
      </void> 
      <void property="stdev"> 
       <double>17.40693382443612</double> 
      </void> 
     </object> 
    </void> 
    <void index="6"> 
     <object class="jmbench.tools.EvaluationMetrics"> 
      <void property="max"> 
       <double>248.51862932039188</double> 
      </void> 
      <void property="mean"> 
       <double>240.94747834395884</double> 
      </void> 
      <void property="median"> 
       <double>237.14155108075454</double> 
      </void> 
      <void property="min"> 
       <double>235.35656644974972</double> 
      </void> 
      <void property="rawResults"> 
       <object class="java.util.ArrayList"> 
        <void method="add"> 
         <double>235.35656644974972</double> 
        </void> 
        <void method="add"> 
         <double>235.8092717510309</double> 
        </void> 
        <void method="add"> 
         <double>236.00327466435235</double> 
        </void> 
        <void method="add"> 
         <double>236.06581636681742</double> 
        </void> 
        <void method="add"> 
         <double>236.31246631239136</double> 
        </void> 
        <void method="add"> 
         <double>236.58167410990868</double> 
        </void> 
        <void method="add"> 
         <double>236.6114812343113</double> 
        </void> 
        <void method="add"> 
         <double>236.6638953324523</double> 
        </void> 
        <void method="add"> 
         <double>236.85516255180855</double> 
        </void> 
        <void method="add"> 
         <double>236.89452374674994</double> 
        </void> 
        <void method="add"> 
         <double>236.9287822551845</double> 
        </void> 
        <void method="add"> 
         <double>237.00738474033872</double> 
        </void> 
        <void method="add"> 
         <double>237.14155108075454</double> 
        </void> 
        <void method="add"> 
         <double>237.15458415638454</double> 
        </void> 
        <void method="add"> 
         <double>237.35321074964227</double> 
        </void> 
        <void method="add"> 
         <double>246.3847476729037</double> 
        </void> 
        <void method="add"> 
         <double>246.94353613754555</double> 
        </void> 
        <void method="add"> 
         <double>247.07892458559965</double> 
        </void> 
        <void method="add"> 
         <double>247.2948929908505</double> 
        </void> 
        <void method="add"> 
         <double>247.70106273490362</double> 
        </void> 
        <void method="add"> 
         <double>247.02167889526513</double> 
        </void> 
        <void method="add"> 
         <double>247.94546009343017</double> 
        </void> 
        <void method="add"> 
         <double>247.94222028881057</double> 
        </void> 
        <void method="add"> 
         <double>248.1161603773931</double> 
        </void> 
        <void method="add"> 
         <double>248.51862932039188</double> 
        </void> 
       </object> 
      </void> 
      <void property="stdev"> 
       <double>5.376930824105018</double> 
      </void> 
     </object> 
    </void> 
    <void index="7"> 
     <object class="jmbench.tools.EvaluationMetrics"> 
      <void property="max"> 
       <double>36.41113557978023</double> 
      </void> 
      <void property="mean"> 
       <double>36.07776706610307</double> 
      </void> 
      <void property="median"> 
       <double>36.15203258904481</double> 
      </void> 
      <void property="min"> 
       <double>35.223800402085054</double> 
      </void> 
      <void property="rawResults"> 
       <object class="java.util.ArrayList"> 
        <void method="add"> 
         <double>35.223800402085054</double> 
        </void> 
        <void method="add"> 
         <double>35.548911128126505</double> 
        </void> 
        <void method="add"> 
         <double>35.72555549960617</double> 
        </void> 
        <void method="add"> 
         <double>35.85282466480813</double> 
        </void> 
        <void method="add"> 
         <double>35.85953336895229</double> 
        </void> 
        <void method="add"> 
         <double>36.0481816424086</double> 
        </void> 
        <void method="add"> 
         <double>36.05382110975266</double> 
        </void> 
        <void method="add"> 
         <double>36.06575111019148</double> 
        </void> 
        <void method="add"> 
         <double>36.08623636626649</double> 
        </void> 
        <void method="add"> 
         <double>36.13845450094511</double> 
        </void> 
        <void method="add"> 
         <double>36.15121646543787</double> 
        </void> 
        <void method="add"> 
         <double>36.15203258904481</double> 
        </void> 
        <void method="add"> 
         <double>36.152781270229504</double> 
        </void> 
        <void method="add"> 
         <double>36.15793328520073</double> 
        </void> 
        <void method="add"> 
         <double>36.16789638410275</double> 
        </void> 
        <void method="add"> 
         <double>36.22022603089832</double> 
        </void> 
        <void method="add"> 
         <double>36.221299501712686</double> 
        </void> 
        <void method="add"> 
         <double>36.249006556483856</double> 
        </void> 
        <void method="add"> 
         <double>36.27018218479264</double> 
        </void> 
        <void method="add"> 
         <double>36.27101626954537</double> 
        </void> 
        <void method="add"> 
         <double>35.92853497928219</double> 
        </void> 
        <void method="add"> 
         <double>36.31421110835296</double> 
        </void> 
        <void method="add"> 
         <double>36.41113557978023</double> 
        </void> 
        <void method="add"> 
         <double>36.280530585134066</double> 
        </void> 
        <void method="add"> 
         <double>36.39310406943626</double> 
        </void> 
       </object> 
      </void> 
      <void property="stdev"> 
       <double>0.2639780026121202</double> 
      </void> 
     </object> 
    </void> 
    <void index="8"> 
     <object class="jmbench.tools.EvaluationMetrics"> 
      <void property="max"> 
       <double>5.0218289456953675</double> 
      </void> 
      <void property="mean"> 
       <double>4.987102468152425</double> 
      </void> 
      <void property="median"> 
       <double>4.999242772508565</double> 
      </void> 
      <void property="min"> 
       <double>4.918849169088208</double> 
      </void> 
      <void property="rawResults"> 
       <object class="java.util.ArrayList"> 
        <void method="add"> 
         <double>4.918849169088208</double> 
        </void> 
        <void method="add"> 
         <double>4.928623547489281</double> 
        </void> 
        <void method="add"> 
         <double>4.939962625296636</double> 
        </void> 
        <void method="add"> 
         <double>4.9414679123196725</double> 
        </void> 
        <void method="add"> 
         <double>4.963343565773803</double> 
        </void> 
        <void method="add"> 
         <double>4.976344529922852</double> 
        </void> 
        <void method="add"> 
         <double>4.98847422695032</double> 
        </void> 
        <void method="add"> 
         <double>4.9965032821185655</double> 
        </void> 
        <void method="add"> 
         <double>4.999242772508565</double> 
        </void> 
        <void method="add"> 
         <double>5.000527822380079</double> 
        </void> 
        <void method="add"> 
         <double>5.00097331109669</double> 
        </void> 
        <void method="add"> 
         <double>5.001487829262148</double> 
        </void> 
        <void method="add"> 
         <double>5.004129514430071</double> 
        </void> 
        <void method="add"> 
         <double>5.0095585583410625</double> 
        </void> 
        <void method="add"> 
         <double>5.009743035926773</double> 
        </void> 
        <void method="add"> 
         <double>5.0131117235293265</double> 
        </void> 
        <void method="add"> 
         <double>5.013416072178635</double> 
        </void> 
        <void method="add"> 
         <double>5.0154814286310625</double> 
        </void> 
        <void method="add"> 
         <double>5.018830249590042</double> 
        </void> 
        <void method="add"> 
         <double>5.0218289456953675</double> 
        </void> 
        <void method="add"> 
         <double>4.961211241225547</double> 
        </void> 
        <void method="add"> 
         <double>4.985131256121419</double> 
        </void> 
        <void method="add"> 
         <double>4.9616091735909125</double> 
        </void> 
        <void method="add"> 
         <double>5.011935662488918</double> 
        </void> 
        <void method="add"> 
         <double>4.9957742478546585</double> 
        </void> 
       </object> 
      </void> 
      <void property="stdev"> 
       <double>0.029387124630324224</double> 
      </void> 
     </object> 
    </void> 
    <void index="9"> 
     <object class="jmbench.tools.EvaluationMetrics"> 
      <void property="max"> 
       <double>0.3110190842824779</double> 
      </void> 
      <void property="mean"> 
       <double>0.301348151689439</double> 
      </void> 
      <void property="median"> 
       <double>0.30624736562379407</double> 
      </void> 
      <void property="min"> 
       <double>0.27595803384757744</double> 
      </void> 
      <void property="rawResults"> 
       <object class="java.util.ArrayList"> 
        <void method="add"> 
         <double>0.27595803384757744</double> 
        </void> 
        <void method="add"> 
         <double>0.2818456481096075</double> 
        </void> 
        <void method="add"> 
         <double>0.2827601666467401</double> 
        </void> 
        <void method="add"> 
         <double>0.28359288614505085</double> 
        </void> 
        <void method="add"> 
         <double>0.2987691151348275</double> 
        </void> 
        <void method="add"> 
         <double>0.2998641621942272</double> 
        </void> 
        <void method="add"> 
         <double>0.30389713350432823</double> 
        </void> 
        <void method="add"> 
         <double>0.30407287733625266</double> 
        </void> 
        <void method="add"> 
         <double>0.30411030340536355</double> 
        </void> 
        <void method="add"> 
         <double>0.3062389684072329</double> 
        </void> 
        <void method="add"> 
         <double>0.30624736562379407</double> 
        </void> 
        <void method="add"> 
         <double>0.30640519619286494</double> 
        </void> 
        <void method="add"> 
         <double>0.306837971176227</double> 
        </void> 
        <void method="add"> 
         <double>0.30727096148819033</double> 
        </void> 
        <void method="add"> 
         <double>0.3073514964933607</double> 
        </void> 
        <void method="add"> 
         <double>0.3084210067927503</double> 
        </void> 
        <void method="add"> 
         <double>0.30864509691085823</double> 
        </void> 
        <void method="add"> 
         <double>0.3086620769264018</double> 
        </void> 
        <void method="add"> 
         <double>0.3098657253398748</double> 
        </void> 
        <void method="add"> 
         <double>0.3100180249501998</double> 
        </void> 
        <void method="add"> 
         <double>0.2827239364486011</double> 
        </void> 
        <void method="add"> 
         <double>0.3039945545966146</double> 
        </void> 
        <void method="add"> 
         <double>0.3065021982287084</double> 
        </void> 
        <void method="add"> 
         <double>0.3110190842824779</double> 
        </void> 
        <void method="add"> 
         <double>0.30862980205384155</double> 
        </void> 
       </object> 
      </void> 
      <void property="stdev"> 
       <double>0.010435296517829032</double> 
      </void> 
     </object> 
    </void> 
    <void index="10"> 
     <object class="jmbench.tools.EvaluationMetrics"> 
      <void property="max"> 
       <double>0.038249210993506595</double> 
      </void> 
      <void property="mean"> 
       <double>0.03783609734438788</double> 
      </void> 
      <void property="median"> 
       <double>0.037638053464570324</double> 
      </void> 
      <void property="min"> 
       <double>0.03762102757508672</double> 
      </void> 
      <void property="rawResults"> 
       <object class="java.util.ArrayList"> 
        <void method="add"> 
         <double>0.037638053464570324</double> 
        </void> 
        <void method="add"> 
         <double>0.038249210993506595</double> 
        </void> 
        <void method="add"> 
         <double>0.03762102757508672</double> 
        </void> 
       </object> 
      </void> 
      <void property="stdev"> 
       <double>2.921981468619223E-4</double> 
      </void> 
     </object> 
    </void> 
   </array> 
  </void> 
  <void property="opName"> 
   <string>Solve m&gt;n</string> 
  </void> 
 </object> 
</java> 
