<?xml version="1.0" encoding="UTF-8"?> 
<java version="1.6.0_16" class="java.beans.XMLDecoder"> 
 <object class="jmbench.tools.runtime.OperationResults"> 
  <void property="library"> 
   <object class="jmbench.impl.MatrixLibrary" method="valueOf"> 
    <string>MTJ</string> 
   </object> 
  </void> 
  <void property="matDimen"> 
   <array class="int" length="12"> 
    <void index="0"> 
     <int>2</int> 
    </void> 
    <void index="1"> 
     <int>3</int> 
    </void> 
    <void index="2"> 
     <int>4</int> 
    </void> 
    <void index="3"> 
     <int>5</int> 
    </void> 
    <void index="4"> 
     <int>10</int> 
    </void> 
    <void index="5"> 
     <int>20</int> 
    </void> 
    <void index="6"> 
     <int>50</int> 
    </void> 
    <void index="7"> 
     <int>100</int> 
    </void> 
    <void index="8"> 
     <int>200</int> 
    </void> 
    <void index="9"> 
     <int>500</int> 
    </void> 
    <void index="10"> 
     <int>1000</int> 
    </void> 
    <void index="11"> 
     <int>2000</int> 
    </void> 
   </array> 
  </void> 
  <void property="metrics"> 
   <array class="jmbench.tools.EvaluationMetrics" length="12"> 
    <void index="0"> 
     <object class="jmbench.tools.EvaluationMetrics"> 
      <void property="max"> 
       <double>27585.876574616832</double> 
      </void> 
      <void property="mean"> 
       <double>26375.662167358983</double> 
      </void> 
      <void property="median"> 
       <double>27009.45865577842</double> 
      </void> 
      <void property="min"> 
       <double>24104.33131405347</double> 
      </void> 
      <void property="rawResults"> 
       <object class="java.util.ArrayList"> 
        <void method="add"> 
         <double>25503.607976292547</double> 
        </void> 
        <void method="add"> 
         <double>25571.321029313116</double> 
        </void> 
        <void method="add"> 
         <double>25654.865653617697</double> 
        </void> 
        <void method="add"> 
         <double>25705.042636984115</double> 
        </void> 
        <void method="add"> 
         <double>25758.794964285666</double> 
        </void> 
        <void method="add"> 
         <double>25792.20206959437</double> 
        </void> 
        <void method="add"> 
         <double>26893.626809206457</double> 
        </void> 
        <void method="add"> 
         <double>27009.45865577842</double> 
        </void> 
        <void method="add"> 
         <double>27054.055183862725</double> 
        </void> 
        <void method="add"> 
         <double>27104.643468561193</double> 
        </void> 
        <void method="add"> 
         <double>27163.40802542283</double> 
        </void> 
        <void method="add"> 
         <double>27206.138370525347</double> 
        </void> 
        <void method="add"> 
         <double>27208.615227919534</double> 
        </void> 
        <void method="add"> 
         <double>27310.48917173048</double> 
        </void> 
        <void method="add"> 
         <double>27315.067040067952</double> 
        </void> 
        <void method="add"> 
         <double>27406.309177570536</double> 
        </void> 
        <void method="add"> 
         <double>27413.670577947974</double> 
        </void> 
        <void method="add"> 
         <double>27493.31632093195</double> 
        </void> 
        <void method="add"> 
         <double>27502.18897674441</double> 
        </void> 
        <void method="add"> 
         <double>27585.876574616832</double> 
        </void> 
        <void method="add"> 
         <double>25602.0015641852</double> 
        </void> 
        <void method="add"> 
         <double>25660.31054690674</double> 
        </void> 
        <void method="add"> 
         <double>24136.04552245364</double> 
        </void> 
        <void method="add"> 
         <double>24236.16732540136</double> 
        </void> 
        <void method="add"> 
         <double>24104.33131405347</double> 
        </void> 
       </object> 
      </void> 
      <void property="stdev"> 
       <double>1104.622776629336</double> 
      </void> 
     </object> 
    </void> 
    <void index="1"> 
     <object class="jmbench.tools.EvaluationMetrics"> 
      <void property="max"> 
       <double>25803.60997841098</double> 
      </void> 
      <void property="mean"> 
       <double>22570.568870921128</double> 
      </void> 
      <void property="median"> 
       <double>22915.56657425636</double> 
      </void> 
      <void property="min"> 
       <double>18939.668523109347</double> 
      </void> 
      <void property="rawResults"> 
       <object class="java.util.ArrayList"> 
        <void method="add"> 
         <double>18939.668523109347</double> 
        </void> 
        <void method="add"> 
         <double>19578.764807542786</double> 
        </void> 
        <void method="add"> 
         <double>19655.999742044845</double> 
        </void> 
        <void method="add"> 
         <double>20451.51682432946</double> 
        </void> 
        <void method="add"> 
         <double>20515.13269828281</double> 
        </void> 
        <void method="add"> 
         <double>20526.49272137058</double> 
        </void> 
        <void method="add"> 
         <double>21887.497464125907</double> 
        </void> 
        <void method="add"> 
         <double>22030.747750888604</double> 
        </void> 
        <void method="add"> 
         <double>22443.23248825115</double> 
        </void> 
        <void method="add"> 
         <double>22565.90557220996</double> 
        </void> 
        <void method="add"> 
         <double>22915.56657425636</double> 
        </void> 
        <void method="add"> 
         <double>23393.59589433741</double> 
        </void> 
        <void method="add"> 
         <double>23478.844452322905</double> 
        </void> 
        <void method="add"> 
         <double>23585.873523354177</double> 
        </void> 
        <void method="add"> 
         <double>23615.861005566996</double> 
        </void> 
        <void method="add"> 
         <double>23688.93051816804</double> 
        </void> 
        <void method="add"> 
         <double>23815.48239393775</double> 
        </void> 
        <void method="add"> 
         <double>24171.670462704835</double> 
        </void> 
        <void method="add"> 
         <double>25170.413287824493</double> 
        </void> 
        <void method="add"> 
         <double>25803.60997841098</double> 
        </void> 
        <void method="add"> 
         <double>23545.71609467466</double> 
        </void> 
        <void method="add"> 
         <double>22751.536752321255</double> 
        </void> 
        <void method="add"> 
         <double>23903.190653921163</double> 
        </void> 
        <void method="add"> 
         <double>22348.387619026416</double> 
        </void> 
        <void method="add"> 
         <double>23480.58397004522</double> 
        </void> 
       </object> 
      </void> 
      <void property="stdev"> 
       <double>1723.419948622869</double> 
      </void> 
     </object> 
    </void> 
    <void index="2"> 
     <object class="jmbench.tools.EvaluationMetrics"> 
      <void property="max"> 
       <double>22957.87852128718</double> 
      </void> 
      <void property="mean"> 
       <double>19733.309512702202</double> 
      </void> 
      <void property="median"> 
       <double>20243.55938218575</double> 
      </void> 
      <void property="min"> 
       <double>15327.230898063102</double> 
      </void> 
      <void property="rawResults"> 
       <object class="java.util.ArrayList"> 
        <void method="add"> 
         <double>15327.230898063102</double> 
        </void> 
        <void method="add"> 
         <double>15937.287530239098</double> 
        </void> 
        <void method="add"> 
         <double>16906.674957343537</double> 
        </void> 
        <void method="add"> 
         <double>17397.70056750187</double> 
        </void> 
        <void method="add"> 
         <double>17836.140829880922</double> 
        </void> 
        <void method="add"> 
         <double>18676.417111825103</double> 
        </void> 
        <void method="add"> 
         <double>19053.277594514646</double> 
        </void> 
        <void method="add"> 
         <double>19124.081194489605</double> 
        </void> 
        <void method="add"> 
         <double>19125.84576242266</double> 
        </void> 
        <void method="add"> 
         <double>19198.996708609393</double> 
        </void> 
        <void method="add"> 
         <double>20229.80129953755</double> 
        </void> 
        <void method="add"> 
         <double>20253.11847463823</double> 
        </void> 
        <void method="add"> 
         <double>20350.351901421174</double> 
        </void> 
        <void method="add"> 
         <double>20724.30776606917</double> 
        </void> 
        <void method="add"> 
         <double>21178.11286126717</double> 
        </void> 
        <void method="add"> 
         <double>21252.127913963177</double> 
        </void> 
        <void method="add"> 
         <double>21438.001645513243</double> 
        </void> 
        <void method="add"> 
         <double>21560.590566073413</double> 
        </void> 
        <void method="add"> 
         <double>21609.122225327417</double> 
        </void> 
        <void method="add"> 
         <double>22957.87852128718</double> 
        </void> 
        <void method="add"> 
         <double>20476.436901734865</double> 
        </void> 
        <void method="add"> 
         <double>21763.063157764384</double> 
        </void> 
        <void method="add"> 
         <double>19365.86737495226</double> 
        </void> 
        <void method="add"> 
         <double>21346.74467093003</double> 
        </void> 
        <void method="add"> 
         <double>20243.55938218575</double> 
        </void> 
       </object> 
      </void> 
      <void property="stdev"> 
       <double>1871.6681257807345</double> 
      </void> 
     </object> 
    </void> 
    <void index="3"> 
     <object class="jmbench.tools.EvaluationMetrics"> 
      <void property="max"> 
       <double>20694.92953443518</double> 
      </void> 
      <void property="mean"> 
       <double>16858.484893112385</double> 
      </void> 
      <void property="median"> 
       <double>16680.594348209546</double> 
      </void> 
      <void property="min"> 
       <double>12844.171390129222</double> 
      </void> 
      <void property="rawResults"> 
       <object class="java.util.ArrayList"> 
        <void method="add"> 
         <double>14027.685985584088</double> 
        </void> 
        <void method="add"> 
         <double>14173.993602380953</double> 
        </void> 
        <void method="add"> 
         <double>14205.481961041105</double> 
        </void> 
        <void method="add"> 
         <double>14622.679689569197</double> 
        </void> 
        <void method="add"> 
         <double>15328.115117533076</double> 
        </void> 
        <void method="add"> 
         <double>15694.247015417684</double> 
        </void> 
        <void method="add"> 
         <double>15737.966652371035</double> 
        </void> 
        <void method="add"> 
         <double>16517.802488195834</double> 
        </void> 
        <void method="add"> 
         <double>16680.594348209546</double> 
        </void> 
        <void method="add"> 
         <double>16882.1123034015</double> 
        </void> 
        <void method="add"> 
         <double>16976.2555209179</double> 
        </void> 
        <void method="add"> 
         <double>17769.789579953907</double> 
        </void> 
        <void method="add"> 
         <double>18311.45840603737</double> 
        </void> 
        <void method="add"> 
         <double>18350.136677865845</double> 
        </void> 
        <void method="add"> 
         <double>18364.83297756105</double> 
        </void> 
        <void method="add"> 
         <double>18645.131603799866</double> 
        </void> 
        <void method="add"> 
         <double>19683.220780028932</double> 
        </void> 
        <void method="add"> 
         <double>19834.80107303297</double> 
        </void> 
        <void method="add"> 
         <double>20015.709475905638</double> 
        </void> 
        <void method="add"> 
         <double>20694.92953443518</double> 
        </void> 
        <void method="add"> 
         <double>19516.860434355967</double> 
        </void> 
        <void method="add"> 
         <double>13910.81486381243</double> 
        </void> 
        <void method="add"> 
         <double>16535.404913720617</double> 
        </void> 
        <void method="add"> 
         <double>16137.92593254858</double> 
        </void> 
        <void method="add"> 
         <double>12844.171390129222</double> 
        </void> 
       </object> 
      </void> 
      <void property="stdev"> 
       <double>2163.4985867352366</double> 
      </void> 
     </object> 
    </void> 
    <void index="4"> 
     <object class="jmbench.tools.EvaluationMetrics"> 
      <void property="max"> 
       <double>12705.272536209992</double> 
      </void> 
      <void property="mean"> 
       <double>9078.798801176055</double> 
      </void> 
      <void property="median"> 
       <double>10186.410384517607</double> 
      </void> 
      <void property="min"> 
       <double>3657.679048686876</double> 
      </void> 
      <void property="rawResults"> 
       <object class="java.util.ArrayList"> 
        <void method="add"> 
         <double>3657.679048686876</double> 
        </void> 
        <void method="add"> 
         <double>4198.110333351096</double> 
        </void> 
        <void method="add"> 
         <double>4839.643426920467</double> 
        </void> 
        <void method="add"> 
         <double>5566.1372256540435</double> 
        </void> 
        <void method="add"> 
         <double>7466.632414615309</double> 
        </void> 
        <void method="add"> 
         <double>7829.9718620692465</double> 
        </void> 
        <void method="add"> 
         <double>8150.693509020973</double> 
        </void> 
        <void method="add"> 
         <double>9017.986365021283</double> 
        </void> 
        <void method="add"> 
         <double>9947.489069821499</double> 
        </void> 
        <void method="add"> 
         <double>10355.771269708033</double> 
        </void> 
        <void method="add"> 
         <double>10434.821109566</double> 
        </void> 
        <void method="add"> 
         <double>10438.411028767718</double> 
        </void> 
        <void method="add"> 
         <double>10447.15876902595</double> 
        </void> 
        <void method="add"> 
         <double>10456.877981602254</double> 
        </void> 
        <void method="add"> 
         <double>10827.025601212621</double> 
        </void> 
        <void method="add"> 
         <double>10886.46505992604</double> 
        </void> 
        <void method="add"> 
         <double>11690.271124434783</double> 
        </void> 
        <void method="add"> 
         <double>11715.263330786245</double> 
        </void> 
        <void method="add"> 
         <double>12308.573825841771</double> 
        </void> 
        <void method="add"> 
         <double>12705.272536209992</double> 
        </void> 
        <void method="add"> 
         <double>6497.865306906231</double> 
        </void> 
        <void method="add"> 
         <double>12059.905348672724</double> 
        </void> 
        <void method="add"> 
         <double>9638.324548625214</double> 
        </void> 
        <void method="add"> 
         <double>5647.209548437446</double> 
        </void> 
        <void method="add"> 
         <double>10186.410384517607</double> 
        </void> 
       </object> 
      </void> 
      <void property="stdev"> 
       <double>2614.789376962746</double> 
      </void> 
     </object> 
    </void> 
    <void index="5"> 
     <object class="jmbench.tools.EvaluationMetrics"> 
      <void property="max"> 
       <double>4400.05399122206</double> 
      </void> 
      <void property="mean"> 
       <double>3384.3584219299314</double> 
      </void> 
      <void property="median"> 
       <double>3608.4387221559937</double> 
      </void> 
      <void property="min"> 
       <double>947.0632110864826</double> 
      </void> 
      <void property="rawResults"> 
       <object class="java.util.ArrayList"> 
        <void method="add"> 
         <double>947.0632110864826</double> 
        </void> 
        <void method="add"> 
         <double>2300.7739771955708</double> 
        </void> 
        <void method="add"> 
         <double>2333.06037896425</double> 
        </void> 
        <void method="add"> 
         <double>2569.593723212856</double> 
        </void> 
        <void method="add"> 
         <double>2571.36437255174</double> 
        </void> 
        <void method="add"> 
         <double>3096.6000584849003</double> 
        </void> 
        <void method="add"> 
         <double>3351.4817993705133</double> 
        </void> 
        <void method="add"> 
         <double>3362.433359678481</double> 
        </void> 
        <void method="add"> 
         <double>3410.116290900427</double> 
        </void> 
        <void method="add"> 
         <double>3517.0938198087333</double> 
        </void> 
        <void method="add"> 
         <double>3741.641439630903</double> 
        </void> 
        <void method="add"> 
         <double>3776.7807864720558</double> 
        </void> 
        <void method="add"> 
         <double>3893.370036690288</double> 
        </void> 
        <void method="add"> 
         <double>3894.4256311585305</double> 
        </void> 
        <void method="add"> 
         <double>4042.5477790769787</double> 
        </void> 
        <void method="add"> 
         <double>4072.3776522710414</double> 
        </void> 
        <void method="add"> 
         <double>4139.4206259124185</double> 
        </void> 
        <void method="add"> 
         <double>4194.697951518953</double> 
        </void> 
        <void method="add"> 
         <double>4211.337296155471</double> 
        </void> 
        <void method="add"> 
         <double>4400.05399122206</double> 
        </void> 
        <void method="add"> 
         <double>3608.4387221559937</double> 
        </void> 
        <void method="add"> 
         <double>3797.363484639791</double> 
        </void> 
        <void method="add"> 
         <double>1965.7225473579404</double> 
        </void> 
        <void method="add"> 
         <double>3892.0796822648645</double> 
        </void> 
        <void method="add"> 
         <double>3519.12193046703</double> 
        </void> 
       </object> 
      </void> 
      <void property="stdev"> 
       <double>819.9094432752029</double> 
      </void> 
     </object> 
    </void> 
    <void index="6"> 
     <object class="jmbench.tools.EvaluationMetrics"> 
      <void property="max"> 
       <double>126.51815369681475</double> 
      </void> 
      <void property="mean"> 
       <double>112.71638619200145</double> 
      </void> 
      <void property="median"> 
       <double>112.21276809890826</double> 
      </void> 
      <void property="min"> 
       <double>92.26111493537873</double> 
      </void> 
      <void property="rawResults"> 
       <object class="java.util.ArrayList"> 
        <void method="add"> 
         <double>92.26111493537873</double> 
        </void> 
        <void method="add"> 
         <double>93.61946487929828</double> 
        </void> 
        <void method="add"> 
         <double>99.53626950198334</double> 
        </void> 
        <void method="add"> 
         <double>100.00995388842762</double> 
        </void> 
        <void method="add"> 
         <double>100.73784533569082</double> 
        </void> 
        <void method="add"> 
         <double>101.79276280040266</double> 
        </void> 
        <void method="add"> 
         <double>103.96701475664993</double> 
        </void> 
        <void method="add"> 
         <double>108.13447117618848</double> 
        </void> 
        <void method="add"> 
         <double>109.87385013083464</double> 
        </void> 
        <void method="add"> 
         <double>110.35120958037899</double> 
        </void> 
        <void method="add"> 
         <double>111.12073752451552</double> 
        </void> 
        <void method="add"> 
         <double>111.97696593966057</double> 
        </void> 
        <void method="add"> 
         <double>112.21276809890826</double> 
        </void> 
        <void method="add"> 
         <double>112.3938741608005</double> 
        </void> 
        <void method="add"> 
         <double>112.40328246014951</double> 
        </void> 
        <void method="add"> 
         <double>114.99909682537508</double> 
        </void> 
        <void method="add"> 
         <double>124.2162780778275</double> 
        </void> 
        <void method="add"> 
         <double>124.45043123258586</double> 
        </void> 
        <void method="add"> 
         <double>125.09475138302116</double> 
        </void> 
        <void method="add"> 
         <double>126.51815369681475</double> 
        </void> 
        <void method="add"> 
         <double>122.11337614350842</double> 
        </void> 
        <void method="add"> 
         <double>123.71301759720164</double> 
        </void> 
        <void method="add"> 
         <double>125.16888563308018</double> 
        </void> 
        <void method="add"> 
         <double>125.67161378465016</double> 
        </void> 
        <void method="add"> 
         <double>125.5724652567039</double> 
        </void> 
       </object> 
      </void> 
      <void property="stdev"> 
       <double>10.605900258142361</double> 
      </void> 
     </object> 
    </void> 
    <void index="7"> 
     <object class="jmbench.tools.EvaluationMetrics"> 
      <void property="max"> 
       <double>69.02434135964657</double> 
      </void> 
      <void property="mean"> 
       <double>67.70246787184503</double> 
      </void> 
      <void property="median"> 
       <double>67.90139888284452</double> 
      </void> 
      <void property="min"> 
       <double>64.62474883628937</double> 
      </void> 
      <void property="rawResults"> 
       <object class="java.util.ArrayList"> 
        <void method="add"> 
         <double>64.83864275476037</double> 
        </void> 
        <void method="add"> 
         <double>66.66251113050305</double> 
        </void> 
        <void method="add"> 
         <double>67.08693476923524</double> 
        </void> 
        <void method="add"> 
         <double>67.1434972727563</double> 
        </void> 
        <void method="add"> 
         <double>67.3666526764422</double> 
        </void> 
        <void method="add"> 
         <double>67.4350040632896</double> 
        </void> 
        <void method="add"> 
         <double>67.46804457484478</double> 
        </void> 
        <void method="add"> 
         <double>67.73698287438276</double> 
        </void> 
        <void method="add"> 
         <double>67.87306240038193</double> 
        </void> 
        <void method="add"> 
         <double>67.90139888284452</double> 
        </void> 
        <void method="add"> 
         <double>67.98305488504204</double> 
        </void> 
        <void method="add"> 
         <double>68.07132708790074</double> 
        </void> 
        <void method="add"> 
         <double>68.24323007068598</double> 
        </void> 
        <void method="add"> 
         <double>68.24804165699099</double> 
        </void> 
        <void method="add"> 
         <double>68.28022674363841</double> 
        </void> 
        <void method="add"> 
         <double>68.41072354952871</double> 
        </void> 
        <void method="add"> 
         <double>68.60266589013405</double> 
        </void> 
        <void method="add"> 
         <double>68.66465217856873</double> 
        </void> 
        <void method="add"> 
         <double>69.00356586563258</double> 
        </void> 
        <void method="add"> 
         <double>69.02434135964657</double> 
        </void> 
        <void method="add"> 
         <double>64.62474883628937</double> 
        </void> 
        <void method="add"> 
         <double>68.89752525444825</double> 
        </void> 
        <void method="add"> 
         <double>67.0617684729376</double> 
        </void> 
        <void method="add"> 
         <double>67.50588023086611</double> 
        </void> 
        <void method="add"> 
         <double>68.4272133143749</double> 
        </void> 
       </object> 
      </void> 
      <void property="stdev"> 
       <double>1.0765692086820065</double> 
      </void> 
     </object> 
    </void> 
    <void index="8"> 
     <object class="jmbench.tools.EvaluationMetrics"> 
      <void property="max"> 
       <double>10.150311254203084</double> 
      </void> 
      <void property="mean"> 
       <double>9.880126368359939</double> 
      </void> 
      <void property="median"> 
       <double>9.861073650992354</double> 
      </void> 
      <void property="min"> 
       <double>9.711857187753575</double> 
      </void> 
      <void property="rawResults"> 
       <object class="java.util.ArrayList"> 
        <void method="add"> 
         <double>9.756177000051943</double> 
        </void> 
        <void method="add"> 
         <double>9.764943933304963</double> 
        </void> 
        <void method="add"> 
         <double>9.772293868004121</double> 
        </void> 
        <void method="add"> 
         <double>9.795549379796896</double> 
        </void> 
        <void method="add"> 
         <double>9.798388947064797</double> 
        </void> 
        <void method="add"> 
         <double>9.800709097964443</double> 
        </void> 
        <void method="add"> 
         <double>9.820940536449138</double> 
        </void> 
        <void method="add"> 
         <double>9.823883812899947</double> 
        </void> 
        <void method="add"> 
         <double>9.847230916274015</double> 
        </void> 
        <void method="add"> 
         <double>9.861073650992354</double> 
        </void> 
        <void method="add"> 
         <double>9.864622764004782</double> 
        </void> 
        <void method="add"> 
         <double>9.873307475917754</double> 
        </void> 
        <void method="add"> 
         <double>9.877104782220869</double> 
        </void> 
        <void method="add"> 
         <double>9.905018263991941</double> 
        </void> 
        <void method="add"> 
         <double>9.923212758415232</double> 
        </void> 
        <void method="add"> 
         <double>9.935244968221957</double> 
        </void> 
        <void method="add"> 
         <double>9.997729275735978</double> 
        </void> 
        <void method="add"> 
         <double>10.10766835226951</double> 
        </void> 
        <void method="add"> 
         <double>10.14953829006019</double> 
        </void> 
        <void method="add"> 
         <double>10.150311254203084</double> 
        </void> 
        <void method="add"> 
         <double>9.711857187753575</double> 
        </void> 
        <void method="add"> 
         <double>9.834252998417764</double> 
        </void> 
        <void method="add"> 
         <double>9.853504315399858</double> 
        </void> 
        <void method="add"> 
         <double>9.878188934039386</double> 
        </void> 
        <void method="add"> 
         <double>9.900406445543979</double> 
        </void> 
       </object> 
      </void> 
      <void property="stdev"> 
       <double>0.11261477111127367</double> 
      </void> 
     </object> 
    </void> 
    <void index="9"> 
     <object class="jmbench.tools.EvaluationMetrics"> 
      <void property="max"> 
       <double>0.954175791576985</double> 
      </void> 
      <void property="mean"> 
       <double>0.9481922919409935</double> 
      </void> 
      <void property="median"> 
       <double>0.9501699485371994</double> 
      </void> 
      <void property="min"> 
       <double>0.9316358892236545</double> 
      </void> 
      <void property="rawResults"> 
       <object class="java.util.ArrayList"> 
        <void method="add"> 
         <double>0.9316358892236545</double> 
        </void> 
        <void method="add"> 
         <double>0.9399001640113568</double> 
        </void> 
        <void method="add"> 
         <double>0.9408858043232975</double> 
        </void> 
        <void method="add"> 
         <double>0.9430029354757239</double> 
        </void> 
        <void method="add"> 
         <double>0.9447849283463962</double> 
        </void> 
        <void method="add"> 
         <double>0.9451911753690329</double> 
        </void> 
        <void method="add"> 
         <double>0.9491214418617615</double> 
        </void> 
        <void method="add"> 
         <double>0.9501699485371994</double> 
        </void> 
        <void method="add"> 
         <double>0.9503904166766481</double> 
        </void> 
        <void method="add"> 
         <double>0.9508077714989479</double> 
        </void> 
        <void method="add"> 
         <double>0.9508885539264216</double> 
        </void> 
        <void method="add"> 
         <double>0.9517700353671876</double> 
        </void> 
        <void method="add"> 
         <double>0.9520289304658548</double> 
        </void> 
        <void method="add"> 
         <double>0.9520442705384103</double> 
        </void> 
        <void method="add"> 
         <double>0.9520494406053098</double> 
        </void> 
        <void method="add"> 
         <double>0.9521199240187481</double> 
        </void> 
        <void method="add"> 
         <double>0.9529815331419574</double> 
        </void> 
        <void method="add"> 
         <double>0.9533602431147177</double> 
        </void> 
        <void method="add"> 
         <double>0.953718247630284</double> 
        </void> 
        <void method="add"> 
         <double>0.954175791576985</double> 
        </void> 
        <void method="add"> 
         <double>0.9456922872913972</double> 
        </void> 
        <void method="add"> 
         <double>0.949054609674356</double> 
        </void> 
        <void method="add"> 
         <double>0.9482919173323702</double> 
        </void> 
        <void method="add"> 
         <double>0.9466156394137318</double> 
        </void> 
        <void method="add"> 
         <double>0.9441253991030883</double> 
        </void> 
       </object> 
      </void> 
      <void property="stdev"> 
       <double>0.005223773704174055</double> 
      </void> 
     </object> 
    </void> 
    <void index="10"> 
     <object class="jmbench.tools.EvaluationMetrics"> 
      <void property="max"> 
       <double>0.12089246664222872</double> 
      </void> 
      <void property="mean"> 
       <double>0.11684870371514469</double> 
      </void> 
      <void property="median"> 
       <double>0.11986886320473729</double> 
      </void> 
      <void property="min"> 
       <double>0.10409607905040254</double> 
      </void> 
      <void property="rawResults"> 
       <object class="java.util.ArrayList"> 
        <void method="add"> 
         <double>0.10409607905040254</double> 
        </void> 
        <void method="add"> 
         <double>0.1041132082432668</double> 
        </void> 
        <void method="add"> 
         <double>0.10561234562729646</double> 
        </void> 
        <void method="add"> 
         <double>0.10697682932915376</double> 
        </void> 
        <void method="add"> 
         <double>0.11624553183663629</double> 
        </void> 
        <void method="add"> 
         <double>0.11723118199155289</double> 
        </void> 
        <void method="add"> 
         <double>0.11864559936651015</double> 
        </void> 
        <void method="add"> 
         <double>0.11928086156853539</double> 
        </void> 
        <void method="add"> 
         <double>0.11967937598369116</double> 
        </void> 
        <void method="add"> 
         <double>0.12017137340575017</double> 
        </void> 
        <void method="add"> 
         <double>0.12024430433561001</double> 
        </void> 
        <void method="add"> 
         <double>0.1202527974510486</double> 
        </void> 
        <void method="add"> 
         <double>0.12026983479871518</double> 
        </void> 
        <void method="add"> 
         <double>0.12028492061876112</double> 
        </void> 
        <void method="add"> 
         <double>0.12040470677593604</double> 
        </void> 
        <void method="add"> 
         <double>0.12055861738590923</double> 
        </void> 
        <void method="add"> 
         <double>0.12055947413557447</double> 
        </void> 
        <void method="add"> 
         <double>0.12080229026143523</double> 
        </void> 
        <void method="add"> 
         <double>0.12086987397380874</double> 
        </void> 
        <void method="add"> 
         <double>0.12089246664222872</double> 
        </void> 
        <void method="add"> 
         <double>0.10790111465749909</double> 
        </void> 
        <void method="add"> 
         <double>0.11859309933277143</double> 
        </void> 
        <void method="add"> 
         <double>0.12001359744938069</double> 
        </void> 
        <void method="add"> 
         <double>0.11986886320473729</double> 
        </void> 
        <void method="add"> 
         <double>0.11764924545240538</double> 
        </void> 
       </object> 
      </void> 
      <void property="stdev"> 
       <double>0.00570992448154408</double> 
      </void> 
     </object> 
    </void> 
    <void index="11"> 
     <object class="jmbench.tools.EvaluationMetrics"> 
      <void property="max"> 
       <double>0.014883265379036987</double> 
      </void> 
      <void property="mean"> 
       <double>0.014883265379036987</double> 
      </void> 
      <void property="median"> 
       <double>0.014883265379036987</double> 
      </void> 
      <void property="min"> 
       <double>0.014883265379036987</double> 
      </void> 
      <void property="rawResults"> 
       <object class="java.util.ArrayList"> 
        <void method="add"> 
         <double>0.014883265379036987</double> 
        </void> 
       </object> 
      </void> 
     </object> 
    </void> 
   </array> 
  </void> 
  <void property="opName"> 
   <string>SVD</string> 
  </void> 
 </object> 
</java> 
