<?xml version="1.0" encoding="UTF-8"?> 
<java version="1.6.0_16" class="java.beans.XMLDecoder"> 
 <object class="jmbench.tools.runtime.OperationResults"> 
  <void property="library"> 
   <object class="jmbench.impl.MatrixLibrary" method="valueOf"> 
    <string>UJMP</string> 
   </object> 
  </void> 
  <void property="matDimen"> 
   <array class="int" length="12"> 
    <void index="0"> 
     <int>2</int> 
    </void> 
    <void index="1"> 
     <int>3</int> 
    </void> 
    <void index="2"> 
     <int>4</int> 
    </void> 
    <void index="3"> 
     <int>5</int> 
    </void> 
    <void index="4"> 
     <int>10</int> 
    </void> 
    <void index="5"> 
     <int>20</int> 
    </void> 
    <void index="6"> 
     <int>50</int> 
    </void> 
    <void index="7"> 
     <int>100</int> 
    </void> 
    <void index="8"> 
     <int>200</int> 
    </void> 
    <void index="9"> 
     <int>500</int> 
    </void> 
    <void index="10"> 
     <int>1000</int> 
    </void> 
    <void index="11"> 
     <int>2000</int> 
    </void> 
   </array> 
  </void> 
  <void property="metrics"> 
   <array class="jmbench.tools.EvaluationMetrics" length="12"> 
    <void index="0"> 
     <object class="jmbench.tools.EvaluationMetrics"> 
      <void property="max"> 
       <double>1.0868981683753213E7</double> 
      </void> 
      <void property="mean"> 
       <double>1.0800870844401944E7</double> 
      </void> 
      <void property="median"> 
       <double>1.0855302886596113E7</double> 
      </void> 
      <void property="min"> 
       <double>1.0218582198371494E7</double> 
      </void> 
      <void property="rawResults"> 
       <object class="java.util.ArrayList"> 
        <void method="add"> 
         <double>1.074069150872543E7</double> 
        </void> 
        <void method="add"> 
         <double>1.079466532070839E7</double> 
        </void> 
        <void method="add"> 
         <double>1.0804057582149602E7</double> 
        </void> 
        <void method="add"> 
         <double>1.0807773074291993E7</double> 
        </void> 
        <void method="add"> 
         <double>1.0840583999487346E7</double> 
        </void> 
        <void method="add"> 
         <double>1.0843144647754066E7</double> 
        </void> 
        <void method="add"> 
         <double>1.0849784210245727E7</double> 
        </void> 
        <void method="add"> 
         <double>1.0851192475456087E7</double> 
        </void> 
        <void method="add"> 
         <double>1.0855302886596113E7</double> 
        </void> 
        <void method="add"> 
         <double>1.0860124443698157E7</double> 
        </void> 
        <void method="add"> 
         <double>1.0861698633728303E7</double> 
        </void> 
        <void method="add"> 
         <double>1.0865432150778538E7</double> 
        </void> 
        <void method="add"> 
         <double>1.0865619370035708E7</double> 
        </void> 
        <void method="add"> 
         <double>1.086579039232076E7</double> 
        </void> 
        <void method="add"> 
         <double>1.0865968956246575E7</double> 
        </void> 
        <void method="add"> 
         <double>1.086613315213648E7</double> 
        </void> 
        <void method="add"> 
         <double>1.086678647767156E7</double> 
        </void> 
        <void method="add"> 
         <double>1.0866983395126557E7</double> 
        </void> 
        <void method="add"> 
         <double>1.0867619035939872E7</double> 
        </void> 
        <void method="add"> 
         <double>1.0868981683753213E7</double> 
        </void> 
        <void method="add"> 
         <double>1.0756349369923811E7</double> 
        </void> 
        <void method="add"> 
         <double>1.0686480902391981E7</double> 
        </void> 
        <void method="add"> 
         <double>1.0867864064528832E7</double> 
        </void> 
        <void method="add"> 
         <double>1.0584161177982008E7</double> 
        </void> 
        <void method="add"> 
         <double>1.0218582198371494E7</double> 
        </void> 
       </object> 
      </void> 
      <void property="stdev"> 
       <double>136622.30085693704</double> 
      </void> 
     </object> 
    </void> 
    <void index="1"> 
     <object class="jmbench.tools.EvaluationMetrics"> 
      <void property="max"> 
       <double>1.0200064780802714E7</double> 
      </void> 
      <void property="mean"> 
       <double>1.0050133823661093E7</double> 
      </void> 
      <void property="median"> 
       <double>1.0064130193530785E7</double> 
      </void> 
      <void property="min"> 
       <double>9609473.744295621</double> 
      </void> 
      <void property="rawResults"> 
       <object class="java.util.ArrayList"> 
        <void method="add"> 
         <double>9919367.376533205</double> 
        </void> 
        <void method="add"> 
         <double>9938562.954552589</double> 
        </void> 
        <void method="add"> 
         <double>9994379.834493753</double> 
        </void> 
        <void method="add"> 
         <double>1.0015046072018577E7</double> 
        </void> 
        <void method="add"> 
         <double>1.0016788352051698E7</double> 
        </void> 
        <void method="add"> 
         <double>1.002533774938784E7</double> 
        </void> 
        <void method="add"> 
         <double>1.0030847157829447E7</double> 
        </void> 
        <void method="add"> 
         <double>1.0055790395906301E7</double> 
        </void> 
        <void method="add"> 
         <double>1.0061084953060688E7</double> 
        </void> 
        <void method="add"> 
         <double>1.0064130193530785E7</double> 
        </void> 
        <void method="add"> 
         <double>1.0075186578109112E7</double> 
        </void> 
        <void method="add"> 
         <double>1.0096645399386792E7</double> 
        </void> 
        <void method="add"> 
         <double>1.0105910774137415E7</double> 
        </void> 
        <void method="add"> 
         <double>1.0111335052924706E7</double> 
        </void> 
        <void method="add"> 
         <double>1.0124428941899486E7</double> 
        </void> 
        <void method="add"> 
         <double>1.0127151434707606E7</double> 
        </void> 
        <void method="add"> 
         <double>1.0129714481291221E7</double> 
        </void> 
        <void method="add"> 
         <double>1.013397887951596E7</double> 
        </void> 
        <void method="add"> 
         <double>1.0172885804629209E7</double> 
        </void> 
        <void method="add"> 
         <double>1.0200064780802714E7</double> 
        </void> 
        <void method="add"> 
         <double>1.0053491378903262E7</double> 
        </void> 
        <void method="add"> 
         <double>9609473.744295621</double> 
        </void> 
        <void method="add"> 
         <double>1.00787085445756E7</double> 
        </void> 
        <void method="add"> 
         <double>1.000693102850521E7</double> 
        </void> 
        <void method="add"> 
         <double>1.0106103728478536E7</double> 
        </void> 
       </object> 
      </void> 
      <void property="stdev"> 
       <double>111058.87934434686</double> 
      </void> 
     </object> 
    </void> 
    <void index="2"> 
     <object class="jmbench.tools.EvaluationMetrics"> 
      <void property="max"> 
       <double>9678237.033814486</double> 
      </void> 
      <void property="mean"> 
       <double>9596276.775638377</double> 
      </void> 
      <void property="median"> 
       <double>9622411.129827732</double> 
      </void> 
      <void property="min"> 
       <double>8984186.256292054</double> 
      </void> 
      <void property="rawResults"> 
       <object class="java.util.ArrayList"> 
        <void method="add"> 
         <double>8984186.256292054</double> 
        </void> 
        <void method="add"> 
         <double>9326814.250089057</double> 
        </void> 
        <void method="add"> 
         <double>9593733.768457422</double> 
        </void> 
        <void method="add"> 
         <double>9596144.39513967</double> 
        </void> 
        <void method="add"> 
         <double>9596616.292374356</double> 
        </void> 
        <void method="add"> 
         <double>9598880.291393057</double> 
        </void> 
        <void method="add"> 
         <double>9601098.980835397</double> 
        </void> 
        <void method="add"> 
         <double>9610810.586691659</double> 
        </void> 
        <void method="add"> 
         <double>9612139.30051123</double> 
        </void> 
        <void method="add"> 
         <double>9616345.769448</double> 
        </void> 
        <void method="add"> 
         <double>9621354.61808062</double> 
        </void> 
        <void method="add"> 
         <double>9622411.129827732</double> 
        </void> 
        <void method="add"> 
         <double>9626706.510549728</double> 
        </void> 
        <void method="add"> 
         <double>9629501.278791748</double> 
        </void> 
        <void method="add"> 
         <double>9642046.871393772</double> 
        </void> 
        <void method="add"> 
         <double>9662529.992960121</double> 
        </void> 
        <void method="add"> 
         <double>9663386.32098831</double> 
        </void> 
        <void method="add"> 
         <double>9666162.802719142</double> 
        </void> 
        <void method="add"> 
         <double>9673035.000532005</double> 
        </void> 
        <void method="add"> 
         <double>9676277.871750904</double> 
        </void> 
        <void method="add"> 
         <double>9615710.173032992</double> 
        </void> 
        <void method="add"> 
         <double>9655287.659983953</double> 
        </void> 
        <void method="add"> 
         <double>9673318.448504003</double> 
        </void> 
        <void method="add"> 
         <double>9678237.033814486</double> 
        </void> 
        <void method="add"> 
         <double>9664183.786797987</double> 
        </void> 
       </object> 
      </void> 
      <void property="stdev"> 
       <double>141534.05084745496</double> 
      </void> 
     </object> 
    </void> 
    <void index="3"> 
     <object class="jmbench.tools.EvaluationMetrics"> 
      <void property="max"> 
       <double>9247170.829688929</double> 
      </void> 
      <void property="mean"> 
       <double>9214879.2903215</double> 
      </void> 
      <void property="median"> 
       <double>9228515.173963998</double> 
      </void> 
      <void property="min"> 
       <double>9127660.980626045</double> 
      </void> 
      <void property="rawResults"> 
       <object class="java.util.ArrayList"> 
        <void method="add"> 
         <double>9174288.05782947</double> 
        </void> 
        <void method="add"> 
         <double>9174509.382022476</double> 
        </void> 
        <void method="add"> 
         <double>9176784.121703463</double> 
        </void> 
        <void method="add"> 
         <double>9177345.273393635</double> 
        </void> 
        <void method="add"> 
         <double>9179864.560504718</double> 
        </void> 
        <void method="add"> 
         <double>9180059.648052461</double> 
        </void> 
        <void method="add"> 
         <double>9195549.873548416</double> 
        </void> 
        <void method="add"> 
         <double>9203447.515349602</double> 
        </void> 
        <void method="add"> 
         <double>9216535.963463025</double> 
        </void> 
        <void method="add"> 
         <double>9223134.82048108</double> 
        </void> 
        <void method="add"> 
         <double>9225158.089152565</double> 
        </void> 
        <void method="add"> 
         <double>9233249.360512909</double> 
        </void> 
        <void method="add"> 
         <double>9235842.902289873</double> 
        </void> 
        <void method="add"> 
         <double>9236802.278863868</double> 
        </void> 
        <void method="add"> 
         <double>9240033.840756379</double> 
        </void> 
        <void method="add"> 
         <double>9240672.550735617</double> 
        </void> 
        <void method="add"> 
         <double>9241457.289664319</double> 
        </void> 
        <void method="add"> 
         <double>9242708.585573403</double> 
        </void> 
        <void method="add"> 
         <double>9242775.126738412</double> 
        </void> 
        <void method="add"> 
         <double>9244432.531467404</double> 
        </void> 
        <void method="add"> 
         <double>9228515.173963998</double> 
        </void> 
        <void method="add"> 
         <double>9127660.980626045</double> 
        </void> 
        <void method="add"> 
         <double>9240989.161236983</double> 
        </void> 
        <void method="add"> 
         <double>9247170.829688929</double> 
        </void> 
        <void method="add"> 
         <double>9242994.340418413</double> 
        </void> 
       </object> 
      </void> 
      <void property="stdev"> 
       <double>31782.161981541412</double> 
      </void> 
     </object> 
    </void> 
    <void index="4"> 
     <object class="jmbench.tools.EvaluationMetrics"> 
      <void property="max"> 
       <double>5594360.1488365</double> 
      </void> 
      <void property="mean"> 
       <double>5578601.786386067</double> 
      </void> 
      <void property="median"> 
       <double>5584684.543630495</double> 
      </void> 
      <void property="min"> 
       <double>5550459.727161125</double> 
      </void> 
      <void property="rawResults"> 
       <object class="java.util.ArrayList"> 
        <void method="add"> 
         <double>5551699.8223095685</double> 
        </void> 
        <void method="add"> 
         <double>5552025.336803254</double> 
        </void> 
        <void method="add"> 
         <double>5555615.723864267</double> 
        </void> 
        <void method="add"> 
         <double>5556045.735090786</double> 
        </void> 
        <void method="add"> 
         <double>5561165.577527072</double> 
        </void> 
        <void method="add"> 
         <double>5569121.27261368</double> 
        </void> 
        <void method="add"> 
         <double>5577078.7492115395</double> 
        </void> 
        <void method="add"> 
         <double>5577970.934127157</double> 
        </void> 
        <void method="add"> 
         <double>5580256.5449462505</double> 
        </void> 
        <void method="add"> 
         <double>5584684.543630495</double> 
        </void> 
        <void method="add"> 
         <double>5584758.564233879</double> 
        </void> 
        <void method="add"> 
         <double>5585757.625422317</double> 
        </void> 
        <void method="add"> 
         <double>5589664.292356702</double> 
        </void> 
        <void method="add"> 
         <double>5591371.924379053</double> 
        </void> 
        <void method="add"> 
         <double>5592224.507771161</double> 
        </void> 
        <void method="add"> 
         <double>5592840.889234907</double> 
        </void> 
        <void method="add"> 
         <double>5592897.782322989</double> 
        </void> 
        <void method="add"> 
         <double>5592954.106443923</double> 
        </void> 
        <void method="add"> 
         <double>5593287.035244288</double> 
        </void> 
        <void method="add"> 
         <double>5593761.654424396</double> 
        </void> 
        <void method="add"> 
         <double>5594360.1488365</double> 
        </void> 
        <void method="add"> 
         <double>5593918.337334466</double> 
        </void> 
        <void method="add"> 
         <double>5579879.769145773</double> 
        </void> 
        <void method="add"> 
         <double>5550459.727161125</double> 
        </void> 
        <void method="add"> 
         <double>5571244.055216169</double> 
        </void> 
       </object> 
      </void> 
      <void property="stdev"> 
       <double>15300.88043042231</double> 
      </void> 
     </object> 
    </void> 
    <void index="5"> 
     <object class="jmbench.tools.EvaluationMetrics"> 
      <void property="max"> 
       <double>2228376.4283458656</double> 
      </void> 
      <void property="mean"> 
       <double>2220708.7325797807</double> 
      </void> 
      <void property="median"> 
       <double>2224298.451414237</double> 
      </void> 
      <void property="min"> 
       <double>2187597.5600857185</double> 
      </void> 
      <void property="rawResults"> 
       <object class="java.util.ArrayList"> 
        <void method="add"> 
         <double>2187597.5600857185</double> 
        </void> 
        <void method="add"> 
         <double>2193511.4472395023</double> 
        </void> 
        <void method="add"> 
         <double>2214167.374624877</double> 
        </void> 
        <void method="add"> 
         <double>2219180.4698682968</double> 
        </void> 
        <void method="add"> 
         <double>2220710.150898888</double> 
        </void> 
        <void method="add"> 
         <double>2221800.0820229654</double> 
        </void> 
        <void method="add"> 
         <double>2221940.987241193</double> 
        </void> 
        <void method="add"> 
         <double>2222303.254648176</double> 
        </void> 
        <void method="add"> 
         <double>2223295.436026218</double> 
        </void> 
        <void method="add"> 
         <double>2224298.451414237</double> 
        </void> 
        <void method="add"> 
         <double>2224305.1697454527</double> 
        </void> 
        <void method="add"> 
         <double>2227198.5115225944</double> 
        </void> 
        <void method="add"> 
         <double>2227457.1503569153</double> 
        </void> 
        <void method="add"> 
         <double>2227507.8376476606</double> 
        </void> 
        <void method="add"> 
         <double>2227649.7499094596</double> 
        </void> 
        <void method="add"> 
         <double>2227702.896528444</double> 
        </void> 
        <void method="add"> 
         <double>2227713.6346399738</double> 
        </void> 
        <void method="add"> 
         <double>2227840.917552253</double> 
        </void> 
        <void method="add"> 
         <double>2227845.8003639486</double> 
        </void> 
        <void method="add"> 
         <double>2228376.4283458656</double> 
        </void> 
        <void method="add"> 
         <double>2226158.9290769836</double> 
        </void> 
        <void method="add"> 
         <double>2216637.394173853</double> 
        </void> 
        <void method="add"> 
         <double>2211668.91432761</double> 
        </void> 
        <void method="add"> 
         <double>2213732.371979721</double> 
        </void> 
        <void method="add"> 
         <double>2227117.3942537284</double> 
        </void> 
       </object> 
      </void> 
      <void property="stdev"> 
       <double>10153.46259527685</double> 
      </void> 
     </object> 
    </void> 
    <void index="6"> 
     <object class="jmbench.tools.EvaluationMetrics"> 
      <void property="max"> 
       <double>286669.5380033964</double> 
      </void> 
      <void property="mean"> 
       <double>284231.1499840207</double> 
      </void> 
      <void property="median"> 
       <double>283851.4799637366</double> 
      </void> 
      <void property="min"> 
       <double>281552.8956358348</double> 
      </void> 
      <void property="rawResults"> 
       <object class="java.util.ArrayList"> 
        <void method="add"> 
         <double>281552.8956358348</double> 
        </void> 
        <void method="add"> 
         <double>281653.8172153843</double> 
        </void> 
        <void method="add"> 
         <double>282417.34220706555</double> 
        </void> 
        <void method="add"> 
         <double>283080.3438100321</double> 
        </void> 
        <void method="add"> 
         <double>283296.6017277519</double> 
        </void> 
        <void method="add"> 
         <double>283429.1630267192</double> 
        </void> 
        <void method="add"> 
         <double>283581.1147872471</double> 
        </void> 
        <void method="add"> 
         <double>283717.2205100086</double> 
        </void> 
        <void method="add"> 
         <double>283841.70254246175</double> 
        </void> 
        <void method="add"> 
         <double>283847.76069282263</double> 
        </void> 
        <void method="add"> 
         <double>283851.4799637366</double> 
        </void> 
        <void method="add"> 
         <double>284067.213109046</double> 
        </void> 
        <void method="add"> 
         <double>284966.1004814786</double> 
        </void> 
        <void method="add"> 
         <double>285056.07788017904</double> 
        </void> 
        <void method="add"> 
         <double>285190.2960093331</double> 
        </void> 
        <void method="add"> 
         <double>285274.4946040917</double> 
        </void> 
        <void method="add"> 
         <double>285641.92063346447</double> 
        </void> 
        <void method="add"> 
         <double>285694.52771602996</double> 
        </void> 
        <void method="add"> 
         <double>286205.0289211735</double> 
        </void> 
        <void method="add"> 
         <double>286669.5380033964</double> 
        </void> 
        <void method="add"> 
         <double>283646.85483389714</double> 
        </void> 
        <void method="add"> 
         <double>283858.30838263466</double> 
        </void> 
        <void method="add"> 
         <double>285246.2433336049</double> 
        </void> 
        <void method="add"> 
         <double>283777.1177915033</double> 
        </void> 
        <void method="add"> 
         <double>286215.5857816198</double> 
        </void> 
       </object> 
      </void> 
      <void property="stdev"> 
       <double>1326.0570838980573</double> 
      </void> 
     </object> 
    </void> 
    <void index="7"> 
     <object class="jmbench.tools.EvaluationMetrics"> 
      <void property="max"> 
       <double>73744.84996423354</double> 
      </void> 
      <void property="mean"> 
       <double>73428.60708957184</double> 
      </void> 
      <void property="median"> 
       <double>73462.62792156391</double> 
      </void> 
      <void property="min"> 
       <double>72743.92159639669</double> 
      </void> 
      <void property="rawResults"> 
       <object class="java.util.ArrayList"> 
        <void method="add"> 
         <double>72743.92159639669</double> 
        </void> 
        <void method="add"> 
         <double>72851.28507418375</double> 
        </void> 
        <void method="add"> 
         <double>73175.61422816492</double> 
        </void> 
        <void method="add"> 
         <double>73287.00662146496</double> 
        </void> 
        <void method="add"> 
         <double>73288.13846705043</double> 
        </void> 
        <void method="add"> 
         <double>73307.80525335942</double> 
        </void> 
        <void method="add"> 
         <double>73342.6271071261</double> 
        </void> 
        <void method="add"> 
         <double>73347.29731297791</double> 
        </void> 
        <void method="add"> 
         <double>73400.34088350598</double> 
        </void> 
        <void method="add"> 
         <double>73422.41817209625</double> 
        </void> 
        <void method="add"> 
         <double>73462.62792156391</double> 
        </void> 
        <void method="add"> 
         <double>73506.15346821524</double> 
        </void> 
        <void method="add"> 
         <double>73520.42123803167</double> 
        </void> 
        <void method="add"> 
         <double>73536.72985603001</double> 
        </void> 
        <void method="add"> 
         <double>73596.8935468614</double> 
        </void> 
        <void method="add"> 
         <double>73635.44554560352</double> 
        </void> 
        <void method="add"> 
         <double>73640.29817620105</double> 
        </void> 
        <void method="add"> 
         <double>73673.78838961836</double> 
        </void> 
        <void method="add"> 
         <double>73698.2806595214</double> 
        </void> 
        <void method="add"> 
         <double>73744.84996423354</double> 
        </void> 
        <void method="add"> 
         <double>73427.05714604563</double> 
        </void> 
        <void method="add"> 
         <double>73587.9557020604</double> 
        </void> 
        <void method="add"> 
         <double>73622.383763726</double> 
        </void> 
        <void method="add"> 
         <double>73639.27875518963</double> 
        </void> 
        <void method="add"> 
         <double>73256.55839006805</double> 
        </void> 
       </object> 
      </void> 
      <void property="stdev"> 
       <double>240.69049180772046</double> 
      </void> 
     </object> 
    </void> 
    <void index="8"> 
     <object class="jmbench.tools.EvaluationMetrics"> 
      <void property="max"> 
       <double>18487.37329477569</double> 
      </void> 
      <void property="mean"> 
       <double>18406.17424242635</double> 
      </void> 
      <void property="median"> 
       <double>18441.07248630913</double> 
      </void> 
      <void property="min"> 
       <double>18213.59662247422</double> 
      </void> 
      <void property="rawResults"> 
       <object class="java.util.ArrayList"> 
        <void method="add"> 
         <double>18213.59662247422</double> 
        </void> 
        <void method="add"> 
         <double>18235.74388844361</double> 
        </void> 
        <void method="add"> 
         <double>18269.93325750417</double> 
        </void> 
        <void method="add"> 
         <double>18290.489245585642</double> 
        </void> 
        <void method="add"> 
         <double>18340.068917377142</double> 
        </void> 
        <void method="add"> 
         <double>18348.528891346574</double> 
        </void> 
        <void method="add"> 
         <double>18359.811777444404</double> 
        </void> 
        <void method="add"> 
         <double>18380.48446635268</double> 
        </void> 
        <void method="add"> 
         <double>18430.74760886985</double> 
        </void> 
        <void method="add"> 
         <double>18440.218497526563</double> 
        </void> 
        <void method="add"> 
         <double>18441.07248630913</double> 
        </void> 
        <void method="add"> 
         <double>18441.32028988665</double> 
        </void> 
        <void method="add"> 
         <double>18448.35713945032</double> 
        </void> 
        <void method="add"> 
         <double>18463.085338248195</double> 
        </void> 
        <void method="add"> 
         <double>18466.045425793436</double> 
        </void> 
        <void method="add"> 
         <double>18467.04416237534</double> 
        </void> 
        <void method="add"> 
         <double>18471.572495871307</double> 
        </void> 
        <void method="add"> 
         <double>18473.293854671694</double> 
        </void> 
        <void method="add"> 
         <double>18473.51982812279</double> 
        </void> 
        <void method="add"> 
         <double>18479.34677148363</double> 
        </void> 
        <void method="add"> 
         <double>18487.37329477569</double> 
        </void> 
        <void method="add"> 
         <double>18480.07708380912</double> 
        </void> 
        <void method="add"> 
         <double>18343.34248183428</double> 
        </void> 
        <void method="add"> 
         <double>18477.70772797779</double> 
        </void> 
        <void method="add"> 
         <double>18431.57450712445</double> 
        </void> 
       </object> 
      </void> 
      <void property="stdev"> 
       <double>81.37325411232565</double> 
      </void> 
     </object> 
    </void> 
    <void index="9"> 
     <object class="jmbench.tools.EvaluationMetrics"> 
      <void property="max"> 
       <double>853.9967093835049</double> 
      </void> 
      <void property="mean"> 
       <double>845.3148043199583</double> 
      </void> 
      <void property="median"> 
       <double>845.9880209481125</double> 
      </void> 
      <void property="min"> 
       <double>820.7586166779879</double> 
      </void> 
      <void property="rawResults"> 
       <object class="java.util.ArrayList"> 
        <void method="add"> 
         <double>820.7586166779879</double> 
        </void> 
        <void method="add"> 
         <double>842.5578245685334</double> 
        </void> 
        <void method="add"> 
         <double>842.9315417391798</double> 
        </void> 
        <void method="add"> 
         <double>843.2373404239439</double> 
        </void> 
        <void method="add"> 
         <double>843.8049673740683</double> 
        </void> 
        <void method="add"> 
         <double>844.4130522039612</double> 
        </void> 
        <void method="add"> 
         <double>844.8202278942572</double> 
        </void> 
        <void method="add"> 
         <double>845.0704512700012</double> 
        </void> 
        <void method="add"> 
         <double>845.6461148561639</double> 
        </void> 
        <void method="add"> 
         <double>845.9880209481125</double> 
        </void> 
        <void method="add"> 
         <double>846.158637568327</double> 
        </void> 
        <void method="add"> 
         <double>846.1843285632125</double> 
        </void> 
        <void method="add"> 
         <double>846.6041213301152</double> 
        </void> 
        <void method="add"> 
         <double>846.637129035359</double> 
        </void> 
        <void method="add"> 
         <double>847.754746479075</double> 
        </void> 
        <void method="add"> 
         <double>847.9372900814027</double> 
        </void> 
        <void method="add"> 
         <double>848.1791046423785</double> 
        </void> 
        <void method="add"> 
         <double>850.2338839024749</double> 
        </void> 
        <void method="add"> 
         <double>850.8486986878167</double> 
        </void> 
        <void method="add"> 
         <double>853.9967093835049</double> 
        </void> 
        <void method="add"> 
         <double>847.7960320132003</double> 
        </void> 
        <void method="add"> 
         <double>843.0177130487834</double> 
        </void> 
        <void method="add"> 
         <double>845.3527946519876</double> 
        </void> 
        <void method="add"> 
         <double>843.5316672098442</double> 
        </void> 
        <void method="add"> 
         <double>849.4090934452671</double> 
        </void> 
       </object> 
      </void> 
      <void property="stdev"> 
       <double>5.699302678236145</double> 
      </void> 
     </object> 
    </void> 
    <void index="10"> 
     <object class="jmbench.tools.EvaluationMetrics"> 
      <void property="max"> 
       <double>206.73145897944826</double> 
      </void> 
      <void property="mean"> 
       <double>204.28266966717973</double> 
      </void> 
      <void property="median"> 
       <double>204.03157089707256</double> 
      </void> 
      <void property="min"> 
       <double>202.35325110312152</double> 
      </void> 
      <void property="rawResults"> 
       <object class="java.util.ArrayList"> 
        <void method="add"> 
         <double>202.35325110312152</double> 
        </void> 
        <void method="add"> 
         <double>202.78015253750632</double> 
        </void> 
        <void method="add"> 
         <double>202.8887829375522</double> 
        </void> 
        <void method="add"> 
         <double>203.37497263598866</double> 
        </void> 
        <void method="add"> 
         <double>203.5259226529548</double> 
        </void> 
        <void method="add"> 
         <double>203.67420111849725</double> 
        </void> 
        <void method="add"> 
         <double>203.76937532545975</double> 
        </void> 
        <void method="add"> 
         <double>203.94749803369248</double> 
        </void> 
        <void method="add"> 
         <double>204.0048629818178</double> 
        </void> 
        <void method="add"> 
         <double>204.31672135827736</double> 
        </void> 
        <void method="add"> 
         <double>204.5622426193802</double> 
        </void> 
        <void method="add"> 
         <double>205.17988069307506</double> 
        </void> 
        <void method="add"> 
         <double>205.24106224388538</double> 
        </void> 
        <void method="add"> 
         <double>205.2851836250857</double> 
        </void> 
        <void method="add"> 
         <double>205.2957268535063</double> 
        </void> 
        <void method="add"> 
         <double>205.3666679956117</double> 
        </void> 
        <void method="add"> 
         <double>205.5290700087146</double> 
        </void> 
        <void method="add"> 
         <double>205.60398873512761</double> 
        </void> 
        <void method="add"> 
         <double>205.7379668225085</double> 
        </void> 
        <void method="add"> 
         <double>206.73145897944826</double> 
        </void> 
        <void method="add"> 
         <double>204.03157089707256</double> 
        </void> 
        <void method="add"> 
         <double>203.55221142464666</double> 
        </void> 
        <void method="add"> 
         <double>204.09960669832088</double> 
        </void> 
        <void method="add"> 
         <double>203.10180596737615</double> 
        </void> 
        <void method="add"> 
         <double>203.11255743086642</double> 
        </void> 
       </object> 
      </void> 
      <void property="stdev"> 
       <double>1.0947094939667767</double> 
      </void> 
     </object> 
    </void> 
    <void index="11"> 
     <object class="jmbench.tools.EvaluationMetrics"> 
      <void property="max"> 
       <double>50.94205209160137</double> 
      </void> 
      <void property="mean"> 
       <double>48.761438601518236</double> 
      </void> 
      <void property="median"> 
       <double>48.78700560959794</double> 
      </void> 
      <void property="min"> 
       <double>46.18338744099939</double> 
      </void> 
      <void property="rawResults"> 
       <object class="java.util.ArrayList"> 
        <void method="add"> 
         <double>46.18338744099939</double> 
        </void> 
        <void method="add"> 
         <double>46.7361384978653</double> 
        </void> 
        <void method="add"> 
         <double>46.73855837158296</double> 
        </void> 
        <void method="add"> 
         <double>46.98111868615235</double> 
        </void> 
        <void method="add"> 
         <double>47.08293353944604</double> 
        </void> 
        <void method="add"> 
         <double>48.58027460509157</double> 
        </void> 
        <void method="add"> 
         <double>48.64051240832822</double> 
        </void> 
        <void method="add"> 
         <double>48.686718448423974</double> 
        </void> 
        <void method="add"> 
         <double>48.70122039921065</double> 
        </void> 
        <void method="add"> 
         <double>48.75898855815531</double> 
        </void> 
        <void method="add"> 
         <double>48.971021793095225</double> 
        </void> 
        <void method="add"> 
         <double>49.2134958914461</double> 
        </void> 
        <void method="add"> 
         <double>49.230290098465694</double> 
        </void> 
        <void method="add"> 
         <double>49.25297308968447</double> 
        </void> 
        <void method="add"> 
         <double>49.340683047850334</double> 
        </void> 
        <void method="add"> 
         <double>50.04392193121096</double> 
        </void> 
        <void method="add"> 
         <double>50.27724473588807</double> 
        </void> 
        <void method="add"> 
         <double>50.362598027714974</double> 
        </void> 
        <void method="add"> 
         <double>50.41301237617585</double> 
        </void> 
        <void method="add"> 
         <double>50.94205209160137</double> 
        </void> 
        <void method="add"> 
         <double>49.92790388297824</double> 
        </void> 
        <void method="add"> 
         <double>49.42173590507775</double> 
        </void> 
        <void method="add"> 
         <double>47.038401383121446</double> 
        </void> 
        <void method="add"> 
         <double>48.723774218791476</double> 
        </void> 
        <void method="add"> 
         <double>48.78700560959794</double> 
        </void> 
       </object> 
      </void> 
      <void property="stdev"> 
       <double>1.2757040476877781</double> 
      </void> 
     </object> 
    </void> 
   </array> 
  </void> 
  <void property="opName"> 
   <string>Add c=a+b</string> 
  </void> 
 </object> 
</java> 
