<?xml version="1.0" encoding="UTF-8"?> 
<java version="1.6.0_16" class="java.beans.XMLDecoder"> 
 <object class="jmbench.tools.runtime.OperationResults"> 
  <void property="library"> 
   <object class="jmbench.impl.MatrixLibrary" method="valueOf"> 
    <string>UJMP</string> 
   </object> 
  </void> 
  <void property="matDimen"> 
   <array class="int" length="12"> 
    <void index="0"> 
     <int>2</int> 
    </void> 
    <void index="1"> 
     <int>3</int> 
    </void> 
    <void index="2"> 
     <int>4</int> 
    </void> 
    <void index="3"> 
     <int>5</int> 
    </void> 
    <void index="4"> 
     <int>10</int> 
    </void> 
    <void index="5"> 
     <int>20</int> 
    </void> 
    <void index="6"> 
     <int>50</int> 
    </void> 
    <void index="7"> 
     <int>100</int> 
    </void> 
    <void index="8"> 
     <int>200</int> 
    </void> 
    <void index="9"> 
     <int>500</int> 
    </void> 
    <void index="10"> 
     <int>1000</int> 
    </void> 
    <void index="11"> 
     <int>2000</int> 
    </void> 
   </array> 
  </void> 
  <void property="metrics"> 
   <array class="jmbench.tools.EvaluationMetrics" length="12"> 
    <void index="0"> 
     <object class="jmbench.tools.EvaluationMetrics"> 
      <void property="max"> 
       <double>923055.1999867016</double> 
      </void> 
      <void property="mean"> 
       <double>902547.1117305149</double> 
      </void> 
      <void property="median"> 
       <double>912159.3263928689</double> 
      </void> 
      <void property="min"> 
       <double>847714.1758699984</double> 
      </void> 
      <void property="rawResults"> 
       <object class="java.util.ArrayList"> 
        <void method="add"> 
         <double>903206.6311860178</double> 
        </void> 
        <void method="add"> 
         <double>907433.6809375782</double> 
        </void> 
        <void method="add"> 
         <double>907702.273426789</double> 
        </void> 
        <void method="add"> 
         <double>907806.8126306299</double> 
        </void> 
        <void method="add"> 
         <double>908783.6718795334</double> 
        </void> 
        <void method="add"> 
         <double>909817.1488699152</double> 
        </void> 
        <void method="add"> 
         <double>911784.653111164</double> 
        </void> 
        <void method="add"> 
         <double>912159.3263928689</double> 
        </void> 
        <void method="add"> 
         <double>913525.6922068587</double> 
        </void> 
        <void method="add"> 
         <double>914106.8167679243</double> 
        </void> 
        <void method="add"> 
         <double>914367.1193646203</double> 
        </void> 
        <void method="add"> 
         <double>915006.9822187636</double> 
        </void> 
        <void method="add"> 
         <double>915443.7652237224</double> 
        </void> 
        <void method="add"> 
         <double>915595.5404842932</double> 
        </void> 
        <void method="add"> 
         <double>918105.4741573667</double> 
        </void> 
        <void method="add"> 
         <double>920174.2051154971</double> 
        </void> 
        <void method="add"> 
         <double>920526.6279689278</double> 
        </void> 
        <void method="add"> 
         <double>920604.4496536391</double> 
        </void> 
        <void method="add"> 
         <double>920920.337394868</double> 
        </void> 
        <void method="add"> 
         <double>923055.1999867016</double> 
        </void> 
        <void method="add"> 
         <double>847714.1758699984</double> 
        </void> 
        <void method="add"> 
         <double>852526.2409432301</double> 
        </void> 
        <void method="add"> 
         <double>866577.2611312438</double> 
        </void> 
        <void method="add"> 
         <double>857088.3033118709</double> 
        </void> 
        <void method="add"> 
         <double>859645.4030288515</double> 
        </void> 
       </object> 
      </void> 
      <void property="stdev"> 
       <double>23582.725694971876</double> 
      </void> 
     </object> 
    </void> 
    <void index="1"> 
     <object class="jmbench.tools.EvaluationMetrics"> 
      <void property="max"> 
       <double>735260.8009327895</double> 
      </void> 
      <void property="mean"> 
       <double>716732.8790062746</double> 
      </void> 
      <void property="median"> 
       <double>727704.497766972</double> 
      </void> 
      <void property="min"> 
       <double>655383.40837672</double> 
      </void> 
      <void property="rawResults"> 
       <object class="java.util.ArrayList"> 
        <void method="add"> 
         <double>720747.5380884378</double> 
        </void> 
        <void method="add"> 
         <double>723317.6141598927</double> 
        </void> 
        <void method="add"> 
         <double>724124.4337946343</double> 
        </void> 
        <void method="add"> 
         <double>724657.926150332</double> 
        </void> 
        <void method="add"> 
         <double>725161.1409357284</double> 
        </void> 
        <void method="add"> 
         <double>725952.8080884006</double> 
        </void> 
        <void method="add"> 
         <double>727059.4916858447</double> 
        </void> 
        <void method="add"> 
         <double>727704.497766972</double> 
        </void> 
        <void method="add"> 
         <double>728018.6568769446</double> 
        </void> 
        <void method="add"> 
         <double>728242.6644176508</double> 
        </void> 
        <void method="add"> 
         <double>728767.8558828478</double> 
        </void> 
        <void method="add"> 
         <double>729020.6590454767</double> 
        </void> 
        <void method="add"> 
         <double>729882.9004339078</double> 
        </void> 
        <void method="add"> 
         <double>730207.8784910379</double> 
        </void> 
        <void method="add"> 
         <double>730757.5157674644</double> 
        </void> 
        <void method="add"> 
         <double>731668.6061809184</double> 
        </void> 
        <void method="add"> 
         <double>732696.3902063938</double> 
        </void> 
        <void method="add"> 
         <double>732772.6886102756</double> 
        </void> 
        <void method="add"> 
         <double>734668.1386841001</double> 
        </void> 
        <void method="add"> 
         <double>735260.8009327895</double> 
        </void> 
        <void method="add"> 
         <double>678387.4825975216</double> 
        </void> 
        <void method="add"> 
         <double>682118.1967779641</double> 
        </void> 
        <void method="add"> 
         <double>655383.40837672</double> 
        </void> 
        <void method="add"> 
         <double>658332.3158231605</double> 
        </void> 
        <void method="add"> 
         <double>673410.3653814469</double> 
        </void> 
       </object> 
      </void> 
      <void property="stdev"> 
       <double>24320.156826693346</double> 
      </void> 
     </object> 
    </void> 
    <void index="2"> 
     <object class="jmbench.tools.EvaluationMetrics"> 
      <void property="max"> 
       <double>594082.1885454042</double> 
      </void> 
      <void property="mean"> 
       <double>570789.9987584489</double> 
      </void> 
      <void property="median"> 
       <double>587821.438625643</double> 
      </void> 
      <void property="min"> 
       <double>532727.0323103563</double> 
      </void> 
      <void property="rawResults"> 
       <object class="java.util.ArrayList"> 
        <void method="add"> 
         <double>532727.0323103563</double> 
        </void> 
        <void method="add"> 
         <double>534993.7112431485</double> 
        </void> 
        <void method="add"> 
         <double>536108.6195408353</double> 
        </void> 
        <void method="add"> 
         <double>537309.880938245</double> 
        </void> 
        <void method="add"> 
         <double>537313.0457922044</double> 
        </void> 
        <void method="add"> 
         <double>543313.2551435147</double> 
        </void> 
        <void method="add"> 
         <double>546938.5333540571</double> 
        </void> 
        <void method="add"> 
         <double>548090.185145197</double> 
        </void> 
        <void method="add"> 
         <double>548103.6929954477</double> 
        </void> 
        <void method="add"> 
         <double>550045.9337104965</double> 
        </void> 
        <void method="add"> 
         <double>586441.2375691577</double> 
        </void> 
        <void method="add"> 
         <double>587459.4659917175</double> 
        </void> 
        <void method="add"> 
         <double>587821.438625643</double> 
        </void> 
        <void method="add"> 
         <double>589316.6439504067</double> 
        </void> 
        <void method="add"> 
         <double>589416.6111551942</double> 
        </void> 
        <void method="add"> 
         <double>590449.5028037307</double> 
        </void> 
        <void method="add"> 
         <double>591633.3374734139</double> 
        </void> 
        <void method="add"> 
         <double>592631.4847369567</double> 
        </void> 
        <void method="add"> 
         <double>592886.7270330125</double> 
        </void> 
        <void method="add"> 
         <double>594082.1885454042</double> 
        </void> 
        <void method="add"> 
         <double>590673.1424832974</double> 
        </void> 
        <void method="add"> 
         <double>589513.5348196683</double> 
        </void> 
        <void method="add"> 
         <double>591293.6373117727</double> 
        </void> 
        <void method="add"> 
         <double>588628.7414733107</double> 
        </void> 
        <void method="add"> 
         <double>592558.3848150336</double> 
        </void> 
       </object> 
      </void> 
      <void property="stdev"> 
       <double>24289.077149108227</double> 
      </void> 
     </object> 
    </void> 
    <void index="3"> 
     <object class="jmbench.tools.EvaluationMetrics"> 
      <void property="max"> 
       <double>473501.10435476596</double> 
      </void> 
      <void property="mean"> 
       <double>464433.60833910125</double> 
      </void> 
      <void property="median"> 
       <double>470544.5442694027</double> 
      </void> 
      <void property="min"> 
       <double>436655.00157615356</double> 
      </void> 
      <void property="rawResults"> 
       <object class="java.util.ArrayList"> 
        <void method="add"> 
         <double>464627.6071876464</double> 
        </void> 
        <void method="add"> 
         <double>465138.496027251</double> 
        </void> 
        <void method="add"> 
         <double>467812.2479174532</double> 
        </void> 
        <void method="add"> 
         <double>469113.9047622208</double> 
        </void> 
        <void method="add"> 
         <double>469448.00686203194</double> 
        </void> 
        <void method="add"> 
         <double>470086.5657896223</double> 
        </void> 
        <void method="add"> 
         <double>470489.5997753652</double> 
        </void> 
        <void method="add"> 
         <double>470544.5442694027</double> 
        </void> 
        <void method="add"> 
         <double>470784.0123169606</double> 
        </void> 
        <void method="add"> 
         <double>470984.5914725649</double> 
        </void> 
        <void method="add"> 
         <double>471255.3437976754</double> 
        </void> 
        <void method="add"> 
         <double>471544.47524431057</double> 
        </void> 
        <void method="add"> 
         <double>471756.58951891103</double> 
        </void> 
        <void method="add"> 
         <double>471992.22285229556</double> 
        </void> 
        <void method="add"> 
         <double>472161.29611283715</double> 
        </void> 
        <void method="add"> 
         <double>472216.4674750319</double> 
        </void> 
        <void method="add"> 
         <double>472548.30578602914</double> 
        </void> 
        <void method="add"> 
         <double>473284.3697786762</double> 
        </void> 
        <void method="add"> 
         <double>473320.342477932</double> 
        </void> 
        <void method="add"> 
         <double>473501.10435476596</double> 
        </void> 
        <void method="add"> 
         <double>441884.7503606352</double> 
        </void> 
        <void method="add"> 
         <double>439330.6466829271</double> 
        </void> 
        <void method="add"> 
         <double>436655.00157615356</double> 
        </void> 
        <void method="add"> 
         <double>439738.1606563752</double> 
        </void> 
        <void method="add"> 
         <double>440621.5554224575</double> 
        </void> 
       </object> 
      </void> 
      <void property="stdev"> 
       <double>12599.81482761967</double> 
      </void> 
     </object> 
    </void> 
    <void index="4"> 
     <object class="jmbench.tools.EvaluationMetrics"> 
      <void property="max"> 
       <double>193184.82640326</double> 
      </void> 
      <void property="mean"> 
       <double>186425.95915082638</double> 
      </void> 
      <void property="median"> 
       <double>186534.03888886518</double> 
      </void> 
      <void property="min"> 
       <double>174603.5756593744</double> 
      </void> 
      <void property="rawResults"> 
       <object class="java.util.ArrayList"> 
        <void method="add"> 
         <double>174603.5756593744</double> 
        </void> 
        <void method="add"> 
         <double>174938.51256369476</double> 
        </void> 
        <void method="add"> 
         <double>175364.1461475363</double> 
        </void> 
        <void method="add"> 
         <double>176646.43775141856</double> 
        </void> 
        <void method="add"> 
         <double>176774.31241346247</double> 
        </void> 
        <void method="add"> 
         <double>184761.07293939515</double> 
        </void> 
        <void method="add"> 
         <double>185293.0444478321</double> 
        </void> 
        <void method="add"> 
         <double>185549.51999626623</double> 
        </void> 
        <void method="add"> 
         <double>185715.75619582008</double> 
        </void> 
        <void method="add"> 
         <double>185813.6165021128</double> 
        </void> 
        <void method="add"> 
         <double>185855.54090117867</double> 
        </void> 
        <void method="add"> 
         <double>186144.3072607574</double> 
        </void> 
        <void method="add"> 
         <double>186534.03888886518</double> 
        </void> 
        <void method="add"> 
         <double>186543.27951375116</double> 
        </void> 
        <void method="add"> 
         <double>187359.22803144433</double> 
        </void> 
        <void method="add"> 
         <double>192199.9663344945</double> 
        </void> 
        <void method="add"> 
         <double>192699.6327307552</double> 
        </void> 
        <void method="add"> 
         <double>192915.40502991475</double> 
        </void> 
        <void method="add"> 
         <double>192932.7389921747</double> 
        </void> 
        <void method="add"> 
         <double>193184.82640326</double> 
        </void> 
        <void method="add"> 
         <double>191884.32599431355</double> 
        </void> 
        <void method="add"> 
         <double>191499.31546977835</double> 
        </void> 
        <void method="add"> 
         <double>191534.20717948448</double> 
        </void> 
        <void method="add"> 
         <double>191834.684742817</double> 
        </void> 
        <void method="add"> 
         <double>192067.4866807578</double> 
        </void> 
       </object> 
      </void> 
      <void property="stdev"> 
       <double>6116.962529472595</double> 
      </void> 
     </object> 
    </void> 
    <void index="5"> 
     <object class="jmbench.tools.EvaluationMetrics"> 
      <void property="max"> 
       <double>61817.77877919824</double> 
      </void> 
      <void property="mean"> 
       <double>57842.908202648665</double> 
      </void> 
      <void property="median"> 
       <double>57025.13439030351</double> 
      </void> 
      <void property="min"> 
       <double>53284.88992524277</double> 
      </void> 
      <void property="rawResults"> 
       <object class="java.util.ArrayList"> 
        <void method="add"> 
         <double>53284.88992524277</double> 
        </void> 
        <void method="add"> 
         <double>53847.89253243662</double> 
        </void> 
        <void method="add"> 
         <double>55054.01445773145</double> 
        </void> 
        <void method="add"> 
         <double>55320.65535530946</double> 
        </void> 
        <void method="add"> 
         <double>56007.13680375044</double> 
        </void> 
        <void method="add"> 
         <double>56043.092606425234</double> 
        </void> 
        <void method="add"> 
         <double>56161.24318214274</double> 
        </void> 
        <void method="add"> 
         <double>56274.178492151026</double> 
        </void> 
        <void method="add"> 
         <double>56459.93430946237</double> 
        </void> 
        <void method="add"> 
         <double>56502.134953368244</double> 
        </void> 
        <void method="add"> 
         <double>56576.2471394106</double> 
        </void> 
        <void method="add"> 
         <double>56632.48261794841</double> 
        </void> 
        <void method="add"> 
         <double>57025.13439030351</double> 
        </void> 
        <void method="add"> 
         <double>57115.137558338014</double> 
        </void> 
        <void method="add"> 
         <double>57146.146402132355</double> 
        </void> 
        <void method="add"> 
         <double>60321.15797341453</double> 
        </void> 
        <void method="add"> 
         <double>60897.97842290008</double> 
        </void> 
        <void method="add"> 
         <double>60979.60160843979</double> 
        </void> 
        <void method="add"> 
         <double>61335.93958586064</double> 
        </void> 
        <void method="add"> 
         <double>61448.503232616444</double> 
        </void> 
        <void method="add"> 
         <double>61617.08695948951</double> 
        </void> 
        <void method="add"> 
         <double>61817.77877919824</double> 
        </void> 
        <void method="add"> 
         <double>61092.474468705186</double> 
        </void> 
        <void method="add"> 
         <double>57482.46679302913</double> 
        </void> 
        <void method="add"> 
         <double>59629.3965164097</double> 
        </void> 
       </object> 
      </void> 
      <void property="stdev"> 
       <double>2574.3206386497677</double> 
      </void> 
     </object> 
    </void> 
    <void index="6"> 
     <object class="jmbench.tools.EvaluationMetrics"> 
      <void property="max"> 
       <double>9771.125897426125</double> 
      </void> 
      <void property="mean"> 
       <double>9493.617785929919</double> 
      </void> 
      <void property="median"> 
       <double>9630.90453769962</double> 
      </void> 
      <void property="min"> 
       <double>8911.85289001602</double> 
      </void> 
      <void property="rawResults"> 
       <object class="java.util.ArrayList"> 
        <void method="add"> 
         <double>8911.85289001602</double> 
        </void> 
        <void method="add"> 
         <double>8927.698100311249</double> 
        </void> 
        <void method="add"> 
         <double>8947.623265811071</double> 
        </void> 
        <void method="add"> 
         <double>8955.143369596803</double> 
        </void> 
        <void method="add"> 
         <double>9019.146422295027</double> 
        </void> 
        <void method="add"> 
         <double>9148.338109392716</double> 
        </void> 
        <void method="add"> 
         <double>9420.175230340625</double> 
        </void> 
        <void method="add"> 
         <double>9624.229706275624</double> 
        </void> 
        <void method="add"> 
         <double>9630.90453769962</double> 
        </void> 
        <void method="add"> 
         <double>9635.186901486333</double> 
        </void> 
        <void method="add"> 
         <double>9656.156729101918</double> 
        </void> 
        <void method="add"> 
         <double>9663.041632642644</double> 
        </void> 
        <void method="add"> 
         <double>9670.031903232884</double> 
        </void> 
        <void method="add"> 
         <double>9692.475387777287</double> 
        </void> 
        <void method="add"> 
         <double>9693.136040624207</double> 
        </void> 
        <void method="add"> 
         <double>9738.51864310149</double> 
        </void> 
        <void method="add"> 
         <double>9747.406778797627</double> 
        </void> 
        <void method="add"> 
         <double>9756.764458657175</double> 
        </void> 
        <void method="add"> 
         <double>9757.391162976206</double> 
        </void> 
        <void method="add"> 
         <double>9771.125897426125</double> 
        </void> 
        <void method="add"> 
         <double>9575.83115164546</double> 
        </void> 
        <void method="add"> 
         <double>9590.536331161305</double> 
        </void> 
        <void method="add"> 
         <double>9559.93145199542</double> 
        </void> 
        <void method="add"> 
         <double>9607.090791924416</double> 
        </void> 
        <void method="add"> 
         <double>9640.707753958697</double> 
        </void> 
       </object> 
      </void> 
      <void property="stdev"> 
       <double>297.54604161412533</double> 
      </void> 
     </object> 
    </void> 
    <void index="7"> 
     <object class="jmbench.tools.EvaluationMetrics"> 
      <void property="max"> 
       <double>1930.8002633708097</double> 
      </void> 
      <void property="mean"> 
       <double>1834.3440998280503</double> 
      </void> 
      <void property="median"> 
       <double>1855.1226633728538</double> 
      </void> 
      <void property="min"> 
       <double>1703.9419224957296</double> 
      </void> 
      <void property="rawResults"> 
       <object class="java.util.ArrayList"> 
        <void method="add"> 
         <double>1742.9904270483771</double> 
        </void> 
        <void method="add"> 
         <double>1743.9696581750864</double> 
        </void> 
        <void method="add"> 
         <double>1749.3555814327901</double> 
        </void> 
        <void method="add"> 
         <double>1773.878017296088</double> 
        </void> 
        <void method="add"> 
         <double>1796.6620251727365</double> 
        </void> 
        <void method="add"> 
         <double>1833.954958277645</double> 
        </void> 
        <void method="add"> 
         <double>1841.6108437750872</double> 
        </void> 
        <void method="add"> 
         <double>1855.1226633728538</double> 
        </void> 
        <void method="add"> 
         <double>1859.598925392677</double> 
        </void> 
        <void method="add"> 
         <double>1866.4257260162772</double> 
        </void> 
        <void method="add"> 
         <double>1868.187834253187</double> 
        </void> 
        <void method="add"> 
         <double>1916.0739043631916</double> 
        </void> 
        <void method="add"> 
         <double>1918.649628853716</double> 
        </void> 
        <void method="add"> 
         <double>1919.288432899075</double> 
        </void> 
        <void method="add"> 
         <double>1920.5180748184443</double> 
        </void> 
        <void method="add"> 
         <double>1922.0283321865397</double> 
        </void> 
        <void method="add"> 
         <double>1925.6513127240105</double> 
        </void> 
        <void method="add"> 
         <double>1925.8296201250105</double> 
        </void> 
        <void method="add"> 
         <double>1927.6277868100808</double> 
        </void> 
        <void method="add"> 
         <double>1930.8002633708097</double> 
        </void> 
        <void method="add"> 
         <double>1704.8290621460872</double> 
        </void> 
        <void method="add"> 
         <double>1703.9419224957296</double> 
        </void> 
        <void method="add"> 
         <double>1734.362099027934</double> 
        </void> 
        <void method="add"> 
         <double>1746.7760964649838</double> 
        </void> 
        <void method="add"> 
         <double>1730.469299202834</double> 
        </void> 
       </object> 
      </void> 
      <void property="stdev"> 
       <double>81.28275534050746</double> 
      </void> 
     </object> 
    </void> 
    <void index="8"> 
     <object class="jmbench.tools.EvaluationMetrics"> 
      <void property="max"> 
       <double>294.44149902980706</double> 
      </void> 
      <void property="mean"> 
       <double>280.51499331686705</double> 
      </void> 
      <void property="median"> 
       <double>282.0882184693245</double> 
      </void> 
      <void property="min"> 
       <double>244.72703039747603</double> 
      </void> 
      <void property="rawResults"> 
       <object class="java.util.ArrayList"> 
        <void method="add"> 
         <double>244.72703039747603</double> 
        </void> 
        <void method="add"> 
         <double>262.0535635522002</double> 
        </void> 
        <void method="add"> 
         <double>268.0777845512666</double> 
        </void> 
        <void method="add"> 
         <double>269.7021831198668</double> 
        </void> 
        <void method="add"> 
         <double>271.71617922325515</double> 
        </void> 
        <void method="add"> 
         <double>275.63461539908235</double> 
        </void> 
        <void method="add"> 
         <double>279.4728405392386</double> 
        </void> 
        <void method="add"> 
         <double>280.56364392053996</double> 
        </void> 
        <void method="add"> 
         <double>280.81360678213065</double> 
        </void> 
        <void method="add"> 
         <double>281.3604760906898</double> 
        </void> 
        <void method="add"> 
         <double>282.0882184693245</double> 
        </void> 
        <void method="add"> 
         <double>283.83898859701003</double> 
        </void> 
        <void method="add"> 
         <double>288.00909423109647</double> 
        </void> 
        <void method="add"> 
         <double>288.1223706515088</double> 
        </void> 
        <void method="add"> 
         <double>288.173031205629</double> 
        </void> 
        <void method="add"> 
         <double>289.2128177507922</double> 
        </void> 
        <void method="add"> 
         <double>291.0181681030813</double> 
        </void> 
        <void method="add"> 
         <double>293.43199397042775</double> 
        </void> 
        <void method="add"> 
         <double>293.94171096301244</double> 
        </void> 
        <void method="add"> 
         <double>294.44149902980706</double> 
        </void> 
        <void method="add"> 
         <double>270.96926532440693</double> 
        </void> 
        <void method="add"> 
         <double>280.45744904654066</double> 
        </void> 
        <void method="add"> 
         <double>284.34039316861237</double> 
        </void> 
        <void method="add"> 
         <double>285.6014387476806</double> 
        </void> 
        <void method="add"> 
         <double>285.10647008699976</double> 
        </void> 
       </object> 
      </void> 
      <void property="stdev"> 
       <double>11.067592687009839</double> 
      </void> 
     </object> 
    </void> 
    <void index="9"> 
     <object class="jmbench.tools.EvaluationMetrics"> 
      <void property="max"> 
       <double>21.6373736890749</double> 
      </void> 
      <void property="mean"> 
       <double>21.284836378581</double> 
      </void> 
      <void property="median"> 
       <double>21.389089971028618</double> 
      </void> 
      <void property="min"> 
       <double>20.46122520989091</double> 
      </void> 
      <void property="rawResults"> 
       <object class="java.util.ArrayList"> 
        <void method="add"> 
         <double>20.703203831736083</double> 
        </void> 
        <void method="add"> 
         <double>20.926742801585306</double> 
        </void> 
        <void method="add"> 
         <double>21.149815670714748</double> 
        </void> 
        <void method="add"> 
         <double>21.16328326247995</double> 
        </void> 
        <void method="add"> 
         <double>21.180981498750235</double> 
        </void> 
        <void method="add"> 
         <double>21.18603145540513</double> 
        </void> 
        <void method="add"> 
         <double>21.214068540065348</double> 
        </void> 
        <void method="add"> 
         <double>21.3002235553806</double> 
        </void> 
        <void method="add"> 
         <double>21.389089971028618</double> 
        </void> 
        <void method="add"> 
         <double>21.41362574142229</double> 
        </void> 
        <void method="add"> 
         <double>21.453388583536558</double> 
        </void> 
        <void method="add"> 
         <double>21.480741128583297</double> 
        </void> 
        <void method="add"> 
         <double>21.491552348449</double> 
        </void> 
        <void method="add"> 
         <double>21.494630223712917</double> 
        </void> 
        <void method="add"> 
         <double>21.535176104470793</double> 
        </void> 
        <void method="add"> 
         <double>21.568486950017665</double> 
        </void> 
        <void method="add"> 
         <double>21.58582361275875</double> 
        </void> 
        <void method="add"> 
         <double>21.62019244149923</double> 
        </void> 
        <void method="add"> 
         <double>21.626031145093403</double> 
        </void> 
        <void method="add"> 
         <double>21.6373736890749</double> 
        </void> 
        <void method="add"> 
         <double>20.46122520989091</double> 
        </void> 
        <void method="add"> 
         <double>20.890969158584056</double> 
        </void> 
        <void method="add"> 
         <double>21.071594648085746</double> 
        </void> 
        <void method="add"> 
         <double>21.394342352811886</double> 
        </void> 
        <void method="add"> 
         <double>21.18231553938748</double> 
        </void> 
       </object> 
      </void> 
      <void property="stdev"> 
       <double>0.2962861572135572</double> 
      </void> 
     </object> 
    </void> 
    <void index="10"> 
     <object class="jmbench.tools.EvaluationMetrics"> 
      <void property="max"> 
       <double>2.8768507818743894</double> 
      </void> 
      <void property="mean"> 
       <double>2.794048947404772</double> 
      </void> 
      <void property="median"> 
       <double>2.8058897297738232</double> 
      </void> 
      <void property="min"> 
       <double>2.662705519427745</double> 
      </void> 
      <void property="rawResults"> 
       <object class="java.util.ArrayList"> 
        <void method="add"> 
         <double>2.662705519427745</double> 
        </void> 
        <void method="add"> 
         <double>2.674571103019768</double> 
        </void> 
        <void method="add"> 
         <double>2.7071416174460268</double> 
        </void> 
        <void method="add"> 
         <double>2.7283549457974625</double> 
        </void> 
        <void method="add"> 
         <double>2.7317593464726158</double> 
        </void> 
        <void method="add"> 
         <double>2.7395168909265175</double> 
        </void> 
        <void method="add"> 
         <double>2.75475209650569</double> 
        </void> 
        <void method="add"> 
         <double>2.762600456732016</double> 
        </void> 
        <void method="add"> 
         <double>2.7760891298850385</double> 
        </void> 
        <void method="add"> 
         <double>2.783127766889521</double> 
        </void> 
        <void method="add"> 
         <double>2.8038127908679673</double> 
        </void> 
        <void method="add"> 
         <double>2.8058897297738232</double> 
        </void> 
        <void method="add"> 
         <double>2.8214236763928464</double> 
        </void> 
        <void method="add"> 
         <double>2.8220495254521634</double> 
        </void> 
        <void method="add"> 
         <double>2.8245258575225747</double> 
        </void> 
        <void method="add"> 
         <double>2.82537254476307</double> 
        </void> 
        <void method="add"> 
         <double>2.8568953774470973</double> 
        </void> 
        <void method="add"> 
         <double>2.8732383626490825</double> 
        </void> 
        <void method="add"> 
         <double>2.8742168861566753</double> 
        </void> 
        <void method="add"> 
         <double>2.8768507818743894</double> 
        </void> 
        <void method="add"> 
         <double>2.7710614270518854</double> 
        </void> 
        <void method="add"> 
         <double>2.8102385939778296</double> 
        </void> 
        <void method="add"> 
         <double>2.8481376372614604</double> 
        </void> 
        <void method="add"> 
         <double>2.866082487785738</double> 
        </void> 
        <void method="add"> 
         <double>2.850809133040292</double> 
        </void> 
       </object> 
      </void> 
      <void property="stdev"> 
       <double>0.060838394121419476</double> 
      </void> 
     </object> 
    </void> 
    <void index="11"> 
     <object class="jmbench.tools.EvaluationMetrics"> 
      <void property="max"> 
       <double>0.3774122528702492</double> 
      </void> 
      <void property="mean"> 
       <double>0.3194415573077354</double> 
      </void> 
      <void property="median"> 
       <double>0.36499048537145384</double> 
      </void> 
      <void property="min"> 
       <double>0.2198362825256208</double> 
      </void> 
      <void property="rawResults"> 
       <object class="java.util.ArrayList"> 
        <void method="add"> 
         <double>0.2198362825256208</double> 
        </void> 
        <void method="add"> 
         <double>0.23369925353275436</double> 
        </void> 
        <void method="add"> 
         <double>0.2366513687065351</double> 
        </void> 
        <void method="add"> 
         <double>0.2369857042061435</double> 
        </void> 
        <void method="add"> 
         <double>0.2472246113939994</double> 
        </void> 
        <void method="add"> 
         <double>0.24846223622434355</double> 
        </void> 
        <void method="add"> 
         <double>0.2499149186527002</double> 
        </void> 
        <void method="add"> 
         <double>0.26221698683632155</double> 
        </void> 
        <void method="add"> 
         <double>0.36435922464676174</double> 
        </void> 
        <void method="add"> 
         <double>0.3645095806005929</double> 
        </void> 
        <void method="add"> 
         <double>0.3692319943538875</double> 
        </void> 
        <void method="add"> 
         <double>0.37007457168412844</double> 
        </void> 
        <void method="add"> 
         <double>0.370451050287194</double> 
        </void> 
        <void method="add"> 
         <double>0.3721335898326868</double> 
        </void> 
        <void method="add"> 
         <double>0.37215198182299564</double> 
        </void> 
        <void method="add"> 
         <double>0.37417975258964226</double> 
        </void> 
        <void method="add"> 
         <double>0.37522001442978353</double> 
        </void> 
        <void method="add"> 
         <double>0.37552461123815095</double> 
        </void> 
        <void method="add"> 
         <double>0.37618408940686904</double> 
        </void> 
        <void method="add"> 
         <double>0.3774122528702492</double> 
        </void> 
        <void method="add"> 
         <double>0.23667798473885868</double> 
        </void> 
        <void method="add"> 
         <double>0.24831225919356856</double> 
        </void> 
        <void method="add"> 
         <double>0.36499048537145384</double> 
        </void> 
        <void method="add"> 
         <double>0.3709610049336146</double> 
        </void> 
        <void method="add"> 
         <double>0.3686731226145308</double> 
        </void> 
       </object> 
      </void> 
      <void property="stdev"> 
       <double>0.06369660481867334</double> 
      </void> 
     </object> 
    </void> 
   </array> 
  </void> 
  <void property="opName"> 
   <string>Cholesky</string> 
  </void> 
 </object> 
</java> 
