<?xml version="1.0" encoding="UTF-8"?> 
<java version="1.6.0_16" class="java.beans.XMLDecoder"> 
 <object class="jmbench.tools.runtime.OperationResults"> 
  <void property="library"> 
   <object class="jmbench.impl.MatrixLibrary" method="valueOf"> 
    <string>UJMP</string> 
   </object> 
  </void> 
  <void property="matDimen"> 
   <array class="int" length="12"> 
    <void index="0"> 
     <int>2</int> 
    </void> 
    <void index="1"> 
     <int>3</int> 
    </void> 
    <void index="2"> 
     <int>4</int> 
    </void> 
    <void index="3"> 
     <int>5</int> 
    </void> 
    <void index="4"> 
     <int>10</int> 
    </void> 
    <void index="5"> 
     <int>20</int> 
    </void> 
    <void index="6"> 
     <int>50</int> 
    </void> 
    <void index="7"> 
     <int>100</int> 
    </void> 
    <void index="8"> 
     <int>200</int> 
    </void> 
    <void index="9"> 
     <int>500</int> 
    </void> 
    <void index="10"> 
     <int>1000</int> 
    </void> 
    <void index="11"> 
     <int>2000</int> 
    </void> 
   </array> 
  </void> 
  <void property="metrics"> 
   <array class="jmbench.tools.EvaluationMetrics" length="12"> 
    <void index="0"> 
     <object class="jmbench.tools.EvaluationMetrics"> 
      <void property="max"> 
       <double>776484.5142017562</double> 
      </void> 
      <void property="mean"> 
       <double>751996.7473090261</double> 
      </void> 
      <void property="median"> 
       <double>764419.6472868791</double> 
      </void> 
      <void property="min"> 
       <double>706436.4855609253</double> 
      </void> 
      <void property="rawResults"> 
       <object class="java.util.ArrayList"> 
        <void method="add"> 
         <double>706436.4855609253</double> 
        </void> 
        <void method="add"> 
         <double>715555.1231979176</double> 
        </void> 
        <void method="add"> 
         <double>715688.542294645</double> 
        </void> 
        <void method="add"> 
         <double>719789.508558125</double> 
        </void> 
        <void method="add"> 
         <double>719881.6458880658</double> 
        </void> 
        <void method="add"> 
         <double>741609.8254639966</double> 
        </void> 
        <void method="add"> 
         <double>759489.5715976082</double> 
        </void> 
        <void method="add"> 
         <double>764419.6472868791</double> 
        </void> 
        <void method="add"> 
         <double>764893.8065291183</double> 
        </void> 
        <void method="add"> 
         <double>766062.7534687464</double> 
        </void> 
        <void method="add"> 
         <double>767802.267117111</double> 
        </void> 
        <void method="add"> 
         <double>767912.9841937816</double> 
        </void> 
        <void method="add"> 
         <double>769491.7551363241</double> 
        </void> 
        <void method="add"> 
         <double>770318.3988991504</double> 
        </void> 
        <void method="add"> 
         <double>770858.0241430448</double> 
        </void> 
        <void method="add"> 
         <double>772105.2613867659</double> 
        </void> 
        <void method="add"> 
         <double>774092.4929031392</double> 
        </void> 
        <void method="add"> 
         <double>774872.596920111</double> 
        </void> 
        <void method="add"> 
         <double>775360.4616412483</double> 
        </void> 
        <void method="add"> 
         <double>776484.5142017562</double> 
        </void> 
        <void method="add"> 
         <double>743121.9684701294</double> 
        </void> 
        <void method="add"> 
         <double>736690.250381079</double> 
        </void> 
        <void method="add"> 
         <double>741628.5739877453</double> 
        </void> 
        <void method="add"> 
         <double>741977.4888336045</double> 
        </void> 
        <void method="add"> 
         <double>743374.7346646312</double> 
        </void> 
       </object> 
      </void> 
      <void property="stdev"> 
       <double>22027.764962126366</double> 
      </void> 
     </object> 
    </void> 
    <void index="1"> 
     <object class="jmbench.tools.EvaluationMetrics"> 
      <void property="max"> 
       <double>426330.3131419283</double> 
      </void> 
      <void property="mean"> 
       <double>404344.70466953784</double> 
      </void> 
      <void property="median"> 
       <double>408751.8609277341</double> 
      </void> 
      <void property="min"> 
       <double>356455.5041631164</double> 
      </void> 
      <void property="rawResults"> 
       <object class="java.util.ArrayList"> 
        <void method="add"> 
         <double>356455.5041631164</double> 
        </void> 
        <void method="add"> 
         <double>380977.8551541635</double> 
        </void> 
        <void method="add"> 
         <double>386755.23698099167</double> 
        </void> 
        <void method="add"> 
         <double>392079.26476689696</double> 
        </void> 
        <void method="add"> 
         <double>392638.6971022956</double> 
        </void> 
        <void method="add"> 
         <double>393208.957258535</double> 
        </void> 
        <void method="add"> 
         <double>393841.2815910946</double> 
        </void> 
        <void method="add"> 
         <double>394484.1858047341</double> 
        </void> 
        <void method="add"> 
         <double>394616.6981383598</double> 
        </void> 
        <void method="add"> 
         <double>394878.11764793</double> 
        </void> 
        <void method="add"> 
         <double>396500.0333039825</double> 
        </void> 
        <void method="add"> 
         <double>408751.8609277341</double> 
        </void> 
        <void method="add"> 
         <double>411575.64488865156</double> 
        </void> 
        <void method="add"> 
         <double>412402.1655259425</double> 
        </void> 
        <void method="add"> 
         <double>412627.62627668097</double> 
        </void> 
        <void method="add"> 
         <double>412686.9447389493</double> 
        </void> 
        <void method="add"> 
         <double>414536.15409180307</double> 
        </void> 
        <void method="add"> 
         <double>415130.92743635504</double> 
        </void> 
        <void method="add"> 
         <double>425707.2090680077</double> 
        </void> 
        <void method="add"> 
         <double>426330.3131419283</double> 
        </void> 
        <void method="add"> 
         <double>421894.93562953547</double> 
        </void> 
        <void method="add"> 
         <double>423609.64390842884</double> 
        </void> 
        <void method="add"> 
         <double>423444.0629161369</double> 
        </void> 
        <void method="add"> 
         <double>425500.6463355397</double> 
        </void> 
        <void method="add"> 
         <double>397983.64994065237</double> 
        </void> 
       </object> 
      </void> 
      <void property="stdev"> 
       <double>16709.669857824356</double> 
      </void> 
     </object> 
    </void> 
    <void index="2"> 
     <object class="jmbench.tools.EvaluationMetrics"> 
      <void property="max"> 
       <double>260987.43869097732</double> 
      </void> 
      <void property="mean"> 
       <double>244750.10384431155</double> 
      </void> 
      <void property="median"> 
       <double>244711.2733881969</double> 
      </void> 
      <void property="min"> 
       <double>227199.4411381701</double> 
      </void> 
      <void property="rawResults"> 
       <object class="java.util.ArrayList"> 
        <void method="add"> 
         <double>227199.4411381701</double> 
        </void> 
        <void method="add"> 
         <double>231699.62646787657</double> 
        </void> 
        <void method="add"> 
         <double>233187.03361663056</double> 
        </void> 
        <void method="add"> 
         <double>234314.39088579407</double> 
        </void> 
        <void method="add"> 
         <double>235072.05621908567</double> 
        </void> 
        <void method="add"> 
         <double>241231.74989739808</double> 
        </void> 
        <void method="add"> 
         <double>241593.1663132474</double> 
        </void> 
        <void method="add"> 
         <double>241846.03542685832</double> 
        </void> 
        <void method="add"> 
         <double>243294.320547819</double> 
        </void> 
        <void method="add"> 
         <double>243828.19542097158</double> 
        </void> 
        <void method="add"> 
         <double>243893.82302677585</double> 
        </void> 
        <void method="add"> 
         <double>244711.2733881969</double> 
        </void> 
        <void method="add"> 
         <double>245421.34226478095</double> 
        </void> 
        <void method="add"> 
         <double>245811.35736657045</double> 
        </void> 
        <void method="add"> 
         <double>247892.12571764967</double> 
        </void> 
        <void method="add"> 
         <double>248263.08031592588</double> 
        </void> 
        <void method="add"> 
         <double>248347.27096114864</double> 
        </void> 
        <void method="add"> 
         <double>256769.50268515554</double> 
        </void> 
        <void method="add"> 
         <double>256811.57966942873</double> 
        </void> 
        <void method="add"> 
         <double>260987.43869097732</double> 
        </void> 
        <void method="add"> 
         <double>244076.8950072574</double> 
        </void> 
        <void method="add"> 
         <double>252247.42596843903</double> 
        </void> 
        <void method="add"> 
         <double>247831.40844846895</double> 
        </void> 
        <void method="add"> 
         <double>249093.94942506502</double> 
        </void> 
        <void method="add"> 
         <double>253328.1072380976</double> 
        </void> 
       </object> 
      </void> 
      <void property="stdev"> 
       <double>7995.0764927960545</double> 
      </void> 
     </object> 
    </void> 
    <void index="3"> 
     <object class="jmbench.tools.EvaluationMetrics"> 
      <void property="max"> 
       <double>179874.2530194278</double> 
      </void> 
      <void property="mean"> 
       <double>164274.13945859158</double> 
      </void> 
      <void property="median"> 
       <double>163531.92998076178</double> 
      </void> 
      <void property="min"> 
       <double>153249.35919897523</double> 
      </void> 
      <void property="rawResults"> 
       <object class="java.util.ArrayList"> 
        <void method="add"> 
         <double>153249.35919897523</double> 
        </void> 
        <void method="add"> 
         <double>155166.77028512745</double> 
        </void> 
        <void method="add"> 
         <double>155874.46379421005</double> 
        </void> 
        <void method="add"> 
         <double>159077.11182606587</double> 
        </void> 
        <void method="add"> 
         <double>160406.50434079178</double> 
        </void> 
        <void method="add"> 
         <double>161053.78600437887</double> 
        </void> 
        <void method="add"> 
         <double>161680.06123338902</double> 
        </void> 
        <void method="add"> 
         <double>161991.37068514572</double> 
        </void> 
        <void method="add"> 
         <double>163105.37799773086</double> 
        </void> 
        <void method="add"> 
         <double>163531.92998076178</double> 
        </void> 
        <void method="add"> 
         <double>165919.46913632442</double> 
        </void> 
        <void method="add"> 
         <double>166017.14454507074</double> 
        </void> 
        <void method="add"> 
         <double>166461.43759232087</double> 
        </void> 
        <void method="add"> 
         <double>167503.31684199604</double> 
        </void> 
        <void method="add"> 
         <double>167808.92031332594</double> 
        </void> 
        <void method="add"> 
         <double>170926.44762637766</double> 
        </void> 
        <void method="add"> 
         <double>171395.85585277036</double> 
        </void> 
        <void method="add"> 
         <double>172588.81363503885</double> 
        </void> 
        <void method="add"> 
         <double>176879.46680679626</double> 
        </void> 
        <void method="add"> 
         <double>179874.2530194278</double> 
        </void> 
        <void method="add"> 
         <double>155538.1972850675</double> 
        </void> 
        <void method="add"> 
         <double>165183.53617700355</double> 
        </void> 
        <void method="add"> 
         <double>166768.8829469143</double> 
        </void> 
        <void method="add"> 
         <double>161092.55220434105</double> 
        </void> 
        <void method="add"> 
         <double>157758.457135438</double> 
        </void> 
       </object> 
      </void> 
      <void property="stdev"> 
       <double>6563.534005193223</double> 
      </void> 
     </object> 
    </void> 
    <void index="4"> 
     <object class="jmbench.tools.EvaluationMetrics"> 
      <void property="max"> 
       <double>45576.91987680035</double> 
      </void> 
      <void property="mean"> 
       <double>43675.18279285461</double> 
      </void> 
      <void property="median"> 
       <double>44049.63859299835</double> 
      </void> 
      <void property="min"> 
       <double>40880.45771867098</double> 
      </void> 
      <void property="rawResults"> 
       <object class="java.util.ArrayList"> 
        <void method="add"> 
         <double>40880.45771867098</double> 
        </void> 
        <void method="add"> 
         <double>40927.58947474351</double> 
        </void> 
        <void method="add"> 
         <double>42281.83495858257</double> 
        </void> 
        <void method="add"> 
         <double>42601.58418756212</double> 
        </void> 
        <void method="add"> 
         <double>42652.26400328283</double> 
        </void> 
        <void method="add"> 
         <double>42895.110579751185</double> 
        </void> 
        <void method="add"> 
         <double>42964.157335932025</double> 
        </void> 
        <void method="add"> 
         <double>42998.64623339064</double> 
        </void> 
        <void method="add"> 
         <double>43308.25798798424</double> 
        </void> 
        <void method="add"> 
         <double>43669.805158457966</double> 
        </void> 
        <void method="add"> 
         <double>43700.81945653498</double> 
        </void> 
        <void method="add"> 
         <double>43942.2420631148</double> 
        </void> 
        <void method="add"> 
         <double>44049.63859299835</double> 
        </void> 
        <void method="add"> 
         <double>44059.151832476</double> 
        </void> 
        <void method="add"> 
         <double>44341.91165452086</double> 
        </void> 
        <void method="add"> 
         <double>44384.44767472054</double> 
        </void> 
        <void method="add"> 
         <double>44521.4469731976</double> 
        </void> 
        <void method="add"> 
         <double>45245.345042185225</double> 
        </void> 
        <void method="add"> 
         <double>45251.93891403753</double> 
        </void> 
        <void method="add"> 
         <double>45576.91987680035</double> 
        </void> 
        <void method="add"> 
         <double>44072.31810506637</double> 
        </void> 
        <void method="add"> 
         <double>44090.040363837215</double> 
        </void> 
        <void method="add"> 
         <double>44122.83594979216</double> 
        </void> 
        <void method="add"> 
         <double>44105.25708724915</double> 
        </void> 
        <void method="add"> 
         <double>45235.54859647625</double> 
        </void> 
       </object> 
      </void> 
      <void property="stdev"> 
       <double>1182.3376201982044</double> 
      </void> 
     </object> 
    </void> 
    <void index="5"> 
     <object class="jmbench.tools.EvaluationMetrics"> 
      <void property="max"> 
       <double>10480.51789568552</double> 
      </void> 
      <void property="mean"> 
       <double>9997.703146089281</double> 
      </void> 
      <void property="median"> 
       <double>9987.701326766497</double> 
      </void> 
      <void property="min"> 
       <double>9560.435009430164</double> 
      </void> 
      <void property="rawResults"> 
       <object class="java.util.ArrayList"> 
        <void method="add"> 
         <double>9560.435009430164</double> 
        </void> 
        <void method="add"> 
         <double>9714.367409649109</double> 
        </void> 
        <void method="add"> 
         <double>9834.214527764641</double> 
        </void> 
        <void method="add"> 
         <double>9844.42363898653</double> 
        </void> 
        <void method="add"> 
         <double>9851.08151758005</double> 
        </void> 
        <void method="add"> 
         <double>9900.531650018112</double> 
        </void> 
        <void method="add"> 
         <double>9902.3907716568</double> 
        </void> 
        <void method="add"> 
         <double>9920.43931543772</double> 
        </void> 
        <void method="add"> 
         <double>9959.865199287757</double> 
        </void> 
        <void method="add"> 
         <double>9963.369791003974</double> 
        </void> 
        <void method="add"> 
         <double>9987.701326766497</double> 
        </void> 
        <void method="add"> 
         <double>10006.105059836742</double> 
        </void> 
        <void method="add"> 
         <double>10051.479467043475</double> 
        </void> 
        <void method="add"> 
         <double>10098.273389922724</double> 
        </void> 
        <void method="add"> 
         <double>10117.031252844601</double> 
        </void> 
        <void method="add"> 
         <double>10125.538648488278</double> 
        </void> 
        <void method="add"> 
         <double>10182.731952866376</double> 
        </void> 
        <void method="add"> 
         <double>10223.064111555168</double> 
        </void> 
        <void method="add"> 
         <double>10224.726217813564</double> 
        </void> 
        <void method="add"> 
         <double>10480.51789568552</double> 
        </void> 
        <void method="add"> 
         <double>9816.435384438482</double> 
        </void> 
        <void method="add"> 
         <double>10025.69537724405</double> 
        </void> 
        <void method="add"> 
         <double>10303.69542077374</double> 
        </void> 
        <void method="add"> 
         <double>10086.193877940497</double> 
        </void> 
        <void method="add"> 
         <double>9762.270438197473</double> 
        </void> 
       </object> 
      </void> 
      <void property="stdev"> 
       <double>197.4105706919223</double> 
      </void> 
     </object> 
    </void> 
    <void index="6"> 
     <object class="jmbench.tools.EvaluationMetrics"> 
      <void property="max"> 
       <double>1046.094856822211</double> 
      </void> 
      <void property="mean"> 
       <double>1011.4852289354776</double> 
      </void> 
      <void property="median"> 
       <double>1012.2950594956294</double> 
      </void> 
      <void property="min"> 
       <double>986.2487557080528</double> 
      </void> 
      <void property="rawResults"> 
       <object class="java.util.ArrayList"> 
        <void method="add"> 
         <double>986.2487557080528</double> 
        </void> 
        <void method="add"> 
         <double>991.533496916828</double> 
        </void> 
        <void method="add"> 
         <double>997.1034421792605</double> 
        </void> 
        <void method="add"> 
         <double>998.428527956734</double> 
        </void> 
        <void method="add"> 
         <double>999.2085725639513</double> 
        </void> 
        <void method="add"> 
         <double>999.4664793589442</double> 
        </void> 
        <void method="add"> 
         <double>999.9062383002774</double> 
        </void> 
        <void method="add"> 
         <double>1008.1814377659007</double> 
        </void> 
        <void method="add"> 
         <double>1011.2267913761671</double> 
        </void> 
        <void method="add"> 
         <double>1012.2950594956294</double> 
        </void> 
        <void method="add"> 
         <double>1015.2202122874317</double> 
        </void> 
        <void method="add"> 
         <double>1016.6307832685015</double> 
        </void> 
        <void method="add"> 
         <double>1017.3847902240681</double> 
        </void> 
        <void method="add"> 
         <double>1017.5621548849273</double> 
        </void> 
        <void method="add"> 
         <double>1019.4269838896871</double> 
        </void> 
        <void method="add"> 
         <double>1021.0468391768778</double> 
        </void> 
        <void method="add"> 
         <double>1025.439168520803</double> 
        </void> 
        <void method="add"> 
         <double>1025.8130085492703</double> 
        </void> 
        <void method="add"> 
         <double>1040.9355594320882</double> 
        </void> 
        <void method="add"> 
         <double>1046.094856822211</double> 
        </void> 
        <void method="add"> 
         <double>997.4635040547124</double> 
        </void> 
        <void method="add"> 
         <double>1019.0794020479528</double> 
        </void> 
        <void method="add"> 
         <double>1000.6499696026885</double> 
        </void> 
        <void method="add"> 
         <double>1002.8356912921197</double> 
        </void> 
        <void method="add"> 
         <double>1017.948997711855</double> 
        </void> 
       </object> 
      </void> 
      <void property="stdev"> 
       <double>14.245311046080325</double> 
      </void> 
     </object> 
    </void> 
    <void index="7"> 
     <object class="jmbench.tools.EvaluationMetrics"> 
      <void property="max"> 
       <double>143.23908522274348</double> 
      </void> 
      <void property="mean"> 
       <double>137.82064974155696</double> 
      </void> 
      <void property="median"> 
       <double>137.27017296882826</double> 
      </void> 
      <void property="min"> 
       <double>131.6967318175719</double> 
      </void> 
      <void property="rawResults"> 
       <object class="java.util.ArrayList"> 
        <void method="add"> 
         <double>133.06781592852013</double> 
        </void> 
        <void method="add"> 
         <double>135.29825694880293</double> 
        </void> 
        <void method="add"> 
         <double>135.30840528730408</double> 
        </void> 
        <void method="add"> 
         <double>135.7096910719197</double> 
        </void> 
        <void method="add"> 
         <double>136.18092352390897</double> 
        </void> 
        <void method="add"> 
         <double>136.1903768010364</double> 
        </void> 
        <void method="add"> 
         <double>136.8363537130241</double> 
        </void> 
        <void method="add"> 
         <double>136.99252303985162</double> 
        </void> 
        <void method="add"> 
         <double>137.14913971234398</double> 
        </void> 
        <void method="add"> 
         <double>137.27017296882826</double> 
        </void> 
        <void method="add"> 
         <double>137.87628167633065</double> 
        </void> 
        <void method="add"> 
         <double>138.07223482361843</double> 
        </void> 
        <void method="add"> 
         <double>139.68922364781184</double> 
        </void> 
        <void method="add"> 
         <double>139.74818708444454</double> 
        </void> 
        <void method="add"> 
         <double>139.8241224948307</double> 
        </void> 
        <void method="add"> 
         <double>140.18786372587203</double> 
        </void> 
        <void method="add"> 
         <double>140.92603720405776</double> 
        </void> 
        <void method="add"> 
         <double>141.0495583299661</double> 
        </void> 
        <void method="add"> 
         <double>142.1095866605288</double> 
        </void> 
        <void method="add"> 
         <double>143.23908522274348</double> 
        </void> 
        <void method="add"> 
         <double>136.24476605691677</double> 
        </void> 
        <void method="add"> 
         <double>139.94452386932977</double> 
        </void> 
        <void method="add"> 
         <double>131.6967318175719</double> 
        </void> 
        <void method="add"> 
         <double>136.75647324169643</double> 
        </void> 
        <void method="add"> 
         <double>138.14790868766488</double> 
        </void> 
       </object> 
      </void> 
      <void property="stdev"> 
       <double>2.6677732162200725</double> 
      </void> 
     </object> 
    </void> 
    <void index="8"> 
     <object class="jmbench.tools.EvaluationMetrics"> 
      <void property="max"> 
       <double>15.135090454530085</double> 
      </void> 
      <void property="mean"> 
       <double>14.736877986149782</double> 
      </void> 
      <void property="median"> 
       <double>14.740804219731025</double> 
      </void> 
      <void property="min"> 
       <double>14.25158332151313</double> 
      </void> 
      <void property="rawResults"> 
       <object class="java.util.ArrayList"> 
        <void method="add"> 
         <double>14.25158332151313</double> 
        </void> 
        <void method="add"> 
         <double>14.384392297941186</double> 
        </void> 
        <void method="add"> 
         <double>14.504168934430565</double> 
        </void> 
        <void method="add"> 
         <double>14.551014992130304</double> 
        </void> 
        <void method="add"> 
         <double>14.571511889390687</double> 
        </void> 
        <void method="add"> 
         <double>14.57574474984816</double> 
        </void> 
        <void method="add"> 
         <double>14.615912250601259</double> 
        </void> 
        <void method="add"> 
         <double>14.63324473566576</double> 
        </void> 
        <void method="add"> 
         <double>14.693311601186357</double> 
        </void> 
        <void method="add"> 
         <double>14.695986042322007</double> 
        </void> 
        <void method="add"> 
         <double>14.742997459775841</double> 
        </void> 
        <void method="add"> 
         <double>14.75866683834082</double> 
        </void> 
        <void method="add"> 
         <double>14.832063198116066</double> 
        </void> 
        <void method="add"> 
         <double>14.843264439196643</double> 
        </void> 
        <void method="add"> 
         <double>14.872231814845543</double> 
        </void> 
        <void method="add"> 
         <double>14.88222055572695</double> 
        </void> 
        <void method="add"> 
         <double>14.901360987327621</double> 
        </void> 
        <void method="add"> 
         <double>14.943797776299064</double> 
        </void> 
        <void method="add"> 
         <double>14.945928348676008</double> 
        </void> 
        <void method="add"> 
         <double>15.135090454530085</double> 
        </void> 
        <void method="add"> 
         <double>14.740804219731025</double> 
        </void> 
        <void method="add"> 
         <double>14.662036686983926</double> 
        </void> 
        <void method="add"> 
         <double>15.106880354496406</double> 
        </void> 
        <void method="add"> 
         <double>14.858589818736109</double> 
        </void> 
        <void method="add"> 
         <double>14.719145885933093</double> 
        </void> 
       </object> 
      </void> 
      <void property="stdev"> 
       <double>0.2020728706229573</double> 
      </void> 
     </object> 
    </void> 
    <void index="9"> 
     <object class="jmbench.tools.EvaluationMetrics"> 
      <void property="max"> 
       <double>0.5848918748014225</double> 
      </void> 
      <void property="mean"> 
       <double>0.5531922602419712</double> 
      </void> 
      <void property="median"> 
       <double>0.5610854291665144</double> 
      </void> 
      <void property="min"> 
       <double>0.49842376934529153</double> 
      </void> 
      <void property="rawResults"> 
       <object class="java.util.ArrayList"> 
        <void method="add"> 
         <double>0.49842376934529153</double> 
        </void> 
        <void method="add"> 
         <double>0.5109066931594198</double> 
        </void> 
        <void method="add"> 
         <double>0.5152901003472283</double> 
        </void> 
        <void method="add"> 
         <double>0.5171758335152241</double> 
        </void> 
        <void method="add"> 
         <double>0.5426646938316023</double> 
        </void> 
        <void method="add"> 
         <double>0.547089168312858</double> 
        </void> 
        <void method="add"> 
         <double>0.5515612998418241</double> 
        </void> 
        <void method="add"> 
         <double>0.5536765519003187</double> 
        </void> 
        <void method="add"> 
         <double>0.5606623845495826</double> 
        </void> 
        <void method="add"> 
         <double>0.5610854291665144</double> 
        </void> 
        <void method="add"> 
         <double>0.5612801385309429</double> 
        </void> 
        <void method="add"> 
         <double>0.5615830228640545</double> 
        </void> 
        <void method="add"> 
         <double>0.5642491645281819</double> 
        </void> 
        <void method="add"> 
         <double>0.5686033698974119</double> 
        </void> 
        <void method="add"> 
         <double>0.5705427856594781</double> 
        </void> 
        <void method="add"> 
         <double>0.5713184999005098</double> 
        </void> 
        <void method="add"> 
         <double>0.5750664321486716</double> 
        </void> 
        <void method="add"> 
         <double>0.5809925865357578</double> 
        </void> 
        <void method="add"> 
         <double>0.5828903716485898</double> 
        </void> 
        <void method="add"> 
         <double>0.5848918748014225</double> 
        </void> 
        <void method="add"> 
         <double>0.5115010464261555</double> 
        </void> 
        <void method="add"> 
         <double>0.5526961644467451</double> 
        </void> 
        <void method="add"> 
         <double>0.5659871196743391</double> 
        </void> 
        <void method="add"> 
         <double>0.5662136144573888</double> 
        </void> 
        <void method="add"> 
         <double>0.5534543905597683</double> 
        </void> 
       </object> 
      </void> 
      <void property="stdev"> 
       <double>0.023770220762648273</double> 
      </void> 
     </object> 
    </void> 
    <void index="10"> 
     <object class="jmbench.tools.EvaluationMetrics"> 
      <void property="max"> 
       <double>0.045856727348189935</double> 
      </void> 
      <void property="mean"> 
       <double>0.0433011161215633</double> 
      </void> 
      <void property="median"> 
       <double>0.043728581858672795</double> 
      </void> 
      <void property="min"> 
       <double>0.04031803915782718</double> 
      </void> 
      <void property="rawResults"> 
       <object class="java.util.ArrayList"> 
        <void method="add"> 
         <double>0.045856727348189935</double> 
        </void> 
        <void method="add"> 
         <double>0.043728581858672795</double> 
        </void> 
        <void method="add"> 
         <double>0.04031803915782718</double> 
        </void> 
       </object> 
      </void> 
      <void property="stdev"> 
       <double>0.0022812733191236102</double> 
      </void> 
     </object> 
    </void> 
   </array> 
  </void> 
  <void property="opName"> 
   <string>Eigen for Symm Matrices</string> 
  </void> 
 </object> 
</java> 
