<?xml version="1.0" encoding="UTF-8"?> 
<java version="1.6.0_16" class="java.beans.XMLDecoder"> 
 <object class="jmbench.tools.runtime.OperationResults"> 
  <void property="library"> 
   <object class="jmbench.impl.MatrixLibrary" method="valueOf"> 
    <string>UJMP</string> 
   </object> 
  </void> 
  <void property="matDimen"> 
   <array class="int" length="12"> 
    <void index="0"> 
     <int>2</int> 
    </void> 
    <void index="1"> 
     <int>3</int> 
    </void> 
    <void index="2"> 
     <int>4</int> 
    </void> 
    <void index="3"> 
     <int>5</int> 
    </void> 
    <void index="4"> 
     <int>10</int> 
    </void> 
    <void index="5"> 
     <int>20</int> 
    </void> 
    <void index="6"> 
     <int>50</int> 
    </void> 
    <void index="7"> 
     <int>100</int> 
    </void> 
    <void index="8"> 
     <int>200</int> 
    </void> 
    <void index="9"> 
     <int>500</int> 
    </void> 
    <void index="10"> 
     <int>1000</int> 
    </void> 
    <void index="11"> 
     <int>2000</int> 
    </void> 
   </array> 
  </void> 
  <void property="metrics"> 
   <array class="jmbench.tools.EvaluationMetrics" length="12"> 
    <void index="0"> 
     <object class="jmbench.tools.EvaluationMetrics"> 
      <void property="max"> 
       <double>12580.31501791923</double> 
      </void> 
      <void property="mean"> 
       <double>12436.669482327094</double> 
      </void> 
      <void property="median"> 
       <double>12469.71315982466</double> 
      </void> 
      <void property="min"> 
       <double>12213.262189230687</double> 
      </void> 
      <void property="rawResults"> 
       <object class="java.util.ArrayList"> 
        <void method="add"> 
         <double>12213.262189230687</double> 
        </void> 
        <void method="add"> 
         <double>12289.453060021096</double> 
        </void> 
        <void method="add"> 
         <double>12307.328466351697</double> 
        </void> 
        <void method="add"> 
         <double>12320.844326790586</double> 
        </void> 
        <void method="add"> 
         <double>12343.60778212077</double> 
        </void> 
        <void method="add"> 
         <double>12345.697811505146</double> 
        </void> 
        <void method="add"> 
         <double>12359.50097954911</double> 
        </void> 
        <void method="add"> 
         <double>12364.002099881656</double> 
        </void> 
        <void method="add"> 
         <double>12372.732904073388</double> 
        </void> 
        <void method="add"> 
         <double>12373.110611484495</double> 
        </void> 
        <void method="add"> 
         <double>12489.267523233413</double> 
        </void> 
        <void method="add"> 
         <double>12500.1551749296</double> 
        </void> 
        <void method="add"> 
         <double>12515.629971616436</double> 
        </void> 
        <void method="add"> 
         <double>12516.287542835376</double> 
        </void> 
        <void method="add"> 
         <double>12517.589172154585</double> 
        </void> 
        <void method="add"> 
         <double>12558.228884547503</double> 
        </void> 
        <void method="add"> 
         <double>12560.313024125915</double> 
        </void> 
        <void method="add"> 
         <double>12571.619081118899</double> 
        </void> 
        <void method="add"> 
         <double>12571.883191699771</double> 
        </void> 
        <void method="add"> 
         <double>12580.31501791923</double> 
        </void> 
        <void method="add"> 
         <double>12372.612574179022</double> 
        </void> 
        <void method="add"> 
         <double>12447.201438270069</double> 
        </void> 
        <void method="add"> 
         <double>12469.71315982466</double> 
        </void> 
        <void method="add"> 
         <double>12477.32089751323</double> 
        </void> 
        <void method="add"> 
         <double>12479.060173201042</double> 
        </void> 
       </object> 
      </void> 
      <void property="stdev"> 
       <double>101.95969814500975</double> 
      </void> 
     </object> 
    </void> 
    <void index="1"> 
     <object class="jmbench.tools.EvaluationMetrics"> 
      <void property="max"> 
       <double>12462.054751270416</double> 
      </void> 
      <void property="mean"> 
       <double>12337.899385006891</double> 
      </void> 
      <void property="median"> 
       <double>12334.283577632237</double> 
      </void> 
      <void property="min"> 
       <double>12108.152082368762</double> 
      </void> 
      <void property="rawResults"> 
       <object class="java.util.ArrayList"> 
        <void method="add"> 
         <double>12230.327385346702</double> 
        </void> 
        <void method="add"> 
         <double>12263.52193749999</double> 
        </void> 
        <void method="add"> 
         <double>12264.677805715017</double> 
        </void> 
        <void method="add"> 
         <double>12275.42102108035</double> 
        </void> 
        <void method="add"> 
         <double>12290.831193352202</double> 
        </void> 
        <void method="add"> 
         <double>12291.481129282338</double> 
        </void> 
        <void method="add"> 
         <double>12301.858001229482</double> 
        </void> 
        <void method="add"> 
         <double>12322.56532889554</double> 
        </void> 
        <void method="add"> 
         <double>12342.913543782777</double> 
        </void> 
        <void method="add"> 
         <double>12357.170669521382</double> 
        </void> 
        <void method="add"> 
         <double>12395.474635810113</double> 
        </void> 
        <void method="add"> 
         <double>12407.045975420242</double> 
        </void> 
        <void method="add"> 
         <double>12407.364914616473</double> 
        </void> 
        <void method="add"> 
         <double>12413.747291878813</double> 
        </void> 
        <void method="add"> 
         <double>12420.921325122155</double> 
        </void> 
        <void method="add"> 
         <double>12426.706470195006</double> 
        </void> 
        <void method="add"> 
         <double>12428.699458699399</double> 
        </void> 
        <void method="add"> 
         <double>12432.891151078446</double> 
        </void> 
        <void method="add"> 
         <double>12446.25408692245</double> 
        </void> 
        <void method="add"> 
         <double>12462.054751270416</double> 
        </void> 
        <void method="add"> 
         <double>12108.152082368762</double> 
        </void> 
        <void method="add"> 
         <double>12334.283577632237</double> 
        </void> 
        <void method="add"> 
         <double>12313.579337158044</double> 
        </void> 
        <void method="add"> 
         <double>12306.129638100343</double> 
        </void> 
        <void method="add"> 
         <double>12203.411913193564</double> 
        </void> 
       </object> 
      </void> 
      <void property="stdev"> 
       <double>85.56429248609115</double> 
      </void> 
     </object> 
    </void> 
    <void index="2"> 
     <object class="jmbench.tools.EvaluationMetrics"> 
      <void property="max"> 
       <double>12302.02754004576</double> 
      </void> 
      <void property="mean"> 
       <double>12238.199990579462</double> 
      </void> 
      <void property="median"> 
       <double>12238.507947184005</double> 
      </void> 
      <void property="min"> 
       <double>12095.587446294367</double> 
      </void> 
      <void property="rawResults"> 
       <object class="java.util.ArrayList"> 
        <void method="add"> 
         <double>12204.946513505512</double> 
        </void> 
        <void method="add"> 
         <double>12208.918367564895</double> 
        </void> 
        <void method="add"> 
         <double>12212.083903731267</double> 
        </void> 
        <void method="add"> 
         <double>12214.316816719118</double> 
        </void> 
        <void method="add"> 
         <double>12223.86010872381</double> 
        </void> 
        <void method="add"> 
         <double>12224.62093049892</double> 
        </void> 
        <void method="add"> 
         <double>12231.907443219345</double> 
        </void> 
        <void method="add"> 
         <double>12232.82018204996</double> 
        </void> 
        <void method="add"> 
         <double>12235.287859296888</double> 
        </void> 
        <void method="add"> 
         <double>12235.970163881248</double> 
        </void> 
        <void method="add"> 
         <double>12238.507947184005</double> 
        </void> 
        <void method="add"> 
         <double>12242.034825480208</double> 
        </void> 
        <void method="add"> 
         <double>12248.242357743542</double> 
        </void> 
        <void method="add"> 
         <double>12258.96284705978</double> 
        </void> 
        <void method="add"> 
         <double>12261.670727664467</double> 
        </void> 
        <void method="add"> 
         <double>12276.847279383255</double> 
        </void> 
        <void method="add"> 
         <double>12286.492921216715</double> 
        </void> 
        <void method="add"> 
         <double>12287.12065334813</double> 
        </void> 
        <void method="add"> 
         <double>12294.636634369002</double> 
        </void> 
        <void method="add"> 
         <double>12302.02754004576</double> 
        </void> 
        <void method="add"> 
         <double>12095.587446294367</double> 
        </void> 
        <void method="add"> 
         <double>12186.823550291236</double> 
        </void> 
        <void method="add"> 
         <double>12251.288366173148</double> 
        </void> 
        <void method="add"> 
         <double>12249.722360096033</double> 
        </void> 
        <void method="add"> 
         <double>12250.302018945975</double> 
        </void> 
       </object> 
      </void> 
      <void property="stdev"> 
       <double>40.83714351157015</double> 
      </void> 
     </object> 
    </void> 
    <void index="3"> 
     <object class="jmbench.tools.EvaluationMetrics"> 
      <void property="max"> 
       <double>12230.755444819435</double> 
      </void> 
      <void property="mean"> 
       <double>12146.052480207707</double> 
      </void> 
      <void property="median"> 
       <double>12143.176769831924</double> 
      </void> 
      <void property="min"> 
       <double>11969.766871051404</double> 
      </void> 
      <void property="rawResults"> 
       <object class="java.util.ArrayList"> 
        <void method="add"> 
         <double>11969.766871051404</double> 
        </void> 
        <void method="add"> 
         <double>12067.272984843497</double> 
        </void> 
        <void method="add"> 
         <double>12082.877067648345</double> 
        </void> 
        <void method="add"> 
         <double>12085.824237527335</double> 
        </void> 
        <void method="add"> 
         <double>12093.708345836169</double> 
        </void> 
        <void method="add"> 
         <double>12101.62186627099</double> 
        </void> 
        <void method="add"> 
         <double>12102.715193634009</double> 
        </void> 
        <void method="add"> 
         <double>12112.212341987999</double> 
        </void> 
        <void method="add"> 
         <double>12115.41141110423</double> 
        </void> 
        <void method="add"> 
         <double>12119.604002245012</double> 
        </void> 
        <void method="add"> 
         <double>12137.915425566542</double> 
        </void> 
        <void method="add"> 
         <double>12140.338123347314</double> 
        </void> 
        <void method="add"> 
         <double>12143.176769831924</double> 
        </void> 
        <void method="add"> 
         <double>12147.730679175587</double> 
        </void> 
        <void method="add"> 
         <double>12149.32844375256</double> 
        </void> 
        <void method="add"> 
         <double>12187.60957436764</double> 
        </void> 
        <void method="add"> 
         <double>12204.108313984241</double> 
        </void> 
        <void method="add"> 
         <double>12204.303711654464</double> 
        </void> 
        <void method="add"> 
         <double>12210.198956223936</double> 
        </void> 
        <void method="add"> 
         <double>12214.829014739662</double> 
        </void> 
        <void method="add"> 
         <double>12200.253968953351</double> 
        </void> 
        <void method="add"> 
         <double>12195.907210949545</double> 
        </void> 
        <void method="add"> 
         <double>12224.375481153531</double> 
        </void> 
        <void method="add"> 
         <double>12209.466564523962</double> 
        </void> 
        <void method="add"> 
         <double>12230.755444819435</double> 
        </void> 
       </object> 
      </void> 
      <void property="stdev"> 
       <double>61.47751752033599</double> 
      </void> 
     </object> 
    </void> 
    <void index="4"> 
     <object class="jmbench.tools.EvaluationMetrics"> 
      <void property="max"> 
       <double>11407.124981950152</double> 
      </void> 
      <void property="mean"> 
       <double>11332.480470146416</double> 
      </void> 
      <void property="median"> 
       <double>11364.135913771037</double> 
      </void> 
      <void property="min"> 
       <double>11220.659569586198</double> 
      </void> 
      <void property="rawResults"> 
       <object class="java.util.ArrayList"> 
        <void method="add"> 
         <double>11220.659569586198</double> 
        </void> 
        <void method="add"> 
         <double>11244.778055685145</double> 
        </void> 
        <void method="add"> 
         <double>11263.947883039256</double> 
        </void> 
        <void method="add"> 
         <double>11276.427368338205</double> 
        </void> 
        <void method="add"> 
         <double>11279.368110378437</double> 
        </void> 
        <void method="add"> 
         <double>11279.709372029676</double> 
        </void> 
        <void method="add"> 
         <double>11281.315186781445</double> 
        </void> 
        <void method="add"> 
         <double>11290.092940109133</double> 
        </void> 
        <void method="add"> 
         <double>11304.099020030277</double> 
        </void> 
        <void method="add"> 
         <double>11304.373123985888</double> 
        </void> 
        <void method="add"> 
         <double>11310.121751695528</double> 
        </void> 
        <void method="add"> 
         <double>11365.851078978521</double> 
        </void> 
        <void method="add"> 
         <double>11373.476947546369</double> 
        </void> 
        <void method="add"> 
         <double>11381.861272915236</double> 
        </void> 
        <void method="add"> 
         <double>11382.990274269718</double> 
        </void> 
        <void method="add"> 
         <double>11391.478707442751</double> 
        </void> 
        <void method="add"> 
         <double>11393.929814821844</double> 
        </void> 
        <void method="add"> 
         <double>11398.662721115254</double> 
        </void> 
        <void method="add"> 
         <double>11404.385678892306</double> 
        </void> 
        <void method="add"> 
         <double>11407.124981950152</double> 
        </void> 
        <void method="add"> 
         <double>11376.457099750232</double> 
        </void> 
        <void method="add"> 
         <double>11365.444510103982</double> 
        </void> 
        <void method="add"> 
         <double>11364.135913771037</double> 
        </void> 
        <void method="add"> 
         <double>11376.477996630209</double> 
        </void> 
        <void method="add"> 
         <double>11274.842373813744</double> 
        </void> 
       </object> 
      </void> 
      <void property="stdev"> 
       <double>56.42470596277134</double> 
      </void> 
     </object> 
    </void> 
    <void index="5"> 
     <object class="jmbench.tools.EvaluationMetrics"> 
      <void property="max"> 
       <double>9448.418281079574</double> 
      </void> 
      <void property="mean"> 
       <double>9348.018969816994</double> 
      </void> 
      <void property="median"> 
       <double>9391.869186903621</double> 
      </void> 
      <void property="min"> 
       <double>9165.422405149167</double> 
      </void> 
      <void property="rawResults"> 
       <object class="java.util.ArrayList"> 
        <void method="add"> 
         <double>9222.75261061457</double> 
        </void> 
        <void method="add"> 
         <double>9244.931955466456</double> 
        </void> 
        <void method="add"> 
         <double>9364.670093416038</double> 
        </void> 
        <void method="add"> 
         <double>9377.634195867398</double> 
        </void> 
        <void method="add"> 
         <double>9387.04983241999</double> 
        </void> 
        <void method="add"> 
         <double>9388.756519253504</double> 
        </void> 
        <void method="add"> 
         <double>9391.435782153216</double> 
        </void> 
        <void method="add"> 
         <double>9391.869186903621</double> 
        </void> 
        <void method="add"> 
         <double>9392.839226409747</double> 
        </void> 
        <void method="add"> 
         <double>9397.098323797227</double> 
        </void> 
        <void method="add"> 
         <double>9397.768135838998</double> 
        </void> 
        <void method="add"> 
         <double>9398.007458889659</double> 
        </void> 
        <void method="add"> 
         <double>9398.900745325653</double> 
        </void> 
        <void method="add"> 
         <double>9399.450692619133</double> 
        </void> 
        <void method="add"> 
         <double>9399.801735164956</double> 
        </void> 
        <void method="add"> 
         <double>9407.168293253562</double> 
        </void> 
        <void method="add"> 
         <double>9411.587628255</double> 
        </void> 
        <void method="add"> 
         <double>9419.714686891248</double> 
        </void> 
        <void method="add"> 
         <double>9443.180290435826</double> 
        </void> 
        <void method="add"> 
         <double>9448.418281079574</double> 
        </void> 
        <void method="add"> 
         <double>9205.691916424616</double> 
        </void> 
        <void method="add"> 
         <double>9220.115483552223</double> 
        </void> 
        <void method="add"> 
         <double>9218.901389037279</double> 
        </void> 
        <void method="add"> 
         <double>9165.422405149167</double> 
        </void> 
        <void method="add"> 
         <double>9207.307377206213</double> 
        </void> 
       </object> 
      </void> 
      <void property="stdev"> 
       <double>87.18149382473332</double> 
      </void> 
     </object> 
    </void> 
    <void index="6"> 
     <object class="jmbench.tools.EvaluationMetrics"> 
      <void property="max"> 
       <double>3996.3249316957813</double> 
      </void> 
      <void property="mean"> 
       <double>3924.971948545746</double> 
      </void> 
      <void property="median"> 
       <double>3972.8132351874656</double> 
      </void> 
      <void property="min"> 
       <double>3804.6560409075537</double> 
      </void> 
      <void property="rawResults"> 
       <object class="java.util.ArrayList"> 
        <void method="add"> 
         <double>3840.102185732703</double> 
        </void> 
        <void method="add"> 
         <double>3847.4760440454943</double> 
        </void> 
        <void method="add"> 
         <double>3847.743434278505</double> 
        </void> 
        <void method="add"> 
         <double>3851.9619789800945</double> 
        </void> 
        <void method="add"> 
         <double>3859.4022299671988</double> 
        </void> 
        <void method="add"> 
         <double>3961.4581325157396</double> 
        </void> 
        <void method="add"> 
         <double>3965.0967075303056</double> 
        </void> 
        <void method="add"> 
         <double>3972.8132351874656</double> 
        </void> 
        <void method="add"> 
         <double>3975.6714852574846</double> 
        </void> 
        <void method="add"> 
         <double>3976.0344169232476</double> 
        </void> 
        <void method="add"> 
         <double>3976.261578926094</double> 
        </void> 
        <void method="add"> 
         <double>3977.95037390915</double> 
        </void> 
        <void method="add"> 
         <double>3982.596411607445</double> 
        </void> 
        <void method="add"> 
         <double>3984.0182744348235</double> 
        </void> 
        <void method="add"> 
         <double>3985.3775036682728</double> 
        </void> 
        <void method="add"> 
         <double>3986.6652014115994</double> 
        </void> 
        <void method="add"> 
         <double>3987.302162049342</double> 
        </void> 
        <void method="add"> 
         <double>3994.1039619236517</double> 
        </void> 
        <void method="add"> 
         <double>3994.8512491478386</double> 
        </void> 
        <void method="add"> 
         <double>3996.3249316957813</double> 
        </void> 
        <void method="add"> 
         <double>3804.6560409075537</double> 
        </void> 
        <void method="add"> 
         <double>3846.2169107670275</double> 
        </void> 
        <void method="add"> 
         <double>3824.1942556843373</double> 
        </void> 
        <void method="add"> 
         <double>3828.61308338217</double> 
        </void> 
        <void method="add"> 
         <double>3857.4069237103313</double> 
        </void> 
       </object> 
      </void> 
      <void property="stdev"> 
       <double>69.92362575298367</double> 
      </void> 
     </object> 
    </void> 
    <void index="7"> 
     <object class="jmbench.tools.EvaluationMetrics"> 
      <void property="max"> 
       <double>1008.8450393205255</double> 
      </void> 
      <void property="mean"> 
       <double>981.849462641612</double> 
      </void> 
      <void property="median"> 
       <double>986.5541174334487</double> 
      </void> 
      <void property="min"> 
       <double>940.4033763780488</double> 
      </void> 
      <void property="rawResults"> 
       <object class="java.util.ArrayList"> 
        <void method="add"> 
         <double>940.4033763780488</double> 
        </void> 
        <void method="add"> 
         <double>960.990873753338</double> 
        </void> 
        <void method="add"> 
         <double>963.3738373715262</double> 
        </void> 
        <void method="add"> 
         <double>963.597983348517</double> 
        </void> 
        <void method="add"> 
         <double>965.3822371414291</double> 
        </void> 
        <void method="add"> 
         <double>967.3529810949398</double> 
        </void> 
        <void method="add"> 
         <double>971.2637882482352</double> 
        </void> 
        <void method="add"> 
         <double>973.1119429234625</double> 
        </void> 
        <void method="add"> 
         <double>977.2640278499991</double> 
        </void> 
        <void method="add"> 
         <double>986.5541174334487</double> 
        </void> 
        <void method="add"> 
         <double>987.8974011817387</double> 
        </void> 
        <void method="add"> 
         <double>989.8272358986229</double> 
        </void> 
        <void method="add"> 
         <double>991.0491789643199</double> 
        </void> 
        <void method="add"> 
         <double>991.2049171194926</double> 
        </void> 
        <void method="add"> 
         <double>992.2157682966647</double> 
        </void> 
        <void method="add"> 
         <double>992.7730812247858</double> 
        </void> 
        <void method="add"> 
         <double>1000.0042957552779</double> 
        </void> 
        <void method="add"> 
         <double>1002.1918288774682</double> 
        </void> 
        <void method="add"> 
         <double>1005.081378639335</double> 
        </void> 
        <void method="add"> 
         <double>1008.8450393205255</double> 
        </void> 
        <void method="add"> 
         <double>947.1209671157869</double> 
        </void> 
        <void method="add"> 
         <double>980.4222245783174</double> 
        </void> 
        <void method="add"> 
         <double>985.332819605853</double> 
        </void> 
        <void method="add"> 
         <double>997.3822955977182</double> 
        </void> 
        <void method="add"> 
         <double>1005.5929683214528</double> 
        </void> 
       </object> 
      </void> 
      <void property="stdev"> 
       <double>17.973897503848935</double> 
      </void> 
     </object> 
    </void> 
    <void index="8"> 
     <object class="jmbench.tools.EvaluationMetrics"> 
      <void property="max"> 
       <double>165.6481792807538</double> 
      </void> 
      <void property="mean"> 
       <double>162.73358715877842</double> 
      </void> 
      <void property="median"> 
       <double>162.49804643745193</double> 
      </void> 
      <void property="min"> 
       <double>159.80622916978172</double> 
      </void> 
      <void property="rawResults"> 
       <object class="java.util.ArrayList"> 
        <void method="add"> 
         <double>160.6836908509033</double> 
        </void> 
        <void method="add"> 
         <double>161.50847063492486</double> 
        </void> 
        <void method="add"> 
         <double>161.54529374338375</double> 
        </void> 
        <void method="add"> 
         <double>161.77191083439408</double> 
        </void> 
        <void method="add"> 
         <double>161.85595012079347</double> 
        </void> 
        <void method="add"> 
         <double>162.23469612012516</double> 
        </void> 
        <void method="add"> 
         <double>162.38986673047066</double> 
        </void> 
        <void method="add"> 
         <double>162.49804643745193</double> 
        </void> 
        <void method="add"> 
         <double>162.59106507322892</double> 
        </void> 
        <void method="add"> 
         <double>162.63861056575638</double> 
        </void> 
        <void method="add"> 
         <double>162.96289242593824</double> 
        </void> 
        <void method="add"> 
         <double>162.96573265016463</double> 
        </void> 
        <void method="add"> 
         <double>164.55930445461328</double> 
        </void> 
        <void method="add"> 
         <double>164.5603438993526</double> 
        </void> 
        <void method="add"> 
         <double>164.70936858916872</double> 
        </void> 
        <void method="add"> 
         <double>164.7958345206751</double> 
        </void> 
        <void method="add"> 
         <double>165.02564984658702</double> 
        </void> 
        <void method="add"> 
         <double>165.13851719739407</double> 
        </void> 
        <void method="add"> 
         <double>165.47670693040672</double> 
        </void> 
        <void method="add"> 
         <double>165.6481792807538</double> 
        </void> 
        <void method="add"> 
         <double>159.80622916978172</double> 
        </void> 
        <void method="add"> 
         <double>159.97147628592086</double> 
        </void> 
        <void method="add"> 
         <double>160.59323865026985</double> 
        </void> 
        <void method="add"> 
         <double>161.21291610511085</double> 
        </void> 
        <void method="add"> 
         <double>161.19568785188955</double> 
        </void> 
       </object> 
      </void> 
      <void property="stdev"> 
       <double>1.7516782454485904</double> 
      </void> 
     </object> 
    </void> 
    <void index="9"> 
     <object class="jmbench.tools.EvaluationMetrics"> 
      <void property="max"> 
       <double>11.88041380205978</double> 
      </void> 
      <void property="mean"> 
       <double>11.731020697703592</double> 
      </void> 
      <void property="median"> 
       <double>11.754543595404096</double> 
      </void> 
      <void property="min"> 
       <double>11.485951182622937</double> 
      </void> 
      <void property="rawResults"> 
       <object class="java.util.ArrayList"> 
        <void method="add"> 
         <double>11.485951182622937</double> 
        </void> 
        <void method="add"> 
         <double>11.523420508894013</double> 
        </void> 
        <void method="add"> 
         <double>11.528673081169211</double> 
        </void> 
        <void method="add"> 
         <double>11.639164291376503</double> 
        </void> 
        <void method="add"> 
         <double>11.668779594821393</double> 
        </void> 
        <void method="add"> 
         <double>11.673875440402787</double> 
        </void> 
        <void method="add"> 
         <double>11.700096793145754</double> 
        </void> 
        <void method="add"> 
         <double>11.711876569563477</double> 
        </void> 
        <void method="add"> 
         <double>11.738711866768007</double> 
        </void> 
        <void method="add"> 
         <double>11.754543595404096</double> 
        </void> 
        <void method="add"> 
         <double>11.774667374085194</double> 
        </void> 
        <void method="add"> 
         <double>11.775244618539197</double> 
        </void> 
        <void method="add"> 
         <double>11.78011570314535</double> 
        </void> 
        <void method="add"> 
         <double>11.78537951008362</double> 
        </void> 
        <void method="add"> 
         <double>11.79034966554523</double> 
        </void> 
        <void method="add"> 
         <double>11.812404196787742</double> 
        </void> 
        <void method="add"> 
         <double>11.83124071264858</double> 
        </void> 
        <void method="add"> 
         <double>11.8560703763533</double> 
        </void> 
        <void method="add"> 
         <double>11.86989045892692</double> 
        </void> 
        <void method="add"> 
         <double>11.88041380205978</double> 
        </void> 
        <void method="add"> 
         <double>11.750783603860718</double> 
        </void> 
        <void method="add"> 
         <double>11.573377379378693</double> 
        </void> 
        <void method="add"> 
         <double>11.715267751721466</double> 
        </void> 
        <void method="add"> 
         <double>11.831205679305267</double> 
        </void> 
        <void method="add"> 
         <double>11.824013685980534</double> 
        </void> 
       </object> 
      </void> 
      <void property="stdev"> 
       <double>0.10815590713362748</double> 
      </void> 
     </object> 
    </void> 
    <void index="10"> 
     <object class="jmbench.tools.EvaluationMetrics"> 
      <void property="max"> 
       <double>1.5286902122428567</double> 
      </void> 
      <void property="mean"> 
       <double>1.5056069194643007</double> 
      </void> 
      <void property="median"> 
       <double>1.5140303632799852</double> 
      </void> 
      <void property="min"> 
       <double>1.4353142462998594</double> 
      </void> 
      <void property="rawResults"> 
       <object class="java.util.ArrayList"> 
        <void method="add"> 
         <double>1.4353142462998594</double> 
        </void> 
        <void method="add"> 
         <double>1.463041111471911</double> 
        </void> 
        <void method="add"> 
         <double>1.4677937723432315</double> 
        </void> 
        <void method="add"> 
         <double>1.4687289205959917</double> 
        </void> 
        <void method="add"> 
         <double>1.4985788483748421</double> 
        </void> 
        <void method="add"> 
         <double>1.5043804678334716</double> 
        </void> 
        <void method="add"> 
         <double>1.5096277150629547</double> 
        </void> 
        <void method="add"> 
         <double>1.5104938547120883</double> 
        </void> 
        <void method="add"> 
         <double>1.5110152980474305</double> 
        </void> 
        <void method="add"> 
         <double>1.5114967951399412</double> 
        </void> 
        <void method="add"> 
         <double>1.5127446339220432</double> 
        </void> 
        <void method="add"> 
         <double>1.5140303632799852</double> 
        </void> 
        <void method="add"> 
         <double>1.5146319560004216</double> 
        </void> 
        <void method="add"> 
         <double>1.515122367411062</double> 
        </void> 
        <void method="add"> 
         <double>1.515403152437108</double> 
        </void> 
        <void method="add"> 
         <double>1.5161598823065972</double> 
        </void> 
        <void method="add"> 
         <double>1.5177402501890138</double> 
        </void> 
        <void method="add"> 
         <double>1.5198506044488562</double> 
        </void> 
        <void method="add"> 
         <double>1.5219203736161107</double> 
        </void> 
        <void method="add"> 
         <double>1.5286902122428567</double> 
        </void> 
        <void method="add"> 
         <double>1.5261489300045776</double> 
        </void> 
        <void method="add"> 
         <double>1.5272852074254852</double> 
        </void> 
        <void method="add"> 
         <double>1.5244065513344736</double> 
        </void> 
        <void method="add"> 
         <double>1.5187137913516413</double> 
        </void> 
        <void method="add"> 
         <double>1.486853680755561</double> 
        </void> 
       </object> 
      </void> 
      <void property="stdev"> 
       <double>0.022905662670266332</double> 
      </void> 
     </object> 
    </void> 
    <void index="11"> 
     <object class="jmbench.tools.EvaluationMetrics"> 
      <void property="max"> 
       <double>0.1975785410605676</double> 
      </void> 
      <void property="mean"> 
       <double>0.16666885948335874</double> 
      </void> 
      <void property="median"> 
       <double>0.19027438995230694</double> 
      </void> 
      <void property="min"> 
       <double>0.1237046671530378</double> 
      </void> 
      <void property="rawResults"> 
       <object class="java.util.ArrayList"> 
        <void method="add"> 
         <double>0.1237046671530378</double> 
        </void> 
        <void method="add"> 
         <double>0.12385898785770647</double> 
        </void> 
        <void method="add"> 
         <double>0.12404670401028435</double> 
        </void> 
        <void method="add"> 
         <double>0.12454038582330565</double> 
        </void> 
        <void method="add"> 
         <double>0.12510777499980494</double> 
        </void> 
        <void method="add"> 
         <double>0.12689441123350378</double> 
        </void> 
        <void method="add"> 
         <double>0.12719142730329444</double> 
        </void> 
        <void method="add"> 
         <double>0.12811097481802997</double> 
        </void> 
        <void method="add"> 
         <double>0.18719343423701762</double> 
        </void> 
        <void method="add"> 
         <double>0.19027438995230694</double> 
        </void> 
        <void method="add"> 
         <double>0.19131757049541798</double> 
        </void> 
        <void method="add"> 
         <double>0.19420288483549772</double> 
        </void> 
        <void method="add"> 
         <double>0.19436617754718705</double> 
        </void> 
        <void method="add"> 
         <double>0.19559445089083874</double> 
        </void> 
        <void method="add"> 
         <double>0.1962090283326414</double> 
        </void> 
        <void method="add"> 
         <double>0.19629684987667775</double> 
        </void> 
        <void method="add"> 
         <double>0.1963603385952851</double> 
        </void> 
        <void method="add"> 
         <double>0.19644163041564414</double> 
        </void> 
        <void method="add"> 
         <double>0.19681629791172306</double> 
        </void> 
        <void method="add"> 
         <double>0.1975785410605676</double> 
        </void> 
        <void method="add"> 
         <double>0.12423730119796625</double> 
        </void> 
        <void method="add"> 
         <double>0.12879302171959955</double> 
        </void> 
        <void method="add"> 
         <double>0.1892929265578186</double> 
        </void> 
        <void method="add"> 
         <double>0.19256656409474476</double> 
        </void> 
        <void method="add"> 
         <double>0.19572474616406782</double> 
        </void> 
       </object> 
      </void> 
      <void property="stdev"> 
       <double>0.03359588184947912</double> 
      </void> 
     </object> 
    </void> 
   </array> 
  </void> 
  <void property="opName"> 
   <string>LU</string> 
  </void> 
 </object> 
</java> 
