<?xml version="1.0" encoding="UTF-8"?> 
<java version="1.6.0_16" class="java.beans.XMLDecoder"> 
 <object class="jmbench.tools.runtime.OperationResults"> 
  <void property="library"> 
   <object class="jmbench.impl.MatrixLibrary" method="valueOf"> 
    <string>UJMP</string> 
   </object> 
  </void> 
  <void property="matDimen"> 
   <array class="int" length="12"> 
    <void index="0"> 
     <int>2</int> 
    </void> 
    <void index="1"> 
     <int>3</int> 
    </void> 
    <void index="2"> 
     <int>4</int> 
    </void> 
    <void index="3"> 
     <int>5</int> 
    </void> 
    <void index="4"> 
     <int>10</int> 
    </void> 
    <void index="5"> 
     <int>20</int> 
    </void> 
    <void index="6"> 
     <int>50</int> 
    </void> 
    <void index="7"> 
     <int>100</int> 
    </void> 
    <void index="8"> 
     <int>200</int> 
    </void> 
    <void index="9"> 
     <int>500</int> 
    </void> 
    <void index="10"> 
     <int>1000</int> 
    </void> 
    <void index="11"> 
     <int>2000</int> 
    </void> 
   </array> 
  </void> 
  <void property="metrics"> 
   <array class="jmbench.tools.EvaluationMetrics" length="12"> 
    <void index="0"> 
     <object class="jmbench.tools.EvaluationMetrics"> 
      <void property="max"> 
       <double>6723648.613882724</double> 
      </void> 
      <void property="mean"> 
       <double>6617645.607807051</double> 
      </void> 
      <void property="median"> 
       <double>6601330.9455571165</double> 
      </void> 
      <void property="min"> 
       <double>6522370.705480666</double> 
      </void> 
      <void property="rawResults"> 
       <object class="java.util.ArrayList"> 
        <void method="add"> 
         <double>6522370.705480666</double> 
        </void> 
        <void method="add"> 
         <double>6556721.641673006</double> 
        </void> 
        <void method="add"> 
         <double>6578618.8622107105</double> 
        </void> 
        <void method="add"> 
         <double>6580189.951242097</double> 
        </void> 
        <void method="add"> 
         <double>6589954.580013116</double> 
        </void> 
        <void method="add"> 
         <double>6593848.036771642</double> 
        </void> 
        <void method="add"> 
         <double>6594647.403407076</double> 
        </void> 
        <void method="add"> 
         <double>6596941.181644433</double> 
        </void> 
        <void method="add"> 
         <double>6597033.966282793</double> 
        </void> 
        <void method="add"> 
         <double>6600218.10153356</double> 
        </void> 
        <void method="add"> 
         <double>6601330.9455571165</double> 
        </void> 
        <void method="add"> 
         <double>6605116.137263023</double> 
        </void> 
        <void method="add"> 
         <double>6614389.614220743</double> 
        </void> 
        <void method="add"> 
         <double>6625493.997942714</double> 
        </void> 
        <void method="add"> 
         <double>6646437.063156304</double> 
        </void> 
        <void method="add"> 
         <double>6658023.401666908</double> 
        </void> 
        <void method="add"> 
         <double>6662038.343847288</double> 
        </void> 
        <void method="add"> 
         <double>6685848.4836502345</double> 
        </void> 
        <void method="add"> 
         <double>6691051.851697917</double> 
        </void> 
        <void method="add"> 
         <double>6713867.212801109</double> 
        </void> 
        <void method="add"> 
         <double>6603676.6535009965</double> 
        </void> 
        <void method="add"> 
         <double>6692778.596341734</double> 
        </void> 
        <void method="add"> 
         <double>6723648.613882724</double> 
        </void> 
        <void method="add"> 
         <double>6552683.352327005</double> 
        </void> 
        <void method="add"> 
         <double>6554211.497061375</double> 
        </void> 
       </object> 
      </void> 
      <void property="stdev"> 
       <double>52260.54781340495</double> 
      </void> 
     </object> 
    </void> 
    <void index="1"> 
     <object class="jmbench.tools.EvaluationMetrics"> 
      <void property="max"> 
       <double>3776187.3740274836</double> 
      </void> 
      <void property="mean"> 
       <double>3759995.2500482644</double> 
      </void> 
      <void property="median"> 
       <double>3757893.234536358</double> 
      </void> 
      <void property="min"> 
       <double>3726931.168331813</double> 
      </void> 
      <void property="rawResults"> 
       <object class="java.util.ArrayList"> 
        <void method="add"> 
         <double>3726931.168331813</double> 
        </void> 
        <void method="add"> 
         <double>3746072.0840513306</double> 
        </void> 
        <void method="add"> 
         <double>3747423.7722251085</double> 
        </void> 
        <void method="add"> 
         <double>3747889.66830066</double> 
        </void> 
        <void method="add"> 
         <double>3750276.2781259883</double> 
        </void> 
        <void method="add"> 
         <double>3750864.3751446116</double> 
        </void> 
        <void method="add"> 
         <double>3754879.8962993813</double> 
        </void> 
        <void method="add"> 
         <double>3755085.0417925976</double> 
        </void> 
        <void method="add"> 
         <double>3755768.349383834</double> 
        </void> 
        <void method="add"> 
         <double>3755967.3131729644</double> 
        </void> 
        <void method="add"> 
         <double>3757309.7624993916</double> 
        </void> 
        <void method="add"> 
         <double>3763449.612874567</double> 
        </void> 
        <void method="add"> 
         <double>3769538.8559871623</double> 
        </void> 
        <void method="add"> 
         <double>3769883.3803968756</double> 
        </void> 
        <void method="add"> 
         <double>3770135.927069662</double> 
        </void> 
        <void method="add"> 
         <double>3771998.515530002</double> 
        </void> 
        <void method="add"> 
         <double>3775381.201262616</double> 
        </void> 
        <void method="add"> 
         <double>3775627.674602708</double> 
        </void> 
        <void method="add"> 
         <double>3775652.6576991053</double> 
        </void> 
        <void method="add"> 
         <double>3776187.3740274836</double> 
        </void> 
        <void method="add"> 
         <double>3748069.243111305</double> 
        </void> 
        <void method="add"> 
         <double>3764816.833636748</double> 
        </void> 
        <void method="add"> 
         <double>3757893.234536358</double> 
        </void> 
        <void method="add"> 
         <double>3758058.3371480564</double> 
        </void> 
        <void method="add"> 
         <double>3774720.6939962814</double> 
        </void> 
       </object> 
      </void> 
      <void property="stdev"> 
       <double>12145.306535448</double> 
      </void> 
     </object> 
    </void> 
    <void index="2"> 
     <object class="jmbench.tools.EvaluationMetrics"> 
      <void property="max"> 
       <double>2296828.637109724</double> 
      </void> 
      <void property="mean"> 
       <double>2217689.2110588057</double> 
      </void> 
      <void property="median"> 
       <double>2267859.89479649</double> 
      </void> 
      <void property="min"> 
       <double>1800610.146868403</double> 
      </void> 
      <void property="rawResults"> 
       <object class="java.util.ArrayList"> 
        <void method="add"> 
         <double>1800610.146868403</double> 
        </void> 
        <void method="add"> 
         <double>2037125.1512463414</double> 
        </void> 
        <void method="add"> 
         <double>2039328.0732779924</double> 
        </void> 
        <void method="add"> 
         <double>2050023.4187462658</double> 
        </void> 
        <void method="add"> 
         <double>2052937.3829020956</double> 
        </void> 
        <void method="add"> 
         <double>2232143.564588033</double> 
        </void> 
        <void method="add"> 
         <double>2237592.962763256</double> 
        </void> 
        <void method="add"> 
         <double>2238319.5502193933</double> 
        </void> 
        <void method="add"> 
         <double>2266460.1259784237</double> 
        </void> 
        <void method="add"> 
         <double>2267219.717166439</double> 
        </void> 
        <void method="add"> 
         <double>2267859.89479649</double> 
        </void> 
        <void method="add"> 
         <double>2279219.4855789915</double> 
        </void> 
        <void method="add"> 
         <double>2282249.30583689</double> 
        </void> 
        <void method="add"> 
         <double>2283955.5572652393</double> 
        </void> 
        <void method="add"> 
         <double>2294149.9394771676</double> 
        </void> 
        <void method="add"> 
         <double>2295836.3709465996</double> 
        </void> 
        <void method="add"> 
         <double>2295984.210618946</double> 
        </void> 
        <void method="add"> 
         <double>2296714.317271994</double> 
        </void> 
        <void method="add"> 
         <double>2296773.446143948</double> 
        </void> 
        <void method="add"> 
         <double>2296828.637109724</double> 
        </void> 
        <void method="add"> 
         <double>2250380.3734667487</double> 
        </void> 
        <void method="add"> 
         <double>2294425.6172050457</double> 
        </void> 
        <void method="add"> 
         <double>2226566.6728502326</double> 
        </void> 
        <void method="add"> 
         <double>2279299.100573122</double> 
        </void> 
        <void method="add"> 
         <double>2280227.2535723564</double> 
        </void> 
       </object> 
      </void> 
      <void property="stdev"> 
       <double>120985.83814735737</double> 
      </void> 
     </object> 
    </void> 
    <void index="3"> 
     <object class="jmbench.tools.EvaluationMetrics"> 
      <void property="max"> 
       <double>1562605.047418277</double> 
      </void> 
      <void property="mean"> 
       <double>1556079.6831269634</double> 
      </void> 
      <void property="median"> 
       <double>1557994.531922634</double> 
      </void> 
      <void property="min"> 
       <double>1548716.4045846423</double> 
      </void> 
      <void property="rawResults"> 
       <object class="java.util.ArrayList"> 
        <void method="add"> 
         <double>1548716.4045846423</double> 
        </void> 
        <void method="add"> 
         <double>1549190.8034190016</double> 
        </void> 
        <void method="add"> 
         <double>1549516.2855844556</double> 
        </void> 
        <void method="add"> 
         <double>1549549.6265757158</double> 
        </void> 
        <void method="add"> 
         <double>1551977.4416474723</double> 
        </void> 
        <void method="add"> 
         <double>1552000.70949245</double> 
        </void> 
        <void method="add"> 
         <double>1554271.7842622502</double> 
        </void> 
        <void method="add"> 
         <double>1554450.0275532075</double> 
        </void> 
        <void method="add"> 
         <double>1555245.3491947486</double> 
        </void> 
        <void method="add"> 
         <double>1557994.531922634</double> 
        </void> 
        <void method="add"> 
         <double>1558452.6744950311</double> 
        </void> 
        <void method="add"> 
         <double>1559215.28047297</double> 
        </void> 
        <void method="add"> 
         <double>1559646.1573840298</double> 
        </void> 
        <void method="add"> 
         <double>1560753.1568672669</double> 
        </void> 
        <void method="add"> 
         <double>1560765.9182817084</double> 
        </void> 
        <void method="add"> 
         <double>1560995.5151456364</double> 
        </void> 
        <void method="add"> 
         <double>1561114.2899527298</double> 
        </void> 
        <void method="add"> 
         <double>1561232.7801957226</double> 
        </void> 
        <void method="add"> 
         <double>1561450.3277763147</double> 
        </void> 
        <void method="add"> 
         <double>1562605.047418277</double> 
        </void> 
        <void method="add"> 
         <double>1560709.4774533892</double> 
        </void> 
        <void method="add"> 
         <double>1562351.1806192568</double> 
        </void> 
        <void method="add"> 
         <double>1550544.6511328889</double> 
        </void> 
        <void method="add"> 
         <double>1550165.4486595176</double> 
        </void> 
        <void method="add"> 
         <double>1549077.2080827663</double> 
        </void> 
       </object> 
      </void> 
      <void property="stdev"> 
       <double>5004.158768612701</double> 
      </void> 
     </object> 
    </void> 
    <void index="4"> 
     <object class="jmbench.tools.EvaluationMetrics"> 
      <void property="max"> 
       <double>308073.05250993767</double> 
      </void> 
      <void property="mean"> 
       <double>298782.8729535655</double> 
      </void> 
      <void property="median"> 
       <double>300739.4355015896</double> 
      </void> 
      <void property="min"> 
       <double>281651.3237386319</double> 
      </void> 
      <void property="rawResults"> 
       <object class="java.util.ArrayList"> 
        <void method="add"> 
         <double>281651.3237386319</double> 
        </void> 
        <void method="add"> 
         <double>287370.15782056295</double> 
        </void> 
        <void method="add"> 
         <double>287390.0998557581</double> 
        </void> 
        <void method="add"> 
         <double>289545.626394108</double> 
        </void> 
        <void method="add"> 
         <double>294101.9158995278</double> 
        </void> 
        <void method="add"> 
         <double>294849.0356288621</double> 
        </void> 
        <void method="add"> 
         <double>297780.9977085468</double> 
        </void> 
        <void method="add"> 
         <double>299100.02924607095</double> 
        </void> 
        <void method="add"> 
         <double>299822.28376715875</double> 
        </void> 
        <void method="add"> 
         <double>300000.1654744352</double> 
        </void> 
        <void method="add"> 
         <double>300739.4355015896</double> 
        </void> 
        <void method="add"> 
         <double>301727.0116500519</double> 
        </void> 
        <void method="add"> 
         <double>301875.88901617186</double> 
        </void> 
        <void method="add"> 
         <double>302669.40360119834</double> 
        </void> 
        <void method="add"> 
         <double>303250.6768854897</double> 
        </void> 
        <void method="add"> 
         <double>303256.9897491735</double> 
        </void> 
        <void method="add"> 
         <double>303562.48857768375</double> 
        </void> 
        <void method="add"> 
         <double>304428.6393294448</double> 
        </void> 
        <void method="add"> 
         <double>304887.44214035606</double> 
        </void> 
        <void method="add"> 
         <double>306412.9727002846</double> 
        </void> 
        <void method="add"> 
         <double>308073.05250993767</double> 
        </void> 
        <void method="add"> 
         <double>306103.461138318</double> 
        </void> 
        <void method="add"> 
         <double>290409.5578845991</double> 
        </void> 
        <void method="add"> 
         <double>298959.85709346243</double> 
        </void> 
        <void method="add"> 
         <double>301603.31052771374</double> 
        </void> 
       </object> 
      </void> 
      <void property="stdev"> 
       <double>6708.986771838764</double> 
      </void> 
     </object> 
    </void> 
    <void index="5"> 
     <object class="jmbench.tools.EvaluationMetrics"> 
      <void property="max"> 
       <double>62086.20089391347</double> 
      </void> 
      <void property="mean"> 
       <double>61641.03105554637</double> 
      </void> 
      <void property="median"> 
       <double>61605.079678113594</double> 
      </void> 
      <void property="min"> 
       <double>61028.866788247404</double> 
      </void> 
      <void property="rawResults"> 
       <object class="java.util.ArrayList"> 
        <void method="add"> 
         <double>61028.866788247404</double> 
        </void> 
        <void method="add"> 
         <double>61248.04201333984</double> 
        </void> 
        <void method="add"> 
         <double>61310.181264739804</double> 
        </void> 
        <void method="add"> 
         <double>61435.482344287906</double> 
        </void> 
        <void method="add"> 
         <double>61515.63713848318</double> 
        </void> 
        <void method="add"> 
         <double>61518.20603157232</double> 
        </void> 
        <void method="add"> 
         <double>61534.365688689235</double> 
        </void> 
        <void method="add"> 
         <double>61536.85298453428</double> 
        </void> 
        <void method="add"> 
         <double>61603.32045028787</double> 
        </void> 
        <void method="add"> 
         <double>61668.32270230569</double> 
        </void> 
        <void method="add"> 
         <double>61698.97563859823</double> 
        </void> 
        <void method="add"> 
         <double>61741.46776558627</double> 
        </void> 
        <void method="add"> 
         <double>61746.560139678666</double> 
        </void> 
        <void method="add"> 
         <double>61757.778276402016</double> 
        </void> 
        <void method="add"> 
         <double>61767.63941057281</double> 
        </void> 
        <void method="add"> 
         <double>61900.43785013002</double> 
        </void> 
        <void method="add"> 
         <double>61921.162153455865</double> 
        </void> 
        <void method="add"> 
         <double>61951.30174702969</double> 
        </void> 
        <void method="add"> 
         <double>61976.67398009835</double> 
        </void> 
        <void method="add"> 
         <double>62086.20089391347</double> 
        </void> 
        <void method="add"> 
         <double>61535.17033472253</double> 
        </void> 
        <void method="add"> 
         <double>61511.36003939809</double> 
        </void> 
        <void method="add"> 
         <double>61512.27241902136</double> 
        </void> 
        <void method="add"> 
         <double>61605.079678113594</double> 
        </void> 
        <void method="add"> 
         <double>61914.41865545112</double> 
        </void> 
       </object> 
      </void> 
      <void property="stdev"> 
       <double>241.97886216500203</double> 
      </void> 
     </object> 
    </void> 
    <void index="6"> 
     <object class="jmbench.tools.EvaluationMetrics"> 
      <void property="max"> 
       <double>6338.008061753596</double> 
      </void> 
      <void property="mean"> 
       <double>6314.359875336903</double> 
      </void> 
      <void property="median"> 
       <double>6325.663158010753</double> 
      </void> 
      <void property="min"> 
       <double>6278.66223407152</double> 
      </void> 
      <void property="rawResults"> 
       <object class="java.util.ArrayList"> 
        <void method="add"> 
         <double>6278.66223407152</double> 
        </void> 
        <void method="add"> 
         <double>6279.285198420815</double> 
        </void> 
        <void method="add"> 
         <double>6286.260276775679</double> 
        </void> 
        <void method="add"> 
         <double>6287.104538915898</double> 
        </void> 
        <void method="add"> 
         <double>6287.772223828284</double> 
        </void> 
        <void method="add"> 
         <double>6290.84654668327</double> 
        </void> 
        <void method="add"> 
         <double>6291.326600378405</double> 
        </void> 
        <void method="add"> 
         <double>6298.314868154661</double> 
        </void> 
        <void method="add"> 
         <double>6309.125700698102</double> 
        </void> 
        <void method="add"> 
         <double>6312.382349020274</double> 
        </void> 
        <void method="add"> 
         <double>6315.711313749482</double> 
        </void> 
        <void method="add"> 
         <double>6316.084902393125</double> 
        </void> 
        <void method="add"> 
         <double>6326.187708621462</double> 
        </void> 
        <void method="add"> 
         <double>6326.316076300767</double> 
        </void> 
        <void method="add"> 
         <double>6327.479150362453</double> 
        </void> 
        <void method="add"> 
         <double>6330.834013975824</double> 
        </void> 
        <void method="add"> 
         <double>6333.213764210698</double> 
        </void> 
        <void method="add"> 
         <double>6334.461151167041</double> 
        </void> 
        <void method="add"> 
         <double>6336.894532823872</double> 
        </void> 
        <void method="add"> 
         <double>6338.008061753596</double> 
        </void> 
        <void method="add"> 
         <double>6326.596334685686</double> 
        </void> 
        <void method="add"> 
         <double>6334.220771791422</double> 
        </void> 
        <void method="add"> 
         <double>6325.663158010753</double> 
        </void> 
        <void method="add"> 
         <double>6331.354998699439</double> 
        </void> 
        <void method="add"> 
         <double>6334.890407930057</double> 
        </void> 
       </object> 
      </void> 
      <void property="stdev"> 
       <double>20.056006342710376</double> 
      </void> 
     </object> 
    </void> 
    <void index="7"> 
     <object class="jmbench.tools.EvaluationMetrics"> 
      <void property="max"> 
       <double>1707.6490088310136</double> 
      </void> 
      <void property="mean"> 
       <double>1662.9672033076217</double> 
      </void> 
      <void property="median"> 
       <double>1660.33535425086</double> 
      </void> 
      <void property="min"> 
       <double>1621.3800701052335</double> 
      </void> 
      <void property="rawResults"> 
       <object class="java.util.ArrayList"> 
        <void method="add"> 
         <double>1621.3800701052335</double> 
        </void> 
        <void method="add"> 
         <double>1629.6609674064546</double> 
        </void> 
        <void method="add"> 
         <double>1635.4873042142922</double> 
        </void> 
        <void method="add"> 
         <double>1636.4741832676625</double> 
        </void> 
        <void method="add"> 
         <double>1636.8449289004936</double> 
        </void> 
        <void method="add"> 
         <double>1637.8383340635914</double> 
        </void> 
        <void method="add"> 
         <double>1641.6903917257268</double> 
        </void> 
        <void method="add"> 
         <double>1648.3498800105824</double> 
        </void> 
        <void method="add"> 
         <double>1648.9319223730613</double> 
        </void> 
        <void method="add"> 
         <double>1655.3619676883065</double> 
        </void> 
        <void method="add"> 
         <double>1660.33535425086</double> 
        </void> 
        <void method="add"> 
         <double>1667.27370957392</double> 
        </void> 
        <void method="add"> 
         <double>1668.10107732814</double> 
        </void> 
        <void method="add"> 
         <double>1675.7968558569232</double> 
        </void> 
        <void method="add"> 
         <double>1682.3273159199853</double> 
        </void> 
        <void method="add"> 
         <double>1683.3140350398173</double> 
        </void> 
        <void method="add"> 
         <double>1684.5466991780797</double> 
        </void> 
        <void method="add"> 
         <double>1685.4357402826272</double> 
        </void> 
        <void method="add"> 
         <double>1686.5938040584501</double> 
        </void> 
        <void method="add"> 
         <double>1703.6964022619343</double> 
        </void> 
        <void method="add"> 
         <double>1634.146738267523</double> 
        </void> 
        <void method="add"> 
         <double>1659.0807256150858</double> 
        </void> 
        <void method="add"> 
         <double>1696.5015104713273</double> 
        </void> 
        <void method="add"> 
         <double>1707.6490088310136</double> 
        </void> 
        <void method="add"> 
         <double>1687.3611559994486</double> 
        </void> 
       </object> 
      </void> 
      <void property="stdev"> 
       <double>24.726895210184594</double> 
      </void> 
     </object> 
    </void> 
    <void index="8"> 
     <object class="jmbench.tools.EvaluationMetrics"> 
      <void property="max"> 
       <double>235.4392366945321</double> 
      </void> 
      <void property="mean"> 
       <double>233.0523936706041</double> 
      </void> 
      <void property="median"> 
       <double>233.1326831657625</double> 
      </void> 
      <void property="min"> 
       <double>227.18107273271536</double> 
      </void> 
      <void property="rawResults"> 
       <object class="java.util.ArrayList"> 
        <void method="add"> 
         <double>227.18107273271536</double> 
        </void> 
        <void method="add"> 
         <double>229.4631705049613</double> 
        </void> 
        <void method="add"> 
         <double>230.75421984357715</double> 
        </void> 
        <void method="add"> 
         <double>231.96602870064714</double> 
        </void> 
        <void method="add"> 
         <double>232.23247562069034</double> 
        </void> 
        <void method="add"> 
         <double>232.2896039665506</double> 
        </void> 
        <void method="add"> 
         <double>232.45948087372557</double> 
        </void> 
        <void method="add"> 
         <double>232.57188051087013</double> 
        </void> 
        <void method="add"> 
         <double>232.73221430744061</double> 
        </void> 
        <void method="add"> 
         <double>232.8223983559556</double> 
        </void> 
        <void method="add"> 
         <double>233.30588673164632</double> 
        </void> 
        <void method="add"> 
         <double>233.3715467200758</double> 
        </void> 
        <void method="add"> 
         <double>233.56565609988726</double> 
        </void> 
        <void method="add"> 
         <double>233.72674534535085</double> 
        </void> 
        <void method="add"> 
         <double>234.6423707691617</double> 
        </void> 
        <void method="add"> 
         <double>234.70173589365714</double> 
        </void> 
        <void method="add"> 
         <double>234.7044190190009</double> 
        </void> 
        <void method="add"> 
         <double>234.82840963386602</double> 
        </void> 
        <void method="add"> 
         <double>234.88383719527036</double> 
        </void> 
        <void method="add"> 
         <double>235.4392366945321</double> 
        </void> 
        <void method="add"> 
         <double>233.1326831657625</double> 
        </void> 
        <void method="add"> 
         <double>232.4737044675508</double> 
        </void> 
        <void method="add"> 
         <double>233.1176732125597</double> 
        </void> 
        <void method="add"> 
         <double>235.02745873141606</double> 
        </void> 
        <void method="add"> 
         <double>234.91593266823034</double> 
        </void> 
       </object> 
      </void> 
      <void property="stdev"> 
       <double>1.8395132625527977</double> 
      </void> 
     </object> 
    </void> 
    <void index="9"> 
     <object class="jmbench.tools.EvaluationMetrics"> 
      <void property="max"> 
       <double>15.980911186489683</double> 
      </void> 
      <void property="mean"> 
       <double>15.33115815782053</double> 
      </void> 
      <void property="median"> 
       <double>15.33477630980016</double> 
      </void> 
      <void property="min"> 
       <double>14.735127076741742</double> 
      </void> 
      <void property="rawResults"> 
       <object class="java.util.ArrayList"> 
        <void method="add"> 
         <double>14.735127076741742</double> 
        </void> 
        <void method="add"> 
         <double>14.850042866282239</double> 
        </void> 
        <void method="add"> 
         <double>14.88857986962056</double> 
        </void> 
        <void method="add"> 
         <double>14.916237594324715</double> 
        </void> 
        <void method="add"> 
         <double>14.95719120027589</double> 
        </void> 
        <void method="add"> 
         <double>15.108863968167354</double> 
        </void> 
        <void method="add"> 
         <double>15.136410589210145</double> 
        </void> 
        <void method="add"> 
         <double>15.20092515289065</double> 
        </void> 
        <void method="add"> 
         <double>15.229948749310614</double> 
        </void> 
        <void method="add"> 
         <double>15.272698064567537</double> 
        </void> 
        <void method="add"> 
         <double>15.318183659905808</double> 
        </void> 
        <void method="add"> 
         <double>15.345888049027902</double> 
        </void> 
        <void method="add"> 
         <double>15.502331749480229</double> 
        </void> 
        <void method="add"> 
         <double>15.515220042137617</double> 
        </void> 
        <void method="add"> 
         <double>15.526178813977333</double> 
        </void> 
        <void method="add"> 
         <double>15.5323384051858</double> 
        </void> 
        <void method="add"> 
         <double>15.552604446288155</double> 
        </void> 
        <void method="add"> 
         <double>15.57421996069497</double> 
        </void> 
        <void method="add"> 
         <double>15.897049788936954</double> 
        </void> 
        <void method="add"> 
         <double>15.980911186489683</double> 
        </void> 
        <void method="add"> 
         <double>15.33477630980016</double> 
        </void> 
        <void method="add"> 
         <double>15.316934044547768</double> 
        </void> 
        <void method="add"> 
         <double>15.574328108808276</double> 
        </void> 
        <void method="add"> 
         <double>15.492867329789428</double> 
        </void> 
        <void method="add"> 
         <double>15.519096919051801</double> 
        </void> 
       </object> 
      </void> 
      <void property="stdev"> 
       <double>0.30502409745780157</double> 
      </void> 
     </object> 
    </void> 
    <void index="10"> 
     <object class="jmbench.tools.EvaluationMetrics"> 
      <void property="max"> 
       <double>1.5003468841005059</double> 
      </void> 
      <void property="mean"> 
       <double>1.4331451375695916</double> 
      </void> 
      <void property="median"> 
       <double>1.4328397938394857</double> 
      </void> 
      <void property="min"> 
       <double>1.2270115406212168</double> 
      </void> 
      <void property="rawResults"> 
       <object class="java.util.ArrayList"> 
        <void method="add"> 
         <double>1.2270115406212168</double> 
        </void> 
        <void method="add"> 
         <double>1.3714180345495284</double> 
        </void> 
        <void method="add"> 
         <double>1.3874304913279294</double> 
        </void> 
        <void method="add"> 
         <double>1.41202850523395</double> 
        </void> 
        <void method="add"> 
         <double>1.413784220729769</double> 
        </void> 
        <void method="add"> 
         <double>1.4154445618354008</double> 
        </void> 
        <void method="add"> 
         <double>1.425002044364933</double> 
        </void> 
        <void method="add"> 
         <double>1.432426924735421</double> 
        </void> 
        <void method="add"> 
         <double>1.4327364199521917</double> 
        </void> 
        <void method="add"> 
         <double>1.4328397938394857</double> 
        </void> 
        <void method="add"> 
         <double>1.4389590937828636</double> 
        </void> 
        <void method="add"> 
         <double>1.4473530484111985</double> 
        </void> 
        <void method="add"> 
         <double>1.4547155426374347</double> 
        </void> 
        <void method="add"> 
         <double>1.4594175115560335</double> 
        </void> 
        <void method="add"> 
         <double>1.4596945903779788</double> 
        </void> 
        <void method="add"> 
         <double>1.4689920786200423</double> 
        </void> 
        <void method="add"> 
         <double>1.4796325322307962</double> 
        </void> 
        <void method="add"> 
         <double>1.4915520337856247</double> 
        </void> 
        <void method="add"> 
         <double>1.5002705439372153</double> 
        </void> 
        <void method="add"> 
         <double>1.5003468841005059</double> 
        </void> 
        <void method="add"> 
         <double>1.4174515264090763</double> 
        </void> 
        <void method="add"> 
         <double>1.4723738913749742</double> 
        </void> 
        <void method="add"> 
         <double>1.4113688460782479</double> 
        </void> 
        <void method="add"> 
         <double>1.4116734760355503</double> 
        </void> 
        <void method="add"> 
         <double>1.4647043027124302</double> 
        </void> 
       </object> 
      </void> 
      <void property="stdev"> 
       <double>0.05339815876375238</double> 
      </void> 
     </object> 
    </void> 
    <void index="11"> 
     <object class="jmbench.tools.EvaluationMetrics"> 
      <void property="max"> 
       <double>0.16306991995090214</double> 
      </void> 
      <void property="mean"> 
       <double>0.14503626792664687</double> 
      </void> 
      <void property="median"> 
       <double>0.14482683735526328</double> 
      </void> 
      <void property="min"> 
       <double>0.12475097712069849</double> 
      </void> 
      <void property="rawResults"> 
       <object class="java.util.ArrayList"> 
        <void method="add"> 
         <double>0.12475097712069849</double> 
        </void> 
        <void method="add"> 
         <double>0.1306669900019592</double> 
        </void> 
        <void method="add"> 
         <double>0.13578478918345094</double> 
        </void> 
        <void method="add"> 
         <double>0.1358244374373263</double> 
        </void> 
        <void method="add"> 
         <double>0.13624024248609476</double> 
        </void> 
        <void method="add"> 
         <double>0.13716947404687319</double> 
        </void> 
        <void method="add"> 
         <double>0.14093027535846753</double> 
        </void> 
        <void method="add"> 
         <double>0.14154231957096705</double> 
        </void> 
        <void method="add"> 
         <double>0.14252417777123072</double> 
        </void> 
        <void method="add"> 
         <double>0.1446161609331804</double> 
        </void> 
        <void method="add"> 
         <double>0.14563262078665806</double> 
        </void> 
        <void method="add"> 
         <double>0.1508497825628305</double> 
        </void> 
        <void method="add"> 
         <double>0.15095853776651147</double> 
        </void> 
        <void method="add"> 
         <double>0.15118269991050892</double> 
        </void> 
        <void method="add"> 
         <double>0.15139519522967257</double> 
        </void> 
        <void method="add"> 
         <double>0.15487463349413583</double> 
        </void> 
        <void method="add"> 
         <double>0.15574884232625305</double> 
        </void> 
        <void method="add"> 
         <double>0.15637114637111477</double> 
        </void> 
        <void method="add"> 
         <double>0.15914694750896463</double> 
        </void> 
        <void method="add"> 
         <double>0.16306991995090214</double> 
        </void> 
        <void method="add"> 
         <double>0.1367610597076061</double> 
        </void> 
        <void method="add"> 
         <double>0.14766019643193407</double> 
        </void> 
        <void method="add"> 
         <double>0.14482683735526328</double> 
        </void> 
        <void method="add"> 
         <double>0.12667446197237497</double> 
        </void> 
        <void method="add"> 
         <double>0.16070397288119173</double> 
        </void> 
       </object> 
      </void> 
      <void property="stdev"> 
       <double>0.01026267921940167</double> 
      </void> 
     </object> 
    </void> 
   </array> 
  </void> 
  <void property="opName"> 
   <string>Mult c=a*b</string> 
  </void> 
 </object> 
</java> 
