<?xml version="1.0" encoding="UTF-8"?> 
<java version="1.6.0_16" class="java.beans.XMLDecoder"> 
 <object class="jmbench.tools.runtime.OperationResults"> 
  <void property="library"> 
   <object class="jmbench.impl.MatrixLibrary" method="valueOf"> 
    <string>UJMP</string> 
   </object> 
  </void> 
  <void property="matDimen"> 
   <array class="int" length="12"> 
    <void index="0"> 
     <int>2</int> 
    </void> 
    <void index="1"> 
     <int>3</int> 
    </void> 
    <void index="2"> 
     <int>4</int> 
    </void> 
    <void index="3"> 
     <int>5</int> 
    </void> 
    <void index="4"> 
     <int>10</int> 
    </void> 
    <void index="5"> 
     <int>20</int> 
    </void> 
    <void index="6"> 
     <int>50</int> 
    </void> 
    <void index="7"> 
     <int>100</int> 
    </void> 
    <void index="8"> 
     <int>200</int> 
    </void> 
    <void index="9"> 
     <int>500</int> 
    </void> 
    <void index="10"> 
     <int>1000</int> 
    </void> 
    <void index="11"> 
     <int>2000</int> 
    </void> 
   </array> 
  </void> 
  <void property="metrics"> 
   <array class="jmbench.tools.EvaluationMetrics" length="12"> 
    <void index="0"> 
     <object class="jmbench.tools.EvaluationMetrics"> 
      <void property="max"> 
       <double>7386.765917866073</double> 
      </void> 
      <void property="mean"> 
       <double>7305.726571803513</double> 
      </void> 
      <void property="median"> 
       <double>7319.240338434473</double> 
      </void> 
      <void property="min"> 
       <double>7152.176169311735</double> 
      </void> 
      <void property="rawResults"> 
       <object class="java.util.ArrayList"> 
        <void method="add"> 
         <double>7152.176169311735</double> 
        </void> 
        <void method="add"> 
         <double>7187.104797563134</double> 
        </void> 
        <void method="add"> 
         <double>7229.91479090989</double> 
        </void> 
        <void method="add"> 
         <double>7236.146001633399</double> 
        </void> 
        <void method="add"> 
         <double>7249.02266116026</double> 
        </void> 
        <void method="add"> 
         <double>7270.797073916145</double> 
        </void> 
        <void method="add"> 
         <double>7271.610700032415</double> 
        </void> 
        <void method="add"> 
         <double>7286.835609605584</double> 
        </void> 
        <void method="add"> 
         <double>7303.249719564539</double> 
        </void> 
        <void method="add"> 
         <double>7306.505237280783</double> 
        </void> 
        <void method="add"> 
         <double>7306.553677546305</double> 
        </void> 
        <void method="add"> 
         <double>7306.982624074369</double> 
        </void> 
        <void method="add"> 
         <double>7322.5017370595215</double> 
        </void> 
        <void method="add"> 
         <double>7349.006657094746</double> 
        </void> 
        <void method="add"> 
         <double>7352.6180144617665</double> 
        </void> 
        <void method="add"> 
         <double>7352.637777527996</double> 
        </void> 
        <void method="add"> 
         <double>7359.092127947557</double> 
        </void> 
        <void method="add"> 
         <double>7362.29113625142</double> 
        </void> 
        <void method="add"> 
         <double>7383.756629420554</double> 
        </void> 
        <void method="add"> 
         <double>7386.765917866073</double> 
        </void> 
        <void method="add"> 
         <double>7319.240338434473</double> 
        </void> 
        <void method="add"> 
         <double>7342.365585252983</double> 
        </void> 
        <void method="add"> 
         <double>7331.758776561009</double> 
        </void> 
        <void method="add"> 
         <double>7342.8652671071995</double> 
        </void> 
        <void method="add"> 
         <double>7331.365267503988</double> 
        </void> 
       </object> 
      </void> 
      <void property="stdev"> 
       <double>57.861828363791496</double> 
      </void> 
     </object> 
    </void> 
    <void index="1"> 
     <object class="jmbench.tools.EvaluationMetrics"> 
      <void property="max"> 
       <double>7316.63894609231</double> 
      </void> 
      <void property="mean"> 
       <double>7278.7547167116845</double> 
      </void> 
      <void property="median"> 
       <double>7283.088837613358</double> 
      </void> 
      <void property="min"> 
       <double>7179.136910594639</double> 
      </void> 
      <void property="rawResults"> 
       <object class="java.util.ArrayList"> 
        <void method="add"> 
         <double>7232.895805263245</double> 
        </void> 
        <void method="add"> 
         <double>7262.881451782273</double> 
        </void> 
        <void method="add"> 
         <double>7274.234812570078</double> 
        </void> 
        <void method="add"> 
         <double>7275.148124409216</double> 
        </void> 
        <void method="add"> 
         <double>7275.935251796225</double> 
        </void> 
        <void method="add"> 
         <double>7277.298419799865</double> 
        </void> 
        <void method="add"> 
         <double>7282.316634726588</double> 
        </void> 
        <void method="add"> 
         <double>7283.088837613358</double> 
        </void> 
        <void method="add"> 
         <double>7283.203351335529</double> 
        </void> 
        <void method="add"> 
         <double>7283.892327295612</double> 
        </void> 
        <void method="add"> 
         <double>7285.081214721644</double> 
        </void> 
        <void method="add"> 
         <double>7285.690177324902</double> 
        </void> 
        <void method="add"> 
         <double>7289.040893629469</double> 
        </void> 
        <void method="add"> 
         <double>7289.204036596644</double> 
        </void> 
        <void method="add"> 
         <double>7292.4841337514745</double> 
        </void> 
        <void method="add"> 
         <double>7293.8408401138795</double> 
        </void> 
        <void method="add"> 
         <double>7300.58758021291</double> 
        </void> 
        <void method="add"> 
         <double>7314.9225087352215</double> 
        </void> 
        <void method="add"> 
         <double>7315.094187919664</double> 
        </void> 
        <void method="add"> 
         <double>7316.63894609231</double> 
        </void> 
        <void method="add"> 
         <double>7179.136910594639</double> 
        </void> 
        <void method="add"> 
         <double>7261.197342886572</double> 
        </void> 
        <void method="add"> 
         <double>7277.515495497196</double> 
        </void> 
        <void method="add"> 
         <double>7272.1563259575905</double> 
        </void> 
        <void method="add"> 
         <double>7265.38230716604</double> 
        </void> 
       </object> 
      </void> 
      <void property="stdev"> 
       <double>26.975389712836243</double> 
      </void> 
     </object> 
    </void> 
    <void index="2"> 
     <object class="jmbench.tools.EvaluationMetrics"> 
      <void property="max"> 
       <double>7251.130927243172</double> 
      </void> 
      <void property="mean"> 
       <double>7197.550799805042</double> 
      </void> 
      <void property="median"> 
       <double>7171.762932548259</double> 
      </void> 
      <void property="min"> 
       <double>7151.860396164521</double> 
      </void> 
      <void property="rawResults"> 
       <object class="java.util.ArrayList"> 
        <void method="add"> 
         <double>7151.860396164521</double> 
        </void> 
        <void method="add"> 
         <double>7154.97962209882</double> 
        </void> 
        <void method="add"> 
         <double>7155.0094006403815</double> 
        </void> 
        <void method="add"> 
         <double>7158.092567996892</double> 
        </void> 
        <void method="add"> 
         <double>7159.877359830837</double> 
        </void> 
        <void method="add"> 
         <double>7162.574154565968</double> 
        </void> 
        <void method="add"> 
         <double>7164.858108657565</double> 
        </void> 
        <void method="add"> 
         <double>7166.585835510227</double> 
        </void> 
        <void method="add"> 
         <double>7166.937539300319</double> 
        </void> 
        <void method="add"> 
         <double>7167.719939463908</double> 
        </void> 
        <void method="add"> 
         <double>7170.062822293932</double> 
        </void> 
        <void method="add"> 
         <double>7170.817626639437</double> 
        </void> 
        <void method="add"> 
         <double>7171.762932548259</double> 
        </void> 
        <void method="add"> 
         <double>7180.341641683937</double> 
        </void> 
        <void method="add"> 
         <double>7180.526941238953</double> 
        </void> 
        <void method="add"> 
         <double>7240.969992398301</double> 
        </void> 
        <void method="add"> 
         <double>7245.278570352253</double> 
        </void> 
        <void method="add"> 
         <double>7245.823128435715</double> 
        </void> 
        <void method="add"> 
         <double>7250.460038320693</double> 
        </void> 
        <void method="add"> 
         <double>7251.130927243172</double> 
        </void> 
        <void method="add"> 
         <double>7243.224093009659</double> 
        </void> 
        <void method="add"> 
         <double>7244.966017820301</double> 
        </void> 
        <void method="add"> 
         <double>7240.924776158637</double> 
        </void> 
        <void method="add"> 
         <double>7246.946421494938</double> 
        </void> 
        <void method="add"> 
         <double>7247.039141258402</double> 
        </void> 
       </object> 
      </void> 
      <void property="stdev"> 
       <double>39.876509161873315</double> 
      </void> 
     </object> 
    </void> 
    <void index="3"> 
     <object class="jmbench.tools.EvaluationMetrics"> 
      <void property="max"> 
       <double>7189.199481770813</double> 
      </void> 
      <void property="mean"> 
       <double>7143.96835386472</double> 
      </void> 
      <void property="median"> 
       <double>7136.100231214016</double> 
      </void> 
      <void property="min"> 
       <double>7078.292829947272</double> 
      </void> 
      <void property="rawResults"> 
       <object class="java.util.ArrayList"> 
        <void method="add"> 
         <double>7078.292829947272</double> 
        </void> 
        <void method="add"> 
         <double>7089.542728721806</double> 
        </void> 
        <void method="add"> 
         <double>7097.386219225051</double> 
        </void> 
        <void method="add"> 
         <double>7106.415006364432</double> 
        </void> 
        <void method="add"> 
         <double>7130.34082852642</double> 
        </void> 
        <void method="add"> 
         <double>7130.50599002091</double> 
        </void> 
        <void method="add"> 
         <double>7130.643425522862</double> 
        </void> 
        <void method="add"> 
         <double>7130.725465797608</double> 
        </void> 
        <void method="add"> 
         <double>7131.255230611438</double> 
        </void> 
        <void method="add"> 
         <double>7131.561188216267</double> 
        </void> 
        <void method="add"> 
         <double>7134.507267055286</double> 
        </void> 
        <void method="add"> 
         <double>7135.949970131295</double> 
        </void> 
        <void method="add"> 
         <double>7136.100231214016</double> 
        </void> 
        <void method="add"> 
         <double>7139.116792660653</double> 
        </void> 
        <void method="add"> 
         <double>7154.68762891821</double> 
        </void> 
        <void method="add"> 
         <double>7155.5095796147125</double> 
        </void> 
        <void method="add"> 
         <double>7183.760863690912</double> 
        </void> 
        <void method="add"> 
         <double>7185.38205794117</double> 
        </void> 
        <void method="add"> 
         <double>7187.278700011529</double> 
        </void> 
        <void method="add"> 
         <double>7189.199481770813</double> 
        </void> 
        <void method="add"> 
         <double>7171.5347213145305</double> 
        </void> 
        <void method="add"> 
         <double>7164.297143455339</double> 
        </void> 
        <void method="add"> 
         <double>7157.939861449087</double> 
        </void> 
        <void method="add"> 
         <double>7178.708091403602</double> 
        </void> 
        <void method="add"> 
         <double>7168.567543032742</double> 
        </void> 
       </object> 
      </void> 
      <void property="stdev"> 
       <double>30.185345428206297</double> 
      </void> 
     </object> 
    </void> 
    <void index="4"> 
     <object class="jmbench.tools.EvaluationMetrics"> 
      <void property="max"> 
       <double>6762.61516726705</double> 
      </void> 
      <void property="mean"> 
       <double>6662.121536451878</double> 
      </void> 
      <void property="median"> 
       <double>6656.165807308982</double> 
      </void> 
      <void property="min"> 
       <double>6577.96724933024</double> 
      </void> 
      <void property="rawResults"> 
       <object class="java.util.ArrayList"> 
        <void method="add"> 
         <double>6577.96724933024</double> 
        </void> 
        <void method="add"> 
         <double>6600.88662934584</double> 
        </void> 
        <void method="add"> 
         <double>6604.021246702075</double> 
        </void> 
        <void method="add"> 
         <double>6606.988703607001</double> 
        </void> 
        <void method="add"> 
         <double>6607.984400567603</double> 
        </void> 
        <void method="add"> 
         <double>6611.910152144977</double> 
        </void> 
        <void method="add"> 
         <double>6614.5610277672</double> 
        </void> 
        <void method="add"> 
         <double>6617.261649774124</double> 
        </void> 
        <void method="add"> 
         <double>6639.097124389789</double> 
        </void> 
        <void method="add"> 
         <double>6651.138900914197</double> 
        </void> 
        <void method="add"> 
         <double>6652.9784906725945</double> 
        </void> 
        <void method="add"> 
         <double>6655.831662879443</double> 
        </void> 
        <void method="add"> 
         <double>6656.165807308982</double> 
        </void> 
        <void method="add"> 
         <double>6656.977262743958</double> 
        </void> 
        <void method="add"> 
         <double>6662.375423333249</double> 
        </void> 
        <void method="add"> 
         <double>6739.228932055839</double> 
        </void> 
        <void method="add"> 
         <double>6742.639780038483</double> 
        </void> 
        <void method="add"> 
         <double>6754.544916660159</double> 
        </void> 
        <void method="add"> 
         <double>6757.852343373221</double> 
        </void> 
        <void method="add"> 
         <double>6762.61516726705</double> 
        </void> 
        <void method="add"> 
         <double>6690.894087288235</double> 
        </void> 
        <void method="add"> 
         <double>6674.63078171549</double> 
        </void> 
        <void method="add"> 
         <double>6664.269486598384</double> 
        </void> 
        <void method="add"> 
         <double>6674.221635409561</double> 
        </void> 
        <void method="add"> 
         <double>6675.995549409207</double> 
        </void> 
       </object> 
      </void> 
      <void property="stdev"> 
       <double>52.67685823733135</double> 
      </void> 
     </object> 
    </void> 
    <void index="5"> 
     <object class="jmbench.tools.EvaluationMetrics"> 
      <void property="max"> 
       <double>5227.66459825404</double> 
      </void> 
      <void property="mean"> 
       <double>5183.362729331745</double> 
      </void> 
      <void property="median"> 
       <double>5183.733172773869</double> 
      </void> 
      <void property="min"> 
       <double>5146.04770447886</double> 
      </void> 
      <void property="rawResults"> 
       <object class="java.util.ArrayList"> 
        <void method="add"> 
         <double>5146.04770447886</double> 
        </void> 
        <void method="add"> 
         <double>5149.6015162309</double> 
        </void> 
        <void method="add"> 
         <double>5149.826790755039</double> 
        </void> 
        <void method="add"> 
         <double>5152.086271855036</double> 
        </void> 
        <void method="add"> 
         <double>5154.909840462367</double> 
        </void> 
        <void method="add"> 
         <double>5155.436841017414</double> 
        </void> 
        <void method="add"> 
         <double>5155.71563909095</double> 
        </void> 
        <void method="add"> 
         <double>5158.0165968282945</double> 
        </void> 
        <void method="add"> 
         <double>5159.0499426222295</double> 
        </void> 
        <void method="add"> 
         <double>5160.031275723667</double> 
        </void> 
        <void method="add"> 
         <double>5166.191620702759</double> 
        </void> 
        <void method="add"> 
         <double>5177.720255878134</double> 
        </void> 
        <void method="add"> 
         <double>5183.733172773869</double> 
        </void> 
        <void method="add"> 
         <double>5186.293571469059</double> 
        </void> 
        <void method="add"> 
         <double>5189.548303507579</double> 
        </void> 
        <void method="add"> 
         <double>5196.744840080799</double> 
        </void> 
        <void method="add"> 
         <double>5205.511349786247</double> 
        </void> 
        <void method="add"> 
         <double>5213.308565835991</double> 
        </void> 
        <void method="add"> 
         <double>5213.80598059736</double> 
        </void> 
        <void method="add"> 
         <double>5214.970156343973</double> 
        </void> 
        <void method="add"> 
         <double>5192.250303194792</double> 
        </void> 
        <void method="add"> 
         <double>5224.583057963282</double> 
        </void> 
        <void method="add"> 
         <double>5223.480410783058</double> 
        </void> 
        <void method="add"> 
         <double>5227.539627057916</double> 
        </void> 
        <void method="add"> 
         <double>5227.66459825404</double> 
        </void> 
       </object> 
      </void> 
      <void property="stdev"> 
       <double>28.23789015328284</double> 
      </void> 
     </object> 
    </void> 
    <void index="6"> 
     <object class="jmbench.tools.EvaluationMetrics"> 
      <void property="max"> 
       <double>1341.6271952657269</double> 
      </void> 
      <void property="mean"> 
       <double>1318.3068554729075</double> 
      </void> 
      <void property="median"> 
       <double>1327.2160748510266</double> 
      </void> 
      <void property="min"> 
       <double>1274.2800436315135</double> 
      </void> 
      <void property="rawResults"> 
       <object class="java.util.ArrayList"> 
        <void method="add"> 
         <double>1274.2800436315135</double> 
        </void> 
        <void method="add"> 
         <double>1277.4329062237334</double> 
        </void> 
        <void method="add"> 
         <double>1279.5896987952578</double> 
        </void> 
        <void method="add"> 
         <double>1283.692693231801</double> 
        </void> 
        <void method="add"> 
         <double>1305.9475130969952</double> 
        </void> 
        <void method="add"> 
         <double>1311.9453829189433</double> 
        </void> 
        <void method="add"> 
         <double>1312.7016907890136</double> 
        </void> 
        <void method="add"> 
         <double>1318.9501427638722</double> 
        </void> 
        <void method="add"> 
         <double>1327.2160748510266</double> 
        </void> 
        <void method="add"> 
         <double>1329.1255241551935</double> 
        </void> 
        <void method="add"> 
         <double>1330.0097685503422</double> 
        </void> 
        <void method="add"> 
         <double>1331.0850633935631</double> 
        </void> 
        <void method="add"> 
         <double>1335.0683606284167</double> 
        </void> 
        <void method="add"> 
         <double>1335.5083258505854</double> 
        </void> 
        <void method="add"> 
         <double>1337.4752121498595</double> 
        </void> 
        <void method="add"> 
         <double>1338.1219464826092</double> 
        </void> 
        <void method="add"> 
         <double>1339.5253686551753</double> 
        </void> 
        <void method="add"> 
         <double>1339.905702086435</double> 
        </void> 
        <void method="add"> 
         <double>1340.4103434893832</double> 
        </void> 
        <void method="add"> 
         <double>1341.6271952657269</double> 
        </void> 
        <void method="add"> 
         <double>1278.3615427968034</double> 
        </void> 
        <void method="add"> 
         <double>1314.2004517285864</double> 
        </void> 
        <void method="add"> 
         <double>1325.2140884200073</double> 
        </void> 
        <void method="add"> 
         <double>1328.9723218009624</double> 
        </void> 
        <void method="add"> 
         <double>1321.3040250668773</double> 
        </void> 
       </object> 
      </void> 
      <void property="stdev"> 
       <double>21.997169048576453</double> 
      </void> 
     </object> 
    </void> 
    <void index="7"> 
     <object class="jmbench.tools.EvaluationMetrics"> 
      <void property="max"> 
       <double>196.66766251804376</double> 
      </void> 
      <void property="mean"> 
       <double>190.18221079945846</double> 
      </void> 
      <void property="median"> 
       <double>190.97705401425608</double> 
      </void> 
      <void property="min"> 
       <double>183.84505575470004</double> 
      </void> 
      <void property="rawResults"> 
       <object class="java.util.ArrayList"> 
        <void method="add"> 
         <double>183.84505575470004</double> 
        </void> 
        <void method="add"> 
         <double>183.87163620219619</double> 
        </void> 
        <void method="add"> 
         <double>184.1189666083385</double> 
        </void> 
        <void method="add"> 
         <double>184.64856163903514</double> 
        </void> 
        <void method="add"> 
         <double>186.19012046886917</double> 
        </void> 
        <void method="add"> 
         <double>187.6168419124098</double> 
        </void> 
        <void method="add"> 
         <double>188.32407664195247</double> 
        </void> 
        <void method="add"> 
         <double>189.133926904956</double> 
        </void> 
        <void method="add"> 
         <double>189.1413836576327</double> 
        </void> 
        <void method="add"> 
         <double>190.60827806927293</double> 
        </void> 
        <void method="add"> 
         <double>190.97705401425608</double> 
        </void> 
        <void method="add"> 
         <double>191.47794905362466</double> 
        </void> 
        <void method="add"> 
         <double>191.66544850496444</double> 
        </void> 
        <void method="add"> 
         <double>192.19778643571536</double> 
        </void> 
        <void method="add"> 
         <double>192.50303243960445</double> 
        </void> 
        <void method="add"> 
         <double>193.25711629517133</double> 
        </void> 
        <void method="add"> 
         <double>193.62023608722794</double> 
        </void> 
        <void method="add"> 
         <double>193.82022555872942</double> 
        </void> 
        <void method="add"> 
         <double>194.07147952647227</double> 
        </void> 
        <void method="add"> 
         <double>194.0863278234442</double> 
        </void> 
        <void method="add"> 
         <double>189.32680487816273</double> 
        </void> 
        <void method="add"> 
         <double>191.58664931078712</double> 
        </void> 
        <void method="add"> 
         <double>187.83133752143883</double> 
        </void> 
        <void method="add"> 
         <double>193.96731215945664</double> 
        </void> 
        <void method="add"> 
         <double>196.66766251804376</double> 
        </void> 
       </object> 
      </void> 
      <void property="stdev"> 
       <double>3.5730014040815354</double> 
      </void> 
     </object> 
    </void> 
    <void index="8"> 
     <object class="jmbench.tools.EvaluationMetrics"> 
      <void property="max"> 
       <double>16.459189004530167</double> 
      </void> 
      <void property="mean"> 
       <double>16.36194498940564</double> 
      </void> 
      <void property="median"> 
       <double>16.38059297152269</double> 
      </void> 
      <void property="min"> 
       <double>16.0438463476636</double> 
      </void> 
      <void property="rawResults"> 
       <object class="java.util.ArrayList"> 
        <void method="add"> 
         <double>16.0438463476636</double> 
        </void> 
        <void method="add"> 
         <double>16.210626354124276</double> 
        </void> 
        <void method="add"> 
         <double>16.244950718831777</double> 
        </void> 
        <void method="add"> 
         <double>16.323075082542225</double> 
        </void> 
        <void method="add"> 
         <double>16.32904879950473</double> 
        </void> 
        <void method="add"> 
         <double>16.336066474329634</double> 
        </void> 
        <void method="add"> 
         <double>16.34789912072441</double> 
        </void> 
        <void method="add"> 
         <double>16.356696430275445</double> 
        </void> 
        <void method="add"> 
         <double>16.38059297152269</double> 
        </void> 
        <void method="add"> 
         <double>16.382584160227996</double> 
        </void> 
        <void method="add"> 
         <double>16.40402042475213</double> 
        </void> 
        <void method="add"> 
         <double>16.41169490632771</double> 
        </void> 
        <void method="add"> 
         <double>16.425738954425256</double> 
        </void> 
        <void method="add"> 
         <double>16.429818082092954</double> 
        </void> 
        <void method="add"> 
         <double>16.43151570372464</double> 
        </void> 
        <void method="add"> 
         <double>16.4321467613552</double> 
        </void> 
        <void method="add"> 
         <double>16.435763809445938</double> 
        </void> 
        <void method="add"> 
         <double>16.44033579039598</double> 
        </void> 
        <void method="add"> 
         <double>16.456541683612034</double> 
        </void> 
        <void method="add"> 
         <double>16.459189004530167</double> 
        </void> 
        <void method="add"> 
         <double>16.380044203856432</double> 
        </void> 
        <void method="add"> 
         <double>16.32802314551098</double> 
        </void> 
        <void method="add"> 
         <double>16.38245567342215</double> 
        </void> 
        <void method="add"> 
         <double>16.374247414822765</double> 
        </void> 
        <void method="add"> 
         <double>16.30170271711985</double> 
        </void> 
       </object> 
      </void> 
      <void property="stdev"> 
       <double>0.08953254714222217</double> 
      </void> 
     </object> 
    </void> 
    <void index="9"> 
     <object class="jmbench.tools.EvaluationMetrics"> 
      <void property="max"> 
       <double>0.6516064253246702</double> 
      </void> 
      <void property="mean"> 
       <double>0.6330911009355545</double> 
      </void> 
      <void property="median"> 
       <double>0.6334042067352269</double> 
      </void> 
      <void property="min"> 
       <double>0.6174690039814318</double> 
      </void> 
      <void property="rawResults"> 
       <object class="java.util.ArrayList"> 
        <void method="add"> 
         <double>0.6218476281757026</double> 
        </void> 
        <void method="add"> 
         <double>0.6237278820354734</double> 
        </void> 
        <void method="add"> 
         <double>0.6255567157630851</double> 
        </void> 
        <void method="add"> 
         <double>0.6266648446302754</double> 
        </void> 
        <void method="add"> 
         <double>0.62904699804089</double> 
        </void> 
        <void method="add"> 
         <double>0.6292759505353561</double> 
        </void> 
        <void method="add"> 
         <double>0.6298305332997204</double> 
        </void> 
        <void method="add"> 
         <double>0.6303114728706211</double> 
        </void> 
        <void method="add"> 
         <double>0.6303368904879788</double> 
        </void> 
        <void method="add"> 
         <double>0.6314884646434733</double> 
        </void> 
        <void method="add"> 
         <double>0.6334042067352269</double> 
        </void> 
        <void method="add"> 
         <double>0.6339048219636818</double> 
        </void> 
        <void method="add"> 
         <double>0.6341519435152823</double> 
        </void> 
        <void method="add"> 
         <double>0.6347783166144654</double> 
        </void> 
        <void method="add"> 
         <double>0.6368695980237072</double> 
        </void> 
        <void method="add"> 
         <double>0.6371870136512813</double> 
        </void> 
        <void method="add"> 
         <double>0.6379984620377175</double> 
        </void> 
        <void method="add"> 
         <double>0.6405097602995761</double> 
        </void> 
        <void method="add"> 
         <double>0.6414326551269806</double> 
        </void> 
        <void method="add"> 
         <double>0.6423304340117675</double> 
        </void> 
        <void method="add"> 
         <double>0.6174690039814318</double> 
        </void> 
        <void method="add"> 
         <double>0.6380550108870736</double> 
        </void> 
        <void method="add"> 
         <double>0.639611488520035</double> 
        </void> 
        <void method="add"> 
         <double>0.6516064253246702</double> 
        </void> 
        <void method="add"> 
         <double>0.6298810022133879</double> 
        </void> 
       </object> 
      </void> 
      <void property="stdev"> 
       <double>0.007227033180694281</double> 
      </void> 
     </object> 
    </void> 
    <void index="10"> 
     <object class="jmbench.tools.EvaluationMetrics"> 
      <void property="max"> 
       <double>0.05802444125892893</double> 
      </void> 
      <void property="mean"> 
       <double>0.054012108310028104</double> 
      </void> 
      <void property="median"> 
       <double>0.052939893778068264</double> 
      </void> 
      <void property="min"> 
       <double>0.05233124945778317</double> 
      </void> 
      <void property="rawResults"> 
       <object class="java.util.ArrayList"> 
        <void method="add"> 
         <double>0.052939893778068264</double> 
        </void> 
        <void method="add"> 
         <double>0.05802444125892893</double> 
        </void> 
        <void method="add"> 
         <double>0.05233124945778317</double> 
        </void> 
        <void method="add"> 
         <double>0.052752848745332065</double> 
        </void> 
       </object> 
      </void> 
      <void property="stdev"> 
       <double>0.002326987367167561</double> 
      </void> 
     </object> 
    </void> 
   </array> 
  </void> 
  <void property="opName"> 
   <string>QR</string> 
  </void> 
 </object> 
</java> 
