<?xml version="1.0" encoding="UTF-8"?> 
<java version="1.6.0_16" class="java.beans.XMLDecoder"> 
 <object class="jmbench.tools.runtime.OperationResults"> 
  <void property="library"> 
   <object class="jmbench.impl.MatrixLibrary" method="valueOf"> 
    <string>UJMP</string> 
   </object> 
  </void> 
  <void property="matDimen"> 
   <array class="int" length="12"> 
    <void index="0"> 
     <int>2</int> 
    </void> 
    <void index="1"> 
     <int>3</int> 
    </void> 
    <void index="2"> 
     <int>4</int> 
    </void> 
    <void index="3"> 
     <int>5</int> 
    </void> 
    <void index="4"> 
     <int>10</int> 
    </void> 
    <void index="5"> 
     <int>20</int> 
    </void> 
    <void index="6"> 
     <int>50</int> 
    </void> 
    <void index="7"> 
     <int>100</int> 
    </void> 
    <void index="8"> 
     <int>200</int> 
    </void> 
    <void index="9"> 
     <int>500</int> 
    </void> 
    <void index="10"> 
     <int>1000</int> 
    </void> 
    <void index="11"> 
     <int>2000</int> 
    </void> 
   </array> 
  </void> 
  <void property="metrics"> 
   <array class="jmbench.tools.EvaluationMetrics" length="12"> 
    <void index="0"> 
     <object class="jmbench.tools.EvaluationMetrics"> 
      <void property="max"> 
       <double>3475.5242272212886</double> 
      </void> 
      <void property="mean"> 
       <double>3442.8807064406815</double> 
      </void> 
      <void property="median"> 
       <double>3459.963049909497</double> 
      </void> 
      <void property="min"> 
       <double>3360.9658957929746</double> 
      </void> 
      <void property="rawResults"> 
       <object class="java.util.ArrayList"> 
        <void method="add"> 
         <double>3360.9658957929746</double> 
        </void> 
        <void method="add"> 
         <double>3370.6658287429223</double> 
        </void> 
        <void method="add"> 
         <double>3371.4700802800257</double> 
        </void> 
        <void method="add"> 
         <double>3372.8412614263516</double> 
        </void> 
        <void method="add"> 
         <double>3452.3327561074198</double> 
        </void> 
        <void method="add"> 
         <double>3456.189446619114</double> 
        </void> 
        <void method="add"> 
         <double>3457.3104794629503</double> 
        </void> 
        <void method="add"> 
         <double>3457.403065201364</double> 
        </void> 
        <void method="add"> 
         <double>3459.963049909497</double> 
        </void> 
        <void method="add"> 
         <double>3459.9896285755694</double> 
        </void> 
        <void method="add"> 
         <double>3460.4854940003715</double> 
        </void> 
        <void method="add"> 
         <double>3461.181825791149</double> 
        </void> 
        <void method="add"> 
         <double>3463.0335749093874</double> 
        </void> 
        <void method="add"> 
         <double>3463.7588103127705</double> 
        </void> 
        <void method="add"> 
         <double>3464.836473891854</double> 
        </void> 
        <void method="add"> 
         <double>3466.2487568380648</double> 
        </void> 
        <void method="add"> 
         <double>3466.8736027904224</double> 
        </void> 
        <void method="add"> 
         <double>3473.586906114813</double> 
        </void> 
        <void method="add"> 
         <double>3474.967835676765</double> 
        </void> 
        <void method="add"> 
         <double>3475.5242272212886</double> 
        </void> 
        <void method="add"> 
         <double>3369.421185228356</double> 
        </void> 
        <void method="add"> 
         <double>3464.7687503624616</double> 
        </void> 
        <void method="add"> 
         <double>3457.457502291916</double> 
        </void> 
        <void method="add"> 
         <double>3457.5945447020586</double> 
        </void> 
        <void method="add"> 
         <double>3433.146678767168</double> 
        </void> 
       </object> 
      </void> 
      <void property="stdev"> 
       <double>37.80369048206938</double> 
      </void> 
     </object> 
    </void> 
    <void index="1"> 
     <object class="jmbench.tools.EvaluationMetrics"> 
      <void property="max"> 
       <double>3424.76427370507</double> 
      </void> 
      <void property="mean"> 
       <double>3376.087354742777</double> 
      </void> 
      <void property="median"> 
       <double>3389.4513562798725</double> 
      </void> 
      <void property="min"> 
       <double>3269.7678011688554</double> 
      </void> 
      <void property="rawResults"> 
       <object class="java.util.ArrayList"> 
        <void method="add"> 
         <double>3269.7678011688554</double> 
        </void> 
        <void method="add"> 
         <double>3290.384024995647</double> 
        </void> 
        <void method="add"> 
         <double>3311.3783393870963</double> 
        </void> 
        <void method="add"> 
         <double>3321.0050462639183</double> 
        </void> 
        <void method="add"> 
         <double>3384.4492663021656</double> 
        </void> 
        <void method="add"> 
         <double>3384.885341542681</double> 
        </void> 
        <void method="add"> 
         <double>3388.4340221380935</double> 
        </void> 
        <void method="add"> 
         <double>3389.4513562798725</double> 
        </void> 
        <void method="add"> 
         <double>3389.5182753142494</double> 
        </void> 
        <void method="add"> 
         <double>3391.060810158385</double> 
        </void> 
        <void method="add"> 
         <double>3393.9744125009834</double> 
        </void> 
        <void method="add"> 
         <double>3396.413468805362</double> 
        </void> 
        <void method="add"> 
         <double>3397.092496747429</double> 
        </void> 
        <void method="add"> 
         <double>3397.4003145553907</double> 
        </void> 
        <void method="add"> 
         <double>3398.822455912831</double> 
        </void> 
        <void method="add"> 
         <double>3401.8612454949393</double> 
        </void> 
        <void method="add"> 
         <double>3410.642546616269</double> 
        </void> 
        <void method="add"> 
         <double>3420.1191315002025</double> 
        </void> 
        <void method="add"> 
         <double>3424.2310442181392</double> 
        </void> 
        <void method="add"> 
         <double>3424.76427370507</double> 
        </void> 
        <void method="add"> 
         <double>3287.4127320049815</double> 
        </void> 
        <void method="add"> 
         <double>3385.8309622309557</double> 
        </void> 
        <void method="add"> 
         <double>3381.841601892992</double> 
        </void> 
        <void method="add"> 
         <double>3377.1770051127946</double> 
        </void> 
        <void method="add"> 
         <double>3384.2658937201104</double> 
        </void> 
       </object> 
      </void> 
      <void property="stdev"> 
       <double>42.63442103952112</double> 
      </void> 
     </object> 
    </void> 
    <void index="2"> 
     <object class="jmbench.tools.EvaluationMetrics"> 
      <void property="max"> 
       <double>3376.2858252054825</double> 
      </void> 
      <void property="mean"> 
       <double>3338.3760474186556</double> 
      </void> 
      <void property="median"> 
       <double>3354.2895525405625</double> 
      </void> 
      <void property="min"> 
       <double>3237.2071189727394</double> 
      </void> 
      <void property="rawResults"> 
       <object class="java.util.ArrayList"> 
        <void method="add"> 
         <double>3237.2071189727394</double> 
        </void> 
        <void method="add"> 
         <double>3274.970573596338</double> 
        </void> 
        <void method="add"> 
         <double>3283.229966508937</double> 
        </void> 
        <void method="add"> 
         <double>3284.4590547745215</double> 
        </void> 
        <void method="add"> 
         <double>3311.4776919492297</double> 
        </void> 
        <void method="add"> 
         <double>3326.542445542511</double> 
        </void> 
        <void method="add"> 
         <double>3340.8336488186656</double> 
        </void> 
        <void method="add"> 
         <double>3344.29231978761</double> 
        </void> 
        <void method="add"> 
         <double>3354.2584170490254</double> 
        </void> 
        <void method="add"> 
         <double>3355.5549653528296</double> 
        </void> 
        <void method="add"> 
         <double>3359.0665293115603</double> 
        </void> 
        <void method="add"> 
         <double>3359.581188675249</double> 
        </void> 
        <void method="add"> 
         <double>3361.586348727191</double> 
        </void> 
        <void method="add"> 
         <double>3362.7275581400995</double> 
        </void> 
        <void method="add"> 
         <double>3363.058879998357</double> 
        </void> 
        <void method="add"> 
         <double>3367.7975163999827</double> 
        </void> 
        <void method="add"> 
         <double>3369.7361953463956</double> 
        </void> 
        <void method="add"> 
         <double>3371.375639765528</double> 
        </void> 
        <void method="add"> 
         <double>3375.297911480733</double> 
        </void> 
        <void method="add"> 
         <double>3376.2858252054825</double> 
        </void> 
        <void method="add"> 
         <double>3263.157346564051</double> 
        </void> 
        <void method="add"> 
         <double>3354.2895525405625</double> 
        </void> 
        <void method="add"> 
         <double>3355.3736624635485</double> 
        </void> 
        <void method="add"> 
         <double>3354.1365766431336</double> 
        </void> 
        <void method="add"> 
         <double>3353.1042518521153</double> 
        </void> 
       </object> 
      </void> 
      <void property="stdev"> 
       <double>38.30298553223531</double> 
      </void> 
     </object> 
    </void> 
    <void index="3"> 
     <object class="jmbench.tools.EvaluationMetrics"> 
      <void property="max"> 
       <double>3317.777459099898</double> 
      </void> 
      <void property="mean"> 
       <double>3283.792272919814</double> 
      </void> 
      <void property="median"> 
       <double>3293.8074523149785</double> 
      </void> 
      <void property="min"> 
       <double>3203.647356210596</double> 
      </void> 
      <void property="rawResults"> 
       <object class="java.util.ArrayList"> 
        <void method="add"> 
         <double>3203.647356210596</double> 
        </void> 
        <void method="add"> 
         <double>3208.686699642019</double> 
        </void> 
        <void method="add"> 
         <double>3215.2034631404663</double> 
        </void> 
        <void method="add"> 
         <double>3234.276877810068</double> 
        </void> 
        <void method="add"> 
         <double>3285.1401224025562</double> 
        </void> 
        <void method="add"> 
         <double>3288.6282151920377</double> 
        </void> 
        <void method="add"> 
         <double>3291.0050412953324</double> 
        </void> 
        <void method="add"> 
         <double>3291.878535923768</double> 
        </void> 
        <void method="add"> 
         <double>3292.764183664032</double> 
        </void> 
        <void method="add"> 
         <double>3292.8846734350727</double> 
        </void> 
        <void method="add"> 
         <double>3293.4017598850874</double> 
        </void> 
        <void method="add"> 
         <double>3296.196396359335</double> 
        </void> 
        <void method="add"> 
         <double>3305.46656436572</double> 
        </void> 
        <void method="add"> 
         <double>3306.815015765317</double> 
        </void> 
        <void method="add"> 
         <double>3309.8650625833316</double> 
        </void> 
        <void method="add"> 
         <double>3310.465151520509</double> 
        </void> 
        <void method="add"> 
         <double>3311.346161772184</double> 
        </void> 
        <void method="add"> 
         <double>3312.0992367632857</double> 
        </void> 
        <void method="add"> 
         <double>3313.7091468285234</double> 
        </void> 
        <void method="add"> 
         <double>3317.777459099898</double> 
        </void> 
        <void method="add"> 
         <double>3213.794490536675</double> 
        </void> 
        <void method="add"> 
         <double>3304.528273542366</double> 
        </void> 
        <void method="add"> 
         <double>3293.8074523149785</double> 
        </void> 
        <void method="add"> 
         <double>3296.465065809205</double> 
        </void> 
        <void method="add"> 
         <double>3304.9544171329994</double> 
        </void> 
       </object> 
      </void> 
      <void property="stdev"> 
       <double>35.67196035353226</double> 
      </void> 
     </object> 
    </void> 
    <void index="4"> 
     <object class="jmbench.tools.EvaluationMetrics"> 
      <void property="max"> 
       <double>2802.781091261737</double> 
      </void> 
      <void property="mean"> 
       <double>2766.947459105424</double> 
      </void> 
      <void property="median"> 
       <double>2774.1473793536757</double> 
      </void> 
      <void property="min"> 
       <double>2683.6844048876596</double> 
      </void> 
      <void property="rawResults"> 
       <object class="java.util.ArrayList"> 
        <void method="add"> 
         <double>2692.430132717487</double> 
        </void> 
        <void method="add"> 
         <double>2707.3877911400687</double> 
        </void> 
        <void method="add"> 
         <double>2708.8715035110868</double> 
        </void> 
        <void method="add"> 
         <double>2721.1015135140415</double> 
        </void> 
        <void method="add"> 
         <double>2749.827812881575</double> 
        </void> 
        <void method="add"> 
         <double>2764.1244001190407</double> 
        </void> 
        <void method="add"> 
         <double>2773.978860049678</double> 
        </void> 
        <void method="add"> 
         <double>2774.1473793536757</double> 
        </void> 
        <void method="add"> 
         <double>2786.024480754804</double> 
        </void> 
        <void method="add"> 
         <double>2787.4505171150995</double> 
        </void> 
        <void method="add"> 
         <double>2790.943384251495</double> 
        </void> 
        <void method="add"> 
         <double>2792.2066180279994</double> 
        </void> 
        <void method="add"> 
         <double>2793.6896618361893</double> 
        </void> 
        <void method="add"> 
         <double>2795.136883620934</double> 
        </void> 
        <void method="add"> 
         <double>2797.4504151505853</double> 
        </void> 
        <void method="add"> 
         <double>2799.078904580837</double> 
        </void> 
        <void method="add"> 
         <double>2800.4581591021692</double> 
        </void> 
        <void method="add"> 
         <double>2801.9373988647294</double> 
        </void> 
        <void method="add"> 
         <double>2801.977518599136</double> 
        </void> 
        <void method="add"> 
         <double>2802.781091261737</double> 
        </void> 
        <void method="add"> 
         <double>2683.6844048876596</double> 
        </void> 
        <void method="add"> 
         <double>2743.363365530375</double> 
        </void> 
        <void method="add"> 
         <double>2768.040635565617</double> 
        </void> 
        <void method="add"> 
         <double>2767.8328565640422</double> 
        </void> 
        <void method="add"> 
         <double>2769.760788635537</double> 
        </void> 
       </object> 
      </void> 
      <void property="stdev"> 
       <double>36.224427223893706</double> 
      </void> 
     </object> 
    </void> 
    <void index="5"> 
     <object class="jmbench.tools.EvaluationMetrics"> 
      <void property="max"> 
       <double>1438.4787408418833</double> 
      </void> 
      <void property="mean"> 
       <double>1398.4862740682997</double> 
      </void> 
      <void property="median"> 
       <double>1395.581884802656</double> 
      </void> 
      <void property="min"> 
       <double>1334.0008290730723</double> 
      </void> 
      <void property="rawResults"> 
       <object class="java.util.ArrayList"> 
        <void method="add"> 
         <double>1334.0008290730723</double> 
        </void> 
        <void method="add"> 
         <double>1353.1157701734908</double> 
        </void> 
        <void method="add"> 
         <double>1355.0205994271453</double> 
        </void> 
        <void method="add"> 
         <double>1358.8390424650759</double> 
        </void> 
        <void method="add"> 
         <double>1377.0947315700282</double> 
        </void> 
        <void method="add"> 
         <double>1378.4572982615077</double> 
        </void> 
        <void method="add"> 
         <double>1378.6021599588737</double> 
        </void> 
        <void method="add"> 
         <double>1389.4025097383799</double> 
        </void> 
        <void method="add"> 
         <double>1393.733652948213</double> 
        </void> 
        <void method="add"> 
         <double>1394.077196986328</double> 
        </void> 
        <void method="add"> 
         <double>1411.4218617322324</double> 
        </void> 
        <void method="add"> 
         <double>1411.7237037334846</double> 
        </void> 
        <void method="add"> 
         <double>1414.0344968896195</double> 
        </void> 
        <void method="add"> 
         <double>1430.6437236058944</double> 
        </void> 
        <void method="add"> 
         <double>1431.541678253281</double> 
        </void> 
        <void method="add"> 
         <double>1433.9239483121758</double> 
        </void> 
        <void method="add"> 
         <double>1434.3501467223884</double> 
        </void> 
        <void method="add"> 
         <double>1435.0799311451992</double> 
        </void> 
        <void method="add"> 
         <double>1436.6024803682155</double> 
        </void> 
        <void method="add"> 
         <double>1438.4787408418833</double> 
        </void> 
        <void method="add"> 
         <double>1357.9919793063539</double> 
        </void> 
        <void method="add"> 
         <double>1379.8958128058377</double> 
        </void> 
        <void method="add"> 
         <double>1395.581884802656</double> 
        </void> 
        <void method="add"> 
         <double>1416.3976016113363</double> 
        </void> 
        <void method="add"> 
         <double>1422.1450709748167</double> 
        </void> 
       </object> 
      </void> 
      <void property="stdev"> 
       <double>30.708654216185423</double> 
      </void> 
     </object> 
    </void> 
    <void index="6"> 
     <object class="jmbench.tools.EvaluationMetrics"> 
      <void property="max"> 
       <double>103.80319917180476</double> 
      </void> 
      <void property="mean"> 
       <double>103.00402848713152</double> 
      </void> 
      <void property="median"> 
       <double>103.04989391986481</double> 
      </void> 
      <void property="min"> 
       <double>102.1243233992204</double> 
      </void> 
      <void property="rawResults"> 
       <object class="java.util.ArrayList"> 
        <void method="add"> 
         <double>102.1243233992204</double> 
        </void> 
        <void method="add"> 
         <double>102.14482074835149</double> 
        </void> 
        <void method="add"> 
         <double>102.49976473438046</double> 
        </void> 
        <void method="add"> 
         <double>102.70136309353828</double> 
        </void> 
        <void method="add"> 
         <double>102.7426089462422</double> 
        </void> 
        <void method="add"> 
         <double>102.80703131034369</double> 
        </void> 
        <void method="add"> 
         <double>102.91014462568987</double> 
        </void> 
        <void method="add"> 
         <double>102.93457887680191</double> 
        </void> 
        <void method="add"> 
         <double>102.94031276283035</double> 
        </void> 
        <void method="add"> 
         <double>102.98012298262213</double> 
        </void> 
        <void method="add"> 
         <double>103.02943650707996</double> 
        </void> 
        <void method="add"> 
         <double>103.04989391986481</double> 
        </void> 
        <void method="add"> 
         <double>103.05476319810872</double> 
        </void> 
        <void method="add"> 
         <double>103.05764307658312</double> 
        </void> 
        <void method="add"> 
         <double>103.11312678623888</double> 
        </void> 
        <void method="add"> 
         <double>103.14131628969879</double> 
        </void> 
        <void method="add"> 
         <double>103.21812569980662</double> 
        </void> 
        <void method="add"> 
         <double>103.4188925361787</double> 
        </void> 
        <void method="add"> 
         <double>103.6666087515879</double> 
        </void> 
        <void method="add"> 
         <double>103.80319917180476</double> 
        </void> 
        <void method="add"> 
         <double>102.77420670450732</double> 
        </void> 
        <void method="add"> 
         <double>103.28544406004997</double> 
        </void> 
        <void method="add"> 
         <double>103.29372996636434</double> 
        </void> 
        <void method="add"> 
         <double>103.06701424946655</double> 
        </void> 
        <void method="add"> 
         <double>103.34223978092662</double> 
        </void> 
       </object> 
      </void> 
      <void property="stdev"> 
       <double>0.3822199380607706</double> 
      </void> 
     </object> 
    </void> 
    <void index="7"> 
     <object class="jmbench.tools.EvaluationMetrics"> 
      <void property="max"> 
       <double>9.603077539187963</double> 
      </void> 
      <void property="mean"> 
       <double>9.481021355277985</double> 
      </void> 
      <void property="median"> 
       <double>9.516588970537944</double> 
      </void> 
      <void property="min"> 
       <double>9.249747924548167</double> 
      </void> 
      <void property="rawResults"> 
       <object class="java.util.ArrayList"> 
        <void method="add"> 
         <double>9.249747924548167</double> 
        </void> 
        <void method="add"> 
         <double>9.266325412271103</double> 
        </void> 
        <void method="add"> 
         <double>9.33821998564025</double> 
        </void> 
        <void method="add"> 
         <double>9.375007438273201</double> 
        </void> 
        <void method="add"> 
         <double>9.377709397087399</double> 
        </void> 
        <void method="add"> 
         <double>9.409567711915386</double> 
        </void> 
        <void method="add"> 
         <double>9.438256979537188</double> 
        </void> 
        <void method="add"> 
         <double>9.445710824092163</double> 
        </void> 
        <void method="add"> 
         <double>9.45098497922661</double> 
        </void> 
        <void method="add"> 
         <double>9.48607009891389</double> 
        </void> 
        <void method="add"> 
         <double>9.517094140290318</double> 
        </void> 
        <void method="add"> 
         <double>9.527464165196651</double> 
        </void> 
        <void method="add"> 
         <double>9.545898368982076</double> 
        </void> 
        <void method="add"> 
         <double>9.546643260404236</double> 
        </void> 
        <void method="add"> 
         <double>9.556743691453681</double> 
        </void> 
        <void method="add"> 
         <double>9.564037908838545</double> 
        </void> 
        <void method="add"> 
         <double>9.567639322128871</double> 
        </void> 
        <void method="add"> 
         <double>9.575182845107962</double> 
        </void> 
        <void method="add"> 
         <double>9.590032210996883</double> 
        </void> 
        <void method="add"> 
         <double>9.603077539187963</double> 
        </void> 
        <void method="add"> 
         <double>9.463542996783952</double> 
        </void> 
        <void method="add"> 
         <double>9.58033345342975</double> 
        </void> 
        <void method="add"> 
         <double>9.50717460652808</double> 
        </void> 
        <void method="add"> 
         <double>9.52647965057732</double> 
        </void> 
        <void method="add"> 
         <double>9.516588970537944</double> 
        </void> 
       </object> 
      </void> 
      <void property="stdev"> 
       <double>0.09652529241633975</double> 
      </void> 
     </object> 
    </void> 
    <void index="8"> 
     <object class="jmbench.tools.EvaluationMetrics"> 
      <void property="max"> 
       <double>1.0442100490832187</double> 
      </void> 
      <void property="mean"> 
       <double>1.0276340436168558</double> 
      </void> 
      <void property="median"> 
       <double>1.0268481593748027</double> 
      </void> 
      <void property="min"> 
       <double>1.0072161108554676</double> 
      </void> 
      <void property="rawResults"> 
       <object class="java.util.ArrayList"> 
        <void method="add"> 
         <double>1.0072161108554676</double> 
        </void> 
        <void method="add"> 
         <double>1.0098376237079743</double> 
        </void> 
        <void method="add"> 
         <double>1.0170309702706373</double> 
        </void> 
        <void method="add"> 
         <double>1.0197101118638052</double> 
        </void> 
        <void method="add"> 
         <double>1.019724981345215</double> 
        </void> 
        <void method="add"> 
         <double>1.0238423632668936</double> 
        </void> 
        <void method="add"> 
         <double>1.02404657199962</double> 
        </void> 
        <void method="add"> 
         <double>1.0248940863348162</double> 
        </void> 
        <void method="add"> 
         <double>1.0249197207799314</double> 
        </void> 
        <void method="add"> 
         <double>1.0251245980965376</double> 
        </void> 
        <void method="add"> 
         <double>1.0256137143367465</double> 
        </void> 
        <void method="add"> 
         <double>1.027203678200248</double> 
        </void> 
        <void method="add"> 
         <double>1.027323811546972</double> 
        </void> 
        <void method="add"> 
         <double>1.0283188100097294</double> 
        </void> 
        <void method="add"> 
         <double>1.0295329810485099</double> 
        </void> 
        <void method="add"> 
         <double>1.0353829741326923</double> 
        </void> 
        <void method="add"> 
         <double>1.0371544051555976</double> 
        </void> 
        <void method="add"> 
         <double>1.039482731854547</double> 
        </void> 
        <void method="add"> 
         <double>1.0404231429013604</double> 
        </void> 
        <void method="add"> 
         <double>1.0442100490832187</double> 
        </void> 
        <void method="add"> 
         <double>1.0308692919490317</double> 
        </void> 
        <void method="add"> 
         <double>1.0239311577497703</double> 
        </void> 
        <void method="add"> 
         <double>1.0386327649125142</double> 
        </void> 
        <void method="add"> 
         <double>1.0395762796447594</double> 
        </void> 
        <void method="add"> 
         <double>1.0268481593748027</double> 
        </void> 
       </object> 
      </void> 
      <void property="stdev"> 
       <double>0.009046575186505071</double> 
      </void> 
     </object> 
    </void> 
    <void index="9"> 
     <object class="jmbench.tools.EvaluationMetrics"> 
      <void property="max"> 
       <double>0.04623798703291137</double> 
      </void> 
      <void property="mean"> 
       <double>0.04390261266075794</double> 
      </void> 
      <void property="median"> 
       <double>0.04354516744758144</double> 
      </void> 
      <void property="min"> 
       <double>0.041924683501781024</double> 
      </void> 
      <void property="rawResults"> 
       <object class="java.util.ArrayList"> 
        <void method="add"> 
         <double>0.041924683501781024</double> 
        </void> 
        <void method="add"> 
         <double>0.04623798703291137</double> 
        </void> 
        <void method="add"> 
         <double>0.04354516744758144</double> 
        </void> 
       </object> 
      </void> 
      <void property="stdev"> 
       <double>0.0017789457829910527</double> 
      </void> 
     </object> 
    </void> 
   </array> 
  </void> 
  <void property="opName"> 
   <string>Solve m&gt;n</string> 
  </void> 
 </object> 
</java> 
