<?xml version="1.0" encoding="UTF-8"?> 
<java version="1.6.0_16" class="java.beans.XMLDecoder"> 
 <object class="jmbench.tools.runtime.OperationResults"> 
  <void property="library"> 
   <object class="jmbench.impl.MatrixLibrary" method="valueOf"> 
    <string>UJMP</string> 
   </object> 
  </void> 
  <void property="matDimen"> 
   <array class="int" length="12"> 
    <void index="0"> 
     <int>2</int> 
    </void> 
    <void index="1"> 
     <int>3</int> 
    </void> 
    <void index="2"> 
     <int>4</int> 
    </void> 
    <void index="3"> 
     <int>5</int> 
    </void> 
    <void index="4"> 
     <int>10</int> 
    </void> 
    <void index="5"> 
     <int>20</int> 
    </void> 
    <void index="6"> 
     <int>50</int> 
    </void> 
    <void index="7"> 
     <int>100</int> 
    </void> 
    <void index="8"> 
     <int>200</int> 
    </void> 
    <void index="9"> 
     <int>500</int> 
    </void> 
    <void index="10"> 
     <int>1000</int> 
    </void> 
    <void index="11"> 
     <int>2000</int> 
    </void> 
   </array> 
  </void> 
  <void property="metrics"> 
   <array class="jmbench.tools.EvaluationMetrics" length="12"> 
    <void index="0"> 
     <object class="jmbench.tools.EvaluationMetrics"> 
      <void property="max"> 
       <double>4330.805829228762</double> 
      </void> 
      <void property="mean"> 
       <double>4299.977410574039</double> 
      </void> 
      <void property="median"> 
       <double>4312.102139977099</double> 
      </void> 
      <void property="min"> 
       <double>4189.774476046762</double> 
      </void> 
      <void property="rawResults"> 
       <object class="java.util.ArrayList"> 
        <void method="add"> 
         <double>4189.774476046762</double> 
        </void> 
        <void method="add"> 
         <double>4237.749942237919</double> 
        </void> 
        <void method="add"> 
         <double>4257.51586286106</double> 
        </void> 
        <void method="add"> 
         <double>4261.455307798856</double> 
        </void> 
        <void method="add"> 
         <double>4294.539663160933</double> 
        </void> 
        <void method="add"> 
         <double>4298.996656082967</double> 
        </void> 
        <void method="add"> 
         <double>4299.926625032719</double> 
        </void> 
        <void method="add"> 
         <double>4302.974647641752</double> 
        </void> 
        <void method="add"> 
         <double>4308.933646058056</double> 
        </void> 
        <void method="add"> 
         <double>4309.113263911267</double> 
        </void> 
        <void method="add"> 
         <double>4309.180745608343</double> 
        </void> 
        <void method="add"> 
         <double>4312.102139977099</double> 
        </void> 
        <void method="add"> 
         <double>4312.26084241145</double> 
        </void> 
        <void method="add"> 
         <double>4313.572996243003</double> 
        </void> 
        <void method="add"> 
         <double>4314.491481162536</double> 
        </void> 
        <void method="add"> 
         <double>4315.556373348203</double> 
        </void> 
        <void method="add"> 
         <double>4317.611822470875</double> 
        </void> 
        <void method="add"> 
         <double>4321.8407730096305</double> 
        </void> 
        <void method="add"> 
         <double>4324.820491707297</double> 
        </void> 
        <void method="add"> 
         <double>4325.926761963833</double> 
        </void> 
        <void method="add"> 
         <double>4259.295180672507</double> 
        </void> 
        <void method="add"> 
         <double>4326.0401661081605</double> 
        </void> 
        <void method="add"> 
         <double>4328.342399826129</double> 
        </void> 
        <void method="add"> 
         <double>4330.805829228762</double> 
        </void> 
        <void method="add"> 
         <double>4326.607169780878</double> 
        </void> 
       </object> 
      </void> 
      <void property="stdev"> 
       <double>33.10940419845743</double> 
      </void> 
     </object> 
    </void> 
    <void index="1"> 
     <object class="jmbench.tools.EvaluationMetrics"> 
      <void property="max"> 
       <double>4298.587569030578</double> 
      </void> 
      <void property="mean"> 
       <double>4260.330546077846</double> 
      </void> 
      <void property="median"> 
       <double>4275.976829442508</double> 
      </void> 
      <void property="min"> 
       <double>4183.81473979329</double> 
      </void> 
      <void property="rawResults"> 
       <object class="java.util.ArrayList"> 
        <void method="add"> 
         <double>4183.81473979329</double> 
        </void> 
        <void method="add"> 
         <double>4203.109356831758</double> 
        </void> 
        <void method="add"> 
         <double>4204.402292550099</double> 
        </void> 
        <void method="add"> 
         <double>4224.345631768804</double> 
        </void> 
        <void method="add"> 
         <double>4228.608683097771</double> 
        </void> 
        <void method="add"> 
         <double>4240.715224697705</double> 
        </void> 
        <void method="add"> 
         <double>4246.875229454276</double> 
        </void> 
        <void method="add"> 
         <double>4250.500948810251</double> 
        </void> 
        <void method="add"> 
         <double>4252.566605694404</double> 
        </void> 
        <void method="add"> 
         <double>4275.976829442508</double> 
        </void> 
        <void method="add"> 
         <double>4280.437311955347</double> 
        </void> 
        <void method="add"> 
         <double>4282.504985748034</double> 
        </void> 
        <void method="add"> 
         <double>4285.161794472726</double> 
        </void> 
        <void method="add"> 
         <double>4285.939953087645</double> 
        </void> 
        <void method="add"> 
         <double>4286.422309756416</double> 
        </void> 
        <void method="add"> 
         <double>4288.861104181672</double> 
        </void> 
        <void method="add"> 
         <double>4289.442393806296</double> 
        </void> 
        <void method="add"> 
         <double>4290.758946624607</double> 
        </void> 
        <void method="add"> 
         <double>4293.9961045449345</double> 
        </void> 
        <void method="add"> 
         <double>4298.587569030578</double> 
        </void> 
        <void method="add"> 
         <double>4206.393321372838</double> 
        </void> 
        <void method="add"> 
         <double>4282.27944145271</double> 
        </void> 
        <void method="add"> 
         <double>4278.917235511165</double> 
        </void> 
        <void method="add"> 
         <double>4274.58217088113</double> 
        </void> 
        <void method="add"> 
         <double>4273.0634673791765</double> 
        </void> 
       </object> 
      </void> 
      <void property="stdev"> 
       <double>33.26309374178711</double> 
      </void> 
     </object> 
    </void> 
    <void index="2"> 
     <object class="jmbench.tools.EvaluationMetrics"> 
      <void property="max"> 
       <double>4269.713796668994</double> 
      </void> 
      <void property="mean"> 
       <double>4242.302564124894</double> 
      </void> 
      <void property="median"> 
       <double>4254.367577272608</double> 
      </void> 
      <void property="min"> 
       <double>4171.653467953307</double> 
      </void> 
      <void property="rawResults"> 
       <object class="java.util.ArrayList"> 
        <void method="add"> 
         <double>4171.653467953307</double> 
        </void> 
        <void method="add"> 
         <double>4185.202285362083</double> 
        </void> 
        <void method="add"> 
         <double>4207.823222916398</double> 
        </void> 
        <void method="add"> 
         <double>4211.938490691214</double> 
        </void> 
        <void method="add"> 
         <double>4212.775265346135</double> 
        </void> 
        <void method="add"> 
         <double>4249.813007302783</double> 
        </void> 
        <void method="add"> 
         <double>4251.319551563319</double> 
        </void> 
        <void method="add"> 
         <double>4253.138989044393</double> 
        </void> 
        <void method="add"> 
         <double>4254.8594093133715</double> 
        </void> 
        <void method="add"> 
         <double>4255.01079049228</double> 
        </void> 
        <void method="add"> 
         <double>4255.885585894519</double> 
        </void> 
        <void method="add"> 
         <double>4256.568283441029</double> 
        </void> 
        <void method="add"> 
         <double>4257.796760468332</double> 
        </void> 
        <void method="add"> 
         <double>4258.391089435645</double> 
        </void> 
        <void method="add"> 
         <double>4261.662406226099</double> 
        </void> 
        <void method="add"> 
         <double>4262.82183549308</double> 
        </void> 
        <void method="add"> 
         <double>4262.973440686934</double> 
        </void> 
        <void method="add"> 
         <double>4264.728408960766</double> 
        </void> 
        <void method="add"> 
         <double>4269.295813809878</double> 
        </void> 
        <void method="add"> 
         <double>4269.713796668994</double> 
        </void> 
        <void method="add"> 
         <double>4250.8022389947755</double> 
        </void> 
        <void method="add"> 
         <double>4254.367577272608</double> 
        </void> 
        <void method="add"> 
         <double>4248.778847732921</double> 
        </void> 
        <void method="add"> 
         <double>4251.727548415464</double> 
        </void> 
        <void method="add"> 
         <double>4178.515989636024</double> 
        </void> 
       </object> 
      </void> 
      <void property="stdev"> 
       <double>28.50894718216098</double> 
      </void> 
     </object> 
    </void> 
    <void index="3"> 
     <object class="jmbench.tools.EvaluationMetrics"> 
      <void property="max"> 
       <double>4262.8671130354105</double> 
      </void> 
      <void property="mean"> 
       <double>4192.100624929217</double> 
      </void> 
      <void property="median"> 
       <double>4190.33105126654</double> 
      </void> 
      <void property="min"> 
       <double>4079.347711435336</double> 
      </void> 
      <void property="rawResults"> 
       <object class="java.util.ArrayList"> 
        <void method="add"> 
         <double>4079.347711435336</double> 
        </void> 
        <void method="add"> 
         <double>4122.157756302273</double> 
        </void> 
        <void method="add"> 
         <double>4135.109278558041</double> 
        </void> 
        <void method="add"> 
         <double>4163.343767633248</double> 
        </void> 
        <void method="add"> 
         <double>4166.779246597095</double> 
        </void> 
        <void method="add"> 
         <double>4168.883373914219</double> 
        </void> 
        <void method="add"> 
         <double>4171.765562924348</double> 
        </void> 
        <void method="add"> 
         <double>4176.047586996831</double> 
        </void> 
        <void method="add"> 
         <double>4176.467535098078</double> 
        </void> 
        <void method="add"> 
         <double>4184.9241295795655</double> 
        </void> 
        <void method="add"> 
         <double>4185.597420086163</double> 
        </void> 
        <void method="add"> 
         <double>4190.33105126654</double> 
        </void> 
        <void method="add"> 
         <double>4195.67276744279</double> 
        </void> 
        <void method="add"> 
         <double>4198.510305956957</double> 
        </void> 
        <void method="add"> 
         <double>4199.979397522566</double> 
        </void> 
        <void method="add"> 
         <double>4203.791123117776</double> 
        </void> 
        <void method="add"> 
         <double>4210.907325156938</double> 
        </void> 
        <void method="add"> 
         <double>4215.361484114504</double> 
        </void> 
        <void method="add"> 
         <double>4215.423125453691</double> 
        </void> 
        <void method="add"> 
         <double>4216.860516103582</double> 
        </void> 
        <void method="add"> 
         <double>4186.1009900947865</double> 
        </void> 
        <void method="add"> 
         <double>4256.925820699979</double> 
        </void> 
        <void method="add"> 
         <double>4257.647253212297</double> 
        </void> 
        <void method="add"> 
         <double>4262.8671130354105</double> 
        </void> 
        <void method="add"> 
         <double>4261.713980927401</double> 
        </void> 
       </object> 
      </void> 
      <void property="stdev"> 
       <double>42.221253521025844</double> 
      </void> 
     </object> 
    </void> 
    <void index="4"> 
     <object class="jmbench.tools.EvaluationMetrics"> 
      <void property="max"> 
       <double>3944.7626347675564</double> 
      </void> 
      <void property="mean"> 
       <double>3914.1251150997628</double> 
      </void> 
      <void property="median"> 
       <double>3921.1407395711153</double> 
      </void> 
      <void property="min"> 
       <double>3850.932682445202</double> 
      </void> 
      <void property="rawResults"> 
       <object class="java.util.ArrayList"> 
        <void method="add"> 
         <double>3850.932682445202</double> 
        </void> 
        <void method="add"> 
         <double>3858.270111446088</double> 
        </void> 
        <void method="add"> 
         <double>3877.8542248201998</double> 
        </void> 
        <void method="add"> 
         <double>3879.5085128961955</double> 
        </void> 
        <void method="add"> 
         <double>3893.9262132131066</double> 
        </void> 
        <void method="add"> 
         <double>3894.0814544765417</double> 
        </void> 
        <void method="add"> 
         <double>3903.5338859329772</double> 
        </void> 
        <void method="add"> 
         <double>3905.491604548917</double> 
        </void> 
        <void method="add"> 
         <double>3910.1089554618807</double> 
        </void> 
        <void method="add"> 
         <double>3912.4990537263066</double> 
        </void> 
        <void method="add"> 
         <double>3921.1407395711153</double> 
        </void> 
        <void method="add"> 
         <double>3926.9369909542243</double> 
        </void> 
        <void method="add"> 
         <double>3927.252341671962</double> 
        </void> 
        <void method="add"> 
         <double>3933.460663769997</double> 
        </void> 
        <void method="add"> 
         <double>3934.8494354865684</double> 
        </void> 
        <void method="add"> 
         <double>3938.1680976644784</double> 
        </void> 
        <void method="add"> 
         <double>3938.794293055312</double> 
        </void> 
        <void method="add"> 
         <double>3940.1450555024076</double> 
        </void> 
        <void method="add"> 
         <double>3942.405302661327</double> 
        </void> 
        <void method="add"> 
         <double>3944.7626347675564</double> 
        </void> 
        <void method="add"> 
         <double>3889.944243190876</double> 
        </void> 
        <void method="add"> 
         <double>3909.4329703145095</double> 
        </void> 
        <void method="add"> 
         <double>3937.99430975636</double> 
        </void> 
        <void method="add"> 
         <double>3939.956012175343</double> 
        </void> 
        <void method="add"> 
         <double>3941.6780879846124</double> 
        </void> 
       </object> 
      </void> 
      <void property="stdev"> 
       <double>26.8597818501741</double> 
      </void> 
     </object> 
    </void> 
    <void index="5"> 
     <object class="jmbench.tools.EvaluationMetrics"> 
      <void property="max"> 
       <double>3101.11616091298</double> 
      </void> 
      <void property="mean"> 
       <double>3052.183738961918</double> 
      </void> 
      <void property="median"> 
       <double>3069.603286457335</double> 
      </void> 
      <void property="min"> 
       <double>2941.7136417034303</double> 
      </void> 
      <void property="rawResults"> 
       <object class="java.util.ArrayList"> 
        <void method="add"> 
         <double>2945.2409709793724</double> 
        </void> 
        <void method="add"> 
         <double>2999.085666070993</double> 
        </void> 
        <void method="add"> 
         <double>3012.5883797787083</double> 
        </void> 
        <void method="add"> 
         <double>3013.9757621974545</double> 
        </void> 
        <void method="add"> 
         <double>3018.338527510771</double> 
        </void> 
        <void method="add"> 
         <double>3024.3308498518654</double> 
        </void> 
        <void method="add"> 
         <double>3026.872154026618</double> 
        </void> 
        <void method="add"> 
         <double>3031.4436477339177</double> 
        </void> 
        <void method="add"> 
         <double>3069.603286457335</double> 
        </void> 
        <void method="add"> 
         <double>3075.3836516647466</double> 
        </void> 
        <void method="add"> 
         <double>3077.109276573989</double> 
        </void> 
        <void method="add"> 
         <double>3080.654063795205</double> 
        </void> 
        <void method="add"> 
         <double>3084.2972458508884</double> 
        </void> 
        <void method="add"> 
         <double>3085.867991411844</double> 
        </void> 
        <void method="add"> 
         <double>3091.685728876642</double> 
        </void> 
        <void method="add"> 
         <double>3092.305241241096</double> 
        </void> 
        <void method="add"> 
         <double>3092.5975071853873</double> 
        </void> 
        <void method="add"> 
         <double>3099.010344974844</double> 
        </void> 
        <void method="add"> 
         <double>3099.622552914501</double> 
        </void> 
        <void method="add"> 
         <double>3101.11616091298</double> 
        </void> 
        <void method="add"> 
         <double>2941.7136417034303</double> 
        </void> 
        <void method="add"> 
         <double>3054.1028802521746</double> 
        </void> 
        <void method="add"> 
         <double>3071.7209397489687</double> 
        </void> 
        <void method="add"> 
         <double>3054.499107872651</double> 
        </void> 
        <void method="add"> 
         <double>3061.4278944615708</double> 
        </void> 
       </object> 
      </void> 
      <void property="stdev"> 
       <double>44.28821463456547</double> 
      </void> 
     </object> 
    </void> 
    <void index="6"> 
     <object class="jmbench.tools.EvaluationMetrics"> 
      <void property="max"> 
       <double>955.0608661285894</double> 
      </void> 
      <void property="mean"> 
       <double>929.0775374427129</double> 
      </void> 
      <void property="median"> 
       <double>927.9166996455679</double> 
      </void> 
      <void property="min"> 
       <double>874.9682428593624</double> 
      </void> 
      <void property="rawResults"> 
       <object class="java.util.ArrayList"> 
        <void method="add"> 
         <double>874.9682428593624</double> 
        </void> 
        <void method="add"> 
         <double>889.8790910464846</double> 
        </void> 
        <void method="add"> 
         <double>909.9656907422046</double> 
        </void> 
        <void method="add"> 
         <double>917.4047027731672</double> 
        </void> 
        <void method="add"> 
         <double>917.5244450133494</double> 
        </void> 
        <void method="add"> 
         <double>919.9717773742852</double> 
        </void> 
        <void method="add"> 
         <double>920.7571558246941</double> 
        </void> 
        <void method="add"> 
         <double>920.8268803691542</double> 
        </void> 
        <void method="add"> 
         <double>926.9867218735108</double> 
        </void> 
        <void method="add"> 
         <double>927.9166996455679</double> 
        </void> 
        <void method="add"> 
         <double>928.4532842846444</double> 
        </void> 
        <void method="add"> 
         <double>928.6329242302705</double> 
        </void> 
        <void method="add"> 
         <double>932.2194035999348</double> 
        </void> 
        <void method="add"> 
         <double>937.1370987261616</double> 
        </void> 
        <void method="add"> 
         <double>942.7746330674607</double> 
        </void> 
        <void method="add"> 
         <double>944.4842242080811</double> 
        </void> 
        <void method="add"> 
         <double>950.4811861573411</double> 
        </void> 
        <void method="add"> 
         <double>954.4636953181927</double> 
        </void> 
        <void method="add"> 
         <double>954.6236801471155</double> 
        </void> 
        <void method="add"> 
         <double>955.0608661285894</double> 
        </void> 
        <void method="add"> 
         <double>918.3741723598839</double> 
        </void> 
        <void method="add"> 
         <double>923.9457000276842</double> 
        </void> 
        <void method="add"> 
         <double>925.7226102448024</double> 
        </void> 
        <void method="add"> 
         <double>952.299647623386</double> 
        </void> 
        <void method="add"> 
         <double>952.063902422494</double> 
        </void> 
       </object> 
      </void> 
      <void property="stdev"> 
       <double>19.46870101438105</double> 
      </void> 
     </object> 
    </void> 
    <void index="7"> 
     <object class="jmbench.tools.EvaluationMetrics"> 
      <void property="max"> 
       <double>183.76114701698665</double> 
      </void> 
      <void property="mean"> 
       <double>179.24075311242675</double> 
      </void> 
      <void property="median"> 
       <double>178.99469859184623</double> 
      </void> 
      <void property="min"> 
       <double>175.08878111318572</double> 
      </void> 
      <void property="rawResults"> 
       <object class="java.util.ArrayList"> 
        <void method="add"> 
         <double>175.08878111318572</double> 
        </void> 
        <void method="add"> 
         <double>175.16752730365442</double> 
        </void> 
        <void method="add"> 
         <double>177.0149906400202</double> 
        </void> 
        <void method="add"> 
         <double>177.4145543236193</double> 
        </void> 
        <void method="add"> 
         <double>178.19616919808695</double> 
        </void> 
        <void method="add"> 
         <double>178.68137836935222</double> 
        </void> 
        <void method="add"> 
         <double>178.93144470668224</double> 
        </void> 
        <void method="add"> 
         <double>178.99469859184623</double> 
        </void> 
        <void method="add"> 
         <double>179.44723102005614</double> 
        </void> 
        <void method="add"> 
         <double>179.4659898435825</double> 
        </void> 
        <void method="add"> 
         <double>179.6299108918933</double> 
        </void> 
        <void method="add"> 
         <double>180.3868370930868</double> 
        </void> 
        <void method="add"> 
         <double>180.72372229128348</double> 
        </void> 
        <void method="add"> 
         <double>180.86686323879144</double> 
        </void> 
        <void method="add"> 
         <double>181.0541108800304</double> 
        </void> 
        <void method="add"> 
         <double>181.3862120074561</double> 
        </void> 
        <void method="add"> 
         <double>182.30786244910527</double> 
        </void> 
        <void method="add"> 
         <double>182.63629041186854</double> 
        </void> 
        <void method="add"> 
         <double>183.01599247231428</double> 
        </void> 
        <void method="add"> 
         <double>183.76114701698665</double> 
        </void> 
        <void method="add"> 
         <double>176.0028521598076</double> 
        </void> 
        <void method="add"> 
         <double>176.51977522628516</double> 
        </void> 
        <void method="add"> 
         <double>177.8408886996438</double> 
        </void> 
        <void method="add"> 
         <double>177.5527549084454</double> 
        </void> 
        <void method="add"> 
         <double>178.9308429535845</double> 
        </void> 
       </object> 
      </void> 
      <void property="stdev"> 
       <double>2.3357079619029406</double> 
      </void> 
     </object> 
    </void> 
    <void index="8"> 
     <object class="jmbench.tools.EvaluationMetrics"> 
      <void property="max"> 
       <double>27.097554764998705</double> 
      </void> 
      <void property="mean"> 
       <double>26.774159351170255</double> 
      </void> 
      <void property="median"> 
       <double>26.825792399279305</double> 
      </void> 
      <void property="min"> 
       <double>25.88969096974579</double> 
      </void> 
      <void property="rawResults"> 
       <object class="java.util.ArrayList"> 
        <void method="add"> 
         <double>25.88969096974579</double> 
        </void> 
        <void method="add"> 
         <double>26.145654556798704</double> 
        </void> 
        <void method="add"> 
         <double>26.281331776214326</double> 
        </void> 
        <void method="add"> 
         <double>26.62242603580256</double> 
        </void> 
        <void method="add"> 
         <double>26.6605983767752</double> 
        </void> 
        <void method="add"> 
         <double>26.729220125002506</double> 
        </void> 
        <void method="add"> 
         <double>26.754258064115785</double> 
        </void> 
        <void method="add"> 
         <double>26.773297460728582</double> 
        </void> 
        <void method="add"> 
         <double>26.798687322876496</double> 
        </void> 
        <void method="add"> 
         <double>26.825792399279305</double> 
        </void> 
        <void method="add"> 
         <double>26.840671368045747</double> 
        </void> 
        <void method="add"> 
         <double>26.866796055077884</double> 
        </void> 
        <void method="add"> 
         <double>26.925087844869168</double> 
        </void> 
        <void method="add"> 
         <double>26.92599925828778</double> 
        </void> 
        <void method="add"> 
         <double>26.936485765449408</double> 
        </void> 
        <void method="add"> 
         <double>27.02817932750385</double> 
        </void> 
        <void method="add"> 
         <double>27.02840167873016</double> 
        </void> 
        <void method="add"> 
         <double>27.031970504270294</double> 
        </void> 
        <void method="add"> 
         <double>27.040110181785774</double> 
        </void> 
        <void method="add"> 
         <double>27.097554764998705</double> 
        </void> 
        <void method="add"> 
         <double>26.82416062166017</double> 
        </void> 
        <void method="add"> 
         <double>26.788286386418275</double> 
        </void> 
        <void method="add"> 
         <double>26.743207672787136</double> 
        </void> 
        <void method="add"> 
         <double>26.888609043311234</double> 
        </void> 
        <void method="add"> 
         <double>26.907506218721657</double> 
        </void> 
       </object> 
      </void> 
      <void property="stdev"> 
       <double>0.27946082670183314</double> 
      </void> 
     </object> 
    </void> 
    <void index="9"> 
     <object class="jmbench.tools.EvaluationMetrics"> 
      <void property="max"> 
       <double>1.6337172547752645</double> 
      </void> 
      <void property="mean"> 
       <double>1.6085539654921386</double> 
      </void> 
      <void property="median"> 
       <double>1.6122543844310786</double> 
      </void> 
      <void property="min"> 
       <double>1.5548118247942009</double> 
      </void> 
      <void property="rawResults"> 
       <object class="java.util.ArrayList"> 
        <void method="add"> 
         <double>1.5548118247942009</double> 
        </void> 
        <void method="add"> 
         <double>1.5862285630992763</double> 
        </void> 
        <void method="add"> 
         <double>1.5950260768069853</double> 
        </void> 
        <void method="add"> 
         <double>1.6032960251852921</double> 
        </void> 
        <void method="add"> 
         <double>1.603427704100259</double> 
        </void> 
        <void method="add"> 
         <double>1.6034975560529316</double> 
        </void> 
        <void method="add"> 
         <double>1.604373864050761</double> 
        </void> 
        <void method="add"> 
         <double>1.6063011446726196</double> 
        </void> 
        <void method="add"> 
         <double>1.6105167874873085</double> 
        </void> 
        <void method="add"> 
         <double>1.6122543844310786</double> 
        </void> 
        <void method="add"> 
         <double>1.613383536851174</double> 
        </void> 
        <void method="add"> 
         <double>1.613998172579621</double> 
        </void> 
        <void method="add"> 
         <double>1.6146185215220823</double> 
        </void> 
        <void method="add"> 
         <double>1.6152554551102598</double> 
        </void> 
        <void method="add"> 
         <double>1.6155911363747228</double> 
        </void> 
        <void method="add"> 
         <double>1.6188554056848685</double> 
        </void> 
        <void method="add"> 
         <double>1.6222194915798063</double> 
        </void> 
        <void method="add"> 
         <double>1.6267347574283015</double> 
        </void> 
        <void method="add"> 
         <double>1.6327947552866429</double> 
        </void> 
        <void method="add"> 
         <double>1.6337172547752645</double> 
        </void> 
        <void method="add"> 
         <double>1.6072632204358526</double> 
        </void> 
        <void method="add"> 
         <double>1.598802710625592</double> 
        </void> 
        <void method="add"> 
         <double>1.6167586679575905</double> 
        </void> 
        <void method="add"> 
         <double>1.6142332686216487</double> 
        </void> 
        <void method="add"> 
         <double>1.589888851789327</double> 
        </void> 
       </object> 
      </void> 
      <void property="stdev"> 
       <double>0.01582697866765311</double> 
      </void> 
     </object> 
    </void> 
    <void index="10"> 
     <object class="jmbench.tools.EvaluationMetrics"> 
      <void property="max"> 
       <double>0.1434481171518636</double> 
      </void> 
      <void property="mean"> 
       <double>0.14018050991080092</double> 
      </void> 
      <void property="median"> 
       <double>0.14201166365679976</double> 
      </void> 
      <void property="min"> 
       <double>0.12826198037726197</double> 
      </void> 
      <void property="rawResults"> 
       <object class="java.util.ArrayList"> 
        <void method="add"> 
         <double>0.13153312515630336</double> 
        </void> 
        <void method="add"> 
         <double>0.135671956947524</double> 
        </void> 
        <void method="add"> 
         <double>0.13576008015421753</double> 
        </void> 
        <void method="add"> 
         <double>0.13608478004282779</double> 
        </void> 
        <void method="add"> 
         <double>0.1392184958514369</double> 
        </void> 
        <void method="add"> 
         <double>0.13972652239626665</double> 
        </void> 
        <void method="add"> 
         <double>0.13977837273774305</double> 
        </void> 
        <void method="add"> 
         <double>0.14055268887867603</double> 
        </void> 
        <void method="add"> 
         <double>0.14075708328872108</double> 
        </void> 
        <void method="add"> 
         <double>0.14154552383783045</double> 
        </void> 
        <void method="add"> 
         <double>0.14201166365679976</double> 
        </void> 
        <void method="add"> 
         <double>0.14226189899250732</double> 
        </void> 
        <void method="add"> 
         <double>0.14226644770887262</double> 
        </void> 
        <void method="add"> 
         <double>0.14228012815519445</double> 
        </void> 
        <void method="add"> 
         <double>0.14236031832132756</double> 
        </void> 
        <void method="add"> 
         <double>0.14261313014123356</double> 
        </void> 
        <void method="add"> 
         <double>0.14272234677939202</double> 
        </void> 
        <void method="add"> 
         <double>0.14274541015166314</double> 
        </void> 
        <void method="add"> 
         <double>0.14301619582676361</double> 
        </void> 
        <void method="add"> 
         <double>0.1434481171518636</double> 
        </void> 
        <void method="add"> 
         <double>0.12826198037726197</double> 
        </void> 
        <void method="add"> 
         <double>0.14097179226980766</double> 
        </void> 
        <void method="add"> 
         <double>0.14329075973329675</double> 
        </void> 
        <void method="add"> 
         <double>0.14228540195925635</double> 
        </void> 
        <void method="add"> 
         <double>0.14334852725323585</double> 
        </void> 
       </object> 
      </void> 
      <void property="stdev"> 
       <double>0.0037986161590469482</double> 
      </void> 
     </object> 
    </void> 
    <void index="11"> 
     <object class="jmbench.tools.EvaluationMetrics"> 
      <void property="max"> 
       <double>0.017192676854879546</double> 
      </void> 
      <void property="mean"> 
       <double>0.017192676854879546</double> 
      </void> 
      <void property="median"> 
       <double>0.017192676854879546</double> 
      </void> 
      <void property="min"> 
       <double>0.017192676854879546</double> 
      </void> 
      <void property="rawResults"> 
       <object class="java.util.ArrayList"> 
        <void method="add"> 
         <double>0.017192676854879546</double> 
        </void> 
       </object> 
      </void> 
     </object> 
    </void> 
   </array> 
  </void> 
  <void property="opName"> 
   <string>Solve m=n</string> 
  </void> 
 </object> 
</java> 
