<?xml version="1.0" encoding="UTF-8"?> 
<java version="1.6.0_16" class="java.beans.XMLDecoder"> 
 <object class="jmbench.tools.runtime.OperationResults"> 
  <void property="library"> 
   <object class="jmbench.impl.MatrixLibrary" method="valueOf"> 
    <string>EJML</string> 
   </object> 
  </void> 
  <void property="matDimen"> 
   <array class="int" length="12"> 
    <void index="0"> 
     <int>2</int> 
    </void> 
    <void index="1"> 
     <int>3</int> 
    </void> 
    <void index="2"> 
     <int>4</int> 
    </void> 
    <void index="3"> 
     <int>5</int> 
    </void> 
    <void index="4"> 
     <int>10</int> 
    </void> 
    <void index="5"> 
     <int>20</int> 
    </void> 
    <void index="6"> 
     <int>50</int> 
    </void> 
    <void index="7"> 
     <int>100</int> 
    </void> 
    <void index="8"> 
     <int>200</int> 
    </void> 
    <void index="9"> 
     <int>500</int> 
    </void> 
    <void index="10"> 
     <int>1000</int> 
    </void> 
    <void index="11"> 
     <int>2000</int> 
    </void> 
   </array> 
  </void> 
  <void property="metrics"> 
   <array class="jmbench.tools.EvaluationMetrics" length="12"> 
    <void index="0"> 
     <object class="jmbench.tools.EvaluationMetrics"> 
      <void property="max"> 
       <double>1.810971997976936E7</double> 
      </void> 
      <void property="mean"> 
       <double>1.8086937408024624E7</double> 
      </void> 
      <void property="median"> 
       <double>1.8097173103819713E7</double> 
      </void> 
      <void property="min"> 
       <double>1.8037262817224916E7</double> 
      </void> 
      <void property="rawResults"> 
       <object class="java.util.ArrayList"> 
        <void method="add"> 
         <double>1.8037262817224916E7</double> 
        </void> 
        <void method="add"> 
         <double>1.8049172703752127E7</double> 
        </void> 
        <void method="add"> 
         <double>1.8058588421061605E7</double> 
        </void> 
        <void method="add"> 
         <double>1.8065625594354957E7</double> 
        </void> 
        <void method="add"> 
         <double>1.8069145705585454E7</double> 
        </void> 
        <void method="add"> 
         <double>1.807072354203836E7</double> 
        </void> 
        <void method="add"> 
         <double>1.8077595370425794E7</double> 
        </void> 
        <void method="add"> 
         <double>1.807909237730499E7</double> 
        </void> 
        <void method="add"> 
         <double>1.808047494476626E7</double> 
        </void> 
        <void method="add"> 
         <double>1.808393356364271E7</double> 
        </void> 
        <void method="add"> 
         <double>1.8095238240459047E7</double> 
        </void> 
        <void method="add"> 
         <double>1.8098872860820312E7</double> 
        </void> 
        <void method="add"> 
         <double>1.8102165582044367E7</double> 
        </void> 
        <void method="add"> 
         <double>1.8102781174645416E7</double> 
        </void> 
        <void method="add"> 
         <double>1.8103294241900228E7</double> 
        </void> 
        <void method="add"> 
         <double>1.8103846760744993E7</double> 
        </void> 
        <void method="add"> 
         <double>1.810394969426104E7</double> 
        </void> 
        <void method="add"> 
         <double>1.8105256390817523E7</double> 
        </void> 
        <void method="add"> 
         <double>1.8107662623403266E7</double> 
        </void> 
        <void method="add"> 
         <double>1.810971997976936E7</double> 
        </void> 
        <void method="add"> 
         <double>1.8097173103819713E7</double> 
        </void> 
        <void method="add"> 
         <double>1.810457540105577E7</double> 
        </void> 
        <void method="add"> 
         <double>1.8052566655394077E7</double> 
        </void> 
        <void method="add"> 
         <double>1.8109553665264092E7</double> 
        </void> 
        <void method="add"> 
         <double>1.810516378605917E7</double> 
        </void> 
       </object> 
      </void> 
      <void property="stdev"> 
       <double>21159.285837347932</double> 
      </void> 
     </object> 
    </void> 
    <void index="1"> 
     <object class="jmbench.tools.EvaluationMetrics"> 
      <void property="max"> 
       <double>1.0246058064783933E7</double> 
      </void> 
      <void property="mean"> 
       <double>1.00178220898997E7</double> 
      </void> 
      <void property="median"> 
       <double>1.0121851226397244E7</double> 
      </void> 
      <void property="min"> 
       <double>7947123.111080498</double> 
      </void> 
      <void property="rawResults"> 
       <object class="java.util.ArrayList"> 
        <void method="add"> 
         <double>7947123.111080498</double> 
        </void> 
        <void method="add"> 
         <double>9931637.394858006</double> 
        </void> 
        <void method="add"> 
         <double>9950048.849736976</double> 
        </void> 
        <void method="add"> 
         <double>9953869.898564389</double> 
        </void> 
        <void method="add"> 
         <double>1.0008484216339836E7</double> 
        </void> 
        <void method="add"> 
         <double>1.0082271943819266E7</double> 
        </void> 
        <void method="add"> 
         <double>1.0086769512734765E7</double> 
        </void> 
        <void method="add"> 
         <double>1.012094515286646E7</double> 
        </void> 
        <void method="add"> 
         <double>1.0120952136692809E7</double> 
        </void> 
        <void method="add"> 
         <double>1.0121479976233006E7</double> 
        </void> 
        <void method="add"> 
         <double>1.0121851226397244E7</double> 
        </void> 
        <void method="add"> 
         <double>1.0122909064661108E7</double> 
        </void> 
        <void method="add"> 
         <double>1.0124604762523314E7</double> 
        </void> 
        <void method="add"> 
         <double>1.0124782758134544E7</double> 
        </void> 
        <void method="add"> 
         <double>1.0207727085142454E7</double> 
        </void> 
        <void method="add"> 
         <double>1.0237190404103134E7</double> 
        </void> 
        <void method="add"> 
         <double>1.0238985093518399E7</double> 
        </void> 
        <void method="add"> 
         <double>1.0243053558241157E7</double> 
        </void> 
        <void method="add"> 
         <double>1.0244230377018409E7</double> 
        </void> 
        <void method="add"> 
         <double>1.0246058064783933E7</double> 
        </void> 
        <void method="add"> 
         <double>9933910.611706208</double> 
        </void> 
        <void method="add"> 
         <double>9899687.868093349</double> 
        </void> 
        <void method="add"> 
         <double>1.0124906711768946E7</double> 
        </void> 
        <void method="add"> 
         <double>1.0127090873389877E7</double> 
        </void> 
        <void method="add"> 
         <double>1.012498159508442E7</double> 
        </void> 
       </object> 
      </void> 
      <void property="stdev"> 
       <double>435094.99056815886</double> 
      </void> 
     </object> 
    </void> 
    <void index="2"> 
     <object class="jmbench.tools.EvaluationMetrics"> 
      <void property="max"> 
       <double>5874967.266053623</double> 
      </void> 
      <void property="mean"> 
       <double>5839541.240518269</double> 
      </void> 
      <void property="median"> 
       <double>5867260.784312607</double> 
      </void> 
      <void property="min"> 
       <double>5753674.97457843</double> 
      </void> 
      <void property="rawResults"> 
       <object class="java.util.ArrayList"> 
        <void method="add"> 
         <double>5753674.97457843</double> 
        </void> 
        <void method="add"> 
         <double>5762381.496721502</double> 
        </void> 
        <void method="add"> 
         <double>5762661.062569213</double> 
        </void> 
        <void method="add"> 
         <double>5762683.018638146</double> 
        </void> 
        <void method="add"> 
         <double>5764402.237739579</double> 
        </void> 
        <void method="add"> 
         <double>5791856.130822232</double> 
        </void> 
        <void method="add"> 
         <double>5800301.448229971</double> 
        </void> 
        <void method="add"> 
         <double>5823769.249352859</double> 
        </void> 
        <void method="add"> 
         <double>5846903.393709755</double> 
        </void> 
        <void method="add"> 
         <double>5870681.383820379</double> 
        </void> 
        <void method="add"> 
         <double>5871429.288510266</double> 
        </void> 
        <void method="add"> 
         <double>5872069.646453313</double> 
        </void> 
        <void method="add"> 
         <double>5872183.667506903</double> 
        </void> 
        <void method="add"> 
         <double>5872398.503115686</double> 
        </void> 
        <void method="add"> 
         <double>5872882.868277872</double> 
        </void> 
        <void method="add"> 
         <double>5872944.65904632</double> 
        </void> 
        <void method="add"> 
         <double>5872989.510615797</double> 
        </void> 
        <void method="add"> 
         <double>5874223.000172583</double> 
        </void> 
        <void method="add"> 
         <double>5874247.63298388</double> 
        </void> 
        <void method="add"> 
         <double>5874967.266053623</double> 
        </void> 
        <void method="add"> 
         <double>5868858.098614915</double> 
        </void> 
        <void method="add"> 
         <double>5848815.289464949</double> 
        </void> 
        <void method="add"> 
         <double>5866827.526401029</double> 
        </void> 
        <void method="add"> 
         <double>5867118.87524492</double> 
        </void> 
        <void method="add"> 
         <double>5867260.784312607</double> 
        </void> 
       </object> 
      </void> 
      <void property="stdev"> 
       <double>44866.09223558211</double> 
      </void> 
     </object> 
    </void> 
    <void index="3"> 
     <object class="jmbench.tools.EvaluationMetrics"> 
      <void property="max"> 
       <double>3617180.8966001715</double> 
      </void> 
      <void property="mean"> 
       <double>3557491.1826029336</double> 
      </void> 
      <void property="median"> 
       <double>3571216.4204913843</double> 
      </void> 
      <void property="min"> 
       <double>3485524.6542481245</double> 
      </void> 
      <void property="rawResults"> 
       <object class="java.util.ArrayList"> 
        <void method="add"> 
         <double>3485524.6542481245</double> 
        </void> 
        <void method="add"> 
         <double>3489827.228729202</double> 
        </void> 
        <void method="add"> 
         <double>3491658.112486586</double> 
        </void> 
        <void method="add"> 
         <double>3494524.0607021116</double> 
        </void> 
        <void method="add"> 
         <double>3498921.7183580757</double> 
        </void> 
        <void method="add"> 
         <double>3505961.5392809506</double> 
        </void> 
        <void method="add"> 
         <double>3521287.029132498</double> 
        </void> 
        <void method="add"> 
         <double>3529517.8561728415</double> 
        </void> 
        <void method="add"> 
         <double>3542926.152529346</double> 
        </void> 
        <void method="add"> 
         <double>3561420.27267119</double> 
        </void> 
        <void method="add"> 
         <double>3569856.5517540257</double> 
        </void> 
        <void method="add"> 
         <double>3571216.4204913843</double> 
        </void> 
        <void method="add"> 
         <double>3575960.258482274</double> 
        </void> 
        <void method="add"> 
         <double>3583509.663529147</double> 
        </void> 
        <void method="add"> 
         <double>3590980.463541001</double> 
        </void> 
        <void method="add"> 
         <double>3592266.2961781127</double> 
        </void> 
        <void method="add"> 
         <double>3594000.697264008</double> 
        </void> 
        <void method="add"> 
         <double>3597184.9423966967</double> 
        </void> 
        <void method="add"> 
         <double>3597268.4723552805</double> 
        </void> 
        <void method="add"> 
         <double>3617180.8966001715</double> 
        </void> 
        <void method="add"> 
         <double>3518313.861449781</double> 
        </void> 
        <void method="add"> 
         <double>3614554.8358463417</double> 
        </void> 
        <void method="add"> 
         <double>3603356.1642096955</double> 
        </void> 
        <void method="add"> 
         <double>3576717.3112013885</double> 
        </void> 
        <void method="add"> 
         <double>3613344.105463132</double> 
        </void> 
       </object> 
      </void> 
      <void property="stdev"> 
       <double>44086.594282424165</double> 
      </void> 
     </object> 
    </void> 
    <void index="4"> 
     <object class="jmbench.tools.EvaluationMetrics"> 
      <void property="max"> 
       <double>874470.8678711191</double> 
      </void> 
      <void property="mean"> 
       <double>849919.0236794204</double> 
      </void> 
      <void property="median"> 
       <double>864356.9146502941</double> 
      </void> 
      <void property="min"> 
       <double>784279.8203157575</double> 
      </void> 
      <void property="rawResults"> 
       <object class="java.util.ArrayList"> 
        <void method="add"> 
         <double>784279.8203157575</double> 
        </void> 
        <void method="add"> 
         <double>784355.8196836056</double> 
        </void> 
        <void method="add"> 
         <double>787221.876035759</double> 
        </void> 
        <void method="add"> 
         <double>788598.9846452735</double> 
        </void> 
        <void method="add"> 
         <double>857001.8320980346</double> 
        </void> 
        <void method="add"> 
         <double>860675.6214716907</double> 
        </void> 
        <void method="add"> 
         <double>860929.3256093317</double> 
        </void> 
        <void method="add"> 
         <double>862477.6516250508</double> 
        </void> 
        <void method="add"> 
         <double>863190.7004605331</double> 
        </void> 
        <void method="add"> 
         <double>863951.1560982199</double> 
        </void> 
        <void method="add"> 
         <double>864313.4680173962</double> 
        </void> 
        <void method="add"> 
         <double>864356.9146502941</double> 
        </void> 
        <void method="add"> 
         <double>865063.5764065086</double> 
        </void> 
        <void method="add"> 
         <double>865234.6957822667</double> 
        </void> 
        <void method="add"> 
         <double>865451.3577562388</double> 
        </void> 
        <void method="add"> 
         <double>866193.4786795035</double> 
        </void> 
        <void method="add"> 
         <double>866646.4303801061</double> 
        </void> 
        <void method="add"> 
         <double>866853.8676694281</double> 
        </void> 
        <void method="add"> 
         <double>868323.4416256081</double> 
        </void> 
        <void method="add"> 
         <double>869436.208025572</double> 
        </void> 
        <void method="add"> 
         <double>787533.550246072</double> 
        </void> 
        <void method="add"> 
         <double>874198.7810698486</double> 
        </void> 
        <void method="add"> 
         <double>871598.8460319844</double> 
        </void> 
        <void method="add"> 
         <double>865617.3197303029</double> 
        </void> 
        <void method="add"> 
         <double>874470.8678711191</double> 
        </void> 
       </object> 
      </void> 
      <void property="stdev"> 
       <double>31992.87450120333</double> 
      </void> 
     </object> 
    </void> 
    <void index="5"> 
     <object class="jmbench.tools.EvaluationMetrics"> 
      <void property="max"> 
       <double>204217.59038752824</double> 
      </void> 
      <void property="mean"> 
       <double>195002.15798589386</double> 
      </void> 
      <void property="median"> 
       <double>193743.72190864233</double> 
      </void> 
      <void property="min"> 
       <double>180408.98352129027</double> 
      </void> 
      <void property="rawResults"> 
       <object class="java.util.ArrayList"> 
        <void method="add"> 
         <double>180408.98352129027</double> 
        </void> 
        <void method="add"> 
         <double>189087.57890224937</double> 
        </void> 
        <void method="add"> 
         <double>189996.38124377257</double> 
        </void> 
        <void method="add"> 
         <double>190360.48513716803</double> 
        </void> 
        <void method="add"> 
         <double>190740.62921935567</double> 
        </void> 
        <void method="add"> 
         <double>191026.73174447712</double> 
        </void> 
        <void method="add"> 
         <double>191174.34364158404</double> 
        </void> 
        <void method="add"> 
         <double>192192.30514048826</double> 
        </void> 
        <void method="add"> 
         <double>193040.51516037044</double> 
        </void> 
        <void method="add"> 
         <double>193107.6751933794</double> 
        </void> 
        <void method="add"> 
         <double>193743.72190864233</double> 
        </void> 
        <void method="add"> 
         <double>194611.1371226656</double> 
        </void> 
        <void method="add"> 
         <double>197605.33863344492</double> 
        </void> 
        <void method="add"> 
         <double>197632.26142381778</double> 
        </void> 
        <void method="add"> 
         <double>198222.5206531611</double> 
        </void> 
        <void method="add"> 
         <double>198448.89418359526</double> 
        </void> 
        <void method="add"> 
         <double>202548.6774182211</double> 
        </void> 
        <void method="add"> 
         <double>203175.8803548269</double> 
        </void> 
        <void method="add"> 
         <double>203931.54252933833</double> 
        </void> 
        <void method="add"> 
         <double>204217.59038752824</double> 
        </void> 
        <void method="add"> 
         <double>195031.53490511212</double> 
        </void> 
        <void method="add"> 
         <double>190839.8449183093</double> 
        </void> 
        <void method="add"> 
         <double>191977.76479808267</double> 
        </void> 
        <void method="add"> 
         <double>198777.58031678965</double> 
        </void> 
        <void method="add"> 
         <double>203154.0311896758</double> 
        </void> 
       </object> 
      </void> 
      <void property="stdev"> 
       <double>5627.694698675555</double> 
      </void> 
     </object> 
    </void> 
    <void index="6"> 
     <object class="jmbench.tools.EvaluationMetrics"> 
      <void property="max"> 
       <double>25863.13803895462</double> 
      </void> 
      <void property="mean"> 
       <double>25037.172785513336</double> 
      </void> 
      <void property="median"> 
       <double>24989.203431996924</double> 
      </void> 
      <void property="min"> 
       <double>24829.96442897284</double> 
      </void> 
      <void property="rawResults"> 
       <object class="java.util.ArrayList"> 
        <void method="add"> 
         <double>24829.96442897284</double> 
        </void> 
        <void method="add"> 
         <double>24846.087581758722</double> 
        </void> 
        <void method="add"> 
         <double>24854.10729997719</double> 
        </void> 
        <void method="add"> 
         <double>24877.42832825049</double> 
        </void> 
        <void method="add"> 
         <double>24904.03208618489</double> 
        </void> 
        <void method="add"> 
         <double>24906.079665089255</double> 
        </void> 
        <void method="add"> 
         <double>24926.27255137375</double> 
        </void> 
        <void method="add"> 
         <double>24940.443965504313</double> 
        </void> 
        <void method="add"> 
         <double>24962.65102326286</double> 
        </void> 
        <void method="add"> 
         <double>24979.75487080004</double> 
        </void> 
        <void method="add"> 
         <double>24989.203431996924</double> 
        </void> 
        <void method="add"> 
         <double>24995.245608456164</double> 
        </void> 
        <void method="add"> 
         <double>25006.480968335058</double> 
        </void> 
        <void method="add"> 
         <double>25013.446319693754</double> 
        </void> 
        <void method="add"> 
         <double>25049.084619364352</double> 
        </void> 
        <void method="add"> 
         <double>25068.823042655313</double> 
        </void> 
        <void method="add"> 
         <double>25069.954588209646</double> 
        </void> 
        <void method="add"> 
         <double>25107.686804523226</double> 
        </void> 
        <void method="add"> 
         <double>25217.13200603705</double> 
        </void> 
        <void method="add"> 
         <double>25863.13803895462</double> 
        </void> 
        <void method="add"> 
         <double>25033.939184030645</double> 
        </void> 
        <void method="add"> 
         <double>24951.08981572558</double> 
        </void> 
        <void method="add"> 
         <double>25606.602922036665</double> 
        </void> 
        <void method="add"> 
         <double>24928.27093663212</double> 
        </void> 
        <void method="add"> 
         <double>25002.399550008024</double> 
        </void> 
       </object> 
      </void> 
      <void property="stdev"> 
       <double>225.91999645868162</double> 
      </void> 
     </object> 
    </void> 
    <void index="7"> 
     <object class="jmbench.tools.EvaluationMetrics"> 
      <void property="max"> 
       <double>4060.4635883454234</double> 
      </void> 
      <void property="mean"> 
       <double>4051.0333140616945</double> 
      </void> 
      <void property="median"> 
       <double>4052.056452886467</double> 
      </void> 
      <void property="min"> 
       <double>4034.8002274367104</double> 
      </void> 
      <void property="rawResults"> 
       <object class="java.util.ArrayList"> 
        <void method="add"> 
         <double>4034.8002274367104</double> 
        </void> 
        <void method="add"> 
         <double>4036.322284810775</double> 
        </void> 
        <void method="add"> 
         <double>4045.2032619330494</double> 
        </void> 
        <void method="add"> 
         <double>4047.5620405327445</double> 
        </void> 
        <void method="add"> 
         <double>4049.374113794043</double> 
        </void> 
        <void method="add"> 
         <double>4049.656710870197</double> 
        </void> 
        <void method="add"> 
         <double>4049.7526082349727</double> 
        </void> 
        <void method="add"> 
         <double>4050.1907851947517</double> 
        </void> 
        <void method="add"> 
         <double>4051.246582893451</double> 
        </void> 
        <void method="add"> 
         <double>4051.53408283252</double> 
        </void> 
        <void method="add"> 
         <double>4051.857110222967</double> 
        </void> 
        <void method="add"> 
         <double>4052.056452886467</double> 
        </void> 
        <void method="add"> 
         <double>4052.718762412108</double> 
        </void> 
        <void method="add"> 
         <double>4053.4112555265056</double> 
        </void> 
        <void method="add"> 
         <double>4053.827181120264</double> 
        </void> 
        <void method="add"> 
         <double>4053.8849707405693</double> 
        </void> 
        <void method="add"> 
         <double>4054.295463567293</double> 
        </void> 
        <void method="add"> 
         <double>4055.532502013636</double> 
        </void> 
        <void method="add"> 
         <double>4055.81697829214</double> 
        </void> 
        <void method="add"> 
         <double>4060.4635883454234</double> 
        </void> 
        <void method="add"> 
         <double>4055.730258808003</double> 
        </void> 
        <void method="add"> 
         <double>4049.6210355948574</double> 
        </void> 
        <void method="add"> 
         <double>4052.8506726158876</double> 
        </void> 
        <void method="add"> 
         <double>4053.0922808050495</double> 
        </void> 
        <void method="add"> 
         <double>4055.0316400579873</double> 
        </void> 
       </object> 
      </void> 
      <void property="stdev"> 
       <double>5.476136803480892</double> 
      </void> 
     </object> 
    </void> 
    <void index="8"> 
     <object class="jmbench.tools.EvaluationMetrics"> 
      <void property="max"> 
       <double>555.3819985876679</double> 
      </void> 
      <void property="mean"> 
       <double>547.8535955496009</double> 
      </void> 
      <void property="median"> 
       <double>547.5983835385176</double> 
      </void> 
      <void property="min"> 
       <double>540.1857239416918</double> 
      </void> 
      <void property="rawResults"> 
       <object class="java.util.ArrayList"> 
        <void method="add"> 
         <double>540.1857239416918</double> 
        </void> 
        <void method="add"> 
         <double>540.274483262823</double> 
        </void> 
        <void method="add"> 
         <double>540.5765126179733</double> 
        </void> 
        <void method="add"> 
         <double>541.114443822816</double> 
        </void> 
        <void method="add"> 
         <double>545.3876244794883</double> 
        </void> 
        <void method="add"> 
         <double>545.5339512238431</double> 
        </void> 
        <void method="add"> 
         <double>545.6377821336997</double> 
        </void> 
        <void method="add"> 
         <double>546.0249653016853</double> 
        </void> 
        <void method="add"> 
         <double>547.4709112476614</double> 
        </void> 
        <void method="add"> 
         <double>547.5915131812078</double> 
        </void> 
        <void method="add"> 
         <double>547.5983835385176</double> 
        </void> 
        <void method="add"> 
         <double>547.695986564664</double> 
        </void> 
        <void method="add"> 
         <double>550.0690655376025</double> 
        </void> 
        <void method="add"> 
         <double>550.5474622351373</double> 
        </void> 
        <void method="add"> 
         <double>550.5845461793524</double> 
        </void> 
        <void method="add"> 
         <double>550.904359315215</double> 
        </void> 
        <void method="add"> 
         <double>554.6078656349401</double> 
        </void> 
        <void method="add"> 
         <double>554.6256693893437</double> 
        </void> 
        <void method="add"> 
         <double>555.0097955499733</double> 
        </void> 
        <void method="add"> 
         <double>555.3819985876679</double> 
        </void> 
        <void method="add"> 
         <double>547.8214437310082</double> 
        </void> 
        <void method="add"> 
         <double>550.3620657447921</double> 
        </void> 
        <void method="add"> 
         <double>554.9716414412733</double> 
        </void> 
        <void method="add"> 
         <double>540.7129532356566</double> 
        </void> 
        <void method="add"> 
         <double>545.6487408419873</double> 
        </void> 
       </object> 
      </void> 
      <void property="stdev"> 
       <double>4.798923857960648</double> 
      </void> 
     </object> 
    </void> 
    <void index="9"> 
     <object class="jmbench.tools.EvaluationMetrics"> 
      <void property="max"> 
       <double>37.955231129078605</double> 
      </void> 
      <void property="mean"> 
       <double>37.63231096786204</double> 
      </void> 
      <void property="median"> 
       <double>37.611684420279666</double> 
      </void> 
      <void property="min"> 
       <double>37.201233588560164</double> 
      </void> 
      <void property="rawResults"> 
       <object class="java.util.ArrayList"> 
        <void method="add"> 
         <double>37.201233588560164</double> 
        </void> 
        <void method="add"> 
         <double>37.28321353796904</double> 
        </void> 
        <void method="add"> 
         <double>37.322637837634225</double> 
        </void> 
        <void method="add"> 
         <double>37.3525522955681</double> 
        </void> 
        <void method="add"> 
         <double>37.37214697892191</double> 
        </void> 
        <void method="add"> 
         <double>37.44479282671067</double> 
        </void> 
        <void method="add"> 
         <double>37.485940698900485</double> 
        </void> 
        <void method="add"> 
         <double>37.48759624000565</double> 
        </void> 
        <void method="add"> 
         <double>37.51771485179775</double> 
        </void> 
        <void method="add"> 
         <double>37.52873434456009</double> 
        </void> 
        <void method="add"> 
         <double>37.577559088481124</double> 
        </void> 
        <void method="add"> 
         <double>37.605711436170246</double> 
        </void> 
        <void method="add"> 
         <double>37.611684420279666</double> 
        </void> 
        <void method="add"> 
         <double>37.61240289678942</double> 
        </void> 
        <void method="add"> 
         <double>37.779080751898135</double> 
        </void> 
        <void method="add"> 
         <double>37.82646858018049</double> 
        </void> 
        <void method="add"> 
         <double>37.85446275572236</double> 
        </void> 
        <void method="add"> 
         <double>37.8995863567866</double> 
        </void> 
        <void method="add"> 
         <double>37.910215669274876</double> 
        </void> 
        <void method="add"> 
         <double>37.92224773736759</double> 
        </void> 
        <void method="add"> 
         <double>37.869133020298776</double> 
        </void> 
        <void method="add"> 
         <double>37.64103884285382</double> 
        </void> 
        <void method="add"> 
         <double>37.955231129078605</double> 
        </void> 
        <void method="add"> 
         <double>37.93130257996612</double> 
        </void> 
        <void method="add"> 
         <double>37.81508573077491</double> 
        </void> 
       </object> 
      </void> 
      <void property="stdev"> 
       <double>0.22627619085980533</double> 
      </void> 
     </object> 
    </void> 
    <void index="10"> 
     <object class="jmbench.tools.EvaluationMetrics"> 
      <void property="max"> 
       <double>4.458011239739185</double> 
      </void> 
      <void property="mean"> 
       <double>4.368789081101001</double> 
      </void> 
      <void property="median"> 
       <double>4.404552048793383</double> 
      </void> 
      <void property="min"> 
       <double>4.166949100244388</double> 
      </void> 
      <void property="rawResults"> 
       <object class="java.util.ArrayList"> 
        <void method="add"> 
         <double>4.20523809545508</double> 
        </void> 
        <void method="add"> 
         <double>4.220690408526147</double> 
        </void> 
        <void method="add"> 
         <double>4.221071957601392</double> 
        </void> 
        <void method="add"> 
         <double>4.229648642531369</double> 
        </void> 
        <void method="add"> 
         <double>4.300870300305581</double> 
        </void> 
        <void method="add"> 
         <double>4.357940390206222</double> 
        </void> 
        <void method="add"> 
         <double>4.359297814720499</double> 
        </void> 
        <void method="add"> 
         <double>4.369727696854121</double> 
        </void> 
        <void method="add"> 
         <double>4.404950723236856</double> 
        </void> 
        <void method="add"> 
         <double>4.420602024903072</double> 
        </void> 
        <void method="add"> 
         <double>4.4302260979021515</double> 
        </void> 
        <void method="add"> 
         <double>4.43114370686024</double> 
        </void> 
        <void method="add"> 
         <double>4.4360451028612</double> 
        </void> 
        <void method="add"> 
         <double>4.436386577994119</double> 
        </void> 
        <void method="add"> 
         <double>4.43900904837902</double> 
        </void> 
        <void method="add"> 
         <double>4.440141792464831</double> 
        </void> 
        <void method="add"> 
         <double>4.447891139292774</double> 
        </void> 
        <void method="add"> 
         <double>4.456504760712301</double> 
        </void> 
        <void method="add"> 
         <double>4.45738741405028</double> 
        </void> 
        <void method="add"> 
         <double>4.458011239739185</double> 
        </void> 
        <void method="add"> 
         <double>4.3516931055123065</double> 
        </void> 
        <void method="add"> 
         <double>4.3806584636826</double> 
        </void> 
        <void method="add"> 
         <double>4.404552048793383</double> 
        </void> 
        <void method="add"> 
         <double>4.39308937469593</double> 
        </void> 
        <void method="add"> 
         <double>4.166949100244388</double> 
        </void> 
       </object> 
      </void> 
      <void property="stdev"> 
       <double>0.08905219413449919</double> 
      </void> 
     </object> 
    </void> 
    <void index="11"> 
     <object class="jmbench.tools.EvaluationMetrics"> 
      <void property="max"> 
       <double>0.5692742442975562</double> 
      </void> 
      <void property="mean"> 
       <double>0.5605940980329829</double> 
      </void> 
      <void property="median"> 
       <double>0.5621839019291254</double> 
      </void> 
      <void property="min"> 
       <double>0.5498365372676293</double> 
      </void> 
      <void property="rawResults"> 
       <object class="java.util.ArrayList"> 
        <void method="add"> 
         <double>0.549954887846747</double> 
        </void> 
        <void method="add"> 
         <double>0.5543867985388466</double> 
        </void> 
        <void method="add"> 
         <double>0.5556426120965672</double> 
        </void> 
        <void method="add"> 
         <double>0.5562067471193973</double> 
        </void> 
        <void method="add"> 
         <double>0.5571597011352462</double> 
        </void> 
        <void method="add"> 
         <double>0.5584790370957545</double> 
        </void> 
        <void method="add"> 
         <double>0.5600151254037209</double> 
        </void> 
        <void method="add"> 
         <double>0.5600345874224998</double> 
        </void> 
        <void method="add"> 
         <double>0.561233662215193</double> 
        </void> 
        <void method="add"> 
         <double>0.5621839019291254</double> 
        </void> 
        <void method="add"> 
         <double>0.56228317250359</double> 
        </void> 
        <void method="add"> 
         <double>0.5627417528898291</double> 
        </void> 
        <void method="add"> 
         <double>0.5630375157113261</double> 
        </void> 
        <void method="add"> 
         <double>0.5630825089082545</double> 
        </void> 
        <void method="add"> 
         <double>0.5631238878942008</double> 
        </void> 
        <void method="add"> 
         <double>0.5635942565206072</double> 
        </void> 
        <void method="add"> 
         <double>0.5645216630745419</double> 
        </void> 
        <void method="add"> 
         <double>0.5650270118522494</double> 
        </void> 
        <void method="add"> 
         <double>0.5666818156016387</double> 
        </void> 
        <void method="add"> 
         <double>0.5692742442975562</double> 
        </void> 
        <void method="add"> 
         <double>0.5498365372676293</double> 
        </void> 
        <void method="add"> 
         <double>0.5591909758496213</double> 
        </void> 
        <void method="add"> 
         <double>0.5546091613931264</double> 
        </void> 
        <void method="add"> 
         <double>0.5690597012479988</double> 
        </void> 
        <void method="add"> 
         <double>0.5634911850093061</double> 
        </void> 
       </object> 
      </void> 
      <void property="stdev"> 
       <double>0.005025638450883529</double> 
      </void> 
     </object> 
    </void> 
   </array> 
  </void> 
  <void property="opName"> 
   <string>Cholesky</string> 
  </void> 
 </object> 
</java> 
