<?xml version="1.0" encoding="UTF-8"?> 
<java version="1.6.0_16" class="java.beans.XMLDecoder"> 
 <object class="jmbench.tools.runtime.OperationResults"> 
  <void property="library"> 
   <object class="jmbench.impl.MatrixLibrary" method="valueOf"> 
    <string>EJML</string> 
   </object> 
  </void> 
  <void property="matDimen"> 
   <array class="int" length="12"> 
    <void index="0"> 
     <int>2</int> 
    </void> 
    <void index="1"> 
     <int>3</int> 
    </void> 
    <void index="2"> 
     <int>4</int> 
    </void> 
    <void index="3"> 
     <int>5</int> 
    </void> 
    <void index="4"> 
     <int>10</int> 
    </void> 
    <void index="5"> 
     <int>20</int> 
    </void> 
    <void index="6"> 
     <int>50</int> 
    </void> 
    <void index="7"> 
     <int>100</int> 
    </void> 
    <void index="8"> 
     <int>200</int> 
    </void> 
    <void index="9"> 
     <int>500</int> 
    </void> 
    <void index="10"> 
     <int>1000</int> 
    </void> 
    <void index="11"> 
     <int>2000</int> 
    </void> 
   </array> 
  </void> 
  <void property="metrics"> 
   <array class="jmbench.tools.EvaluationMetrics" length="12"> 
    <void index="0"> 
     <object class="jmbench.tools.EvaluationMetrics"> 
      <void property="max"> 
       <double>837886.4120415146</double> 
      </void> 
      <void property="mean"> 
       <double>777549.5683298429</double> 
      </void> 
      <void property="median"> 
       <double>791982.7452176642</double> 
      </void> 
      <void property="min"> 
       <double>721168.0123975887</double> 
      </void> 
      <void property="rawResults"> 
       <object class="java.util.ArrayList"> 
        <void method="add"> 
         <double>721168.0123975887</double> 
        </void> 
        <void method="add"> 
         <double>721859.2121548895</double> 
        </void> 
        <void method="add"> 
         <double>733148.258221596</double> 
        </void> 
        <void method="add"> 
         <double>740179.497158788</double> 
        </void> 
        <void method="add"> 
         <double>740738.7419352874</double> 
        </void> 
        <void method="add"> 
         <double>747058.8915428447</double> 
        </void> 
        <void method="add"> 
         <double>747081.9063752874</double> 
        </void> 
        <void method="add"> 
         <double>749031.0210397134</double> 
        </void> 
        <void method="add"> 
         <double>751333.989256565</double> 
        </void> 
        <void method="add"> 
         <double>791982.7452176642</double> 
        </void> 
        <void method="add"> 
         <double>796894.9277992743</double> 
        </void> 
        <void method="add"> 
         <double>803877.0426339738</double> 
        </void> 
        <void method="add"> 
         <double>804778.9208076126</double> 
        </void> 
        <void method="add"> 
         <double>804944.5494202748</double> 
        </void> 
        <void method="add"> 
         <double>805364.3687491398</double> 
        </void> 
        <void method="add"> 
         <double>808330.6349266454</double> 
        </void> 
        <void method="add"> 
         <double>812014.6985761847</double> 
        </void> 
        <void method="add"> 
         <double>833234.1362497855</double> 
        </void> 
        <void method="add"> 
         <double>837185.2781092072</double> 
        </void> 
        <void method="add"> 
         <double>837886.4120415146</double> 
        </void> 
        <void method="add"> 
         <double>804005.1303323335</double> 
        </void> 
        <void method="add"> 
         <double>744269.0095810028</double> 
        </void> 
        <void method="add"> 
         <double>818196.6610485805</double> 
        </void> 
        <void method="add"> 
         <double>739412.8200069444</double> 
        </void> 
        <void method="add"> 
         <double>744762.3426633737</double> 
        </void> 
       </object> 
      </void> 
      <void property="stdev"> 
       <double>38118.37951172286</double> 
      </void> 
     </object> 
    </void> 
    <void index="1"> 
     <object class="jmbench.tools.EvaluationMetrics"> 
      <void property="max"> 
       <double>237476.4211691912</double> 
      </void> 
      <void property="mean"> 
       <double>192238.38754402666</double> 
      </void> 
      <void property="median"> 
       <double>186558.29909054443</double> 
      </void> 
      <void property="min"> 
       <double>153515.40153412783</double> 
      </void> 
      <void property="rawResults"> 
       <object class="java.util.ArrayList"> 
        <void method="add"> 
         <double>153515.40153412783</double> 
        </void> 
        <void method="add"> 
         <double>163060.30325304667</double> 
        </void> 
        <void method="add"> 
         <double>166581.63633924248</double> 
        </void> 
        <void method="add"> 
         <double>167919.5829573579</double> 
        </void> 
        <void method="add"> 
         <double>173584.9318240761</double> 
        </void> 
        <void method="add"> 
         <double>174002.191198875</double> 
        </void> 
        <void method="add"> 
         <double>180164.31652096912</double> 
        </void> 
        <void method="add"> 
         <double>183592.35984479284</double> 
        </void> 
        <void method="add"> 
         <double>183748.67752743466</double> 
        </void> 
        <void method="add"> 
         <double>184523.4914706063</double> 
        </void> 
        <void method="add"> 
         <double>184791.13585389432</double> 
        </void> 
        <void method="add"> 
         <double>185595.40874813843</double> 
        </void> 
        <void method="add"> 
         <double>187102.5124674342</double> 
        </void> 
        <void method="add"> 
         <double>197364.1251344626</double> 
        </void> 
        <void method="add"> 
         <double>202169.04097824782</double> 
        </void> 
        <void method="add"> 
         <double>206395.35792303644</double> 
        </void> 
        <void method="add"> 
         <double>208200.43300643621</double> 
        </void> 
        <void method="add"> 
         <double>213096.20982468306</double> 
        </void> 
        <void method="add"> 
         <double>229033.06918408364</double> 
        </void> 
        <void method="add"> 
         <double>237476.4211691912</double> 
        </void> 
        <void method="add"> 
         <double>186558.29909054443</double> 
        </void> 
        <void method="add"> 
         <double>188755.25626434135</double> 
        </void> 
        <void method="add"> 
         <double>190129.40539075088</double> 
        </void> 
        <void method="add"> 
         <double>228544.70846382747</double> 
        </void> 
        <void method="add"> 
         <double>230055.41263106524</double> 
        </void> 
       </object> 
      </void> 
      <void property="stdev"> 
       <double>21883.06004026179</double> 
      </void> 
     </object> 
    </void> 
    <void index="2"> 
     <object class="jmbench.tools.EvaluationMetrics"> 
      <void property="max"> 
       <double>135099.73706129508</double> 
      </void> 
      <void property="mean"> 
       <double>106511.53976548006</double> 
      </void> 
      <void property="median"> 
       <double>107115.99870913119</double> 
      </void> 
      <void property="min"> 
       <double>91026.17386183831</double> 
      </void> 
      <void property="rawResults"> 
       <object class="java.util.ArrayList"> 
        <void method="add"> 
         <double>91026.17386183831</double> 
        </void> 
        <void method="add"> 
         <double>92629.28634418827</double> 
        </void> 
        <void method="add"> 
         <double>93699.58524087521</double> 
        </void> 
        <void method="add"> 
         <double>94265.76798044302</double> 
        </void> 
        <void method="add"> 
         <double>94847.58963603422</double> 
        </void> 
        <void method="add"> 
         <double>95431.15704453156</double> 
        </void> 
        <void method="add"> 
         <double>98807.55412362484</double> 
        </void> 
        <void method="add"> 
         <double>102124.45043394888</double> 
        </void> 
        <void method="add"> 
         <double>102546.53334790106</double> 
        </void> 
        <void method="add"> 
         <double>103290.67843858417</double> 
        </void> 
        <void method="add"> 
         <double>107115.99870913119</double> 
        </void> 
        <void method="add"> 
         <double>107159.75777616836</double> 
        </void> 
        <void method="add"> 
         <double>109119.95548751808</double> 
        </void> 
        <void method="add"> 
         <double>110596.43810576606</double> 
        </void> 
        <void method="add"> 
         <double>112714.62443257234</double> 
        </void> 
        <void method="add"> 
         <double>116435.38122154167</double> 
        </void> 
        <void method="add"> 
         <double>118634.39100785377</double> 
        </void> 
        <void method="add"> 
         <double>119027.46428360693</double> 
        </void> 
        <void method="add"> 
         <double>119749.64270938626</double> 
        </void> 
        <void method="add"> 
         <double>135099.73706129508</double> 
        </void> 
        <void method="add"> 
         <double>107087.66248022484</double> 
        </void> 
        <void method="add"> 
         <double>99342.76361598326</double> 
        </void> 
        <void method="add"> 
         <double>111424.78480093731</double> 
        </void> 
        <void method="add"> 
         <double>108697.05059255648</double> 
        </void> 
        <void method="add"> 
         <double>111914.06540049084</double> 
        </void> 
       </object> 
      </void> 
      <void property="stdev"> 
       <double>10348.60831199421</double> 
      </void> 
     </object> 
    </void> 
    <void index="3"> 
     <object class="jmbench.tools.EvaluationMetrics"> 
      <void property="max"> 
       <double>73419.01105094932</double> 
      </void> 
      <void property="mean"> 
       <double>57528.80750826192</double> 
      </void> 
      <void property="median"> 
       <double>56803.310371114036</double> 
      </void> 
      <void property="min"> 
       <double>48542.65458311004</double> 
      </void> 
      <void property="rawResults"> 
       <object class="java.util.ArrayList"> 
        <void method="add"> 
         <double>48815.53914189708</double> 
        </void> 
        <void method="add"> 
         <double>49635.36192696983</double> 
        </void> 
        <void method="add"> 
         <double>51243.72596526703</double> 
        </void> 
        <void method="add"> 
         <double>51792.80761668622</double> 
        </void> 
        <void method="add"> 
         <double>52530.80228728104</double> 
        </void> 
        <void method="add"> 
         <double>53152.31997905803</double> 
        </void> 
        <void method="add"> 
         <double>53366.84636871112</double> 
        </void> 
        <void method="add"> 
         <double>53435.463792410264</double> 
        </void> 
        <void method="add"> 
         <double>53802.52418878006</double> 
        </void> 
        <void method="add"> 
         <double>55890.98385663552</double> 
        </void> 
        <void method="add"> 
         <double>58024.32837553646</double> 
        </void> 
        <void method="add"> 
         <double>59053.3598470517</double> 
        </void> 
        <void method="add"> 
         <double>61195.89364114651</double> 
        </void> 
        <void method="add"> 
         <double>61353.601479785684</double> 
        </void> 
        <void method="add"> 
         <double>61604.267696554285</double> 
        </void> 
        <void method="add"> 
         <double>61999.6790832678</double> 
        </void> 
        <void method="add"> 
         <double>63176.760330666126</double> 
        </void> 
        <void method="add"> 
         <double>64417.50820117107</double> 
        </void> 
        <void method="add"> 
         <double>68505.82364716045</double> 
        </void> 
        <void method="add"> 
         <double>73419.01105094932</double> 
        </void> 
        <void method="add"> 
         <double>51685.829249925395</double> 
        </void> 
        <void method="add"> 
         <double>56803.310371114036</double> 
        </void> 
        <void method="add"> 
         <double>67151.43361069585</double> 
        </void> 
        <void method="add"> 
         <double>48542.65458311004</double> 
        </void> 
        <void method="add"> 
         <double>57620.35141471687</double> 
        </void> 
       </object> 
      </void> 
      <void property="stdev"> 
       <double>6428.133998785039</double> 
      </void> 
     </object> 
    </void> 
    <void index="4"> 
     <object class="jmbench.tools.EvaluationMetrics"> 
      <void property="max"> 
       <double>11100.819133253897</double> 
      </void> 
      <void property="mean"> 
       <double>9397.434809173994</double> 
      </void> 
      <void property="median"> 
       <double>9315.098335989129</double> 
      </void> 
      <void property="min"> 
       <double>8009.3426892343405</double> 
      </void> 
      <void property="rawResults"> 
       <object class="java.util.ArrayList"> 
        <void method="add"> 
         <double>8218.585128184344</double> 
        </void> 
        <void method="add"> 
         <double>8460.503145722452</double> 
        </void> 
        <void method="add"> 
         <double>8500.397705646454</double> 
        </void> 
        <void method="add"> 
         <double>8572.805229994938</double> 
        </void> 
        <void method="add"> 
         <double>8608.500210474946</double> 
        </void> 
        <void method="add"> 
         <double>8800.955707202042</double> 
        </void> 
        <void method="add"> 
         <double>8840.493056795935</double> 
        </void> 
        <void method="add"> 
         <double>8846.30658926727</double> 
        </void> 
        <void method="add"> 
         <double>9161.358316194048</double> 
        </void> 
        <void method="add"> 
         <double>9315.098335989129</double> 
        </void> 
        <void method="add"> 
         <double>9504.571840483763</double> 
        </void> 
        <void method="add"> 
         <double>9827.924231056939</double> 
        </void> 
        <void method="add"> 
         <double>9878.973789381149</double> 
        </void> 
        <void method="add"> 
         <double>10116.443032762818</double> 
        </void> 
        <void method="add"> 
         <double>10130.224706362462</double> 
        </void> 
        <void method="add"> 
         <double>10313.835262686363</double> 
        </void> 
        <void method="add"> 
         <double>10441.422194868828</double> 
        </void> 
        <void method="add"> 
         <double>10723.261793443971</double> 
        </void> 
        <void method="add"> 
         <double>10725.93369078725</double> 
        </void> 
        <void method="add"> 
         <double>11100.819133253897</double> 
        </void> 
        <void method="add"> 
         <double>8444.740411151419</double> 
        </void> 
        <void method="add"> 
         <double>8394.767076564362</double> 
        </void> 
        <void method="add"> 
         <double>9662.727407574392</double> 
        </void> 
        <void method="add"> 
         <double>8009.3426892343405</double> 
        </void> 
        <void method="add"> 
         <double>10335.879544266418</double> 
        </void> 
       </object> 
      </void> 
      <void property="stdev"> 
       <double>895.1930474336594</double> 
      </void> 
     </object> 
    </void> 
    <void index="5"> 
     <object class="jmbench.tools.EvaluationMetrics"> 
      <void property="max"> 
       <double>1544.570170553035</double> 
      </void> 
      <void property="mean"> 
       <double>1416.9919452131003</double> 
      </void> 
      <void property="median"> 
       <double>1448.8609290663596</double> 
      </void> 
      <void property="min"> 
       <double>1221.8524240896816</double> 
      </void> 
      <void property="rawResults"> 
       <object class="java.util.ArrayList"> 
        <void method="add"> 
         <double>1221.8524240896816</double> 
        </void> 
        <void method="add"> 
         <double>1252.9158441892657</double> 
        </void> 
        <void method="add"> 
         <double>1263.206083311997</double> 
        </void> 
        <void method="add"> 
         <double>1331.8579892620812</double> 
        </void> 
        <void method="add"> 
         <double>1331.9143574628436</double> 
        </void> 
        <void method="add"> 
         <double>1340.4589563979332</double> 
        </void> 
        <void method="add"> 
         <double>1344.9484399906398</double> 
        </void> 
        <void method="add"> 
         <double>1436.0606527526459</double> 
        </void> 
        <void method="add"> 
         <double>1439.6924736384265</double> 
        </void> 
        <void method="add"> 
         <double>1443.6819530574264</double> 
        </void> 
        <void method="add"> 
         <double>1448.8609290663596</double> 
        </void> 
        <void method="add"> 
         <double>1455.8370478243246</double> 
        </void> 
        <void method="add"> 
         <double>1457.5763211044377</double> 
        </void> 
        <void method="add"> 
         <double>1467.8113473382484</double> 
        </void> 
        <void method="add"> 
         <double>1469.3379978504752</double> 
        </void> 
        <void method="add"> 
         <double>1482.831131201788</double> 
        </void> 
        <void method="add"> 
         <double>1488.1707549281414</double> 
        </void> 
        <void method="add"> 
         <double>1497.4946991069405</double> 
        </void> 
        <void method="add"> 
         <double>1514.134086225568</double> 
        </void> 
        <void method="add"> 
         <double>1535.9880257278423</double> 
        </void> 
        <void method="add"> 
         <double>1500.8812008888385</double> 
        </void> 
        <void method="add"> 
         <double>1462.4673932006563</double> 
        </void> 
        <void method="add"> 
         <double>1273.8122445497527</double> 
        </void> 
        <void method="add"> 
         <double>1418.4361066081558</double> 
        </void> 
        <void method="add"> 
         <double>1544.570170553035</double> 
        </void> 
       </object> 
      </void> 
      <void property="stdev"> 
       <double>91.78941812162532</double> 
      </void> 
     </object> 
    </void> 
    <void index="6"> 
     <object class="jmbench.tools.EvaluationMetrics"> 
      <void property="max"> 
       <double>107.80475881030812</double> 
      </void> 
      <void property="mean"> 
       <double>98.99843937472214</double> 
      </void> 
      <void property="median"> 
       <double>103.72464866834315</double> 
      </void> 
      <void property="min"> 
       <double>84.96915569788906</double> 
      </void> 
      <void property="rawResults"> 
       <object class="java.util.ArrayList"> 
        <void method="add"> 
         <double>84.96915569788906</double> 
        </void> 
        <void method="add"> 
         <double>86.85191522274897</double> 
        </void> 
        <void method="add"> 
         <double>87.08129770951457</double> 
        </void> 
        <void method="add"> 
         <double>87.87077730385882</double> 
        </void> 
        <void method="add"> 
         <double>88.15691358858213</double> 
        </void> 
        <void method="add"> 
         <double>88.3745907467992</double> 
        </void> 
        <void method="add"> 
         <double>89.20542734956793</double> 
        </void> 
        <void method="add"> 
         <double>101.45932562535421</double> 
        </void> 
        <void method="add"> 
         <double>102.08275052339476</double> 
        </void> 
        <void method="add"> 
         <double>102.39013816127472</double> 
        </void> 
        <void method="add"> 
         <double>104.09168108864588</double> 
        </void> 
        <void method="add"> 
         <double>104.25706115644222</double> 
        </void> 
        <void method="add"> 
         <double>104.62659282597693</double> 
        </void> 
        <void method="add"> 
         <double>105.05564017213234</double> 
        </void> 
        <void method="add"> 
         <double>105.55290456030819</double> 
        </void> 
        <void method="add"> 
         <double>106.18122018062653</double> 
        </void> 
        <void method="add"> 
         <double>106.57294242663635</double> 
        </void> 
        <void method="add"> 
         <double>107.43045572940504</double> 
        </void> 
        <void method="add"> 
         <double>107.58339032501607</double> 
        </void> 
        <void method="add"> 
         <double>107.80475881030812</double> 
        </void> 
        <void method="add"> 
         <double>88.97014394629433</double> 
        </void> 
        <void method="add"> 
         <double>92.62973128130915</double> 
        </void> 
        <void method="add"> 
         <double>106.60997205211588</double> 
        </void> 
        <void method="add"> 
         <double>103.72464866834315</double> 
        </void> 
        <void method="add"> 
         <double>105.42754921550859</double> 
        </void> 
       </object> 
      </void> 
      <void property="stdev"> 
       <double>8.300731418570077</double> 
      </void> 
     </object> 
    </void> 
    <void index="7"> 
     <object class="jmbench.tools.EvaluationMetrics"> 
      <void property="max"> 
       <double>14.362178701667014</double> 
      </void> 
      <void property="mean"> 
       <double>12.928616480602532</double> 
      </void> 
      <void property="median"> 
       <double>13.715371147638717</double> 
      </void> 
      <void property="min"> 
       <double>10.813081203515956</double> 
      </void> 
      <void property="rawResults"> 
       <object class="java.util.ArrayList"> 
        <void method="add"> 
         <double>10.813081203515956</double> 
        </void> 
        <void method="add"> 
         <double>10.826733398663489</double> 
        </void> 
        <void method="add"> 
         <double>11.055296193349525</double> 
        </void> 
        <void method="add"> 
         <double>11.102859930381733</double> 
        </void> 
        <void method="add"> 
         <double>11.144136963623481</double> 
        </void> 
        <void method="add"> 
         <double>11.32802549258857</double> 
        </void> 
        <void method="add"> 
         <double>13.02856911086875</double> 
        </void> 
        <void method="add"> 
         <double>13.541839266396645</double> 
        </void> 
        <void method="add"> 
         <double>13.613628686396954</double> 
        </void> 
        <void method="add"> 
         <double>13.715371147638717</double> 
        </void> 
        <void method="add"> 
         <double>13.749704369079543</double> 
        </void> 
        <void method="add"> 
         <double>13.766755305084718</double> 
        </void> 
        <void method="add"> 
         <double>13.785814482433747</double> 
        </void> 
        <void method="add"> 
         <double>13.793392008754594</double> 
        </void> 
        <void method="add"> 
         <double>13.826997496301047</double> 
        </void> 
        <void method="add"> 
         <double>13.874881594298563</double> 
        </void> 
        <void method="add"> 
         <double>13.926826235948678</double> 
        </void> 
        <void method="add"> 
         <double>14.06299326105816</double> 
        </void> 
        <void method="add"> 
         <double>14.08306919489211</double> 
        </void> 
        <void method="add"> 
         <double>14.197539546586055</double> 
        </void> 
        <void method="add"> 
         <double>13.595058821219292</double> 
        </void> 
        <void method="add"> 
         <double>10.907305439782643</double> 
        </void> 
        <void method="add"> 
         <double>11.366828732005871</double> 
        </void> 
        <void method="add"> 
         <double>14.362178701667014</double> 
        </void> 
        <void method="add"> 
         <double>13.746525432527465</double> 
        </void> 
       </object> 
      </void> 
      <void property="stdev"> 
       <double>1.3028843037904136</double> 
      </void> 
     </object> 
    </void> 
    <void index="8"> 
     <object class="jmbench.tools.EvaluationMetrics"> 
      <void property="max"> 
       <double>1.779532992595217</double> 
      </void> 
      <void property="mean"> 
       <double>1.60204633714962</double> 
      </void> 
      <void property="median"> 
       <double>1.7434397529345955</double> 
      </void> 
      <void property="min"> 
       <double>1.1722408859154696</double> 
      </void> 
      <void property="rawResults"> 
       <object class="java.util.ArrayList"> 
        <void method="add"> 
         <double>1.1722408859154696</double> 
        </void> 
        <void method="add"> 
         <double>1.1785118134461212</double> 
        </void> 
        <void method="add"> 
         <double>1.1976812720502368</double> 
        </void> 
        <void method="add"> 
         <double>1.2158979330789321</double> 
        </void> 
        <void method="add"> 
         <double>1.5735516006842567</double> 
        </void> 
        <void method="add"> 
         <double>1.6115762435302627</double> 
        </void> 
        <void method="add"> 
         <double>1.631826050893828</double> 
        </void> 
        <void method="add"> 
         <double>1.6559616112011808</double> 
        </void> 
        <void method="add"> 
         <double>1.6819825632890966</double> 
        </void> 
        <void method="add"> 
         <double>1.7381698435315671</double> 
        </void> 
        <void method="add"> 
         <double>1.7434397529345955</double> 
        </void> 
        <void method="add"> 
         <double>1.7475224320869902</double> 
        </void> 
        <void method="add"> 
         <double>1.7516470266236204</double> 
        </void> 
        <void method="add"> 
         <double>1.7538084291300449</double> 
        </void> 
        <void method="add"> 
         <double>1.7568019394868541</double> 
        </void> 
        <void method="add"> 
         <double>1.7579286772487959</double> 
        </void> 
        <void method="add"> 
         <double>1.7592148931301987</double> 
        </void> 
        <void method="add"> 
         <double>1.7654335343426042</double> 
        </void> 
        <void method="add"> 
         <double>1.7664271773158766</double> 
        </void> 
        <void method="add"> 
         <double>1.775262172892389</double> 
        </void> 
        <void method="add"> 
         <double>1.7595347630742963</double> 
        </void> 
        <void method="add"> 
         <double>1.7606465997643415</double> 
        </void> 
        <void method="add"> 
         <double>1.2590076763871916</double> 
        </void> 
        <void method="add"> 
         <double>1.2575505441065318</double> 
        </void> 
        <void method="add"> 
         <double>1.779532992595217</double> 
        </void> 
       </object> 
      </void> 
      <void property="stdev"> 
       <double>0.2251578135194238</double> 
      </void> 
     </object> 
    </void> 
    <void index="9"> 
     <object class="jmbench.tools.EvaluationMetrics"> 
      <void property="max"> 
       <double>0.09110578862145371</double> 
      </void> 
      <void property="mean"> 
       <double>0.06213998948770792</double> 
      </void> 
      <void property="median"> 
       <double>0.09110578862145371</double> 
      </void> 
      <void property="min"> 
       <double>0.03317419035396212</double> 
      </void> 
      <void property="rawResults"> 
       <object class="java.util.ArrayList"> 
        <void method="add"> 
         <double>0.09110578862145371</double> 
        </void> 
        <void method="add"> 
         <double>0.03317419035396212</double> 
        </void> 
       </object> 
      </void> 
      <void property="stdev"> 
       <double>0.028965799133745796</double> 
      </void> 
     </object> 
    </void> 
   </array> 
  </void> 
  <void property="opName"> 
   <string>Eigen for Symm Matrices</string> 
  </void> 
 </object> 
</java> 
