<?xml version="1.0" encoding="UTF-8"?> 
<java version="1.6.0_16" class="java.beans.XMLDecoder"> 
 <object class="jmbench.tools.runtime.OperationResults"> 
  <void property="library"> 
   <object class="jmbench.impl.MatrixLibrary" method="valueOf"> 
    <string>EJML</string> 
   </object> 
  </void> 
  <void property="matDimen"> 
   <array class="int" length="12"> 
    <void index="0"> 
     <int>2</int> 
    </void> 
    <void index="1"> 
     <int>3</int> 
    </void> 
    <void index="2"> 
     <int>4</int> 
    </void> 
    <void index="3"> 
     <int>5</int> 
    </void> 
    <void index="4"> 
     <int>10</int> 
    </void> 
    <void index="5"> 
     <int>20</int> 
    </void> 
    <void index="6"> 
     <int>50</int> 
    </void> 
    <void index="7"> 
     <int>100</int> 
    </void> 
    <void index="8"> 
     <int>200</int> 
    </void> 
    <void index="9"> 
     <int>500</int> 
    </void> 
    <void index="10"> 
     <int>1000</int> 
    </void> 
    <void index="11"> 
     <int>2000</int> 
    </void> 
   </array> 
  </void> 
  <void property="metrics"> 
   <array class="jmbench.tools.EvaluationMetrics" length="12"> 
    <void index="0"> 
     <object class="jmbench.tools.EvaluationMetrics"> 
      <void property="max"> 
       <double>2.7183606609749157E7</double> 
      </void> 
      <void property="mean"> 
       <double>2.5925307096320886E7</double> 
      </void> 
      <void property="median"> 
       <double>2.6748670574905522E7</double> 
      </void> 
      <void property="min"> 
       <double>2.1985473966104757E7</double> 
      </void> 
      <void property="rawResults"> 
       <object class="java.util.ArrayList"> 
        <void method="add"> 
         <double>2.1985473966104757E7</double> 
        </void> 
        <void method="add"> 
         <double>2.2094980407432664E7</double> 
        </void> 
        <void method="add"> 
         <double>2.2257628027727388E7</double> 
        </void> 
        <void method="add"> 
         <double>2.226648817031367E7</double> 
        </void> 
        <void method="add"> 
         <double>2.5970482001491934E7</double> 
        </void> 
        <void method="add"> 
         <double>2.663531794553736E7</double> 
        </void> 
        <void method="add"> 
         <double>2.6671177857509352E7</double> 
        </void> 
        <void method="add"> 
         <double>2.6747047106527954E7</double> 
        </void> 
        <void method="add"> 
         <double>2.6748670574905522E7</double> 
        </void> 
        <void method="add"> 
         <double>2.675504960274238E7</double> 
        </void> 
        <void method="add"> 
         <double>2.682797166514619E7</double> 
        </void> 
        <void method="add"> 
         <double>2.6961888349182032E7</double> 
        </void> 
        <void method="add"> 
         <double>2.704527665598823E7</double> 
        </void> 
        <void method="add"> 
         <double>2.7100425054221082E7</double> 
        </void> 
        <void method="add"> 
         <double>2.7102461745380722E7</double> 
        </void> 
        <void method="add"> 
         <double>2.7111140808454525E7</double> 
        </void> 
        <void method="add"> 
         <double>2.7123943320174064E7</double> 
        </void> 
        <void method="add"> 
         <double>2.7124270417081513E7</double> 
        </void> 
        <void method="add"> 
         <double>2.7125191014568344E7</double> 
        </void> 
        <void method="add"> 
         <double>2.7183606609749157E7</double> 
        </void> 
        <void method="add"> 
         <double>2.2031828399913892E7</double> 
        </void> 
        <void method="add"> 
         <double>2.7158558392792046E7</double> 
        </void> 
        <void method="add"> 
         <double>2.668765307987362E7</double> 
        </void> 
        <void method="add"> 
         <double>2.674846026924959E7</double> 
        </void> 
        <void method="add"> 
         <double>2.6667685965954278E7</double> 
        </void> 
       </object> 
      </void> 
      <void property="stdev"> 
       <double>1916667.1809512333</double> 
      </void> 
     </object> 
    </void> 
    <void index="1"> 
     <object class="jmbench.tools.EvaluationMetrics"> 
      <void property="max"> 
       <double>1.2100414708772717E7</double> 
      </void> 
      <void property="mean"> 
       <double>1.2007920240645485E7</double> 
      </void> 
      <void property="median"> 
       <double>1.2071101761808857E7</double> 
      </void> 
      <void property="min"> 
       <double>1.1817668496769186E7</double> 
      </void> 
      <void property="rawResults"> 
       <object class="java.util.ArrayList"> 
        <void method="add"> 
         <double>1.1817668496769186E7</double> 
        </void> 
        <void method="add"> 
         <double>1.1875950011415131E7</double> 
        </void> 
        <void method="add"> 
         <double>1.1879926149357172E7</double> 
        </void> 
        <void method="add"> 
         <double>1.1899762504017947E7</double> 
        </void> 
        <void method="add"> 
         <double>1.1941874757288301E7</double> 
        </void> 
        <void method="add"> 
         <double>1.1945960395013504E7</double> 
        </void> 
        <void method="add"> 
         <double>1.1946140729201222E7</double> 
        </void> 
        <void method="add"> 
         <double>1.2050071511332616E7</double> 
        </void> 
        <void method="add"> 
         <double>1.2071101761808857E7</double> 
        </void> 
        <void method="add"> 
         <double>1.2074458268353041E7</double> 
        </void> 
        <void method="add"> 
         <double>1.2077511937051293E7</double> 
        </void> 
        <void method="add"> 
         <double>1.2082060775475767E7</double> 
        </void> 
        <void method="add"> 
         <double>1.208490126341276E7</double> 
        </void> 
        <void method="add"> 
         <double>1.2086069208618019E7</double> 
        </void> 
        <void method="add"> 
         <double>1.2088186060441848E7</double> 
        </void> 
        <void method="add"> 
         <double>1.208945193933355E7</double> 
        </void> 
        <void method="add"> 
         <double>1.2096575339006022E7</double> 
        </void> 
        <void method="add"> 
         <double>1.2096660496777E7</double> 
        </void> 
        <void method="add"> 
         <double>1.209819106782689E7</double> 
        </void> 
        <void method="add"> 
         <double>1.2100414708772717E7</double> 
        </void> 
        <void method="add"> 
         <double>1.1951069451120218E7</double> 
        </void> 
        <void method="add"> 
         <double>1.2097179705580156E7</double> 
        </void> 
        <void method="add"> 
         <double>1.1827254413979424E7</double> 
        </void> 
        <void method="add"> 
         <double>1.2024892203488735E7</double> 
        </void> 
        <void method="add"> 
         <double>1.1894672860695766E7</double> 
        </void> 
       </object> 
      </void> 
      <void property="stdev"> 
       <double>95657.7948204827</double> 
      </void> 
     </object> 
    </void> 
    <void index="2"> 
     <object class="jmbench.tools.EvaluationMetrics"> 
      <void property="max"> 
       <double>6163490.407756011</double> 
      </void> 
      <void property="mean"> 
       <double>6116496.634097242</double> 
      </void> 
      <void property="median"> 
       <double>6128866.530951551</double> 
      </void> 
      <void property="min"> 
       <double>6041820.547763581</double> 
      </void> 
      <void property="rawResults"> 
       <object class="java.util.ArrayList"> 
        <void method="add"> 
         <double>6041820.547763581</double> 
        </void> 
        <void method="add"> 
         <double>6050003.012054619</double> 
        </void> 
        <void method="add"> 
         <double>6063333.1154027805</double> 
        </void> 
        <void method="add"> 
         <double>6074900.317466131</double> 
        </void> 
        <void method="add"> 
         <double>6084022.383797215</double> 
        </void> 
        <void method="add"> 
         <double>6104294.029503114</double> 
        </void> 
        <void method="add"> 
         <double>6107716.578635488</double> 
        </void> 
        <void method="add"> 
         <double>6127414.084946694</double> 
        </void> 
        <void method="add"> 
         <double>6128866.530951551</double> 
        </void> 
        <void method="add"> 
         <double>6131872.877379878</double> 
        </void> 
        <void method="add"> 
         <double>6139079.23297371</double> 
        </void> 
        <void method="add"> 
         <double>6145103.084380813</double> 
        </void> 
        <void method="add"> 
         <double>6147866.346785351</double> 
        </void> 
        <void method="add"> 
         <double>6149439.436472212</double> 
        </void> 
        <void method="add"> 
         <double>6150037.299637412</double> 
        </void> 
        <void method="add"> 
         <double>6150330.444935869</double> 
        </void> 
        <void method="add"> 
         <double>6151600.332427827</double> 
        </void> 
        <void method="add"> 
         <double>6152426.679781891</double> 
        </void> 
        <void method="add"> 
         <double>6152541.060697656</double> 
        </void> 
        <void method="add"> 
         <double>6163490.407756011</double> 
        </void> 
        <void method="add"> 
         <double>6077046.690536992</double> 
        </void> 
        <void method="add"> 
         <double>6146867.172225515</double> 
        </void> 
        <void method="add"> 
         <double>6080032.124205594</double> 
        </void> 
        <void method="add"> 
         <double>6073511.527926414</double> 
        </void> 
        <void method="add"> 
         <double>6118800.533786738</double> 
        </void> 
       </object> 
      </void> 
      <void property="stdev"> 
       <double>36716.88346735454</double> 
      </void> 
     </object> 
    </void> 
    <void index="3"> 
     <object class="jmbench.tools.EvaluationMetrics"> 
      <void property="max"> 
       <double>3250395.0242109736</double> 
      </void> 
      <void property="mean"> 
       <double>3143836.812241238</double> 
      </void> 
      <void property="median"> 
       <double>3168000.482678758</double> 
      </void> 
      <void property="min"> 
       <double>2933640.4048553454</double> 
      </void> 
      <void property="rawResults"> 
       <object class="java.util.ArrayList"> 
        <void method="add"> 
         <double>2933640.4048553454</double> 
        </void> 
        <void method="add"> 
         <double>2989027.497224934</double> 
        </void> 
        <void method="add"> 
         <double>2999944.743690573</double> 
        </void> 
        <void method="add"> 
         <double>3032346.616528864</double> 
        </void> 
        <void method="add"> 
         <double>3045383.97045387</double> 
        </void> 
        <void method="add"> 
         <double>3083353.8835927662</double> 
        </void> 
        <void method="add"> 
         <double>3127729.6934273434</double> 
        </void> 
        <void method="add"> 
         <double>3161575.0626055226</double> 
        </void> 
        <void method="add"> 
         <double>3164815.6637532134</double> 
        </void> 
        <void method="add"> 
         <double>3167187.78253506</double> 
        </void> 
        <void method="add"> 
         <double>3168000.482678758</double> 
        </void> 
        <void method="add"> 
         <double>3203188.3197597447</double> 
        </void> 
        <void method="add"> 
         <double>3204529.6235810206</double> 
        </void> 
        <void method="add"> 
         <double>3207203.7497196393</double> 
        </void> 
        <void method="add"> 
         <double>3218648.2590580103</double> 
        </void> 
        <void method="add"> 
         <double>3222126.3182127215</double> 
        </void> 
        <void method="add"> 
         <double>3222178.0474596596</double> 
        </void> 
        <void method="add"> 
         <double>3224274.874263116</double> 
        </void> 
        <void method="add"> 
         <double>3238569.9397409107</double> 
        </void> 
        <void method="add"> 
         <double>3250395.0242109736</double> 
        </void> 
        <void method="add"> 
         <double>3220669.285750893</double> 
        </void> 
        <void method="add"> 
         <double>3051436.9107875065</double> 
        </void> 
        <void method="add"> 
         <double>3027063.9238182083</double> 
        </void> 
        <void method="add"> 
         <double>3240821.53652128</double> 
        </void> 
        <void method="add"> 
         <double>3191808.6918010334</double> 
        </void> 
       </object> 
      </void> 
      <void property="stdev"> 
       <double>92183.81449525683</double> 
      </void> 
     </object> 
    </void> 
    <void index="4"> 
     <object class="jmbench.tools.EvaluationMetrics"> 
      <void property="max"> 
       <double>483560.2180351709</double> 
      </void> 
      <void property="mean"> 
       <double>480178.3256660906</double> 
      </void> 
      <void property="median"> 
       <double>482419.2685883452</double> 
      </void> 
      <void property="min"> 
       <double>471497.7198923647</double> 
      </void> 
      <void property="rawResults"> 
       <object class="java.util.ArrayList"> 
        <void method="add"> 
         <double>471497.7198923647</double> 
        </void> 
        <void method="add"> 
         <double>472029.9915032432</double> 
        </void> 
        <void method="add"> 
         <double>475757.41747031617</double> 
        </void> 
        <void method="add"> 
         <double>476851.7674495862</double> 
        </void> 
        <void method="add"> 
         <double>476968.10999265907</double> 
        </void> 
        <void method="add"> 
         <double>477036.6286950066</double> 
        </void> 
        <void method="add"> 
         <double>477407.9798874814</double> 
        </void> 
        <void method="add"> 
         <double>481888.6909601416</double> 
        </void> 
        <void method="add"> 
         <double>481939.96067415737</double> 
        </void> 
        <void method="add"> 
         <double>482419.2685883452</double> 
        </void> 
        <void method="add"> 
         <double>482625.7233758605</double> 
        </void> 
        <void method="add"> 
         <double>482778.44248565915</double> 
        </void> 
        <void method="add"> 
         <double>482804.48463648255</double> 
        </void> 
        <void method="add"> 
         <double>482978.76895042683</double> 
        </void> 
        <void method="add"> 
         <double>483117.58861860895</double> 
        </void> 
        <void method="add"> 
         <double>483191.87269596034</double> 
        </void> 
        <void method="add"> 
         <double>483226.04367719276</double> 
        </void> 
        <void method="add"> 
         <double>483470.849021046</double> 
        </void> 
        <void method="add"> 
         <double>483525.18382176064</double> 
        </void> 
        <void method="add"> 
         <double>483526.4140148687</double> 
        </void> 
        <void method="add"> 
         <double>483560.2180351709</double> 
        </void> 
        <void method="add"> 
         <double>477073.44217801734</double> 
        </void> 
        <void method="add"> 
         <double>474555.847816519</double> 
        </void> 
        <void method="add"> 
         <double>482443.6193249788</double> 
        </void> 
        <void method="add"> 
         <double>481782.1078864105</double> 
        </void> 
       </object> 
      </void> 
      <void property="stdev"> 
       <double>3791.5904021686383</double> 
      </void> 
     </object> 
    </void> 
    <void index="5"> 
     <object class="jmbench.tools.EvaluationMetrics"> 
      <void property="max"> 
       <double>79114.35762917805</double> 
      </void> 
      <void property="mean"> 
       <double>77807.71819487742</double> 
      </void> 
      <void property="median"> 
       <double>77922.04889718305</double> 
      </void> 
      <void property="min"> 
       <double>74607.84175076016</double> 
      </void> 
      <void property="rawResults"> 
       <object class="java.util.ArrayList"> 
        <void method="add"> 
         <double>74607.84175076016</double> 
        </void> 
        <void method="add"> 
         <double>76462.64515771707</double> 
        </void> 
        <void method="add"> 
         <double>76647.96744873881</double> 
        </void> 
        <void method="add"> 
         <double>76653.15339049562</double> 
        </void> 
        <void method="add"> 
         <double>76697.32103184436</double> 
        </void> 
        <void method="add"> 
         <double>76893.5657580682</double> 
        </void> 
        <void method="add"> 
         <double>77236.24977598977</double> 
        </void> 
        <void method="add"> 
         <double>77402.12521469622</double> 
        </void> 
        <void method="add"> 
         <double>77483.16678458545</double> 
        </void> 
        <void method="add"> 
         <double>77902.77815094634</double> 
        </void> 
        <void method="add"> 
         <double>77939.40838260586</double> 
        </void> 
        <void method="add"> 
         <double>78024.76981223542</double> 
        </void> 
        <void method="add"> 
         <double>78505.7981583354</double> 
        </void> 
        <void method="add"> 
         <double>78613.10727899261</double> 
        </void> 
        <void method="add"> 
         <double>78795.29866703757</double> 
        </void> 
        <void method="add"> 
         <double>78896.76106181578</double> 
        </void> 
        <void method="add"> 
         <double>78961.50864124268</double> 
        </void> 
        <void method="add"> 
         <double>79012.53735759215</double> 
        </void> 
        <void method="add"> 
         <double>79037.99760240501</double> 
        </void> 
        <void method="add"> 
         <double>79114.35762917805</double> 
        </void> 
        <void method="add"> 
         <double>76820.20863751615</double> 
        </void> 
        <void method="add"> 
         <double>79036.31414936889</double> 
        </void> 
        <void method="add"> 
         <double>78961.60988257905</double> 
        </void> 
        <void method="add"> 
         <double>77564.41425000537</double> 
        </void> 
        <void method="add"> 
         <double>77922.04889718305</double> 
        </void> 
       </object> 
      </void> 
      <void property="stdev"> 
       <double>1107.3283956081602</double> 
      </void> 
     </object> 
    </void> 
    <void index="6"> 
     <object class="jmbench.tools.EvaluationMetrics"> 
      <void property="max"> 
       <double>6584.957420874176</double> 
      </void> 
      <void property="mean"> 
       <double>6477.645863512071</double> 
      </void> 
      <void property="median"> 
       <double>6540.73462486185</double> 
      </void> 
      <void property="min"> 
       <double>6249.294293095598</double> 
      </void> 
      <void property="rawResults"> 
       <object class="java.util.ArrayList"> 
        <void method="add"> 
         <double>6249.294293095598</double> 
        </void> 
        <void method="add"> 
         <double>6316.5031686077045</double> 
        </void> 
        <void method="add"> 
         <double>6319.803882622168</double> 
        </void> 
        <void method="add"> 
         <double>6324.27907986503</double> 
        </void> 
        <void method="add"> 
         <double>6378.309479102905</double> 
        </void> 
        <void method="add"> 
         <double>6399.305486255508</double> 
        </void> 
        <void method="add"> 
         <double>6453.482370872102</double> 
        </void> 
        <void method="add"> 
         <double>6460.704230168303</double> 
        </void> 
        <void method="add"> 
         <double>6464.24106728665</double> 
        </void> 
        <void method="add"> 
         <double>6466.884914440067</double> 
        </void> 
        <void method="add"> 
         <double>6535.783886581682</double> 
        </void> 
        <void method="add"> 
         <double>6540.73462486185</double> 
        </void> 
        <void method="add"> 
         <double>6544.824447888115</double> 
        </void> 
        <void method="add"> 
         <double>6550.767721160776</double> 
        </void> 
        <void method="add"> 
         <double>6551.480805668985</double> 
        </void> 
        <void method="add"> 
         <double>6554.736428709211</double> 
        </void> 
        <void method="add"> 
         <double>6556.45044899158</double> 
        </void> 
        <void method="add"> 
         <double>6560.4259387964175</double> 
        </void> 
        <void method="add"> 
         <double>6560.983475842857</double> 
        </void> 
        <void method="add"> 
         <double>6569.400837375933</double> 
        </void> 
        <void method="add"> 
         <double>6314.616926337679</double> 
        </void> 
        <void method="add"> 
         <double>6584.957420874176</double> 
        </void> 
        <void method="add"> 
         <double>6557.494255911372</double> 
        </void> 
        <void method="add"> 
         <double>6559.70217286285</double> 
        </void> 
        <void method="add"> 
         <double>6565.979223622262</double> 
        </void> 
       </object> 
      </void> 
      <void property="stdev"> 
       <double>101.93440086470714</double> 
      </void> 
     </object> 
    </void> 
    <void index="7"> 
     <object class="jmbench.tools.EvaluationMetrics"> 
      <void property="max"> 
       <double>850.1938887771021</double> 
      </void> 
      <void property="mean"> 
       <double>842.3926573925934</double> 
      </void> 
      <void property="median"> 
       <double>844.4052697717012</double> 
      </void> 
      <void property="min"> 
       <double>828.7681736358792</double> 
      </void> 
      <void property="rawResults"> 
       <object class="java.util.ArrayList"> 
        <void method="add"> 
         <double>828.7681736358792</double> 
        </void> 
        <void method="add"> 
         <double>831.9322197225595</double> 
        </void> 
        <void method="add"> 
         <double>832.6482918273884</double> 
        </void> 
        <void method="add"> 
         <double>834.0152250738789</double> 
        </void> 
        <void method="add"> 
         <double>840.3355907573845</double> 
        </void> 
        <void method="add"> 
         <double>840.5762126034756</double> 
        </void> 
        <void method="add"> 
         <double>841.3283643031405</double> 
        </void> 
        <void method="add"> 
         <double>842.4140649094227</double> 
        </void> 
        <void method="add"> 
         <double>843.6759096226825</double> 
        </void> 
        <void method="add"> 
         <double>843.8083662474877</double> 
        </void> 
        <void method="add"> 
         <double>844.4052697717012</double> 
        </void> 
        <void method="add"> 
         <double>844.7534053990187</double> 
        </void> 
        <void method="add"> 
         <double>845.2932365758227</double> 
        </void> 
        <void method="add"> 
         <double>846.8351603518308</double> 
        </void> 
        <void method="add"> 
         <double>847.0832704861588</double> 
        </void> 
        <void method="add"> 
         <double>847.4652695536389</double> 
        </void> 
        <void method="add"> 
         <double>848.0718606458466</double> 
        </void> 
        <void method="add"> 
         <double>848.1468400847997</double> 
        </void> 
        <void method="add"> 
         <double>848.8617507696478</double> 
        </void> 
        <void method="add"> 
         <double>849.449521092591</double> 
        </void> 
        <void method="add"> 
         <double>831.8724676232008</double> 
        </void> 
        <void method="add"> 
         <double>850.1938887771021</double> 
        </void> 
        <void method="add"> 
         <double>846.535833968374</double> 
        </void> 
        <void method="add"> 
         <double>831.6537755185467</double> 
        </void> 
        <void method="add"> 
         <double>849.6924654932576</double> 
        </void> 
       </object> 
      </void> 
      <void property="stdev"> 
       <double>6.549276066979907</double> 
      </void> 
     </object> 
    </void> 
    <void index="8"> 
     <object class="jmbench.tools.EvaluationMetrics"> 
      <void property="max"> 
       <double>112.27728556198292</double> 
      </void> 
      <void property="mean"> 
       <double>110.2260653300859</double> 
      </void> 
      <void property="median"> 
       <double>109.78306540619548</double> 
      </void> 
      <void property="min"> 
       <double>108.48786146418145</double> 
      </void> 
      <void property="rawResults"> 
       <object class="java.util.ArrayList"> 
        <void method="add"> 
         <double>108.48786146418145</double> 
        </void> 
        <void method="add"> 
         <double>108.63599890523571</double> 
        </void> 
        <void method="add"> 
         <double>108.87037736778929</double> 
        </void> 
        <void method="add"> 
         <double>108.93024418656437</double> 
        </void> 
        <void method="add"> 
         <double>108.97933216604676</double> 
        </void> 
        <void method="add"> 
         <double>109.28367182090912</double> 
        </void> 
        <void method="add"> 
         <double>109.38099519729829</double> 
        </void> 
        <void method="add"> 
         <double>109.41983317349619</double> 
        </void> 
        <void method="add"> 
         <double>109.45089014557709</double> 
        </void> 
        <void method="add"> 
         <double>109.78306540619548</double> 
        </void> 
        <void method="add"> 
         <double>109.8404037944997</double> 
        </void> 
        <void method="add"> 
         <double>109.85319933326754</double> 
        </void> 
        <void method="add"> 
         <double>111.02732739193785</double> 
        </void> 
        <void method="add"> 
         <double>111.3181432062969</double> 
        </void> 
        <void method="add"> 
         <double>111.39005429966844</double> 
        </void> 
        <void method="add"> 
         <double>111.44825714749165</double> 
        </void> 
        <void method="add"> 
         <double>112.24606690811872</double> 
        </void> 
        <void method="add"> 
         <double>112.25134944735655</double> 
        </void> 
        <void method="add"> 
         <double>112.2706826851671</double> 
        </void> 
        <void method="add"> 
         <double>112.27728556198292</double> 
        </void> 
        <void method="add"> 
         <double>111.46948497011418</double> 
        </void> 
        <void method="add"> 
         <double>112.26998806842826</double> 
        </void> 
        <void method="add"> 
         <double>109.0671023816065</double> 
        </void> 
        <void method="add"> 
         <double>108.63491878863171</double> 
        </void> 
        <void method="add"> 
         <double>109.0650994342865</double> 
        </void> 
       </object> 
      </void> 
      <void property="stdev"> 
       <double>1.3587956453374306</double> 
      </void> 
     </object> 
    </void> 
    <void index="9"> 
     <object class="jmbench.tools.EvaluationMetrics"> 
      <void property="max"> 
       <double>7.014992697270674</double> 
      </void> 
      <void property="mean"> 
       <double>6.743807143557633</double> 
      </void> 
      <void property="median"> 
       <double>6.8846799568351225</double> 
      </void> 
      <void property="min"> 
       <double>5.355324706644946</double> 
      </void> 
      <void property="rawResults"> 
       <object class="java.util.ArrayList"> 
        <void method="add"> 
         <double>6.41321397487886</double> 
        </void> 
        <void method="add"> 
         <double>6.621686972303102</double> 
        </void> 
        <void method="add"> 
         <double>6.640151855213765</double> 
        </void> 
        <void method="add"> 
         <double>6.649652000588156</double> 
        </void> 
        <void method="add"> 
         <double>6.65646625551344</double> 
        </void> 
        <void method="add"> 
         <double>6.6633304407667815</double> 
        </void> 
        <void method="add"> 
         <double>6.6675163001869615</double> 
        </void> 
        <void method="add"> 
         <double>6.856556681436517</double> 
        </void> 
        <void method="add"> 
         <double>6.8846799568351225</double> 
        </void> 
        <void method="add"> 
         <double>6.908099025691582</double> 
        </void> 
        <void method="add"> 
         <double>6.909664311067147</double> 
        </void> 
        <void method="add"> 
         <double>6.926558504912573</double> 
        </void> 
        <void method="add"> 
         <double>6.977697930717726</double> 
        </void> 
        <void method="add"> 
         <double>6.983215555101475</double> 
        </void> 
        <void method="add"> 
         <double>6.994036404304524</double> 
        </void> 
        <void method="add"> 
         <double>7.001692477462506</double> 
        </void> 
        <void method="add"> 
         <double>7.01177396282241</double> 
        </void> 
        <void method="add"> 
         <double>7.0119321562173065</double> 
        </void> 
        <void method="add"> 
         <double>7.012225448095623</double> 
        </void> 
        <void method="add"> 
         <double>7.014992697270674</double> 
        </void> 
        <void method="add"> 
         <double>5.8880187243032935</double> 
        </void> 
        <void method="add"> 
         <double>6.894501835908331</double> 
        </void> 
        <void method="add"> 
         <double>6.8258777870644884</double> 
        </void> 
        <void method="add"> 
         <double>5.355324706644946</double> 
        </void> 
        <void method="add"> 
         <double>6.826312623633481</double> 
        </void> 
       </object> 
      </void> 
      <void property="stdev"> 
       <double>0.37476035433939847</double> 
      </void> 
     </object> 
    </void> 
    <void index="10"> 
     <object class="jmbench.tools.EvaluationMetrics"> 
      <void property="max"> 
       <double>0.6272099009769382</double> 
      </void> 
      <void property="mean"> 
       <double>0.6022415210039754</double> 
      </void> 
      <void property="median"> 
       <double>0.6082391452385367</double> 
      </void> 
      <void property="min"> 
       <double>0.5656062736149686</double> 
      </void> 
      <void property="rawResults"> 
       <object class="java.util.ArrayList"> 
        <void method="add"> 
         <double>0.569876858290148</double> 
        </void> 
        <void method="add"> 
         <double>0.5699888595306912</double> 
        </void> 
        <void method="add"> 
         <double>0.5730229027103113</double> 
        </void> 
        <void method="add"> 
         <double>0.5778191037852932</double> 
        </void> 
        <void method="add"> 
         <double>0.5801940774079255</double> 
        </void> 
        <void method="add"> 
         <double>0.5803804919659372</double> 
        </void> 
        <void method="add"> 
         <double>0.6036735844856391</double> 
        </void> 
        <void method="add"> 
         <double>0.604404167391273</double> 
        </void> 
        <void method="add"> 
         <double>0.6052508508513569</double> 
        </void> 
        <void method="add"> 
         <double>0.607309105125667</double> 
        </void> 
        <void method="add"> 
         <double>0.6082391452385367</double> 
        </void> 
        <void method="add"> 
         <double>0.6098200926020714</double> 
        </void> 
        <void method="add"> 
         <double>0.6133513227231784</double> 
        </void> 
        <void method="add"> 
         <double>0.6165330575000604</double> 
        </void> 
        <void method="add"> 
         <double>0.618574747917313</double> 
        </void> 
        <void method="add"> 
         <double>0.6221809682227731</double> 
        </void> 
        <void method="add"> 
         <double>0.6231602304201007</double> 
        </void> 
        <void method="add"> 
         <double>0.6236664006876029</double> 
        </void> 
        <void method="add"> 
         <double>0.6250818150053854</double> 
        </void> 
        <void method="add"> 
         <double>0.6272099009769382</double> 
        </void> 
        <void method="add"> 
         <double>0.5930678986448729</double> 
        </void> 
        <void method="add"> 
         <double>0.5656062736149686</double> 
        </void> 
        <void method="add"> 
         <double>0.6091912305643059</double> 
        </void> 
        <void method="add"> 
         <double>0.6158790622354042</double> 
        </void> 
        <void method="add"> 
         <double>0.6125558772016363</double> 
        </void> 
       </object> 
      </void> 
      <void property="stdev"> 
       <double>0.019429322901659513</double> 
      </void> 
     </object> 
    </void> 
    <void index="11"> 
     <object class="jmbench.tools.EvaluationMetrics"> 
      <void property="max"> 
       <double>0.07818716186619475</double> 
      </void> 
      <void property="mean"> 
       <double>0.07633768737565291</double> 
      </void> 
      <void property="median"> 
       <double>0.07752076905920831</double> 
      </void> 
      <void property="min"> 
       <double>0.07343567276452555</double> 
      </void> 
      <void property="rawResults"> 
       <object class="java.util.ArrayList"> 
        <void method="add"> 
         <double>0.07343567276452555</double> 
        </void> 
        <void method="add"> 
         <double>0.07497318006733972</double> 
        </void> 
        <void method="add"> 
         <double>0.07757165312099626</double> 
        </void> 
        <void method="add"> 
         <double>0.07818716186619475</double> 
        </void> 
        <void method="add"> 
         <double>0.07752076905920831</double> 
        </void> 
       </object> 
      </void> 
      <void property="stdev"> 
       <double>0.0018235393398249918</double> 
      </void> 
     </object> 
    </void> 
   </array> 
  </void> 
  <void property="opName"> 
   <string>Mult c=a^t * b</string> 
  </void> 
 </object> 
</java> 
