<?xml version="1.0" encoding="UTF-8"?> 
<java version="1.6.0_16" class="java.beans.XMLDecoder"> 
 <object class="jmbench.tools.runtime.OperationResults"> 
  <void property="library"> 
   <object class="jmbench.impl.MatrixLibrary" method="valueOf"> 
    <string>EJML</string> 
   </object> 
  </void> 
  <void property="matDimen"> 
   <array class="int" length="12"> 
    <void index="0"> 
     <int>2</int> 
    </void> 
    <void index="1"> 
     <int>3</int> 
    </void> 
    <void index="2"> 
     <int>4</int> 
    </void> 
    <void index="3"> 
     <int>5</int> 
    </void> 
    <void index="4"> 
     <int>10</int> 
    </void> 
    <void index="5"> 
     <int>20</int> 
    </void> 
    <void index="6"> 
     <int>50</int> 
    </void> 
    <void index="7"> 
     <int>100</int> 
    </void> 
    <void index="8"> 
     <int>200</int> 
    </void> 
    <void index="9"> 
     <int>500</int> 
    </void> 
    <void index="10"> 
     <int>1000</int> 
    </void> 
    <void index="11"> 
     <int>2000</int> 
    </void> 
   </array> 
  </void> 
  <void property="metrics"> 
   <array class="jmbench.tools.EvaluationMetrics" length="12"> 
    <void index="0"> 
     <object class="jmbench.tools.EvaluationMetrics"> 
      <void property="max"> 
       <double>1.539751051746838E7</double> 
      </void> 
      <void property="mean"> 
       <double>1.4385081966473414E7</double> 
      </void> 
      <void property="median"> 
       <double>1.5058789015406009E7</double> 
      </void> 
      <void property="min"> 
       <double>1.1363644019579057E7</double> 
      </void> 
      <void property="rawResults"> 
       <object class="java.util.ArrayList"> 
        <void method="add"> 
         <double>1.1363644019579057E7</double> 
        </void> 
        <void method="add"> 
         <double>1.1705655356861966E7</double> 
        </void> 
        <void method="add"> 
         <double>1.1787746243743123E7</double> 
        </void> 
        <void method="add"> 
         <double>1.187319923777777E7</double> 
        </void> 
        <void method="add"> 
         <double>1.1986248606793167E7</double> 
        </void> 
        <void method="add"> 
         <double>1.4514881202252109E7</double> 
        </void> 
        <void method="add"> 
         <double>1.4594908209105333E7</double> 
        </void> 
        <void method="add"> 
         <double>1.4765416254582027E7</double> 
        </void> 
        <void method="add"> 
         <double>1.4770489007831614E7</double> 
        </void> 
        <void method="add"> 
         <double>1.4898751306398127E7</double> 
        </void> 
        <void method="add"> 
         <double>1.5058789015406009E7</double> 
        </void> 
        <void method="add"> 
         <double>1.5115268052068228E7</double> 
        </void> 
        <void method="add"> 
         <double>1.5123863459050108E7</double> 
        </void> 
        <void method="add"> 
         <double>1.51303691706439E7</double> 
        </void> 
        <void method="add"> 
         <double>1.5149008389104553E7</double> 
        </void> 
        <void method="add"> 
         <double>1.5164993749182608E7</double> 
        </void> 
        <void method="add"> 
         <double>1.5218612610958114E7</double> 
        </void> 
        <void method="add"> 
         <double>1.5223450035930114E7</double> 
        </void> 
        <void method="add"> 
         <double>1.526546426946789E7</double> 
        </void> 
        <void method="add"> 
         <double>1.5337900694303144E7</double> 
        </void> 
        <void method="add"> 
         <double>1.4867228265804468E7</double> 
        </void> 
        <void method="add"> 
         <double>1.4987440721933875E7</double> 
        </void> 
        <void method="add"> 
         <double>1.5199719892830554E7</double> 
        </void> 
        <void method="add"> 
         <double>1.512649087275905E7</double> 
        </void> 
        <void method="add"> 
         <double>1.539751051746838E7</double> 
        </void> 
       </object> 
      </void> 
      <void property="stdev"> 
       <double>1340608.8606869152</double> 
      </void> 
     </object> 
    </void> 
    <void index="1"> 
     <object class="jmbench.tools.EvaluationMetrics"> 
      <void property="max"> 
       <double>5299033.044419112</double> 
      </void> 
      <void property="mean"> 
       <double>5266813.843679186</double> 
      </void> 
      <void property="median"> 
       <double>5275736.600814743</double> 
      </void> 
      <void property="min"> 
       <double>5170050.872958145</double> 
      </void> 
      <void property="rawResults"> 
       <object class="java.util.ArrayList"> 
        <void method="add"> 
         <double>5170050.872958145</double> 
        </void> 
        <void method="add"> 
         <double>5170077.828137504</double> 
        </void> 
        <void method="add"> 
         <double>5171943.885988427</double> 
        </void> 
        <void method="add"> 
         <double>5257801.441916253</double> 
        </void> 
        <void method="add"> 
         <double>5260772.233645345</double> 
        </void> 
        <void method="add"> 
         <double>5261368.798045847</double> 
        </void> 
        <void method="add"> 
         <double>5261988.414347281</double> 
        </void> 
        <void method="add"> 
         <double>5275454.600730804</double> 
        </void> 
        <void method="add"> 
         <double>5275519.38535402</double> 
        </void> 
        <void method="add"> 
         <double>5275623.1720795045</double> 
        </void> 
        <void method="add"> 
         <double>5275736.600814743</double> 
        </void> 
        <void method="add"> 
         <double>5277245.5326769985</double> 
        </void> 
        <void method="add"> 
         <double>5277710.995264141</double> 
        </void> 
        <void method="add"> 
         <double>5278016.826826575</double> 
        </void> 
        <void method="add"> 
         <double>5278574.075493714</double> 
        </void> 
        <void method="add"> 
         <double>5297119.774799801</double> 
        </void> 
        <void method="add"> 
         <double>5298081.378524093</double> 
        </void> 
        <void method="add"> 
         <double>5298176.644124998</double> 
        </void> 
        <void method="add"> 
         <double>5298319.821616252</double> 
        </void> 
        <void method="add"> 
         <double>5298994.064540528</double> 
        </void> 
        <void method="add"> 
         <double>5297765.797934504</double> 
        </void> 
        <void method="add"> 
         <double>5275111.329289817</double> 
        </void> 
        <void method="add"> 
         <double>5260820.92704745</double> 
        </void> 
        <void method="add"> 
         <double>5299033.044419112</double> 
        </void> 
        <void method="add"> 
         <double>5279038.64540379</double> 
        </void> 
       </object> 
      </void> 
      <void property="stdev"> 
       <double>37867.75879757629</double> 
      </void> 
     </object> 
    </void> 
    <void index="2"> 
     <object class="jmbench.tools.EvaluationMetrics"> 
      <void property="max"> 
       <double>2598714.695375291</double> 
      </void> 
      <void property="mean"> 
       <double>2550204.3578312187</double> 
      </void> 
      <void property="median"> 
       <double>2557959.584578332</double> 
      </void> 
      <void property="min"> 
       <double>2461289.768222144</double> 
      </void> 
      <void property="rawResults"> 
       <object class="java.util.ArrayList"> 
        <void method="add"> 
         <double>2461289.768222144</double> 
        </void> 
        <void method="add"> 
         <double>2474002.9201443554</double> 
        </void> 
        <void method="add"> 
         <double>2479289.475728209</double> 
        </void> 
        <void method="add"> 
         <double>2480247.6507472787</double> 
        </void> 
        <void method="add"> 
         <double>2480541.489286614</double> 
        </void> 
        <void method="add"> 
         <double>2538811.566257456</double> 
        </void> 
        <void method="add"> 
         <double>2555652.244770388</double> 
        </void> 
        <void method="add"> 
         <double>2556153.177700734</double> 
        </void> 
        <void method="add"> 
         <double>2556607.9090016573</double> 
        </void> 
        <void method="add"> 
         <double>2557895.9021468093</double> 
        </void> 
        <void method="add"> 
         <double>2562437.8431204767</double> 
        </void> 
        <void method="add"> 
         <double>2569422.007675072</double> 
        </void> 
        <void method="add"> 
         <double>2575796.023873472</double> 
        </void> 
        <void method="add"> 
         <double>2583199.801184861</double> 
        </void> 
        <void method="add"> 
         <double>2583436.446028485</double> 
        </void> 
        <void method="add"> 
         <double>2584439.8583161486</double> 
        </void> 
        <void method="add"> 
         <double>2589104.6809828826</double> 
        </void> 
        <void method="add"> 
         <double>2591315.7518005655</double> 
        </void> 
        <void method="add"> 
         <double>2594045.5456482847</double> 
        </void> 
        <void method="add"> 
         <double>2598714.695375291</double> 
        </void> 
        <void method="add"> 
         <double>2569856.4166612923</double> 
        </void> 
        <void method="add"> 
         <double>2557448.902390233</double> 
        </void> 
        <void method="add"> 
         <double>2558197.3793250103</double> 
        </void> 
        <void method="add"> 
         <double>2557959.584578332</double> 
        </void> 
        <void method="add"> 
         <double>2539241.904814415</double> 
        </void> 
       </object> 
      </void> 
      <void property="stdev"> 
       <double>40735.19244682995</double> 
      </void> 
     </object> 
    </void> 
    <void index="3"> 
     <object class="jmbench.tools.EvaluationMetrics"> 
      <void property="max"> 
       <double>1861989.4648196565</double> 
      </void> 
      <void property="mean"> 
       <double>1856179.3284047358</double> 
      </void> 
      <void property="median"> 
       <double>1859818.8041601346</double> 
      </void> 
      <void property="min"> 
       <double>1847429.9012760164</double> 
      </void> 
      <void property="rawResults"> 
       <object class="java.util.ArrayList"> 
        <void method="add"> 
         <double>1847429.9012760164</double> 
        </void> 
        <void method="add"> 
         <double>1847594.0506371686</double> 
        </void> 
        <void method="add"> 
         <double>1848562.7006556022</double> 
        </void> 
        <void method="add"> 
         <double>1848587.221616697</double> 
        </void> 
        <void method="add"> 
         <double>1851346.4666756275</double> 
        </void> 
        <void method="add"> 
         <double>1851515.5538227316</double> 
        </void> 
        <void method="add"> 
         <double>1852519.1749883976</double> 
        </void> 
        <void method="add"> 
         <double>1852615.075510381</double> 
        </void> 
        <void method="add"> 
         <double>1858961.1196377282</double> 
        </void> 
        <void method="add"> 
         <double>1859818.8041601346</double> 
        </void> 
        <void method="add"> 
         <double>1859861.0253407424</double> 
        </void> 
        <void method="add"> 
         <double>1859996.9437793905</double> 
        </void> 
        <void method="add"> 
         <double>1860064.6275016402</double> 
        </void> 
        <void method="add"> 
         <double>1860366.3895545166</double> 
        </void> 
        <void method="add"> 
         <double>1860390.0122633881</double> 
        </void> 
        <void method="add"> 
         <double>1860808.9081986821</double> 
        </void> 
        <void method="add"> 
         <double>1860842.158923722</double> 
        </void> 
        <void method="add"> 
         <double>1860863.6549038468</double> 
        </void> 
        <void method="add"> 
         <double>1861254.1571264141</double> 
        </void> 
        <void method="add"> 
         <double>1861989.4648196565</double> 
        </void> 
        <void method="add"> 
         <double>1860113.3800701648</double> 
        </void> 
        <void method="add"> 
         <double>1859925.7881231052</double> 
        </void> 
        <void method="add"> 
         <double>1847803.4962496748</double> 
        </void> 
        <void method="add"> 
         <double>1851616.7318628707</double> 
        </void> 
        <void method="add"> 
         <double>1859636.4024200975</double> 
        </void> 
       </object> 
      </void> 
      <void property="stdev"> 
       <double>5267.47026309842</double> 
      </void> 
     </object> 
    </void> 
    <void index="4"> 
     <object class="jmbench.tools.EvaluationMetrics"> 
      <void property="max"> 
       <double>571678.2267029329</double> 
      </void> 
      <void property="mean"> 
       <double>555637.4505038072</double> 
      </void> 
      <void property="median"> 
       <double>567884.9903267208</double> 
      </void> 
      <void property="min"> 
       <double>525310.411797563</double> 
      </void> 
      <void property="rawResults"> 
       <object class="java.util.ArrayList"> 
        <void method="add"> 
         <double>525310.411797563</double> 
        </void> 
        <void method="add"> 
         <double>531379.2123468221</double> 
        </void> 
        <void method="add"> 
         <double>531402.9897829547</double> 
        </void> 
        <void method="add"> 
         <double>531527.5977212646</double> 
        </void> 
        <void method="add"> 
         <double>532863.3168452875</double> 
        </void> 
        <void method="add"> 
         <double>533084.6635163022</double> 
        </void> 
        <void method="add"> 
         <double>561869.533779919</double> 
        </void> 
        <void method="add"> 
         <double>564550.021156792</double> 
        </void> 
        <void method="add"> 
         <double>564638.6642054624</double> 
        </void> 
        <void method="add"> 
         <double>567884.9903267208</double> 
        </void> 
        <void method="add"> 
         <double>569974.117054285</double> 
        </void> 
        <void method="add"> 
         <double>570019.9847380142</double> 
        </void> 
        <void method="add"> 
         <double>570072.0663517056</double> 
        </void> 
        <void method="add"> 
         <double>570605.8382729231</double> 
        </void> 
        <void method="add"> 
         <double>570694.828810296</double> 
        </void> 
        <void method="add"> 
         <double>571165.840556526</double> 
        </void> 
        <void method="add"> 
         <double>571322.7818494893</double> 
        </void> 
        <void method="add"> 
         <double>571329.1537337935</double> 
        </void> 
        <void method="add"> 
         <double>571383.7191980046</double> 
        </void> 
        <void method="add"> 
         <double>571678.2267029329</double> 
        </void> 
        <void method="add"> 
         <double>531604.0534947824</double> 
        </void> 
        <void method="add"> 
         <double>531352.4407495066</double> 
        </void> 
        <void method="add"> 
         <double>571647.4065694053</double> 
        </void> 
        <void method="add"> 
         <double>570724.2671434704</double> 
        </void> 
        <void method="add"> 
         <double>532850.1358909557</double> 
        </void> 
       </object> 
      </void> 
      <void property="stdev"> 
       <double>18476.04315418429</double> 
      </void> 
     </object> 
    </void> 
    <void index="5"> 
     <object class="jmbench.tools.EvaluationMetrics"> 
      <void property="max"> 
       <double>78809.07643471305</double> 
      </void> 
      <void property="mean"> 
       <double>77514.14922655346</double> 
      </void> 
      <void property="median"> 
       <double>77251.1613408469</double> 
      </void> 
      <void property="min"> 
       <double>76045.21268963981</double> 
      </void> 
      <void property="rawResults"> 
       <object class="java.util.ArrayList"> 
        <void method="add"> 
         <double>76045.21268963981</double> 
        </void> 
        <void method="add"> 
         <double>76048.07491064268</double> 
        </void> 
        <void method="add"> 
         <double>76124.59043858277</double> 
        </void> 
        <void method="add"> 
         <double>76172.68351985139</double> 
        </void> 
        <void method="add"> 
         <double>77022.7990293236</double> 
        </void> 
        <void method="add"> 
         <double>77072.82628513695</double> 
        </void> 
        <void method="add"> 
         <double>77075.3963024292</double> 
        </void> 
        <void method="add"> 
         <double>77082.68206310841</double> 
        </void> 
        <void method="add"> 
         <double>77165.79397645505</double> 
        </void> 
        <void method="add"> 
         <double>77182.56263781102</double> 
        </void> 
        <void method="add"> 
         <double>77188.8464822192</double> 
        </void> 
        <void method="add"> 
         <double>77324.01019617084</double> 
        </void> 
        <void method="add"> 
         <double>78208.15011243854</double> 
        </void> 
        <void method="add"> 
         <double>78354.4286829057</double> 
        </void> 
        <void method="add"> 
         <double>78429.23147335478</double> 
        </void> 
        <void method="add"> 
         <double>78576.5272335299</double> 
        </void> 
        <void method="add"> 
         <double>78599.79000621676</double> 
        </void> 
        <void method="add"> 
         <double>78639.15200529032</double> 
        </void> 
        <void method="add"> 
         <double>78666.59525214446</double> 
        </void> 
        <void method="add"> 
         <double>78686.59227894021</double> 
        </void> 
        <void method="add"> 
         <double>76111.12699922807</double> 
        </void> 
        <void method="add"> 
         <double>78809.07643471305</double> 
        </void> 
        <void method="add"> 
         <double>77251.1613408469</double> 
        </void> 
        <void method="add"> 
         <double>77318.15291817566</double> 
        </void> 
        <void method="add"> 
         <double>78698.26739468097</double> 
        </void> 
       </object> 
      </void> 
      <void property="stdev"> 
       <double>952.5006876138574</double> 
      </void> 
     </object> 
    </void> 
    <void index="6"> 
     <object class="jmbench.tools.EvaluationMetrics"> 
      <void property="max"> 
       <double>6567.488627526982</double> 
      </void> 
      <void property="mean"> 
       <double>6527.857984242652</double> 
      </void> 
      <void property="median"> 
       <double>6539.665217437169</double> 
      </void> 
      <void property="min"> 
       <double>6325.333236218091</double> 
      </void> 
      <void property="rawResults"> 
       <object class="java.util.ArrayList"> 
        <void method="add"> 
         <double>6328.582095904568</double> 
        </void> 
        <void method="add"> 
         <double>6529.003560388011</double> 
        </void> 
        <void method="add"> 
         <double>6530.15728473249</double> 
        </void> 
        <void method="add"> 
         <double>6530.547443914869</double> 
        </void> 
        <void method="add"> 
         <double>6530.895779662252</double> 
        </void> 
        <void method="add"> 
         <double>6536.585412006917</double> 
        </void> 
        <void method="add"> 
         <double>6537.304791952222</double> 
        </void> 
        <void method="add"> 
         <double>6538.046553480555</double> 
        </void> 
        <void method="add"> 
         <double>6539.0157958760055</double> 
        </void> 
        <void method="add"> 
         <double>6539.665217437169</double> 
        </void> 
        <void method="add"> 
         <double>6540.066068122163</double> 
        </void> 
        <void method="add"> 
         <double>6540.273451764177</double> 
        </void> 
        <void method="add"> 
         <double>6541.178193408782</double> 
        </void> 
        <void method="add"> 
         <double>6559.869758090045</double> 
        </void> 
        <void method="add"> 
         <double>6561.755774384999</double> 
        </void> 
        <void method="add"> 
         <double>6562.109406462323</double> 
        </void> 
        <void method="add"> 
         <double>6563.902944410051</double> 
        </void> 
        <void method="add"> 
         <double>6566.218508555067</double> 
        </void> 
        <void method="add"> 
         <double>6567.172078629786</double> 
        </void> 
        <void method="add"> 
         <double>6567.488627526982</double> 
        </void> 
        <void method="add"> 
         <double>6325.333236218091</double> 
        </void> 
        <void method="add"> 
         <double>6559.969246244683</double> 
        </void> 
        <void method="add"> 
         <double>6539.799103373006</double> 
        </void> 
        <void method="add"> 
         <double>6532.1087684243475</double> 
        </void> 
        <void method="add"> 
         <double>6529.4005050967235</double> 
        </void> 
       </object> 
      </void> 
      <void property="stdev"> 
       <double>60.72628694888521</double> 
      </void> 
     </object> 
    </void> 
    <void index="7"> 
     <object class="jmbench.tools.EvaluationMetrics"> 
      <void property="max"> 
       <double>848.4131319314258</double> 
      </void> 
      <void property="mean"> 
       <double>843.5033259811012</double> 
      </void> 
      <void property="median"> 
       <double>844.4143290932908</double> 
      </void> 
      <void property="min"> 
       <double>838.3674881141087</double> 
      </void> 
      <void property="rawResults"> 
       <object class="java.util.ArrayList"> 
        <void method="add"> 
         <double>838.3674881141087</double> 
        </void> 
        <void method="add"> 
         <double>838.9508876162793</double> 
        </void> 
        <void method="add"> 
         <double>839.1092639127701</double> 
        </void> 
        <void method="add"> 
         <double>839.1317649509408</double> 
        </void> 
        <void method="add"> 
         <double>839.2459065796638</double> 
        </void> 
        <void method="add"> 
         <double>839.471117318848</double> 
        </void> 
        <void method="add"> 
         <double>839.5480107249931</double> 
        </void> 
        <void method="add"> 
         <double>839.9271013888163</double> 
        </void> 
        <void method="add"> 
         <double>843.9495935761307</double> 
        </void> 
        <void method="add"> 
         <double>844.3782910571989</double> 
        </void> 
        <void method="add"> 
         <double>844.4525028616179</double> 
        </void> 
        <void method="add"> 
         <double>845.0775225491165</double> 
        </void> 
        <void method="add"> 
         <double>846.3737847192651</double> 
        </void> 
        <void method="add"> 
         <double>846.6793482936089</double> 
        </void> 
        <void method="add"> 
         <double>846.8617397033836</double> 
        </void> 
        <void method="add"> 
         <double>847.4093964730469</double> 
        </void> 
        <void method="add"> 
         <double>847.4465415739932</double> 
        </void> 
        <void method="add"> 
         <double>847.6363824663905</double> 
        </void> 
        <void method="add"> 
         <double>847.6964583680997</double> 
        </void> 
        <void method="add"> 
         <double>848.4131319314258</double> 
        </void> 
        <void method="add"> 
         <double>839.6321291456675</double> 
        </void> 
        <void method="add"> 
         <double>844.4143290932908</double> 
        </void> 
        <void method="add"> 
         <double>839.2412086390887</double> 
        </void> 
        <void method="add"> 
         <double>846.7237305420322</double> 
        </void> 
        <void method="add"> 
         <double>847.4455179277577</double> 
        </void> 
       </object> 
      </void> 
      <void property="stdev"> 
       <double>3.642845530695283</double> 
      </void> 
     </object> 
    </void> 
    <void index="8"> 
     <object class="jmbench.tools.EvaluationMetrics"> 
      <void property="max"> 
       <double>112.30082850201332</double> 
      </void> 
      <void property="mean"> 
       <double>108.35622781880569</double> 
      </void> 
      <void property="median"> 
       <double>109.37919512928485</double> 
      </void> 
      <void property="min"> 
       <double>101.28077681462344</double> 
      </void> 
      <void property="rawResults"> 
       <object class="java.util.ArrayList"> 
        <void method="add"> 
         <double>101.28077681462344</double> 
        </void> 
        <void method="add"> 
         <double>101.30312706765115</double> 
        </void> 
        <void method="add"> 
         <double>101.31467191598531</double> 
        </void> 
        <void method="add"> 
         <double>101.34846397110024</double> 
        </void> 
        <void method="add"> 
         <double>108.78565677846545</double> 
        </void> 
        <void method="add"> 
         <double>108.85207542578011</double> 
        </void> 
        <void method="add"> 
         <double>108.85547875947479</double> 
        </void> 
        <void method="add"> 
         <double>108.8611162151846</double> 
        </void> 
        <void method="add"> 
         <double>109.35773740352202</double> 
        </void> 
        <void method="add"> 
         <double>109.37216391508322</double> 
        </void> 
        <void method="add"> 
         <double>109.37919512928485</double> 
        </void> 
        <void method="add"> 
         <double>109.39433659020735</double> 
        </void> 
        <void method="add"> 
         <double>109.90883077276355</double> 
        </void> 
        <void method="add"> 
         <double>109.9111502831463</double> 
        </void> 
        <void method="add"> 
         <double>109.92539983334603</double> 
        </void> 
        <void method="add"> 
         <double>109.95637345035117</double> 
        </void> 
        <void method="add"> 
         <double>112.21295492872797</double> 
        </void> 
        <void method="add"> 
         <double>112.26963982573727</double> 
        </void> 
        <void method="add"> 
         <double>112.27531991684563</double> 
        </void> 
        <void method="add"> 
         <double>112.29967117012421</double> 
        </void> 
        <void method="add"> 
         <double>101.37639295317747</double> 
        </void> 
        <void method="add"> 
         <double>112.30082850201332</double> 
        </void> 
        <void method="add"> 
         <double>109.4050145413776</double> 
        </void> 
        <void method="add"> 
         <double>108.96508938146455</double> 
        </void> 
        <void method="add"> 
         <double>109.99422992470485</double> 
        </void> 
       </object> 
      </void> 
      <void property="stdev"> 
       <double>3.703923308784327</double> 
      </void> 
     </object> 
    </void> 
    <void index="9"> 
     <object class="jmbench.tools.EvaluationMetrics"> 
      <void property="max"> 
       <double>7.147096359525305</double> 
      </void> 
      <void property="mean"> 
       <double>6.993981588555655</double> 
      </void> 
      <void property="median"> 
       <double>7.067141609723134</double> 
      </void> 
      <void property="min"> 
       <double>6.707096197041824</double> 
      </void> 
      <void property="rawResults"> 
       <object class="java.util.ArrayList"> 
        <void method="add"> 
         <double>6.778216617631081</double> 
        </void> 
        <void method="add"> 
         <double>6.785132072807062</double> 
        </void> 
        <void method="add"> 
         <double>6.79138262524317</double> 
        </void> 
        <void method="add"> 
         <double>6.793350667378646</double> 
        </void> 
        <void method="add"> 
         <double>6.830782584994222</double> 
        </void> 
        <void method="add"> 
         <double>6.836198566679131</double> 
        </void> 
        <void method="add"> 
         <double>6.858558891448174</double> 
        </void> 
        <void method="add"> 
         <double>7.016661134369057</double> 
        </void> 
        <void method="add"> 
         <double>7.078452604311428</double> 
        </void> 
        <void method="add"> 
         <double>7.082154463252274</double> 
        </void> 
        <void method="add"> 
         <double>7.095316968793396</double> 
        </void> 
        <void method="add"> 
         <double>7.100699815441353</double> 
        </void> 
        <void method="add"> 
         <double>7.116546775626446</double> 
        </void> 
        <void method="add"> 
         <double>7.120990435461764</double> 
        </void> 
        <void method="add"> 
         <double>7.129969337678905</double> 
        </void> 
        <void method="add"> 
         <double>7.1338397748225</double> 
        </void> 
        <void method="add"> 
         <double>7.134516779238536</double> 
        </void> 
        <void method="add"> 
         <double>7.135684146959149</double> 
        </void> 
        <void method="add"> 
         <double>7.143795944337286</double> 
        </void> 
        <void method="add"> 
         <double>7.147096359525305</double> 
        </void> 
        <void method="add"> 
         <double>6.919172034050618</double> 
        </void> 
        <void method="add"> 
         <double>6.980071929541518</double> 
        </void> 
        <void method="add"> 
         <double>7.067141609723134</double> 
        </void> 
        <void method="add"> 
         <double>7.06671137753541</double> 
        </void> 
        <void method="add"> 
         <double>6.707096197041824</double> 
        </void> 
       </object> 
      </void> 
      <void property="stdev"> 
       <double>0.14588792010795226</double> 
      </void> 
     </object> 
    </void> 
    <void index="10"> 
     <object class="jmbench.tools.EvaluationMetrics"> 
      <void property="max"> 
       <double>0.6603166750143681</double> 
      </void> 
      <void property="mean"> 
       <double>0.6379041763313501</double> 
      </void> 
      <void property="median"> 
       <double>0.6485107676876368</double> 
      </void> 
      <void property="min"> 
       <double>0.5975346517380513</double> 
      </void> 
      <void property="rawResults"> 
       <object class="java.util.ArrayList"> 
        <void method="add"> 
         <double>0.5975346517380513</double> 
        </void> 
        <void method="add"> 
         <double>0.6062929349411237</double> 
        </void> 
        <void method="add"> 
         <double>0.6100131950612195</double> 
        </void> 
        <void method="add"> 
         <double>0.6129140366017148</double> 
        </void> 
        <void method="add"> 
         <double>0.6135662033868579</double> 
        </void> 
        <void method="add"> 
         <double>0.61422931090675</double> 
        </void> 
        <void method="add"> 
         <double>0.6403317483997711</double> 
        </void> 
        <void method="add"> 
         <double>0.6421817220843441</double> 
        </void> 
        <void method="add"> 
         <double>0.6428843025836327</double> 
        </void> 
        <void method="add"> 
         <double>0.6431672502652669</double> 
        </void> 
        <void method="add"> 
         <double>0.6497119453037243</double> 
        </void> 
        <void method="add"> 
         <double>0.650669611368292</double> 
        </void> 
        <void method="add"> 
         <double>0.6510764214736248</double> 
        </void> 
        <void method="add"> 
         <double>0.6516874947016381</double> 
        </void> 
        <void method="add"> 
         <double>0.6525831619890862</double> 
        </void> 
        <void method="add"> 
         <double>0.6544979784520939</double> 
        </void> 
        <void method="add"> 
         <double>0.6559845491078624</double> 
        </void> 
        <void method="add"> 
         <double>0.6584881878411755</double> 
        </void> 
        <void method="add"> 
         <double>0.6600183493549355</double> 
        </void> 
        <void method="add"> 
         <double>0.6603166750143681</double> 
        </void> 
        <void method="add"> 
         <double>0.6112273340531281</double> 
        </void> 
        <void method="add"> 
         <double>0.6121878885242782</double> 
        </void> 
        <void method="add"> 
         <double>0.6562584683900382</double> 
        </void> 
        <void method="add"> 
         <double>0.6512702190531393</double> 
        </void> 
        <void method="add"> 
         <double>0.6485107676876368</double> 
        </void> 
       </object> 
      </void> 
      <void property="stdev"> 
       <double>0.02015993679103919</double> 
      </void> 
     </object> 
    </void> 
    <void index="11"> 
     <object class="jmbench.tools.EvaluationMetrics"> 
      <void property="max"> 
       <double>0.08262637636966558</double> 
      </void> 
      <void property="mean"> 
       <double>0.0786096300212654</double> 
      </void> 
      <void property="median"> 
       <double>0.08001577897078527</double> 
      </void> 
      <void property="min"> 
       <double>0.07288344897722608</double> 
      </void> 
      <void property="rawResults"> 
       <object class="java.util.ArrayList"> 
        <void method="add"> 
         <double>0.07288344897722608</double> 
        </void> 
        <void method="add"> 
         <double>0.0767553421336459</double> 
        </void> 
        <void method="add"> 
         <double>0.08262637636966558</double> 
        </void> 
        <void method="add"> 
         <double>0.08076720365500421</double> 
        </void> 
        <void method="add"> 
         <double>0.08001577897078527</double> 
        </void> 
       </object> 
      </void> 
      <void property="stdev"> 
       <double>0.003434942881618688</double> 
      </void> 
     </object> 
    </void> 
   </array> 
  </void> 
  <void property="opName"> 
   <string>Mult c=a*b</string> 
  </void> 
 </object> 
</java> 
