<?xml version="1.0" encoding="UTF-8"?> 
<java version="1.6.0_16" class="java.beans.XMLDecoder"> 
 <object class="jmbench.tools.runtime.OperationResults"> 
  <void property="library"> 
   <object class="jmbench.impl.MatrixLibrary" method="valueOf"> 
    <string>EJML</string> 
   </object> 
  </void> 
  <void property="matDimen"> 
   <array class="int" length="12"> 
    <void index="0"> 
     <int>2</int> 
    </void> 
    <void index="1"> 
     <int>3</int> 
    </void> 
    <void index="2"> 
     <int>4</int> 
    </void> 
    <void index="3"> 
     <int>5</int> 
    </void> 
    <void index="4"> 
     <int>10</int> 
    </void> 
    <void index="5"> 
     <int>20</int> 
    </void> 
    <void index="6"> 
     <int>50</int> 
    </void> 
    <void index="7"> 
     <int>100</int> 
    </void> 
    <void index="8"> 
     <int>200</int> 
    </void> 
    <void index="9"> 
     <int>500</int> 
    </void> 
    <void index="10"> 
     <int>1000</int> 
    </void> 
    <void index="11"> 
     <int>2000</int> 
    </void> 
   </array> 
  </void> 
  <void property="metrics"> 
   <array class="jmbench.tools.EvaluationMetrics" length="12"> 
    <void index="0"> 
     <object class="jmbench.tools.EvaluationMetrics"> 
      <void property="max"> 
       <double>1.1094980674785073E8</double> 
      </void> 
      <void property="mean"> 
       <double>1.1084708566789639E8</double> 
      </void> 
      <void property="median"> 
       <double>1.1089221119830455E8</double> 
      </void> 
      <void property="min"> 
       <double>1.10550942151365E8</double> 
      </void> 
      <void property="rawResults"> 
       <object class="java.util.ArrayList"> 
        <void method="add"> 
         <double>1.10550942151365E8</double> 
        </void> 
        <void method="add"> 
         <double>1.1059929900802073E8</double> 
        </void> 
        <void method="add"> 
         <double>1.1060952477833083E8</double> 
        </void> 
        <void method="add"> 
         <double>1.1061298665841343E8</double> 
        </void> 
        <void method="add"> 
         <double>1.1072511031521575E8</double> 
        </void> 
        <void method="add"> 
         <double>1.1087998435557747E8</double> 
        </void> 
        <void method="add"> 
         <double>1.1088497117329466E8</double> 
        </void> 
        <void method="add"> 
         <double>1.1089097547563499E8</double> 
        </void> 
        <void method="add"> 
         <double>1.1089221119830455E8</double> 
        </void> 
        <void method="add"> 
         <double>1.108932857134274E8</double> 
        </void> 
        <void method="add"> 
         <double>1.1090505545471299E8</double> 
        </void> 
        <void method="add"> 
         <double>1.109090965286896E8</double> 
        </void> 
        <void method="add"> 
         <double>1.1090977709030706E8</double> 
        </void> 
        <void method="add"> 
         <double>1.1091205156803778E8</double> 
        </void> 
        <void method="add"> 
         <double>1.1091603392194681E8</double> 
        </void> 
        <void method="add"> 
         <double>1.1091876221470922E8</double> 
        </void> 
        <void method="add"> 
         <double>1.1091920466538617E8</double> 
        </void> 
        <void method="add"> 
         <double>1.1093024995603079E8</double> 
        </void> 
        <void method="add"> 
         <double>1.1093125582062861E8</double> 
        </void> 
        <void method="add"> 
         <double>1.1093146466996573E8</double> 
        </void> 
        <void method="add"> 
         <double>1.1088549097687176E8</double> 
        </void> 
        <void method="add"> 
         <double>1.1087892415875706E8</double> 
        </void> 
        <void method="add"> 
         <double>1.1085307598258597E8</double> 
        </void> 
        <void method="add"> 
         <double>1.1088760111334437E8</double> 
        </void> 
        <void method="add"> 
         <double>1.1094980674785073E8</double> 
        </void> 
       </object> 
      </void> 
      <void property="stdev"> 
       <double>118341.36810857864</double> 
      </void> 
     </object> 
    </void> 
    <void index="1"> 
     <object class="jmbench.tools.EvaluationMetrics"> 
      <void property="max"> 
       <double>5.659685386989633E7</double> 
      </void> 
      <void property="mean"> 
       <double>5.186082490286645E7</double> 
      </void> 
      <void property="median"> 
       <double>5.220792870505156E7</double> 
      </void> 
      <void property="min"> 
       <double>4.1431794902492516E7</double> 
      </void> 
      <void property="rawResults"> 
       <object class="java.util.ArrayList"> 
        <void method="add"> 
         <double>4.1431794902492516E7</double> 
        </void> 
        <void method="add"> 
         <double>4.815654184537414E7</double> 
        </void> 
        <void method="add"> 
         <double>4.926841089255281E7</double> 
        </void> 
        <void method="add"> 
         <double>5.0198444360295E7</double> 
        </void> 
        <void method="add"> 
         <double>5.1128334832186066E7</double> 
        </void> 
        <void method="add"> 
         <double>5.131094923160872E7</double> 
        </void> 
        <void method="add"> 
         <double>5.148592688208971E7</double> 
        </void> 
        <void method="add"> 
         <double>5.161398805390207E7</double> 
        </void> 
        <void method="add"> 
         <double>5.220792870505156E7</double> 
        </void> 
        <void method="add"> 
         <double>5.2458929210682645E7</double> 
        </void> 
        <void method="add"> 
         <double>5.2535541060040064E7</double> 
        </void> 
        <void method="add"> 
         <double>5.26124783111523E7</double> 
        </void> 
        <void method="add"> 
         <double>5.275586170959175E7</double> 
        </void> 
        <void method="add"> 
         <double>5.339381407514342E7</double> 
        </void> 
        <void method="add"> 
         <double>5.3508570794162184E7</double> 
        </void> 
        <void method="add"> 
         <double>5.435128010616579E7</double> 
        </void> 
        <void method="add"> 
         <double>5.521218958044858E7</double> 
        </void> 
        <void method="add"> 
         <double>5.528897316811395E7</double> 
        </void> 
        <void method="add"> 
         <double>5.628296545148877E7</double> 
        </void> 
        <void method="add"> 
         <double>5.659685386989633E7</double> 
        </void> 
        <void method="add"> 
         <double>5.022524402958567E7</double> 
        </void> 
        <void method="add"> 
         <double>5.043924382099907E7</double> 
        </void> 
        <void method="add"> 
         <double>5.2303932328299105E7</double> 
        </void> 
        <void method="add"> 
         <double>5.1419056611913875E7</double> 
        </void> 
        <void method="add"> 
         <double>5.033336873842527E7</double> 
        </void> 
       </object> 
      </void> 
      <void property="stdev"> 
       <double>2959511.327462577</double> 
      </void> 
     </object> 
    </void> 
    <void index="2"> 
     <object class="jmbench.tools.EvaluationMetrics"> 
      <void property="max"> 
       <double>5.8954630550195694E7</double> 
      </void> 
      <void property="mean"> 
       <double>5.815745517270308E7</double> 
      </void> 
      <void property="median"> 
       <double>5.892200600730768E7</double> 
      </void> 
      <void property="min"> 
       <double>4.366216683992875E7</double> 
      </void> 
      <void property="rawResults"> 
       <object class="java.util.ArrayList"> 
        <void method="add"> 
         <double>4.366216683992875E7</double> 
        </void> 
        <void method="add"> 
         <double>5.497542814845524E7</double> 
        </void> 
        <void method="add"> 
         <double>5.8894248397389546E7</double> 
        </void> 
        <void method="add"> 
         <double>5.890620734854445E7</double> 
        </void> 
        <void method="add"> 
         <double>5.890887216402354E7</double> 
        </void> 
        <void method="add"> 
         <double>5.891147072669594E7</double> 
        </void> 
        <void method="add"> 
         <double>5.891391965349373E7</double> 
        </void> 
        <void method="add"> 
         <double>5.891753729305715E7</double> 
        </void> 
        <void method="add"> 
         <double>5.891939791357514E7</double> 
        </void> 
        <void method="add"> 
         <double>5.892131498990411E7</double> 
        </void> 
        <void method="add"> 
         <double>5.8921708155777834E7</double> 
        </void> 
        <void method="add"> 
         <double>5.892200600730768E7</double> 
        </void> 
        <void method="add"> 
         <double>5.892269234220007E7</double> 
        </void> 
        <void method="add"> 
         <double>5.892309176965253E7</double> 
        </void> 
        <void method="add"> 
         <double>5.892786589770624E7</double> 
        </void> 
        <void method="add"> 
         <double>5.8940239817964934E7</double> 
        </void> 
        <void method="add"> 
         <double>5.8948195156154305E7</double> 
        </void> 
        <void method="add"> 
         <double>5.894855477406111E7</double> 
        </void> 
        <void method="add"> 
         <double>5.895011520943655E7</double> 
        </void> 
        <void method="add"> 
         <double>5.8954630550195694E7</double> 
        </void> 
        <void method="add"> 
         <double>5.894045770717038E7</double> 
        </void> 
        <void method="add"> 
         <double>5.88969172759654E7</double> 
        </void> 
        <void method="add"> 
         <double>5.892892353707484E7</double> 
        </void> 
        <void method="add"> 
         <double>5.894231498733046E7</double> 
        </void> 
        <void method="add"> 
         <double>5.893810265451121E7</double> 
        </void> 
       </object> 
      </void> 
      <void property="stdev"> 
       <double>3058309.4546993077</double> 
      </void> 
     </object> 
    </void> 
    <void index="3"> 
     <object class="jmbench.tools.EvaluationMetrics"> 
      <void property="max"> 
       <double>4.227534598876241E7</double> 
      </void> 
      <void property="mean"> 
       <double>4.0985750166115515E7</double> 
      </void> 
      <void property="median"> 
       <double>4.224280444934208E7</double> 
      </void> 
      <void property="min"> 
       <double>3.76922212345663E7</double> 
      </void> 
      <void property="rawResults"> 
       <object class="java.util.ArrayList"> 
        <void method="add"> 
         <double>3.76922212345663E7</double> 
        </void> 
        <void method="add"> 
         <double>3.770922846033555E7</double> 
        </void> 
        <void method="add"> 
         <double>3.772673228949583E7</double> 
        </void> 
        <void method="add"> 
         <double>3.774950469704812E7</double> 
        </void> 
        <void method="add"> 
         <double>3.776121912829916E7</double> 
        </void> 
        <void method="add"> 
         <double>3.776190200376522E7</double> 
        </void> 
        <void method="add"> 
         <double>4.2232647111592636E7</double> 
        </void> 
        <void method="add"> 
         <double>4.223924166742346E7</double> 
        </void> 
        <void method="add"> 
         <double>4.223955245363979E7</double> 
        </void> 
        <void method="add"> 
         <double>4.224419377140594E7</double> 
        </void> 
        <void method="add"> 
         <double>4.2245417229770474E7</double> 
        </void> 
        <void method="add"> 
         <double>4.224575010672255E7</double> 
        </void> 
        <void method="add"> 
         <double>4.224939293285195E7</double> 
        </void> 
        <void method="add"> 
         <double>4.224978274890613E7</double> 
        </void> 
        <void method="add"> 
         <double>4.22507056376424E7</double> 
        </void> 
        <void method="add"> 
         <double>4.225238459014264E7</double> 
        </void> 
        <void method="add"> 
         <double>4.225352400612708E7</double> 
        </void> 
        <void method="add"> 
         <double>4.2269699183328025E7</double> 
        </void> 
        <void method="add"> 
         <double>4.227499815206004E7</double> 
        </void> 
        <void method="add"> 
         <double>4.227534598876241E7</double> 
        </void> 
        <void method="add"> 
         <double>4.222498852692759E7</double> 
        </void> 
        <void method="add"> 
         <double>4.224204006039609E7</double> 
        </void> 
        <void method="add"> 
         <double>4.224280444934208E7</double> 
        </void> 
        <void method="add"> 
         <double>3.776208311704365E7</double> 
        </void> 
        <void method="add"> 
         <double>4.2248394605293006E7</double> 
        </void> 
       </object> 
      </void> 
      <void property="stdev"> 
       <double>2025682.728458071</double> 
      </void> 
     </object> 
    </void> 
    <void index="4"> 
     <object class="jmbench.tools.EvaluationMetrics"> 
      <void property="max"> 
       <double>1.2446015882242868E7</double> 
      </void> 
      <void property="mean"> 
       <double>1.2101553865419671E7</double> 
      </void> 
      <void property="median"> 
       <double>1.2434062270704899E7</double> 
      </void> 
      <void property="min"> 
       <double>1.1088528150259998E7</double> 
      </void> 
      <void property="rawResults"> 
       <object class="java.util.ArrayList"> 
        <void method="add"> 
         <double>1.1088528150259998E7</double> 
        </void> 
        <void method="add"> 
         <double>1.1090057989735201E7</double> 
        </void> 
        <void method="add"> 
         <double>1.109020481479293E7</double> 
        </void> 
        <void method="add"> 
         <double>1.109443754018513E7</double> 
        </void> 
        <void method="add"> 
         <double>1.2091300870448545E7</double> 
        </void> 
        <void method="add"> 
         <double>1.209760576092688E7</double> 
        </void> 
        <void method="add"> 
         <double>1.2099095591369247E7</double> 
        </void> 
        <void method="add"> 
         <double>1.2099761852939636E7</double> 
        </void> 
        <void method="add"> 
         <double>1.2430112388942182E7</double> 
        </void> 
        <void method="add"> 
         <double>1.243116317513642E7</double> 
        </void> 
        <void method="add"> 
         <double>1.2434062270704899E7</double> 
        </void> 
        <void method="add"> 
         <double>1.243804358119014E7</double> 
        </void> 
        <void method="add"> 
         <double>1.243849043353246E7</double> 
        </void> 
        <void method="add"> 
         <double>1.2438516393697264E7</double> 
        </void> 
        <void method="add"> 
         <double>1.243865496249358E7</double> 
        </void> 
        <void method="add"> 
         <double>1.2438967148026703E7</double> 
        </void> 
        <void method="add"> 
         <double>1.2439464025964828E7</double> 
        </void> 
        <void method="add"> 
         <double>1.2439515161632394E7</double> 
        </void> 
        <void method="add"> 
         <double>1.2440499404433914E7</double> 
        </void> 
        <void method="add"> 
         <double>1.2441461443320913E7</double> 
        </void> 
        <void method="add"> 
         <double>1.2106683571657836E7</double> 
        </void> 
        <void method="add"> 
         <double>1.2444632274371948E7</double> 
        </void> 
        <void method="add"> 
         <double>1.2446015882242868E7</double> 
        </void> 
        <void method="add"> 
         <double>1.2444181872774076E7</double> 
        </void> 
        <void method="add"> 
         <double>1.1097390074711774E7</double> 
        </void> 
       </object> 
      </void> 
      <void property="stdev"> 
       <double>521630.69766816084</double> 
      </void> 
     </object> 
    </void> 
    <void index="5"> 
     <object class="jmbench.tools.EvaluationMetrics"> 
      <void property="max"> 
       <double>3276676.2031310275</double> 
      </void> 
      <void property="mean"> 
       <double>3229495.1272530584</double> 
      </void> 
      <void property="median"> 
       <double>3261368.768939781</double> 
      </void> 
      <void property="min"> 
       <double>2866585.9889466567</double> 
      </void> 
      <void property="rawResults"> 
       <object class="java.util.ArrayList"> 
        <void method="add"> 
         <double>2866585.9889466567</double> 
        </void> 
        <void method="add"> 
         <double>3115363.126597606</double> 
        </void> 
        <void method="add"> 
         <double>3186554.3224766827</double> 
        </void> 
        <void method="add"> 
         <double>3188043.728572521</double> 
        </void> 
        <void method="add"> 
         <double>3189853.638022607</double> 
        </void> 
        <void method="add"> 
         <double>3224117.928717865</double> 
        </void> 
        <void method="add"> 
         <double>3244828.132389471</double> 
        </void> 
        <void method="add"> 
         <double>3246617.6045386647</double> 
        </void> 
        <void method="add"> 
         <double>3246916.7513114423</double> 
        </void> 
        <void method="add"> 
         <double>3260764.089577557</double> 
        </void> 
        <void method="add"> 
         <double>3261368.768939781</double> 
        </void> 
        <void method="add"> 
         <double>3263051.650617699</double> 
        </void> 
        <void method="add"> 
         <double>3272958.630525588</double> 
        </void> 
        <void method="add"> 
         <double>3273512.7338058404</double> 
        </void> 
        <void method="add"> 
         <double>3274540.438843806</double> 
        </void> 
        <void method="add"> 
         <double>3274557.2001534714</double> 
        </void> 
        <void method="add"> 
         <double>3274808.1547172857</double> 
        </void> 
        <void method="add"> 
         <double>3275531.5963699026</double> 
        </void> 
        <void method="add"> 
         <double>3275888.188875478</double> 
        </void> 
        <void method="add"> 
         <double>3276676.2031310275</double> 
        </void> 
        <void method="add"> 
         <double>3261392.937602517</double> 
        </void> 
        <void method="add"> 
         <double>3188551.611905071</double> 
        </void> 
        <void method="add"> 
         <double>3274194.082431248</double> 
        </void> 
        <void method="add"> 
         <double>3245575.1631201557</double> 
        </void> 
        <void method="add"> 
         <double>3275125.5091364896</double> 
        </void> 
       </object> 
      </void> 
      <void property="stdev"> 
       <double>84217.09824014534</double> 
      </void> 
     </object> 
    </void> 
    <void index="6"> 
     <object class="jmbench.tools.EvaluationMetrics"> 
      <void property="max"> 
       <double>376087.2726060107</double> 
      </void> 
      <void property="mean"> 
       <double>369561.2816531533</double> 
      </void> 
      <void property="median"> 
       <double>370971.01953726565</double> 
      </void> 
      <void property="min"> 
       <double>360380.37173796893</double> 
      </void> 
      <void property="rawResults"> 
       <object class="java.util.ArrayList"> 
        <void method="add"> 
         <double>360380.37173796893</double> 
        </void> 
        <void method="add"> 
         <double>360570.3020135387</double> 
        </void> 
        <void method="add"> 
         <double>360653.28912901995</double> 
        </void> 
        <void method="add"> 
         <double>363117.30095240934</double> 
        </void> 
        <void method="add"> 
         <double>367251.49800205143</double> 
        </void> 
        <void method="add"> 
         <double>367891.37898315606</double> 
        </void> 
        <void method="add"> 
         <double>367952.14972973586</double> 
        </void> 
        <void method="add"> 
         <double>368176.43325112853</double> 
        </void> 
        <void method="add"> 
         <double>370869.59804241505</double> 
        </void> 
        <void method="add"> 
         <double>370971.01953726565</double> 
        </void> 
        <void method="add"> 
         <double>371158.434900912</double> 
        </void> 
        <void method="add"> 
         <double>373125.021478454</double> 
        </void> 
        <void method="add"> 
         <double>373275.1293659528</double> 
        </void> 
        <void method="add"> 
         <double>373294.3319455905</double> 
        </void> 
        <void method="add"> 
         <double>373408.29849193845</double> 
        </void> 
        <void method="add"> 
         <double>373454.0403054877</double> 
        </void> 
        <void method="add"> 
         <double>373646.8320870351</double> 
        </void> 
        <void method="add"> 
         <double>373681.3985098042</double> 
        </void> 
        <void method="add"> 
         <double>373909.5888082204</double> 
        </void> 
        <void method="add"> 
         <double>376087.2726060107</double> 
        </void> 
        <void method="add"> 
         <double>373237.0951854592</double> 
        </void> 
        <void method="add"> 
         <double>368050.18214503775</double> 
        </void> 
        <void method="add"> 
         <double>360464.6016289112</double> 
        </void> 
        <void method="add"> 
         <double>370958.184774473</double> 
        </void> 
        <void method="add"> 
         <double>373448.2877168575</double> 
        </void> 
       </object> 
      </void> 
      <void property="stdev"> 
       <double>4841.63048366612</double> 
      </void> 
     </object> 
    </void> 
    <void index="7"> 
     <object class="jmbench.tools.EvaluationMetrics"> 
      <void property="max"> 
       <double>95393.2057948981</double> 
      </void> 
      <void property="mean"> 
       <double>93585.89760958588</double> 
      </void> 
      <void property="median"> 
       <double>94566.16164302113</double> 
      </void> 
      <void property="min"> 
       <double>88993.46908686605</double> 
      </void> 
      <void property="rawResults"> 
       <object class="java.util.ArrayList"> 
        <void method="add"> 
         <double>88993.46908686605</double> 
        </void> 
        <void method="add"> 
         <double>89010.05445452256</double> 
        </void> 
        <void method="add"> 
         <double>89613.69669205075</double> 
        </void> 
        <void method="add"> 
         <double>89774.9712719095</double> 
        </void> 
        <void method="add"> 
         <double>93535.83853095901</double> 
        </void> 
        <void method="add"> 
         <double>93545.14824031161</double> 
        </void> 
        <void method="add"> 
         <double>93709.04860843746</double> 
        </void> 
        <void method="add"> 
         <double>93748.65106882305</double> 
        </void> 
        <void method="add"> 
         <double>94541.93341108524</double> 
        </void> 
        <void method="add"> 
         <double>94555.86996825652</double> 
        </void> 
        <void method="add"> 
         <double>94764.81049314888</double> 
        </void> 
        <void method="add"> 
         <double>94828.0167593732</double> 
        </void> 
        <void method="add"> 
         <double>95003.66922873848</double> 
        </void> 
        <void method="add"> 
         <double>95009.21460570833</double> 
        </void> 
        <void method="add"> 
         <double>95018.52488183168</double> 
        </void> 
        <void method="add"> 
         <double>95020.33018758727</double> 
        </void> 
        <void method="add"> 
         <double>95027.03722000294</double> 
        </void> 
        <void method="add"> 
         <double>95048.1244135292</double> 
        </void> 
        <void method="add"> 
         <double>95271.65914719042</double> 
        </void> 
        <void method="add"> 
         <double>95393.2057948981</double> 
        </void> 
        <void method="add"> 
         <double>94566.16164302113</double> 
        </void> 
        <void method="add"> 
         <double>89774.95177848995</double> 
        </void> 
        <void method="add"> 
         <double>95025.84528693958</double> 
        </void> 
        <void method="add"> 
         <double>95059.55171238813</double> 
        </void> 
        <void method="add"> 
         <double>93807.65575357736</double> 
        </void> 
       </object> 
      </void> 
      <void property="stdev"> 
       <double>2148.5923445811322</double> 
      </void> 
     </object> 
    </void> 
    <void index="8"> 
     <object class="jmbench.tools.EvaluationMetrics"> 
      <void property="max"> 
       <double>24047.80408056791</double> 
      </void> 
      <void property="mean"> 
       <double>23382.476003533964</double> 
      </void> 
      <void property="median"> 
       <double>23516.569437493567</double> 
      </void> 
      <void property="min"> 
       <double>22166.864217718</double> 
      </void> 
      <void property="rawResults"> 
       <object class="java.util.ArrayList"> 
        <void method="add"> 
         <double>22166.864217718</double> 
        </void> 
        <void method="add"> 
         <double>22433.728860634612</double> 
        </void> 
        <void method="add"> 
         <double>22463.77655157291</double> 
        </void> 
        <void method="add"> 
         <double>22480.53109908909</double> 
        </void> 
        <void method="add"> 
         <double>23322.523850487138</double> 
        </void> 
        <void method="add"> 
         <double>23371.282444420554</double> 
        </void> 
        <void method="add"> 
         <double>23432.833663637804</double> 
        </void> 
        <void method="add"> 
         <double>23463.381938953833</double> 
        </void> 
        <void method="add"> 
         <double>23500.211231379766</double> 
        </void> 
        <void method="add"> 
         <double>23516.569437493567</double> 
        </void> 
        <void method="add"> 
         <double>23551.194687416515</double> 
        </void> 
        <void method="add"> 
         <double>23596.292975043154</double> 
        </void> 
        <void method="add"> 
         <double>23655.96389346076</double> 
        </void> 
        <void method="add"> 
         <double>23717.39841973389</double> 
        </void> 
        <void method="add"> 
         <double>23730.419520002528</double> 
        </void> 
        <void method="add"> 
         <double>23738.08506601411</double> 
        </void> 
        <void method="add"> 
         <double>23765.763661786117</double> 
        </void> 
        <void method="add"> 
         <double>23853.205705695535</double> 
        </void> 
        <void method="add"> 
         <double>23961.650296181702</double> 
        </void> 
        <void method="add"> 
         <double>24047.80408056791</double> 
        </void> 
        <void method="add"> 
         <double>23442.299670124426</double> 
        </void> 
        <void method="add"> 
         <double>23670.70365058651</double> 
        </void> 
        <void method="add"> 
         <double>23707.14474262467</double> 
        </void> 
        <void method="add"> 
         <double>23501.028691262698</double> 
        </void> 
        <void method="add"> 
         <double>22471.241732461356</double> 
        </void> 
       </object> 
      </void> 
      <void property="stdev"> 
       <double>520.4510277749586</double> 
      </void> 
     </object> 
    </void> 
    <void index="9"> 
     <object class="jmbench.tools.EvaluationMetrics"> 
      <void property="max"> 
       <double>1319.3394814419262</double> 
      </void> 
      <void property="mean"> 
       <double>1274.5667951389376</double> 
      </void> 
      <void property="median"> 
       <double>1277.8107047493359</double> 
      </void> 
      <void property="min"> 
       <double>1206.4074602175792</double> 
      </void> 
      <void property="rawResults"> 
       <object class="java.util.ArrayList"> 
        <void method="add"> 
         <double>1238.3486766400426</double> 
        </void> 
        <void method="add"> 
         <double>1239.9769555553191</double> 
        </void> 
        <void method="add"> 
         <double>1248.8130706103</double> 
        </void> 
        <void method="add"> 
         <double>1260.6634274674327</double> 
        </void> 
        <void method="add"> 
         <double>1261.187986458815</double> 
        </void> 
        <void method="add"> 
         <double>1261.7267736749855</double> 
        </void> 
        <void method="add"> 
         <double>1262.061025905924</double> 
        </void> 
        <void method="add"> 
         <double>1264.131388733315</double> 
        </void> 
        <void method="add"> 
         <double>1264.6260025093345</double> 
        </void> 
        <void method="add"> 
         <double>1267.842458965749</double> 
        </void> 
        <void method="add"> 
         <double>1277.8107047493359</double> 
        </void> 
        <void method="add"> 
         <double>1278.7495207197146</double> 
        </void> 
        <void method="add"> 
         <double>1286.9046185417428</double> 
        </void> 
        <void method="add"> 
         <double>1287.8882475462328</double> 
        </void> 
        <void method="add"> 
         <double>1289.2208513208739</double> 
        </void> 
        <void method="add"> 
         <double>1290.021386439129</double> 
        </void> 
        <void method="add"> 
         <double>1293.7523714345232</double> 
        </void> 
        <void method="add"> 
         <double>1294.3553728640902</double> 
        </void> 
        <void method="add"> 
         <double>1295.9865706986964</double> 
        </void> 
        <void method="add"> 
         <double>1308.9642326449266</double> 
        </void> 
        <void method="add"> 
         <double>1206.4074602175792</double> 
        </void> 
        <void method="add"> 
         <double>1319.3388928532167</double> 
        </void> 
        <void method="add"> 
         <double>1298.2733526808638</double> 
        </void> 
        <void method="add"> 
         <double>1247.7790477993635</double> 
        </void> 
        <void method="add"> 
         <double>1319.3394814419262</double> 
        </void> 
       </object> 
      </void> 
      <void property="stdev"> 
       <double>26.279511922824526</double> 
      </void> 
     </object> 
    </void> 
    <void index="10"> 
     <object class="jmbench.tools.EvaluationMetrics"> 
      <void property="max"> 
       <double>259.7815462936876</double> 
      </void> 
      <void property="mean"> 
       <double>253.0269120084434</double> 
      </void> 
      <void property="median"> 
       <double>256.35457035512457</double> 
      </void> 
      <void property="min"> 
       <double>216.07291878004804</double> 
      </void> 
      <void property="rawResults"> 
       <object class="java.util.ArrayList"> 
        <void method="add"> 
         <double>216.07291878004804</double> 
        </void> 
        <void method="add"> 
         <double>245.96096518666744</double> 
        </void> 
        <void method="add"> 
         <double>247.4160436651903</double> 
        </void> 
        <void method="add"> 
         <double>248.77715156999128</double> 
        </void> 
        <void method="add"> 
         <double>249.93456917075613</double> 
        </void> 
        <void method="add"> 
         <double>250.08812997328735</double> 
        </void> 
        <void method="add"> 
         <double>251.7250538644927</double> 
        </void> 
        <void method="add"> 
         <double>252.0752163431473</double> 
        </void> 
        <void method="add"> 
         <double>253.34079076142174</double> 
        </void> 
        <void method="add"> 
         <double>253.96705216663682</double> 
        </void> 
        <void method="add"> 
         <double>256.35457035512457</double> 
        </void> 
        <void method="add"> 
         <double>256.4609626472385</double> 
        </void> 
        <void method="add"> 
         <double>256.57170325005626</double> 
        </void> 
        <void method="add"> 
         <double>256.8068642108178</double> 
        </void> 
        <void method="add"> 
         <double>257.08321067782083</double> 
        </void> 
        <void method="add"> 
         <double>257.72334673487927</double> 
        </void> 
        <void method="add"> 
         <double>258.0057854058509</double> 
        </void> 
        <void method="add"> 
         <double>258.12753109595843</double> 
        </void> 
        <void method="add"> 
         <double>258.93512542963424</double> 
        </void> 
        <void method="add"> 
         <double>259.07395928728613</double> 
        </void> 
        <void method="add"> 
         <double>251.02006403577312</double> 
        </void> 
        <void method="add"> 
         <double>259.7815462936876</double> 
        </void> 
        <void method="add"> 
         <double>258.5155733316078</double> 
        </void> 
        <void method="add"> 
         <double>258.87214539658663</double> 
        </void> 
        <void method="add"> 
         <double>252.98252057712205</double> 
        </void> 
       </object> 
      </void> 
      <void property="stdev"> 
       <double>8.511885952687892</double> 
      </void> 
     </object> 
    </void> 
    <void index="11"> 
     <object class="jmbench.tools.EvaluationMetrics"> 
      <void property="max"> 
       <double>64.19499467152957</double> 
      </void> 
      <void property="mean"> 
       <double>62.87933165632776</double> 
      </void> 
      <void property="median"> 
       <double>63.04578820514725</double> 
      </void> 
      <void property="min"> 
       <double>57.08817194247176</double> 
      </void> 
      <void property="rawResults"> 
       <object class="java.util.ArrayList"> 
        <void method="add"> 
         <double>58.85567790420681</double> 
        </void> 
        <void method="add"> 
         <double>62.74010324624518</double> 
        </void> 
        <void method="add"> 
         <double>62.74720776315321</double> 
        </void> 
        <void method="add"> 
         <double>62.76612265214704</double> 
        </void> 
        <void method="add"> 
         <double>62.77678014666201</double> 
        </void> 
        <void method="add"> 
         <double>62.80269728642782</double> 
        </void> 
        <void method="add"> 
         <double>62.86495584414523</double> 
        </void> 
        <void method="add"> 
         <double>63.04578820514725</double> 
        </void> 
        <void method="add"> 
         <double>63.088118720118764</double> 
        </void> 
        <void method="add"> 
         <double>63.565476760074894</double> 
        </void> 
        <void method="add"> 
         <double>63.76734515565022</double> 
        </void> 
        <void method="add"> 
         <double>63.827333722368245</double> 
        </void> 
        <void method="add"> 
         <double>63.96305658441158</double> 
        </void> 
        <void method="add"> 
         <double>64.02209451395912</double> 
        </void> 
        <void method="add"> 
         <double>64.0320427020464</double> 
        </void> 
        <void method="add"> 
         <double>64.04891444991621</double> 
        </void> 
        <void method="add"> 
         <double>64.09236636701638</double> 
        </void> 
        <void method="add"> 
         <double>64.15598636315993</double> 
        </void> 
        <void method="add"> 
         <double>64.17649992774668</double> 
        </void> 
        <void method="add"> 
         <double>64.19499467152957</double> 
        </void> 
        <void method="add"> 
         <double>62.53406196101808</double> 
        </void> 
        <void method="add"> 
         <double>62.71219864945544</double> 
        </void> 
        <void method="add"> 
         <double>61.94429664957694</double> 
        </void> 
        <void method="add"> 
         <double>62.17099921953937</double> 
        </void> 
        <void method="add"> 
         <double>57.08817194247176</double> 
        </void> 
       </object> 
      </void> 
      <void property="stdev"> 
       <double>1.6154016640688544</double> 
      </void> 
     </object> 
    </void> 
   </array> 
  </void> 
  <void property="opName"> 
   <string>Scale b=alpha*a</string> 
  </void> 
 </object> 
</java> 
