<?xml version="1.0" encoding="UTF-8"?> 
<java version="1.6.0_16" class="java.beans.XMLDecoder"> 
 <object class="jmbench.tools.runtime.OperationResults"> 
  <void property="library"> 
   <object class="jmbench.impl.MatrixLibrary" method="valueOf"> 
    <string>EJML</string> 
   </object> 
  </void> 
  <void property="matDimen"> 
   <array class="int" length="12"> 
    <void index="0"> 
     <int>2</int> 
    </void> 
    <void index="1"> 
     <int>3</int> 
    </void> 
    <void index="2"> 
     <int>4</int> 
    </void> 
    <void index="3"> 
     <int>5</int> 
    </void> 
    <void index="4"> 
     <int>10</int> 
    </void> 
    <void index="5"> 
     <int>20</int> 
    </void> 
    <void index="6"> 
     <int>50</int> 
    </void> 
    <void index="7"> 
     <int>100</int> 
    </void> 
    <void index="8"> 
     <int>200</int> 
    </void> 
    <void index="9"> 
     <int>500</int> 
    </void> 
    <void index="10"> 
     <int>1000</int> 
    </void> 
    <void index="11"> 
     <int>2000</int> 
    </void> 
   </array> 
  </void> 
  <void property="metrics"> 
   <array class="jmbench.tools.EvaluationMetrics" length="12"> 
    <void index="0"> 
     <object class="jmbench.tools.EvaluationMetrics"> 
      <void property="max"> 
       <double>2076950.808027462</double> 
      </void> 
      <void property="mean"> 
       <double>1978314.9951634675</double> 
      </void> 
      <void property="median"> 
       <double>1964962.8513403006</double> 
      </void> 
      <void property="min"> 
       <double>1923711.1538975188</double> 
      </void> 
      <void property="rawResults"> 
       <object class="java.util.ArrayList"> 
        <void method="add"> 
         <double>1923711.1538975188</double> 
        </void> 
        <void method="add"> 
         <double>1934645.067645675</double> 
        </void> 
        <void method="add"> 
         <double>1938781.9077567826</double> 
        </void> 
        <void method="add"> 
         <double>1938860.2706749586</double> 
        </void> 
        <void method="add"> 
         <double>1954668.498317311</double> 
        </void> 
        <void method="add"> 
         <double>1955933.6890040042</double> 
        </void> 
        <void method="add"> 
         <double>1956287.538641658</double> 
        </void> 
        <void method="add"> 
         <double>1958191.130120393</double> 
        </void> 
        <void method="add"> 
         <double>1961840.4400437905</double> 
        </void> 
        <void method="add"> 
         <double>1964383.4312638522</double> 
        </void> 
        <void method="add"> 
         <double>1964962.8513403006</double> 
        </void> 
        <void method="add"> 
         <double>1965515.4881254127</double> 
        </void> 
        <void method="add"> 
         <double>1976967.3094630502</double> 
        </void> 
        <void method="add"> 
         <double>1982892.5098737003</double> 
        </void> 
        <void method="add"> 
         <double>1984470.1407778515</double> 
        </void> 
        <void method="add"> 
         <double>1991656.0002034204</double> 
        </void> 
        <void method="add"> 
         <double>2003441.073147831</double> 
        </void> 
        <void method="add"> 
         <double>2017156.8572040368</double> 
        </void> 
        <void method="add"> 
         <double>2059344.0049099443</double> 
        </void> 
        <void method="add"> 
         <double>2076950.808027462</double> 
        </void> 
        <void method="add"> 
         <double>1956699.0598086698</double> 
        </void> 
        <void method="add"> 
         <double>1953539.2095152733</double> 
        </void> 
        <void method="add"> 
         <double>2027903.1074193015</double> 
        </void> 
        <void method="add"> 
         <double>2001731.4222827365</double> 
        </void> 
        <void method="add"> 
         <double>2007341.9096217619</double> 
        </void> 
       </object> 
      </void> 
      <void property="stdev"> 
       <double>37078.50021214708</double> 
      </void> 
     </object> 
    </void> 
    <void index="1"> 
     <object class="jmbench.tools.EvaluationMetrics"> 
      <void property="max"> 
       <double>1048972.9838328788</double> 
      </void> 
      <void property="mean"> 
       <double>1012948.613654012</double> 
      </void> 
      <void property="median"> 
       <double>1016553.6101729134</double> 
      </void> 
      <void property="min"> 
       <double>984512.9465996876</double> 
      </void> 
      <void property="rawResults"> 
       <object class="java.util.ArrayList"> 
        <void method="add"> 
         <double>984512.9465996876</double> 
        </void> 
        <void method="add"> 
         <double>985501.3247627866</double> 
        </void> 
        <void method="add"> 
         <double>986559.6914284232</double> 
        </void> 
        <void method="add"> 
         <double>986959.562285452</double> 
        </void> 
        <void method="add"> 
         <double>987644.5974189013</double> 
        </void> 
        <void method="add"> 
         <double>988411.8828328621</double> 
        </void> 
        <void method="add"> 
         <double>990609.0674967953</double> 
        </void> 
        <void method="add"> 
         <double>990614.302016303</double> 
        </void> 
        <void method="add"> 
         <double>994352.4472376683</double> 
        </void> 
        <void method="add"> 
         <double>994660.7323654892</double> 
        </void> 
        <void method="add"> 
         <double>1016553.6101729134</double> 
        </void> 
        <void method="add"> 
         <double>1019616.1896650204</double> 
        </void> 
        <void method="add"> 
         <double>1023417.55260939</double> 
        </void> 
        <void method="add"> 
         <double>1026495.2513144981</double> 
        </void> 
        <void method="add"> 
         <double>1027456.7365731432</double> 
        </void> 
        <void method="add"> 
         <double>1037972.4730381853</double> 
        </void> 
        <void method="add"> 
         <double>1038526.4727743205</double> 
        </void> 
        <void method="add"> 
         <double>1041553.0041730182</double> 
        </void> 
        <void method="add"> 
         <double>1044312.3850722383</double> 
        </void> 
        <void method="add"> 
         <double>1048972.9838328788</double> 
        </void> 
        <void method="add"> 
         <double>1029954.1008401493</double> 
        </void> 
        <void method="add"> 
         <double>1032103.7895892204</double> 
        </void> 
        <void method="add"> 
         <double>1033764.0085965403</double> 
        </void> 
        <void method="add"> 
         <double>1005259.9300014275</double> 
        </void> 
        <void method="add"> 
         <double>1007930.298652988</double> 
        </void> 
       </object> 
      </void> 
      <void property="stdev"> 
       <double>21880.622165640936</double> 
      </void> 
     </object> 
    </void> 
    <void index="2"> 
     <object class="jmbench.tools.EvaluationMetrics"> 
      <void property="max"> 
       <double>720713.3623599245</double> 
      </void> 
      <void property="mean"> 
       <double>645313.4887518983</double> 
      </void> 
      <void property="median"> 
       <double>676980.9122684048</double> 
      </void> 
      <void property="min"> 
       <double>567964.3017122586</double> 
      </void> 
      <void property="rawResults"> 
       <object class="java.util.ArrayList"> 
        <void method="add"> 
         <double>567964.3017122586</double> 
        </void> 
        <void method="add"> 
         <double>570315.3081229024</double> 
        </void> 
        <void method="add"> 
         <double>572213.907018724</double> 
        </void> 
        <void method="add"> 
         <double>577645.9763225372</double> 
        </void> 
        <void method="add"> 
         <double>577948.932237442</double> 
        </void> 
        <void method="add"> 
         <double>579179.2516376616</double> 
        </void> 
        <void method="add"> 
         <double>580016.9871432655</double> 
        </void> 
        <void method="add"> 
         <double>581591.0019909677</double> 
        </void> 
        <void method="add"> 
         <double>583555.2341652204</double> 
        </void> 
        <void method="add"> 
         <double>598123.299534181</double> 
        </void> 
        <void method="add"> 
         <double>670521.2042555764</double> 
        </void> 
        <void method="add"> 
         <double>672843.2507988883</double> 
        </void> 
        <void method="add"> 
         <double>676980.9122684048</double> 
        </void> 
        <void method="add"> 
         <double>677093.0839183922</double> 
        </void> 
        <void method="add"> 
         <double>681563.6673218138</double> 
        </void> 
        <void method="add"> 
         <double>684244.1323173274</double> 
        </void> 
        <void method="add"> 
         <double>685948.2303763862</double> 
        </void> 
        <void method="add"> 
         <double>687861.5637197227</double> 
        </void> 
        <void method="add"> 
         <double>694040.0979542193</double> 
        </void> 
        <void method="add"> 
         <double>707576.5758634469</double> 
        </void> 
        <void method="add"> 
         <double>690394.5990188074</double> 
        </void> 
        <void method="add"> 
         <double>716388.7235653338</double> 
        </void> 
        <void method="add"> 
         <double>685982.2765177934</double> 
        </void> 
        <void method="add"> 
         <double>692131.3386562592</double> 
        </void> 
        <void method="add"> 
         <double>720713.3623599245</double> 
        </void> 
       </object> 
      </void> 
      <void property="stdev"> 
       <double>55631.005335165464</double> 
      </void> 
     </object> 
    </void> 
    <void index="3"> 
     <object class="jmbench.tools.EvaluationMetrics"> 
      <void property="max"> 
       <double>455539.3432155363</double> 
      </void> 
      <void property="mean"> 
       <double>444670.1042786729</double> 
      </void> 
      <void property="median"> 
       <double>444684.9805594032</double> 
      </void> 
      <void property="min"> 
       <double>435844.76674029976</double> 
      </void> 
      <void property="rawResults"> 
       <object class="java.util.ArrayList"> 
        <void method="add"> 
         <double>437036.51792854513</double> 
        </void> 
        <void method="add"> 
         <double>437765.6960841203</double> 
        </void> 
        <void method="add"> 
         <double>439006.8633701571</double> 
        </void> 
        <void method="add"> 
         <double>439273.7410787671</double> 
        </void> 
        <void method="add"> 
         <double>439571.0939229652</double> 
        </void> 
        <void method="add"> 
         <double>441875.9990456161</double> 
        </void> 
        <void method="add"> 
         <double>442426.15624297975</double> 
        </void> 
        <void method="add"> 
         <double>442501.25254726317</double> 
        </void> 
        <void method="add"> 
         <double>444684.9805594032</double> 
        </void> 
        <void method="add"> 
         <double>445340.1328934202</double> 
        </void> 
        <void method="add"> 
         <double>445480.5237482027</double> 
        </void> 
        <void method="add"> 
         <double>446578.85473059485</double> 
        </void> 
        <void method="add"> 
         <double>448538.16224052745</double> 
        </void> 
        <void method="add"> 
         <double>449499.9229356147</double> 
        </void> 
        <void method="add"> 
         <double>450001.4043807642</double> 
        </void> 
        <void method="add"> 
         <double>451390.2950846732</double> 
        </void> 
        <void method="add"> 
         <double>452112.74155701965</double> 
        </void> 
        <void method="add"> 
         <double>452347.5153886115</double> 
        </void> 
        <void method="add"> 
         <double>454101.6089019667</double> 
        </void> 
        <void method="add"> 
         <double>455539.3432155363</double> 
        </void> 
        <void method="add"> 
         <double>435844.76674029976</double> 
        </void> 
        <void method="add"> 
         <double>441946.8643056834</double> 
        </void> 
        <void method="add"> 
         <double>446020.96831048233</double> 
        </void> 
        <void method="add"> 
         <double>440954.1866681288</double> 
        </void> 
        <void method="add"> 
         <double>436913.01508548006</double> 
        </void> 
       </object> 
      </void> 
      <void property="stdev"> 
       <double>5691.540197569539</double> 
      </void> 
     </object> 
    </void> 
    <void index="4"> 
     <object class="jmbench.tools.EvaluationMetrics"> 
      <void property="max"> 
       <double>92720.56971853113</double> 
      </void> 
      <void property="mean"> 
       <double>91327.9802009607</double> 
      </void> 
      <void property="median"> 
       <double>91398.5997376837</double> 
      </void> 
      <void property="min"> 
       <double>88511.2079176757</double> 
      </void> 
      <void property="rawResults"> 
       <object class="java.util.ArrayList"> 
        <void method="add"> 
         <double>88511.2079176757</double> 
        </void> 
        <void method="add"> 
         <double>90441.58561630284</double> 
        </void> 
        <void method="add"> 
         <double>90789.39801900898</double> 
        </void> 
        <void method="add"> 
         <double>90865.97234310232</double> 
        </void> 
        <void method="add"> 
         <double>90867.48292703221</double> 
        </void> 
        <void method="add"> 
         <double>91059.92927934251</double> 
        </void> 
        <void method="add"> 
         <double>91097.62708535483</double> 
        </void> 
        <void method="add"> 
         <double>91206.73085043649</double> 
        </void> 
        <void method="add"> 
         <double>91398.5997376837</double> 
        </void> 
        <void method="add"> 
         <double>91498.07763811912</double> 
        </void> 
        <void method="add"> 
         <double>91551.84849880925</double> 
        </void> 
        <void method="add"> 
         <double>91745.36321272312</double> 
        </void> 
        <void method="add"> 
         <double>91786.72228079049</double> 
        </void> 
        <void method="add"> 
         <double>91819.26352046734</double> 
        </void> 
        <void method="add"> 
         <double>91950.4086263872</double> 
        </void> 
        <void method="add"> 
         <double>91989.63818296572</double> 
        </void> 
        <void method="add"> 
         <double>92216.33830483936</double> 
        </void> 
        <void method="add"> 
         <double>92282.26942800032</double> 
        </void> 
        <void method="add"> 
         <double>92343.14652810039</double> 
        </void> 
        <void method="add"> 
         <double>92720.56971853113</double> 
        </void> 
        <void method="add"> 
         <double>90656.90898644032</double> 
        </void> 
        <void method="add"> 
         <double>91333.12324989995</double> 
        </void> 
        <void method="add"> 
         <double>91878.34427867977</double> 
        </void> 
        <void method="add"> 
         <double>90045.69361594309</double> 
        </void> 
        <void method="add"> 
         <double>91143.25517738076</double> 
        </void> 
       </object> 
      </void> 
      <void property="stdev"> 
       <double>853.5037553077037</double> 
      </void> 
     </object> 
    </void> 
    <void index="5"> 
     <object class="jmbench.tools.EvaluationMetrics"> 
      <void property="max"> 
       <double>17170.23360392118</double> 
      </void> 
      <void property="mean"> 
       <double>17048.47366280749</double> 
      </void> 
      <void property="median"> 
       <double>17055.633328497228</double> 
      </void> 
      <void property="min"> 
       <double>16810.563453880735</double> 
      </void> 
      <void property="rawResults"> 
       <object class="java.util.ArrayList"> 
        <void method="add"> 
         <double>16810.563453880735</double> 
        </void> 
        <void method="add"> 
         <double>16955.03951281838</double> 
        </void> 
        <void method="add"> 
         <double>16966.375889641018</double> 
        </void> 
        <void method="add"> 
         <double>16985.43495806217</double> 
        </void> 
        <void method="add"> 
         <double>16995.12485594687</double> 
        </void> 
        <void method="add"> 
         <double>16999.30961389853</double> 
        </void> 
        <void method="add"> 
         <double>17006.1713947068</double> 
        </void> 
        <void method="add"> 
         <double>17015.39785926062</double> 
        </void> 
        <void method="add"> 
         <double>17039.641350718237</double> 
        </void> 
        <void method="add"> 
         <double>17059.336332905845</double> 
        </void> 
        <void method="add"> 
         <double>17067.774998345383</double> 
        </void> 
        <void method="add"> 
         <double>17085.45042821308</double> 
        </void> 
        <void method="add"> 
         <double>17085.78622702758</double> 
        </void> 
        <void method="add"> 
         <double>17089.878116702515</double> 
        </void> 
        <void method="add"> 
         <double>17105.096906228504</double> 
        </void> 
        <void method="add"> 
         <double>17111.013453848216</double> 
        </void> 
        <void method="add"> 
         <double>17150.230151339194</double> 
        </void> 
        <void method="add"> 
         <double>17162.03576996089</double> 
        </void> 
        <void method="add"> 
         <double>17165.751316549362</double> 
        </void> 
        <void method="add"> 
         <double>17170.23360392118</double> 
        </void> 
        <void method="add"> 
         <double>17038.450166229108</double> 
        </void> 
        <void method="add"> 
         <double>17071.07284357564</double> 
        </void> 
        <void method="add"> 
         <double>17046.71642584352</double> 
        </void> 
        <void method="add"> 
         <double>17055.633328497228</double> 
        </void> 
        <void method="add"> 
         <double>16974.322612066713</double> 
        </void> 
       </object> 
      </void> 
      <void property="stdev"> 
       <double>78.5737387528368</double> 
      </void> 
     </object> 
    </void> 
    <void index="6"> 
     <object class="jmbench.tools.EvaluationMetrics"> 
      <void property="max"> 
       <double>1734.7019027505642</double> 
      </void> 
      <void property="mean"> 
       <double>1678.8856561661676</double> 
      </void> 
      <void property="median"> 
       <double>1686.6707131838486</double> 
      </void> 
      <void property="min"> 
       <double>1637.624242332132</double> 
      </void> 
      <void property="rawResults"> 
       <object class="java.util.ArrayList"> 
        <void method="add"> 
         <double>1637.624242332132</double> 
        </void> 
        <void method="add"> 
         <double>1640.041097847534</double> 
        </void> 
        <void method="add"> 
         <double>1640.7437579820655</double> 
        </void> 
        <void method="add"> 
         <double>1641.520950212345</double> 
        </void> 
        <void method="add"> 
         <double>1644.0254941048026</double> 
        </void> 
        <void method="add"> 
         <double>1645.3343599159598</double> 
        </void> 
        <void method="add"> 
         <double>1645.760798224934</double> 
        </void> 
        <void method="add"> 
         <double>1645.778247047849</double> 
        </void> 
        <void method="add"> 
         <double>1648.8105054995256</double> 
        </void> 
        <void method="add"> 
         <double>1650.2071556880455</double> 
        </void> 
        <void method="add"> 
         <double>1686.6707131838486</double> 
        </void> 
        <void method="add"> 
         <double>1687.1038862336347</double> 
        </void> 
        <void method="add"> 
         <double>1691.8555679886774</double> 
        </void> 
        <void method="add"> 
         <double>1693.100425231005</double> 
        </void> 
        <void method="add"> 
         <double>1696.1061915855935</double> 
        </void> 
        <void method="add"> 
         <double>1723.0921304695207</double> 
        </void> 
        <void method="add"> 
         <double>1723.6434759730869</double> 
        </void> 
        <void method="add"> 
         <double>1726.2170989175872</double> 
        </void> 
        <void method="add"> 
         <double>1728.3394036285229</double> 
        </void> 
        <void method="add"> 
         <double>1734.7019027505642</double> 
        </void> 
        <void method="add"> 
         <double>1682.6994088902297</double> 
        </void> 
        <void method="add"> 
         <double>1684.0350528510837</double> 
        </void> 
        <void method="add"> 
         <double>1688.685435390332</double> 
        </void> 
        <void method="add"> 
         <double>1695.208860104557</double> 
        </void> 
        <void method="add"> 
         <double>1690.8352421007598</double> 
        </void> 
       </object> 
      </void> 
      <void property="stdev"> 
       <double>31.889655016890938</double> 
      </void> 
     </object> 
    </void> 
    <void index="7"> 
     <object class="jmbench.tools.EvaluationMetrics"> 
      <void property="max"> 
       <double>252.7775792385849</double> 
      </void> 
      <void property="mean"> 
       <double>251.52331676629908</double> 
      </void> 
      <void property="median"> 
       <double>251.4258497123913</double> 
      </void> 
      <void property="min"> 
       <double>250.53647340252954</double> 
      </void> 
      <void property="rawResults"> 
       <object class="java.util.ArrayList"> 
        <void method="add"> 
         <double>250.53647340252954</double> 
        </void> 
        <void method="add"> 
         <double>250.8483454111068</double> 
        </void> 
        <void method="add"> 
         <double>251.0537842750663</double> 
        </void> 
        <void method="add"> 
         <double>251.0686658889478</double> 
        </void> 
        <void method="add"> 
         <double>251.12238658121944</double> 
        </void> 
        <void method="add"> 
         <double>251.2406706220846</double> 
        </void> 
        <void method="add"> 
         <double>251.3464400752032</double> 
        </void> 
        <void method="add"> 
         <double>251.38779004576014</double> 
        </void> 
        <void method="add"> 
         <double>251.39995214162957</double> 
        </void> 
        <void method="add"> 
         <double>251.4258497123913</double> 
        </void> 
        <void method="add"> 
         <double>251.53160326181785</double> 
        </void> 
        <void method="add"> 
         <double>251.60917792662647</double> 
        </void> 
        <void method="add"> 
         <double>251.75488926335157</double> 
        </void> 
        <void method="add"> 
         <double>251.76731610623867</double> 
        </void> 
        <void method="add"> 
         <double>251.771017774098</double> 
        </void> 
        <void method="add"> 
         <double>251.93536732494562</double> 
        </void> 
        <void method="add"> 
         <double>252.20695755332756</double> 
        </void> 
        <void method="add"> 
         <double>252.22691978720638</double> 
        </void> 
        <void method="add"> 
         <double>252.7644645923772</double> 
        </void> 
        <void method="add"> 
         <double>252.7775792385849</double> 
        </void> 
        <void method="add"> 
         <double>251.77635846169412</double> 
        </void> 
        <void method="add"> 
         <double>251.5897265946886</double> 
        </void> 
        <void method="add"> 
         <double>251.27316008304544</double> 
        </void> 
        <void method="add"> 
         <double>251.1206312289417</double> 
        </void> 
        <void method="add"> 
         <double>250.54739180459208</double> 
        </void> 
       </object> 
      </void> 
      <void property="stdev"> 
       <double>0.5601789563089518</double> 
      </void> 
     </object> 
    </void> 
    <void index="8"> 
     <object class="jmbench.tools.EvaluationMetrics"> 
      <void property="max"> 
       <double>37.964088473058204</double> 
      </void> 
      <void property="mean"> 
       <double>37.280073678872355</double> 
      </void> 
      <void property="median"> 
       <double>37.19531886984494</double> 
      </void> 
      <void property="min"> 
       <double>36.690299978573755</double> 
      </void> 
      <void property="rawResults"> 
       <object class="java.util.ArrayList"> 
        <void method="add"> 
         <double>36.690299978573755</double> 
        </void> 
        <void method="add"> 
         <double>36.81024203664344</double> 
        </void> 
        <void method="add"> 
         <double>36.82910994210708</double> 
        </void> 
        <void method="add"> 
         <double>36.86388408929974</double> 
        </void> 
        <void method="add"> 
         <double>36.96380082004245</double> 
        </void> 
        <void method="add"> 
         <double>36.97573572776535</double> 
        </void> 
        <void method="add"> 
         <double>37.06789828103642</double> 
        </void> 
        <void method="add"> 
         <double>37.14833722349159</double> 
        </void> 
        <void method="add"> 
         <double>37.15084639446525</double> 
        </void> 
        <void method="add"> 
         <double>37.17442692240561</double> 
        </void> 
        <void method="add"> 
         <double>37.19531886984494</double> 
        </void> 
        <void method="add"> 
         <double>37.34027673906775</double> 
        </void> 
        <void method="add"> 
         <double>37.37672838777265</double> 
        </void> 
        <void method="add"> 
         <double>37.3998082761607</double> 
        </void> 
        <void method="add"> 
         <double>37.43316592699234</double> 
        </void> 
        <void method="add"> 
         <double>37.74024976211261</double> 
        </void> 
        <void method="add"> 
         <double>37.78155771289104</double> 
        </void> 
        <void method="add"> 
         <double>37.83498818510395</double> 
        </void> 
        <void method="add"> 
         <double>37.90753833330815</double> 
        </void> 
        <void method="add"> 
         <double>37.964088473058204</double> 
        </void> 
        <void method="add"> 
         <double>37.46466961233405</double> 
        </void> 
        <void method="add"> 
         <double>37.16658194412749</double> 
        </void> 
        <void method="add"> 
         <double>37.24165140142736</double> 
        </void> 
        <void method="add"> 
         <double>37.34962978605097</double> 
        </void> 
        <void method="add"> 
         <double>37.13100714572596</double> 
        </void> 
       </object> 
      </void> 
      <void property="stdev"> 
       <double>0.3460764081956981</double> 
      </void> 
     </object> 
    </void> 
    <void index="9"> 
     <object class="jmbench.tools.EvaluationMetrics"> 
      <void property="max"> 
       <double>2.6885626547066726</double> 
      </void> 
      <void property="mean"> 
       <double>2.66066239165628</double> 
      </void> 
      <void property="median"> 
       <double>2.6744164873529472</double> 
      </void> 
      <void property="min"> 
       <double>2.449757523503885</double> 
      </void> 
      <void property="rawResults"> 
       <object class="java.util.ArrayList"> 
        <void method="add"> 
         <double>2.449757523503885</double> 
        </void> 
        <void method="add"> 
         <double>2.5887906935014535</double> 
        </void> 
        <void method="add"> 
         <double>2.656386640741373</double> 
        </void> 
        <void method="add"> 
         <double>2.656460813409576</double> 
        </void> 
        <void method="add"> 
         <double>2.6570596424000263</double> 
        </void> 
        <void method="add"> 
         <double>2.659711774821269</double> 
        </void> 
        <void method="add"> 
         <double>2.6613488823434275</double> 
        </void> 
        <void method="add"> 
         <double>2.661580517995724</double> 
        </void> 
        <void method="add"> 
         <double>2.6624462527149277</double> 
        </void> 
        <void method="add"> 
         <double>2.665139380708651</double> 
        </void> 
        <void method="add"> 
         <double>2.6686015246381656</double> 
        </void> 
        <void method="add"> 
         <double>2.6741317791810695</double> 
        </void> 
        <void method="add"> 
         <double>2.6744164873529472</double> 
        </void> 
        <void method="add"> 
         <double>2.6754937421283276</double> 
        </void> 
        <void method="add"> 
         <double>2.6768525458669084</double> 
        </void> 
        <void method="add"> 
         <double>2.678825217761843</double> 
        </void> 
        <void method="add"> 
         <double>2.6803734476289205</double> 
        </void> 
        <void method="add"> 
         <double>2.682274418271333</double> 
        </void> 
        <void method="add"> 
         <double>2.683820244716728</double> 
        </void> 
        <void method="add"> 
         <double>2.6856327948507484</double> 
        </void> 
        <void method="add"> 
         <double>2.6885626547066726</double> 
        </void> 
        <void method="add"> 
         <double>2.686330710944258</double> 
        </void> 
        <void method="add"> 
         <double>2.6845020985189882</double> 
        </void> 
        <void method="add"> 
         <double>2.676098579678876</double> 
        </void> 
        <void method="add"> 
         <double>2.68196142302091</double> 
        </void> 
       </object> 
      </void> 
      <void property="stdev"> 
       <double>0.047192934580052734</double> 
      </void> 
     </object> 
    </void> 
    <void index="10"> 
     <object class="jmbench.tools.EvaluationMetrics"> 
      <void property="max"> 
       <double>0.23982754074452634</double> 
      </void> 
      <void property="mean"> 
       <double>0.2330216293036782</double> 
      </void> 
      <void property="median"> 
       <double>0.236488337343284</double> 
      </void> 
      <void property="min"> 
       <double>0.21811171220767497</double> 
      </void> 
      <void property="rawResults"> 
       <object class="java.util.ArrayList"> 
        <void method="add"> 
         <double>0.21811171220767497</double> 
        </void> 
        <void method="add"> 
         <double>0.22086029326067827</double> 
        </void> 
        <void method="add"> 
         <double>0.22873197206589563</double> 
        </void> 
        <void method="add"> 
         <double>0.2291682472209704</double> 
        </void> 
        <void method="add"> 
         <double>0.23123021083730866</double> 
        </void> 
        <void method="add"> 
         <double>0.231961302779166</double> 
        </void> 
        <void method="add"> 
         <double>0.2327041461796661</double> 
        </void> 
        <void method="add"> 
         <double>0.23304883599929868</double> 
        </void> 
        <void method="add"> 
         <double>0.2345291609462669</double> 
        </void> 
        <void method="add"> 
         <double>0.236488337343284</double> 
        </void> 
        <void method="add"> 
         <double>0.23662658880485798</double> 
        </void> 
        <void method="add"> 
         <double>0.23685120943097404</double> 
        </void> 
        <void method="add"> 
         <double>0.23717211965107932</double> 
        </void> 
        <void method="add"> 
         <double>0.23799000401524834</double> 
        </void> 
        <void method="add"> 
         <double>0.2380803165814537</double> 
        </void> 
        <void method="add"> 
         <double>0.2386652953811625</double> 
        </void> 
        <void method="add"> 
         <double>0.23891718448683286</double> 
        </void> 
        <void method="add"> 
         <double>0.23952112835897219</double> 
        </void> 
        <void method="add"> 
         <double>0.23979680602783296</double> 
        </void> 
        <void method="add"> 
         <double>0.23982754074452634</double> 
        </void> 
        <void method="add"> 
         <double>0.21999218282857427</double> 
        </void> 
        <void method="add"> 
         <double>0.22034621987054262</double> 
        </void> 
        <void method="add"> 
         <double>0.22779035740788398</double> 
        </void> 
        <void method="add"> 
         <double>0.23761162918303297</double> 
        </void> 
        <void method="add"> 
         <double>0.2395179309787717</double> 
        </void> 
       </object> 
      </void> 
      <void property="stdev"> 
       <double>0.006751255901746135</double> 
      </void> 
     </object> 
    </void> 
    <void index="11"> 
     <object class="jmbench.tools.EvaluationMetrics"> 
      <void property="max"> 
       <double>0.03077614212769614</double> 
      </void> 
      <void property="mean"> 
       <double>0.03077614212769614</double> 
      </void> 
      <void property="median"> 
       <double>0.03077614212769614</double> 
      </void> 
      <void property="min"> 
       <double>0.03077614212769614</double> 
      </void> 
      <void property="rawResults"> 
       <object class="java.util.ArrayList"> 
        <void method="add"> 
         <double>0.03077614212769614</double> 
        </void> 
       </object> 
      </void> 
     </object> 
    </void> 
   </array> 
  </void> 
  <void property="opName"> 
   <string>Solve m=n</string> 
  </void> 
 </object> 
</java> 
