<?xml version="1.0" encoding="UTF-8"?> 
<java version="1.6.0_16" class="java.beans.XMLDecoder"> 
 <object class="jmbench.tools.runtime.OperationResults"> 
  <void property="library"> 
   <object class="jmbench.impl.MatrixLibrary" method="valueOf"> 
    <string>EJML</string> 
   </object> 
  </void> 
  <void property="matDimen"> 
   <array class="int" length="12"> 
    <void index="0"> 
     <int>2</int> 
    </void> 
    <void index="1"> 
     <int>3</int> 
    </void> 
    <void index="2"> 
     <int>4</int> 
    </void> 
    <void index="3"> 
     <int>5</int> 
    </void> 
    <void index="4"> 
     <int>10</int> 
    </void> 
    <void index="5"> 
     <int>20</int> 
    </void> 
    <void index="6"> 
     <int>50</int> 
    </void> 
    <void index="7"> 
     <int>100</int> 
    </void> 
    <void index="8"> 
     <int>200</int> 
    </void> 
    <void index="9"> 
     <int>500</int> 
    </void> 
    <void index="10"> 
     <int>1000</int> 
    </void> 
    <void index="11"> 
     <int>2000</int> 
    </void> 
   </array> 
  </void> 
  <void property="metrics"> 
   <array class="jmbench.tools.EvaluationMetrics" length="12"> 
    <void index="0"> 
     <object class="jmbench.tools.EvaluationMetrics"> 
      <void property="max"> 
       <double>1950012.8423638477</double> 
      </void> 
      <void property="mean"> 
       <double>1834863.9150774777</double> 
      </void> 
      <void property="median"> 
       <double>1885029.356037937</double> 
      </void> 
      <void property="min"> 
       <double>1447516.3394672207</double> 
      </void> 
      <void property="rawResults"> 
       <object class="java.util.ArrayList"> 
        <void method="add"> 
         <double>1465625.3337339254</double> 
        </void> 
        <void method="add"> 
         <double>1783015.3281395633</double> 
        </void> 
        <void method="add"> 
         <double>1787276.67324399</double> 
        </void> 
        <void method="add"> 
         <double>1827207.1701016275</double> 
        </void> 
        <void method="add"> 
         <double>1840583.8385411734</double> 
        </void> 
        <void method="add"> 
         <double>1844976.2794029973</double> 
        </void> 
        <void method="add"> 
         <double>1848509.290678453</double> 
        </void> 
        <void method="add"> 
         <double>1865464.8418708083</double> 
        </void> 
        <void method="add"> 
         <double>1868129.9955238013</double> 
        </void> 
        <void method="add"> 
         <double>1885029.356037937</double> 
        </void> 
        <void method="add"> 
         <double>1888990.8412488122</double> 
        </void> 
        <void method="add"> 
         <double>1904727.3906124712</double> 
        </void> 
        <void method="add"> 
         <double>1910070.158688237</double> 
        </void> 
        <void method="add"> 
         <double>1911589.1253996713</double> 
        </void> 
        <void method="add"> 
         <double>1911981.9931546985</double> 
        </void> 
        <void method="add"> 
         <double>1913618.5240561366</double> 
        </void> 
        <void method="add"> 
         <double>1920247.6846977738</double> 
        </void> 
        <void method="add"> 
         <double>1920544.2786988502</double> 
        </void> 
        <void method="add"> 
         <double>1939393.253385376</double> 
        </void> 
        <void method="add"> 
         <double>1950012.8423638477</double> 
        </void> 
        <void method="add"> 
         <double>1944662.1906030478</double> 
        </void> 
        <void method="add"> 
         <double>1505357.9712320862</double> 
        </void> 
        <void method="add"> 
         <double>1447516.3394672207</double> 
        </void> 
        <void method="add"> 
         <double>1837973.3723580511</double> 
        </void> 
        <void method="add"> 
         <double>1949093.8036963884</double> 
        </void> 
       </object> 
      </void> 
      <void property="stdev"> 
       <double>141460.31297583322</double> 
      </void> 
     </object> 
    </void> 
    <void index="1"> 
     <object class="jmbench.tools.EvaluationMetrics"> 
      <void property="max"> 
       <double>621171.9532642729</double> 
      </void> 
      <void property="mean"> 
       <double>510493.8574022464</double> 
      </void> 
      <void property="median"> 
       <double>520069.82757274614</double> 
      </void> 
      <void property="min"> 
       <double>452741.8231249143</double> 
      </void> 
      <void property="rawResults"> 
       <object class="java.util.ArrayList"> 
        <void method="add"> 
         <double>452741.8231249143</double> 
        </void> 
        <void method="add"> 
         <double>454099.91710771556</double> 
        </void> 
        <void method="add"> 
         <double>460683.79015837883</double> 
        </void> 
        <void method="add"> 
         <double>461979.9504507729</double> 
        </void> 
        <void method="add"> 
         <double>468749.3588034777</double> 
        </void> 
        <void method="add"> 
         <double>472453.11434815853</double> 
        </void> 
        <void method="add"> 
         <double>473081.14929551823</double> 
        </void> 
        <void method="add"> 
         <double>473717.7723307628</double> 
        </void> 
        <void method="add"> 
         <double>518277.4683828591</double> 
        </void> 
        <void method="add"> 
         <double>518744.5335363464</double> 
        </void> 
        <void method="add"> 
         <double>519823.08832110843</double> 
        </void> 
        <void method="add"> 
         <double>520069.82757274614</double> 
        </void> 
        <void method="add"> 
         <double>524757.6446970439</double> 
        </void> 
        <void method="add"> 
         <double>529894.8931311982</double> 
        </void> 
        <void method="add"> 
         <double>532775.7244568069</double> 
        </void> 
        <void method="add"> 
         <double>533429.1906420037</double> 
        </void> 
        <void method="add"> 
         <double>534248.6681015606</double> 
        </void> 
        <void method="add"> 
         <double>535848.4613582881</double> 
        </void> 
        <void method="add"> 
         <double>537467.9715096366</double> 
        </void> 
        <void method="add"> 
         <double>537613.5001870205</double> 
        </void> 
        <void method="add"> 
         <double>469681.8423786742</double> 
        </void> 
        <void method="add"> 
         <double>621171.9532642729</double> 
        </void> 
        <void method="add"> 
         <double>535945.8740648568</double> 
        </void> 
        <void method="add"> 
         <double>539844.5855664866</double> 
        </void> 
        <void method="add"> 
         <double>535244.3322655512</double> 
        </void> 
       </object> 
      </void> 
      <void property="stdev"> 
       <double>38940.575255190415</double> 
      </void> 
     </object> 
    </void> 
    <void index="2"> 
     <object class="jmbench.tools.EvaluationMetrics"> 
      <void property="max"> 
       <double>286278.3875539779</double> 
      </void> 
      <void property="mean"> 
       <double>252968.65523729404</double> 
      </void> 
      <void property="median"> 
       <double>255675.46139389637</double> 
      </void> 
      <void property="min"> 
       <double>226499.849371115</double> 
      </void> 
      <void property="rawResults"> 
       <object class="java.util.ArrayList"> 
        <void method="add"> 
         <double>226499.849371115</double> 
        </void> 
        <void method="add"> 
         <double>230205.30605911827</double> 
        </void> 
        <void method="add"> 
         <double>232239.13904555188</double> 
        </void> 
        <void method="add"> 
         <double>233062.14926499777</double> 
        </void> 
        <void method="add"> 
         <double>235514.04000174164</double> 
        </void> 
        <void method="add"> 
         <double>236118.06068605316</double> 
        </void> 
        <void method="add"> 
         <double>239581.98499311967</double> 
        </void> 
        <void method="add"> 
         <double>249794.96902595076</double> 
        </void> 
        <void method="add"> 
         <double>250543.44894507804</double> 
        </void> 
        <void method="add"> 
         <double>252165.09588219709</double> 
        </void> 
        <void method="add"> 
         <double>252349.88503338353</double> 
        </void> 
        <void method="add"> 
         <double>255675.46139389637</double> 
        </void> 
        <void method="add"> 
         <double>256598.00014997955</double> 
        </void> 
        <void method="add"> 
         <double>258816.11965329974</double> 
        </void> 
        <void method="add"> 
         <double>259402.21986634907</double> 
        </void> 
        <void method="add"> 
         <double>260962.79256310943</double> 
        </void> 
        <void method="add"> 
         <double>261726.25142616127</double> 
        </void> 
        <void method="add"> 
         <double>262903.9586543239</double> 
        </void> 
        <void method="add"> 
         <double>265556.31796975195</double> 
        </void> 
        <void method="add"> 
         <double>274929.8086638507</double> 
        </void> 
        <void method="add"> 
         <double>286278.3875539779</double> 
        </void> 
        <void method="add"> 
         <double>285282.75986216264</double> 
        </void> 
        <void method="add"> 
         <double>263247.810032727</double> 
        </void> 
        <void method="add"> 
         <double>232586.2758441772</double> 
        </void> 
        <void method="add"> 
         <double>262176.28899027704</double> 
        </void> 
       </object> 
      </void> 
      <void property="stdev"> 
       <double>16205.307426657884</double> 
      </void> 
     </object> 
    </void> 
    <void index="3"> 
     <object class="jmbench.tools.EvaluationMetrics"> 
      <void property="max"> 
       <double>166425.24626242789</double> 
      </void> 
      <void property="mean"> 
       <double>150973.49858800325</double> 
      </void> 
      <void property="median"> 
       <double>149454.3646310108</double> 
      </void> 
      <void property="min"> 
       <double>138310.76966173144</double> 
      </void> 
      <void property="rawResults"> 
       <object class="java.util.ArrayList"> 
        <void method="add"> 
         <double>138310.76966173144</double> 
        </void> 
        <void method="add"> 
         <double>139293.03941546925</double> 
        </void> 
        <void method="add"> 
         <double>141356.00023321528</double> 
        </void> 
        <void method="add"> 
         <double>143208.20861021194</double> 
        </void> 
        <void method="add"> 
         <double>145182.8151682955</double> 
        </void> 
        <void method="add"> 
         <double>145290.67773638456</double> 
        </void> 
        <void method="add"> 
         <double>145519.92168369645</double> 
        </void> 
        <void method="add"> 
         <double>145934.94825545148</double> 
        </void> 
        <void method="add"> 
         <double>146646.0868917209</double> 
        </void> 
        <void method="add"> 
         <double>149454.3646310108</double> 
        </void> 
        <void method="add"> 
         <double>150578.38984545835</double> 
        </void> 
        <void method="add"> 
         <double>151617.40671437452</double> 
        </void> 
        <void method="add"> 
         <double>151765.85269169632</double> 
        </void> 
        <void method="add"> 
         <double>154701.82974207128</double> 
        </void> 
        <void method="add"> 
         <double>156812.8076103362</double> 
        </void> 
        <void method="add"> 
         <double>162943.8412893871</double> 
        </void> 
        <void method="add"> 
         <double>163125.955364966</double> 
        </void> 
        <void method="add"> 
         <double>164576.39851640534</double> 
        </void> 
        <void method="add"> 
         <double>165975.20867690208</double> 
        </void> 
        <void method="add"> 
         <double>166425.24626242789</double> 
        </void> 
        <void method="add"> 
         <double>147878.51926137367</double> 
        </void> 
        <void method="add"> 
         <double>146195.37506741215</double> 
        </void> 
        <void method="add"> 
         <double>149691.49446728308</double> 
        </void> 
        <void method="add"> 
         <double>154210.85970624225</double> 
        </void> 
        <void method="add"> 
         <double>147641.4471965585</double> 
        </void> 
       </object> 
      </void> 
      <void property="stdev"> 
       <double>8090.027356300247</double> 
      </void> 
     </object> 
    </void> 
    <void index="4"> 
     <object class="jmbench.tools.EvaluationMetrics"> 
      <void property="max"> 
       <double>27970.76811973643</double> 
      </void> 
      <void property="mean"> 
       <double>26060.945085468793</double> 
      </void> 
      <void property="median"> 
       <double>25978.475670313845</double> 
      </void> 
      <void property="min"> 
       <double>24237.39673184385</double> 
      </void> 
      <void property="rawResults"> 
       <object class="java.util.ArrayList"> 
        <void method="add"> 
         <double>24489.565674824622</double> 
        </void> 
        <void method="add"> 
         <double>25212.79673307389</double> 
        </void> 
        <void method="add"> 
         <double>25222.909986318824</double> 
        </void> 
        <void method="add"> 
         <double>25266.523781210566</double> 
        </void> 
        <void method="add"> 
         <double>25356.85528061434</double> 
        </void> 
        <void method="add"> 
         <double>25474.28633527247</double> 
        </void> 
        <void method="add"> 
         <double>25926.45956399483</double> 
        </void> 
        <void method="add"> 
         <double>25951.611123593608</double> 
        </void> 
        <void method="add"> 
         <double>25972.530229519707</double> 
        </void> 
        <void method="add"> 
         <double>25978.475670313845</double> 
        </void> 
        <void method="add"> 
         <double>25988.881750071938</double> 
        </void> 
        <void method="add"> 
         <double>26131.342953942127</double> 
        </void> 
        <void method="add"> 
         <double>26407.49211543172</double> 
        </void> 
        <void method="add"> 
         <double>26421.112061087188</double> 
        </void> 
        <void method="add"> 
         <double>26438.330044546194</double> 
        </void> 
        <void method="add"> 
         <double>26721.03475793561</double> 
        </void> 
        <void method="add"> 
         <double>26758.047926632305</double> 
        </void> 
        <void method="add"> 
         <double>27406.32869751277</double> 
        </void> 
        <void method="add"> 
         <double>27796.51412690333</double> 
        </void> 
        <void method="add"> 
         <double>27901.234657965044</double> 
        </void> 
        <void method="add"> 
         <double>24841.00325828433</double> 
        </void> 
        <void method="add"> 
         <double>24237.39673184385</double> 
        </void> 
        <void method="add"> 
         <double>27970.76811973643</double> 
        </void> 
        <void method="add"> 
         <double>26637.093936191253</double> 
        </void> 
        <void method="add"> 
         <double>25015.031619898997</double> 
        </void> 
       </object> 
      </void> 
      <void property="stdev"> 
       <double>996.522685790353</double> 
      </void> 
     </object> 
    </void> 
    <void index="5"> 
     <object class="jmbench.tools.EvaluationMetrics"> 
      <void property="max"> 
       <double>4965.00834051325</double> 
      </void> 
      <void property="mean"> 
       <double>4800.803366207165</double> 
      </void> 
      <void property="median"> 
       <double>4804.67645466604</double> 
      </void> 
      <void property="min"> 
       <double>4612.980338326333</double> 
      </void> 
      <void property="rawResults"> 
       <object class="java.util.ArrayList"> 
        <void method="add"> 
         <double>4612.980338326333</double> 
        </void> 
        <void method="add"> 
         <double>4619.364693095936</double> 
        </void> 
        <void method="add"> 
         <double>4657.924298098164</double> 
        </void> 
        <void method="add"> 
         <double>4701.164777967306</double> 
        </void> 
        <void method="add"> 
         <double>4724.1132755677</double> 
        </void> 
        <void method="add"> 
         <double>4726.3900379076385</double> 
        </void> 
        <void method="add"> 
         <double>4733.340342180997</double> 
        </void> 
        <void method="add"> 
         <double>4736.683938383213</double> 
        </void> 
        <void method="add"> 
         <double>4768.436813102682</double> 
        </void> 
        <void method="add"> 
         <double>4770.644739043821</double> 
        </void> 
        <void method="add"> 
         <double>4804.67645466604</double> 
        </void> 
        <void method="add"> 
         <double>4853.876478090747</double> 
        </void> 
        <void method="add"> 
         <double>4855.310589281214</double> 
        </void> 
        <void method="add"> 
         <double>4859.587934967651</double> 
        </void> 
        <void method="add"> 
         <double>4868.236869877235</double> 
        </void> 
        <void method="add"> 
         <double>4871.4355538227</double> 
        </void> 
        <void method="add"> 
         <double>4881.194064223366</double> 
        </void> 
        <void method="add"> 
         <double>4882.465340432821</double> 
        </void> 
        <void method="add"> 
         <double>4945.314526684727</double> 
        </void> 
        <void method="add"> 
         <double>4965.00834051325</double> 
        </void> 
        <void method="add"> 
         <double>4736.433414417513</double> 
        </void> 
        <void method="add"> 
         <double>4948.145565553287</double> 
        </void> 
        <void method="add"> 
         <double>4831.413780146993</double> 
        </void> 
        <void method="add"> 
         <double>4744.497859431006</double> 
        </void> 
        <void method="add"> 
         <double>4921.444129396799</double> 
        </void> 
       </object> 
      </void> 
      <void property="stdev"> 
       <double>98.96778835103873</double> 
      </void> 
     </object> 
    </void> 
    <void index="6"> 
     <object class="jmbench.tools.EvaluationMetrics"> 
      <void property="max"> 
       <double>509.50151320779906</double> 
      </void> 
      <void property="mean"> 
       <double>491.2367189428076</double> 
      </void> 
      <void property="median"> 
       <double>491.3009557726546</double> 
      </void> 
      <void property="min"> 
       <double>468.4147863486322</double> 
      </void> 
      <void property="rawResults"> 
       <object class="java.util.ArrayList"> 
        <void method="add"> 
         <double>468.4147863486322</double> 
        </void> 
        <void method="add"> 
         <double>470.20630660670207</double> 
        </void> 
        <void method="add"> 
         <double>473.90878762606167</double> 
        </void> 
        <void method="add"> 
         <double>480.3808135688967</double> 
        </void> 
        <void method="add"> 
         <double>481.56736291381134</double> 
        </void> 
        <void method="add"> 
         <double>485.9360197260499</double> 
        </void> 
        <void method="add"> 
         <double>486.15234648955715</double> 
        </void> 
        <void method="add"> 
         <double>487.59358884179835</double> 
        </void> 
        <void method="add"> 
         <double>488.15727015996134</double> 
        </void> 
        <void method="add"> 
         <double>490.21463665899614</double> 
        </void> 
        <void method="add"> 
         <double>490.6803001926766</double> 
        </void> 
        <void method="add"> 
         <double>490.8470547257918</double> 
        </void> 
        <void method="add"> 
         <double>491.3009557726546</double> 
        </void> 
        <void method="add"> 
         <double>492.04403321492015</double> 
        </void> 
        <void method="add"> 
         <double>495.8494549066865</double> 
        </void> 
        <void method="add"> 
         <double>499.7065772846373</double> 
        </void> 
        <void method="add"> 
         <double>500.7170929935786</double> 
        </void> 
        <void method="add"> 
         <double>504.7538449827672</double> 
        </void> 
        <void method="add"> 
         <double>505.227934256177</double> 
        </void> 
        <void method="add"> 
         <double>509.50151320779906</double> 
        </void> 
        <void method="add"> 
         <double>503.3282050523393</double> 
        </void> 
        <void method="add"> 
         <double>504.1198298364147</double> 
        </void> 
        <void method="add"> 
         <double>492.4789609114469</double> 
        </void> 
        <void method="add"> 
         <double>493.3718208084162</double> 
        </void> 
        <void method="add"> 
         <double>494.45847648341646</double> 
        </void> 
       </object> 
      </void> 
      <void property="stdev"> 
       <double>10.539851574778359</double> 
      </void> 
     </object> 
    </void> 
    <void index="7"> 
     <object class="jmbench.tools.EvaluationMetrics"> 
      <void property="max"> 
       <double>69.3340661481898</double> 
      </void> 
      <void property="mean"> 
       <double>68.39464657223948</double> 
      </void> 
      <void property="median"> 
       <double>68.49961300462044</double> 
      </void> 
      <void property="min"> 
       <double>66.84787303495989</double> 
      </void> 
      <void property="rawResults"> 
       <object class="java.util.ArrayList"> 
        <void method="add"> 
         <double>66.84787303495989</double> 
        </void> 
        <void method="add"> 
         <double>67.51225782640081</double> 
        </void> 
        <void method="add"> 
         <double>67.61560154630696</double> 
        </void> 
        <void method="add"> 
         <double>67.7864672338377</double> 
        </void> 
        <void method="add"> 
         <double>67.79101789663056</double> 
        </void> 
        <void method="add"> 
         <double>68.33586604275786</double> 
        </void> 
        <void method="add"> 
         <double>68.41724702180369</double> 
        </void> 
        <void method="add"> 
         <double>68.4438678208545</double> 
        </void> 
        <void method="add"> 
         <double>68.47752726027086</double> 
        </void> 
        <void method="add"> 
         <double>68.49961300462044</double> 
        </void> 
        <void method="add"> 
         <double>68.51285681041016</double> 
        </void> 
        <void method="add"> 
         <double>68.54020222567071</double> 
        </void> 
        <void method="add"> 
         <double>68.64419946594427</double> 
        </void> 
        <void method="add"> 
         <double>68.74324638883876</double> 
        </void> 
        <void method="add"> 
         <double>68.76111919615644</double> 
        </void> 
        <void method="add"> 
         <double>68.79211771526587</double> 
        </void> 
        <void method="add"> 
         <double>68.89423099438152</double> 
        </void> 
        <void method="add"> 
         <double>68.89732238566698</double> 
        </void> 
        <void method="add"> 
         <double>69.21202127093049</double> 
        </void> 
        <void method="add"> 
         <double>69.3340661481898</double> 
        </void> 
        <void method="add"> 
         <double>68.41626153280568</double> 
        </void> 
        <void method="add"> 
         <double>68.62357817355128</double> 
        </void> 
        <void method="add"> 
         <double>67.6241680513336</double> 
        </void> 
        <void method="add"> 
         <double>68.67650752912174</double> 
        </void> 
        <void method="add"> 
         <double>68.46692772927601</double> 
        </void> 
       </object> 
      </void> 
      <void property="stdev"> 
       <double>0.5597092574822219</double> 
      </void> 
     </object> 
    </void> 
    <void index="8"> 
     <object class="jmbench.tools.EvaluationMetrics"> 
      <void property="max"> 
       <double>8.143140666029097</double> 
      </void> 
      <void property="mean"> 
       <double>8.079433727526595</double> 
      </void> 
      <void property="median"> 
       <double>8.084216169459486</double> 
      </void> 
      <void property="min"> 
       <double>7.9661007794347505</double> 
      </void> 
      <void property="rawResults"> 
       <object class="java.util.ArrayList"> 
        <void method="add"> 
         <double>7.9661007794347505</double> 
        </void> 
        <void method="add"> 
         <double>8.011518985069909</double> 
        </void> 
        <void method="add"> 
         <double>8.02186611706067</double> 
        </void> 
        <void method="add"> 
         <double>8.03460589863086</double> 
        </void> 
        <void method="add"> 
         <double>8.04308324253089</double> 
        </void> 
        <void method="add"> 
         <double>8.053866695951815</double> 
        </void> 
        <void method="add"> 
         <double>8.05829190956021</double> 
        </void> 
        <void method="add"> 
         <double>8.064682014338272</double> 
        </void> 
        <void method="add"> 
         <double>8.083508209339636</double> 
        </void> 
        <void method="add"> 
         <double>8.084216169459486</double> 
        </void> 
        <void method="add"> 
         <double>8.085685274691356</double> 
        </void> 
        <void method="add"> 
         <double>8.100510239345635</double> 
        </void> 
        <void method="add"> 
         <double>8.106870560574928</double> 
        </void> 
        <void method="add"> 
         <double>8.109042541023433</double> 
        </void> 
        <void method="add"> 
         <double>8.115369847973556</double> 
        </void> 
        <void method="add"> 
         <double>8.121286297144582</double> 
        </void> 
        <void method="add"> 
         <double>8.128853436840492</double> 
        </void> 
        <void method="add"> 
         <double>8.135760371107802</double> 
        </void> 
        <void method="add"> 
         <double>8.140153140088884</double> 
        </void> 
        <void method="add"> 
         <double>8.143140666029097</double> 
        </void> 
        <void method="add"> 
         <double>8.083944634995257</double> 
        </void> 
        <void method="add"> 
         <double>7.991753160308259</double> 
        </void> 
        <void method="add"> 
         <double>8.070032780120089</double> 
        </void> 
        <void method="add"> 
         <double>8.137066624534802</double> 
        </void> 
        <void method="add"> 
         <double>8.094633592010215</double> 
        </void> 
       </object> 
      </void> 
      <void property="stdev"> 
       <double>0.047042468586337184</double> 
      </void> 
     </object> 
    </void> 
    <void index="9"> 
     <object class="jmbench.tools.EvaluationMetrics"> 
      <void property="max"> 
       <double>0.3162367530890778</double> 
      </void> 
      <void property="mean"> 
       <double>0.3002232234849784</double> 
      </void> 
      <void property="median"> 
       <double>0.31473067203008687</double> 
      </void> 
      <void property="min"> 
       <double>0.262279554398441</double> 
      </void> 
      <void property="rawResults"> 
       <object class="java.util.ArrayList"> 
        <void method="add"> 
         <double>0.262279554398441</double> 
        </void> 
        <void method="add"> 
         <double>0.26530885880123356</double> 
        </void> 
        <void method="add"> 
         <double>0.26593855618852213</double> 
        </void> 
        <void method="add"> 
         <double>0.2665132853570651</double> 
        </void> 
        <void method="add"> 
         <double>0.28951564951916176</double> 
        </void> 
        <void method="add"> 
         <double>0.28958125316018574</double> 
        </void> 
        <void method="add"> 
         <double>0.29057782702984125</double> 
        </void> 
        <void method="add"> 
         <double>0.29115303836306705</double> 
        </void> 
        <void method="add"> 
         <double>0.3130065551366509</double> 
        </void> 
        <void method="add"> 
         <double>0.3135399718162243</double> 
        </void> 
        <void method="add"> 
         <double>0.31473067203008687</double> 
        </void> 
        <void method="add"> 
         <double>0.31510090321666717</double> 
        </void> 
        <void method="add"> 
         <double>0.3152897231774738</double> 
        </void> 
        <void method="add"> 
         <double>0.3156274608792553</double> 
        </void> 
        <void method="add"> 
         <double>0.31562780865548146</double> 
        </void> 
        <void method="add"> 
         <double>0.31574770681020986</double> 
        </void> 
        <void method="add"> 
         <double>0.315840062352185</double> 
        </void> 
        <void method="add"> 
         <double>0.3158782391934621</double> 
        </void> 
        <void method="add"> 
         <double>0.31619088533545914</double> 
        </void> 
        <void method="add"> 
         <double>0.3162367530890778</double> 
        </void> 
        <void method="add"> 
         <double>0.26436083693243406</double> 
        </void> 
        <void method="add"> 
         <double>0.29102143889955284</double> 
        </void> 
        <void method="add"> 
         <double>0.31504841123990956</double> 
        </void> 
        <void method="add"> 
         <double>0.31554994394017005</double> 
        </void> 
        <void method="add"> 
         <double>0.3159151916026411</double> 
        </void> 
       </object> 
      </void> 
      <void property="stdev"> 
       <double>0.020160338213886287</double> 
      </void> 
     </object> 
    </void> 
    <void index="10"> 
     <object class="jmbench.tools.EvaluationMetrics"> 
      <void property="max"> 
       <double>0.02662356829161388</double> 
      </void> 
      <void property="mean"> 
       <double>0.02662356829161388</double> 
      </void> 
      <void property="median"> 
       <double>0.02662356829161388</double> 
      </void> 
      <void property="min"> 
       <double>0.02662356829161388</double> 
      </void> 
      <void property="rawResults"> 
       <object class="java.util.ArrayList"> 
        <void method="add"> 
         <double>0.02662356829161388</double> 
        </void> 
       </object> 
      </void> 
     </object> 
    </void> 
   </array> 
  </void> 
  <void property="opName"> 
   <string>SVD</string> 
  </void> 
 </object> 
</java> 
