<?xml version="1.0" encoding="UTF-8"?> 
<java version="1.6.0_16" class="java.beans.XMLDecoder"> 
 <object class="jmbench.tools.runtime.OperationResults"> 
  <void property="library"> 
   <object class="jmbench.impl.MatrixLibrary" method="valueOf"> 
    <string>EJML</string> 
   </object> 
  </void> 
  <void property="matDimen"> 
   <array class="int" length="12"> 
    <void index="0"> 
     <int>2</int> 
    </void> 
    <void index="1"> 
     <int>3</int> 
    </void> 
    <void index="2"> 
     <int>4</int> 
    </void> 
    <void index="3"> 
     <int>5</int> 
    </void> 
    <void index="4"> 
     <int>10</int> 
    </void> 
    <void index="5"> 
     <int>20</int> 
    </void> 
    <void index="6"> 
     <int>50</int> 
    </void> 
    <void index="7"> 
     <int>100</int> 
    </void> 
    <void index="8"> 
     <int>200</int> 
    </void> 
    <void index="9"> 
     <int>500</int> 
    </void> 
    <void index="10"> 
     <int>1000</int> 
    </void> 
    <void index="11"> 
     <int>2000</int> 
    </void> 
   </array> 
  </void> 
  <void property="metrics"> 
   <array class="jmbench.tools.EvaluationMetrics" length="12"> 
    <void index="0"> 
     <object class="jmbench.tools.EvaluationMetrics"> 
      <void property="max"> 
       <double>6.339055442976385E7</double> 
      </void> 
      <void property="mean"> 
       <double>6.3252766695651546E7</double> 
      </void> 
      <void property="median"> 
       <double>6.333734677432168E7</double> 
      </void> 
      <void property="min"> 
       <double>6.1547815114023015E7</double> 
      </void> 
      <void property="rawResults"> 
       <object class="java.util.ArrayList"> 
        <void method="add"> 
         <double>6.283614613021557E7</double> 
        </void> 
        <void method="add"> 
         <double>6.32943528902127E7</double> 
        </void> 
        <void method="add"> 
         <double>6.330869057933584E7</double> 
        </void> 
        <void method="add"> 
         <double>6.331663929515976E7</double> 
        </void> 
        <void method="add"> 
         <double>6.331699597240702E7</double> 
        </void> 
        <void method="add"> 
         <double>6.331897657784689E7</double> 
        </void> 
        <void method="add"> 
         <double>6.332542515078167E7</double> 
        </void> 
        <void method="add"> 
         <double>6.332827366271754E7</double> 
        </void> 
        <void method="add"> 
         <double>6.332899346245935E7</double> 
        </void> 
        <void method="add"> 
         <double>6.3330433440591745E7</double> 
        </void> 
        <void method="add"> 
         <double>6.333632141236985E7</double> 
        </void> 
        <void method="add"> 
         <double>6.333734677432168E7</double> 
        </void> 
        <void method="add"> 
         <double>6.334705030405282E7</double> 
        </void> 
        <void method="add"> 
         <double>6.334787913475201E7</double> 
        </void> 
        <void method="add"> 
         <double>6.334823503846116E7</double> 
        </void> 
        <void method="add"> 
         <double>6.336287367107104E7</double> 
        </void> 
        <void method="add"> 
         <double>6.337400097905283E7</double> 
        </void> 
        <void method="add"> 
         <double>6.337863708176634E7</double> 
        </void> 
        <void method="add"> 
         <double>6.338069570593398E7</double> 
        </void> 
        <void method="add"> 
         <double>6.338525349483667E7</double> 
        </void> 
        <void method="add"> 
         <double>6.33577588969129E7</double> 
        </void> 
        <void method="add"> 
         <double>6.3347288263375655E7</double> 
        </void> 
        <void method="add"> 
         <double>6.3372529928866655E7</double> 
        </void> 
        <void method="add"> 
         <double>6.1547815114023015E7</double> 
        </void> 
        <void method="add"> 
         <double>6.339055442976385E7</double> 
        </void> 
       </object> 
      </void> 
      <void property="stdev"> 
       <double>362863.95870963624</double> 
      </void> 
     </object> 
    </void> 
    <void index="1"> 
     <object class="jmbench.tools.EvaluationMetrics"> 
      <void property="max"> 
       <double>2.7733555219985344E7</double> 
      </void> 
      <void property="mean"> 
       <double>2.76988359800115E7</double> 
      </void> 
      <void property="median"> 
       <double>2.7696048893615454E7</double> 
      </void> 
      <void property="min"> 
       <double>2.7678076085975353E7</double> 
      </void> 
      <void property="rawResults"> 
       <object class="java.util.ArrayList"> 
        <void method="add"> 
         <double>2.7678076085975353E7</double> 
        </void> 
        <void method="add"> 
         <double>2.767904054763745E7</double> 
        </void> 
        <void method="add"> 
         <double>2.7682981494988274E7</double> 
        </void> 
        <void method="add"> 
         <double>2.768434402257158E7</double> 
        </void> 
        <void method="add"> 
         <double>2.7687328167076737E7</double> 
        </void> 
        <void method="add"> 
         <double>2.7687862123717234E7</double> 
        </void> 
        <void method="add"> 
         <double>2.7689265989605922E7</double> 
        </void> 
        <void method="add"> 
         <double>2.7690523823753458E7</double> 
        </void> 
        <void method="add"> 
         <double>2.7691293211476758E7</double> 
        </void> 
        <void method="add"> 
         <double>2.7692086614112772E7</double> 
        </void> 
        <void method="add"> 
         <double>2.7693126840234693E7</double> 
        </void> 
        <void method="add"> 
         <double>2.7694753550677236E7</double> 
        </void> 
        <void method="add"> 
         <double>2.7696048893615454E7</double> 
        </void> 
        <void method="add"> 
         <double>2.769742096258431E7</double> 
        </void> 
        <void method="add"> 
         <double>2.7701943794378035E7</double> 
        </void> 
        <void method="add"> 
         <double>2.770308508446661E7</double> 
        </void> 
        <void method="add"> 
         <double>2.770406449825271E7</double> 
        </void> 
        <void method="add"> 
         <double>2.7704763708627217E7</double> 
        </void> 
        <void method="add"> 
         <double>2.7705907220450066E7</double> 
        </void> 
        <void method="add"> 
         <double>2.7710887890947457E7</double> 
        </void> 
        <void method="add"> 
         <double>2.7733555219985344E7</double> 
        </void> 
        <void method="add"> 
         <double>2.771077232146917E7</double> 
        </void> 
        <void method="add"> 
         <double>2.771089942475506E7</double> 
        </void> 
        <void method="add"> 
         <double>2.77176544405754E7</double> 
        </void> 
        <void method="add"> 
         <double>2.7723213568353184E7</double> 
        </void> 
       </object> 
      </void> 
      <void property="stdev"> 
       <double>13544.730850091337</double> 
      </void> 
     </object> 
    </void> 
    <void index="2"> 
     <object class="jmbench.tools.EvaluationMetrics"> 
      <void property="max"> 
       <double>1.811710783024641E7</double> 
      </void> 
      <void property="mean"> 
       <double>1.426506093311489E7</double> 
      </void> 
      <void property="median"> 
       <double>1.3459578397260904E7</double> 
      </void> 
      <void property="min"> 
       <double>1.2870331979768736E7</double> 
      </void> 
      <void property="rawResults"> 
       <object class="java.util.ArrayList"> 
        <void method="add"> 
         <double>1.2870331979768736E7</double> 
        </void> 
        <void method="add"> 
         <double>1.2921363466755189E7</double> 
        </void> 
        <void method="add"> 
         <double>1.3134555112377677E7</double> 
        </void> 
        <void method="add"> 
         <double>1.3183976059250813E7</double> 
        </void> 
        <void method="add"> 
         <double>1.335307616544621E7</double> 
        </void> 
        <void method="add"> 
         <double>1.3386224130627356E7</double> 
        </void> 
        <void method="add"> 
         <double>1.3399737591915583E7</double> 
        </void> 
        <void method="add"> 
         <double>1.3459578397260904E7</double> 
        </void> 
        <void method="add"> 
         <double>1.3496032325413423E7</double> 
        </void> 
        <void method="add"> 
         <double>1.35816495819147E7</double> 
        </void> 
        <void method="add"> 
         <double>1.361902561326337E7</double> 
        </void> 
        <void method="add"> 
         <double>1.3647715655691743E7</double> 
        </void> 
        <void method="add"> 
         <double>1.3649769016314702E7</double> 
        </void> 
        <void method="add"> 
         <double>1.3653417392934764E7</double> 
        </void> 
        <void method="add"> 
         <double>1.3658585268481443E7</double> 
        </void> 
        <void method="add"> 
         <double>1.6891762750898805E7</double> 
        </void> 
        <void method="add"> 
         <double>1.8107708179929554E7</double> 
        </void> 
        <void method="add"> 
         <double>1.8108175011183664E7</double> 
        </void> 
        <void method="add"> 
         <double>1.810848434858258E7</double> 
        </void> 
        <void method="add"> 
         <double>1.811710783024641E7</double> 
        </void> 
        <void method="add"> 
         <double>1.34012865230047E7</double> 
        </void> 
        <void method="add"> 
         <double>1.3024974432575246E7</double> 
        </void> 
        <void method="add"> 
         <double>1.312849050808475E7</double> 
        </void> 
        <void method="add"> 
         <double>1.3449423876715206E7</double> 
        </void> 
        <void method="add"> 
         <double>1.3274072109234747E7</double> 
        </void> 
       </object> 
      </void> 
      <void property="stdev"> 
       <double>1826963.654852938</double> 
      </void> 
     </object> 
    </void> 
    <void index="3"> 
     <object class="jmbench.tools.EvaluationMetrics"> 
      <void property="max"> 
       <double>1.0726427122358339E7</double> 
      </void> 
      <void property="mean"> 
       <double>1.068193936307324E7</double> 
      </void> 
      <void property="median"> 
       <double>1.0674121343301672E7</double> 
      </void> 
      <void property="min"> 
       <double>1.0647877753338339E7</double> 
      </void> 
      <void property="rawResults"> 
       <object class="java.util.ArrayList"> 
        <void method="add"> 
         <double>1.0647877753338339E7</double> 
        </void> 
        <void method="add"> 
         <double>1.0651308980566895E7</double> 
        </void> 
        <void method="add"> 
         <double>1.0654532440260038E7</double> 
        </void> 
        <void method="add"> 
         <double>1.066046094120974E7</double> 
        </void> 
        <void method="add"> 
         <double>1.0662184731191123E7</double> 
        </void> 
        <void method="add"> 
         <double>1.0662991578810742E7</double> 
        </void> 
        <void method="add"> 
         <double>1.0665259953518718E7</double> 
        </void> 
        <void method="add"> 
         <double>1.0669604512170574E7</double> 
        </void> 
        <void method="add"> 
         <double>1.0671898073541362E7</double> 
        </void> 
        <void method="add"> 
         <double>1.0674121343301672E7</double> 
        </void> 
        <void method="add"> 
         <double>1.0675639849953E7</double> 
        </void> 
        <void method="add"> 
         <double>1.068099497407064E7</double> 
        </void> 
        <void method="add"> 
         <double>1.0683866043546911E7</double> 
        </void> 
        <void method="add"> 
         <double>1.0683873751313802E7</double> 
        </void> 
        <void method="add"> 
         <double>1.0698628552650087E7</double> 
        </void> 
        <void method="add"> 
         <double>1.070620765351395E7</double> 
        </void> 
        <void method="add"> 
         <double>1.0711101508054934E7</double> 
        </void> 
        <void method="add"> 
         <double>1.071469700018583E7</double> 
        </void> 
        <void method="add"> 
         <double>1.0721333199612003E7</double> 
        </void> 
        <void method="add"> 
         <double>1.0725216273264538E7</double> 
        </void> 
        <void method="add"> 
         <double>1.0726427122358339E7</double> 
        </void> 
        <void method="add"> 
         <double>1.0672605072887678E7</double> 
        </void> 
        <void method="add"> 
         <double>1.066974977041936E7</double> 
        </void> 
        <void method="add"> 
         <double>1.066120332552712E7</double> 
        </void> 
        <void method="add"> 
         <double>1.0696699671563605E7</double> 
        </void> 
       </object> 
      </void> 
      <void property="stdev"> 
       <double>23476.740057827945</double> 
      </void> 
     </object> 
    </void> 
    <void index="4"> 
     <object class="jmbench.tools.EvaluationMetrics"> 
      <void property="max"> 
       <double>3500847.9109206297</double> 
      </void> 
      <void property="mean"> 
       <double>3480796.199694156</double> 
      </void> 
      <void property="median"> 
       <double>3481103.43045425</double> 
      </void> 
      <void property="min"> 
       <double>3461822.4287498603</double> 
      </void> 
      <void property="rawResults"> 
       <object class="java.util.ArrayList"> 
        <void method="add"> 
         <double>3461822.4287498603</double> 
        </void> 
        <void method="add"> 
         <double>3466647.2716497798</double> 
        </void> 
        <void method="add"> 
         <double>3467522.3977910606</double> 
        </void> 
        <void method="add"> 
         <double>3473200.3271273347</double> 
        </void> 
        <void method="add"> 
         <double>3473423.3918889323</double> 
        </void> 
        <void method="add"> 
         <double>3473849.8721445184</double> 
        </void> 
        <void method="add"> 
         <double>3476543.198847126</double> 
        </void> 
        <void method="add"> 
         <double>3477494.188892362</double> 
        </void> 
        <void method="add"> 
         <double>3480492.3163763047</double> 
        </void> 
        <void method="add"> 
         <double>3481103.43045425</double> 
        </void> 
        <void method="add"> 
         <double>3481233.2632259657</double> 
        </void> 
        <void method="add"> 
         <double>3482333.773021226</double> 
        </void> 
        <void method="add"> 
         <double>3483814.7057430693</double> 
        </void> 
        <void method="add"> 
         <double>3484527.1428506584</double> 
        </void> 
        <void method="add"> 
         <double>3485434.437987111</double> 
        </void> 
        <void method="add"> 
         <double>3489199.8940996137</double> 
        </void> 
        <void method="add"> 
         <double>3489473.6449565766</double> 
        </void> 
        <void method="add"> 
         <double>3498002.4180985144</double> 
        </void> 
        <void method="add"> 
         <double>3498066.1112412154</double> 
        </void> 
        <void method="add"> 
         <double>3500847.9109206297</double> 
        </void> 
        <void method="add"> 
         <double>3481798.067755331</double> 
        </void> 
        <void method="add"> 
         <double>3474370.0340762404</double> 
        </void> 
        <void method="add"> 
         <double>3475249.450969114</double> 
        </void> 
        <void method="add"> 
         <double>3470107.82514314</double> 
        </void> 
        <void method="add"> 
         <double>3493347.4883439625</double> 
        </void> 
       </object> 
      </void> 
      <void property="stdev"> 
       <double>9919.902780324042</double> 
      </void> 
     </object> 
    </void> 
    <void index="5"> 
     <object class="jmbench.tools.EvaluationMetrics"> 
      <void property="max"> 
       <double>1396148.7098867751</double> 
      </void> 
      <void property="mean"> 
       <double>1336076.4502675508</double> 
      </void> 
      <void property="median"> 
       <double>1393606.7021189567</double> 
      </void> 
      <void property="min"> 
       <double>1169726.5170239084</double> 
      </void> 
      <void property="rawResults"> 
       <object class="java.util.ArrayList"> 
        <void method="add"> 
         <double>1169726.5170239084</double> 
        </void> 
        <void method="add"> 
         <double>1177457.6495800451</double> 
        </void> 
        <void method="add"> 
         <double>1179833.1519530676</double> 
        </void> 
        <void method="add"> 
         <double>1185856.426657581</double> 
        </void> 
        <void method="add"> 
         <double>1314532.5267166854</double> 
        </void> 
        <void method="add"> 
         <double>1314836.730057278</double> 
        </void> 
        <void method="add"> 
         <double>1314983.5214901494</double> 
        </void> 
        <void method="add"> 
         <double>1315177.9397854018</double> 
        </void> 
        <void method="add"> 
         <double>1393084.0839538693</double> 
        </void> 
        <void method="add"> 
         <double>1393597.9644544977</double> 
        </void> 
        <void method="add"> 
         <double>1393606.7021189567</double> 
        </void> 
        <void method="add"> 
         <double>1393962.3380714518</double> 
        </void> 
        <void method="add"> 
         <double>1395272.2821185188</double> 
        </void> 
        <void method="add"> 
         <double>1395287.743912296</double> 
        </void> 
        <void method="add"> 
         <double>1395613.0200007996</double> 
        </void> 
        <void method="add"> 
         <double>1395623.96718359</double> 
        </void> 
        <void method="add"> 
         <double>1395853.9750068441</double> 
        </void> 
        <void method="add"> 
         <double>1395878.8161696114</double> 
        </void> 
        <void method="add"> 
         <double>1396046.4519437293</double> 
        </void> 
        <void method="add"> 
         <double>1396148.7098867751</double> 
        </void> 
        <void method="add"> 
         <double>1314953.208280387</double> 
        </void> 
        <void method="add"> 
         <double>1393661.7895685148</double> 
        </void> 
        <void method="add"> 
         <double>1396086.7085037378</double> 
        </void> 
        <void method="add"> 
         <double>1189092.806054263</double> 
        </void> 
        <void method="add"> 
         <double>1395736.2261968036</double> 
        </void> 
       </object> 
      </void> 
      <void property="stdev"> 
       <double>83859.08070064562</double> 
      </void> 
     </object> 
    </void> 
    <void index="6"> 
     <object class="jmbench.tools.EvaluationMetrics"> 
      <void property="max"> 
       <double>286897.69896251283</double> 
      </void> 
      <void property="mean"> 
       <double>281997.996715804</double> 
      </void> 
      <void property="median"> 
       <double>282736.9670799345</double> 
      </void> 
      <void property="min"> 
       <double>274177.802556428</double> 
      </void> 
      <void property="rawResults"> 
       <object class="java.util.ArrayList"> 
        <void method="add"> 
         <double>274177.802556428</double> 
        </void> 
        <void method="add"> 
         <double>274187.4888603665</double> 
        </void> 
        <void method="add"> 
         <double>274707.34850487346</double> 
        </void> 
        <void method="add"> 
         <double>275225.1945154067</double> 
        </void> 
        <void method="add"> 
         <double>281667.471113951</double> 
        </void> 
        <void method="add"> 
         <double>281719.7146272171</double> 
        </void> 
        <void method="add"> 
         <double>281929.56452397816</double> 
        </void> 
        <void method="add"> 
         <double>282528.933924146</double> 
        </void> 
        <void method="add"> 
         <double>282562.25169146556</double> 
        </void> 
        <void method="add"> 
         <double>282717.2685379213</double> 
        </void> 
        <void method="add"> 
         <double>282776.585898406</double> 
        </void> 
        <void method="add"> 
         <double>283036.0439163628</double> 
        </void> 
        <void method="add"> 
         <double>283854.4815429204</double> 
        </void> 
        <void method="add"> 
         <double>283924.05619036226</double> 
        </void> 
        <void method="add"> 
         <double>283966.2110562495</double> 
        </void> 
        <void method="add"> 
         <double>284214.51450105343</double> 
        </void> 
        <void method="add"> 
         <double>285645.91449973657</double> 
        </void> 
        <void method="add"> 
         <double>285916.5360394902</double> 
        </void> 
        <void method="add"> 
         <double>286448.9665706565</double> 
        </void> 
        <void method="add"> 
         <double>286573.83070577646</double> 
        </void> 
        <void method="add"> 
         <double>284720.77444895444</double> 
        </void> 
        <void method="add"> 
         <double>286897.69896251283</double> 
        </void> 
        <void method="add"> 
         <double>275124.1488075939</double> 
        </void> 
        <void method="add"> 
         <double>282736.9670799345</double> 
        </void> 
        <void method="add"> 
         <double>282690.1488193357</double> 
        </void> 
       </object> 
      </void> 
      <void property="stdev"> 
       <double>3945.7666224645263</double> 
      </void> 
     </object> 
    </void> 
    <void index="7"> 
     <object class="jmbench.tools.EvaluationMetrics"> 
      <void property="max"> 
       <double>72114.0092685374</double> 
      </void> 
      <void property="mean"> 
       <double>71517.39125567829</double> 
      </void> 
      <void property="median"> 
       <double>71953.95569312967</double> 
      </void> 
      <void property="min"> 
       <double>70344.6695249434</double> 
      </void> 
      <void property="rawResults"> 
       <object class="java.util.ArrayList"> 
        <void method="add"> 
         <double>70344.6695249434</double> 
        </void> 
        <void method="add"> 
         <double>70526.35424133277</double> 
        </void> 
        <void method="add"> 
         <double>70769.54397440645</double> 
        </void> 
        <void method="add"> 
         <double>70837.47406346067</double> 
        </void> 
        <void method="add"> 
         <double>70903.05310271018</double> 
        </void> 
        <void method="add"> 
         <double>70950.03478117456</double> 
        </void> 
        <void method="add"> 
         <double>71027.43501091056</double> 
        </void> 
        <void method="add"> 
         <double>71027.92580926887</double> 
        </void> 
        <void method="add"> 
         <double>71400.57553412892</double> 
        </void> 
        <void method="add"> 
         <double>71671.87977299375</double> 
        </void> 
        <void method="add"> 
         <double>71953.95569312967</double> 
        </void> 
        <void method="add"> 
         <double>71967.96838873978</double> 
        </void> 
        <void method="add"> 
         <double>71968.6981758917</double> 
        </void> 
        <void method="add"> 
         <double>71979.75680197951</double> 
        </void> 
        <void method="add"> 
         <double>72006.47370695989</double> 
        </void> 
        <void method="add"> 
         <double>72060.1517124646</double> 
        </void> 
        <void method="add"> 
         <double>72071.10588078434</double> 
        </void> 
        <void method="add"> 
         <double>72082.55116229563</double> 
        </void> 
        <void method="add"> 
         <double>72103.32936478365</double> 
        </void> 
        <void method="add"> 
         <double>72105.79832349338</double> 
        </void> 
        <void method="add"> 
         <double>70969.7342733215</double> 
        </void> 
        <void method="add"> 
         <double>71022.59912384332</double> 
        </void> 
        <void method="add"> 
         <double>71982.78026003583</double> 
        </void> 
        <void method="add"> 
         <double>72086.92344036652</double> 
        </void> 
        <void method="add"> 
         <double>72114.0092685374</double> 
        </void> 
       </object> 
      </void> 
      <void property="stdev"> 
       <double>589.8308020966715</double> 
      </void> 
     </object> 
    </void> 
    <void index="8"> 
     <object class="jmbench.tools.EvaluationMetrics"> 
      <void property="max"> 
       <double>17642.85124332443</double> 
      </void> 
      <void property="mean"> 
       <double>17277.985575891147</double> 
      </void> 
      <void property="median"> 
       <double>17252.155770900343</double> 
      </void> 
      <void property="min"> 
       <double>17013.46429312372</double> 
      </void> 
      <void property="rawResults"> 
       <object class="java.util.ArrayList"> 
        <void method="add"> 
         <double>17013.46429312372</double> 
        </void> 
        <void method="add"> 
         <double>17029.77380104976</double> 
        </void> 
        <void method="add"> 
         <double>17045.132377953818</double> 
        </void> 
        <void method="add"> 
         <double>17099.867988302656</double> 
        </void> 
        <void method="add"> 
         <double>17127.34799034106</double> 
        </void> 
        <void method="add"> 
         <double>17145.26707743895</double> 
        </void> 
        <void method="add"> 
         <double>17154.52824336414</double> 
        </void> 
        <void method="add"> 
         <double>17179.225774535047</double> 
        </void> 
        <void method="add"> 
         <double>17225.893468348</double> 
        </void> 
        <void method="add"> 
         <double>17310.81502521592</double> 
        </void> 
        <void method="add"> 
         <double>17323.547146551202</double> 
        </void> 
        <void method="add"> 
         <double>17333.908047313194</double> 
        </void> 
        <void method="add"> 
         <double>17348.45375608136</double> 
        </void> 
        <void method="add"> 
         <double>17379.334204638126</double> 
        </void> 
        <void method="add"> 
         <double>17406.468985149622</double> 
        </void> 
        <void method="add"> 
         <double>17461.230360295438</double> 
        </void> 
        <void method="add"> 
         <double>17527.93303351724</double> 
        </void> 
        <void method="add"> 
         <double>17552.730024337194</double> 
        </void> 
        <void method="add"> 
         <double>17567.36755905117</double> 
        </void> 
        <void method="add"> 
         <double>17642.85124332443</double> 
        </void> 
        <void method="add"> 
         <double>17149.21280558072</double> 
        </void> 
        <void method="add"> 
         <double>17017.073343666485</double> 
        </void> 
        <void method="add"> 
         <double>17538.075417836393</double> 
        </void> 
        <void method="add"> 
         <double>17117.98165936272</double> 
        </void> 
        <void method="add"> 
         <double>17252.155770900343</double> 
        </void> 
       </object> 
      </void> 
      <void property="stdev"> 
       <double>188.73754994677282</double> 
      </void> 
     </object> 
    </void> 
    <void index="9"> 
     <object class="jmbench.tools.EvaluationMetrics"> 
      <void property="max"> 
       <double>621.9443675711867</double> 
      </void> 
      <void property="mean"> 
       <double>610.7153565481002</double> 
      </void> 
      <void property="median"> 
       <double>614.53390050226</double> 
      </void> 
      <void property="min"> 
       <double>585.7231934507387</double> 
      </void> 
      <void property="rawResults"> 
       <object class="java.util.ArrayList"> 
        <void method="add"> 
         <double>585.7231934507387</double> 
        </void> 
        <void method="add"> 
         <double>594.6948611033622</double> 
        </void> 
        <void method="add"> 
         <double>595.8469001297699</double> 
        </void> 
        <void method="add"> 
         <double>601.3272806491512</double> 
        </void> 
        <void method="add"> 
         <double>602.5993664311568</double> 
        </void> 
        <void method="add"> 
         <double>602.7893238015516</double> 
        </void> 
        <void method="add"> 
         <double>605.2619458232609</double> 
        </void> 
        <void method="add"> 
         <double>606.421870167397</double> 
        </void> 
        <void method="add"> 
         <double>610.2574948347996</double> 
        </void> 
        <void method="add"> 
         <double>610.3688962417981</double> 
        </void> 
        <void method="add"> 
         <double>612.5855839708597</double> 
        </void> 
        <void method="add"> 
         <double>614.1628463122248</double> 
        </void> 
        <void method="add"> 
         <double>614.53390050226</double> 
        </void> 
        <void method="add"> 
         <double>614.6773716825498</double> 
        </void> 
        <void method="add"> 
         <double>614.7526079768173</double> 
        </void> 
        <void method="add"> 
         <double>616.6351132003333</double> 
        </void> 
        <void method="add"> 
         <double>616.791842882105</double> 
        </void> 
        <void method="add"> 
         <double>617.6291905478236</double> 
        </void> 
        <void method="add"> 
         <double>621.3992724528753</double> 
        </void> 
        <void method="add"> 
         <double>621.9443675711867</double> 
        </void> 
        <void method="add"> 
         <double>621.7085452677519</double> 
        </void> 
        <void method="add"> 
         <double>615.5348870955019</double> 
        </void> 
        <void method="add"> 
         <double>617.9914067588901</double> 
        </void> 
        <void method="add"> 
         <double>616.9449416847452</double> 
        </void> 
        <void method="add"> 
         <double>615.3009031635968</double> 
        </void> 
       </object> 
      </void> 
      <void property="stdev"> 
       <double>9.047621369810805</double> 
      </void> 
     </object> 
    </void> 
    <void index="10"> 
     <object class="jmbench.tools.EvaluationMetrics"> 
      <void property="max"> 
       <double>136.3932209693385</double> 
      </void> 
      <void property="mean"> 
       <double>134.75526813769233</double> 
      </void> 
      <void property="median"> 
       <double>135.9561968254123</double> 
      </void> 
      <void property="min"> 
       <double>129.91717108204804</double> 
      </void> 
      <void property="rawResults"> 
       <object class="java.util.ArrayList"> 
        <void method="add"> 
         <double>129.91717108204804</double> 
        </void> 
        <void method="add"> 
         <double>130.43557197742248</double> 
        </void> 
        <void method="add"> 
         <double>131.91803795743334</double> 
        </void> 
        <void method="add"> 
         <double>132.48499555572272</double> 
        </void> 
        <void method="add"> 
         <double>132.53632560552495</double> 
        </void> 
        <void method="add"> 
         <double>132.63511326624146</double> 
        </void> 
        <void method="add"> 
         <double>133.5343039895131</double> 
        </void> 
        <void method="add"> 
         <double>133.98943313323915</double> 
        </void> 
        <void method="add"> 
         <double>134.03245392182495</double> 
        </void> 
        <void method="add"> 
         <double>135.56074714990555</double> 
        </void> 
        <void method="add"> 
         <double>135.6864597171225</double> 
        </void> 
        <void method="add"> 
         <double>135.9561968254123</double> 
        </void> 
        <void method="add"> 
         <double>136.0166738129606</double> 
        </void> 
        <void method="add"> 
         <double>136.05931128634884</double> 
        </void> 
        <void method="add"> 
         <double>136.06196780553546</double> 
        </void> 
        <void method="add"> 
         <double>136.08289127920716</double> 
        </void> 
        <void method="add"> 
         <double>136.26982151254168</double> 
        </void> 
        <void method="add"> 
         <double>136.2913725551877</double> 
        </void> 
        <void method="add"> 
         <double>136.30947617619404</double> 
        </void> 
        <void method="add"> 
         <double>136.3932209693385</double> 
        </void> 
        <void method="add"> 
         <double>136.22770933872025</double> 
        </void> 
        <void method="add"> 
         <double>136.01201157523806</double> 
        </void> 
        <void method="add"> 
         <double>136.32403444373722</double> 
        </void> 
        <void method="add"> 
         <double>136.35658613106187</double> 
        </void> 
        <void method="add"> 
         <double>135.78981637482605</double> 
        </void> 
       </object> 
      </void> 
      <void property="stdev"> 
       <double>1.9657495209524167</double> 
      </void> 
     </object> 
    </void> 
    <void index="11"> 
     <object class="jmbench.tools.EvaluationMetrics"> 
      <void property="max"> 
       <double>27.92111024322107</double> 
      </void> 
      <void property="mean"> 
       <double>27.502871741591967</double> 
      </void> 
      <void property="median"> 
       <double>27.66503342595882</double> 
      </void> 
      <void property="min"> 
       <double>26.249782885129115</double> 
      </void> 
      <void property="rawResults"> 
       <object class="java.util.ArrayList"> 
        <void method="add"> 
         <double>26.249782885129115</double> 
        </void> 
        <void method="add"> 
         <double>26.99742074093529</double> 
        </void> 
        <void method="add"> 
         <double>27.045167496792068</double> 
        </void> 
        <void method="add"> 
         <double>27.07463781718243</double> 
        </void> 
        <void method="add"> 
         <double>27.205656967539415</double> 
        </void> 
        <void method="add"> 
         <double>27.377973348016617</double> 
        </void> 
        <void method="add"> 
         <double>27.41141329471108</double> 
        </void> 
        <void method="add"> 
         <double>27.533589898819265</double> 
        </void> 
        <void method="add"> 
         <double>27.60085121331079</double> 
        </void> 
        <void method="add"> 
         <double>27.64937910436024</double> 
        </void> 
        <void method="add"> 
         <double>27.66503342595882</double> 
        </void> 
        <void method="add"> 
         <double>27.724416792642153</double> 
        </void> 
        <void method="add"> 
         <double>27.80243329557293</double> 
        </void> 
        <void method="add"> 
         <double>27.83212165467622</double> 
        </void> 
        <void method="add"> 
         <double>27.847171169466446</double> 
        </void> 
        <void method="add"> 
         <double>27.86586808178462</double> 
        </void> 
        <void method="add"> 
         <double>27.875545929309144</double> 
        </void> 
        <void method="add"> 
         <double>27.898185951644678</double> 
        </void> 
        <void method="add"> 
         <double>27.91095169952691</double> 
        </void> 
        <void method="add"> 
         <double>27.92111024322107</double> 
        </void> 
        <void method="add"> 
         <double>26.301503716536825</double> 
        </void> 
        <void method="add"> 
         <double>27.13776259767522</double> 
        </void> 
        <void method="add"> 
         <double>27.875392387748484</double> 
        </void> 
        <void method="add"> 
         <double>27.908405135302832</double> 
        </void> 
        <void method="add"> 
         <double>27.860018691936606</double> 
        </void> 
       </object> 
      </void> 
      <void property="stdev"> 
       <double>0.4703493690057145</double> 
      </void> 
     </object> 
    </void> 
   </array> 
  </void> 
  <void property="opName"> 
   <string>Transpose b=a^T</string> 
  </void> 
 </object> 
</java> 
