<jmbench.tools.stability.StabilityTrialResults>
  <breakingPoints/>
  <numFinished>0</numFinished>
  <numLargeError>0</numLargeError>
  <numUncountable>0</numUncountable>
  <numGraceful>0</numGraceful>
  <numUnexpectedException>0</numUnexpectedException>
  <libraryName>JAMA</libraryName>
  <benchmarkName>SVD Overflow</benchmarkName>
  <fatalError>FROZE</fatalError>
  <unexpectedExceptions/>
  <durationMilli>900128</durationMilli>
  <memoryBytes>200</memoryBytes>
</jmbench.tools.stability.StabilityTrialResults>