<?xml version="1.0" encoding="UTF-8"?> 
<java version="1.6.0_20" class="java.beans.XMLDecoder"> 
 <object class="jmbench.tools.runtime.OperationResults"> 
  <void property="complete"> 
   <boolean>true</boolean> 
  </void> 
  <void property="library"> 
   <object class="jmbench.impl.MatrixLibrary"> 
    <void property="dateModified"> 
     <string>2010-04-05</string> 
    </void> 
    <void property="extraLibs"> 
     <boolean>true</boolean> 
    </void> 
    <void property="libraryDirName"> 
     <string>commons-math</string> 
    </void> 
    <void property="plotLineType"> 
     <int>4</int> 
    </void> 
    <void property="plotName"> 
     <string>CommMath</string> 
    </void> 
    <void property="saveDirName"> 
     <string>commons-math</string> 
    </void> 
    <void property="versionName"> 
     <string>Commons Math 2.1</string> 
    </void> 
   </object> 
  </void> 
  <void property="matDimen"> 
   <array class="int" length="10"> 
    <void index="0"> 
     <int>10</int> 
    </void> 
    <void index="1"> 
     <int>20</int> 
    </void> 
    <void index="2"> 
     <int>50</int> 
    </void> 
    <void index="3"> 
     <int>100</int> 
    </void> 
    <void index="4"> 
     <int>200</int> 
    </void> 
    <void index="5"> 
     <int>500</int> 
    </void> 
    <void index="6"> 
     <int>1000</int> 
    </void> 
    <void index="7"> 
     <int>2000</int> 
    </void> 
    <void index="8"> 
     <int>5000</int> 
    </void> 
    <void index="9"> 
     <int>10000</int> 
    </void> 
   </array> 
  </void> 
  <void property="metrics"> 
   <array class="jmbench.tools.runtime.RuntimeEvaluationMetrics" length="10"> 
    <void index="0"> 
     <object class="jmbench.tools.runtime.RuntimeEvaluationMetrics"> 
      <void property="max"> 
       <double>774053.0239599172</double> 
      </void> 
      <void property="mean"> 
       <double>757048.1586268316</double> 
      </void> 
      <void property="median"> 
       <double>754285.3854990356</double> 
      </void> 
      <void property="min"> 
       <double>745960.6037721395</double> 
      </void> 
      <void property="rawResults"> 
       <object class="java.util.ArrayList"> 
        <void method="add"> 
         <object class="jmbench.tools.runtime.RuntimeResults"> 
          <void property="opsPerSec"> 
           <double>745960.6037721395</double> 
          </void> 
         </object> 
        </void> 
        <void method="add"> 
         <object class="jmbench.tools.runtime.RuntimeResults"> 
          <void property="opsPerSec"> 
           <double>748856.4573508728</double> 
          </void> 
         </object> 
        </void> 
        <void method="add"> 
         <object class="jmbench.tools.runtime.RuntimeResults"> 
          <void property="opsPerSec"> 
           <double>749493.9863864239</double> 
          </void> 
         </object> 
        </void> 
        <void method="add"> 
         <object class="jmbench.tools.runtime.RuntimeResults"> 
          <void property="opsPerSec"> 
           <double>749653.0671657309</double> 
          </void> 
         </object> 
        </void> 
        <void method="add"> 
         <object class="jmbench.tools.runtime.RuntimeResults"> 
          <void property="opsPerSec"> 
           <double>750497.4393227921</double> 
          </void> 
         </object> 
        </void> 
        <void method="add"> 
         <object class="jmbench.tools.runtime.RuntimeResults"> 
          <void property="opsPerSec"> 
           <double>750586.531460055</double> 
          </void> 
         </object> 
        </void> 
        <void method="add"> 
         <object class="jmbench.tools.runtime.RuntimeResults"> 
          <void property="opsPerSec"> 
           <double>751606.4215693761</double> 
          </void> 
         </object> 
        </void> 
        <void method="add"> 
         <object class="jmbench.tools.runtime.RuntimeResults"> 
          <void property="opsPerSec"> 
           <double>751674.7893868465</double> 
          </void> 
         </object> 
        </void> 
        <void method="add"> 
         <object class="jmbench.tools.runtime.RuntimeResults"> 
          <void property="opsPerSec"> 
           <double>753012.601384259</double> 
          </void> 
         </object> 
        </void> 
        <void method="add"> 
         <object class="jmbench.tools.runtime.RuntimeResults"> 
          <void property="opsPerSec"> 
           <double>754285.3854990356</double> 
          </void> 
         </object> 
        </void> 
        <void method="add"> 
         <object class="jmbench.tools.runtime.RuntimeResults"> 
          <void property="opsPerSec"> 
           <double>754606.20134996</double> 
          </void> 
         </object> 
        </void> 
        <void method="add"> 
         <object class="jmbench.tools.runtime.RuntimeResults"> 
          <void property="opsPerSec"> 
           <double>756355.810626559</double> 
          </void> 
         </object> 
        </void> 
        <void method="add"> 
         <object class="jmbench.tools.runtime.RuntimeResults"> 
          <void property="opsPerSec"> 
           <double>765232.5915971305</double> 
          </void> 
         </object> 
        </void> 
        <void method="add"> 
         <object class="jmbench.tools.runtime.RuntimeResults"> 
          <void property="opsPerSec"> 
           <double>765988.0280310964</double> 
          </void> 
         </object> 
        </void> 
        <void method="add"> 
         <object class="jmbench.tools.runtime.RuntimeResults"> 
          <void property="opsPerSec"> 
           <double>766764.0429567914</double> 
          </void> 
         </object> 
        </void> 
        <void method="add"> 
         <object class="jmbench.tools.runtime.RuntimeResults"> 
          <void property="opsPerSec"> 
           <double>766822.9596468234</double> 
          </void> 
         </object> 
        </void> 
        <void method="add"> 
         <object class="jmbench.tools.runtime.RuntimeResults"> 
          <void property="opsPerSec"> 
           <double>767923.4448740239</double> 
          </void> 
         </object> 
        </void> 
        <void method="add"> 
         <object class="jmbench.tools.runtime.RuntimeResults"> 
          <void property="opsPerSec"> 
           <double>768079.285069372</double> 
          </void> 
         </object> 
        </void> 
        <void method="add"> 
         <object class="jmbench.tools.runtime.RuntimeResults"> 
          <void property="opsPerSec"> 
           <double>770394.1216853504</double> 
          </void> 
         </object> 
        </void> 
        <void method="add"> 
         <object class="jmbench.tools.runtime.RuntimeResults"> 
          <void property="opsPerSec"> 
           <double>774053.0239599172</double> 
          </void> 
         </object> 
        </void> 
        <void method="add"> 
         <object class="jmbench.tools.runtime.RuntimeResults"> 
          <void property="opsPerSec"> 
           <double>753072.3311643907</double> 
          </void> 
         </object> 
        </void> 
        <void method="add"> 
         <object class="jmbench.tools.runtime.RuntimeResults"> 
          <void property="opsPerSec"> 
           <double>748369.0831023958</double> 
          </void> 
         </object> 
        </void> 
        <void method="add"> 
         <object class="jmbench.tools.runtime.RuntimeResults"> 
          <void property="opsPerSec"> 
           <double>755199.8643733017</double> 
          </void> 
         </object> 
        </void> 
        <void method="add"> 
         <object class="jmbench.tools.runtime.RuntimeResults"> 
          <void property="opsPerSec"> 
           <double>748138.3223751014</double> 
          </void> 
         </object> 
        </void> 
        <void method="add"> 
         <object class="jmbench.tools.runtime.RuntimeResults"> 
          <void property="opsPerSec"> 
           <double>759577.5715610427</double> 
          </void> 
         </object> 
        </void> 
       </object> 
      </void> 
      <void property="stdev"> 
       <double>8245.541856303938</double> 
      </void> 
     </object> 
    </void> 
    <void index="1"> 
     <object class="jmbench.tools.runtime.RuntimeEvaluationMetrics"> 
      <void property="max"> 
       <double>363644.8674861605</double> 
      </void> 
      <void property="mean"> 
       <double>359521.1204060848</double> 
      </void> 
      <void property="median"> 
       <double>360279.696199423</double> 
      </void> 
      <void property="min"> 
       <double>355322.114309447</double> 
      </void> 
      <void property="rawResults"> 
       <object class="java.util.ArrayList"> 
        <void method="add"> 
         <object class="jmbench.tools.runtime.RuntimeResults"> 
          <void property="opsPerSec"> 
           <double>355322.114309447</double> 
          </void> 
         </object> 
        </void> 
        <void method="add"> 
         <object class="jmbench.tools.runtime.RuntimeResults"> 
          <void property="opsPerSec"> 
           <double>355415.8285265163</double> 
          </void> 
         </object> 
        </void> 
        <void method="add"> 
         <object class="jmbench.tools.runtime.RuntimeResults"> 
          <void property="opsPerSec"> 
           <double>355601.38605383976</double> 
          </void> 
         </object> 
        </void> 
        <void method="add"> 
         <object class="jmbench.tools.runtime.RuntimeResults"> 
          <void property="opsPerSec"> 
           <double>355733.04907146044</double> 
          </void> 
         </object> 
        </void> 
        <void method="add"> 
         <object class="jmbench.tools.runtime.RuntimeResults"> 
          <void property="opsPerSec"> 
           <double>355901.6871690901</double> 
          </void> 
         </object> 
        </void> 
        <void method="add"> 
         <object class="jmbench.tools.runtime.RuntimeResults"> 
          <void property="opsPerSec"> 
           <double>356149.30558221694</double> 
          </void> 
         </object> 
        </void> 
        <void method="add"> 
         <object class="jmbench.tools.runtime.RuntimeResults"> 
          <void property="opsPerSec"> 
           <double>356183.81469323894</double> 
          </void> 
         </object> 
        </void> 
        <void method="add"> 
         <object class="jmbench.tools.runtime.RuntimeResults"> 
          <void property="opsPerSec"> 
           <double>356276.8804565368</double> 
          </void> 
         </object> 
        </void> 
        <void method="add"> 
         <object class="jmbench.tools.runtime.RuntimeResults"> 
          <void property="opsPerSec"> 
           <double>356382.62244244065</double> 
          </void> 
         </object> 
        </void> 
        <void method="add"> 
         <object class="jmbench.tools.runtime.RuntimeResults"> 
          <void property="opsPerSec"> 
           <double>356484.3550665304</double> 
          </void> 
         </object> 
        </void> 
        <void method="add"> 
         <object class="jmbench.tools.runtime.RuntimeResults"> 
          <void property="opsPerSec"> 
           <double>359697.914880709</double> 
          </void> 
         </object> 
        </void> 
        <void method="add"> 
         <object class="jmbench.tools.runtime.RuntimeResults"> 
          <void property="opsPerSec"> 
           <double>359915.0287623437</double> 
          </void> 
         </object> 
        </void> 
        <void method="add"> 
         <object class="jmbench.tools.runtime.RuntimeResults"> 
          <void property="opsPerSec"> 
           <double>360279.696199423</double> 
          </void> 
         </object> 
        </void> 
        <void method="add"> 
         <object class="jmbench.tools.runtime.RuntimeResults"> 
          <void property="opsPerSec"> 
           <double>360703.3454931605</double> 
          </void> 
         </object> 
        </void> 
        <void method="add"> 
         <object class="jmbench.tools.runtime.RuntimeResults"> 
          <void property="opsPerSec"> 
           <double>362195.6477946795</double> 
          </void> 
         </object> 
        </void> 
        <void method="add"> 
         <object class="jmbench.tools.runtime.RuntimeResults"> 
          <void property="opsPerSec"> 
           <double>362381.1864962307</double> 
          </void> 
         </object> 
        </void> 
        <void method="add"> 
         <object class="jmbench.tools.runtime.RuntimeResults"> 
          <void property="opsPerSec"> 
           <double>362398.0601848365</double> 
          </void> 
         </object> 
        </void> 
        <void method="add"> 
         <object class="jmbench.tools.runtime.RuntimeResults"> 
          <void property="opsPerSec"> 
           <double>362594.5389222196</double> 
          </void> 
         </object> 
        </void> 
        <void method="add"> 
         <object class="jmbench.tools.runtime.RuntimeResults"> 
          <void property="opsPerSec"> 
           <double>362644.81092315743</double> 
          </void> 
         </object> 
        </void> 
        <void method="add"> 
         <object class="jmbench.tools.runtime.RuntimeResults"> 
          <void property="opsPerSec"> 
           <double>363644.8674861605</double> 
          </void> 
         </object> 
        </void> 
        <void method="add"> 
         <object class="jmbench.tools.runtime.RuntimeResults"> 
          <void property="opsPerSec"> 
           <double>363522.1558902736</double> 
          </void> 
         </object> 
        </void> 
        <void method="add"> 
         <object class="jmbench.tools.runtime.RuntimeResults"> 
          <void property="opsPerSec"> 
           <double>362318.95132300584</double> 
          </void> 
         </object> 
        </void> 
        <void method="add"> 
         <object class="jmbench.tools.runtime.RuntimeResults"> 
          <void property="opsPerSec"> 
           <double>362004.41816061846</double> 
          </void> 
         </object> 
        </void> 
        <void method="add"> 
         <object class="jmbench.tools.runtime.RuntimeResults"> 
          <void property="opsPerSec"> 
           <double>362148.43959718675</double> 
          </void> 
         </object> 
        </void> 
        <void method="add"> 
         <object class="jmbench.tools.runtime.RuntimeResults"> 
          <void property="opsPerSec"> 
           <double>362127.9046667991</double> 
          </void> 
         </object> 
        </void> 
       </object> 
      </void> 
      <void property="stdev"> 
       <double>3066.477904480488</double> 
      </void> 
     </object> 
    </void> 
    <void index="2"> 
     <object class="jmbench.tools.runtime.RuntimeEvaluationMetrics"> 
      <void property="max"> 
       <double>83140.80670326341</double> 
      </void> 
      <void property="mean"> 
       <double>82921.89381582836</double> 
      </void> 
      <void property="median"> 
       <double>82941.36369771817</double> 
      </void> 
      <void property="min"> 
       <double>82606.70170589974</double> 
      </void> 
      <void property="rawResults"> 
       <object class="java.util.ArrayList"> 
        <void method="add"> 
         <object class="jmbench.tools.runtime.RuntimeResults"> 
          <void property="opsPerSec"> 
           <double>82606.70170589974</double> 
          </void> 
         </object> 
        </void> 
        <void method="add"> 
         <object class="jmbench.tools.runtime.RuntimeResults"> 
          <void property="opsPerSec"> 
           <double>82679.20550801978</double> 
          </void> 
         </object> 
        </void> 
        <void method="add"> 
         <object class="jmbench.tools.runtime.RuntimeResults"> 
          <void property="opsPerSec"> 
           <double>82744.99227531832</double> 
          </void> 
         </object> 
        </void> 
        <void method="add"> 
         <object class="jmbench.tools.runtime.RuntimeResults"> 
          <void property="opsPerSec"> 
           <double>82788.00806572566</double> 
          </void> 
         </object> 
        </void> 
        <void method="add"> 
         <object class="jmbench.tools.runtime.RuntimeResults"> 
          <void property="opsPerSec"> 
           <double>82797.51298353182</double> 
          </void> 
         </object> 
        </void> 
        <void method="add"> 
         <object class="jmbench.tools.runtime.RuntimeResults"> 
          <void property="opsPerSec"> 
           <double>82806.97885393225</double> 
          </void> 
         </object> 
        </void> 
        <void method="add"> 
         <object class="jmbench.tools.runtime.RuntimeResults"> 
          <void property="opsPerSec"> 
           <double>82828.85136055366</double> 
          </void> 
         </object> 
        </void> 
        <void method="add"> 
         <object class="jmbench.tools.runtime.RuntimeResults"> 
          <void property="opsPerSec"> 
           <double>82837.4773147335</double> 
          </void> 
         </object> 
        </void> 
        <void method="add"> 
         <object class="jmbench.tools.runtime.RuntimeResults"> 
          <void property="opsPerSec"> 
           <double>82913.16075472358</double> 
          </void> 
         </object> 
        </void> 
        <void method="add"> 
         <object class="jmbench.tools.runtime.RuntimeResults"> 
          <void property="opsPerSec"> 
           <double>82925.871634733</double> 
          </void> 
         </object> 
        </void> 
        <void method="add"> 
         <object class="jmbench.tools.runtime.RuntimeResults"> 
          <void property="opsPerSec"> 
           <double>82933.49620521857</double> 
          </void> 
         </object> 
        </void> 
        <void method="add"> 
         <object class="jmbench.tools.runtime.RuntimeResults"> 
          <void property="opsPerSec"> 
           <double>82941.36369771817</double> 
          </void> 
         </object> 
        </void> 
        <void method="add"> 
         <object class="jmbench.tools.runtime.RuntimeResults"> 
          <void property="opsPerSec"> 
           <double>82943.55960929858</double> 
          </void> 
         </object> 
        </void> 
        <void method="add"> 
         <object class="jmbench.tools.runtime.RuntimeResults"> 
          <void property="opsPerSec"> 
           <double>82950.30443920069</double> 
          </void> 
         </object> 
        </void> 
        <void method="add"> 
         <object class="jmbench.tools.runtime.RuntimeResults"> 
          <void property="opsPerSec"> 
           <double>82953.43861273892</double> 
          </void> 
         </object> 
        </void> 
        <void method="add"> 
         <object class="jmbench.tools.runtime.RuntimeResults"> 
          <void property="opsPerSec"> 
           <double>82969.65416693265</double> 
          </void> 
         </object> 
        </void> 
        <void method="add"> 
         <object class="jmbench.tools.runtime.RuntimeResults"> 
          <void property="opsPerSec"> 
           <double>82981.39470378481</double> 
          </void> 
         </object> 
        </void> 
        <void method="add"> 
         <object class="jmbench.tools.runtime.RuntimeResults"> 
          <void property="opsPerSec"> 
           <double>82992.84303619554</double> 
          </void> 
         </object> 
        </void> 
        <void method="add"> 
         <object class="jmbench.tools.runtime.RuntimeResults"> 
          <void property="opsPerSec"> 
           <double>83037.3256658337</double> 
          </void> 
         </object> 
        </void> 
        <void method="add"> 
         <object class="jmbench.tools.runtime.RuntimeResults"> 
          <void property="opsPerSec"> 
           <double>83121.99725377273</double> 
          </void> 
         </object> 
        </void> 
        <void method="add"> 
         <object class="jmbench.tools.runtime.RuntimeResults"> 
          <void property="opsPerSec"> 
           <double>82927.30337794134</double> 
          </void> 
         </object> 
        </void> 
        <void method="add"> 
         <object class="jmbench.tools.runtime.RuntimeResults"> 
          <void property="opsPerSec"> 
           <double>83037.99530173879</double> 
          </void> 
         </object> 
        </void> 
        <void method="add"> 
         <object class="jmbench.tools.runtime.RuntimeResults"> 
          <void property="opsPerSec"> 
           <double>83057.29697866472</double> 
          </void> 
         </object> 
        </void> 
        <void method="add"> 
         <object class="jmbench.tools.runtime.RuntimeResults"> 
          <void property="opsPerSec"> 
           <double>83140.80670326341</double> 
          </void> 
         </object> 
        </void> 
        <void method="add"> 
         <object class="jmbench.tools.runtime.RuntimeResults"> 
          <void property="opsPerSec"> 
           <double>83129.80518623492</double> 
          </void> 
         </object> 
        </void> 
       </object> 
      </void> 
      <void property="stdev"> 
       <double>132.9682159361261</double> 
      </void> 
     </object> 
    </void> 
    <void index="3"> 
     <object class="jmbench.tools.runtime.RuntimeEvaluationMetrics"> 
      <void property="max"> 
       <double>33271.72839989682</double> 
      </void> 
      <void property="mean"> 
       <double>32764.78895094558</double> 
      </void> 
      <void property="median"> 
       <double>32836.662082324736</double> 
      </void> 
      <void property="min"> 
       <double>32181.968900589374</double> 
      </void> 
      <void property="rawResults"> 
       <object class="java.util.ArrayList"> 
        <void method="add"> 
         <object class="jmbench.tools.runtime.RuntimeResults"> 
          <void property="opsPerSec"> 
           <double>32181.968900589374</double> 
          </void> 
         </object> 
        </void> 
        <void method="add"> 
         <object class="jmbench.tools.runtime.RuntimeResults"> 
          <void property="opsPerSec"> 
           <double>32246.035667340984</double> 
          </void> 
         </object> 
        </void> 
        <void method="add"> 
         <object class="jmbench.tools.runtime.RuntimeResults"> 
          <void property="opsPerSec"> 
           <double>32283.930830704583</double> 
          </void> 
         </object> 
        </void> 
        <void method="add"> 
         <object class="jmbench.tools.runtime.RuntimeResults"> 
          <void property="opsPerSec"> 
           <double>32329.74834141214</double> 
          </void> 
         </object> 
        </void> 
        <void method="add"> 
         <object class="jmbench.tools.runtime.RuntimeResults"> 
          <void property="opsPerSec"> 
           <double>32418.939220449192</double> 
          </void> 
         </object> 
        </void> 
        <void method="add"> 
         <object class="jmbench.tools.runtime.RuntimeResults"> 
          <void property="opsPerSec"> 
           <double>32687.969095252363</double> 
          </void> 
         </object> 
        </void> 
        <void method="add"> 
         <object class="jmbench.tools.runtime.RuntimeResults"> 
          <void property="opsPerSec"> 
           <double>32781.19486832357</double> 
          </void> 
         </object> 
        </void> 
        <void method="add"> 
         <object class="jmbench.tools.runtime.RuntimeResults"> 
          <void property="opsPerSec"> 
           <double>32801.766274530666</double> 
          </void> 
         </object> 
        </void> 
        <void method="add"> 
         <object class="jmbench.tools.runtime.RuntimeResults"> 
          <void property="opsPerSec"> 
           <double>32836.662082324736</double> 
          </void> 
         </object> 
        </void> 
        <void method="add"> 
         <object class="jmbench.tools.runtime.RuntimeResults"> 
          <void property="opsPerSec"> 
           <double>32848.756728618864</double> 
          </void> 
         </object> 
        </void> 
        <void method="add"> 
         <object class="jmbench.tools.runtime.RuntimeResults"> 
          <void property="opsPerSec"> 
           <double>32883.183616888644</double> 
          </void> 
         </object> 
        </void> 
        <void method="add"> 
         <object class="jmbench.tools.runtime.RuntimeResults"> 
          <void property="opsPerSec"> 
           <double>32907.45260525925</double> 
          </void> 
         </object> 
        </void> 
        <void method="add"> 
         <object class="jmbench.tools.runtime.RuntimeResults"> 
          <void property="opsPerSec"> 
           <double>32911.6270324529</double> 
          </void> 
         </object> 
        </void> 
        <void method="add"> 
         <object class="jmbench.tools.runtime.RuntimeResults"> 
          <void property="opsPerSec"> 
           <double>32965.07851920931</double> 
          </void> 
         </object> 
        </void> 
        <void method="add"> 
         <object class="jmbench.tools.runtime.RuntimeResults"> 
          <void property="opsPerSec"> 
           <double>32991.693517909946</double> 
          </void> 
         </object> 
        </void> 
        <void method="add"> 
         <object class="jmbench.tools.runtime.RuntimeResults"> 
          <void property="opsPerSec"> 
           <double>33012.27057228243</double> 
          </void> 
         </object> 
        </void> 
        <void method="add"> 
         <object class="jmbench.tools.runtime.RuntimeResults"> 
          <void property="opsPerSec"> 
           <double>33024.21104123783</double> 
          </void> 
         </object> 
        </void> 
        <void method="add"> 
         <object class="jmbench.tools.runtime.RuntimeResults"> 
          <void property="opsPerSec"> 
           <double>33028.474782922225</double> 
          </void> 
         </object> 
        </void> 
        <void method="add"> 
         <object class="jmbench.tools.runtime.RuntimeResults"> 
          <void property="opsPerSec"> 
           <double>33092.19778892347</double> 
          </void> 
         </object> 
        </void> 
        <void method="add"> 
         <object class="jmbench.tools.runtime.RuntimeResults"> 
          <void property="opsPerSec"> 
           <double>33271.72839989682</double> 
          </void> 
         </object> 
        </void> 
        <void method="add"> 
         <object class="jmbench.tools.runtime.RuntimeResults"> 
          <void property="opsPerSec"> 
           <double>32465.79171219383</double> 
          </void> 
         </object> 
        </void> 
        <void method="add"> 
         <object class="jmbench.tools.runtime.RuntimeResults"> 
          <void property="opsPerSec"> 
           <double>32663.351972618562</double> 
          </void> 
         </object> 
        </void> 
        <void method="add"> 
         <object class="jmbench.tools.runtime.RuntimeResults"> 
          <void property="opsPerSec"> 
           <double>32771.276615312476</double> 
          </void> 
         </object> 
        </void> 
        <void method="add"> 
         <object class="jmbench.tools.runtime.RuntimeResults"> 
          <void property="opsPerSec"> 
           <double>32992.07229167953</double> 
          </void> 
         </object> 
        </void> 
        <void method="add"> 
         <object class="jmbench.tools.runtime.RuntimeResults"> 
          <void property="opsPerSec"> 
           <double>32722.341295305767</double> 
          </void> 
         </object> 
        </void> 
       </object> 
      </void> 
      <void property="stdev"> 
       <double>285.069828373</double> 
      </void> 
     </object> 
    </void> 
    <void index="4"> 
     <object class="jmbench.tools.runtime.RuntimeEvaluationMetrics"> 
      <void property="max"> 
       <double>8135.422880759288</double> 
      </void> 
      <void property="mean"> 
       <double>7408.054516973338</double> 
      </void> 
      <void property="median"> 
       <double>7286.531516094166</double> 
      </void> 
      <void property="min"> 
       <double>7070.7152092891765</double> 
      </void> 
      <void property="rawResults"> 
       <object class="java.util.ArrayList"> 
        <void method="add"> 
         <object class="jmbench.tools.runtime.RuntimeResults"> 
          <void property="opsPerSec"> 
           <double>7101.61911317066</double> 
          </void> 
         </object> 
        </void> 
        <void method="add"> 
         <object class="jmbench.tools.runtime.RuntimeResults"> 
          <void property="opsPerSec"> 
           <double>7112.160541661723</double> 
          </void> 
         </object> 
        </void> 
        <void method="add"> 
         <object class="jmbench.tools.runtime.RuntimeResults"> 
          <void property="opsPerSec"> 
           <double>7135.644225922434</double> 
          </void> 
         </object> 
        </void> 
        <void method="add"> 
         <object class="jmbench.tools.runtime.RuntimeResults"> 
          <void property="opsPerSec"> 
           <double>7136.492740089449</double> 
          </void> 
         </object> 
        </void> 
        <void method="add"> 
         <object class="jmbench.tools.runtime.RuntimeResults"> 
          <void property="opsPerSec"> 
           <double>7152.343547705399</double> 
          </void> 
         </object> 
        </void> 
        <void method="add"> 
         <object class="jmbench.tools.runtime.RuntimeResults"> 
          <void property="opsPerSec"> 
           <double>7236.384581490781</double> 
          </void> 
         </object> 
        </void> 
        <void method="add"> 
         <object class="jmbench.tools.runtime.RuntimeResults"> 
          <void property="opsPerSec"> 
           <double>7269.735452797102</double> 
          </void> 
         </object> 
        </void> 
        <void method="add"> 
         <object class="jmbench.tools.runtime.RuntimeResults"> 
          <void property="opsPerSec"> 
           <double>7286.531516094166</double> 
          </void> 
         </object> 
        </void> 
        <void method="add"> 
         <object class="jmbench.tools.runtime.RuntimeResults"> 
          <void property="opsPerSec"> 
           <double>7316.668012352068</double> 
          </void> 
         </object> 
        </void> 
        <void method="add"> 
         <object class="jmbench.tools.runtime.RuntimeResults"> 
          <void property="opsPerSec"> 
           <double>7350.172001942923</double> 
          </void> 
         </object> 
        </void> 
        <void method="add"> 
         <object class="jmbench.tools.runtime.RuntimeResults"> 
          <void property="opsPerSec"> 
           <double>7364.225792775905</double> 
          </void> 
         </object> 
        </void> 
        <void method="add"> 
         <object class="jmbench.tools.runtime.RuntimeResults"> 
          <void property="opsPerSec"> 
           <double>7370.240352525505</double> 
          </void> 
         </object> 
        </void> 
        <void method="add"> 
         <object class="jmbench.tools.runtime.RuntimeResults"> 
          <void property="opsPerSec"> 
           <double>7370.49514591659</double> 
          </void> 
         </object> 
        </void> 
        <void method="add"> 
         <object class="jmbench.tools.runtime.RuntimeResults"> 
          <void property="opsPerSec"> 
           <double>7451.771166470868</double> 
          </void> 
         </object> 
        </void> 
        <void method="add"> 
         <object class="jmbench.tools.runtime.RuntimeResults"> 
          <void property="opsPerSec"> 
           <double>7518.56188991789</double> 
          </void> 
         </object> 
        </void> 
        <void method="add"> 
         <object class="jmbench.tools.runtime.RuntimeResults"> 
          <void property="opsPerSec"> 
           <double>8038.655131303345</double> 
          </void> 
         </object> 
        </void> 
        <void method="add"> 
         <object class="jmbench.tools.runtime.RuntimeResults"> 
          <void property="opsPerSec"> 
           <double>8061.154988160888</double> 
          </void> 
         </object> 
        </void> 
        <void method="add"> 
         <object class="jmbench.tools.runtime.RuntimeResults"> 
          <void property="opsPerSec"> 
           <double>8070.90038140601</double> 
          </void> 
         </object> 
        </void> 
        <void method="add"> 
         <object class="jmbench.tools.runtime.RuntimeResults"> 
          <void property="opsPerSec"> 
           <double>8073.0338503938365</double> 
          </void> 
         </object> 
        </void> 
        <void method="add"> 
         <object class="jmbench.tools.runtime.RuntimeResults"> 
          <void property="opsPerSec"> 
           <double>8135.422880759288</double> 
          </void> 
         </object> 
        </void> 
        <void method="add"> 
         <object class="jmbench.tools.runtime.RuntimeResults"> 
          <void property="opsPerSec"> 
           <double>7070.7152092891765</double> 
          </void> 
         </object> 
        </void> 
        <void method="add"> 
         <object class="jmbench.tools.runtime.RuntimeResults"> 
          <void property="opsPerSec"> 
           <double>7130.432151986811</double> 
          </void> 
         </object> 
        </void> 
        <void method="add"> 
         <object class="jmbench.tools.runtime.RuntimeResults"> 
          <void property="opsPerSec"> 
           <double>7160.2025019873645</double> 
          </void> 
         </object> 
        </void> 
        <void method="add"> 
         <object class="jmbench.tools.runtime.RuntimeResults"> 
          <void property="opsPerSec"> 
           <double>7148.293224778397</double> 
          </void> 
         </object> 
        </void> 
        <void method="add"> 
         <object class="jmbench.tools.runtime.RuntimeResults"> 
          <void property="opsPerSec"> 
           <double>7139.506523434859</double> 
          </void> 
         </object> 
        </void> 
       </object> 
      </void> 
      <void property="stdev"> 
       <double>353.0141655244531</double> 
      </void> 
     </object> 
    </void> 
    <void index="5"> 
     <object class="jmbench.tools.runtime.RuntimeEvaluationMetrics"> 
      <void property="max"> 
       <double>1368.3469093613521</double> 
      </void> 
      <void property="mean"> 
       <double>1287.3184689769028</double> 
      </void> 
      <void property="median"> 
       <double>1333.5319349769293</double> 
      </void> 
      <void property="min"> 
       <double>1047.7461044700524</double> 
      </void> 
      <void property="rawResults"> 
       <object class="java.util.ArrayList"> 
        <void method="add"> 
         <object class="jmbench.tools.runtime.RuntimeResults"> 
          <void property="opsPerSec"> 
           <double>1047.7461044700524</double> 
          </void> 
         </object> 
        </void> 
        <void method="add"> 
         <object class="jmbench.tools.runtime.RuntimeResults"> 
          <void property="opsPerSec"> 
           <double>1054.4587767328533</double> 
          </void> 
         </object> 
        </void> 
        <void method="add"> 
         <object class="jmbench.tools.runtime.RuntimeResults"> 
          <void property="opsPerSec"> 
           <double>1054.805099805254</double> 
          </void> 
         </object> 
        </void> 
        <void method="add"> 
         <object class="jmbench.tools.runtime.RuntimeResults"> 
          <void property="opsPerSec"> 
           <double>1060.0144395140148</double> 
          </void> 
         </object> 
        </void> 
        <void method="add"> 
         <object class="jmbench.tools.runtime.RuntimeResults"> 
          <void property="opsPerSec"> 
           <double>1065.8031762561832</double> 
          </void> 
         </object> 
        </void> 
        <void method="add"> 
         <object class="jmbench.tools.runtime.RuntimeResults"> 
          <void property="opsPerSec"> 
           <double>1327.8057959354649</double> 
          </void> 
         </object> 
        </void> 
        <void method="add"> 
         <object class="jmbench.tools.runtime.RuntimeResults"> 
          <void property="opsPerSec"> 
           <double>1328.5896233453414</double> 
          </void> 
         </object> 
        </void> 
        <void method="add"> 
         <object class="jmbench.tools.runtime.RuntimeResults"> 
          <void property="opsPerSec"> 
           <double>1328.641865351847</double> 
          </void> 
         </object> 
        </void> 
        <void method="add"> 
         <object class="jmbench.tools.runtime.RuntimeResults"> 
          <void property="opsPerSec"> 
           <double>1329.5848008449923</double> 
          </void> 
         </object> 
        </void> 
        <void method="add"> 
         <object class="jmbench.tools.runtime.RuntimeResults"> 
          <void property="opsPerSec"> 
           <double>1331.1268531718822</double> 
          </void> 
         </object> 
        </void> 
        <void method="add"> 
         <object class="jmbench.tools.runtime.RuntimeResults"> 
          <void property="opsPerSec"> 
           <double>1332.3746653603646</double> 
          </void> 
         </object> 
        </void> 
        <void method="add"> 
         <object class="jmbench.tools.runtime.RuntimeResults"> 
          <void property="opsPerSec"> 
           <double>1332.4818958437763</double> 
          </void> 
         </object> 
        </void> 
        <void method="add"> 
         <object class="jmbench.tools.runtime.RuntimeResults"> 
          <void property="opsPerSec"> 
           <double>1333.5319349769293</double> 
          </void> 
         </object> 
        </void> 
        <void method="add"> 
         <object class="jmbench.tools.runtime.RuntimeResults"> 
          <void property="opsPerSec"> 
           <double>1335.9775813174965</double> 
          </void> 
         </object> 
        </void> 
        <void method="add"> 
         <object class="jmbench.tools.runtime.RuntimeResults"> 
          <void property="opsPerSec"> 
           <double>1353.7874693033668</double> 
          </void> 
         </object> 
        </void> 
        <void method="add"> 
         <object class="jmbench.tools.runtime.RuntimeResults"> 
          <void property="opsPerSec"> 
           <double>1357.4486213173598</double> 
          </void> 
         </object> 
        </void> 
        <void method="add"> 
         <object class="jmbench.tools.runtime.RuntimeResults"> 
          <void property="opsPerSec"> 
           <double>1359.5640602138333</double> 
          </void> 
         </object> 
        </void> 
        <void method="add"> 
         <object class="jmbench.tools.runtime.RuntimeResults"> 
          <void property="opsPerSec"> 
           <double>1359.9099365036063</double> 
          </void> 
         </object> 
        </void> 
        <void method="add"> 
         <object class="jmbench.tools.runtime.RuntimeResults"> 
          <void property="opsPerSec"> 
           <double>1360.6030214371547</double> 
          </void> 
         </object> 
        </void> 
        <void method="add"> 
         <object class="jmbench.tools.runtime.RuntimeResults"> 
          <void property="opsPerSec"> 
           <double>1361.6230574069946</double> 
          </void> 
         </object> 
        </void> 
        <void method="add"> 
         <object class="jmbench.tools.runtime.RuntimeResults"> 
          <void property="opsPerSec"> 
           <double>1342.3836511766483</double> 
          </void> 
         </object> 
        </void> 
        <void method="add"> 
         <object class="jmbench.tools.runtime.RuntimeResults"> 
          <void property="opsPerSec"> 
           <double>1345.7133617175953</double> 
          </void> 
         </object> 
        </void> 
        <void method="add"> 
         <object class="jmbench.tools.runtime.RuntimeResults"> 
          <void property="opsPerSec"> 
           <double>1344.3137824122607</double> 
          </void> 
         </object> 
        </void> 
        <void method="add"> 
         <object class="jmbench.tools.runtime.RuntimeResults"> 
          <void property="opsPerSec"> 
           <double>1368.3469093613521</double> 
          </void> 
         </object> 
        </void> 
        <void method="add"> 
         <object class="jmbench.tools.runtime.RuntimeResults"> 
          <void property="opsPerSec"> 
           <double>1366.3252406459465</double> 
          </void> 
         </object> 
        </void> 
       </object> 
      </void> 
      <void property="stdev"> 
       <double>116.09677369674729</double> 
      </void> 
     </object> 
    </void> 
    <void index="6"> 
     <object class="jmbench.tools.runtime.RuntimeEvaluationMetrics"> 
      <void property="max"> 
       <double>239.57545623063487</double> 
      </void> 
      <void property="mean"> 
       <double>238.73933449628882</double> 
      </void> 
      <void property="median"> 
       <double>238.62575627487146</double> 
      </void> 
      <void property="min"> 
       <double>238.12346718425493</double> 
      </void> 
      <void property="rawResults"> 
       <object class="java.util.ArrayList"> 
        <void method="add"> 
         <object class="jmbench.tools.runtime.RuntimeResults"> 
          <void property="opsPerSec"> 
           <double>238.12346718425493</double> 
          </void> 
         </object> 
        </void> 
        <void method="add"> 
         <object class="jmbench.tools.runtime.RuntimeResults"> 
          <void property="opsPerSec"> 
           <double>238.18775049633538</double> 
          </void> 
         </object> 
        </void> 
        <void method="add"> 
         <object class="jmbench.tools.runtime.RuntimeResults"> 
          <void property="opsPerSec"> 
           <double>238.221351553496</double> 
          </void> 
         </object> 
        </void> 
        <void method="add"> 
         <object class="jmbench.tools.runtime.RuntimeResults"> 
          <void property="opsPerSec"> 
           <double>238.26693207232415</double> 
          </void> 
         </object> 
        </void> 
        <void method="add"> 
         <object class="jmbench.tools.runtime.RuntimeResults"> 
          <void property="opsPerSec"> 
           <double>238.3455357814571</double> 
          </void> 
         </object> 
        </void> 
        <void method="add"> 
         <object class="jmbench.tools.runtime.RuntimeResults"> 
          <void property="opsPerSec"> 
           <double>238.39619046221853</double> 
          </void> 
         </object> 
        </void> 
        <void method="add"> 
         <object class="jmbench.tools.runtime.RuntimeResults"> 
          <void property="opsPerSec"> 
           <double>238.51147520013643</double> 
          </void> 
         </object> 
        </void> 
        <void method="add"> 
         <object class="jmbench.tools.runtime.RuntimeResults"> 
          <void property="opsPerSec"> 
           <double>238.56123883683546</double> 
          </void> 
         </object> 
        </void> 
        <void method="add"> 
         <object class="jmbench.tools.runtime.RuntimeResults"> 
          <void property="opsPerSec"> 
           <double>238.5929000335625</double> 
          </void> 
         </object> 
        </void> 
        <void method="add"> 
         <object class="jmbench.tools.runtime.RuntimeResults"> 
          <void property="opsPerSec"> 
           <double>238.61659457281655</double> 
          </void> 
         </object> 
        </void> 
        <void method="add"> 
         <object class="jmbench.tools.runtime.RuntimeResults"> 
          <void property="opsPerSec"> 
           <double>238.62575627487146</double> 
          </void> 
         </object> 
        </void> 
        <void method="add"> 
         <object class="jmbench.tools.runtime.RuntimeResults"> 
          <void property="opsPerSec"> 
           <double>238.63715520513963</double> 
          </void> 
         </object> 
        </void> 
        <void method="add"> 
         <object class="jmbench.tools.runtime.RuntimeResults"> 
          <void property="opsPerSec"> 
           <double>238.64439318996892</double> 
          </void> 
         </object> 
        </void> 
        <void method="add"> 
         <object class="jmbench.tools.runtime.RuntimeResults"> 
          <void property="opsPerSec"> 
           <double>238.67804365341414</double> 
          </void> 
         </object> 
        </void> 
        <void method="add"> 
         <object class="jmbench.tools.runtime.RuntimeResults"> 
          <void property="opsPerSec"> 
           <double>238.8531328960228</double> 
          </void> 
         </object> 
        </void> 
        <void method="add"> 
         <object class="jmbench.tools.runtime.RuntimeResults"> 
          <void property="opsPerSec"> 
           <double>239.13187437248786</double> 
          </void> 
         </object> 
        </void> 
        <void method="add"> 
         <object class="jmbench.tools.runtime.RuntimeResults"> 
          <void property="opsPerSec"> 
           <double>239.17531283195598</double> 
          </void> 
         </object> 
        </void> 
        <void method="add"> 
         <object class="jmbench.tools.runtime.RuntimeResults"> 
          <void property="opsPerSec"> 
           <double>239.37470931287473</double> 
          </void> 
         </object> 
        </void> 
        <void method="add"> 
         <object class="jmbench.tools.runtime.RuntimeResults"> 
          <void property="opsPerSec"> 
           <double>239.40138270202797</double> 
          </void> 
         </object> 
        </void> 
        <void method="add"> 
         <object class="jmbench.tools.runtime.RuntimeResults"> 
          <void property="opsPerSec"> 
           <double>239.48772308548243</double> 
          </void> 
         </object> 
        </void> 
        <void method="add"> 
         <object class="jmbench.tools.runtime.RuntimeResults"> 
          <void property="opsPerSec"> 
           <double>239.33902204868838</double> 
          </void> 
         </object> 
        </void> 
        <void method="add"> 
         <object class="jmbench.tools.runtime.RuntimeResults"> 
          <void property="opsPerSec"> 
           <double>238.4768262880402</double> 
          </void> 
         </object> 
        </void> 
        <void method="add"> 
         <object class="jmbench.tools.runtime.RuntimeResults"> 
          <void property="opsPerSec"> 
           <double>238.59810947654373</double> 
          </void> 
         </object> 
        </void> 
        <void method="add"> 
         <object class="jmbench.tools.runtime.RuntimeResults"> 
          <void property="opsPerSec"> 
           <double>239.57545623063487</double> 
          </void> 
         </object> 
        </void> 
        <void method="add"> 
         <object class="jmbench.tools.runtime.RuntimeResults"> 
          <void property="opsPerSec"> 
           <double>238.6610286456302</double> 
          </void> 
         </object> 
        </void> 
       </object> 
      </void> 
      <void property="stdev"> 
       <double>0.42506521775594014</double> 
      </void> 
     </object> 
    </void> 
    <void index="7"> 
     <object class="jmbench.tools.runtime.RuntimeEvaluationMetrics"> 
      <void property="max"> 
       <double>58.284180341245545</double> 
      </void> 
      <void property="mean"> 
       <double>58.036278965404314</double> 
      </void> 
      <void property="median"> 
       <double>58.06736544381219</double> 
      </void> 
      <void property="min"> 
       <double>57.4017405206017</double> 
      </void> 
      <void property="rawResults"> 
       <object class="java.util.ArrayList"> 
        <void method="add"> 
         <object class="jmbench.tools.runtime.RuntimeResults"> 
          <void property="opsPerSec"> 
           <double>57.857788430957875</double> 
          </void> 
         </object> 
        </void> 
        <void method="add"> 
         <object class="jmbench.tools.runtime.RuntimeResults"> 
          <void property="opsPerSec"> 
           <double>57.87534642528789</double> 
          </void> 
         </object> 
        </void> 
        <void method="add"> 
         <object class="jmbench.tools.runtime.RuntimeResults"> 
          <void property="opsPerSec"> 
           <double>57.89313574394118</double> 
          </void> 
         </object> 
        </void> 
        <void method="add"> 
         <object class="jmbench.tools.runtime.RuntimeResults"> 
          <void property="opsPerSec"> 
           <double>57.912842601830974</double> 
          </void> 
         </object> 
        </void> 
        <void method="add"> 
         <object class="jmbench.tools.runtime.RuntimeResults"> 
          <void property="opsPerSec"> 
           <double>57.94374562047854</double> 
          </void> 
         </object> 
        </void> 
        <void method="add"> 
         <object class="jmbench.tools.runtime.RuntimeResults"> 
          <void property="opsPerSec"> 
           <double>57.94824790988948</double> 
          </void> 
         </object> 
        </void> 
        <void method="add"> 
         <object class="jmbench.tools.runtime.RuntimeResults"> 
          <void property="opsPerSec"> 
           <double>58.01129330708792</double> 
          </void> 
         </object> 
        </void> 
        <void method="add"> 
         <object class="jmbench.tools.runtime.RuntimeResults"> 
          <void property="opsPerSec"> 
           <double>58.01575508997083</double> 
          </void> 
         </object> 
        </void> 
        <void method="add"> 
         <object class="jmbench.tools.runtime.RuntimeResults"> 
          <void property="opsPerSec"> 
           <double>58.061200486652396</double> 
          </void> 
         </object> 
        </void> 
        <void method="add"> 
         <object class="jmbench.tools.runtime.RuntimeResults"> 
          <void property="opsPerSec"> 
           <double>58.06736544381219</double> 
          </void> 
         </object> 
        </void> 
        <void method="add"> 
         <object class="jmbench.tools.runtime.RuntimeResults"> 
          <void property="opsPerSec"> 
           <double>58.0897486616823</double> 
          </void> 
         </object> 
        </void> 
        <void method="add"> 
         <object class="jmbench.tools.runtime.RuntimeResults"> 
          <void property="opsPerSec"> 
           <double>58.09145531448343</double> 
          </void> 
         </object> 
        </void> 
        <void method="add"> 
         <object class="jmbench.tools.runtime.RuntimeResults"> 
          <void property="opsPerSec"> 
           <double>58.106929367540936</double> 
          </void> 
         </object> 
        </void> 
        <void method="add"> 
         <object class="jmbench.tools.runtime.RuntimeResults"> 
          <void property="opsPerSec"> 
           <double>58.13698535479507</double> 
          </void> 
         </object> 
        </void> 
        <void method="add"> 
         <object class="jmbench.tools.runtime.RuntimeResults"> 
          <void property="opsPerSec"> 
           <double>58.1524563564144</double> 
          </void> 
         </object> 
        </void> 
        <void method="add"> 
         <object class="jmbench.tools.runtime.RuntimeResults"> 
          <void property="opsPerSec"> 
           <double>58.156265886436856</double> 
          </void> 
         </object> 
        </void> 
        <void method="add"> 
         <object class="jmbench.tools.runtime.RuntimeResults"> 
          <void property="opsPerSec"> 
           <double>58.1953715059499</double> 
          </void> 
         </object> 
        </void> 
        <void method="add"> 
         <object class="jmbench.tools.runtime.RuntimeResults"> 
          <void property="opsPerSec"> 
           <double>58.22999450308852</double> 
          </void> 
         </object> 
        </void> 
        <void method="add"> 
         <object class="jmbench.tools.runtime.RuntimeResults"> 
          <void property="opsPerSec"> 
           <double>58.26978912364246</double> 
          </void> 
         </object> 
        </void> 
        <void method="add"> 
         <object class="jmbench.tools.runtime.RuntimeResults"> 
          <void property="opsPerSec"> 
           <double>58.284180341245545</double> 
          </void> 
         </object> 
        </void> 
        <void method="add"> 
         <object class="jmbench.tools.runtime.RuntimeResults"> 
          <void property="opsPerSec"> 
           <double>57.4017405206017</double> 
          </void> 
         </object> 
        </void> 
        <void method="add"> 
         <object class="jmbench.tools.runtime.RuntimeResults"> 
          <void property="opsPerSec"> 
           <double>57.901573349746585</double> 
          </void> 
         </object> 
        </void> 
        <void method="add"> 
         <object class="jmbench.tools.runtime.RuntimeResults"> 
          <void property="opsPerSec"> 
           <double>58.150338007194605</double> 
          </void> 
         </object> 
        </void> 
        <void method="add"> 
         <object class="jmbench.tools.runtime.RuntimeResults"> 
          <void property="opsPerSec"> 
           <double>58.27045950752471</double> 
          </void> 
         </object> 
        </void> 
        <void method="add"> 
         <object class="jmbench.tools.runtime.RuntimeResults"> 
          <void property="opsPerSec"> 
           <double>57.88296527485147</double> 
          </void> 
         </object> 
        </void> 
       </object> 
      </void> 
      <void property="stdev"> 
       <double>0.18464216367490305</double> 
      </void> 
     </object> 
    </void> 
    <void index="8"> 
     <object class="jmbench.tools.runtime.RuntimeEvaluationMetrics"> 
      <void property="max"> 
       <double>9.50865500730691</double> 
      </void> 
      <void property="mean"> 
       <double>8.933020114478499</double> 
      </void> 
      <void property="median"> 
       <double>9.351743799626865</double> 
      </void> 
      <void property="min"> 
       <double>7.060942144334695</double> 
      </void> 
      <void property="rawResults"> 
       <object class="java.util.ArrayList"> 
        <void method="add"> 
         <object class="jmbench.tools.runtime.RuntimeResults"> 
          <void property="opsPerSec"> 
           <double>7.060942144334695</double> 
          </void> 
         </object> 
        </void> 
        <void method="add"> 
         <object class="jmbench.tools.runtime.RuntimeResults"> 
          <void property="opsPerSec"> 
           <double>7.1944494822244645</double> 
          </void> 
         </object> 
        </void> 
        <void method="add"> 
         <object class="jmbench.tools.runtime.RuntimeResults"> 
          <void property="opsPerSec"> 
           <double>7.21436385615251</double> 
          </void> 
         </object> 
        </void> 
        <void method="add"> 
         <object class="jmbench.tools.runtime.RuntimeResults"> 
          <void property="opsPerSec"> 
           <double>7.228959210597654</double> 
          </void> 
         </object> 
        </void> 
        <void method="add"> 
         <object class="jmbench.tools.runtime.RuntimeResults"> 
          <void property="opsPerSec"> 
           <double>9.244512903427356</double> 
          </void> 
         </object> 
        </void> 
        <void method="add"> 
         <object class="jmbench.tools.runtime.RuntimeResults"> 
          <void property="opsPerSec"> 
           <double>9.260640076282128</double> 
          </void> 
         </object> 
        </void> 
        <void method="add"> 
         <object class="jmbench.tools.runtime.RuntimeResults"> 
          <void property="opsPerSec"> 
           <double>9.263207657159102</double> 
          </void> 
         </object> 
        </void> 
        <void method="add"> 
         <object class="jmbench.tools.runtime.RuntimeResults"> 
          <void property="opsPerSec"> 
           <double>9.278122320113777</double> 
          </void> 
         </object> 
        </void> 
        <void method="add"> 
         <object class="jmbench.tools.runtime.RuntimeResults"> 
          <void property="opsPerSec"> 
           <double>9.29758955181771</double> 
          </void> 
         </object> 
        </void> 
        <void method="add"> 
         <object class="jmbench.tools.runtime.RuntimeResults"> 
          <void property="opsPerSec"> 
           <double>9.326580888769865</double> 
          </void> 
         </object> 
        </void> 
        <void method="add"> 
         <object class="jmbench.tools.runtime.RuntimeResults"> 
          <void property="opsPerSec"> 
           <double>9.351743799626865</double> 
          </void> 
         </object> 
        </void> 
        <void method="add"> 
         <object class="jmbench.tools.runtime.RuntimeResults"> 
          <void property="opsPerSec"> 
           <double>9.385735946883207</double> 
          </void> 
         </object> 
        </void> 
        <void method="add"> 
         <object class="jmbench.tools.runtime.RuntimeResults"> 
          <void property="opsPerSec"> 
           <double>9.386288832937977</double> 
          </void> 
         </object> 
        </void> 
        <void method="add"> 
         <object class="jmbench.tools.runtime.RuntimeResults"> 
          <void property="opsPerSec"> 
           <double>9.390176062563182</double> 
          </void> 
         </object> 
        </void> 
        <void method="add"> 
         <object class="jmbench.tools.runtime.RuntimeResults"> 
          <void property="opsPerSec"> 
           <double>9.391629661486805</double> 
          </void> 
         </object> 
        </void> 
        <void method="add"> 
         <object class="jmbench.tools.runtime.RuntimeResults"> 
          <void property="opsPerSec"> 
           <double>9.40010476254687</double> 
          </void> 
         </object> 
        </void> 
        <void method="add"> 
         <object class="jmbench.tools.runtime.RuntimeResults"> 
          <void property="opsPerSec"> 
           <double>9.401963778448236</double> 
          </void> 
         </object> 
        </void> 
        <void method="add"> 
         <object class="jmbench.tools.runtime.RuntimeResults"> 
          <void property="opsPerSec"> 
           <double>9.490935665528955</double> 
          </void> 
         </object> 
        </void> 
        <void method="add"> 
         <object class="jmbench.tools.runtime.RuntimeResults"> 
          <void property="opsPerSec"> 
           <double>9.498822473558882</double> 
          </void> 
         </object> 
        </void> 
        <void method="add"> 
         <object class="jmbench.tools.runtime.RuntimeResults"> 
          <void property="opsPerSec"> 
           <double>9.50690939226918</double> 
          </void> 
         </object> 
        </void> 
        <void method="add"> 
         <object class="jmbench.tools.runtime.RuntimeResults"> 
          <void property="opsPerSec"> 
           <double>7.224402065138676</double> 
          </void> 
         </object> 
        </void> 
        <void method="add"> 
         <object class="jmbench.tools.runtime.RuntimeResults"> 
          <void property="opsPerSec"> 
           <double>9.50865500730691</double> 
          </void> 
         </object> 
        </void> 
        <void method="add"> 
         <object class="jmbench.tools.runtime.RuntimeResults"> 
          <void property="opsPerSec"> 
           <double>9.39598707112179</double> 
          </void> 
         </object> 
        </void> 
        <void method="add"> 
         <object class="jmbench.tools.runtime.RuntimeResults"> 
          <void property="opsPerSec"> 
           <double>9.359560759041013</double> 
          </void> 
         </object> 
        </void> 
        <void method="add"> 
         <object class="jmbench.tools.runtime.RuntimeResults"> 
          <void property="opsPerSec"> 
           <double>9.26321949262472</double> 
          </void> 
         </object> 
        </void> 
       </object> 
      </void> 
      <void property="stdev"> 
       <double>0.8778405971871609</double> 
      </void> 
     </object> 
    </void> 
    <void index="9"> 
     <object class="jmbench.tools.runtime.RuntimeEvaluationMetrics"> 
      <void property="max"> 
       <double>1.0104093817954543</double> 
      </void> 
      <void property="mean"> 
       <double>0.23333805876299987</double> 
      </void> 
      <void property="median"> 
       <double>0.07878005616702884</double> 
      </void> 
      <void property="min"> 
       <double>0.007633480665023238</double> 
      </void> 
      <void property="rawResults"> 
       <object class="java.util.ArrayList"> 
        <void method="add"> 
         <object class="jmbench.tools.runtime.RuntimeResults"> 
          <void property="opsPerSec"> 
           <double>0.007633480665023238</double> 
          </void> 
         </object> 
        </void> 
        <void method="add"> 
         <object class="jmbench.tools.runtime.RuntimeResults"> 
          <void property="opsPerSec"> 
           <double>0.013667238362691632</double> 
          </void> 
         </object> 
        </void> 
        <void method="add"> 
         <object class="jmbench.tools.runtime.RuntimeResults"> 
          <void property="opsPerSec"> 
           <double>0.01596327488978855</double> 
          </void> 
         </object> 
        </void> 
        <void method="add"> 
         <object class="jmbench.tools.runtime.RuntimeResults"> 
          <void property="opsPerSec"> 
           <double>0.018168695758721466</double> 
          </void> 
         </object> 
        </void> 
        <void method="add"> 
         <object class="jmbench.tools.runtime.RuntimeResults"> 
          <void property="opsPerSec"> 
           <double>0.024108537755611916</double> 
          </void> 
         </object> 
        </void> 
        <void method="add"> 
         <object class="jmbench.tools.runtime.RuntimeResults"> 
          <void property="opsPerSec"> 
           <double>0.024851485040250955</double> 
          </void> 
         </object> 
        </void> 
        <void method="add"> 
         <object class="jmbench.tools.runtime.RuntimeResults"> 
          <void property="opsPerSec"> 
           <double>0.026192543610706723</double> 
          </void> 
         </object> 
        </void> 
        <void method="add"> 
         <object class="jmbench.tools.runtime.RuntimeResults"> 
          <void property="opsPerSec"> 
           <double>0.03251078218736628</double> 
          </void> 
         </object> 
        </void> 
        <void method="add"> 
         <object class="jmbench.tools.runtime.RuntimeResults"> 
          <void property="opsPerSec"> 
           <double>0.06679723299142057</double> 
          </void> 
         </object> 
        </void> 
        <void method="add"> 
         <object class="jmbench.tools.runtime.RuntimeResults"> 
          <void property="opsPerSec"> 
           <double>0.07878005616702884</double> 
          </void> 
         </object> 
        </void> 
        <void method="add"> 
         <object class="jmbench.tools.runtime.RuntimeResults"> 
          <void property="opsPerSec"> 
           <double>0.08355731917203887</double> 
          </void> 
         </object> 
        </void> 
        <void method="add"> 
         <object class="jmbench.tools.runtime.RuntimeResults"> 
          <void property="opsPerSec"> 
           <double>0.09888122812067425</double> 
          </void> 
         </object> 
        </void> 
        <void method="add"> 
         <object class="jmbench.tools.runtime.RuntimeResults"> 
          <void property="opsPerSec"> 
           <double>0.20749330963759738</double> 
          </void> 
         </object> 
        </void> 
        <void method="add"> 
         <object class="jmbench.tools.runtime.RuntimeResults"> 
          <void property="opsPerSec"> 
           <double>0.2835793384094035</double> 
          </void> 
         </object> 
        </void> 
        <void method="add"> 
         <object class="jmbench.tools.runtime.RuntimeResults"> 
          <void property="opsPerSec"> 
           <double>0.5449486349581644</double> 
          </void> 
         </object> 
        </void> 
        <void method="add"> 
         <object class="jmbench.tools.runtime.RuntimeResults"> 
          <void property="opsPerSec"> 
           <double>0.54787398186181</double> 
          </void> 
         </object> 
        </void> 
        <void method="add"> 
         <object class="jmbench.tools.runtime.RuntimeResults"> 
          <void property="opsPerSec"> 
           <double>0.5481298319112888</double> 
          </void> 
         </object> 
        </void> 
        <void method="add"> 
         <object class="jmbench.tools.runtime.RuntimeResults"> 
          <void property="opsPerSec"> 
           <double>0.6955568523826647</double> 
          </void> 
         </object> 
        </void> 
        <void method="add"> 
         <object class="jmbench.tools.runtime.RuntimeResults"> 
          <void property="opsPerSec"> 
           <double>0.6999404350689755</double> 
          </void> 
         </object> 
        </void> 
        <void method="add"> 
         <object class="jmbench.tools.runtime.RuntimeResults"> 
          <void property="opsPerSec"> 
           <double>1.0104093817954543</double> 
          </void> 
         </object> 
        </void> 
        <void method="add"> 
         <object class="jmbench.tools.runtime.RuntimeResults"> 
          <void property="opsPerSec"> 
           <double>0.49739355120734113</double> 
          </void> 
         </object> 
        </void> 
        <void method="add"> 
         <object class="jmbench.tools.runtime.RuntimeResults"> 
          <void property="opsPerSec"> 
           <double>0.07061214124221797</double> 
          </void> 
         </object> 
        </void> 
        <void method="add"> 
         <object class="jmbench.tools.runtime.RuntimeResults"> 
          <void property="opsPerSec"> 
           <double>0.06200920873955308</double> 
          </void> 
         </object> 
        </void> 
        <void method="add"> 
         <object class="jmbench.tools.runtime.RuntimeResults"> 
          <void property="opsPerSec"> 
           <double>0.022502122046546655</double> 
          </void> 
         </object> 
        </void> 
        <void method="add"> 
         <object class="jmbench.tools.runtime.RuntimeResults"> 
          <void property="opsPerSec"> 
           <double>0.15189080509265568</double> 
          </void> 
         </object> 
        </void> 
       </object> 
      </void> 
      <void property="stdev"> 
       <double>0.2803952060867879</double> 
      </void> 
     </object> 
    </void> 
   </array> 
  </void> 
  <void property="opName"> 
   <string>Transpose b=a^T</string> 
  </void> 
 </object> 
</java> 
