<?xml version="1.0" encoding="UTF-8"?> 
<java version="1.6.0_16" class="java.beans.XMLDecoder"> 
 <object class="jmbench.tools.runtime.OperationResults"> 
  <void property="library"> 
   <object class="jmbench.impl.MatrixLibrary" method="valueOf"> 
    <string>OJALGO</string> 
   </object> 
  </void> 
  <void property="matDimen"> 
   <array class="int" length="12"> 
    <void index="0"> 
     <int>2</int> 
    </void> 
    <void index="1"> 
     <int>3</int> 
    </void> 
    <void index="2"> 
     <int>4</int> 
    </void> 
    <void index="3"> 
     <int>5</int> 
    </void> 
    <void index="4"> 
     <int>10</int> 
    </void> 
    <void index="5"> 
     <int>20</int> 
    </void> 
    <void index="6"> 
     <int>50</int> 
    </void> 
    <void index="7"> 
     <int>100</int> 
    </void> 
    <void index="8"> 
     <int>200</int> 
    </void> 
    <void index="9"> 
     <int>500</int> 
    </void> 
    <void index="10"> 
     <int>1000</int> 
    </void> 
    <void index="11"> 
     <int>2000</int> 
    </void> 
   </array> 
  </void> 
  <void property="metrics"> 
   <array class="jmbench.tools.EvaluationMetrics" length="12"> 
    <void index="0"> 
     <object class="jmbench.tools.EvaluationMetrics"> 
      <void property="max"> 
       <double>8310262.205453065</double> 
      </void> 
      <void property="mean"> 
       <double>8141736.944386777</double> 
      </void> 
      <void property="median"> 
       <double>8220331.307346827</double> 
      </void> 
      <void property="min"> 
       <double>7407114.158327734</double> 
      </void> 
      <void property="rawResults"> 
       <object class="java.util.ArrayList"> 
        <void method="add"> 
         <double>7407114.158327734</double> 
        </void> 
        <void method="add"> 
         <double>7763816.674525989</double> 
        </void> 
        <void method="add"> 
         <double>7848680.20346043</double> 
        </void> 
        <void method="add"> 
         <double>7967118.265331403</double> 
        </void> 
        <void method="add"> 
         <double>8025294.511693162</double> 
        </void> 
        <void method="add"> 
         <double>8035178.889734581</double> 
        </void> 
        <void method="add"> 
         <double>8145263.943980944</double> 
        </void> 
        <void method="add"> 
         <double>8165432.43419662</double> 
        </void> 
        <void method="add"> 
         <double>8174286.03423796</double> 
        </void> 
        <void method="add"> 
         <double>8201838.9615765195</double> 
        </void> 
        <void method="add"> 
         <double>8229853.375210606</double> 
        </void> 
        <void method="add"> 
         <double>8243350.966201019</double> 
        </void> 
        <void method="add"> 
         <double>8256186.138448466</double> 
        </void> 
        <void method="add"> 
         <double>8268763.031526633</double> 
        </void> 
        <void method="add"> 
         <double>8274047.763546732</double> 
        </void> 
        <void method="add"> 
         <double>8276079.387679304</double> 
        </void> 
        <void method="add"> 
         <double>8281767.836085461</double> 
        </void> 
        <void method="add"> 
         <double>8285131.464699853</double> 
        </void> 
        <void method="add"> 
         <double>8286497.55635682</double> 
        </void> 
        <void method="add"> 
         <double>8310262.205453065</double> 
        </void> 
        <void method="add"> 
         <double>8229353.976766976</double> 
        </void> 
        <void method="add"> 
         <double>8223842.789013662</double> 
        </void> 
        <void method="add"> 
         <double>8220331.307346827</double> 
        </void> 
        <void method="add"> 
         <double>8219115.14812516</double> 
        </void> 
        <void method="add"> 
         <double>8204816.58614343</double> 
        </void> 
       </object> 
      </void> 
      <void property="stdev"> 
       <double>203174.2339105582</double> 
      </void> 
     </object> 
    </void> 
    <void index="1"> 
     <object class="jmbench.tools.EvaluationMetrics"> 
      <void property="max"> 
       <double>4782293.342172537</double> 
      </void> 
      <void property="mean"> 
       <double>4733083.647575155</double> 
      </void> 
      <void property="median"> 
       <double>4758763.645337707</double> 
      </void> 
      <void property="min"> 
       <double>4481825.26775609</double> 
      </void> 
      <void property="rawResults"> 
       <object class="java.util.ArrayList"> 
        <void method="add"> 
         <double>4481825.26775609</double> 
        </void> 
        <void method="add"> 
         <double>4610517.861871158</double> 
        </void> 
        <void method="add"> 
         <double>4666693.903182139</double> 
        </void> 
        <void method="add"> 
         <double>4729236.687391458</double> 
        </void> 
        <void method="add"> 
         <double>4733987.099569822</double> 
        </void> 
        <void method="add"> 
         <double>4754477.139852258</double> 
        </void> 
        <void method="add"> 
         <double>4757437.484979167</double> 
        </void> 
        <void method="add"> 
         <double>4758763.645337707</double> 
        </void> 
        <void method="add"> 
         <double>4759232.316569407</double> 
        </void> 
        <void method="add"> 
         <double>4762329.627426221</double> 
        </void> 
        <void method="add"> 
         <double>4762478.501612917</double> 
        </void> 
        <void method="add"> 
         <double>4766207.585022918</double> 
        </void> 
        <void method="add"> 
         <double>4767146.323412341</double> 
        </void> 
        <void method="add"> 
         <double>4767402.006892928</double> 
        </void> 
        <void method="add"> 
         <double>4768719.5563119175</double> 
        </void> 
        <void method="add"> 
         <double>4769541.555463269</double> 
        </void> 
        <void method="add"> 
         <double>4775994.198349913</double> 
        </void> 
        <void method="add"> 
         <double>4777754.532745951</double> 
        </void> 
        <void method="add"> 
         <double>4781011.806956968</double> 
        </void> 
        <void method="add"> 
         <double>4782293.342172537</double> 
        </void> 
        <void method="add"> 
         <double>4722127.023121689</double> 
        </void> 
        <void method="add"> 
         <double>4715022.835939619</double> 
        </void> 
        <void method="add"> 
         <double>4717878.140330949</double> 
        </void> 
        <void method="add"> 
         <double>4712508.287193991</double> 
        </void> 
        <void method="add"> 
         <double>4726504.459915536</double> 
        </void> 
       </object> 
      </void> 
      <void property="stdev"> 
       <double>64007.387872453415</double> 
      </void> 
     </object> 
    </void> 
    <void index="2"> 
     <object class="jmbench.tools.EvaluationMetrics"> 
      <void property="max"> 
       <double>3285504.2123382697</double> 
      </void> 
      <void property="mean"> 
       <double>3252061.3309788867</double> 
      </void> 
      <void property="median"> 
       <double>3263690.7496059733</double> 
      </void> 
      <void property="min"> 
       <double>3120083.253487099</double> 
      </void> 
      <void property="rawResults"> 
       <object class="java.util.ArrayList"> 
        <void method="add"> 
         <double>3120083.253487099</double> 
        </void> 
        <void method="add"> 
         <double>3198161.6025794283</double> 
        </void> 
        <void method="add"> 
         <double>3206685.505600215</double> 
        </void> 
        <void method="add"> 
         <double>3209052.5686394023</double> 
        </void> 
        <void method="add"> 
         <double>3209872.628607939</double> 
        </void> 
        <void method="add"> 
         <double>3243261.5109144696</double> 
        </void> 
        <void method="add"> 
         <double>3245116.6250875364</double> 
        </void> 
        <void method="add"> 
         <double>3248585.2894664067</double> 
        </void> 
        <void method="add"> 
         <double>3250896.262215562</double> 
        </void> 
        <void method="add"> 
         <double>3252651.1020834437</double> 
        </void> 
        <void method="add"> 
         <double>3253201.2046988546</double> 
        </void> 
        <void method="add"> 
         <double>3263401.295235231</double> 
        </void> 
        <void method="add"> 
         <double>3263690.7496059733</double> 
        </void> 
        <void method="add"> 
         <double>3264583.7546873353</double> 
        </void> 
        <void method="add"> 
         <double>3265007.067188854</double> 
        </void> 
        <void method="add"> 
         <double>3279880.426127848</double> 
        </void> 
        <void method="add"> 
         <double>3280940.7307908814</double> 
        </void> 
        <void method="add"> 
         <double>3282404.743535848</double> 
        </void> 
        <void method="add"> 
         <double>3284178.2690671347</double> 
        </void> 
        <void method="add"> 
         <double>3285504.2123382697</double> 
        </void> 
        <void method="add"> 
         <double>3276669.399192684</double> 
        </void> 
        <void method="add"> 
         <double>3279427.7594226035</double> 
        </void> 
        <void method="add"> 
         <double>3277567.118660008</double> 
        </void> 
        <void method="add"> 
         <double>3282971.090616604</double> 
        </void> 
        <void method="add"> 
         <double>3277739.1046225373</double> 
        </void> 
       </object> 
      </void> 
      <void property="stdev"> 
       <double>37437.60001927913</double> 
      </void> 
     </object> 
    </void> 
    <void index="3"> 
     <object class="jmbench.tools.EvaluationMetrics"> 
      <void property="max"> 
       <double>2332555.855369813</double> 
      </void> 
      <void property="mean"> 
       <double>2276950.96321589</double> 
      </void> 
      <void property="median"> 
       <double>2269369.0806595995</double> 
      </void> 
      <void property="min"> 
       <double>2159476.6080343346</double> 
      </void> 
      <void property="rawResults"> 
       <object class="java.util.ArrayList"> 
        <void method="add"> 
         <double>2159476.6080343346</double> 
        </void> 
        <void method="add"> 
         <double>2166300.006796945</double> 
        </void> 
        <void method="add"> 
         <double>2226118.829508384</double> 
        </void> 
        <void method="add"> 
         <double>2247030.090500329</double> 
        </void> 
        <void method="add"> 
         <double>2265528.972379159</double> 
        </void> 
        <void method="add"> 
         <double>2266447.207434821</double> 
        </void> 
        <void method="add"> 
         <double>2268049.4629557375</double> 
        </void> 
        <void method="add"> 
         <double>2268929.0415457757</double> 
        </void> 
        <void method="add"> 
         <double>2269369.0806595995</double> 
        </void> 
        <void method="add"> 
         <double>2278106.312318773</double> 
        </void> 
        <void method="add"> 
         <double>2282898.853512347</double> 
        </void> 
        <void method="add"> 
         <double>2318860.6646205317</double> 
        </void> 
        <void method="add"> 
         <double>2320232.301675447</double> 
        </void> 
        <void method="add"> 
         <double>2320478.6694610333</double> 
        </void> 
        <void method="add"> 
         <double>2322202.120723476</double> 
        </void> 
        <void method="add"> 
         <double>2322465.5491876467</double> 
        </void> 
        <void method="add"> 
         <double>2327003.9059735774</double> 
        </void> 
        <void method="add"> 
         <double>2331234.597346746</double> 
        </void> 
        <void method="add"> 
         <double>2332414.7459588973</double> 
        </void> 
        <void method="add"> 
         <double>2332555.855369813</double> 
        </void> 
        <void method="add"> 
         <double>2263190.89811801</double> 
        </void> 
        <void method="add"> 
         <double>2234792.058111492</double> 
        </void> 
        <void method="add"> 
         <double>2267040.116763368</double> 
        </void> 
        <void method="add"> 
         <double>2270204.4891086104</double> 
        </void> 
        <void method="add"> 
         <double>2262843.642332409</double> 
        </void> 
       </object> 
      </void> 
      <void property="stdev"> 
       <double>46292.468557769134</double> 
      </void> 
     </object> 
    </void> 
    <void index="4"> 
     <object class="jmbench.tools.EvaluationMetrics"> 
      <void property="max"> 
       <double>546862.6137810424</double> 
      </void> 
      <void property="mean"> 
       <double>536940.0469341391</double> 
      </void> 
      <void property="median"> 
       <double>538542.1166933175</double> 
      </void> 
      <void property="min"> 
       <double>518690.7134146814</double> 
      </void> 
      <void property="rawResults"> 
       <object class="java.util.ArrayList"> 
        <void method="add"> 
         <double>518690.7134146814</double> 
        </void> 
        <void method="add"> 
         <double>524859.6715699973</double> 
        </void> 
        <void method="add"> 
         <double>527969.6965220683</double> 
        </void> 
        <void method="add"> 
         <double>529110.4573738956</double> 
        </void> 
        <void method="add"> 
         <double>529128.3058261428</double> 
        </void> 
        <void method="add"> 
         <double>529443.6974559849</double> 
        </void> 
        <void method="add"> 
         <double>530230.9026246114</double> 
        </void> 
        <void method="add"> 
         <double>536968.8271032546</double> 
        </void> 
        <void method="add"> 
         <double>537583.0067719887</double> 
        </void> 
        <void method="add"> 
         <double>537774.5581630176</double> 
        </void> 
        <void method="add"> 
         <double>538460.6229521128</double> 
        </void> 
        <void method="add"> 
         <double>539617.3863820054</double> 
        </void> 
        <void method="add"> 
         <double>539853.6587430798</double> 
        </void> 
        <void method="add"> 
         <double>541410.267448877</double> 
        </void> 
        <void method="add"> 
         <double>541835.0959120864</double> 
        </void> 
        <void method="add"> 
         <double>541886.5376231023</double> 
        </void> 
        <void method="add"> 
         <double>543967.7557745277</double> 
        </void> 
        <void method="add"> 
         <double>545899.0159184365</double> 
        </void> 
        <void method="add"> 
         <double>546171.932895562</double> 
        </void> 
        <void method="add"> 
         <double>546862.6137810424</double> 
        </void> 
        <void method="add"> 
         <double>539946.3470237736</double> 
        </void> 
        <void method="add"> 
         <double>538542.1166933175</double> 
        </void> 
        <void method="add"> 
         <double>539710.8126398067</double> 
        </void> 
        <void method="add"> 
         <double>539183.083147375</double> 
        </void> 
        <void method="add"> 
         <double>538394.0895927295</double> 
        </void> 
       </object> 
      </void> 
      <void property="stdev"> 
       <double>6957.673796247883</double> 
      </void> 
     </object> 
    </void> 
    <void index="5"> 
     <object class="jmbench.tools.EvaluationMetrics"> 
      <void property="max"> 
       <double>127861.58535466003</double> 
      </void> 
      <void property="mean"> 
       <double>126937.25268846321</double> 
      </void> 
      <void property="median"> 
       <double>126976.42328202144</double> 
      </void> 
      <void property="min"> 
       <double>126009.60919701042</double> 
      </void> 
      <void property="rawResults"> 
       <object class="java.util.ArrayList"> 
        <void method="add"> 
         <double>126009.60919701042</double> 
        </void> 
        <void method="add"> 
         <double>126154.1222497905</double> 
        </void> 
        <void method="add"> 
         <double>126185.6027940845</double> 
        </void> 
        <void method="add"> 
         <double>126282.42423716512</double> 
        </void> 
        <void method="add"> 
         <double>126463.51252592617</double> 
        </void> 
        <void method="add"> 
         <double>126575.86507729573</double> 
        </void> 
        <void method="add"> 
         <double>126742.26707012579</double> 
        </void> 
        <void method="add"> 
         <double>126777.5272629961</double> 
        </void> 
        <void method="add"> 
         <double>126795.1183633672</double> 
        </void> 
        <void method="add"> 
         <double>126953.10923885558</double> 
        </void> 
        <void method="add"> 
         <double>126997.55293384298</double> 
        </void> 
        <void method="add"> 
         <double>127093.50038523677</double> 
        </void> 
        <void method="add"> 
         <double>127104.77494610482</double> 
        </void> 
        <void method="add"> 
         <double>127202.94962764162</double> 
        </void> 
        <void method="add"> 
         <double>127371.89226086179</double> 
        </void> 
        <void method="add"> 
         <double>127405.26884506746</double> 
        </void> 
        <void method="add"> 
         <double>127549.4534590715</double> 
        </void> 
        <void method="add"> 
         <double>127672.26779758776</double> 
        </void> 
        <void method="add"> 
         <double>127687.68560547703</double> 
        </void> 
        <void method="add"> 
         <double>127861.58535466003</double> 
        </void> 
        <void method="add"> 
         <double>127003.67145395082</double> 
        </void> 
        <void method="add"> 
         <double>126660.87227715763</double> 
        </void> 
        <void method="add"> 
         <double>126923.2290604765</double> 
        </void> 
        <void method="add"> 
         <double>126981.03190580494</double> 
        </void> 
        <void method="add"> 
         <double>126976.42328202144</double> 
        </void> 
       </object> 
      </void> 
      <void property="stdev"> 
       <double>484.07812972630467</double> 
      </void> 
     </object> 
    </void> 
    <void index="6"> 
     <object class="jmbench.tools.EvaluationMetrics"> 
      <void property="max"> 
       <double>15159.991133140544</double> 
      </void> 
      <void property="mean"> 
       <double>14963.56717757634</double> 
      </void> 
      <void property="median"> 
       <double>14954.93374893517</double> 
      </void> 
      <void property="min"> 
       <double>14693.921327094706</double> 
      </void> 
      <void property="rawResults"> 
       <object class="java.util.ArrayList"> 
        <void method="add"> 
         <double>14693.921327094706</double> 
        </void> 
        <void method="add"> 
         <double>14854.485494467537</double> 
        </void> 
        <void method="add"> 
         <double>14880.368020898788</double> 
        </void> 
        <void method="add"> 
         <double>14888.042955931365</double> 
        </void> 
        <void method="add"> 
         <double>14906.441847427122</double> 
        </void> 
        <void method="add"> 
         <double>14910.213101896516</double> 
        </void> 
        <void method="add"> 
         <double>14916.803133534564</double> 
        </void> 
        <void method="add"> 
         <double>14918.039535070606</double> 
        </void> 
        <void method="add"> 
         <double>14932.110793773127</double> 
        </void> 
        <void method="add"> 
         <double>14934.30984398727</double> 
        </void> 
        <void method="add"> 
         <double>14943.834172869389</double> 
        </void> 
        <void method="add"> 
         <double>14945.625629665683</double> 
        </void> 
        <void method="add"> 
         <double>14954.93374893517</double> 
        </void> 
        <void method="add"> 
         <double>14962.215400187408</double> 
        </void> 
        <void method="add"> 
         <double>14989.225905848925</double> 
        </void> 
        <void method="add"> 
         <double>14990.291788255408</double> 
        </void> 
        <void method="add"> 
         <double>14993.506778602301</double> 
        </void> 
        <void method="add"> 
         <double>15134.822823682469</double> 
        </void> 
        <void method="add"> 
         <double>15144.203930004625</double> 
        </void> 
        <void method="add"> 
         <double>15159.991133140544</double> 
        </void> 
        <void method="add"> 
         <double>14994.851220425875</double> 
        </void> 
        <void method="add"> 
         <double>15015.173786893118</double> 
        </void> 
        <void method="add"> 
         <double>15008.996329959875</double> 
        </void> 
        <void method="add"> 
         <double>15021.081686323563</double> 
        </void> 
        <void method="add"> 
         <double>14995.689050532563</double> 
        </void> 
       </object> 
      </void> 
      <void property="stdev"> 
       <double>94.46510277583624</double> 
      </void> 
     </object> 
    </void> 
    <void index="7"> 
     <object class="jmbench.tools.EvaluationMetrics"> 
      <void property="max"> 
       <double>2434.8010524327324</double> 
      </void> 
      <void property="mean"> 
       <double>2308.626927755587</double> 
      </void> 
      <void property="median"> 
       <double>2287.9861529086133</double> 
      </void> 
      <void property="min"> 
       <double>2210.873090498202</double> 
      </void> 
      <void property="rawResults"> 
       <object class="java.util.ArrayList"> 
        <void method="add"> 
         <double>2210.873090498202</double> 
        </void> 
        <void method="add"> 
         <double>2216.3228549954597</double> 
        </void> 
        <void method="add"> 
         <double>2238.6554731046745</double> 
        </void> 
        <void method="add"> 
         <double>2246.576480232499</double> 
        </void> 
        <void method="add"> 
         <double>2248.7471068879368</double> 
        </void> 
        <void method="add"> 
         <double>2252.1695344901264</double> 
        </void> 
        <void method="add"> 
         <double>2263.618561247287</double> 
        </void> 
        <void method="add"> 
         <double>2266.603720951471</double> 
        </void> 
        <void method="add"> 
         <double>2268.2189955840645</double> 
        </void> 
        <void method="add"> 
         <double>2277.4877102112214</double> 
        </void> 
        <void method="add"> 
         <double>2281.030777755819</double> 
        </void> 
        <void method="add"> 
         <double>2285.576159713745</double> 
        </void> 
        <void method="add"> 
         <double>2287.9861529086133</double> 
        </void> 
        <void method="add"> 
         <double>2298.7192436830073</double> 
        </void> 
        <void method="add"> 
         <double>2299.8885560187755</double> 
        </void> 
        <void method="add"> 
         <double>2310.7115846873944</double> 
        </void> 
        <void method="add"> 
         <double>2320.3816095894363</double> 
        </void> 
        <void method="add"> 
         <double>2330.985766720913</double> 
        </void> 
        <void method="add"> 
         <double>2335.699179944502</double> 
        </void> 
        <void method="add"> 
         <double>2355.950913416873</double> 
        </void> 
        <void method="add"> 
         <double>2392.24676258811</double> 
        </void> 
        <void method="add"> 
         <double>2431.057830166931</double> 
        </void> 
        <void method="add"> 
         <double>2432.3222409652944</double> 
        </void> 
        <void method="add"> 
         <double>2429.0418350945893</double> 
        </void> 
        <void method="add"> 
         <double>2434.8010524327324</double> 
        </void> 
       </object> 
      </void> 
      <void property="stdev"> 
       <double>67.29025061008483</double> 
      </void> 
     </object> 
    </void> 
    <void index="8"> 
     <object class="jmbench.tools.EvaluationMetrics"> 
      <void property="max"> 
       <double>243.6973439218656</double> 
      </void> 
      <void property="mean"> 
       <double>240.4522866804561</double> 
      </void> 
      <void property="median"> 
       <double>240.4455637431819</double> 
      </void> 
      <void property="min"> 
       <double>237.11556683954072</double> 
      </void> 
      <void property="rawResults"> 
       <object class="java.util.ArrayList"> 
        <void method="add"> 
         <double>237.11556683954072</double> 
        </void> 
        <void method="add"> 
         <double>237.90792222815605</double> 
        </void> 
        <void method="add"> 
         <double>237.95907075161736</double> 
        </void> 
        <void method="add"> 
         <double>238.269590604829</double> 
        </void> 
        <void method="add"> 
         <double>239.11495407094824</double> 
        </void> 
        <void method="add"> 
         <double>239.23872071031118</double> 
        </void> 
        <void method="add"> 
         <double>239.29035479152648</double> 
        </void> 
        <void method="add"> 
         <double>239.3988722529049</double> 
        </void> 
        <void method="add"> 
         <double>239.76479856492455</double> 
        </void> 
        <void method="add"> 
         <double>239.76739199554186</double> 
        </void> 
        <void method="add"> 
         <double>239.80605025545339</double> 
        </void> 
        <void method="add"> 
         <double>239.89678827593175</double> 
        </void> 
        <void method="add"> 
         <double>240.4455637431819</double> 
        </void> 
        <void method="add"> 
         <double>240.67148165871728</double> 
        </void> 
        <void method="add"> 
         <double>240.75811507776288</double> 
        </void> 
        <void method="add"> 
         <double>241.03010762186057</double> 
        </void> 
        <void method="add"> 
         <double>241.48609224701698</double> 
        </void> 
        <void method="add"> 
         <double>242.15073656297153</double> 
        </void> 
        <void method="add"> 
         <double>242.28721565096657</double> 
        </void> 
        <void method="add"> 
         <double>242.4796016361527</double> 
        </void> 
        <void method="add"> 
         <double>242.38592384046476</double> 
        </void> 
        <void method="add"> 
         <double>241.6067914702655</double> 
        </void> 
        <void method="add"> 
         <double>242.15932851977146</double> 
        </void> 
        <void method="add"> 
         <double>243.6973439218656</double> 
        </void> 
        <void method="add"> 
         <double>242.61878371872024</double> 
        </void> 
       </object> 
      </void> 
      <void property="stdev"> 
       <double>1.686328015470172</double> 
      </void> 
     </object> 
    </void> 
    <void index="9"> 
     <object class="jmbench.tools.EvaluationMetrics"> 
      <void property="max"> 
       <double>15.1130399216004</double> 
      </void> 
      <void property="mean"> 
       <double>14.934999089631338</double> 
      </void> 
      <void property="median"> 
       <double>14.940307346624223</double> 
      </void> 
      <void property="min"> 
       <double>14.774520618590621</double> 
      </void> 
      <void property="rawResults"> 
       <object class="java.util.ArrayList"> 
        <void method="add"> 
         <double>14.774520618590621</double> 
        </void> 
        <void method="add"> 
         <double>14.779196003658106</double> 
        </void> 
        <void method="add"> 
         <double>14.780129327957786</double> 
        </void> 
        <void method="add"> 
         <double>14.783932005834536</double> 
        </void> 
        <void method="add"> 
         <double>14.830414272119965</double> 
        </void> 
        <void method="add"> 
         <double>14.833019263378418</double> 
        </void> 
        <void method="add"> 
         <double>14.840473306713895</double> 
        </void> 
        <void method="add"> 
         <double>14.847803113854544</double> 
        </void> 
        <void method="add"> 
         <double>14.858343181085493</double> 
        </void> 
        <void method="add"> 
         <double>14.873562041320444</double> 
        </void> 
        <void method="add"> 
         <double>14.905701173186554</double> 
        </void> 
        <void method="add"> 
         <double>14.940307346624223</double> 
        </void> 
        <void method="add"> 
         <double>14.952176327018643</double> 
        </void> 
        <void method="add"> 
         <double>14.973638661745445</double> 
        </void> 
        <void method="add"> 
         <double>14.990226474058307</double> 
        </void> 
        <void method="add"> 
         <double>15.001485322064212</double> 
        </void> 
        <void method="add"> 
         <double>15.061614414051173</double> 
        </void> 
        <void method="add"> 
         <double>15.070756301614287</double> 
        </void> 
        <void method="add"> 
         <double>15.074955203967706</double> 
        </void> 
        <void method="add"> 
         <double>15.1130399216004</double> 
        </void> 
        <void method="add"> 
         <double>15.062213161049169</double> 
        </void> 
        <void method="add"> 
         <double>15.022447355643285</double> 
        </void> 
        <void method="add"> 
         <double>14.933690225847835</double> 
        </void> 
        <void method="add"> 
         <double>15.079697341480154</double> 
        </void> 
        <void method="add"> 
         <double>14.991634876318281</double> 
        </void> 
       </object> 
      </void> 
      <void property="stdev"> 
       <double>0.10737429158658224</double> 
      </void> 
     </object> 
    </void> 
    <void index="10"> 
     <object class="jmbench.tools.EvaluationMetrics"> 
      <void property="max"> 
       <double>2.6648089421909096</double> 
      </void> 
      <void property="mean"> 
       <double>2.3614630757920136</double> 
      </void> 
      <void property="median"> 
       <double>2.3004812207744685</double> 
      </void> 
      <void property="min"> 
       <double>2.0623934809674824</double> 
      </void> 
      <void property="rawResults"> 
       <object class="java.util.ArrayList"> 
        <void method="add"> 
         <double>2.0623934809674824</double> 
        </void> 
        <void method="add"> 
         <double>2.1407567110123398</double> 
        </void> 
        <void method="add"> 
         <double>2.1665054569504796</double> 
        </void> 
        <void method="add"> 
         <double>2.285718051831278</double> 
        </void> 
        <void method="add"> 
         <double>2.287897665490799</double> 
        </void> 
        <void method="add"> 
         <double>2.2895375963211473</double> 
        </void> 
        <void method="add"> 
         <double>2.292243331233455</double> 
        </void> 
        <void method="add"> 
         <double>2.2947860180652255</double> 
        </void> 
        <void method="add"> 
         <double>2.3004812207744685</double> 
        </void> 
        <void method="add"> 
         <double>2.307165430717816</double> 
        </void> 
        <void method="add"> 
         <double>2.3109109820604252</double> 
        </void> 
        <void method="add"> 
         <double>2.389025453978608</double> 
        </void> 
        <void method="add"> 
         <double>2.459929260589131</double> 
        </void> 
        <void method="add"> 
         <double>2.51395520179407</double> 
        </void> 
        <void method="add"> 
         <double>2.556029595313285</double> 
        </void> 
        <void method="add"> 
         <double>2.566353119244995</double> 
        </void> 
        <void method="add"> 
         <double>2.5792115739292565</double> 
        </void> 
        <void method="add"> 
         <double>2.6392144256330394</double> 
        </void> 
        <void method="add"> 
         <double>2.6639842343415023</double> 
        </void> 
        <void method="add"> 
         <double>2.6648089421909096</double> 
        </void> 
        <void method="add"> 
         <double>2.3099627120708224</double> 
        </void> 
        <void method="add"> 
         <double>2.287162454246716</double> 
        </void> 
        <void method="add"> 
         <double>2.1849676825425446</double> 
        </void> 
        <void method="add"> 
         <double>2.212451868311096</double> 
        </void> 
        <void method="add"> 
         <double>2.271124425189439</double> 
        </void> 
       </object> 
      </void> 
      <void property="stdev"> 
       <double>0.1676038975105091</double> 
      </void> 
     </object> 
    </void> 
    <void index="11"> 
     <object class="jmbench.tools.EvaluationMetrics"> 
      <void property="max"> 
       <double>0.2795026702776735</double> 
      </void> 
      <void property="mean"> 
       <double>0.2633865679893041</double> 
      </void> 
      <void property="median"> 
       <double>0.2677555129530711</double> 
      </void> 
      <void property="min"> 
       <double>0.23299020784653834</double> 
      </void> 
      <void property="rawResults"> 
       <object class="java.util.ArrayList"> 
        <void method="add"> 
         <double>0.23299020784653834</double> 
        </void> 
        <void method="add"> 
         <double>0.23527278344320599</double> 
        </void> 
        <void method="add"> 
         <double>0.2504380424322084</double> 
        </void> 
        <void method="add"> 
         <double>0.253072745821777</double> 
        </void> 
        <void method="add"> 
         <double>0.2537318879096119</double> 
        </void> 
        <void method="add"> 
         <double>0.25841686983179163</double> 
        </void> 
        <void method="add"> 
         <double>0.2585670896782538</double> 
        </void> 
        <void method="add"> 
         <double>0.2602570677475108</double> 
        </void> 
        <void method="add"> 
         <double>0.2611926473717081</double> 
        </void> 
        <void method="add"> 
         <double>0.26512146875469655</double> 
        </void> 
        <void method="add"> 
         <double>0.26849867544461653</double> 
        </void> 
        <void method="add"> 
         <double>0.2688915791336022</double> 
        </void> 
        <void method="add"> 
         <double>0.2709362258016622</double> 
        </void> 
        <void method="add"> 
         <double>0.27237295614442164</double> 
        </void> 
        <void method="add"> 
         <double>0.2726764839310094</double> 
        </void> 
        <void method="add"> 
         <double>0.2726775276949069</double> 
        </void> 
        <void method="add"> 
         <double>0.27508650570383797</double> 
        </void> 
        <void method="add"> 
         <double>0.27711899349441577</double> 
        </void> 
        <void method="add"> 
         <double>0.27778803340331765</double> 
        </void> 
        <void method="add"> 
         <double>0.2795026702776735</double> 
        </void> 
        <void method="add"> 
         <double>0.2530527752228902</double> 
        </void> 
        <void method="add"> 
         <double>0.2625999629694137</double> 
        </void> 
        <void method="add"> 
         <double>0.26834906942160613</double> 
        </void> 
        <void method="add"> 
         <double>0.2677555129530711</double> 
        </void> 
        <void method="add"> 
         <double>0.26829641729885495</double> 
        </void> 
       </object> 
      </void> 
      <void property="stdev"> 
       <double>0.011801287066619114</double> 
      </void> 
     </object> 
    </void> 
   </array> 
  </void> 
  <void property="opName"> 
   <string>Cholesky</string> 
  </void> 
 </object> 
</java> 
