<?xml version="1.0" encoding="UTF-8"?> 
<java version="1.6.0_16" class="java.beans.XMLDecoder"> 
 <object class="jmbench.tools.runtime.OperationResults"> 
  <void property="library"> 
   <object class="jmbench.impl.MatrixLibrary" method="valueOf"> 
    <string>OJALGO</string> 
   </object> 
  </void> 
  <void property="matDimen"> 
   <array class="int" length="12"> 
    <void index="0"> 
     <int>2</int> 
    </void> 
    <void index="1"> 
     <int>3</int> 
    </void> 
    <void index="2"> 
     <int>4</int> 
    </void> 
    <void index="3"> 
     <int>5</int> 
    </void> 
    <void index="4"> 
     <int>10</int> 
    </void> 
    <void index="5"> 
     <int>20</int> 
    </void> 
    <void index="6"> 
     <int>50</int> 
    </void> 
    <void index="7"> 
     <int>100</int> 
    </void> 
    <void index="8"> 
     <int>200</int> 
    </void> 
    <void index="9"> 
     <int>500</int> 
    </void> 
    <void index="10"> 
     <int>1000</int> 
    </void> 
    <void index="11"> 
     <int>2000</int> 
    </void> 
   </array> 
  </void> 
  <void property="metrics"> 
   <array class="jmbench.tools.EvaluationMetrics" length="12"> 
    <void index="0"> 
     <object class="jmbench.tools.EvaluationMetrics"> 
      <void property="max"> 
       <double>1949678.1462944585</double> 
      </void> 
      <void property="mean"> 
       <double>1837019.0117979061</double> 
      </void> 
      <void property="median"> 
       <double>1860508.8073265313</double> 
      </void> 
      <void property="min"> 
       <double>1569404.0651195056</double> 
      </void> 
      <void property="rawResults"> 
       <object class="java.util.ArrayList"> 
        <void method="add"> 
         <double>1569404.0651195056</double> 
        </void> 
        <void method="add"> 
         <double>1671652.1902207485</double> 
        </void> 
        <void method="add"> 
         <double>1674675.592803961</double> 
        </void> 
        <void method="add"> 
         <double>1759419.0943187228</double> 
        </void> 
        <void method="add"> 
         <double>1768522.682477373</double> 
        </void> 
        <void method="add"> 
         <double>1768886.1629694737</double> 
        </void> 
        <void method="add"> 
         <double>1773839.942288425</double> 
        </void> 
        <void method="add"> 
         <double>1776047.2331451266</double> 
        </void> 
        <void method="add"> 
         <double>1778430.592164017</double> 
        </void> 
        <void method="add"> 
         <double>1786061.4348592858</double> 
        </void> 
        <void method="add"> 
         <double>1805927.305576218</double> 
        </void> 
        <void method="add"> 
         <double>1859930.3213578342</double> 
        </void> 
        <void method="add"> 
         <double>1860508.8073265313</double> 
        </void> 
        <void method="add"> 
         <double>1863550.5906935707</double> 
        </void> 
        <void method="add"> 
         <double>1914279.3623450159</double> 
        </void> 
        <void method="add"> 
         <double>1916147.7280704428</double> 
        </void> 
        <void method="add"> 
         <double>1926809.874416567</double> 
        </void> 
        <void method="add"> 
         <double>1928091.1670029487</double> 
        </void> 
        <void method="add"> 
         <double>1944450.2241070545</double> 
        </void> 
        <void method="add"> 
         <double>1946339.1091051765</double> 
        </void> 
        <void method="add"> 
         <double>1868979.183749781</double> 
        </void> 
        <void method="add"> 
         <double>1945250.310389334</double> 
        </void> 
        <void method="add"> 
         <double>1946531.463779222</double> 
        </void> 
        <void method="add"> 
         <double>1949678.1462944585</double> 
        </void> 
        <void method="add"> 
         <double>1922062.7103668454</double> 
        </void> 
       </object> 
      </void> 
      <void property="stdev"> 
       <double>100775.59508528578</double> 
      </void> 
     </object> 
    </void> 
    <void index="1"> 
     <object class="jmbench.tools.EvaluationMetrics"> 
      <void property="max"> 
       <double>1313625.2133285198</double> 
      </void> 
      <void property="mean"> 
       <double>1213550.6419093115</double> 
      </void> 
      <void property="median"> 
       <double>1235069.8818943664</double> 
      </void> 
      <void property="min"> 
       <double>1041251.5240060925</double> 
      </void> 
      <void property="rawResults"> 
       <object class="java.util.ArrayList"> 
        <void method="add"> 
         <double>1041251.5240060925</double> 
        </void> 
        <void method="add"> 
         <double>1113484.9100017974</double> 
        </void> 
        <void method="add"> 
         <double>1128277.4065402022</double> 
        </void> 
        <void method="add"> 
         <double>1136900.8926646488</double> 
        </void> 
        <void method="add"> 
         <double>1143195.875699047</double> 
        </void> 
        <void method="add"> 
         <double>1159573.5034501478</double> 
        </void> 
        <void method="add"> 
         <double>1161469.6497228742</double> 
        </void> 
        <void method="add"> 
         <double>1212817.773910169</double> 
        </void> 
        <void method="add"> 
         <double>1235069.8818943664</double> 
        </void> 
        <void method="add"> 
         <double>1238958.5328216008</double> 
        </void> 
        <void method="add"> 
         <double>1240188.2689586538</double> 
        </void> 
        <void method="add"> 
         <double>1242569.0407771347</double> 
        </void> 
        <void method="add"> 
         <double>1248120.708337015</double> 
        </void> 
        <void method="add"> 
         <double>1251906.2303489768</double> 
        </void> 
        <void method="add"> 
         <double>1252844.2383118747</double> 
        </void> 
        <void method="add"> 
         <double>1254325.0803449193</double> 
        </void> 
        <void method="add"> 
         <double>1300928.2595279678</double> 
        </void> 
        <void method="add"> 
         <double>1304760.8472460064</double> 
        </void> 
        <void method="add"> 
         <double>1306563.9418747104</double> 
        </void> 
        <void method="add"> 
         <double>1313625.2133285198</double> 
        </void> 
        <void method="add"> 
         <double>1214047.567410925</double> 
        </void> 
        <void method="add"> 
         <double>1249448.9741560812</double> 
        </void> 
        <void method="add"> 
         <double>1188757.9069530282</double> 
        </void> 
        <void method="add"> 
         <double>1181028.5112855802</double> 
        </void> 
        <void method="add"> 
         <double>1218651.3081604498</double> 
        </void> 
       </object> 
      </void> 
      <void property="stdev"> 
       <double>66200.92279785368</double> 
      </void> 
     </object> 
    </void> 
    <void index="2"> 
     <object class="jmbench.tools.EvaluationMetrics"> 
      <void property="max"> 
       <double>870260.3093029757</double> 
      </void> 
      <void property="mean"> 
       <double>828051.6091139971</double> 
      </void> 
      <void property="median"> 
       <double>832338.9817943405</double> 
      </void> 
      <void property="min"> 
       <double>744537.6351424982</double> 
      </void> 
      <void property="rawResults"> 
       <object class="java.util.ArrayList"> 
        <void method="add"> 
         <double>744537.6351424982</double> 
        </void> 
        <void method="add"> 
         <double>759668.4974949539</double> 
        </void> 
        <void method="add"> 
         <double>806671.6602160017</double> 
        </void> 
        <void method="add"> 
         <double>807192.3870136575</double> 
        </void> 
        <void method="add"> 
         <double>816674.8891250746</double> 
        </void> 
        <void method="add"> 
         <double>817289.8368193372</double> 
        </void> 
        <void method="add"> 
         <double>820986.2394566658</double> 
        </void> 
        <void method="add"> 
         <double>822573.446553161</double> 
        </void> 
        <void method="add"> 
         <double>827044.7059438936</double> 
        </void> 
        <void method="add"> 
         <double>828727.6852111616</double> 
        </void> 
        <void method="add"> 
         <double>830917.6889411059</double> 
        </void> 
        <void method="add"> 
         <double>831050.8638878585</double> 
        </void> 
        <void method="add"> 
         <double>832338.9817943405</double> 
        </void> 
        <void method="add"> 
         <double>833717.2928134004</double> 
        </void> 
        <void method="add"> 
         <double>836446.4777624103</double> 
        </void> 
        <void method="add"> 
         <double>846768.2241665382</double> 
        </void> 
        <void method="add"> 
         <double>847967.9380291844</double> 
        </void> 
        <void method="add"> 
         <double>852997.9017591884</double> 
        </void> 
        <void method="add"> 
         <double>853661.865091114</double> 
        </void> 
        <void method="add"> 
         <double>870260.3093029757</double> 
        </void> 
        <void method="add"> 
         <double>838618.547060812</double> 
        </void> 
        <void method="add"> 
         <double>853129.5517626214</double> 
        </void> 
        <void method="add"> 
         <double>833996.6789186684</double> 
        </void> 
        <void method="add"> 
         <double>836187.2872393252</double> 
        </void> 
        <void method="add"> 
         <double>851863.6363439714</double> 
        </void> 
       </object> 
      </void> 
      <void property="stdev"> 
       <double>26999.04641711401</double> 
      </void> 
     </object> 
    </void> 
    <void index="3"> 
     <object class="jmbench.tools.EvaluationMetrics"> 
      <void property="max"> 
       <double>554783.9682548477</double> 
      </void> 
      <void property="mean"> 
       <double>521695.34336932073</double> 
      </void> 
      <void property="median"> 
       <double>515683.0619001511</double> 
      </void> 
      <void property="min"> 
       <double>500666.28492980014</double> 
      </void> 
      <void property="rawResults"> 
       <object class="java.util.ArrayList"> 
        <void method="add"> 
         <double>501279.63746272284</double> 
        </void> 
        <void method="add"> 
         <double>502398.52274638</double> 
        </void> 
        <void method="add"> 
         <double>506195.7643349169</double> 
        </void> 
        <void method="add"> 
         <double>511434.11993485136</double> 
        </void> 
        <void method="add"> 
         <double>512074.7635177247</double> 
        </void> 
        <void method="add"> 
         <double>512345.6419657161</double> 
        </void> 
        <void method="add"> 
         <double>515217.8394876141</double> 
        </void> 
        <void method="add"> 
         <double>515262.08021305065</double> 
        </void> 
        <void method="add"> 
         <double>515683.0619001511</double> 
        </void> 
        <void method="add"> 
         <double>518097.7343849917</double> 
        </void> 
        <void method="add"> 
         <double>519194.219520685</double> 
        </void> 
        <void method="add"> 
         <double>522414.38494067336</double> 
        </void> 
        <void method="add"> 
         <double>523570.2286799323</double> 
        </void> 
        <void method="add"> 
         <double>535354.974070812</double> 
        </void> 
        <void method="add"> 
         <double>538592.1095325564</double> 
        </void> 
        <void method="add"> 
         <double>538831.2757276193</double> 
        </void> 
        <void method="add"> 
         <double>543475.523254348</double> 
        </void> 
        <void method="add"> 
         <double>551295.0167410781</double> 
        </void> 
        <void method="add"> 
         <double>552169.2081297266</double> 
        </void> 
        <void method="add"> 
         <double>554783.9682548477</double> 
        </void> 
        <void method="add"> 
         <double>508191.385435258</double> 
        </void> 
        <void method="add"> 
         <double>510589.3404272358</double> 
        </void> 
        <void method="add"> 
         <double>514886.1199930232</double> 
        </void> 
        <void method="add"> 
         <double>518380.3786473009</double> 
        </void> 
        <void method="add"> 
         <double>500666.28492980014</double> 
        </void> 
       </object> 
      </void> 
      <void property="stdev"> 
       <double>16003.032674276697</double> 
      </void> 
     </object> 
    </void> 
    <void index="4"> 
     <object class="jmbench.tools.EvaluationMetrics"> 
      <void property="max"> 
       <double>137209.67247760185</double> 
      </void> 
      <void property="mean"> 
       <double>133733.23276391966</double> 
      </void> 
      <void property="median"> 
       <double>133468.28055787383</double> 
      </void> 
      <void property="min"> 
       <double>130959.28449223923</double> 
      </void> 
      <void property="rawResults"> 
       <object class="java.util.ArrayList"> 
        <void method="add"> 
         <double>131880.88437947226</double> 
        </void> 
        <void method="add"> 
         <double>132370.27963312826</double> 
        </void> 
        <void method="add"> 
         <double>132422.69184862165</double> 
        </void> 
        <void method="add"> 
         <double>132777.87766141805</double> 
        </void> 
        <void method="add"> 
         <double>132791.01923928308</double> 
        </void> 
        <void method="add"> 
         <double>133176.50618635133</double> 
        </void> 
        <void method="add"> 
         <double>133283.95805996857</double> 
        </void> 
        <void method="add"> 
         <double>133468.28055787383</double> 
        </void> 
        <void method="add"> 
         <double>133624.9395430595</double> 
        </void> 
        <void method="add"> 
         <double>133987.42928449714</double> 
        </void> 
        <void method="add"> 
         <double>134059.3868472557</double> 
        </void> 
        <void method="add"> 
         <double>134173.83283856284</double> 
        </void> 
        <void method="add"> 
         <double>134478.24809109975</double> 
        </void> 
        <void method="add"> 
         <double>134524.26608980075</double> 
        </void> 
        <void method="add"> 
         <double>134684.1751937365</double> 
        </void> 
        <void method="add"> 
         <double>135390.35146122868</double> 
        </void> 
        <void method="add"> 
         <double>135635.6096981784</double> 
        </void> 
        <void method="add"> 
         <double>136020.78052652057</double> 
        </void> 
        <void method="add"> 
         <double>136064.80231657627</double> 
        </void> 
        <void method="add"> 
         <double>137209.67247760185</double> 
        </void> 
        <void method="add"> 
         <double>132732.1867707603</double> 
        </void> 
        <void method="add"> 
         <double>132759.2841760706</double> 
        </void> 
        <void method="add"> 
         <double>131805.8441888201</double> 
        </void> 
        <void method="add"> 
         <double>130959.28449223923</double> 
        </void> 
        <void method="add"> 
         <double>133049.22753586675</double> 
        </void> 
       </object> 
      </void> 
      <void property="stdev"> 
       <double>1480.5227288795088</double> 
      </void> 
     </object> 
    </void> 
    <void index="5"> 
     <object class="jmbench.tools.EvaluationMetrics"> 
      <void property="max"> 
       <double>29101.687266113997</double> 
      </void> 
      <void property="mean"> 
       <double>28722.26233066034</double> 
      </void> 
      <void property="median"> 
       <double>28702.531871017545</double> 
      </void> 
      <void property="min"> 
       <double>28347.456104682566</double> 
      </void> 
      <void property="rawResults"> 
       <object class="java.util.ArrayList"> 
        <void method="add"> 
         <double>28347.456104682566</double> 
        </void> 
        <void method="add"> 
         <double>28399.49721544378</double> 
        </void> 
        <void method="add"> 
         <double>28531.237404333704</double> 
        </void> 
        <void method="add"> 
         <double>28595.0828799175</double> 
        </void> 
        <void method="add"> 
         <double>28597.103048044115</double> 
        </void> 
        <void method="add"> 
         <double>28605.897414966286</double> 
        </void> 
        <void method="add"> 
         <double>28680.46517213928</double> 
        </void> 
        <void method="add"> 
         <double>28702.531871017545</double> 
        </void> 
        <void method="add"> 
         <double>28750.01591353932</double> 
        </void> 
        <void method="add"> 
         <double>28760.938034307885</double> 
        </void> 
        <void method="add"> 
         <double>28818.08102727899</double> 
        </void> 
        <void method="add"> 
         <double>28843.734950724574</double> 
        </void> 
        <void method="add"> 
         <double>28871.461069746245</double> 
        </void> 
        <void method="add"> 
         <double>28876.107912284457</double> 
        </void> 
        <void method="add"> 
         <double>28878.08438775058</double> 
        </void> 
        <void method="add"> 
         <double>28933.56044389052</double> 
        </void> 
        <void method="add"> 
         <double>28968.69695288573</double> 
        </void> 
        <void method="add"> 
         <double>28998.082870011156</double> 
        </void> 
        <void method="add"> 
         <double>29010.295959586296</double> 
        </void> 
        <void method="add"> 
         <double>29101.687266113997</double> 
        </void> 
        <void method="add"> 
         <double>28620.322579259468</double> 
        </void> 
        <void method="add"> 
         <double>28450.883343149304</double> 
        </void> 
        <void method="add"> 
         <double>28573.3742472397</double> 
        </void> 
        <void method="add"> 
         <double>28570.34833498895</double> 
        </void> 
        <void method="add"> 
         <double>28571.611863206454</double> 
        </void> 
       </object> 
      </void> 
      <void property="stdev"> 
       <double>198.538270349615</double> 
      </void> 
     </object> 
    </void> 
    <void index="6"> 
     <object class="jmbench.tools.EvaluationMetrics"> 
      <void property="max"> 
       <double>3300.7437757358894</double> 
      </void> 
      <void property="mean"> 
       <double>3262.9955925276026</double> 
      </void> 
      <void property="median"> 
       <double>3270.146253540257</double> 
      </void> 
      <void property="min"> 
       <double>3181.9718805580674</double> 
      </void> 
      <void property="rawResults"> 
       <object class="java.util.ArrayList"> 
        <void method="add"> 
         <double>3181.9718805580674</double> 
        </void> 
        <void method="add"> 
         <double>3183.848621485877</double> 
        </void> 
        <void method="add"> 
         <double>3208.366883534461</double> 
        </void> 
        <void method="add"> 
         <double>3218.061010084512</double> 
        </void> 
        <void method="add"> 
         <double>3256.216275702012</double> 
        </void> 
        <void method="add"> 
         <double>3257.1735614400905</double> 
        </void> 
        <void method="add"> 
         <double>3259.4207794916542</double> 
        </void> 
        <void method="add"> 
         <double>3260.776208044159</double> 
        </void> 
        <void method="add"> 
         <double>3264.322440426463</double> 
        </void> 
        <void method="add"> 
         <double>3267.630033415631</double> 
        </void> 
        <void method="add"> 
         <double>3269.3002953913183</double> 
        </void> 
        <void method="add"> 
         <double>3270.146253540257</double> 
        </void> 
        <void method="add"> 
         <double>3271.941105736336</double> 
        </void> 
        <void method="add"> 
         <double>3276.2719329856077</double> 
        </void> 
        <void method="add"> 
         <double>3288.421097061989</double> 
        </void> 
        <void method="add"> 
         <double>3289.420026829552</double> 
        </void> 
        <void method="add"> 
         <double>3294.773536231477</double> 
        </void> 
        <void method="add"> 
         <double>3297.275903477259</double> 
        </void> 
        <void method="add"> 
         <double>3300.1436520637917</double> 
        </void> 
        <void method="add"> 
         <double>3300.218566597006</double> 
        </void> 
        <void method="add"> 
         <double>3193.453308832448</double> 
        </void> 
        <void method="add"> 
         <double>3278.650378452498</double> 
        </void> 
        <void method="add"> 
         <double>3296.7226617390465</double> 
        </void> 
        <void method="add"> 
         <double>3289.6196243326626</double> 
        </void> 
        <void method="add"> 
         <double>3300.7437757358894</double> 
        </void> 
       </object> 
      </void> 
      <void property="stdev"> 
       <double>36.30325304319861</double> 
      </void> 
     </object> 
    </void> 
    <void index="7"> 
     <object class="jmbench.tools.EvaluationMetrics"> 
      <void property="max"> 
       <double>714.8437019775758</double> 
      </void> 
      <void property="mean"> 
       <double>700.5496208748963</double> 
      </void> 
      <void property="median"> 
       <double>704.5158906418014</double> 
      </void> 
      <void property="min"> 
       <double>673.3480802540926</double> 
      </void> 
      <void property="rawResults"> 
       <object class="java.util.ArrayList"> 
        <void method="add"> 
         <double>673.3480802540926</double> 
        </void> 
        <void method="add"> 
         <double>679.0531628506965</double> 
        </void> 
        <void method="add"> 
         <double>680.2132254184509</double> 
        </void> 
        <void method="add"> 
         <double>683.1529366419209</double> 
        </void> 
        <void method="add"> 
         <double>686.0984911111212</double> 
        </void> 
        <void method="add"> 
         <double>687.9978770669136</double> 
        </void> 
        <void method="add"> 
         <double>697.6474753509907</double> 
        </void> 
        <void method="add"> 
         <double>697.8495189781889</double> 
        </void> 
        <void method="add"> 
         <double>698.15455073423</double> 
        </void> 
        <void method="add"> 
         <double>700.8947577992982</double> 
        </void> 
        <void method="add"> 
         <double>702.1230354564593</double> 
        </void> 
        <void method="add"> 
         <double>702.9485114795262</double> 
        </void> 
        <void method="add"> 
         <double>704.5158906418014</double> 
        </void> 
        <void method="add"> 
         <double>704.6949770785028</double> 
        </void> 
        <void method="add"> 
         <double>706.7230638771786</double> 
        </void> 
        <void method="add"> 
         <double>707.6123877403902</double> 
        </void> 
        <void method="add"> 
         <double>708.715168839449</double> 
        </void> 
        <void method="add"> 
         <double>712.6868557831226</double> 
        </void> 
        <void method="add"> 
         <double>712.8751950494961</double> 
        </void> 
        <void method="add"> 
         <double>714.8437019775758</double> 
        </void> 
        <void method="add"> 
         <double>705.7726849587486</double> 
        </void> 
        <void method="add"> 
         <double>706.1533809866551</double> 
        </void> 
        <void method="add"> 
         <double>712.7787945325653</double> 
        </void> 
        <void method="add"> 
         <double>712.313167224518</double> 
        </void> 
        <void method="add"> 
         <double>714.5736300405109</double> 
        </void> 
       </object> 
      </void> 
      <void property="stdev"> 
       <double>11.91443314887206</double> 
      </void> 
     </object> 
    </void> 
    <void index="8"> 
     <object class="jmbench.tools.EvaluationMetrics"> 
      <void property="max"> 
       <double>89.64556981144435</double> 
      </void> 
      <void property="mean"> 
       <double>87.59036982633918</double> 
      </void> 
      <void property="median"> 
       <double>88.13212471855427</double> 
      </void> 
      <void property="min"> 
       <double>76.67767227254207</double> 
      </void> 
      <void property="rawResults"> 
       <object class="java.util.ArrayList"> 
        <void method="add"> 
         <double>76.67767227254207</double> 
        </void> 
        <void method="add"> 
         <double>83.71798549892017</double> 
        </void> 
        <void method="add"> 
         <double>86.15084130702584</double> 
        </void> 
        <void method="add"> 
         <double>87.25815915516043</double> 
        </void> 
        <void method="add"> 
         <double>87.54758684575265</double> 
        </void> 
        <void method="add"> 
         <double>87.75765841298565</double> 
        </void> 
        <void method="add"> 
         <double>87.83033510525702</double> 
        </void> 
        <void method="add"> 
         <double>87.83431617315668</double> 
        </void> 
        <void method="add"> 
         <double>88.13212471855427</double> 
        </void> 
        <void method="add"> 
         <double>88.18996099961325</double> 
        </void> 
        <void method="add"> 
         <double>88.21163357700942</double> 
        </void> 
        <void method="add"> 
         <double>88.43998930053009</double> 
        </void> 
        <void method="add"> 
         <double>88.78721443448937</double> 
        </void> 
        <void method="add"> 
         <double>88.88950069538537</double> 
        </void> 
        <void method="add"> 
         <double>88.93204046000163</double> 
        </void> 
        <void method="add"> 
         <double>88.98797421305532</double> 
        </void> 
        <void method="add"> 
         <double>89.11122063529085</double> 
        </void> 
        <void method="add"> 
         <double>89.35014779111886</double> 
        </void> 
        <void method="add"> 
         <double>89.49996013275846</double> 
        </void> 
        <void method="add"> 
         <double>89.64556981144435</double> 
        </void> 
        <void method="add"> 
         <double>87.84498690669774</double> 
        </void> 
        <void method="add"> 
         <double>88.78543971172137</double> 
        </void> 
        <void method="add"> 
         <double>87.49250762252831</double> 
        </void> 
        <void method="add"> 
         <double>87.2283433400235</double> 
        </void> 
        <void method="add"> 
         <double>87.45607653745644</double> 
        </void> 
       </object> 
      </void> 
      <void property="stdev"> 
       <double>2.5296490990340463</double> 
      </void> 
     </object> 
    </void> 
    <void index="9"> 
     <object class="jmbench.tools.EvaluationMetrics"> 
      <void property="max"> 
       <double>7.591039485661239</double> 
      </void> 
      <void property="mean"> 
       <double>7.280682534172213</double> 
      </void> 
      <void property="median"> 
       <double>7.3622275309312855</double> 
      </void> 
      <void property="min"> 
       <double>6.232209870716575</double> 
      </void> 
      <void property="rawResults"> 
       <object class="java.util.ArrayList"> 
        <void method="add"> 
         <double>6.232209870716575</double> 
        </void> 
        <void method="add"> 
         <double>6.421669508611164</double> 
        </void> 
        <void method="add"> 
         <double>6.695484739407234</double> 
        </void> 
        <void method="add"> 
         <double>6.774646632613186</double> 
        </void> 
        <void method="add"> 
         <double>7.258605322692553</double> 
        </void> 
        <void method="add"> 
         <double>7.3112331042628105</double> 
        </void> 
        <void method="add"> 
         <double>7.316634703551647</double> 
        </void> 
        <void method="add"> 
         <double>7.354093051262639</double> 
        </void> 
        <void method="add"> 
         <double>7.355222182792176</double> 
        </void> 
        <void method="add"> 
         <double>7.3622275309312855</double> 
        </void> 
        <void method="add"> 
         <double>7.369357599724403</double> 
        </void> 
        <void method="add"> 
         <double>7.395665938597868</double> 
        </void> 
        <void method="add"> 
         <double>7.452871171225229</double> 
        </void> 
        <void method="add"> 
         <double>7.488930120259551</double> 
        </void> 
        <void method="add"> 
         <double>7.500678754319825</double> 
        </void> 
        <void method="add"> 
         <double>7.522411519823356</double> 
        </void> 
        <void method="add"> 
         <double>7.531090161564723</double> 
        </void> 
        <void method="add"> 
         <double>7.54821474678831</double> 
        </void> 
        <void method="add"> 
         <double>7.586651234771541</double> 
        </void> 
        <void method="add"> 
         <double>7.591039485661239</double> 
        </void> 
        <void method="add"> 
         <double>7.313495440870063</double> 
        </void> 
        <void method="add"> 
         <double>7.546597489276035</double> 
        </void> 
        <void method="add"> 
         <double>7.34007257437399</double> 
        </void> 
        <void method="add"> 
         <double>7.455226845895351</double> 
        </void> 
        <void method="add"> 
         <double>7.29273362431258</double> 
        </void> 
       </object> 
      </void> 
      <void property="stdev"> 
       <double>0.3514033716212958</double> 
      </void> 
     </object> 
    </void> 
    <void index="10"> 
     <object class="jmbench.tools.EvaluationMetrics"> 
      <void property="max"> 
       <double>0.7187682601728806</double> 
      </void> 
      <void property="mean"> 
       <double>0.6087523932956607</double> 
      </void> 
      <void property="median"> 
       <double>0.6078747489349634</double> 
      </void> 
      <void property="min"> 
       <double>0.48396284808864515</double> 
      </void> 
      <void property="rawResults"> 
       <object class="java.util.ArrayList"> 
        <void method="add"> 
         <double>0.48396284808864515</double> 
        </void> 
        <void method="add"> 
         <double>0.4889561015769414</double> 
        </void> 
        <void method="add"> 
         <double>0.4979772667626085</double> 
        </void> 
        <void method="add"> 
         <double>0.5124080603318966</double> 
        </void> 
        <void method="add"> 
         <double>0.5231680105446117</double> 
        </void> 
        <void method="add"> 
         <double>0.52569780154951</double> 
        </void> 
        <void method="add"> 
         <double>0.538258442578962</double> 
        </void> 
        <void method="add"> 
         <double>0.5453185620913096</double> 
        </void> 
        <void method="add"> 
         <double>0.5485667688007904</double> 
        </void> 
        <void method="add"> 
         <double>0.5781599377578681</double> 
        </void> 
        <void method="add"> 
         <double>0.5851232108265928</double> 
        </void> 
        <void method="add"> 
         <double>0.5872509736284942</double> 
        </void> 
        <void method="add"> 
         <double>0.6696690235630747</double> 
        </void> 
        <void method="add"> 
         <double>0.6945581942657141</double> 
        </void> 
        <void method="add"> 
         <double>0.698179170483297</double> 
        </void> 
        <void method="add"> 
         <double>0.700684697922567</double> 
        </void> 
        <void method="add"> 
         <double>0.7071947693204494</double> 
        </void> 
        <void method="add"> 
         <double>0.710168794261239</double> 
        </void> 
        <void method="add"> 
         <double>0.710210120076797</double> 
        </void> 
        <void method="add"> 
         <double>0.7187682601728806</double> 
        </void> 
        <void method="add"> 
         <double>0.6672603646900314</double> 
        </void> 
        <void method="add"> 
         <double>0.6549853818364776</double> 
        </void> 
        <void method="add"> 
         <double>0.6156348694436353</double> 
        </void> 
        <void method="add"> 
         <double>0.6078747489349634</double> 
        </void> 
        <void method="add"> 
         <double>0.6487734528821602</double> 
        </void> 
       </object> 
      </void> 
      <void property="stdev"> 
       <double>0.07934174475235116</double> 
      </void> 
     </object> 
    </void> 
    <void index="11"> 
     <object class="jmbench.tools.EvaluationMetrics"> 
      <void property="max"> 
       <double>0.06004950771695506</double> 
      </void> 
      <void property="mean"> 
       <double>0.059718893929647944</double> 
      </void> 
      <void property="median"> 
       <double>0.05988601464850365</double> 
      </void> 
      <void property="min"> 
       <double>0.059240749107182286</double> 
      </void> 
      <void property="rawResults"> 
       <object class="java.util.ArrayList"> 
        <void method="add"> 
         <double>0.05988601464850365</double> 
        </void> 
        <void method="add"> 
         <double>0.059240749107182286</double> 
        </void> 
        <void method="add"> 
         <double>0.06004950771695506</double> 
        </void> 
        <void method="add"> 
         <double>0.05969930424595078</double> 
        </void> 
       </object> 
      </void> 
      <void property="stdev"> 
       <double>3.025892587264427E-4</double> 
      </void> 
     </object> 
    </void> 
   </array> 
  </void> 
  <void property="opName"> 
   <string>Invert b=inv(a)</string> 
  </void> 
 </object> 
</java> 
