<?xml version="1.0" encoding="UTF-8"?> 
<java version="1.6.0_16" class="java.beans.XMLDecoder"> 
 <object class="jmbench.tools.runtime.OperationResults"> 
  <void property="library"> 
   <object class="jmbench.impl.MatrixLibrary" method="valueOf"> 
    <string>OJALGO</string> 
   </object> 
  </void> 
  <void property="matDimen"> 
   <array class="int" length="12"> 
    <void index="0"> 
     <int>2</int> 
    </void> 
    <void index="1"> 
     <int>3</int> 
    </void> 
    <void index="2"> 
     <int>4</int> 
    </void> 
    <void index="3"> 
     <int>5</int> 
    </void> 
    <void index="4"> 
     <int>10</int> 
    </void> 
    <void index="5"> 
     <int>20</int> 
    </void> 
    <void index="6"> 
     <int>50</int> 
    </void> 
    <void index="7"> 
     <int>100</int> 
    </void> 
    <void index="8"> 
     <int>200</int> 
    </void> 
    <void index="9"> 
     <int>500</int> 
    </void> 
    <void index="10"> 
     <int>1000</int> 
    </void> 
    <void index="11"> 
     <int>2000</int> 
    </void> 
   </array> 
  </void> 
  <void property="metrics"> 
   <array class="jmbench.tools.EvaluationMetrics" length="12"> 
    <void index="0"> 
     <object class="jmbench.tools.EvaluationMetrics"> 
      <void property="max"> 
       <double>7485651.446767498</double> 
      </void> 
      <void property="mean"> 
       <double>6331939.436419699</double> 
      </void> 
      <void property="median"> 
       <double>6181526.721214595</double> 
      </void> 
      <void property="min"> 
       <double>5248854.954776728</double> 
      </void> 
      <void property="rawResults"> 
       <object class="java.util.ArrayList"> 
        <void method="add"> 
         <double>5248854.954776728</double> 
        </void> 
        <void method="add"> 
         <double>5293764.787368015</double> 
        </void> 
        <void method="add"> 
         <double>5801430.805950867</double> 
        </void> 
        <void method="add"> 
         <double>5805032.847859447</double> 
        </void> 
        <void method="add"> 
         <double>5821824.279654512</double> 
        </void> 
        <void method="add"> 
         <double>5834248.016389565</double> 
        </void> 
        <void method="add"> 
         <double>6100490.099920383</double> 
        </void> 
        <void method="add"> 
         <double>6106698.453564788</double> 
        </void> 
        <void method="add"> 
         <double>6120895.076930516</double> 
        </void> 
        <void method="add"> 
         <double>6159088.543527843</double> 
        </void> 
        <void method="add"> 
         <double>6177292.275558598</double> 
        </void> 
        <void method="add"> 
         <double>6181526.721214595</double> 
        </void> 
        <void method="add"> 
         <double>6181675.466053753</double> 
        </void> 
        <void method="add"> 
         <double>6743416.028433659</double> 
        </void> 
        <void method="add"> 
         <double>6892354.75431538</double> 
        </void> 
        <void method="add"> 
         <double>7038603.6917104665</double> 
        </void> 
        <void method="add"> 
         <double>7188189.464418346</double> 
        </void> 
        <void method="add"> 
         <double>7436168.373311402</double> 
        </void> 
        <void method="add"> 
         <double>7476391.405708461</double> 
        </void> 
        <void method="add"> 
         <double>7485651.446767498</double> 
        </void> 
        <void method="add"> 
         <double>5757114.301787246</double> 
        </void> 
        <void method="add"> 
         <double>6322158.255854762</double> 
        </void> 
        <void method="add"> 
         <double>6435570.770976029</double> 
        </void> 
        <void method="add"> 
         <double>6387685.523839967</double> 
        </void> 
        <void method="add"> 
         <double>6302359.564599645</double> 
        </void> 
       </object> 
      </void> 
      <void property="stdev"> 
       <double>616019.5751944656</double> 
      </void> 
     </object> 
    </void> 
    <void index="1"> 
     <object class="jmbench.tools.EvaluationMetrics"> 
      <void property="max"> 
       <double>4717297.625314037</double> 
      </void> 
      <void property="mean"> 
       <double>4057235.3636827474</double> 
      </void> 
      <void property="median"> 
       <double>4040898.687385617</double> 
      </void> 
      <void property="min"> 
       <double>3652935.8115182156</double> 
      </void> 
      <void property="rawResults"> 
       <object class="java.util.ArrayList"> 
        <void method="add"> 
         <double>3730484.9108049087</double> 
        </void> 
        <void method="add"> 
         <double>3730521.5301153674</double> 
        </void> 
        <void method="add"> 
         <double>3753479.851342058</double> 
        </void> 
        <void method="add"> 
         <double>3767025.3167881737</double> 
        </void> 
        <void method="add"> 
         <double>3769227.0371031584</double> 
        </void> 
        <void method="add"> 
         <double>3771624.7366662878</double> 
        </void> 
        <void method="add"> 
         <double>3792689.1962996526</double> 
        </void> 
        <void method="add"> 
         <double>3924806.8482310055</double> 
        </void> 
        <void method="add"> 
         <double>4028905.588379803</double> 
        </void> 
        <void method="add"> 
         <double>4037338.4785962445</double> 
        </void> 
        <void method="add"> 
         <double>4100982.0331206876</double> 
        </void> 
        <void method="add"> 
         <double>4122397.5367600266</double> 
        </void> 
        <void method="add"> 
         <double>4122786.517995738</double> 
        </void> 
        <void method="add"> 
         <double>4131506.563488266</double> 
        </void> 
        <void method="add"> 
         <double>4146582.1654848224</double> 
        </void> 
        <void method="add"> 
         <double>4205752.211650956</double> 
        </void> 
        <void method="add"> 
         <double>4450587.772941158</double> 
        </void> 
        <void method="add"> 
         <double>4456304.955005467</double> 
        </void> 
        <void method="add"> 
         <double>4688744.7709852215</double> 
        </void> 
        <void method="add"> 
         <double>4717297.625314037</double> 
        </void> 
        <void method="add"> 
         <double>4040898.687385617</double> 
        </void> 
        <void method="add"> 
         <double>4526142.558849644</double> 
        </void> 
        <void method="add"> 
         <double>3652935.8115182156</double> 
        </void> 
        <void method="add"> 
         <double>3673542.35132231</double> 
        </void> 
        <void method="add"> 
         <double>4088319.0359198474</double> 
        </void> 
       </object> 
      </void> 
      <void property="stdev"> 
       <double>307864.08477664826</double> 
      </void> 
     </object> 
    </void> 
    <void index="2"> 
     <object class="jmbench.tools.EvaluationMetrics"> 
      <void property="max"> 
       <double>2934105.7969111027</double> 
      </void> 
      <void property="mean"> 
       <double>2525927.978818472</double> 
      </void> 
      <void property="median"> 
       <double>2514286.364747645</double> 
      </void> 
      <void property="min"> 
       <double>2285103.436640295</double> 
      </void> 
      <void property="rawResults"> 
       <object class="java.util.ArrayList"> 
        <void method="add"> 
         <double>2285103.436640295</double> 
        </void> 
        <void method="add"> 
         <double>2290145.6140540587</double> 
        </void> 
        <void method="add"> 
         <double>2371415.9175484087</double> 
        </void> 
        <void method="add"> 
         <double>2418892.790047366</double> 
        </void> 
        <void method="add"> 
         <double>2443314.7252611243</double> 
        </void> 
        <void method="add"> 
         <double>2465616.896631297</double> 
        </void> 
        <void method="add"> 
         <double>2475138.9841673374</double> 
        </void> 
        <void method="add"> 
         <double>2475943.8170287265</double> 
        </void> 
        <void method="add"> 
         <double>2476996.688772188</double> 
        </void> 
        <void method="add"> 
         <double>2478502.2468540096</double> 
        </void> 
        <void method="add"> 
         <double>2481262.26596861</double> 
        </void> 
        <void method="add"> 
         <double>2481629.375777856</double> 
        </void> 
        <void method="add"> 
         <double>2530259.1271905825</double> 
        </void> 
        <void method="add"> 
         <double>2534882.3017998883</double> 
        </void> 
        <void method="add"> 
         <double>2558769.536800482</double> 
        </void> 
        <void method="add"> 
         <double>2592306.534781944</double> 
        </void> 
        <void method="add"> 
         <double>2649416.029794326</double> 
        </void> 
        <void method="add"> 
         <double>2654355.2123805867</double> 
        </void> 
        <void method="add"> 
         <double>2686326.279523068</double> 
        </void> 
        <void method="add"> 
         <double>2934105.7969111027</double> 
        </void> 
        <void method="add"> 
         <double>2514286.364747645</double> 
        </void> 
        <void method="add"> 
         <double>2650508.3990491647</double> 
        </void> 
        <void method="add"> 
         <double>2525255.0282092676</double> 
        </void> 
        <void method="add"> 
         <double>2515945.561521767</double> 
        </void> 
        <void method="add"> 
         <double>2657820.539000708</double> 
        </void> 
       </object> 
      </void> 
      <void property="stdev"> 
       <double>132041.84883715684</double> 
      </void> 
     </object> 
    </void> 
    <void index="3"> 
     <object class="jmbench.tools.EvaluationMetrics"> 
      <void property="max"> 
       <double>1855967.1458938536</double> 
      </void> 
      <void property="mean"> 
       <double>1696999.913544614</double> 
      </void> 
      <void property="median"> 
       <double>1681559.6763081432</double> 
      </void> 
      <void property="min"> 
       <double>1578473.3689323356</double> 
      </void> 
      <void property="rawResults"> 
       <object class="java.util.ArrayList"> 
        <void method="add"> 
         <double>1583273.7112558815</double> 
        </void> 
        <void method="add"> 
         <double>1590569.4044646018</double> 
        </void> 
        <void method="add"> 
         <double>1611989.0314369733</double> 
        </void> 
        <void method="add"> 
         <double>1640428.375996783</double> 
        </void> 
        <void method="add"> 
         <double>1654977.5600539623</double> 
        </void> 
        <void method="add"> 
         <double>1660358.53005984</double> 
        </void> 
        <void method="add"> 
         <double>1665520.6913140889</double> 
        </void> 
        <void method="add"> 
         <double>1677295.5553770517</double> 
        </void> 
        <void method="add"> 
         <double>1679552.2276887957</double> 
        </void> 
        <void method="add"> 
         <double>1681559.6763081432</double> 
        </void> 
        <void method="add"> 
         <double>1681782.9893161329</double> 
        </void> 
        <void method="add"> 
         <double>1689741.7132122917</double> 
        </void> 
        <void method="add"> 
         <double>1697896.629035968</double> 
        </void> 
        <void method="add"> 
         <double>1751069.1952698033</double> 
        </void> 
        <void method="add"> 
         <double>1754159.9056499018</double> 
        </void> 
        <void method="add"> 
         <double>1755536.0986762668</double> 
        </void> 
        <void method="add"> 
         <double>1756462.6122650069</double> 
        </void> 
        <void method="add"> 
         <double>1766252.2296904635</double> 
        </void> 
        <void method="add"> 
         <double>1815106.7857883517</double> 
        </void> 
        <void method="add"> 
         <double>1855967.1458938536</double> 
        </void> 
        <void method="add"> 
         <double>1646460.0087104896</double> 
        </void> 
        <void method="add"> 
         <double>1673855.9452547384</double> 
        </void> 
        <void method="add"> 
         <double>1785180.3843203313</double> 
        </void> 
        <void method="add"> 
         <double>1771528.0626432893</double> 
        </void> 
        <void method="add"> 
         <double>1578473.3689323356</double> 
        </void> 
       </object> 
      </void> 
      <void property="stdev"> 
       <double>71453.83994308494</double> 
      </void> 
     </object> 
    </void> 
    <void index="4"> 
     <object class="jmbench.tools.EvaluationMetrics"> 
      <void property="max"> 
       <double>473483.49373285245</double> 
      </void> 
      <void property="mean"> 
       <double>432086.7998372348</double> 
      </void> 
      <void property="median"> 
       <double>429336.38160244573</double> 
      </void> 
      <void property="min"> 
       <double>407482.82777397713</double> 
      </void> 
      <void property="rawResults"> 
       <object class="java.util.ArrayList"> 
        <void method="add"> 
         <double>407482.82777397713</double> 
        </void> 
        <void method="add"> 
         <double>407698.30141634424</double> 
        </void> 
        <void method="add"> 
         <double>419244.05743387976</double> 
        </void> 
        <void method="add"> 
         <double>420388.20256939984</double> 
        </void> 
        <void method="add"> 
         <double>424079.73066038894</double> 
        </void> 
        <void method="add"> 
         <double>424421.8756939764</double> 
        </void> 
        <void method="add"> 
         <double>428907.17953452317</double> 
        </void> 
        <void method="add"> 
         <double>429336.38160244573</double> 
        </void> 
        <void method="add"> 
         <double>429429.2454475045</double> 
        </void> 
        <void method="add"> 
         <double>434372.1996593479</double> 
        </void> 
        <void method="add"> 
         <double>435140.67057128914</double> 
        </void> 
        <void method="add"> 
         <double>437038.2744193213</double> 
        </void> 
        <void method="add"> 
         <double>440572.81716005015</double> 
        </void> 
        <void method="add"> 
         <double>441231.87579058885</double> 
        </void> 
        <void method="add"> 
         <double>445335.87793696707</double> 
        </void> 
        <void method="add"> 
         <double>451039.29449554265</double> 
        </void> 
        <void method="add"> 
         <double>455675.2132038352</double> 
        </void> 
        <void method="add"> 
         <double>456939.4393981079</double> 
        </void> 
        <void method="add"> 
         <double>460602.18199805374</double> 
        </void> 
        <void method="add"> 
         <double>473483.49373285245</double> 
        </void> 
        <void method="add"> 
         <double>408554.57034679025</double> 
        </void> 
        <void method="add"> 
         <double>426154.0190992397</double> 
        </void> 
        <void method="add"> 
         <double>413596.5394247886</double> 
        </void> 
        <void method="add"> 
         <double>412603.3725968034</double> 
        </void> 
        <void method="add"> 
         <double>418842.3539648509</double> 
        </void> 
       </object> 
      </void> 
      <void property="stdev"> 
       <double>17396.262085916245</double> 
      </void> 
     </object> 
    </void> 
    <void index="5"> 
     <object class="jmbench.tools.EvaluationMetrics"> 
      <void property="max"> 
       <double>103253.94814462092</double> 
      </void> 
      <void property="mean"> 
       <double>100350.38480278847</double> 
      </void> 
      <void property="median"> 
       <double>100513.93578116003</double> 
      </void> 
      <void property="min"> 
       <double>97204.54935962088</double> 
      </void> 
      <void property="rawResults"> 
       <object class="java.util.ArrayList"> 
        <void method="add"> 
         <double>97204.54935962088</double> 
        </void> 
        <void method="add"> 
         <double>97643.11006373397</double> 
        </void> 
        <void method="add"> 
         <double>97994.19990614177</double> 
        </void> 
        <void method="add"> 
         <double>98209.58959486605</double> 
        </void> 
        <void method="add"> 
         <double>98436.45186054427</double> 
        </void> 
        <void method="add"> 
         <double>98618.22800926396</double> 
        </void> 
        <void method="add"> 
         <double>98952.33616130924</double> 
        </void> 
        <void method="add"> 
         <double>99277.68758602142</double> 
        </void> 
        <void method="add"> 
         <double>99893.86005893828</double> 
        </void> 
        <void method="add"> 
         <double>100249.2784483415</double> 
        </void> 
        <void method="add"> 
         <double>100513.93578116003</double> 
        </void> 
        <void method="add"> 
         <double>100531.2474986233</double> 
        </void> 
        <void method="add"> 
         <double>100831.35006424559</double> 
        </void> 
        <void method="add"> 
         <double>101777.75434518993</double> 
        </void> 
        <void method="add"> 
         <double>101861.54525586893</double> 
        </void> 
        <void method="add"> 
         <double>102072.95010864381</double> 
        </void> 
        <void method="add"> 
         <double>102459.39433877128</double> 
        </void> 
        <void method="add"> 
         <double>102680.54882801801</double> 
        </void> 
        <void method="add"> 
         <double>103080.0854445198</double> 
        </void> 
        <void method="add"> 
         <double>103253.94814462092</double> 
        </void> 
        <void method="add"> 
         <double>101379.0724727997</double> 
        </void> 
        <void method="add"> 
         <double>99867.2243813125</double> 
        </void> 
        <void method="add"> 
         <double>100819.8072905513</double> 
        </void> 
        <void method="add"> 
         <double>100403.23157404292</double> 
        </void> 
        <void method="add"> 
         <double>100748.233492562</double> 
        </void> 
       </object> 
      </void> 
      <void property="stdev"> 
       <double>1701.2843133316278</double> 
      </void> 
     </object> 
    </void> 
    <void index="6"> 
     <object class="jmbench.tools.EvaluationMetrics"> 
      <void property="max"> 
       <double>11790.235400153628</double> 
      </void> 
      <void property="mean"> 
       <double>11645.93450838449</double> 
      </void> 
      <void property="median"> 
       <double>11657.106601924654</double> 
      </void> 
      <void property="min"> 
       <double>11416.925444936465</double> 
      </void> 
      <void property="rawResults"> 
       <object class="java.util.ArrayList"> 
        <void method="add"> 
         <double>11416.925444936465</double> 
        </void> 
        <void method="add"> 
         <double>11525.715657233563</double> 
        </void> 
        <void method="add"> 
         <double>11529.975351785997</double> 
        </void> 
        <void method="add"> 
         <double>11545.5250057767</double> 
        </void> 
        <void method="add"> 
         <double>11551.431709060213</double> 
        </void> 
        <void method="add"> 
         <double>11608.891863582743</double> 
        </void> 
        <void method="add"> 
         <double>11651.798584927361</double> 
        </void> 
        <void method="add"> 
         <double>11652.098442075896</double> 
        </void> 
        <void method="add"> 
         <double>11657.106601924654</double> 
        </void> 
        <void method="add"> 
         <double>11667.838811527805</double> 
        </void> 
        <void method="add"> 
         <double>11669.275407904535</double> 
        </void> 
        <void method="add"> 
         <double>11673.216156757831</double> 
        </void> 
        <void method="add"> 
         <double>11695.433333265983</double> 
        </void> 
        <void method="add"> 
         <double>11708.44355480735</double> 
        </void> 
        <void method="add"> 
         <double>11710.08641262219</double> 
        </void> 
        <void method="add"> 
         <double>11719.051194894768</double> 
        </void> 
        <void method="add"> 
         <double>11724.047168731771</double> 
        </void> 
        <void method="add"> 
         <double>11750.38858340354</double> 
        </void> 
        <void method="add"> 
         <double>11751.94937064771</double> 
        </void> 
        <void method="add"> 
         <double>11790.235400153628</double> 
        </void> 
        <void method="add"> 
         <double>11642.53445994426</double> 
        </void> 
        <void method="add"> 
         <double>11754.05238471951</double> 
        </void> 
        <void method="add"> 
         <double>11608.686874375564</double> 
        </void> 
        <void method="add"> 
         <double>11486.819631256882</double> 
        </void> 
        <void method="add"> 
         <double>11656.835303295315</double> 
        </void> 
       </object> 
      </void> 
      <void property="stdev"> 
       <double>90.79940528654295</double> 
      </void> 
     </object> 
    </void> 
    <void index="7"> 
     <object class="jmbench.tools.EvaluationMetrics"> 
      <void property="max"> 
       <double>1778.4637590797884</double> 
      </void> 
      <void property="mean"> 
       <double>1732.7268383664182</double> 
      </void> 
      <void property="median"> 
       <double>1743.5460050603547</double> 
      </void> 
      <void property="min"> 
       <double>1647.0061463527818</double> 
      </void> 
      <void property="rawResults"> 
       <object class="java.util.ArrayList"> 
        <void method="add"> 
         <double>1647.0061463527818</double> 
        </void> 
        <void method="add"> 
         <double>1651.8542368306057</double> 
        </void> 
        <void method="add"> 
         <double>1658.142895454504</double> 
        </void> 
        <void method="add"> 
         <double>1666.3011683494185</double> 
        </void> 
        <void method="add"> 
         <double>1677.5606765747273</double> 
        </void> 
        <void method="add"> 
         <double>1683.142969349451</double> 
        </void> 
        <void method="add"> 
         <double>1710.3960941243586</double> 
        </void> 
        <void method="add"> 
         <double>1718.7941630483022</double> 
        </void> 
        <void method="add"> 
         <double>1719.252425787094</double> 
        </void> 
        <void method="add"> 
         <double>1734.2562483349614</double> 
        </void> 
        <void method="add"> 
         <double>1735.582655887413</double> 
        </void> 
        <void method="add"> 
         <double>1743.5460050603547</double> 
        </void> 
        <void method="add"> 
         <double>1754.9076117333213</double> 
        </void> 
        <void method="add"> 
         <double>1767.1603890417384</double> 
        </void> 
        <void method="add"> 
         <double>1767.4861426146683</double> 
        </void> 
        <void method="add"> 
         <double>1769.3315013206368</double> 
        </void> 
        <void method="add"> 
         <double>1772.986232190556</double> 
        </void> 
        <void method="add"> 
         <double>1774.7205591141703</double> 
        </void> 
        <void method="add"> 
         <double>1777.4228804249412</double> 
        </void> 
        <void method="add"> 
         <double>1778.4637590797884</double> 
        </void> 
        <void method="add"> 
         <double>1723.682252915247</double> 
        </void> 
        <void method="add"> 
         <double>1761.72054026132</double> 
        </void> 
        <void method="add"> 
         <double>1776.682448678725</double> 
        </void> 
        <void method="add"> 
         <double>1777.1883742665225</double> 
        </void> 
        <void method="add"> 
         <double>1770.5825823648502</double> 
        </void> 
       </object> 
      </void> 
      <void property="stdev"> 
       <double>43.96880055151624</double> 
      </void> 
     </object> 
    </void> 
    <void index="8"> 
     <object class="jmbench.tools.EvaluationMetrics"> 
      <void property="max"> 
       <double>122.41142709146773</double> 
      </void> 
      <void property="mean"> 
       <double>120.55937741293836</double> 
      </void> 
      <void property="median"> 
       <double>120.43027742421933</double> 
      </void> 
      <void property="min"> 
       <double>119.34769555873763</double> 
      </void> 
      <void property="rawResults"> 
       <object class="java.util.ArrayList"> 
        <void method="add"> 
         <double>119.34769555873763</double> 
        </void> 
        <void method="add"> 
         <double>119.6118064492217</double> 
        </void> 
        <void method="add"> 
         <double>119.61663629083822</double> 
        </void> 
        <void method="add"> 
         <double>119.72940778734055</double> 
        </void> 
        <void method="add"> 
         <double>119.73838701457028</double> 
        </void> 
        <void method="add"> 
         <double>120.00656961952639</double> 
        </void> 
        <void method="add"> 
         <double>120.02537974452746</double> 
        </void> 
        <void method="add"> 
         <double>120.14262876344807</double> 
        </void> 
        <void method="add"> 
         <double>120.20705690789224</double> 
        </void> 
        <void method="add"> 
         <double>120.32375426614854</double> 
        </void> 
        <void method="add"> 
         <double>120.34194026724539</double> 
        </void> 
        <void method="add"> 
         <double>120.3563322408417</double> 
        </void> 
        <void method="add"> 
         <double>120.43027742421933</double> 
        </void> 
        <void method="add"> 
         <double>120.44141071058601</double> 
        </void> 
        <void method="add"> 
         <double>120.50589463091833</double> 
        </void> 
        <void method="add"> 
         <double>120.77697239532861</double> 
        </void> 
        <void method="add"> 
         <double>121.13228592378574</double> 
        </void> 
        <void method="add"> 
         <double>121.1712513411396</double> 
        </void> 
        <void method="add"> 
         <double>121.19328778127029</double> 
        </void> 
        <void method="add"> 
         <double>121.35444057197097</double> 
        </void> 
        <void method="add"> 
         <double>120.82657231835067</double> 
        </void> 
        <void method="add"> 
         <double>121.8742781750364</double> 
        </void> 
        <void method="add"> 
         <double>121.81009838145026</double> 
        </void> 
        <void method="add"> 
         <double>122.41142709146773</double> 
        </void> 
        <void method="add"> 
         <double>120.60864366759705</double> 
        </void> 
       </object> 
      </void> 
      <void property="stdev"> 
       <double>0.7553762182472175</double> 
      </void> 
     </object> 
    </void> 
    <void index="9"> 
     <object class="jmbench.tools.EvaluationMetrics"> 
      <void property="max"> 
       <double>10.849263584501772</double> 
      </void> 
      <void property="mean"> 
       <double>10.49514478121374</double> 
      </void> 
      <void property="median"> 
       <double>10.614107633282847</double> 
      </void> 
      <void property="min"> 
       <double>9.557672996414018</double> 
      </void> 
      <void property="rawResults"> 
       <object class="java.util.ArrayList"> 
        <void method="add"> 
         <double>9.557672996414018</double> 
        </void> 
        <void method="add"> 
         <double>9.92555402559117</double> 
        </void> 
        <void method="add"> 
         <double>10.046336899824272</double> 
        </void> 
        <void method="add"> 
         <double>10.288366178971296</double> 
        </void> 
        <void method="add"> 
         <double>10.372522051979288</double> 
        </void> 
        <void method="add"> 
         <double>10.37422834782821</double> 
        </void> 
        <void method="add"> 
         <double>10.510318397594947</double> 
        </void> 
        <void method="add"> 
         <double>10.5305382374035</double> 
        </void> 
        <void method="add"> 
         <double>10.608765478088133</double> 
        </void> 
        <void method="add"> 
         <double>10.614107633282847</double> 
        </void> 
        <void method="add"> 
         <double>10.64169168046179</double> 
        </void> 
        <void method="add"> 
         <double>10.642453585785542</double> 
        </void> 
        <void method="add"> 
         <double>10.646210257555714</double> 
        </void> 
        <void method="add"> 
         <double>10.66308653180925</double> 
        </void> 
        <void method="add"> 
         <double>10.695317240168375</double> 
        </void> 
        <void method="add"> 
         <double>10.715497804082128</double> 
        </void> 
        <void method="add"> 
         <double>10.716321425672177</double> 
        </void> 
        <void method="add"> 
         <double>10.751078617080964</double> 
        </void> 
        <void method="add"> 
         <double>10.766439574539422</double> 
        </void> 
        <void method="add"> 
         <double>10.849263584501772</double> 
        </void> 
        <void method="add"> 
         <double>10.240603186274141</double> 
        </void> 
        <void method="add"> 
         <double>10.287984760698892</double> 
        </void> 
        <void method="add"> 
         <double>10.44679739624251</double> 
        </void> 
        <void method="add"> 
         <double>10.708440127407602</double> 
        </void> 
        <void method="add"> 
         <double>10.779023511085553</double> 
        </void> 
       </object> 
      </void> 
      <void property="stdev"> 
       <double>0.299202188865335</double> 
      </void> 
     </object> 
    </void> 
    <void index="10"> 
     <object class="jmbench.tools.EvaluationMetrics"> 
      <void property="max"> 
       <double>1.3400677176821796</double> 
      </void> 
      <void property="mean"> 
       <double>1.2242848430388307</double> 
      </void> 
      <void property="median"> 
       <double>1.1901173127257474</double> 
      </void> 
      <void property="min"> 
       <double>1.1533645895290878</double> 
      </void> 
      <void property="rawResults"> 
       <object class="java.util.ArrayList"> 
        <void method="add"> 
         <double>1.1533645895290878</double> 
        </void> 
        <void method="add"> 
         <double>1.1554884770614526</double> 
        </void> 
        <void method="add"> 
         <double>1.1567736149595174</double> 
        </void> 
        <void method="add"> 
         <double>1.1568160688739135</double> 
        </void> 
        <void method="add"> 
         <double>1.1608534458714195</double> 
        </void> 
        <void method="add"> 
         <double>1.1626841937743313</double> 
        </void> 
        <void method="add"> 
         <double>1.1639290029834122</double> 
        </void> 
        <void method="add"> 
         <double>1.1666150707819312</double> 
        </void> 
        <void method="add"> 
         <double>1.169004343160921</double> 
        </void> 
        <void method="add"> 
         <double>1.1725816061496</double> 
        </void> 
        <void method="add"> 
         <double>1.184632715309044</double> 
        </void> 
        <void method="add"> 
         <double>1.188676207246426</double> 
        </void> 
        <void method="add"> 
         <double>1.1901173127257474</double> 
        </void> 
        <void method="add"> 
         <double>1.1913760123125328</double> 
        </void> 
        <void method="add"> 
         <double>1.2548800949661634</double> 
        </void> 
        <void method="add"> 
         <double>1.2943123292967063</double> 
        </void> 
        <void method="add"> 
         <double>1.2945757815884122</double> 
        </void> 
        <void method="add"> 
         <double>1.2982939817268289</double> 
        </void> 
        <void method="add"> 
         <double>1.3037730473938571</double> 
        </void> 
        <void method="add"> 
         <double>1.3360958201105386</double> 
        </void> 
        <void method="add"> 
         <double>1.3400677176821796</double> 
        </void> 
        <void method="add"> 
         <double>1.2775834273578521</double> 
        </void> 
        <void method="add"> 
         <double>1.2804586627514782</double> 
        </void> 
        <void method="add"> 
         <double>1.2759513833954375</double> 
        </void> 
        <void method="add"> 
         <double>1.2782161689619809</double> 
        </void> 
       </object> 
      </void> 
      <void property="stdev"> 
       <double>0.06466441320416243</double> 
      </void> 
     </object> 
    </void> 
    <void index="11"> 
     <object class="jmbench.tools.EvaluationMetrics"> 
      <void property="max"> 
       <double>0.1449997767597937</double> 
      </void> 
      <void property="mean"> 
       <double>0.13971615517793276</double> 
      </void> 
      <void property="median"> 
       <double>0.13988155077590878</double> 
      </void> 
      <void property="min"> 
       <double>0.1317956932764142</double> 
      </void> 
      <void property="rawResults"> 
       <object class="java.util.ArrayList"> 
        <void method="add"> 
         <double>0.1317956932764142</double> 
        </void> 
        <void method="add"> 
         <double>0.1320197603058209</double> 
        </void> 
        <void method="add"> 
         <double>0.13355893733281782</double> 
        </void> 
        <void method="add"> 
         <double>0.13383009051913877</double> 
        </void> 
        <void method="add"> 
         <double>0.13796042159390903</double> 
        </void> 
        <void method="add"> 
         <double>0.13909725770143133</double> 
        </void> 
        <void method="add"> 
         <double>0.13912009559001867</double> 
        </void> 
        <void method="add"> 
         <double>0.13952757695375964</double> 
        </void> 
        <void method="add"> 
         <double>0.13960594724535033</double> 
        </void> 
        <void method="add"> 
         <double>0.13976188946067328</double> 
        </void> 
        <void method="add"> 
         <double>0.13988155077590878</double> 
        </void> 
        <void method="add"> 
         <double>0.14024929109814213</double> 
        </void> 
        <void method="add"> 
         <double>0.14080801621793612</double> 
        </void> 
        <void method="add"> 
         <double>0.141145367350063</double> 
        </void> 
        <void method="add"> 
         <double>0.14142710122798954</double> 
        </void> 
        <void method="add"> 
         <double>0.141745863387945</double> 
        </void> 
        <void method="add"> 
         <double>0.14250000870425678</double> 
        </void> 
        <void method="add"> 
         <double>0.1433436851947589</double> 
        </void> 
        <void method="add"> 
         <double>0.14363151171584662</double> 
        </void> 
        <void method="add"> 
         <double>0.14497702880514501</double> 
        </void> 
        <void method="add"> 
         <double>0.13748324198718742</double> 
        </void> 
        <void method="add"> 
         <double>0.13849580952446622</double> 
        </void> 
        <void method="add"> 
         <double>0.14269459072409407</double> 
        </void> 
        <void method="add"> 
         <double>0.14324336599545215</double> 
        </void> 
        <void method="add"> 
         <double>0.1449997767597937</double> 
        </void> 
       </object> 
      </void> 
      <void property="stdev"> 
       <double>0.003625516175790408</double> 
      </void> 
     </object> 
    </void> 
   </array> 
  </void> 
  <void property="opName"> 
   <string>LU</string> 
  </void> 
 </object> 
</java> 
