<?xml version="1.0" encoding="UTF-8"?> 
<java version="1.6.0_16" class="java.beans.XMLDecoder"> 
 <object class="jmbench.tools.runtime.OperationResults"> 
  <void property="library"> 
   <object class="jmbench.impl.MatrixLibrary" method="valueOf"> 
    <string>OJALGO</string> 
   </object> 
  </void> 
  <void property="matDimen"> 
   <array class="int" length="12"> 
    <void index="0"> 
     <int>2</int> 
    </void> 
    <void index="1"> 
     <int>3</int> 
    </void> 
    <void index="2"> 
     <int>4</int> 
    </void> 
    <void index="3"> 
     <int>5</int> 
    </void> 
    <void index="4"> 
     <int>10</int> 
    </void> 
    <void index="5"> 
     <int>20</int> 
    </void> 
    <void index="6"> 
     <int>50</int> 
    </void> 
    <void index="7"> 
     <int>100</int> 
    </void> 
    <void index="8"> 
     <int>200</int> 
    </void> 
    <void index="9"> 
     <int>500</int> 
    </void> 
    <void index="10"> 
     <int>1000</int> 
    </void> 
    <void index="11"> 
     <int>2000</int> 
    </void> 
   </array> 
  </void> 
  <void property="metrics"> 
   <array class="jmbench.tools.EvaluationMetrics" length="12"> 
    <void index="0"> 
     <object class="jmbench.tools.EvaluationMetrics"> 
      <void property="max"> 
       <double>6703205.33606459</double> 
      </void> 
      <void property="mean"> 
       <double>6510540.285723436</double> 
      </void> 
      <void property="median"> 
       <double>6519376.56466125</double> 
      </void> 
      <void property="min"> 
       <double>6255655.922749656</double> 
      </void> 
      <void property="rawResults"> 
       <object class="java.util.ArrayList"> 
        <void method="add"> 
         <double>6432473.597936825</double> 
        </void> 
        <void method="add"> 
         <double>6460292.732744889</double> 
        </void> 
        <void method="add"> 
         <double>6463862.537186523</double> 
        </void> 
        <void method="add"> 
         <double>6469328.402013238</double> 
        </void> 
        <void method="add"> 
         <double>6475835.893615671</double> 
        </void> 
        <void method="add"> 
         <double>6488812.357707414</double> 
        </void> 
        <void method="add"> 
         <double>6513948.561064222</double> 
        </void> 
        <void method="add"> 
         <double>6519376.56466125</double> 
        </void> 
        <void method="add"> 
         <double>6545703.807195738</double> 
        </void> 
        <void method="add"> 
         <double>6546366.948398742</double> 
        </void> 
        <void method="add"> 
         <double>6550976.990067565</double> 
        </void> 
        <void method="add"> 
         <double>6623510.372961439</double> 
        </void> 
        <void method="add"> 
         <double>6627278.962262894</double> 
        </void> 
        <void method="add"> 
         <double>6628065.383635745</double> 
        </void> 
        <void method="add"> 
         <double>6637497.850399318</double> 
        </void> 
        <void method="add"> 
         <double>6671312.7760181865</double> 
        </void> 
        <void method="add"> 
         <double>6678052.959290555</double> 
        </void> 
        <void method="add"> 
         <double>6682700.056061184</double> 
        </void> 
        <void method="add"> 
         <double>6688500.149648147</double> 
        </void> 
        <void method="add"> 
         <double>6703205.33606459</double> 
        </void> 
        <void method="add"> 
         <double>6266992.995572142</double> 
        </void> 
        <void method="add"> 
         <double>6275470.49125016</double> 
        </void> 
        <void method="add"> 
         <double>6271928.534398222</double> 
        </void> 
        <void method="add"> 
         <double>6255655.922749656</double> 
        </void> 
        <void method="add"> 
         <double>6286356.960181598</double> 
        </void> 
       </object> 
      </void> 
      <void property="stdev"> 
       <double>143360.80388441827</double> 
      </void> 
     </object> 
    </void> 
    <void index="1"> 
     <object class="jmbench.tools.EvaluationMetrics"> 
      <void property="max"> 
       <double>4684778.80981706</double> 
      </void> 
      <void property="mean"> 
       <double>4551814.665617256</double> 
      </void> 
      <void property="median"> 
       <double>4597979.397954508</double> 
      </void> 
      <void property="min"> 
       <double>4207186.259869303</double> 
      </void> 
      <void property="rawResults"> 
       <object class="java.util.ArrayList"> 
        <void method="add"> 
         <double>4207186.259869303</double> 
        </void> 
        <void method="add"> 
         <double>4286264.289987569</double> 
        </void> 
        <void method="add"> 
         <double>4358451.11698465</double> 
        </void> 
        <void method="add"> 
         <double>4432949.939461589</double> 
        </void> 
        <void method="add"> 
         <double>4442847.970713518</double> 
        </void> 
        <void method="add"> 
         <double>4452384.209997873</double> 
        </void> 
        <void method="add"> 
         <double>4461867.512439028</double> 
        </void> 
        <void method="add"> 
         <double>4464692.956851916</double> 
        </void> 
        <void method="add"> 
         <double>4513373.23505211</double> 
        </void> 
        <void method="add"> 
         <double>4577943.300034505</double> 
        </void> 
        <void method="add"> 
         <double>4650404.256217569</double> 
        </void> 
        <void method="add"> 
         <double>4652656.634041096</double> 
        </void> 
        <void method="add"> 
         <double>4653619.661021508</double> 
        </void> 
        <void method="add"> 
         <double>4654115.065049717</double> 
        </void> 
        <void method="add"> 
         <double>4661808.294444974</double> 
        </void> 
        <void method="add"> 
         <double>4671379.165238809</double> 
        </void> 
        <void method="add"> 
         <double>4673591.502838623</double> 
        </void> 
        <void method="add"> 
         <double>4676283.9425717965</double> 
        </void> 
        <void method="add"> 
         <double>4676523.827533859</double> 
        </void> 
        <void method="add"> 
         <double>4684778.80981706</double> 
        </void> 
        <void method="add"> 
         <double>4576776.794476634</double> 
        </void> 
        <void method="add"> 
         <double>4600903.21474384</double> 
        </void> 
        <void method="add"> 
         <double>4562114.58818125</double> 
        </void> 
        <void method="add"> 
         <double>4597979.397954508</double> 
        </void> 
        <void method="add"> 
         <double>4604470.694908104</double> 
        </void> 
       </object> 
      </void> 
      <void property="stdev"> 
       <double>129478.18026826519</double> 
      </void> 
     </object> 
    </void> 
    <void index="2"> 
     <object class="jmbench.tools.EvaluationMetrics"> 
      <void property="max"> 
       <double>2957640.3370017866</double> 
      </void> 
      <void property="mean"> 
       <double>2748905.501514266</double> 
      </void> 
      <void property="median"> 
       <double>2741740.227254346</double> 
      </void> 
      <void property="min"> 
       <double>2471514.106772535</double> 
      </void> 
      <void property="rawResults"> 
       <object class="java.util.ArrayList"> 
        <void method="add"> 
         <double>2471514.106772535</double> 
        </void> 
        <void method="add"> 
         <double>2589585.007635532</double> 
        </void> 
        <void method="add"> 
         <double>2599113.5068186265</double> 
        </void> 
        <void method="add"> 
         <double>2645277.094717984</double> 
        </void> 
        <void method="add"> 
         <double>2648555.3982615056</double> 
        </void> 
        <void method="add"> 
         <double>2697760.5558513445</double> 
        </void> 
        <void method="add"> 
         <double>2700901.9961382737</double> 
        </void> 
        <void method="add"> 
         <double>2707875.3638506723</double> 
        </void> 
        <void method="add"> 
         <double>2708488.9326449465</double> 
        </void> 
        <void method="add"> 
         <double>2710767.3931443184</double> 
        </void> 
        <void method="add"> 
         <double>2738779.2427766896</double> 
        </void> 
        <void method="add"> 
         <double>2741420.971512738</double> 
        </void> 
        <void method="add"> 
         <double>2741740.227254346</double> 
        </void> 
        <void method="add"> 
         <double>2747924.287998589</double> 
        </void> 
        <void method="add"> 
         <double>2748367.7748693307</double> 
        </void> 
        <void method="add"> 
         <double>2941563.017900226</double> 
        </void> 
        <void method="add"> 
         <double>2942858.6708344636</double> 
        </void> 
        <void method="add"> 
         <double>2943567.6805981854</double> 
        </void> 
        <void method="add"> 
         <double>2946439.617353558</double> 
        </void> 
        <void method="add"> 
         <double>2957640.3370017866</double> 
        </void> 
        <void method="add"> 
         <double>2753152.4222881272</double> 
        </void> 
        <void method="add"> 
         <double>2757997.4974545753</double> 
        </void> 
        <void method="add"> 
         <double>2759084.161820276</double> 
        </void> 
        <void method="add"> 
         <double>2760528.7183333933</double> 
        </void> 
        <void method="add"> 
         <double>2761733.554024612</double> 
        </void> 
       </object> 
      </void> 
      <void property="stdev"> 
       <double>118524.33590867367</double> 
      </void> 
     </object> 
    </void> 
    <void index="3"> 
     <object class="jmbench.tools.EvaluationMetrics"> 
      <void property="max"> 
       <double>2184557.4594468465</double> 
      </void> 
      <void property="mean"> 
       <double>2160707.6199909793</double> 
      </void> 
      <void property="median"> 
       <double>2165956.284561015</double> 
      </void> 
      <void property="min"> 
       <double>2108696.836681787</double> 
      </void> 
      <void property="rawResults"> 
       <object class="java.util.ArrayList"> 
        <void method="add"> 
         <double>2108696.836681787</double> 
        </void> 
        <void method="add"> 
         <double>2123182.5917437277</double> 
        </void> 
        <void method="add"> 
         <double>2125547.868798141</double> 
        </void> 
        <void method="add"> 
         <double>2125896.6078587677</double> 
        </void> 
        <void method="add"> 
         <double>2142616.539012894</double> 
        </void> 
        <void method="add"> 
         <double>2143814.7506765737</double> 
        </void> 
        <void method="add"> 
         <double>2162888.529855295</double> 
        </void> 
        <void method="add"> 
         <double>2164535.4500115984</double> 
        </void> 
        <void method="add"> 
         <double>2165956.284561015</double> 
        </void> 
        <void method="add"> 
         <double>2168108.604855553</double> 
        </void> 
        <void method="add"> 
         <double>2173452.266059137</double> 
        </void> 
        <void method="add"> 
         <double>2173841.964071606</double> 
        </void> 
        <void method="add"> 
         <double>2174378.131773913</double> 
        </void> 
        <void method="add"> 
         <double>2176079.2268705936</double> 
        </void> 
        <void method="add"> 
         <double>2177161.6632497474</double> 
        </void> 
        <void method="add"> 
         <double>2180363.390762745</double> 
        </void> 
        <void method="add"> 
         <double>2181679.6817166493</double> 
        </void> 
        <void method="add"> 
         <double>2181778.9759204364</double> 
        </void> 
        <void method="add"> 
         <double>2183307.204422197</double> 
        </void> 
        <void method="add"> 
         <double>2184557.4594468465</double> 
        </void> 
        <void method="add"> 
         <double>2163896.6803921373</double> 
        </void> 
        <void method="add"> 
         <double>2168362.1933415523</double> 
        </void> 
        <void method="add"> 
         <double>2153358.2462902316</double> 
        </void> 
        <void method="add"> 
         <double>2150349.3136995183</double> 
        </void> 
        <void method="add"> 
         <double>2163880.037701829</double> 
        </void> 
       </object> 
      </void> 
      <void property="stdev"> 
       <double>20875.21315647255</double> 
      </void> 
     </object> 
    </void> 
    <void index="4"> 
     <object class="jmbench.tools.EvaluationMetrics"> 
      <void property="max"> 
       <double>372141.7201832568</double> 
      </void> 
      <void property="mean"> 
       <double>353495.1076318694</double> 
      </void> 
      <void property="median"> 
       <double>356848.7830952815</double> 
      </void> 
      <void property="min"> 
       <double>321567.47505326004</double> 
      </void> 
      <void property="rawResults"> 
       <object class="java.util.ArrayList"> 
        <void method="add"> 
         <double>333863.0453965674</double> 
        </void> 
        <void method="add"> 
         <double>348958.40716559085</double> 
        </void> 
        <void method="add"> 
         <double>349880.5078130287</double> 
        </void> 
        <void method="add"> 
         <double>352701.29929693433</double> 
        </void> 
        <void method="add"> 
         <double>354225.27323594334</double> 
        </void> 
        <void method="add"> 
         <double>354918.69066599646</double> 
        </void> 
        <void method="add"> 
         <double>355092.8191624694</double> 
        </void> 
        <void method="add"> 
         <double>356848.7830952815</double> 
        </void> 
        <void method="add"> 
         <double>359890.67743096204</double> 
        </void> 
        <void method="add"> 
         <double>360221.70248757926</double> 
        </void> 
        <void method="add"> 
         <double>360843.8715106828</double> 
        </void> 
        <void method="add"> 
         <double>362011.8848847818</double> 
        </void> 
        <void method="add"> 
         <double>363424.4674517998</double> 
        </void> 
        <void method="add"> 
         <double>363549.835728146</double> 
        </void> 
        <void method="add"> 
         <double>363705.82945812924</double> 
        </void> 
        <void method="add"> 
         <double>364010.94033697195</double> 
        </void> 
        <void method="add"> 
         <double>365985.3976416492</double> 
        </void> 
        <void method="add"> 
         <double>366459.071806517</double> 
        </void> 
        <void method="add"> 
         <double>367780.6397014987</double> 
        </void> 
        <void method="add"> 
         <double>372141.7201832568</double> 
        </void> 
        <void method="add"> 
         <double>332294.7871257807</double> 
        </void> 
        <void method="add"> 
         <double>321567.47505326004</double> 
        </void> 
        <void method="add"> 
         <double>340446.16539216484</double> 
        </void> 
        <void method="add"> 
         <double>327619.9750533828</double> 
        </void> 
        <void method="add"> 
         <double>338934.42371835775</double> 
        </void> 
       </object> 
      </void> 
      <void property="stdev"> 
       <double>13356.28477820799</double> 
      </void> 
     </object> 
    </void> 
    <void index="5"> 
     <object class="jmbench.tools.EvaluationMetrics"> 
      <void property="max"> 
       <double>79206.68925219365</double> 
      </void> 
      <void property="mean"> 
       <double>78289.50155160499</double> 
      </void> 
      <void property="median"> 
       <double>78407.66338977529</double> 
      </void> 
      <void property="min"> 
       <double>77177.47628728236</double> 
      </void> 
      <void property="rawResults"> 
       <object class="java.util.ArrayList"> 
        <void method="add"> 
         <double>77177.47628728236</double> 
        </void> 
        <void method="add"> 
         <double>77758.71705687324</double> 
        </void> 
        <void method="add"> 
         <double>77794.84730507867</double> 
        </void> 
        <void method="add"> 
         <double>77910.27995521661</double> 
        </void> 
        <void method="add"> 
         <double>78222.98319282636</double> 
        </void> 
        <void method="add"> 
         <double>78235.36087011971</double> 
        </void> 
        <void method="add"> 
         <double>78305.35807940182</double> 
        </void> 
        <void method="add"> 
         <double>78316.41359174035</double> 
        </void> 
        <void method="add"> 
         <double>78407.66338977529</double> 
        </void> 
        <void method="add"> 
         <double>78469.01409125354</double> 
        </void> 
        <void method="add"> 
         <double>78471.12609242194</double> 
        </void> 
        <void method="add"> 
         <double>78487.96792268181</double> 
        </void> 
        <void method="add"> 
         <double>78489.8579933332</double> 
        </void> 
        <void method="add"> 
         <double>78521.51535615225</double> 
        </void> 
        <void method="add"> 
         <double>78559.16296042148</double> 
        </void> 
        <void method="add"> 
         <double>78565.298274122</double> 
        </void> 
        <void method="add"> 
         <double>78692.79579766246</double> 
        </void> 
        <void method="add"> 
         <double>79083.57596170185</double> 
        </void> 
        <void method="add"> 
         <double>79130.95601178093</double> 
        </void> 
        <void method="add"> 
         <double>79206.68925219365</double> 
        </void> 
        <void method="add"> 
         <double>78138.49170849327</double> 
        </void> 
        <void method="add"> 
         <double>77885.5481631352</double> 
        </void> 
        <void method="add"> 
         <double>77279.42107147507</double> 
        </void> 
        <void method="add"> 
         <double>77714.93102759226</double> 
        </void> 
        <void method="add"> 
         <double>78412.08737738937</double> 
        </void> 
       </object> 
      </void> 
      <void property="stdev"> 
       <double>496.8040310664578</double> 
      </void> 
     </object> 
    </void> 
    <void index="6"> 
     <object class="jmbench.tools.EvaluationMetrics"> 
      <void property="max"> 
       <double>6350.05546773618</double> 
      </void> 
      <void property="mean"> 
       <double>6324.577312489879</double> 
      </void> 
      <void property="median"> 
       <double>6336.938053255781</double> 
      </void> 
      <void property="min"> 
       <double>6248.295038536039</double> 
      </void> 
      <void property="rawResults"> 
       <object class="java.util.ArrayList"> 
        <void method="add"> 
         <double>6299.635081194852</double> 
        </void> 
        <void method="add"> 
         <double>6316.68112774661</double> 
        </void> 
        <void method="add"> 
         <double>6317.425064341991</double> 
        </void> 
        <void method="add"> 
         <double>6328.036542979746</double> 
        </void> 
        <void method="add"> 
         <double>6330.839719006031</double> 
        </void> 
        <void method="add"> 
         <double>6334.002381594923</double> 
        </void> 
        <void method="add"> 
         <double>6335.371754956367</double> 
        </void> 
        <void method="add"> 
         <double>6336.938053255781</double> 
        </void> 
        <void method="add"> 
         <double>6338.679195630067</double> 
        </void> 
        <void method="add"> 
         <double>6338.981478134922</double> 
        </void> 
        <void method="add"> 
         <double>6339.597160292288</double> 
        </void> 
        <void method="add"> 
         <double>6340.174141565711</double> 
        </void> 
        <void method="add"> 
         <double>6341.106174886259</double> 
        </void> 
        <void method="add"> 
         <double>6344.777318645484</double> 
        </void> 
        <void method="add"> 
         <double>6345.029422671689</double> 
        </void> 
        <void method="add"> 
         <double>6345.589201290388</double> 
        </void> 
        <void method="add"> 
         <double>6346.199503450014</double> 
        </void> 
        <void method="add"> 
         <double>6346.579339441689</double> 
        </void> 
        <void method="add"> 
         <double>6348.9717137554435</double> 
        </void> 
        <void method="add"> 
         <double>6350.05546773618</double> 
        </void> 
        <void method="add"> 
         <double>6278.404379247975</double> 
        </void> 
        <void method="add"> 
         <double>6284.877869007375</double> 
        </void> 
        <void method="add"> 
         <double>6248.295038536039</double> 
        </void> 
        <void method="add"> 
         <double>6288.905000667986</double> 
        </void> 
        <void method="add"> 
         <double>6289.28068221114</double> 
        </void> 
       </object> 
      </void> 
      <void property="stdev"> 
       <double>26.68508446909017</double> 
      </void> 
     </object> 
    </void> 
    <void index="7"> 
     <object class="jmbench.tools.EvaluationMetrics"> 
      <void property="max"> 
       <double>1531.930812398553</double> 
      </void> 
      <void property="mean"> 
       <double>1459.5846260067403</double> 
      </void> 
      <void property="median"> 
       <double>1502.8081760879943</double> 
      </void> 
      <void property="min"> 
       <double>1242.8632751428854</double> 
      </void> 
      <void property="rawResults"> 
       <object class="java.util.ArrayList"> 
        <void method="add"> 
         <double>1242.8632751428854</double> 
        </void> 
        <void method="add"> 
         <double>1252.4070464094696</double> 
        </void> 
        <void method="add"> 
         <double>1263.266454621151</double> 
        </void> 
        <void method="add"> 
         <double>1273.6635954753658</double> 
        </void> 
        <void method="add"> 
         <double>1275.4205633800998</double> 
        </void> 
        <void method="add"> 
         <double>1473.2407846995527</double> 
        </void> 
        <void method="add"> 
         <double>1482.5120743954196</double> 
        </void> 
        <void method="add"> 
         <double>1488.976542358879</double> 
        </void> 
        <void method="add"> 
         <double>1494.2918369444724</double> 
        </void> 
        <void method="add"> 
         <double>1497.350444279951</double> 
        </void> 
        <void method="add"> 
         <double>1502.8081760879943</double> 
        </void> 
        <void method="add"> 
         <double>1502.9499248062577</double> 
        </void> 
        <void method="add"> 
         <double>1519.5755379920336</double> 
        </void> 
        <void method="add"> 
         <double>1520.400619713296</double> 
        </void> 
        <void method="add"> 
         <double>1522.843585935472</double> 
        </void> 
        <void method="add"> 
         <double>1523.1662749292464</double> 
        </void> 
        <void method="add"> 
         <double>1528.499907400669</double> 
        </void> 
        <void method="add"> 
         <double>1529.72341924133</double> 
        </void> 
        <void method="add"> 
         <double>1530.393209864108</double> 
        </void> 
        <void method="add"> 
         <double>1531.930812398553</double> 
        </void> 
        <void method="add"> 
         <double>1480.5428248304106</double> 
        </void> 
        <void method="add"> 
         <double>1497.231371285067</double> 
        </void> 
        <void method="add"> 
         <double>1507.4544958777435</double> 
        </void> 
        <void method="add"> 
         <double>1520.354819231227</double> 
        </void> 
        <void method="add"> 
         <double>1527.74805286786</double> 
        </void> 
       </object> 
      </void> 
      <void property="stdev"> 
       <double>100.52183663414345</double> 
      </void> 
     </object> 
    </void> 
    <void index="8"> 
     <object class="jmbench.tools.EvaluationMetrics"> 
      <void property="max"> 
       <double>391.6720578065777</double> 
      </void> 
      <void property="mean"> 
       <double>381.6908127629571</double> 
      </void> 
      <void property="median"> 
       <double>388.7038198833947</double> 
      </void> 
      <void property="min"> 
       <double>302.11406698073404</double> 
      </void> 
      <void property="rawResults"> 
       <object class="java.util.ArrayList"> 
        <void method="add"> 
         <double>302.11406698073404</double> 
        </void> 
        <void method="add"> 
         <double>324.51345076342926</double> 
        </void> 
        <void method="add"> 
         <double>371.9671908127252</double> 
        </void> 
        <void method="add"> 
         <double>382.1543469713851</double> 
        </void> 
        <void method="add"> 
         <double>383.0884973511542</double> 
        </void> 
        <void method="add"> 
         <double>384.7679654083562</double> 
        </void> 
        <void method="add"> 
         <double>386.2637809285523</double> 
        </void> 
        <void method="add"> 
         <double>387.94248744239314</double> 
        </void> 
        <void method="add"> 
         <double>388.16849852015037</double> 
        </void> 
        <void method="add"> 
         <double>388.4775025142164</double> 
        </void> 
        <void method="add"> 
         <double>388.7038198833947</double> 
        </void> 
        <void method="add"> 
         <double>388.7328728778081</double> 
        </void> 
        <void method="add"> 
         <double>389.36309160692923</double> 
        </void> 
        <void method="add"> 
         <double>389.5315178225269</double> 
        </void> 
        <void method="add"> 
         <double>389.8797477478032</double> 
        </void> 
        <void method="add"> 
         <double>389.93574687880806</double> 
        </void> 
        <void method="add"> 
         <double>390.3538075829377</double> 
        </void> 
        <void method="add"> 
         <double>390.41698799337377</double> 
        </void> 
        <void method="add"> 
         <double>390.46431478295943</double> 
        </void> 
        <void method="add"> 
         <double>391.6720578065777</double> 
        </void> 
        <void method="add"> 
         <double>384.2207473148593</double> 
        </void> 
        <void method="add"> 
         <double>388.6426487529915</double> 
        </void> 
        <void method="add"> 
         <double>390.59617152258255</double> 
        </void> 
        <void method="add"> 
         <double>389.60738211632315</double> 
        </void> 
        <void method="add"> 
         <double>390.6916166909536</double> 
        </void> 
       </object> 
      </void> 
      <void property="stdev"> 
       <double>20.799591402616166</double> 
      </void> 
     </object> 
    </void> 
    <void index="9"> 
     <object class="jmbench.tools.EvaluationMetrics"> 
      <void property="max"> 
       <double>26.803428889372494</double> 
      </void> 
      <void property="mean"> 
       <double>23.14324473088407</double> 
      </void> 
      <void property="median"> 
       <double>23.93799973664595</double> 
      </void> 
      <void property="min"> 
       <double>15.075463451546307</double> 
      </void> 
      <void property="rawResults"> 
       <object class="java.util.ArrayList"> 
        <void method="add"> 
         <double>15.075463451546307</double> 
        </void> 
        <void method="add"> 
         <double>18.158817091298932</double> 
        </void> 
        <void method="add"> 
         <double>18.188211903239054</double> 
        </void> 
        <void method="add"> 
         <double>19.68158735892789</double> 
        </void> 
        <void method="add"> 
         <double>21.411024000806435</double> 
        </void> 
        <void method="add"> 
         <double>22.078493915755455</double> 
        </void> 
        <void method="add"> 
         <double>23.268307314781687</double> 
        </void> 
        <void method="add"> 
         <double>23.668761673718397</double> 
        </void> 
        <void method="add"> 
         <double>23.88492582564579</double> 
        </void> 
        <void method="add"> 
         <double>23.902183882344602</double> 
        </void> 
        <void method="add"> 
         <double>24.14032513874202</double> 
        </void> 
        <void method="add"> 
         <double>24.248904906397325</double> 
        </void> 
        <void method="add"> 
         <double>24.28816516253484</double> 
        </void> 
        <void method="add"> 
         <double>24.79949543526316</double> 
        </void> 
        <void method="add"> 
         <double>25.48185877327087</double> 
        </void> 
        <void method="add"> 
         <double>25.547386087888786</double> 
        </void> 
        <void method="add"> 
         <double>25.68691528139951</double> 
        </void> 
        <void method="add"> 
         <double>25.771522011505915</double> 
        </void> 
        <void method="add"> 
         <double>25.773367483384188</double> 
        </void> 
        <void method="add"> 
         <double>26.005516948836462</double> 
        </void> 
        <void method="add"> 
         <double>26.803428889372494</double> 
        </void> 
        <void method="add"> 
         <double>23.93799973664595</double> 
        </void> 
        <void method="add"> 
         <double>25.24310101982184</double> 
        </void> 
        <void method="add"> 
         <double>19.120146401592397</double> 
        </void> 
        <void method="add"> 
         <double>22.415208577381623</double> 
        </void> 
       </object> 
      </void> 
      <void property="stdev"> 
       <double>2.920153881313819</double> 
      </void> 
     </object> 
    </void> 
    <void index="10"> 
     <object class="jmbench.tools.EvaluationMetrics"> 
      <void property="max"> 
       <double>1.729107916053746</double> 
      </void> 
      <void property="mean"> 
       <double>1.6472231593379614</double> 
      </void> 
      <void property="median"> 
       <double>1.6862295333540496</double> 
      </void> 
      <void property="min"> 
       <double>1.3679079387725255</double> 
      </void> 
      <void property="rawResults"> 
       <object class="java.util.ArrayList"> 
        <void method="add"> 
         <double>1.3679079387725255</double> 
        </void> 
        <void method="add"> 
         <double>1.5752091988474515</double> 
        </void> 
        <void method="add"> 
         <double>1.6016465762222418</double> 
        </void> 
        <void method="add"> 
         <double>1.6066399468501442</double> 
        </void> 
        <void method="add"> 
         <double>1.612300170932356</double> 
        </void> 
        <void method="add"> 
         <double>1.6464728030521072</double> 
        </void> 
        <void method="add"> 
         <double>1.677472987257581</double> 
        </void> 
        <void method="add"> 
         <double>1.6818244241643538</double> 
        </void> 
        <void method="add"> 
         <double>1.6848747662357995</double> 
        </void> 
        <void method="add"> 
         <double>1.6855949767975156</double> 
        </void> 
        <void method="add"> 
         <double>1.6862295333540496</double> 
        </void> 
        <void method="add"> 
         <double>1.6863627678037705</double> 
        </void> 
        <void method="add"> 
         <double>1.6926508993080296</double> 
        </void> 
        <void method="add"> 
         <double>1.6940808940336185</double> 
        </void> 
        <void method="add"> 
         <double>1.6942864011736254</double> 
        </void> 
        <void method="add"> 
         <double>1.6971618429820565</double> 
        </void> 
        <void method="add"> 
         <double>1.7008566067784037</double> 
        </void> 
        <void method="add"> 
         <double>1.7058160030034895</double> 
        </void> 
        <void method="add"> 
         <double>1.7102704501936798</double> 
        </void> 
        <void method="add"> 
         <double>1.729107916053746</double> 
        </void> 
        <void method="add"> 
         <double>1.4812275288618777</double> 
        </void> 
        <void method="add"> 
         <double>1.4654735373958085</double> 
        </void> 
        <void method="add"> 
         <double>1.7034979927940381</double> 
        </void> 
        <void method="add"> 
         <double>1.703786140470597</double> 
        </void> 
        <void method="add"> 
         <double>1.6898266801101767</double> 
        </void> 
       </object> 
      </void> 
      <void property="stdev"> 
       <double>0.08739102950026768</double> 
      </void> 
     </object> 
    </void> 
    <void index="11"> 
     <object class="jmbench.tools.EvaluationMetrics"> 
      <void property="max"> 
       <double>0.2136990439496698</double> 
      </void> 
      <void property="mean"> 
       <double>0.15741420280662294</double> 
      </void> 
      <void property="median"> 
       <double>0.1561033653282073</double> 
      </void> 
      <void property="min"> 
       <double>0.10835103474752228</double> 
      </void> 
      <void property="rawResults"> 
       <object class="java.util.ArrayList"> 
        <void method="add"> 
         <double>0.10835103474752228</double> 
        </void> 
        <void method="add"> 
         <double>0.11386900799617768</double> 
        </void> 
        <void method="add"> 
         <double>0.13814060319041338</double> 
        </void> 
        <void method="add"> 
         <double>0.13842913734579035</double> 
        </void> 
        <void method="add"> 
         <double>0.14163140771891744</double> 
        </void> 
        <void method="add"> 
         <double>0.14395982077025923</double> 
        </void> 
        <void method="add"> 
         <double>0.14767271326624964</double> 
        </void> 
        <void method="add"> 
         <double>0.1528103202041422</double> 
        </void> 
        <void method="add"> 
         <double>0.1561033653282073</double> 
        </void> 
        <void method="add"> 
         <double>0.16115248940229845</double> 
        </void> 
        <void method="add"> 
         <double>0.1639232835577447</double> 
        </void> 
        <void method="add"> 
         <double>0.1641447450797417</double> 
        </void> 
        <void method="add"> 
         <double>0.1712853679639022</double> 
        </void> 
        <void method="add"> 
         <double>0.1779119201077741</double> 
        </void> 
        <void method="add"> 
         <double>0.1787252339864642</double> 
        </void> 
        <void method="add"> 
         <double>0.17940875720987082</double> 
        </void> 
        <void method="add"> 
         <double>0.18068133244346235</double> 
        </void> 
        <void method="add"> 
         <double>0.19247783286596437</double> 
        </void> 
        <void method="add"> 
         <double>0.2109690907885516</double> 
        </void> 
        <void method="add"> 
         <double>0.2136990439496698</double> 
        </void> 
        <void method="add"> 
         <double>0.12721720934717734</double> 
        </void> 
        <void method="add"> 
         <double>0.12872795953587463</double> 
        </void> 
        <void method="add"> 
         <double>0.17546600203354953</double> 
        </void> 
        <void method="add"> 
         <double>0.11932857311576153</double> 
        </void> 
        <void method="add"> 
         <double>0.14926881821008722</double> 
        </void> 
       </object> 
      </void> 
      <void property="stdev"> 
       <double>0.027290844943354337</double> 
      </void> 
     </object> 
    </void> 
   </array> 
  </void> 
  <void property="opName"> 
   <string>Mult c=a*b</string> 
  </void> 
 </object> 
</java> 
