<?xml version="1.0" encoding="UTF-8"?> 
<java version="1.6.0_16" class="java.beans.XMLDecoder"> 
 <object class="jmbench.tools.runtime.OperationResults"> 
  <void property="library"> 
   <object class="jmbench.impl.MatrixLibrary" method="valueOf"> 
    <string>OJALGO</string> 
   </object> 
  </void> 
  <void property="matDimen"> 
   <array class="int" length="12"> 
    <void index="0"> 
     <int>2</int> 
    </void> 
    <void index="1"> 
     <int>3</int> 
    </void> 
    <void index="2"> 
     <int>4</int> 
    </void> 
    <void index="3"> 
     <int>5</int> 
    </void> 
    <void index="4"> 
     <int>10</int> 
    </void> 
    <void index="5"> 
     <int>20</int> 
    </void> 
    <void index="6"> 
     <int>50</int> 
    </void> 
    <void index="7"> 
     <int>100</int> 
    </void> 
    <void index="8"> 
     <int>200</int> 
    </void> 
    <void index="9"> 
     <int>500</int> 
    </void> 
    <void index="10"> 
     <int>1000</int> 
    </void> 
    <void index="11"> 
     <int>2000</int> 
    </void> 
   </array> 
  </void> 
  <void property="metrics"> 
   <array class="jmbench.tools.EvaluationMetrics" length="12"> 
    <void index="0"> 
     <object class="jmbench.tools.EvaluationMetrics"> 
      <void property="max"> 
       <double>3447067.1933499076</double> 
      </void> 
      <void property="mean"> 
       <double>3264609.7101920736</double> 
      </void> 
      <void property="median"> 
       <double>3294017.3817437924</double> 
      </void> 
      <void property="min"> 
       <double>3011930.0962638278</double> 
      </void> 
      <void property="rawResults"> 
       <object class="java.util.ArrayList"> 
        <void method="add"> 
         <double>3011930.0962638278</double> 
        </void> 
        <void method="add"> 
         <double>3050718.001977974</double> 
        </void> 
        <void method="add"> 
         <double>3097946.288428089</double> 
        </void> 
        <void method="add"> 
         <double>3117125.201232274</double> 
        </void> 
        <void method="add"> 
         <double>3150134.8080491996</double> 
        </void> 
        <void method="add"> 
         <double>3165365.8430136433</double> 
        </void> 
        <void method="add"> 
         <double>3184356.5584338675</double> 
        </void> 
        <void method="add"> 
         <double>3273173.7010107716</double> 
        </void> 
        <void method="add"> 
         <double>3290515.6765089864</double> 
        </void> 
        <void method="add"> 
         <double>3294017.3817437924</double> 
        </void> 
        <void method="add"> 
         <double>3303427.556038877</double> 
        </void> 
        <void method="add"> 
         <double>3304347.8998846286</double> 
        </void> 
        <void method="add"> 
         <double>3304720.025902023</double> 
        </void> 
        <void method="add"> 
         <double>3315626.4631040622</double> 
        </void> 
        <void method="add"> 
         <double>3315849.2344727637</double> 
        </void> 
        <void method="add"> 
         <double>3380825.4559733486</double> 
        </void> 
        <void method="add"> 
         <double>3400097.5988214333</double> 
        </void> 
        <void method="add"> 
         <double>3424336.131233166</double> 
        </void> 
        <void method="add"> 
         <double>3435078.0743776374</double> 
        </void> 
        <void method="add"> 
         <double>3447067.1933499076</double> 
        </void> 
        <void method="add"> 
         <double>3353765.2162389564</double> 
        </void> 
        <void method="add"> 
         <double>3278953.925048502</double> 
        </void> 
        <void method="add"> 
         <double>3045003.4307334214</double> 
        </void> 
        <void method="add"> 
         <double>3292314.09720173</double> 
        </void> 
        <void method="add"> 
         <double>3378546.895758968</double> 
        </void> 
       </object> 
      </void> 
      <void property="stdev"> 
       <double>124885.24129772504</double> 
      </void> 
     </object> 
    </void> 
    <void index="1"> 
     <object class="jmbench.tools.EvaluationMetrics"> 
      <void property="max"> 
       <double>2765582.624136437</double> 
      </void> 
      <void property="mean"> 
       <double>2699397.5434706076</double> 
      </void> 
      <void property="median"> 
       <double>2685694.2896957737</double> 
      </void> 
      <void property="min"> 
       <double>2568247.159904152</double> 
      </void> 
      <void property="rawResults"> 
       <object class="java.util.ArrayList"> 
        <void method="add"> 
         <double>2568247.159904152</double> 
        </void> 
        <void method="add"> 
         <double>2568986.83290535</double> 
        </void> 
        <void method="add"> 
         <double>2675257.611438657</double> 
        </void> 
        <void method="add"> 
         <double>2676548.006371606</double> 
        </void> 
        <void method="add"> 
         <double>2676929.5212859395</double> 
        </void> 
        <void method="add"> 
         <double>2681352.7572620874</double> 
        </void> 
        <void method="add"> 
         <double>2683483.625557399</double> 
        </void> 
        <void method="add"> 
         <double>2684817.645363214</double> 
        </void> 
        <void method="add"> 
         <double>2685534.8903974425</double> 
        </void> 
        <void method="add"> 
         <double>2690314.051712415</double> 
        </void> 
        <void method="add"> 
         <double>2694412.5703660254</double> 
        </void> 
        <void method="add"> 
         <double>2707859.973627758</double> 
        </void> 
        <void method="add"> 
         <double>2749438.8903197525</double> 
        </void> 
        <void method="add"> 
         <double>2755328.465867046</double> 
        </void> 
        <void method="add"> 
         <double>2760102.489599829</double> 
        </void> 
        <void method="add"> 
         <double>2761949.4106564173</double> 
        </void> 
        <void method="add"> 
         <double>2762531.9529694878</double> 
        </void> 
        <void method="add"> 
         <double>2762550.106251174</double> 
        </void> 
        <void method="add"> 
         <double>2763582.950984904</double> 
        </void> 
        <void method="add"> 
         <double>2765582.624136437</double> 
        </void> 
        <void method="add"> 
         <double>2670578.8092469242</double> 
        </void> 
        <void method="add"> 
         <double>2685049.6067619957</double> 
        </void> 
        <void method="add"> 
         <double>2685694.2896957737</double> 
        </void> 
        <void method="add"> 
         <double>2672183.0383688216</double> 
        </void> 
        <void method="add"> 
         <double>2696621.305714588</double> 
        </void> 
       </object> 
      </void> 
      <void property="stdev"> 
       <double>52404.87512235797</double> 
      </void> 
     </object> 
    </void> 
    <void index="2"> 
     <object class="jmbench.tools.EvaluationMetrics"> 
      <void property="max"> 
       <double>1864696.6170650793</double> 
      </void> 
      <void property="mean"> 
       <double>1826873.9018360996</double> 
      </void> 
      <void property="median"> 
       <double>1835792.736510343</double> 
      </void> 
      <void property="min"> 
       <double>1745282.8393386211</double> 
      </void> 
      <void property="rawResults"> 
       <object class="java.util.ArrayList"> 
        <void method="add"> 
         <double>1749699.3432808197</double> 
        </void> 
        <void method="add"> 
         <double>1780689.0710574884</double> 
        </void> 
        <void method="add"> 
         <double>1817807.2068769177</double> 
        </void> 
        <void method="add"> 
         <double>1818110.9122765872</double> 
        </void> 
        <void method="add"> 
         <double>1822101.7234642901</double> 
        </void> 
        <void method="add"> 
         <double>1823457.4970306228</double> 
        </void> 
        <void method="add"> 
         <double>1823912.3697584437</double> 
        </void> 
        <void method="add"> 
         <double>1823975.2091639931</double> 
        </void> 
        <void method="add"> 
         <double>1825387.4793865774</double> 
        </void> 
        <void method="add"> 
         <double>1835587.149953989</double> 
        </void> 
        <void method="add"> 
         <double>1835950.9372966285</double> 
        </void> 
        <void method="add"> 
         <double>1838075.9135111172</double> 
        </void> 
        <void method="add"> 
         <double>1838720.5717251701</double> 
        </void> 
        <void method="add"> 
         <double>1841150.3743752195</double> 
        </void> 
        <void method="add"> 
         <double>1844607.4565827262</double> 
        </void> 
        <void method="add"> 
         <double>1845881.7267534903</double> 
        </void> 
        <void method="add"> 
         <double>1846115.5440776472</double> 
        </void> 
        <void method="add"> 
         <double>1850975.4575147354</double> 
        </void> 
        <void method="add"> 
         <double>1858057.9623930238</double> 
        </void> 
        <void method="add"> 
         <double>1864696.6170650793</double> 
        </void> 
        <void method="add"> 
         <double>1837443.3214105293</double> 
        </void> 
        <void method="add"> 
         <double>1745282.8393386211</double> 
        </void> 
        <void method="add"> 
         <double>1831374.9146624545</double> 
        </void> 
        <void method="add"> 
         <double>1836993.2104359807</double> 
        </void> 
        <void method="add"> 
         <double>1835792.736510343</double> 
        </void> 
       </object> 
      </void> 
      <void property="stdev"> 
       <double>28235.196817312335</double> 
      </void> 
     </object> 
    </void> 
    <void index="3"> 
     <object class="jmbench.tools.EvaluationMetrics"> 
      <void property="max"> 
       <double>1479486.02391632</double> 
      </void> 
      <void property="mean"> 
       <double>1442347.093719178</double> 
      </void> 
      <void property="median"> 
       <double>1449859.7829706674</double> 
      </void> 
      <void property="min"> 
       <double>1407089.6644180017</double> 
      </void> 
      <void property="rawResults"> 
       <object class="java.util.ArrayList"> 
        <void method="add"> 
         <double>1409185.9610882911</double> 
        </void> 
        <void method="add"> 
         <double>1412091.1520184958</double> 
        </void> 
        <void method="add"> 
         <double>1413735.0171060862</double> 
        </void> 
        <void method="add"> 
         <double>1417995.4858944654</double> 
        </void> 
        <void method="add"> 
         <double>1419164.0973552538</double> 
        </void> 
        <void method="add"> 
         <double>1423045.673330795</double> 
        </void> 
        <void method="add"> 
         <double>1447458.2814934372</double> 
        </void> 
        <void method="add"> 
         <double>1449859.7829706674</double> 
        </void> 
        <void method="add"> 
         <double>1454836.6504306302</double> 
        </void> 
        <void method="add"> 
         <double>1455530.4453201653</double> 
        </void> 
        <void method="add"> 
         <double>1456739.3163156053</double> 
        </void> 
        <void method="add"> 
         <double>1458422.2144843757</double> 
        </void> 
        <void method="add"> 
         <double>1461656.0762245276</double> 
        </void> 
        <void method="add"> 
         <double>1463719.5652877558</double> 
        </void> 
        <void method="add"> 
         <double>1464068.7958788981</double> 
        </void> 
        <void method="add"> 
         <double>1465196.3046340095</double> 
        </void> 
        <void method="add"> 
         <double>1466546.3551897975</double> 
        </void> 
        <void method="add"> 
         <double>1468050.5382474104</double> 
        </void> 
        <void method="add"> 
         <double>1469346.8240819308</double> 
        </void> 
        <void method="add"> 
         <double>1479486.02391632</double> 
        </void> 
        <void method="add"> 
         <double>1417419.661804823</double> 
        </void> 
        <void method="add"> 
         <double>1432408.9839497486</double> 
        </void> 
        <void method="add"> 
         <double>1407089.6644180017</double> 
        </void> 
        <void method="add"> 
         <double>1423928.8037844675</double> 
        </void> 
        <void method="add"> 
         <double>1421695.6677534971</double> 
        </void> 
       </object> 
      </void> 
      <void property="stdev"> 
       <double>22909.9714028019</double> 
      </void> 
     </object> 
    </void> 
    <void index="4"> 
     <object class="jmbench.tools.EvaluationMetrics"> 
      <void property="max"> 
       <double>288144.6444299709</double> 
      </void> 
      <void property="mean"> 
       <double>282636.9503570466</double> 
      </void> 
      <void property="median"> 
       <double>283309.46452755854</double> 
      </void> 
      <void property="min"> 
       <double>274963.6852813607</double> 
      </void> 
      <void property="rawResults"> 
       <object class="java.util.ArrayList"> 
        <void method="add"> 
         <double>274963.6852813607</double> 
        </void> 
        <void method="add"> 
         <double>276933.26564794435</double> 
        </void> 
        <void method="add"> 
         <double>278381.3728158303</double> 
        </void> 
        <void method="add"> 
         <double>279024.264028813</double> 
        </void> 
        <void method="add"> 
         <double>281673.2247622846</double> 
        </void> 
        <void method="add"> 
         <double>282250.5340456895</double> 
        </void> 
        <void method="add"> 
         <double>282896.97867836064</double> 
        </void> 
        <void method="add"> 
         <double>283135.7569444228</double> 
        </void> 
        <void method="add"> 
         <double>283445.4607052108</double> 
        </void> 
        <void method="add"> 
         <double>283446.72958532954</double> 
        </void> 
        <void method="add"> 
         <double>284070.7665967655</double> 
        </void> 
        <void method="add"> 
         <double>284420.72487907746</double> 
        </void> 
        <void method="add"> 
         <double>285565.9209106375</double> 
        </void> 
        <void method="add"> 
         <double>285630.92676596314</double> 
        </void> 
        <void method="add"> 
         <double>286480.4646399377</double> 
        </void> 
        <void method="add"> 
         <double>286600.37024760013</double> 
        </void> 
        <void method="add"> 
         <double>286975.260876113</double> 
        </void> 
        <void method="add"> 
         <double>287378.7308595794</double> 
        </void> 
        <void method="add"> 
         <double>287718.67131379066</double> 
        </void> 
        <void method="add"> 
         <double>288144.6444299709</double> 
        </void> 
        <void method="add"> 
         <double>283309.46452755854</double> 
        </void> 
        <void method="add"> 
         <double>277758.8911371751</double> 
        </void> 
        <void method="add"> 
         <double>276895.0369973731</double> 
        </void> 
        <void method="add"> 
         <double>278681.70517223596</double> 
        </void> 
        <void method="add"> 
         <double>280140.9070771416</double> 
        </void> 
       </object> 
      </void> 
      <void property="stdev"> 
       <double>3768.785723124316</double> 
      </void> 
     </object> 
    </void> 
    <void index="5"> 
     <object class="jmbench.tools.EvaluationMetrics"> 
      <void property="max"> 
       <double>69347.76938250828</double> 
      </void> 
      <void property="mean"> 
       <double>68613.35249408892</double> 
      </void> 
      <void property="median"> 
       <double>68646.9315900644</double> 
      </void> 
      <void property="min"> 
       <double>67600.83500811603</double> 
      </void> 
      <void property="rawResults"> 
       <object class="java.util.ArrayList"> 
        <void method="add"> 
         <double>67600.83500811603</double> 
        </void> 
        <void method="add"> 
         <double>67645.99195268645</double> 
        </void> 
        <void method="add"> 
         <double>67761.12153006965</double> 
        </void> 
        <void method="add"> 
         <double>67940.81767317695</double> 
        </void> 
        <void method="add"> 
         <double>68029.13708381767</double> 
        </void> 
        <void method="add"> 
         <double>68114.62667893176</double> 
        </void> 
        <void method="add"> 
         <double>68449.20018060446</double> 
        </void> 
        <void method="add"> 
         <double>68646.9315900644</double> 
        </void> 
        <void method="add"> 
         <double>68696.73774064994</double> 
        </void> 
        <void method="add"> 
         <double>68833.38867462592</double> 
        </void> 
        <void method="add"> 
         <double>68873.04035155465</double> 
        </void> 
        <void method="add"> 
         <double>68908.19621916657</double> 
        </void> 
        <void method="add"> 
         <double>68911.49022920795</double> 
        </void> 
        <void method="add"> 
         <double>68932.96181921555</double> 
        </void> 
        <void method="add"> 
         <double>69179.12427134953</double> 
        </void> 
        <void method="add"> 
         <double>69286.76653833795</double> 
        </void> 
        <void method="add"> 
         <double>69289.90265699563</double> 
        </void> 
        <void method="add"> 
         <double>69292.54557714934</double> 
        </void> 
        <void method="add"> 
         <double>69340.80083395906</double> 
        </void> 
        <void method="add"> 
         <double>69347.76938250828</double> 
        </void> 
        <void method="add"> 
         <double>68254.04805437717</double> 
        </void> 
        <void method="add"> 
         <double>68476.89238666795</double> 
        </void> 
        <void method="add"> 
         <double>68546.43600880652</double> 
        </void> 
        <void method="add"> 
         <double>68335.64401121941</double> 
        </void> 
        <void method="add"> 
         <double>68639.40589896422</double> 
        </void> 
       </object> 
      </void> 
      <void property="stdev"> 
       <double>534.7754554231842</double> 
      </void> 
     </object> 
    </void> 
    <void index="6"> 
     <object class="jmbench.tools.EvaluationMetrics"> 
      <void property="max"> 
       <double>5947.009908497863</double> 
      </void> 
      <void property="mean"> 
       <double>5899.038385916974</double> 
      </void> 
      <void property="median"> 
       <double>5901.6416580719915</double> 
      </void> 
      <void property="min"> 
       <double>5844.756562828888</double> 
      </void> 
      <void property="rawResults"> 
       <object class="java.util.ArrayList"> 
        <void method="add"> 
         <double>5844.756562828888</double> 
        </void> 
        <void method="add"> 
         <double>5851.7801224932355</double> 
        </void> 
        <void method="add"> 
         <double>5859.632867220593</double> 
        </void> 
        <void method="add"> 
         <double>5865.234500548041</double> 
        </void> 
        <void method="add"> 
         <double>5865.457214283329</double> 
        </void> 
        <void method="add"> 
         <double>5874.955963754122</double> 
        </void> 
        <void method="add"> 
         <double>5881.817705733173</double> 
        </void> 
        <void method="add"> 
         <double>5882.7635334403385</double> 
        </void> 
        <void method="add"> 
         <double>5883.875571678654</double> 
        </void> 
        <void method="add"> 
         <double>5885.475037134968</double> 
        </void> 
        <void method="add"> 
         <double>5897.046167309519</double> 
        </void> 
        <void method="add"> 
         <double>5900.5293534959455</double> 
        </void> 
        <void method="add"> 
         <double>5901.6416580719915</double> 
        </void> 
        <void method="add"> 
         <double>5903.199263844433</double> 
        </void> 
        <void method="add"> 
         <double>5906.212031102459</double> 
        </void> 
        <void method="add"> 
         <double>5914.028202352907</double> 
        </void> 
        <void method="add"> 
         <double>5917.979965081772</double> 
        </void> 
        <void method="add"> 
         <double>5921.180914581633</double> 
        </void> 
        <void method="add"> 
         <double>5921.762195330226</double> 
        </void> 
        <void method="add"> 
         <double>5927.818331655884</double> 
        </void> 
        <void method="add"> 
         <double>5909.824724525703</double> 
        </void> 
        <void method="add"> 
         <double>5928.851203349485</double> 
        </void> 
        <void method="add"> 
         <double>5936.553760052598</double> 
        </void> 
        <void method="add"> 
         <double>5947.009908497863</double> 
        </void> 
        <void method="add"> 
         <double>5946.572889556598</double> 
        </void> 
       </object> 
      </void> 
      <void property="stdev"> 
       <double>28.30677051552872</double> 
      </void> 
     </object> 
    </void> 
    <void index="7"> 
     <object class="jmbench.tools.EvaluationMetrics"> 
      <void property="max"> 
       <double>1382.9996469043415</double> 
      </void> 
      <void property="mean"> 
       <double>1355.6728500779438</double> 
      </void> 
      <void property="median"> 
       <double>1362.2197803151334</double> 
      </void> 
      <void property="min"> 
       <double>1319.4063299623958</double> 
      </void> 
      <void property="rawResults"> 
       <object class="java.util.ArrayList"> 
        <void method="add"> 
         <double>1319.8802537017025</double> 
        </void> 
        <void method="add"> 
         <double>1325.259176147219</double> 
        </void> 
        <void method="add"> 
         <double>1326.378711317455</double> 
        </void> 
        <void method="add"> 
         <double>1329.323206101588</double> 
        </void> 
        <void method="add"> 
         <double>1334.6399506682073</double> 
        </void> 
        <void method="add"> 
         <double>1347.4925619533492</double> 
        </void> 
        <void method="add"> 
         <double>1351.819413548078</double> 
        </void> 
        <void method="add"> 
         <double>1357.3879919145847</double> 
        </void> 
        <void method="add"> 
         <double>1359.9356808257749</double> 
        </void> 
        <void method="add"> 
         <double>1360.5996111176717</double> 
        </void> 
        <void method="add"> 
         <double>1362.4046406793066</double> 
        </void> 
        <void method="add"> 
         <double>1362.882237660046</double> 
        </void> 
        <void method="add"> 
         <double>1362.9527900873343</double> 
        </void> 
        <void method="add"> 
         <double>1367.1315423798208</double> 
        </void> 
        <void method="add"> 
         <double>1370.924483433652</double> 
        </void> 
        <void method="add"> 
         <double>1371.1694889488592</double> 
        </void> 
        <void method="add"> 
         <double>1379.3686184383382</double> 
        </void> 
        <void method="add"> 
         <double>1379.65904079672</double> 
        </void> 
        <void method="add"> 
         <double>1381.3417086789646</double> 
        </void> 
        <void method="add"> 
         <double>1382.9996469043415</double> 
        </void> 
        <void method="add"> 
         <double>1319.4063299623958</double> 
        </void> 
        <void method="add"> 
         <double>1344.4014777188345</double> 
        </void> 
        <void method="add"> 
         <double>1362.2197803151334</double> 
        </void> 
        <void method="add"> 
         <double>1364.8317123761062</double> 
        </void> 
        <void method="add"> 
         <double>1367.4111962731167</double> 
        </void> 
       </object> 
      </void> 
      <void property="stdev"> 
       <double>19.320194403677977</double> 
      </void> 
     </object> 
    </void> 
    <void index="8"> 
     <object class="jmbench.tools.EvaluationMetrics"> 
      <void property="max"> 
       <double>349.140408391738</double> 
      </void> 
      <void property="mean"> 
       <double>333.144313241995</double> 
      </void> 
      <void property="median"> 
       <double>345.85189310889297</double> 
      </void> 
      <void property="min"> 
       <double>270.4510354925057</double> 
      </void> 
      <void property="rawResults"> 
       <object class="java.util.ArrayList"> 
        <void method="add"> 
         <double>276.5281452119049</double> 
        </void> 
        <void method="add"> 
         <double>286.41174946919847</double> 
        </void> 
        <void method="add"> 
         <double>299.9560193128369</double> 
        </void> 
        <void method="add"> 
         <double>336.07855802170974</double> 
        </void> 
        <void method="add"> 
         <double>337.6842230138158</double> 
        </void> 
        <void method="add"> 
         <double>339.3520713227805</double> 
        </void> 
        <void method="add"> 
         <double>343.4530712736022</double> 
        </void> 
        <void method="add"> 
         <double>345.6940641163712</double> 
        </void> 
        <void method="add"> 
         <double>345.70421814675086</double> 
        </void> 
        <void method="add"> 
         <double>346.0348701067119</double> 
        </void> 
        <void method="add"> 
         <double>346.21049269206816</double> 
        </void> 
        <void method="add"> 
         <double>346.51070340737317</double> 
        </void> 
        <void method="add"> 
         <double>346.79765867237944</double> 
        </void> 
        <void method="add"> 
         <double>346.95229614099435</double> 
        </void> 
        <void method="add"> 
         <double>346.9751368026221</double> 
        </void> 
        <void method="add"> 
         <double>346.9938157578133</double> 
        </void> 
        <void method="add"> 
         <double>347.11557368391794</double> 
        </void> 
        <void method="add"> 
         <double>348.20627137028816</double> 
        </void> 
        <void method="add"> 
         <double>348.20727103424247</double> 
        </void> 
        <void method="add"> 
         <double>349.140408391738</double> 
        </void> 
        <void method="add"> 
         <double>304.7091672583452</double> 
        </void> 
        <void method="add"> 
         <double>270.4510354925057</double> 
        </void> 
        <void method="add"> 
         <double>346.83660560681153</double> 
        </void> 
        <void method="add"> 
         <double>345.85189310889297</double> 
        </void> 
        <void method="add"> 
         <double>330.75251163420046</double> 
        </void> 
       </object> 
      </void> 
      <void property="stdev"> 
       <double>23.878274971252655</double> 
      </void> 
     </object> 
    </void> 
    <void index="9"> 
     <object class="jmbench.tools.EvaluationMetrics"> 
      <void property="max"> 
       <double>24.562167170967804</double> 
      </void> 
      <void property="mean"> 
       <double>22.41087407839836</double> 
      </void> 
      <void property="median"> 
       <double>22.615743708726058</double> 
      </void> 
      <void property="min"> 
       <double>18.068999955433632</double> 
      </void> 
      <void property="rawResults"> 
       <object class="java.util.ArrayList"> 
        <void method="add"> 
         <double>18.125314521998313</double> 
        </void> 
        <void method="add"> 
         <double>21.088572895395483</double> 
        </void> 
        <void method="add"> 
         <double>21.10711496239691</double> 
        </void> 
        <void method="add"> 
         <double>21.132448168338716</double> 
        </void> 
        <void method="add"> 
         <double>21.34406930635744</double> 
        </void> 
        <void method="add"> 
         <double>21.87241941870886</double> 
        </void> 
        <void method="add"> 
         <double>22.526895333915938</double> 
        </void> 
        <void method="add"> 
         <double>22.58831103493909</double> 
        </void> 
        <void method="add"> 
         <double>22.615743708726058</double> 
        </void> 
        <void method="add"> 
         <double>22.87392333161773</double> 
        </void> 
        <void method="add"> 
         <double>23.053762035942427</double> 
        </void> 
        <void method="add"> 
         <double>23.69703775078965</double> 
        </void> 
        <void method="add"> 
         <double>24.062088352073385</double> 
        </void> 
        <void method="add"> 
         <double>24.080204946077608</double> 
        </void> 
        <void method="add"> 
         <double>24.128071077436903</double> 
        </void> 
        <void method="add"> 
         <double>24.212672842056993</double> 
        </void> 
        <void method="add"> 
         <double>24.236046192352934</double> 
        </void> 
        <void method="add"> 
         <double>24.323200502070858</double> 
        </void> 
        <void method="add"> 
         <double>24.415511403432166</double> 
        </void> 
        <void method="add"> 
         <double>24.562167170967804</double> 
        </void> 
        <void method="add"> 
         <double>21.78016369221537</double> 
        </void> 
        <void method="add"> 
         <double>21.885549903424756</double> 
        </void> 
        <void method="add"> 
         <double>18.068999955433632</double> 
        </void> 
        <void method="add"> 
         <double>18.52441304912251</double> 
        </void> 
        <void method="add"> 
         <double>23.96715040416741</double> 
        </void> 
       </object> 
      </void> 
      <void property="stdev"> 
       <double>1.9145863745349854</double> 
      </void> 
     </object> 
    </void> 
    <void index="10"> 
     <object class="jmbench.tools.EvaluationMetrics"> 
      <void property="max"> 
       <double>1.5790344446910405</double> 
      </void> 
      <void property="mean"> 
       <double>1.4723921631301398</double> 
      </void> 
      <void property="median"> 
       <double>1.5036366800365148</double> 
      </void> 
      <void property="min"> 
       <double>1.2302112717401141</double> 
      </void> 
      <void property="rawResults"> 
       <object class="java.util.ArrayList"> 
        <void method="add"> 
         <double>1.2302112717401141</double> 
        </void> 
        <void method="add"> 
         <double>1.2349057995134958</double> 
        </void> 
        <void method="add"> 
         <double>1.309317022617778</double> 
        </void> 
        <void method="add"> 
         <double>1.352300179980606</double> 
        </void> 
        <void method="add"> 
         <double>1.4401900045553389</double> 
        </void> 
        <void method="add"> 
         <double>1.4523757100169947</double> 
        </void> 
        <void method="add"> 
         <double>1.475720355788079</double> 
        </void> 
        <void method="add"> 
         <double>1.477968757008574</double> 
        </void> 
        <void method="add"> 
         <double>1.4837274817603037</double> 
        </void> 
        <void method="add"> 
         <double>1.4866384775115091</double> 
        </void> 
        <void method="add"> 
         <double>1.4884527334323765</double> 
        </void> 
        <void method="add"> 
         <double>1.5036366800365148</double> 
        </void> 
        <void method="add"> 
         <double>1.5044800539440593</double> 
        </void> 
        <void method="add"> 
         <double>1.5077289563615957</double> 
        </void> 
        <void method="add"> 
         <double>1.5158637304040188</double> 
        </void> 
        <void method="add"> 
         <double>1.5163983640565528</double> 
        </void> 
        <void method="add"> 
         <double>1.533234369800994</double> 
        </void> 
        <void method="add"> 
         <double>1.5450717934434655</double> 
        </void> 
        <void method="add"> 
         <double>1.5741744699368807</double> 
        </void> 
        <void method="add"> 
         <double>1.5763154651741553</double> 
        </void> 
        <void method="add"> 
         <double>1.5790344446910405</double> 
        </void> 
        <void method="add"> 
         <double>1.5607482951264324</double> 
        </void> 
        <void method="add"> 
         <double>1.51315664600432</double> 
        </void> 
        <void method="add"> 
         <double>1.439104126826658</double> 
        </void> 
        <void method="add"> 
         <double>1.5090488885216307</double> 
        </void> 
       </object> 
      </void> 
      <void property="stdev"> 
       <double>0.09352085041058177</double> 
      </void> 
     </object> 
    </void> 
    <void index="11"> 
     <object class="jmbench.tools.EvaluationMetrics"> 
      <void property="max"> 
       <double>0.20907494468123147</double> 
      </void> 
      <void property="mean"> 
       <double>0.149095129760761</double> 
      </void> 
      <void property="median"> 
       <double>0.15058435840662532</double> 
      </void> 
      <void property="min"> 
       <double>0.11649490772607334</double> 
      </void> 
      <void property="rawResults"> 
       <object class="java.util.ArrayList"> 
        <void method="add"> 
         <double>0.11649490772607334</double> 
        </void> 
        <void method="add"> 
         <double>0.12289419100099079</double> 
        </void> 
        <void method="add"> 
         <double>0.12739119285029077</double> 
        </void> 
        <void method="add"> 
         <double>0.12952372640164972</double> 
        </void> 
        <void method="add"> 
         <double>0.13315402373975951</double> 
        </void> 
        <void method="add"> 
         <double>0.13574003965552683</double> 
        </void> 
        <void method="add"> 
         <double>0.1375860580705667</double> 
        </void> 
        <void method="add"> 
         <double>0.14379907765905497</double> 
        </void> 
        <void method="add"> 
         <double>0.14524287778001305</double> 
        </void> 
        <void method="add"> 
         <double>0.1500648688710096</double> 
        </void> 
        <void method="add"> 
         <double>0.15098961014628062</double> 
        </void> 
        <void method="add"> 
         <double>0.15243301127973674</double> 
        </void> 
        <void method="add"> 
         <double>0.1530606905344533</double> 
        </void> 
        <void method="add"> 
         <double>0.1547193403404524</double> 
        </void> 
        <void method="add"> 
         <double>0.1581958676551937</double> 
        </void> 
        <void method="add"> 
         <double>0.16400240560302962</double> 
        </void> 
        <void method="add"> 
         <double>0.16576747223048469</double> 
        </void> 
        <void method="add"> 
         <double>0.16836301818985663</double> 
        </void> 
        <void method="add"> 
         <double>0.17002837803894522</double> 
        </void> 
        <void method="add"> 
         <double>0.20907494468123147</double> 
        </void> 
        <void method="add"> 
         <double>0.12316014958254874</double> 
        </void> 
        <void method="add"> 
         <double>0.16869722289879274</double> 
        </void> 
        <void method="add"> 
         <double>0.15229308566393307</double> 
        </void> 
        <void method="add"> 
         <double>0.14411772501252487</double> 
        </void> 
        <void method="add"> 
         <double>0.15058435840662532</double> 
        </void> 
       </object> 
      </void> 
      <void property="stdev"> 
       <double>0.01934771219474903</double> 
      </void> 
     </object> 
    </void> 
   </array> 
  </void> 
  <void property="opName"> 
   <string>Mult c=a^t * b</string> 
  </void> 
 </object> 
</java> 
