<?xml version="1.0" encoding="UTF-8"?> 
<java version="1.6.0_16" class="java.beans.XMLDecoder"> 
 <object class="jmbench.tools.runtime.OperationResults"> 
  <void property="library"> 
   <object class="jmbench.impl.MatrixLibrary" method="valueOf"> 
    <string>OJALGO</string> 
   </object> 
  </void> 
  <void property="matDimen"> 
   <array class="int" length="12"> 
    <void index="0"> 
     <int>2</int> 
    </void> 
    <void index="1"> 
     <int>3</int> 
    </void> 
    <void index="2"> 
     <int>4</int> 
    </void> 
    <void index="3"> 
     <int>5</int> 
    </void> 
    <void index="4"> 
     <int>10</int> 
    </void> 
    <void index="5"> 
     <int>20</int> 
    </void> 
    <void index="6"> 
     <int>50</int> 
    </void> 
    <void index="7"> 
     <int>100</int> 
    </void> 
    <void index="8"> 
     <int>200</int> 
    </void> 
    <void index="9"> 
     <int>500</int> 
    </void> 
    <void index="10"> 
     <int>1000</int> 
    </void> 
    <void index="11"> 
     <int>2000</int> 
    </void> 
   </array> 
  </void> 
  <void property="metrics"> 
   <array class="jmbench.tools.EvaluationMetrics" length="12"> 
    <void index="0"> 
     <object class="jmbench.tools.EvaluationMetrics"> 
      <void property="max"> 
       <double>1.9771366239204973E7</double> 
      </void> 
      <void property="mean"> 
       <double>1.9236634666141726E7</double> 
      </void> 
      <void property="median"> 
       <double>1.9367351150820024E7</double> 
      </void> 
      <void property="min"> 
       <double>1.6244491296081098E7</double> 
      </void> 
      <void property="rawResults"> 
       <object class="java.util.ArrayList"> 
        <void method="add"> 
         <double>1.6244491296081098E7</double> 
        </void> 
        <void method="add"> 
         <double>1.7731908724073254E7</double> 
        </void> 
        <void method="add"> 
         <double>1.9115658506018348E7</double> 
        </void> 
        <void method="add"> 
         <double>1.9148627365862086E7</double> 
        </void> 
        <void method="add"> 
         <double>1.9219989008241296E7</double> 
        </void> 
        <void method="add"> 
         <double>1.925565380463397E7</double> 
        </void> 
        <void method="add"> 
         <double>1.9272764351309557E7</double> 
        </void> 
        <void method="add"> 
         <double>1.9293220992333934E7</double> 
        </void> 
        <void method="add"> 
         <double>1.9326876683089267E7</double> 
        </void> 
        <void method="add"> 
         <double>1.9327693907328114E7</double> 
        </void> 
        <void method="add"> 
         <double>1.935032697055499E7</double> 
        </void> 
        <void method="add"> 
         <double>1.938842981525853E7</double> 
        </void> 
        <void method="add"> 
         <double>1.9420697204906423E7</double> 
        </void> 
        <void method="add"> 
         <double>1.9466476401144207E7</double> 
        </void> 
        <void method="add"> 
         <double>1.9508696090188045E7</double> 
        </void> 
        <void method="add"> 
         <double>1.9737458377556678E7</double> 
        </void> 
        <void method="add"> 
         <double>1.9746496967436947E7</double> 
        </void> 
        <void method="add"> 
         <double>1.974845002954849E7</double> 
        </void> 
        <void method="add"> 
         <double>1.974868418618103E7</double> 
        </void> 
        <void method="add"> 
         <double>1.9771366239204973E7</double> 
        </void> 
        <void method="add"> 
         <double>1.940213741043281E7</double> 
        </void> 
        <void method="add"> 
         <double>1.9527182525008347E7</double> 
        </void> 
        <void method="add"> 
         <double>1.943167938247736E7</double> 
        </void> 
        <void method="add"> 
         <double>1.9363549263853423E7</double> 
        </void> 
        <void method="add"> 
         <double>1.9367351150820024E7</double> 
        </void> 
       </object> 
      </void> 
      <void property="stdev"> 
       <double>720047.0215558325</double> 
      </void> 
     </object> 
    </void> 
    <void index="1"> 
     <object class="jmbench.tools.EvaluationMetrics"> 
      <void property="max"> 
       <double>1.5480017418652108E7</double> 
      </void> 
      <void property="mean"> 
       <double>1.47246610161599E7</double> 
      </void> 
      <void property="median"> 
       <double>1.4932070735458376E7</double> 
      </void> 
      <void property="min"> 
       <double>1.287653928646498E7</double> 
      </void> 
      <void property="rawResults"> 
       <object class="java.util.ArrayList"> 
        <void method="add"> 
         <double>1.2960872119740972E7</double> 
        </void> 
        <void method="add"> 
         <double>1.3930890755915746E7</double> 
        </void> 
        <void method="add"> 
         <double>1.4444771222832259E7</double> 
        </void> 
        <void method="add"> 
         <double>1.4729503943807738E7</double> 
        </void> 
        <void method="add"> 
         <double>1.4759416420818193E7</double> 
        </void> 
        <void method="add"> 
         <double>1.47800757634201E7</double> 
        </void> 
        <void method="add"> 
         <double>1.4859737218527604E7</double> 
        </void> 
        <void method="add"> 
         <double>1.4880592905907763E7</double> 
        </void> 
        <void method="add"> 
         <double>1.4932070735458376E7</double> 
        </void> 
        <void method="add"> 
         <double>1.4938707937712068E7</double> 
        </void> 
        <void method="add"> 
         <double>1.4951546762199728E7</double> 
        </void> 
        <void method="add"> 
         <double>1.5022501616172306E7</double> 
        </void> 
        <void method="add"> 
         <double>1.5033203200354833E7</double> 
        </void> 
        <void method="add"> 
         <double>1.5108878266374623E7</double> 
        </void> 
        <void method="add"> 
         <double>1.5122612477063958E7</double> 
        </void> 
        <void method="add"> 
         <double>1.5136097081324968E7</double> 
        </void> 
        <void method="add"> 
         <double>1.5151292901382443E7</double> 
        </void> 
        <void method="add"> 
         <double>1.5229153621388268E7</double> 
        </void> 
        <void method="add"> 
         <double>1.527577835927626E7</double> 
        </void> 
        <void method="add"> 
         <double>1.5480017418652108E7</double> 
        </void> 
        <void method="add"> 
         <double>1.4457681002595566E7</double> 
        </void> 
        <void method="add"> 
         <double>1.287653928646498E7</double> 
        </void> 
        <void method="add"> 
         <double>1.421821791172565E7</double> 
        </void> 
        <void method="add"> 
         <double>1.4889716208329175E7</double> 
        </void> 
        <void method="add"> 
         <double>1.4946650266551834E7</double> 
        </void> 
       </object> 
      </void> 
      <void property="stdev"> 
       <double>625983.0995633424</double> 
      </void> 
     </object> 
    </void> 
    <void index="2"> 
     <object class="jmbench.tools.EvaluationMetrics"> 
      <void property="max"> 
       <double>1.2993404240117008E7</double> 
      </void> 
      <void property="mean"> 
       <double>1.2714263909009643E7</double> 
      </void> 
      <void property="median"> 
       <double>1.2828545824135581E7</double> 
      </void> 
      <void property="min"> 
       <double>1.0555789998770654E7</double> 
      </void> 
      <void property="rawResults"> 
       <object class="java.util.ArrayList"> 
        <void method="add"> 
         <double>1.0555789998770654E7</double> 
        </void> 
        <void method="add"> 
         <double>1.2462299184730126E7</double> 
        </void> 
        <void method="add"> 
         <double>1.2529419786423292E7</double> 
        </void> 
        <void method="add"> 
         <double>1.2560552254055692E7</double> 
        </void> 
        <void method="add"> 
         <double>1.2589447220549176E7</double> 
        </void> 
        <void method="add"> 
         <double>1.2638277946648866E7</double> 
        </void> 
        <void method="add"> 
         <double>1.2710962350367345E7</double> 
        </void> 
        <void method="add"> 
         <double>1.2804326765307235E7</double> 
        </void> 
        <void method="add"> 
         <double>1.2804919708525825E7</double> 
        </void> 
        <void method="add"> 
         <double>1.2823640714527896E7</double> 
        </void> 
        <void method="add"> 
         <double>1.2828545824135581E7</double> 
        </void> 
        <void method="add"> 
         <double>1.2854320460134871E7</double> 
        </void> 
        <void method="add"> 
         <double>1.2855381383293191E7</double> 
        </void> 
        <void method="add"> 
         <double>1.2858587647533035E7</double> 
        </void> 
        <void method="add"> 
         <double>1.2876385527766652E7</double> 
        </void> 
        <void method="add"> 
         <double>1.2950428857373038E7</double> 
        </void> 
        <void method="add"> 
         <double>1.297692299310323E7</double> 
        </void> 
        <void method="add"> 
         <double>1.2992315374888536E7</double> 
        </void> 
        <void method="add"> 
         <double>1.2992650201424053E7</double> 
        </void> 
        <void method="add"> 
         <double>1.2993404240117008E7</double> 
        </void> 
        <void method="add"> 
         <double>1.2876445970733266E7</double> 
        </void> 
        <void method="add"> 
         <double>1.2880993905399173E7</double> 
        </void> 
        <void method="add"> 
         <double>1.2808436733436598E7</double> 
        </void> 
        <void method="add"> 
         <double>1.283708772381524E7</double> 
        </void> 
        <void method="add"> 
         <double>1.2795054952181533E7</double> 
        </void> 
       </object> 
      </void> 
      <void property="stdev"> 
       <double>463539.7922573104</double> 
      </void> 
     </object> 
    </void> 
    <void index="3"> 
     <object class="jmbench.tools.EvaluationMetrics"> 
      <void property="max"> 
       <double>1.0140065597777247E7</double> 
      </void> 
      <void property="mean"> 
       <double>9550420.556915557</double> 
      </void> 
      <void property="median"> 
       <double>9789769.05246237</double> 
      </void> 
      <void property="min"> 
       <double>8005799.287380982</double> 
      </void> 
      <void property="rawResults"> 
       <object class="java.util.ArrayList"> 
        <void method="add"> 
         <double>8026102.749917939</double> 
        </void> 
        <void method="add"> 
         <double>8392899.569292665</double> 
        </void> 
        <void method="add"> 
         <double>8419481.6870411</double> 
        </void> 
        <void method="add"> 
         <double>9595578.986476803</double> 
        </void> 
        <void method="add"> 
         <double>9630830.865560668</double> 
        </void> 
        <void method="add"> 
         <double>9669016.994174456</double> 
        </void> 
        <void method="add"> 
         <double>9673995.430347467</double> 
        </void> 
        <void method="add"> 
         <double>9681858.303740973</double> 
        </void> 
        <void method="add"> 
         <double>9712773.899689725</double> 
        </void> 
        <void method="add"> 
         <double>9789769.05246237</double> 
        </void> 
        <void method="add"> 
         <double>9794850.665757297</double> 
        </void> 
        <void method="add"> 
         <double>9812350.429962136</double> 
        </void> 
        <void method="add"> 
         <double>9812448.965659713</double> 
        </void> 
        <void method="add"> 
         <double>9814529.827541385</double> 
        </void> 
        <void method="add"> 
         <double>9814834.850441488</double> 
        </void> 
        <void method="add"> 
         <double>1.0103125535090568E7</double> 
        </void> 
        <void method="add"> 
         <double>1.0113131320198014E7</double> 
        </void> 
        <void method="add"> 
         <double>1.0126137805680059E7</double> 
        </void> 
        <void method="add"> 
         <double>1.0139607663933635E7</double> 
        </void> 
        <void method="add"> 
         <double>1.0140065597777247E7</double> 
        </void> 
        <void method="add"> 
         <double>9817502.470410667</double> 
        </void> 
        <void method="add"> 
         <double>9093890.524258466</double> 
        </void> 
        <void method="add"> 
         <double>8005799.287380982</double> 
        </void> 
        <void method="add"> 
         <double>9793853.409372574</double> 
        </void> 
        <void method="add"> 
         <double>9786078.030720498</double> 
        </void> 
       </object> 
      </void> 
      <void property="stdev"> 
       <double>627587.9826485213</double> 
      </void> 
     </object> 
    </void> 
    <void index="4"> 
     <object class="jmbench.tools.EvaluationMetrics"> 
      <void property="max"> 
       <double>3330673.94465932</double> 
      </void> 
      <void property="mean"> 
       <double>3198510.892249021</double> 
      </void> 
      <void property="median"> 
       <double>3224816.06617225</double> 
      </void> 
      <void property="min"> 
       <double>2893633.575099526</double> 
      </void> 
      <void property="rawResults"> 
       <object class="java.util.ArrayList"> 
        <void method="add"> 
         <double>2893633.575099526</double> 
        </void> 
        <void method="add"> 
         <double>2920623.906682832</double> 
        </void> 
        <void method="add"> 
         <double>3145940.1509341043</double> 
        </void> 
        <void method="add"> 
         <double>3151470.9096419998</double> 
        </void> 
        <void method="add"> 
         <double>3151834.312671614</double> 
        </void> 
        <void method="add"> 
         <double>3164145.0987175605</double> 
        </void> 
        <void method="add"> 
         <double>3166587.4393434874</double> 
        </void> 
        <void method="add"> 
         <double>3184148.322107076</double> 
        </void> 
        <void method="add"> 
         <double>3186217.783908127</double> 
        </void> 
        <void method="add"> 
         <double>3188003.9102264973</double> 
        </void> 
        <void method="add"> 
         <double>3197271.012934169</double> 
        </void> 
        <void method="add"> 
         <double>3198687.1796020726</double> 
        </void> 
        <void method="add"> 
         <double>3224816.06617225</double> 
        </void> 
        <void method="add"> 
         <double>3229157.9836032717</double> 
        </void> 
        <void method="add"> 
         <double>3229528.578634937</double> 
        </void> 
        <void method="add"> 
         <double>3231914.613625212</double> 
        </void> 
        <void method="add"> 
         <double>3233551.8616919615</double> 
        </void> 
        <void method="add"> 
         <double>3236166.2156302794</double> 
        </void> 
        <void method="add"> 
         <double>3236546.8642002097</double> 
        </void> 
        <void method="add"> 
         <double>3238493.6594187897</double> 
        </void> 
        <void method="add"> 
         <double>3306219.886577619</double> 
        </void> 
        <void method="add"> 
         <double>3330673.94465932</double> 
        </void> 
        <void method="add"> 
         <double>3306132.1610894483</double> 
        </void> 
        <void method="add"> 
         <double>3308420.7944642305</double> 
        </void> 
        <void method="add"> 
         <double>3302586.0745889302</double> 
        </void> 
       </object> 
      </void> 
      <void property="stdev"> 
       <double>100590.00227016302</double> 
      </void> 
     </object> 
    </void> 
    <void index="5"> 
     <object class="jmbench.tools.EvaluationMetrics"> 
      <void property="max"> 
       <double>861756.9392864264</double> 
      </void> 
      <void property="mean"> 
       <double>821605.0118476619</double> 
      </void> 
      <void property="median"> 
       <double>825287.2878914153</double> 
      </void> 
      <void property="min"> 
       <double>740876.9948601185</double> 
      </void> 
      <void property="rawResults"> 
       <object class="java.util.ArrayList"> 
        <void method="add"> 
         <double>740876.9948601185</double> 
        </void> 
        <void method="add"> 
         <double>749093.0632045303</double> 
        </void> 
        <void method="add"> 
         <double>798138.703262233</double> 
        </void> 
        <void method="add"> 
         <double>805121.6263986495</double> 
        </void> 
        <void method="add"> 
         <double>811242.9474445545</double> 
        </void> 
        <void method="add"> 
         <double>813398.9892404244</double> 
        </void> 
        <void method="add"> 
         <double>813954.1567611855</double> 
        </void> 
        <void method="add"> 
         <double>816721.9584609318</double> 
        </void> 
        <void method="add"> 
         <double>822351.2369330486</double> 
        </void> 
        <void method="add"> 
         <double>824544.8341503765</double> 
        </void> 
        <void method="add"> 
         <double>825287.2878914153</double> 
        </void> 
        <void method="add"> 
         <double>835264.6229522635</double> 
        </void> 
        <void method="add"> 
         <double>835593.0906391363</double> 
        </void> 
        <void method="add"> 
         <double>836324.8726372529</double> 
        </void> 
        <void method="add"> 
         <double>837548.9792816236</double> 
        </void> 
        <void method="add"> 
         <double>839290.7885571757</double> 
        </void> 
        <void method="add"> 
         <double>844407.0735261061</double> 
        </void> 
        <void method="add"> 
         <double>847549.9639396496</double> 
        </void> 
        <void method="add"> 
         <double>857764.1193368812</double> 
        </void> 
        <void method="add"> 
         <double>861756.9392864264</double> 
        </void> 
        <void method="add"> 
         <double>813676.4095603081</double> 
        </void> 
        <void method="add"> 
         <double>834927.8340706064</double> 
        </void> 
        <void method="add"> 
         <double>831252.5299344633</double> 
        </void> 
        <void method="add"> 
         <double>807978.3155962923</double> 
        </void> 
        <void method="add"> 
         <double>836057.9582658967</double> 
        </void> 
       </object> 
      </void> 
      <void property="stdev"> 
       <double>27483.725621755995</double> 
      </void> 
     </object> 
    </void> 
    <void index="6"> 
     <object class="jmbench.tools.EvaluationMetrics"> 
      <void property="max"> 
       <double>112617.30108363376</double> 
      </void> 
      <void property="mean"> 
       <double>109500.95416185337</double> 
      </void> 
      <void property="median"> 
       <double>110098.1941666947</double> 
      </void> 
      <void property="min"> 
       <double>99609.6256418638</double> 
      </void> 
      <void property="rawResults"> 
       <object class="java.util.ArrayList"> 
        <void method="add"> 
         <double>99609.6256418638</double> 
        </void> 
        <void method="add"> 
         <double>104590.56600374676</double> 
        </void> 
        <void method="add"> 
         <double>106118.53652082071</double> 
        </void> 
        <void method="add"> 
         <double>108745.2900800073</double> 
        </void> 
        <void method="add"> 
         <double>108754.32756920555</double> 
        </void> 
        <void method="add"> 
         <double>109676.64780970871</double> 
        </void> 
        <void method="add"> 
         <double>109908.27572629375</double> 
        </void> 
        <void method="add"> 
         <double>109953.92097631255</double> 
        </void> 
        <void method="add"> 
         <double>109987.83387180833</double> 
        </void> 
        <void method="add"> 
         <double>110098.1941666947</double> 
        </void> 
        <void method="add"> 
         <double>110105.80223030136</double> 
        </void> 
        <void method="add"> 
         <double>110383.17513310496</double> 
        </void> 
        <void method="add"> 
         <double>110437.89547427106</double> 
        </void> 
        <void method="add"> 
         <double>110867.52748951019</double> 
        </void> 
        <void method="add"> 
         <double>110915.71446431686</double> 
        </void> 
        <void method="add"> 
         <double>110926.05787887733</double> 
        </void> 
        <void method="add"> 
         <double>111022.31698761744</double> 
        </void> 
        <void method="add"> 
         <double>111058.59033109453</double> 
        </void> 
        <void method="add"> 
         <double>111211.82399246191</double> 
        </void> 
        <void method="add"> 
         <double>112617.30108363376</double> 
        </void> 
        <void method="add"> 
         <double>110659.59603784957</double> 
        </void> 
        <void method="add"> 
         <double>109681.67763060436</double> 
        </void> 
        <void method="add"> 
         <double>110077.46046846035</double> 
        </void> 
        <void method="add"> 
         <double>110397.77609503108</double> 
        </void> 
        <void method="add"> 
         <double>109717.9203827366</double> 
        </void> 
       </object> 
      </void> 
      <void property="stdev"> 
       <double>2556.3687862898882</double> 
      </void> 
     </object> 
    </void> 
    <void index="7"> 
     <object class="jmbench.tools.EvaluationMetrics"> 
      <void property="max"> 
       <double>15630.822488012494</double> 
      </void> 
      <void property="mean"> 
       <double>14804.394565387749</double> 
      </void> 
      <void property="median"> 
       <double>14813.444480323984</double> 
      </void> 
      <void property="min"> 
       <double>13886.624817764026</double> 
      </void> 
      <void property="rawResults"> 
       <object class="java.util.ArrayList"> 
        <void method="add"> 
         <double>13886.624817764026</double> 
        </void> 
        <void method="add"> 
         <double>13926.79722029485</double> 
        </void> 
        <void method="add"> 
         <double>13934.972251002326</double> 
        </void> 
        <void method="add"> 
         <double>13981.734903501918</double> 
        </void> 
        <void method="add"> 
         <double>14165.689070546812</double> 
        </void> 
        <void method="add"> 
         <double>14434.381674613407</double> 
        </void> 
        <void method="add"> 
         <double>14459.3000845639</double> 
        </void> 
        <void method="add"> 
         <double>14514.94173576248</double> 
        </void> 
        <void method="add"> 
         <double>14636.9635616851</double> 
        </void> 
        <void method="add"> 
         <double>14690.742511337488</double> 
        </void> 
        <void method="add"> 
         <double>14750.9500757677</double> 
        </void> 
        <void method="add"> 
         <double>14809.055596940761</double> 
        </void> 
        <void method="add"> 
         <double>14813.444480323984</double> 
        </void> 
        <void method="add"> 
         <double>14844.378809575004</double> 
        </void> 
        <void method="add"> 
         <double>14907.18387064012</double> 
        </void> 
        <void method="add"> 
         <double>15007.352000570074</double> 
        </void> 
        <void method="add"> 
         <double>15223.497469095597</double> 
        </void> 
        <void method="add"> 
         <double>15227.36209024964</double> 
        </void> 
        <void method="add"> 
         <double>15240.351770569823</double> 
        </void> 
        <void method="add"> 
         <double>15305.853127099179</double> 
        </void> 
        <void method="add"> 
         <double>15630.822488012494</double> 
        </void> 
        <void method="add"> 
         <double>15533.098308995428</double> 
        </void> 
        <void method="add"> 
         <double>15306.762668036832</double> 
        </void> 
        <void method="add"> 
         <double>15604.668550645147</double> 
        </void> 
        <void method="add"> 
         <double>15272.934997099677</double> 
        </void> 
       </object> 
      </void> 
      <void property="stdev"> 
       <double>529.6239628805675</double> 
      </void> 
     </object> 
    </void> 
    <void index="8"> 
     <object class="jmbench.tools.EvaluationMetrics"> 
      <void property="max"> 
       <double>3922.9552637665247</double> 
      </void> 
      <void property="mean"> 
       <double>3863.1536859310895</double> 
      </void> 
      <void property="median"> 
       <double>3877.09542636004</double> 
      </void> 
      <void property="min"> 
       <double>3731.2418067036</double> 
      </void> 
      <void property="rawResults"> 
       <object class="java.util.ArrayList"> 
        <void method="add"> 
         <double>3731.2418067036</double> 
        </void> 
        <void method="add"> 
         <double>3749.1657205820648</double> 
        </void> 
        <void method="add"> 
         <double>3777.3837578898656</double> 
        </void> 
        <void method="add"> 
         <double>3798.7209407266905</double> 
        </void> 
        <void method="add"> 
         <double>3799.1429288225063</double> 
        </void> 
        <void method="add"> 
         <double>3866.9968646189923</double> 
        </void> 
        <void method="add"> 
         <double>3876.4345509896484</double> 
        </void> 
        <void method="add"> 
         <double>3877.09542636004</double> 
        </void> 
        <void method="add"> 
         <double>3877.3735016303526</double> 
        </void> 
        <void method="add"> 
         <double>3881.152450710472</double> 
        </void> 
        <void method="add"> 
         <double>3882.8885327681587</double> 
        </void> 
        <void method="add"> 
         <double>3899.8007349939135</double> 
        </void> 
        <void method="add"> 
         <double>3900.268102185129</double> 
        </void> 
        <void method="add"> 
         <double>3900.5132334317686</double> 
        </void> 
        <void method="add"> 
         <double>3908.3181968554213</double> 
        </void> 
        <void method="add"> 
         <double>3909.3341815238164</double> 
        </void> 
        <void method="add"> 
         <double>3911.395056078619</double> 
        </void> 
        <void method="add"> 
         <double>3914.072873332701</double> 
        </void> 
        <void method="add"> 
         <double>3918.2104821644043</double> 
        </void> 
        <void method="add"> 
         <double>3922.9552637665247</double> 
        </void> 
        <void method="add"> 
         <double>3834.057747949584</double> 
        </void> 
        <void method="add"> 
         <double>3835.403114197687</double> 
        </void> 
        <void method="add"> 
         <double>3866.5158606531973</double> 
        </void> 
        <void method="add"> 
         <double>3875.631828595788</double> 
        </void> 
        <void method="add"> 
         <double>3864.7689907462914</double> 
        </void> 
       </object> 
      </void> 
      <void property="stdev"> 
       <double>52.49877489681425</double> 
      </void> 
     </object> 
    </void> 
    <void index="9"> 
     <object class="jmbench.tools.EvaluationMetrics"> 
      <void property="max"> 
       <double>405.99906866015453</double> 
      </void> 
      <void property="mean"> 
       <double>399.6161505384501</double> 
      </void> 
      <void property="median"> 
       <double>402.5084096741561</double> 
      </void> 
      <void property="min"> 
       <double>382.61623744498905</double> 
      </void> 
      <void property="rawResults"> 
       <object class="java.util.ArrayList"> 
        <void method="add"> 
         <double>382.61623744498905</double> 
        </void> 
        <void method="add"> 
         <double>383.9740316455413</double> 
        </void> 
        <void method="add"> 
         <double>385.83102690961823</double> 
        </void> 
        <void method="add"> 
         <double>391.7520357248221</double> 
        </void> 
        <void method="add"> 
         <double>393.55819290022583</double> 
        </void> 
        <void method="add"> 
         <double>397.12151826314766</double> 
        </void> 
        <void method="add"> 
         <double>399.71404691803303</double> 
        </void> 
        <void method="add"> 
         <double>400.5182783955973</double> 
        </void> 
        <void method="add"> 
         <double>400.5299961588131</double> 
        </void> 
        <void method="add"> 
         <double>401.98184312835406</double> 
        </void> 
        <void method="add"> 
         <double>402.5084096741561</double> 
        </void> 
        <void method="add"> 
         <double>402.5087512354339</double> 
        </void> 
        <void method="add"> 
         <double>403.22118537472625</double> 
        </void> 
        <void method="add"> 
         <double>403.3706359578411</double> 
        </void> 
        <void method="add"> 
         <double>403.7872339825427</double> 
        </void> 
        <void method="add"> 
         <double>404.2093709456056</double> 
        </void> 
        <void method="add"> 
         <double>404.2135649454139</double> 
        </void> 
        <void method="add"> 
         <double>404.2364592968352</double> 
        </void> 
        <void method="add"> 
         <double>405.6118775298632</double> 
        </void> 
        <void method="add"> 
         <double>405.99906866015453</double> 
        </void> 
        <void method="add"> 
         <double>400.9494556704462</double> 
        </void> 
        <void method="add"> 
         <double>402.2940322598701</double> 
        </void> 
        <void method="add"> 
         <double>403.8106636086541</double> 
        </void> 
        <void method="add"> 
         <double>403.5623573396661</double> 
        </void> 
        <void method="add"> 
         <double>402.52348949090174</double> 
        </void> 
       </object> 
      </void> 
      <void property="stdev"> 
       <double>6.596320207356766</double> 
      </void> 
     </object> 
    </void> 
    <void index="10"> 
     <object class="jmbench.tools.EvaluationMetrics"> 
      <void property="max"> 
       <double>144.53699955332905</double> 
      </void> 
      <void property="mean"> 
       <double>141.7863642951425</double> 
      </void> 
      <void property="median"> 
       <double>142.7160279986676</double> 
      </void> 
      <void property="min"> 
       <double>135.7286991027739</double> 
      </void> 
      <void property="rawResults"> 
       <object class="java.util.ArrayList"> 
        <void method="add"> 
         <double>136.87095531673987</double> 
        </void> 
        <void method="add"> 
         <double>138.81266801147484</double> 
        </void> 
        <void method="add"> 
         <double>139.27317324897547</double> 
        </void> 
        <void method="add"> 
         <double>141.12510444423657</double> 
        </void> 
        <void method="add"> 
         <double>142.0855590651961</double> 
        </void> 
        <void method="add"> 
         <double>142.64946480733892</double> 
        </void> 
        <void method="add"> 
         <double>142.6576512147709</double> 
        </void> 
        <void method="add"> 
         <double>142.7160279986676</double> 
        </void> 
        <void method="add"> 
         <double>142.76757570173947</double> 
        </void> 
        <void method="add"> 
         <double>142.83906845455175</double> 
        </void> 
        <void method="add"> 
         <double>142.94420680173215</double> 
        </void> 
        <void method="add"> 
         <double>143.22587334216237</double> 
        </void> 
        <void method="add"> 
         <double>143.27294774627597</double> 
        </void> 
        <void method="add"> 
         <double>143.28966138786575</double> 
        </void> 
        <void method="add"> 
         <double>143.66412877191593</double> 
        </void> 
        <void method="add"> 
         <double>143.66984190353864</double> 
        </void> 
        <void method="add"> 
         <double>143.9378048949372</double> 
        </void> 
        <void method="add"> 
         <double>144.16799065216654</double> 
        </void> 
        <void method="add"> 
         <double>144.25856742603173</double> 
        </void> 
        <void method="add"> 
         <double>144.53699955332905</double> 
        </void> 
        <void method="add"> 
         <double>139.5606116288232</double> 
        </void> 
        <void method="add"> 
         <double>139.47486757006956</double> 
        </void> 
        <void method="add"> 
         <double>140.53034127024318</double> 
        </void> 
        <void method="add"> 
         <double>140.59931706300577</double> 
        </void> 
        <void method="add"> 
         <double>135.7286991027739</double> 
        </void> 
       </object> 
      </void> 
      <void property="stdev"> 
       <double>2.308246517282325</double> 
      </void> 
     </object> 
    </void> 
    <void index="11"> 
     <object class="jmbench.tools.EvaluationMetrics"> 
      <void property="max"> 
       <double>43.69455742368932</double> 
      </void> 
      <void property="mean"> 
       <double>42.529224796566616</double> 
      </void> 
      <void property="median"> 
       <double>42.664907794708064</double> 
      </void> 
      <void property="min"> 
       <double>38.023157385978735</double> 
      </void> 
      <void property="rawResults"> 
       <object class="java.util.ArrayList"> 
        <void method="add"> 
         <double>38.023157385978735</double> 
        </void> 
        <void method="add"> 
         <double>41.49523240653555</double> 
        </void> 
        <void method="add"> 
         <double>41.57141990151957</double> 
        </void> 
        <void method="add"> 
         <double>41.86541710285953</double> 
        </void> 
        <void method="add"> 
         <double>42.09676234639131</double> 
        </void> 
        <void method="add"> 
         <double>42.152250618305764</double> 
        </void> 
        <void method="add"> 
         <double>42.16751031586387</double> 
        </void> 
        <void method="add"> 
         <double>42.439667593651016</double> 
        </void> 
        <void method="add"> 
         <double>42.443834878246314</double> 
        </void> 
        <void method="add"> 
         <double>42.47326710833834</double> 
        </void> 
        <void method="add"> 
         <double>42.505120433739606</double> 
        </void> 
        <void method="add"> 
         <double>42.53957534518702</double> 
        </void> 
        <void method="add"> 
         <double>42.664907794708064</double> 
        </void> 
        <void method="add"> 
         <double>42.6747468664751</double> 
        </void> 
        <void method="add"> 
         <double>42.926376174822195</double> 
        </void> 
        <void method="add"> 
         <double>43.15049403194794</double> 
        </void> 
        <void method="add"> 
         <double>43.21340793018403</double> 
        </void> 
        <void method="add"> 
         <double>43.22255741969381</double> 
        </void> 
        <void method="add"> 
         <double>43.23574794321879</double> 
        </void> 
        <void method="add"> 
         <double>43.35966749685893</double> 
        </void> 
        <void method="add"> 
         <double>43.69455742368932</double> 
        </void> 
        <void method="add"> 
         <double>43.38225054775563</double> 
        </void> 
        <void method="add"> 
         <double>43.33131771258911</double> 
        </void> 
        <void method="add"> 
         <double>43.36815644507325</double> 
        </void> 
        <void method="add"> 
         <double>43.23321669053273</double> 
        </void> 
       </object> 
      </void> 
      <void property="stdev"> 
       <double>1.0928906919936787</double> 
      </void> 
     </object> 
    </void> 
   </array> 
  </void> 
  <void property="opName"> 
   <string>Scale b=alpha*a</string> 
  </void> 
 </object> 
</java> 
