<?xml version="1.0" encoding="UTF-8"?> 
<java version="1.6.0_16" class="java.beans.XMLDecoder"> 
 <object class="jmbench.tools.runtime.OperationResults"> 
  <void property="library"> 
   <object class="jmbench.impl.MatrixLibrary" method="valueOf"> 
    <string>OJALGO</string> 
   </object> 
  </void> 
  <void property="matDimen"> 
   <array class="int" length="12"> 
    <void index="0"> 
     <int>2</int> 
    </void> 
    <void index="1"> 
     <int>3</int> 
    </void> 
    <void index="2"> 
     <int>4</int> 
    </void> 
    <void index="3"> 
     <int>5</int> 
    </void> 
    <void index="4"> 
     <int>10</int> 
    </void> 
    <void index="5"> 
     <int>20</int> 
    </void> 
    <void index="6"> 
     <int>50</int> 
    </void> 
    <void index="7"> 
     <int>100</int> 
    </void> 
    <void index="8"> 
     <int>200</int> 
    </void> 
    <void index="9"> 
     <int>500</int> 
    </void> 
    <void index="10"> 
     <int>1000</int> 
    </void> 
    <void index="11"> 
     <int>2000</int> 
    </void> 
   </array> 
  </void> 
  <void property="metrics"> 
   <array class="jmbench.tools.EvaluationMetrics" length="12"> 
    <void index="0"> 
     <object class="jmbench.tools.EvaluationMetrics"> 
      <void property="max"> 
       <double>1687930.2419553269</double> 
      </void> 
      <void property="mean"> 
       <double>1524385.6774802676</double> 
      </void> 
      <void property="median"> 
       <double>1502871.1106802796</double> 
      </void> 
      <void property="min"> 
       <double>1388045.212137578</double> 
      </void> 
      <void property="rawResults"> 
       <object class="java.util.ArrayList"> 
        <void method="add"> 
         <double>1388045.212137578</double> 
        </void> 
        <void method="add"> 
         <double>1422956.3536893313</double> 
        </void> 
        <void method="add"> 
         <double>1453016.9854710102</double> 
        </void> 
        <void method="add"> 
         <double>1459401.5040818355</double> 
        </void> 
        <void method="add"> 
         <double>1460636.7208374958</double> 
        </void> 
        <void method="add"> 
         <double>1464573.578694782</double> 
        </void> 
        <void method="add"> 
         <double>1466960.437741663</double> 
        </void> 
        <void method="add"> 
         <double>1485142.2503339977</double> 
        </void> 
        <void method="add"> 
         <double>1487114.006404824</double> 
        </void> 
        <void method="add"> 
         <double>1492214.576589311</double> 
        </void> 
        <void method="add"> 
         <double>1493896.7254941275</double> 
        </void> 
        <void method="add"> 
         <double>1500913.0284097742</double> 
        </void> 
        <void method="add"> 
         <double>1502871.1106802796</double> 
        </void> 
        <void method="add"> 
         <double>1515831.7555056398</double> 
        </void> 
        <void method="add"> 
         <double>1516793.1476108925</double> 
        </void> 
        <void method="add"> 
         <double>1517229.379999714</double> 
        </void> 
        <void method="add"> 
         <double>1520666.9200999166</double> 
        </void> 
        <void method="add"> 
         <double>1524725.941186501</double> 
        </void> 
        <void method="add"> 
         <double>1545476.0914519855</double> 
        </void> 
        <void method="add"> 
         <double>1550188.1545152636</double> 
        </void> 
        <void method="add"> 
         <double>1619383.2379735294</double> 
        </void> 
        <void method="add"> 
         <double>1676992.4981849801</double> 
        </void> 
        <void method="add"> 
         <double>1687930.2419553269</double> 
        </void> 
        <void method="add"> 
         <double>1682071.1569303055</double> 
        </void> 
        <void method="add"> 
         <double>1674610.9210266252</double> 
        </void> 
       </object> 
      </void> 
      <void property="stdev"> 
       <double>80706.59051860533</double> 
      </void> 
     </object> 
    </void> 
    <void index="1"> 
     <object class="jmbench.tools.EvaluationMetrics"> 
      <void property="max"> 
       <double>990297.8813213285</double> 
      </void> 
      <void property="mean"> 
       <double>931680.4458866114</double> 
      </void> 
      <void property="median"> 
       <double>929452.4211407322</double> 
      </void> 
      <void property="min"> 
       <double>850157.014938008</double> 
      </void> 
      <void property="rawResults"> 
       <object class="java.util.ArrayList"> 
        <void method="add"> 
         <double>850157.014938008</double> 
        </void> 
        <void method="add"> 
         <double>873271.6407756022</double> 
        </void> 
        <void method="add"> 
         <double>908109.3057470735</double> 
        </void> 
        <void method="add"> 
         <double>909183.1715958555</double> 
        </void> 
        <void method="add"> 
         <double>910841.6542676055</double> 
        </void> 
        <void method="add"> 
         <double>911265.6066532267</double> 
        </void> 
        <void method="add"> 
         <double>913360.4323307648</double> 
        </void> 
        <void method="add"> 
         <double>920278.2675087746</double> 
        </void> 
        <void method="add"> 
         <double>920559.7987987015</double> 
        </void> 
        <void method="add"> 
         <double>929452.4211407322</double> 
        </void> 
        <void method="add"> 
         <double>930221.9945741397</double> 
        </void> 
        <void method="add"> 
         <double>934209.0350410726</double> 
        </void> 
        <void method="add"> 
         <double>935265.1353646644</double> 
        </void> 
        <void method="add"> 
         <double>938812.269042124</double> 
        </void> 
        <void method="add"> 
         <double>947053.4736479647</double> 
        </void> 
        <void method="add"> 
         <double>951783.7392678339</double> 
        </void> 
        <void method="add"> 
         <double>987342.1228322269</double> 
        </void> 
        <void method="add"> 
         <double>988349.076961905</double> 
        </void> 
        <void method="add"> 
         <double>989286.2711103053</double> 
        </void> 
        <void method="add"> 
         <double>990297.8813213285</double> 
        </void> 
        <void method="add"> 
         <double>927589.0933882339</double> 
        </void> 
        <void method="add"> 
         <double>956777.0133732539</double> 
        </void> 
        <void method="add"> 
         <double>916281.8700273788</double> 
        </void> 
        <void method="add"> 
         <double>917689.9229387391</double> 
        </void> 
        <void method="add"> 
         <double>934572.9345177659</double> 
        </void> 
       </object> 
      </void> 
      <void property="stdev"> 
       <double>33123.50336518897</double> 
      </void> 
     </object> 
    </void> 
    <void index="2"> 
     <object class="jmbench.tools.EvaluationMetrics"> 
      <void property="max"> 
       <double>626522.2465069233</double> 
      </void> 
      <void property="mean"> 
       <double>599641.2172231906</double> 
      </void> 
      <void property="median"> 
       <double>597904.7285353033</double> 
      </void> 
      <void property="min"> 
       <double>572544.4466487513</double> 
      </void> 
      <void property="rawResults"> 
       <object class="java.util.ArrayList"> 
        <void method="add"> 
         <double>572544.4466487513</double> 
        </void> 
        <void method="add"> 
         <double>572811.6927659855</double> 
        </void> 
        <void method="add"> 
         <double>585134.8742862069</double> 
        </void> 
        <void method="add"> 
         <double>586867.6570659479</double> 
        </void> 
        <void method="add"> 
         <double>588147.5718510911</double> 
        </void> 
        <void method="add"> 
         <double>588528.0937767724</double> 
        </void> 
        <void method="add"> 
         <double>594075.6421994119</double> 
        </void> 
        <void method="add"> 
         <double>596542.8841663165</double> 
        </void> 
        <void method="add"> 
         <double>597768.3260753002</double> 
        </void> 
        <void method="add"> 
         <double>603510.6507259384</double> 
        </void> 
        <void method="add"> 
         <double>604991.061664196</double> 
        </void> 
        <void method="add"> 
         <double>605097.7992661834</double> 
        </void> 
        <void method="add"> 
         <double>609726.246884787</double> 
        </void> 
        <void method="add"> 
         <double>610035.5540463675</double> 
        </void> 
        <void method="add"> 
         <double>613202.8905963859</double> 
        </void> 
        <void method="add"> 
         <double>614359.4135734524</double> 
        </void> 
        <void method="add"> 
         <double>615537.9174823752</double> 
        </void> 
        <void method="add"> 
         <double>620900.8320583855</double> 
        </void> 
        <void method="add"> 
         <double>623788.4892523754</double> 
        </void> 
        <void method="add"> 
         <double>626522.2465069233</double> 
        </void> 
        <void method="add"> 
         <double>596445.7078173913</double> 
        </void> 
        <void method="add"> 
         <double>578460.2127241108</double> 
        </void> 
        <void method="add"> 
         <double>580824.2069273549</double> 
        </void> 
        <void method="add"> 
         <double>597904.7285353033</double> 
        </void> 
        <void method="add"> 
         <double>607301.2836824515</double> 
        </void> 
       </object> 
      </void> 
      <void property="stdev"> 
       <double>15094.345279753326</double> 
      </void> 
     </object> 
    </void> 
    <void index="3"> 
     <object class="jmbench.tools.EvaluationMetrics"> 
      <void property="max"> 
       <double>361883.5913234668</double> 
      </void> 
      <void property="mean"> 
       <double>352483.3115926287</double> 
      </void> 
      <void property="median"> 
       <double>354429.5068675973</double> 
      </void> 
      <void property="min"> 
       <double>332772.0753119056</double> 
      </void> 
      <void property="rawResults"> 
       <object class="java.util.ArrayList"> 
        <void method="add"> 
         <double>332772.0753119056</double> 
        </void> 
        <void method="add"> 
         <double>345984.1620698674</double> 
        </void> 
        <void method="add"> 
         <double>348469.90439232555</double> 
        </void> 
        <void method="add"> 
         <double>349741.29883792554</double> 
        </void> 
        <void method="add"> 
         <double>350950.1871284592</double> 
        </void> 
        <void method="add"> 
         <double>351177.293006071</double> 
        </void> 
        <void method="add"> 
         <double>352330.0432113958</double> 
        </void> 
        <void method="add"> 
         <double>353331.47592827026</double> 
        </void> 
        <void method="add"> 
         <double>354429.5068675973</double> 
        </void> 
        <void method="add"> 
         <double>355464.38928230084</double> 
        </void> 
        <void method="add"> 
         <double>355724.83055988984</double> 
        </void> 
        <void method="add"> 
         <double>355763.98415397096</double> 
        </void> 
        <void method="add"> 
         <double>355886.66068521404</double> 
        </void> 
        <void method="add"> 
         <double>356875.8348566706</double> 
        </void> 
        <void method="add"> 
         <double>357248.854752854</double> 
        </void> 
        <void method="add"> 
         <double>357950.2249679792</double> 
        </void> 
        <void method="add"> 
         <double>359220.3851226584</double> 
        </void> 
        <void method="add"> 
         <double>359959.08220086765</double> 
        </void> 
        <void method="add"> 
         <double>361389.87893777754</double> 
        </void> 
        <void method="add"> 
         <double>361883.5913234668</double> 
        </void> 
        <void method="add"> 
         <double>344446.5149467794</double> 
        </void> 
        <void method="add"> 
         <double>336770.23785569513</double> 
        </void> 
        <void method="add"> 
         <double>355121.31100660266</double> 
        </void> 
        <void method="add"> 
         <double>353214.3337372721</double> 
        </void> 
        <void method="add"> 
         <double>345976.7286719017</double> 
        </void> 
       </object> 
      </void> 
      <void property="stdev"> 
       <double>6948.103559090032</double> 
      </void> 
     </object> 
    </void> 
    <void index="4"> 
     <object class="jmbench.tools.EvaluationMetrics"> 
      <void property="max"> 
       <double>83510.7265486216</double> 
      </void> 
      <void property="mean"> 
       <double>82223.62042919607</double> 
      </void> 
      <void property="median"> 
       <double>82172.9778805084</double> 
      </void> 
      <void property="min"> 
       <double>81350.23514570184</double> 
      </void> 
      <void property="rawResults"> 
       <object class="java.util.ArrayList"> 
        <void method="add"> 
         <double>81350.23514570184</double> 
        </void> 
        <void method="add"> 
         <double>81466.50582681876</double> 
        </void> 
        <void method="add"> 
         <double>81524.69387353297</double> 
        </void> 
        <void method="add"> 
         <double>81567.47808312968</double> 
        </void> 
        <void method="add"> 
         <double>81873.06092413118</double> 
        </void> 
        <void method="add"> 
         <double>81977.4817422236</double> 
        </void> 
        <void method="add"> 
         <double>81992.8290548298</double> 
        </void> 
        <void method="add"> 
         <double>81996.56213645561</double> 
        </void> 
        <void method="add"> 
         <double>82012.45033726071</double> 
        </void> 
        <void method="add"> 
         <double>82172.9778805084</double> 
        </void> 
        <void method="add"> 
         <double>82214.29236553478</double> 
        </void> 
        <void method="add"> 
         <double>82256.89897801731</double> 
        </void> 
        <void method="add"> 
         <double>82328.80177604503</double> 
        </void> 
        <void method="add"> 
         <double>82367.22488623294</double> 
        </void> 
        <void method="add"> 
         <double>82408.72922165961</double> 
        </void> 
        <void method="add"> 
         <double>82789.17586945246</double> 
        </void> 
        <void method="add"> 
         <double>82862.18230942944</double> 
        </void> 
        <void method="add"> 
         <double>83140.93494339203</double> 
        </void> 
        <void method="add"> 
         <double>83388.08479814358</double> 
        </void> 
        <void method="add"> 
         <double>83510.7265486216</double> 
        </void> 
        <void method="add"> 
         <double>82027.27484454245</double> 
        </void> 
        <void method="add"> 
         <double>82759.93665138863</double> 
        </void> 
        <void method="add"> 
         <double>81623.72029812375</double> 
        </void> 
        <void method="add"> 
         <double>81588.74485064008</double> 
        </void> 
        <void method="add"> 
         <double>82389.50738408508</double> 
        </void> 
       </object> 
      </void> 
      <void property="stdev"> 
       <double>578.134804582383</double> 
      </void> 
     </object> 
    </void> 
    <void index="5"> 
     <object class="jmbench.tools.EvaluationMetrics"> 
      <void property="max"> 
       <double>17521.61565851437</double> 
      </void> 
      <void property="mean"> 
       <double>17322.56198075215</double> 
      </void> 
      <void property="median"> 
       <double>17294.255442240785</double> 
      </void> 
      <void property="min"> 
       <double>17123.82388996988</double> 
      </void> 
      <void property="rawResults"> 
       <object class="java.util.ArrayList"> 
        <void method="add"> 
         <double>17123.82388996988</double> 
        </void> 
        <void method="add"> 
         <double>17159.6446273828</double> 
        </void> 
        <void method="add"> 
         <double>17171.606765991462</double> 
        </void> 
        <void method="add"> 
         <double>17178.66773152355</double> 
        </void> 
        <void method="add"> 
         <double>17205.100923801016</double> 
        </void> 
        <void method="add"> 
         <double>17239.719412604543</double> 
        </void> 
        <void method="add"> 
         <double>17267.860266771077</double> 
        </void> 
        <void method="add"> 
         <double>17294.255442240785</double> 
        </void> 
        <void method="add"> 
         <double>17303.814614715186</double> 
        </void> 
        <void method="add"> 
         <double>17308.6946032959</double> 
        </void> 
        <void method="add"> 
         <double>17393.432162297642</double> 
        </void> 
        <void method="add"> 
         <double>17411.019540350986</double> 
        </void> 
        <void method="add"> 
         <double>17420.687900509187</double> 
        </void> 
        <void method="add"> 
         <double>17431.14328841789</double> 
        </void> 
        <void method="add"> 
         <double>17434.11601263977</double> 
        </void> 
        <void method="add"> 
         <double>17442.08050379682</double> 
        </void> 
        <void method="add"> 
         <double>17447.9669393194</double> 
        </void> 
        <void method="add"> 
         <double>17497.426235099018</double> 
        </void> 
        <void method="add"> 
         <double>17501.262632945913</double> 
        </void> 
        <void method="add"> 
         <double>17521.61565851437</double> 
        </void> 
        <void method="add"> 
         <double>17242.858985111536</double> 
        </void> 
        <void method="add"> 
         <double>17240.101398765022</double> 
        </void> 
        <void method="add"> 
         <double>17287.592494084784</double> 
        </void> 
        <void method="add"> 
         <double>17268.20530718837</double> 
        </void> 
        <void method="add"> 
         <double>17271.3521814669</double> 
        </void> 
       </object> 
      </void> 
      <void property="stdev"> 
       <double>115.47061823243064</double> 
      </void> 
     </object> 
    </void> 
    <void index="6"> 
     <object class="jmbench.tools.EvaluationMetrics"> 
      <void property="max"> 
       <double>1912.5980655290714</double> 
      </void> 
      <void property="mean"> 
       <double>1896.6284108166574</double> 
      </void> 
      <void property="median"> 
       <double>1898.1788332794622</double> 
      </void> 
      <void property="min"> 
       <double>1859.8190230214848</double> 
      </void> 
      <void property="rawResults"> 
       <object class="java.util.ArrayList"> 
        <void method="add"> 
         <double>1859.8190230214848</double> 
        </void> 
        <void method="add"> 
         <double>1873.0227723454186</double> 
        </void> 
        <void method="add"> 
         <double>1875.8362893660017</double> 
        </void> 
        <void method="add"> 
         <double>1877.175187268643</double> 
        </void> 
        <void method="add"> 
         <double>1882.1328572664236</double> 
        </void> 
        <void method="add"> 
         <double>1893.9710963147081</double> 
        </void> 
        <void method="add"> 
         <double>1894.6248571784922</double> 
        </void> 
        <void method="add"> 
         <double>1896.9224104987973</double> 
        </void> 
        <void method="add"> 
         <double>1897.6407055652573</double> 
        </void> 
        <void method="add"> 
         <double>1897.7049754787522</double> 
        </void> 
        <void method="add"> 
         <double>1898.1788332794622</double> 
        </void> 
        <void method="add"> 
         <double>1898.4812545522166</double> 
        </void> 
        <void method="add"> 
         <double>1898.80069539161</double> 
        </void> 
        <void method="add"> 
         <double>1908.0401724754906</double> 
        </void> 
        <void method="add"> 
         <double>1908.3738288648244</double> 
        </void> 
        <void method="add"> 
         <double>1908.7535239393471</double> 
        </void> 
        <void method="add"> 
         <double>1910.021682197818</double> 
        </void> 
        <void method="add"> 
         <double>1910.450084006478</double> 
        </void> 
        <void method="add"> 
         <double>1911.584610103882</double> 
        </void> 
        <void method="add"> 
         <double>1911.6464172333845</double> 
        </void> 
        <void method="add"> 
         <double>1876.0544175963848</double> 
        </void> 
        <void method="add"> 
         <double>1898.1215088577171</double> 
        </void> 
        <void method="add"> 
         <double>1908.3702111690923</double> 
        </void> 
        <void method="add"> 
         <double>1907.3847909156739</double> 
        </void> 
        <void method="add"> 
         <double>1912.5980655290714</double> 
        </void> 
       </object> 
      </void> 
      <void property="stdev"> 
       <double>14.319058858361641</double> 
      </void> 
     </object> 
    </void> 
    <void index="7"> 
     <object class="jmbench.tools.EvaluationMetrics"> 
      <void property="max"> 
       <double>637.2696720059115</double> 
      </void> 
      <void property="mean"> 
       <double>621.9448072787623</double> 
      </void> 
      <void property="median"> 
       <double>629.8140089941886</double> 
      </void> 
      <void property="min"> 
       <double>586.197277225886</double> 
      </void> 
      <void property="rawResults"> 
       <object class="java.util.ArrayList"> 
        <void method="add"> 
         <double>586.197277225886</double> 
        </void> 
        <void method="add"> 
         <double>588.0658955915908</double> 
        </void> 
        <void method="add"> 
         <double>589.3977864174556</double> 
        </void> 
        <void method="add"> 
         <double>590.710745496227</double> 
        </void> 
        <void method="add"> 
         <double>594.8325106205441</double> 
        </void> 
        <void method="add"> 
         <double>620.4232879864263</double> 
        </void> 
        <void method="add"> 
         <double>623.9618655336441</double> 
        </void> 
        <void method="add"> 
         <double>624.2859822443055</double> 
        </void> 
        <void method="add"> 
         <double>627.4070078569436</double> 
        </void> 
        <void method="add"> 
         <double>627.5652458566705</double> 
        </void> 
        <void method="add"> 
         <double>630.88576888077</double> 
        </void> 
        <void method="add"> 
         <double>631.0824572188978</double> 
        </void> 
        <void method="add"> 
         <double>631.9075021785246</double> 
        </void> 
        <void method="add"> 
         <double>632.1230872692133</double> 
        </void> 
        <void method="add"> 
         <double>632.2113927635457</double> 
        </void> 
        <void method="add"> 
         <double>632.2640520986934</double> 
        </void> 
        <void method="add"> 
         <double>632.5514208230437</double> 
        </void> 
        <void method="add"> 
         <double>632.5957512076876</double> 
        </void> 
        <void method="add"> 
         <double>634.6165746952556</double> 
        </void> 
        <void method="add"> 
         <double>635.0848644865251</double> 
        </void> 
        <void method="add"> 
         <double>619.0658932766728</double> 
        </void> 
        <void method="add"> 
         <double>628.9214909348261</double> 
        </void> 
        <void method="add"> 
         <double>629.8140089941886</double> 
        </void> 
        <void method="add"> 
         <double>635.3786403056043</double> 
        </void> 
        <void method="add"> 
         <double>637.2696720059115</double> 
        </void> 
       </object> 
      </void> 
      <void property="stdev"> 
       <double>16.661898193345028</double> 
      </void> 
     </object> 
    </void> 
    <void index="8"> 
     <object class="jmbench.tools.EvaluationMetrics"> 
      <void property="max"> 
       <double>71.91701470178809</double> 
      </void> 
      <void property="mean"> 
       <double>70.68408207360599</double> 
      </void> 
      <void property="median"> 
       <double>71.27556225682324</double> 
      </void> 
      <void property="min"> 
       <double>63.069386758438625</double> 
      </void> 
      <void property="rawResults"> 
       <object class="java.util.ArrayList"> 
        <void method="add"> 
         <double>63.069386758438625</double> 
        </void> 
        <void method="add"> 
         <double>65.33056767140837</double> 
        </void> 
        <void method="add"> 
         <double>70.26516460350929</double> 
        </void> 
        <void method="add"> 
         <double>70.30540490984819</double> 
        </void> 
        <void method="add"> 
         <double>70.78147561891315</double> 
        </void> 
        <void method="add"> 
         <double>70.84707819373699</double> 
        </void> 
        <void method="add"> 
         <double>70.92341651334142</double> 
        </void> 
        <void method="add"> 
         <double>70.92961112301636</double> 
        </void> 
        <void method="add"> 
         <double>71.1846457560934</double> 
        </void> 
        <void method="add"> 
         <double>71.2704575955678</double> 
        </void> 
        <void method="add"> 
         <double>71.27556225682324</double> 
        </void> 
        <void method="add"> 
         <double>71.47192263259225</double> 
        </void> 
        <void method="add"> 
         <double>71.52465195525704</double> 
        </void> 
        <void method="add"> 
         <double>71.56434664859589</double> 
        </void> 
        <void method="add"> 
         <double>71.58979121026525</double> 
        </void> 
        <void method="add"> 
         <double>71.63889469495598</double> 
        </void> 
        <void method="add"> 
         <double>71.64322789211056</double> 
        </void> 
        <void method="add"> 
         <double>71.65250614906562</double> 
        </void> 
        <void method="add"> 
         <double>71.7243609214485</double> 
        </void> 
        <void method="add"> 
         <double>71.91701470178809</double> 
        </void> 
        <void method="add"> 
         <double>71.39682368223436</double> 
        </void> 
        <void method="add"> 
         <double>71.02438965450072</double> 
        </void> 
        <void method="add"> 
         <double>71.47759298537608</double> 
        </void> 
        <void method="add"> 
         <double>70.9790048435043</double> 
        </void> 
        <void method="add"> 
         <double>71.31475286775881</double> 
        </void> 
       </object> 
      </void> 
      <void property="stdev"> 
       <double>1.9808367216626614</double> 
      </void> 
     </object> 
    </void> 
    <void index="9"> 
     <object class="jmbench.tools.EvaluationMetrics"> 
      <void property="max"> 
       <double>5.949181492804196</double> 
      </void> 
      <void property="mean"> 
       <double>5.116474369906793</double> 
      </void> 
      <void property="median"> 
       <double>5.181172920269749</double> 
      </void> 
      <void property="min"> 
       <double>4.086061334808407</double> 
      </void> 
      <void property="rawResults"> 
       <object class="java.util.ArrayList"> 
        <void method="add"> 
         <double>4.086061334808407</double> 
        </void> 
        <void method="add"> 
         <double>4.094327740331934</double> 
        </void> 
        <void method="add"> 
         <double>4.147848688126234</double> 
        </void> 
        <void method="add"> 
         <double>4.151865438043708</double> 
        </void> 
        <void method="add"> 
         <double>4.170295787714562</double> 
        </void> 
        <void method="add"> 
         <double>4.454667640814235</double> 
        </void> 
        <void method="add"> 
         <double>4.471051151952958</double> 
        </void> 
        <void method="add"> 
         <double>4.474409975720308</double> 
        </void> 
        <void method="add"> 
         <double>4.4921404112384105</double> 
        </void> 
        <void method="add"> 
         <double>4.501362560678725</double> 
        </void> 
        <void method="add"> 
         <double>5.045356721047415</double> 
        </void> 
        <void method="add"> 
         <double>5.181172920269749</double> 
        </void> 
        <void method="add"> 
         <double>5.20792172668631</double> 
        </void> 
        <void method="add"> 
         <double>5.775600732199541</double> 
        </void> 
        <void method="add"> 
         <double>5.791806762224599</double> 
        </void> 
        <void method="add"> 
         <double>5.9043818057158255</double> 
        </void> 
        <void method="add"> 
         <double>5.9155399749025595</double> 
        </void> 
        <void method="add"> 
         <double>5.9367185049086055</double> 
        </void> 
        <void method="add"> 
         <double>5.947906963905929</double> 
        </void> 
        <void method="add"> 
         <double>5.949181492804196</double> 
        </void> 
        <void method="add"> 
         <double>5.75499060810076</double> 
        </void> 
        <void method="add"> 
         <double>5.892931336441133</double> 
        </void> 
        <void method="add"> 
         <double>4.861999000289812</double> 
        </void> 
        <void method="add"> 
         <double>5.830368833999082</double> 
        </void> 
        <void method="add"> 
         <double>5.871951134744852</double> 
        </void> 
       </object> 
      </void> 
      <void property="stdev"> 
       <double>0.7290022247721867</double> 
      </void> 
     </object> 
    </void> 
    <void index="10"> 
     <object class="jmbench.tools.EvaluationMetrics"> 
      <void property="max"> 
       <double>0.36292366437211837</double> 
      </void> 
      <void property="mean"> 
       <double>0.33135750628701655</double> 
      </void> 
      <void property="median"> 
       <double>0.33350224076803875</double> 
      </void> 
      <void property="min"> 
       <double>0.2781486249950249</double> 
      </void> 
      <void property="rawResults"> 
       <object class="java.util.ArrayList"> 
        <void method="add"> 
         <double>0.2781486249950249</double> 
        </void> 
        <void method="add"> 
         <double>0.3083165989052351</double> 
        </void> 
        <void method="add"> 
         <double>0.3100346796049628</double> 
        </void> 
        <void method="add"> 
         <double>0.3155870282265491</double> 
        </void> 
        <void method="add"> 
         <double>0.31724008224473244</double> 
        </void> 
        <void method="add"> 
         <double>0.32336024836157273</double> 
        </void> 
        <void method="add"> 
         <double>0.3254439732555949</double> 
        </void> 
        <void method="add"> 
         <double>0.3260829710789565</double> 
        </void> 
        <void method="add"> 
         <double>0.33214615418453924</double> 
        </void> 
        <void method="add"> 
         <double>0.3334105258719253</double> 
        </void> 
        <void method="add"> 
         <double>0.33412502877852285</double> 
        </void> 
        <void method="add"> 
         <double>0.3349425486192848</double> 
        </void> 
        <void method="add"> 
         <double>0.341727272946817</double> 
        </void> 
        <void method="add"> 
         <double>0.3455648094048697</double> 
        </void> 
        <void method="add"> 
         <double>0.3455860195337784</double> 
        </void> 
        <void method="add"> 
         <double>0.35035238324462814</double> 
        </void> 
        <void method="add"> 
         <double>0.35240439939622353</double> 
        </void> 
        <void method="add"> 
         <double>0.35322647100847715</double> 
        </void> 
        <void method="add"> 
         <double>0.354030650004913</double> 
        </void> 
        <void method="add"> 
         <double>0.36292366437211837</double> 
        </void> 
        <void method="add"> 
         <double>0.30564746063106124</double> 
        </void> 
        <void method="add"> 
         <double>0.3081065498384143</double> 
        </void> 
        <void method="add"> 
         <double>0.33350224076803875</double> 
        </void> 
        <void method="add"> 
         <double>0.3471759496352225</double> 
        </void> 
        <void method="add"> 
         <double>0.3448513222639508</double> 
        </void> 
       </object> 
      </void> 
      <void property="stdev"> 
       <double>0.0193491172233793</double> 
      </void> 
     </object> 
    </void> 
    <void index="11"> 
     <object class="jmbench.tools.EvaluationMetrics"> 
      <void property="max"> 
       <double>0.038760437097511084</double> 
      </void> 
      <void property="mean"> 
       <double>0.038121813418998146</double> 
      </void> 
      <void property="median"> 
       <double>0.03783521211767849</double> 
      </void> 
      <void property="min"> 
       <double>0.037769791041804855</double> 
      </void> 
      <void property="rawResults"> 
       <object class="java.util.ArrayList"> 
        <void method="add"> 
         <double>0.03783521211767849</double> 
        </void> 
        <void method="add"> 
         <double>0.037769791041804855</double> 
        </void> 
        <void method="add"> 
         <double>0.038760437097511084</double> 
        </void> 
       </object> 
      </void> 
      <void property="stdev"> 
       <double>4.5236425688462297E-4</double> 
      </void> 
     </object> 
    </void> 
   </array> 
  </void> 
  <void property="opName"> 
   <string>Solve m=n</string> 
  </void> 
 </object> 
</java> 
