<?xml version="1.0" encoding="UTF-8"?> 
<java version="1.6.0_16" class="java.beans.XMLDecoder"> 
 <object class="jmbench.tools.runtime.OperationResults"> 
  <void property="library"> 
   <object class="jmbench.impl.MatrixLibrary" method="valueOf"> 
    <string>OJALGO</string> 
   </object> 
  </void> 
  <void property="matDimen"> 
   <array class="int" length="12"> 
    <void index="0"> 
     <int>2</int> 
    </void> 
    <void index="1"> 
     <int>3</int> 
    </void> 
    <void index="2"> 
     <int>4</int> 
    </void> 
    <void index="3"> 
     <int>5</int> 
    </void> 
    <void index="4"> 
     <int>10</int> 
    </void> 
    <void index="5"> 
     <int>20</int> 
    </void> 
    <void index="6"> 
     <int>50</int> 
    </void> 
    <void index="7"> 
     <int>100</int> 
    </void> 
    <void index="8"> 
     <int>200</int> 
    </void> 
    <void index="9"> 
     <int>500</int> 
    </void> 
    <void index="10"> 
     <int>1000</int> 
    </void> 
    <void index="11"> 
     <int>2000</int> 
    </void> 
   </array> 
  </void> 
  <void property="metrics"> 
   <array class="jmbench.tools.EvaluationMetrics" length="12"> 
    <void index="0"> 
     <object class="jmbench.tools.EvaluationMetrics"> 
      <void property="max"> 
       <double>877894.1549470422</double> 
      </void> 
      <void property="mean"> 
       <double>858698.1327701007</double> 
      </void> 
      <void property="median"> 
       <double>866078.7838808197</double> 
      </void> 
      <void property="min"> 
       <double>799241.876911253</double> 
      </void> 
      <void property="rawResults"> 
       <object class="java.util.ArrayList"> 
        <void method="add"> 
         <double>799241.876911253</double> 
        </void> 
        <void method="add"> 
         <double>830350.8428871654</double> 
        </void> 
        <void method="add"> 
         <double>856360.6786318693</double> 
        </void> 
        <void method="add"> 
         <double>857694.3891371385</double> 
        </void> 
        <void method="add"> 
         <double>858373.7413097004</double> 
        </void> 
        <void method="add"> 
         <double>861685.3830002442</double> 
        </void> 
        <void method="add"> 
         <double>864189.0301136619</double> 
        </void> 
        <void method="add"> 
         <double>865298.9100353828</double> 
        </void> 
        <void method="add"> 
         <double>865393.2533425357</double> 
        </void> 
        <void method="add"> 
         <double>866078.7838808197</double> 
        </void> 
        <void method="add"> 
         <double>867279.7083692008</double> 
        </void> 
        <void method="add"> 
         <double>867485.1032129657</double> 
        </void> 
        <void method="add"> 
         <double>867851.7522037544</double> 
        </void> 
        <void method="add"> 
         <double>869496.9987998591</double> 
        </void> 
        <void method="add"> 
         <double>870498.0502280988</double> 
        </void> 
        <void method="add"> 
         <double>870630.5134667307</double> 
        </void> 
        <void method="add"> 
         <double>871823.9479387292</double> 
        </void> 
        <void method="add"> 
         <double>872317.923971211</double> 
        </void> 
        <void method="add"> 
         <double>873263.7865757387</double> 
        </void> 
        <void method="add"> 
         <double>877894.1549470422</double> 
        </void> 
        <void method="add"> 
         <double>873295.4865156581</double> 
        </void> 
        <void method="add"> 
         <double>865046.8315215561</double> 
        </void> 
        <void method="add"> 
         <double>825415.3954238707</double> 
        </void> 
        <void method="add"> 
         <double>803118.8626674743</double> 
        </void> 
        <void method="add"> 
         <double>867367.9141608593</double> 
        </void> 
       </object> 
      </void> 
      <void property="stdev"> 
       <double>20614.35754891413</double> 
      </void> 
     </object> 
    </void> 
    <void index="1"> 
     <object class="jmbench.tools.EvaluationMetrics"> 
      <void property="max"> 
       <double>416390.1461338474</double> 
      </void> 
      <void property="mean"> 
       <double>408357.65142047015</double> 
      </void> 
      <void property="median"> 
       <double>410589.43369156984</double> 
      </void> 
      <void property="min"> 
       <double>386292.7618755933</double> 
      </void> 
      <void property="rawResults"> 
       <object class="java.util.ArrayList"> 
        <void method="add"> 
         <double>404176.44895908487</double> 
        </void> 
        <void method="add"> 
         <double>404418.69599591737</double> 
        </void> 
        <void method="add"> 
         <double>404943.4650422785</double> 
        </void> 
        <void method="add"> 
         <double>405209.10014856246</double> 
        </void> 
        <void method="add"> 
         <double>405349.3364486185</double> 
        </void> 
        <void method="add"> 
         <double>408640.73721594416</double> 
        </void> 
        <void method="add"> 
         <double>409437.8737188425</double> 
        </void> 
        <void method="add"> 
         <double>410589.43369156984</double> 
        </void> 
        <void method="add"> 
         <double>410885.9552946806</double> 
        </void> 
        <void method="add"> 
         <double>411318.364112733</double> 
        </void> 
        <void method="add"> 
         <double>411639.3399248806</double> 
        </void> 
        <void method="add"> 
         <double>411980.1126367511</double> 
        </void> 
        <void method="add"> 
         <double>412276.08465280617</double> 
        </void> 
        <void method="add"> 
         <double>412496.6571478402</double> 
        </void> 
        <void method="add"> 
         <double>413012.1744171385</double> 
        </void> 
        <void method="add"> 
         <double>413086.79867377825</double> 
        </void> 
        <void method="add"> 
         <double>414051.16639120237</double> 
        </void> 
        <void method="add"> 
         <double>415760.03489536914</double> 
        </void> 
        <void method="add"> 
         <double>415770.25745189196</double> 
        </void> 
        <void method="add"> 
         <double>416390.1461338474</double> 
        </void> 
        <void method="add"> 
         <double>408675.21423497185</double> 
        </void> 
        <void method="add"> 
         <double>407554.7852253853</double> 
        </void> 
        <void method="add"> 
         <double>386292.7618755933</double> 
        </void> 
        <void method="add"> 
         <double>388502.3271344006</double> 
        </void> 
        <void method="add"> 
         <double>406484.0140876643</double> 
        </void> 
       </object> 
      </void> 
      <void property="stdev"> 
       <double>7148.255032791343</double> 
      </void> 
     </object> 
    </void> 
    <void index="2"> 
     <object class="jmbench.tools.EvaluationMetrics"> 
      <void property="max"> 
       <double>199818.89858904775</double> 
      </void> 
      <void property="mean"> 
       <double>195879.6020244431</double> 
      </void> 
      <void property="median"> 
       <double>196938.98465040443</double> 
      </void> 
      <void property="min"> 
       <double>190169.78368094788</double> 
      </void> 
      <void property="rawResults"> 
       <object class="java.util.ArrayList"> 
        <void method="add"> 
         <double>190169.78368094788</double> 
        </void> 
        <void method="add"> 
         <double>190463.52884638048</double> 
        </void> 
        <void method="add"> 
         <double>191402.57665635136</double> 
        </void> 
        <void method="add"> 
         <double>191570.43473468558</double> 
        </void> 
        <void method="add"> 
         <double>192197.10179102808</double> 
        </void> 
        <void method="add"> 
         <double>193055.61680124604</double> 
        </void> 
        <void method="add"> 
         <double>195060.8908052372</double> 
        </void> 
        <void method="add"> 
         <double>195729.25554926286</double> 
        </void> 
        <void method="add"> 
         <double>195750.24553819685</double> 
        </void> 
        <void method="add"> 
         <double>196938.98465040443</double> 
        </void> 
        <void method="add"> 
         <double>196997.00604015542</double> 
        </void> 
        <void method="add"> 
         <double>197206.90247954446</double> 
        </void> 
        <void method="add"> 
         <double>197232.4209264244</double> 
        </void> 
        <void method="add"> 
         <double>197439.29739726643</double> 
        </void> 
        <void method="add"> 
         <double>197501.81084219404</double> 
        </void> 
        <void method="add"> 
         <double>197742.21095127193</double> 
        </void> 
        <void method="add"> 
         <double>197982.53944732517</double> 
        </void> 
        <void method="add"> 
         <double>199138.81598339198</double> 
        </void> 
        <void method="add"> 
         <double>199469.18741841658</double> 
        </void> 
        <void method="add"> 
         <double>199818.89858904775</double> 
        </void> 
        <void method="add"> 
         <double>196495.6451870491</double> 
        </void> 
        <void method="add"> 
         <double>195648.81316995205</double> 
        </void> 
        <void method="add"> 
         <double>197525.78864715376</double> 
        </void> 
        <void method="add"> 
         <double>198012.05782219142</double> 
        </void> 
        <void method="add"> 
         <double>196440.23665595325</double> 
        </void> 
       </object> 
      </void> 
      <void property="stdev"> 
       <double>2747.6718495988403</double> 
      </void> 
     </object> 
    </void> 
    <void index="3"> 
     <object class="jmbench.tools.EvaluationMetrics"> 
      <void property="max"> 
       <double>147101.52677290345</double> 
      </void> 
      <void property="mean"> 
       <double>145041.04385154232</double> 
      </void> 
      <void property="median"> 
       <double>145640.06671464106</double> 
      </void> 
      <void property="min"> 
       <double>139358.91797548783</double> 
      </void> 
      <void property="rawResults"> 
       <object class="java.util.ArrayList"> 
        <void method="add"> 
         <double>140238.32312253097</double> 
        </void> 
        <void method="add"> 
         <double>140921.9508760063</double> 
        </void> 
        <void method="add"> 
         <double>144815.0116070099</double> 
        </void> 
        <void method="add"> 
         <double>145348.44764088737</double> 
        </void> 
        <void method="add"> 
         <double>145388.48825793888</double> 
        </void> 
        <void method="add"> 
         <double>145481.36433152543</double> 
        </void> 
        <void method="add"> 
         <double>145586.3807384016</double> 
        </void> 
        <void method="add"> 
         <double>145640.06671464106</double> 
        </void> 
        <void method="add"> 
         <double>145692.0957339111</double> 
        </void> 
        <void method="add"> 
         <double>145867.51640143394</double> 
        </void> 
        <void method="add"> 
         <double>145889.2115409564</double> 
        </void> 
        <void method="add"> 
         <double>145889.66161679156</double> 
        </void> 
        <void method="add"> 
         <double>145913.95443641348</double> 
        </void> 
        <void method="add"> 
         <double>145916.47542052477</double> 
        </void> 
        <void method="add"> 
         <double>145944.84087520136</double> 
        </void> 
        <void method="add"> 
         <double>146772.14065904278</double> 
        </void> 
        <void method="add"> 
         <double>146816.93342957975</double> 
        </void> 
        <void method="add"> 
         <double>147042.63093743986</double> 
        </void> 
        <void method="add"> 
         <double>147057.92211237145</double> 
        </void> 
        <void method="add"> 
         <double>147101.52677290345</double> 
        </void> 
        <void method="add"> 
         <double>144684.9992089409</double> 
        </void> 
        <void method="add"> 
         <double>139358.91797548783</double> 
        </void> 
        <void method="add"> 
         <double>142059.70442798507</double> 
        </void> 
        <void method="add"> 
         <double>145460.41706627992</double> 
        </void> 
        <void method="add"> 
         <double>145137.1143843521</double> 
        </void> 
       </object> 
      </void> 
      <void property="stdev"> 
       <double>2059.10814547096</double> 
      </void> 
     </object> 
    </void> 
    <void index="4"> 
     <object class="jmbench.tools.EvaluationMetrics"> 
      <void property="max"> 
       <double>32532.930486607424</double> 
      </void> 
      <void property="mean"> 
       <double>32388.844655981266</double> 
      </void> 
      <void property="median"> 
       <double>32456.6064835045</double> 
      </void> 
      <void property="min"> 
       <double>31891.525152121925</double> 
      </void> 
      <void property="rawResults"> 
       <object class="java.util.ArrayList"> 
        <void method="add"> 
         <double>31891.525152121925</double> 
        </void> 
        <void method="add"> 
         <double>31899.48139098467</double> 
        </void> 
        <void method="add"> 
         <double>32207.07464608075</double> 
        </void> 
        <void method="add"> 
         <double>32300.228946824835</double> 
        </void> 
        <void method="add"> 
         <double>32313.017580242216</double> 
        </void> 
        <void method="add"> 
         <double>32321.36942734003</double> 
        </void> 
        <void method="add"> 
         <double>32384.571289142692</double> 
        </void> 
        <void method="add"> 
         <double>32392.623741080024</double> 
        </void> 
        <void method="add"> 
         <double>32440.888829430532</double> 
        </void> 
        <void method="add"> 
         <double>32442.723626373918</double> 
        </void> 
        <void method="add"> 
         <double>32461.126802518622</double> 
        </void> 
        <void method="add"> 
         <double>32461.55803615904</double> 
        </void> 
        <void method="add"> 
         <double>32468.726029268175</double> 
        </void> 
        <void method="add"> 
         <double>32478.98089861018</double> 
        </void> 
        <void method="add"> 
         <double>32494.567560867676</double> 
        </void> 
        <void method="add"> 
         <double>32501.157229984176</double> 
        </void> 
        <void method="add"> 
         <double>32504.490854244596</double> 
        </void> 
        <void method="add"> 
         <double>32519.32608518981</double> 
        </void> 
        <void method="add"> 
         <double>32523.832203860933</double> 
        </void> 
        <void method="add"> 
         <double>32532.930486607424</double> 
        </void> 
        <void method="add"> 
         <double>32394.40726136136</double> 
        </void> 
        <void method="add"> 
         <double>32390.69271735856</double> 
        </void> 
        <void method="add"> 
         <double>32477.43603285168</double> 
        </void> 
        <void method="add"> 
         <double>32456.6064835045</double> 
        </void> 
        <void method="add"> 
         <double>32461.773087523383</double> 
        </void> 
       </object> 
      </void> 
      <void property="stdev"> 
       <double>164.8789493910689</double> 
      </void> 
     </object> 
    </void> 
    <void index="5"> 
     <object class="jmbench.tools.EvaluationMetrics"> 
      <void property="max"> 
       <double>5574.466399415957</double> 
      </void> 
      <void property="mean"> 
       <double>5528.05322661001</double> 
      </void> 
      <void property="median"> 
       <double>5522.642537082793</double> 
      </void> 
      <void property="min"> 
       <double>5487.192542335145</double> 
      </void> 
      <void property="rawResults"> 
       <object class="java.util.ArrayList"> 
        <void method="add"> 
         <double>5487.192542335145</double> 
        </void> 
        <void method="add"> 
         <double>5505.709907672373</double> 
        </void> 
        <void method="add"> 
         <double>5510.284610996804</double> 
        </void> 
        <void method="add"> 
         <double>5511.5155404221805</double> 
        </void> 
        <void method="add"> 
         <double>5515.522829684792</double> 
        </void> 
        <void method="add"> 
         <double>5516.903541713759</double> 
        </void> 
        <void method="add"> 
         <double>5518.521526526497</double> 
        </void> 
        <void method="add"> 
         <double>5518.913004012163</double> 
        </void> 
        <void method="add"> 
         <double>5519.389175274709</double> 
        </void> 
        <void method="add"> 
         <double>5519.467572060589</double> 
        </void> 
        <void method="add"> 
         <double>5520.787581670804</double> 
        </void> 
        <void method="add"> 
         <double>5522.390641015257</double> 
        </void> 
        <void method="add"> 
         <double>5522.642537082793</double> 
        </void> 
        <void method="add"> 
         <double>5523.364550027302</double> 
        </void> 
        <void method="add"> 
         <double>5523.404065301692</double> 
        </void> 
        <void method="add"> 
         <double>5525.960204296823</double> 
        </void> 
        <void method="add"> 
         <double>5526.503681530631</double> 
        </void> 
        <void method="add"> 
         <double>5528.174529293836</double> 
        </void> 
        <void method="add"> 
         <double>5528.787205355345</double> 
        </void> 
        <void method="add"> 
         <double>5529.173136228864</double> 
        </void> 
        <void method="add"> 
         <double>5560.042207364</double> 
        </void> 
        <void method="add"> 
         <double>5558.319480074776</double> 
        </void> 
        <void method="add"> 
         <double>5566.993208794103</double> 
        </void> 
        <void method="add"> 
         <double>5566.900987099043</double> 
        </void> 
        <void method="add"> 
         <double>5574.466399415957</double> 
        </void> 
       </object> 
      </void> 
      <void property="stdev"> 
       <double>20.63768681658439</double> 
      </void> 
     </object> 
    </void> 
    <void index="6"> 
     <object class="jmbench.tools.EvaluationMetrics"> 
      <void property="max"> 
       <double>409.04781945004265</double> 
      </void> 
      <void property="mean"> 
       <double>358.1413350117899</double> 
      </void> 
      <void property="median"> 
       <double>353.60533613056526</double> 
      </void> 
      <void property="min"> 
       <double>329.4706120791958</double> 
      </void> 
      <void property="rawResults"> 
       <object class="java.util.ArrayList"> 
        <void method="add"> 
         <double>329.4706120791958</double> 
        </void> 
        <void method="add"> 
         <double>332.8328875270542</double> 
        </void> 
        <void method="add"> 
         <double>333.5060113670649</double> 
        </void> 
        <void method="add"> 
         <double>335.3856644705565</double> 
        </void> 
        <void method="add"> 
         <double>337.4839015163919</double> 
        </void> 
        <void method="add"> 
         <double>337.92187681537007</double> 
        </void> 
        <void method="add"> 
         <double>339.1484517551353</double> 
        </void> 
        <void method="add"> 
         <double>339.27233640511776</double> 
        </void> 
        <void method="add"> 
         <double>342.9074588054013</double> 
        </void> 
        <void method="add"> 
         <double>343.05363977717894</double> 
        </void> 
        <void method="add"> 
         <double>346.692918140347</double> 
        </void> 
        <void method="add"> 
         <double>351.222818627107</double> 
        </void> 
        <void method="add"> 
         <double>353.60533613056526</double> 
        </void> 
        <void method="add"> 
         <double>356.2286461092523</double> 
        </void> 
        <void method="add"> 
         <double>356.36273821674786</double> 
        </void> 
        <void method="add"> 
         <double>357.5417716051766</double> 
        </void> 
        <void method="add"> 
         <double>359.8777217147576</double> 
        </void> 
        <void method="add"> 
         <double>362.58524099529916</double> 
        </void> 
        <void method="add"> 
         <double>364.26483069168023</double> 
        </void> 
        <void method="add"> 
         <double>378.1025987622363</double> 
        </void> 
        <void method="add"> 
         <double>409.04781945004265</double> 
        </void> 
        <void method="add"> 
         <double>392.5468960824485</double> 
        </void> 
        <void method="add"> 
         <double>399.8550208516654</double> 
        </void> 
        <void method="add"> 
         <double>400.5792631180151</double> 
        </void> 
        <void method="add"> 
         <double>394.03691428093987</double> 
        </void> 
       </object> 
      </void> 
      <void property="stdev"> 
       <double>23.553681553065353</double> 
      </void> 
     </object> 
    </void> 
    <void index="7"> 
     <object class="jmbench.tools.EvaluationMetrics"> 
      <void property="max"> 
       <double>54.98448298813052</double> 
      </void> 
      <void property="mean"> 
       <double>53.18055679649331</double> 
      </void> 
      <void property="median"> 
       <double>54.20687869554024</double> 
      </void> 
      <void property="min"> 
       <double>47.74909963792685</double> 
      </void> 
      <void property="rawResults"> 
       <object class="java.util.ArrayList"> 
        <void method="add"> 
         <double>47.74909963792685</double> 
        </void> 
        <void method="add"> 
         <double>48.313657799620366</double> 
        </void> 
        <void method="add"> 
         <double>48.519605817593465</double> 
        </void> 
        <void method="add"> 
         <double>50.5024135323407</double> 
        </void> 
        <void method="add"> 
         <double>51.71260812880905</double> 
        </void> 
        <void method="add"> 
         <double>53.878850858647084</double> 
        </void> 
        <void method="add"> 
         <double>54.122371795712844</double> 
        </void> 
        <void method="add"> 
         <double>54.180780130810035</double> 
        </void> 
        <void method="add"> 
         <double>54.18788686481562</double> 
        </void> 
        <void method="add"> 
         <double>54.19251959879287</double> 
        </void> 
        <void method="add"> 
         <double>54.20687869554024</double> 
        </void> 
        <void method="add"> 
         <double>54.23845079572568</double> 
        </void> 
        <void method="add"> 
         <double>54.30010829287797</double> 
        </void> 
        <void method="add"> 
         <double>54.31541419991139</double> 
        </void> 
        <void method="add"> 
         <double>54.334147519008475</double> 
        </void> 
        <void method="add"> 
         <double>54.3984323180774</double> 
        </void> 
        <void method="add"> 
         <double>54.41790275630099</double> 
        </void> 
        <void method="add"> 
         <double>54.68795133811066</double> 
        </void> 
        <void method="add"> 
         <double>54.69601168407208</double> 
        </void> 
        <void method="add"> 
         <double>54.77160266219478</double> 
        </void> 
        <void method="add"> 
         <double>50.82175949881981</double> 
        </void> 
        <void method="add"> 
         <double>52.82279134662252</double> 
        </void> 
        <void method="add"> 
         <double>54.98448298813052</double> 
        </void> 
        <void method="add"> 
         <double>54.683146237677114</double> 
        </void> 
        <void method="add"> 
         <double>54.475045414194604</double> 
        </void> 
       </object> 
      </void> 
      <void property="stdev"> 
       <double>2.169715985568456</double> 
      </void> 
     </object> 
    </void> 
    <void index="8"> 
     <object class="jmbench.tools.EvaluationMetrics"> 
      <void property="max"> 
       <double>9.315665586661298</double> 
      </void> 
      <void property="mean"> 
       <double>8.736191952729477</double> 
      </void> 
      <void property="median"> 
       <double>8.86073060786166</double> 
      </void> 
      <void property="min"> 
       <double>8.0910643495114</double> 
      </void> 
      <void property="rawResults"> 
       <object class="java.util.ArrayList"> 
        <void method="add"> 
         <double>8.0910643495114</double> 
        </void> 
        <void method="add"> 
         <double>8.165993263879415</double> 
        </void> 
        <void method="add"> 
         <double>8.181492387884841</double> 
        </void> 
        <void method="add"> 
         <double>8.227779703383506</double> 
        </void> 
        <void method="add"> 
         <double>8.324285739200484</double> 
        </void> 
        <void method="add"> 
         <double>8.410971218103281</double> 
        </void> 
        <void method="add"> 
         <double>8.490530595315953</double> 
        </void> 
        <void method="add"> 
         <double>8.514859237393916</double> 
        </void> 
        <void method="add"> 
         <double>8.560799545608415</double> 
        </void> 
        <void method="add"> 
         <double>8.86073060786166</double> 
        </void> 
        <void method="add"> 
         <double>8.878752462549345</double> 
        </void> 
        <void method="add"> 
         <double>8.921413924011</double> 
        </void> 
        <void method="add"> 
         <double>8.982456437269915</double> 
        </void> 
        <void method="add"> 
         <double>9.040606871188091</double> 
        </void> 
        <void method="add"> 
         <double>9.119876834268561</double> 
        </void> 
        <void method="add"> 
         <double>9.167773954812512</double> 
        </void> 
        <void method="add"> 
         <double>9.196395600180278</double> 
        </void> 
        <void method="add"> 
         <double>9.257225390332563</double> 
        </void> 
        <void method="add"> 
         <double>9.261689074413752</double> 
        </void> 
        <void method="add"> 
         <double>9.315665586661298</double> 
        </void> 
        <void method="add"> 
         <double>8.729595415975023</double> 
        </void> 
        <void method="add"> 
         <double>9.121721227119426</double> 
        </void> 
        <void method="add"> 
         <double>8.144457190035158</double> 
        </void> 
        <void method="add"> 
         <double>8.236272012645554</double> 
        </void> 
        <void method="add"> 
         <double>9.202390188631554</double> 
        </void> 
       </object> 
      </void> 
      <void property="stdev"> 
       <double>0.4167131285124312</double> 
      </void> 
     </object> 
    </void> 
    <void index="9"> 
     <object class="jmbench.tools.EvaluationMetrics"> 
      <void property="max"> 
       <double>0.48266845758931537</double> 
      </void> 
      <void property="mean"> 
       <double>0.46958178834797126</double> 
      </void> 
      <void property="median"> 
       <double>0.47237929741223084</double> 
      </void> 
      <void property="min"> 
       <double>0.4366000402663992</double> 
      </void> 
      <void property="rawResults"> 
       <object class="java.util.ArrayList"> 
        <void method="add"> 
         <double>0.4366000402663992</double> 
        </void> 
        <void method="add"> 
         <double>0.45759801131931144</double> 
        </void> 
        <void method="add"> 
         <double>0.45991110677159436</double> 
        </void> 
        <void method="add"> 
         <double>0.464694645083799</double> 
        </void> 
        <void method="add"> 
         <double>0.4663046831232296</double> 
        </void> 
        <void method="add"> 
         <double>0.4670496504314115</double> 
        </void> 
        <void method="add"> 
         <double>0.4711780415540302</double> 
        </void> 
        <void method="add"> 
         <double>0.4715389572434276</double> 
        </void> 
        <void method="add"> 
         <double>0.47237929741223084</double> 
        </void> 
        <void method="add"> 
         <double>0.4725466410262576</double> 
        </void> 
        <void method="add"> 
         <double>0.4727440934090743</double> 
        </void> 
        <void method="add"> 
         <double>0.4728495608829712</double> 
        </void> 
        <void method="add"> 
         <double>0.47307182821978894</double> 
        </void> 
        <void method="add"> 
         <double>0.47364606138984144</double> 
        </void> 
        <void method="add"> 
         <double>0.47378616908547794</double> 
        </void> 
        <void method="add"> 
         <double>0.47505782838565025</double> 
        </void> 
        <void method="add"> 
         <double>0.4755503974706932</double> 
        </void> 
        <void method="add"> 
         <double>0.4759720017551972</double> 
        </void> 
        <void method="add"> 
         <double>0.47657461984362204</double> 
        </void> 
        <void method="add"> 
         <double>0.48266845758931537</double> 
        </void> 
        <void method="add"> 
         <double>0.46732102653176977</double> 
        </void> 
        <void method="add"> 
         <double>0.46434832814198407</double> 
        </void> 
        <void method="add"> 
         <double>0.47407431635063135</double> 
        </void> 
        <void method="add"> 
         <double>0.4716129031002966</double> 
        </void> 
        <void method="add"> 
         <double>0.47046604231127603</double> 
        </void> 
       </object> 
      </void> 
      <void property="stdev"> 
       <double>0.008579533800934893</double> 
      </void> 
     </object> 
    </void> 
    <void index="10"> 
     <object class="jmbench.tools.EvaluationMetrics"> 
      <void property="max"> 
       <double>0.05684920095805134</double> 
      </void> 
      <void property="mean"> 
       <double>0.0555373999722227</double> 
      </void> 
      <void property="median"> 
       <double>0.0565072959012266</double> 
      </void> 
      <void property="min"> 
       <double>0.0527100449012531</double> 
      </void> 
      <void property="rawResults"> 
       <object class="java.util.ArrayList"> 
        <void method="add"> 
         <double>0.0527100449012531</double> 
        </void> 
        <void method="add"> 
         <double>0.05608305812835975</double> 
        </void> 
        <void method="add"> 
         <double>0.0565072959012266</double> 
        </void> 
        <void method="add"> 
         <double>0.05684920095805134</double> 
        </void> 
       </object> 
      </void> 
      <void property="stdev"> 
       <double>0.0016547809114967266</double> 
      </void> 
     </object> 
    </void> 
   </array> 
  </void> 
  <void property="opName"> 
   <string>Solve m&gt;n</string> 
  </void> 
 </object> 
</java> 
