<?xml version="1.0" encoding="UTF-8"?> 
<java version="1.6.0_16" class="java.beans.XMLDecoder"> 
 <object class="jmbench.tools.runtime.OperationResults"> 
  <void property="library"> 
   <object class="jmbench.impl.MatrixLibrary" method="valueOf"> 
    <string>CM</string> 
   </object> 
  </void> 
  <void property="matDimen"> 
   <array class="int" length="12"> 
    <void index="0"> 
     <int>2</int> 
    </void> 
    <void index="1"> 
     <int>3</int> 
    </void> 
    <void index="2"> 
     <int>4</int> 
    </void> 
    <void index="3"> 
     <int>5</int> 
    </void> 
    <void index="4"> 
     <int>10</int> 
    </void> 
    <void index="5"> 
     <int>20</int> 
    </void> 
    <void index="6"> 
     <int>50</int> 
    </void> 
    <void index="7"> 
     <int>100</int> 
    </void> 
    <void index="8"> 
     <int>200</int> 
    </void> 
    <void index="9"> 
     <int>500</int> 
    </void> 
    <void index="10"> 
     <int>1000</int> 
    </void> 
    <void index="11"> 
     <int>2000</int> 
    </void> 
   </array> 
  </void> 
  <void property="metrics"> 
   <array class="jmbench.tools.EvaluationMetrics" length="12"> 
    <void index="0"> 
     <object class="jmbench.tools.EvaluationMetrics"> 
      <void property="max"> 
       <double>473852.8280028718</double> 
      </void> 
      <void property="mean"> 
       <double>463211.8741475546</double> 
      </void> 
      <void property="median"> 
       <double>464145.7660630326</double> 
      </void> 
      <void property="min"> 
       <double>429771.33472595137</double> 
      </void> 
      <void property="rawResults"> 
       <object class="java.util.ArrayList"> 
        <void method="add"> 
         <double>429771.33472595137</double> 
        </void> 
        <void method="add"> 
         <double>448886.24285641307</double> 
        </void> 
        <void method="add"> 
         <double>454905.8676586278</double> 
        </void> 
        <void method="add"> 
         <double>456278.80339189793</double> 
        </void> 
        <void method="add"> 
         <double>457036.5736787238</double> 
        </void> 
        <void method="add"> 
         <double>459078.03258340945</double> 
        </void> 
        <void method="add"> 
         <double>459098.0968337212</double> 
        </void> 
        <void method="add"> 
         <double>460033.0279795492</double> 
        </void> 
        <void method="add"> 
         <double>460144.14187118836</double> 
        </void> 
        <void method="add"> 
         <double>461242.50777943485</double> 
        </void> 
        <void method="add"> 
         <double>462852.2625163229</double> 
        </void> 
        <void method="add"> 
         <double>463282.6785923744</double> 
        </void> 
        <void method="add"> 
         <double>464145.7660630326</double> 
        </void> 
        <void method="add"> 
         <double>464277.81063706963</double> 
        </void> 
        <void method="add"> 
         <double>465411.1971451449</double> 
        </void> 
        <void method="add"> 
         <double>471422.34171275294</double> 
        </void> 
        <void method="add"> 
         <double>473035.8336755168</double> 
        </void> 
        <void method="add"> 
         <double>473608.95677857875</double> 
        </void> 
        <void method="add"> 
         <double>473626.23470534116</double> 
        </void> 
        <void method="add"> 
         <double>473852.8280028718</double> 
        </void> 
        <void method="add"> 
         <double>470354.5536445663</double> 
        </void> 
        <void method="add"> 
         <double>470234.7066581001</double> 
        </void> 
        <void method="add"> 
         <double>468407.8029903646</double> 
        </void> 
        <void method="add"> 
         <double>470691.3404806628</double> 
        </void> 
        <void method="add"> 
         <double>468617.91072724777</double> 
        </void> 
       </object> 
      </void> 
      <void property="stdev"> 
       <double>9485.324219363818</double> 
      </void> 
     </object> 
    </void> 
    <void index="1"> 
     <object class="jmbench.tools.EvaluationMetrics"> 
      <void property="max"> 
       <double>301475.0562233988</double> 
      </void> 
      <void property="mean"> 
       <double>264648.94910477014</double> 
      </void> 
      <void property="median"> 
       <double>284208.12165633007</double> 
      </void> 
      <void property="min"> 
       <double>227731.63100470582</double> 
      </void> 
      <void property="rawResults"> 
       <object class="java.util.ArrayList"> 
        <void method="add"> 
         <double>227731.63100470582</double> 
        </void> 
        <void method="add"> 
         <double>229773.77805227545</double> 
        </void> 
        <void method="add"> 
         <double>230852.52029269998</double> 
        </void> 
        <void method="add"> 
         <double>230952.75581976093</double> 
        </void> 
        <void method="add"> 
         <double>234790.5748449115</double> 
        </void> 
        <void method="add"> 
         <double>236274.36234761932</double> 
        </void> 
        <void method="add"> 
         <double>237488.44856990717</double> 
        </void> 
        <void method="add"> 
         <double>238376.2313982385</double> 
        </void> 
        <void method="add"> 
         <double>241781.23434061985</double> 
        </void> 
        <void method="add"> 
         <double>283245.7037521263</double> 
        </void> 
        <void method="add"> 
         <double>284208.12165633007</double> 
        </void> 
        <void method="add"> 
         <double>284401.088051809</double> 
        </void> 
        <void method="add"> 
         <double>284742.14475482015</double> 
        </void> 
        <void method="add"> 
         <double>284975.18601887464</double> 
        </void> 
        <void method="add"> 
         <double>285114.70813582937</double> 
        </void> 
        <void method="add"> 
         <double>287502.68717963377</double> 
        </void> 
        <void method="add"> 
         <double>289667.06217220053</double> 
        </void> 
        <void method="add"> 
         <double>290388.6969215988</double> 
        </void> 
        <void method="add"> 
         <double>291766.9223860728</double> 
        </void> 
        <void method="add"> 
         <double>301475.0562233988</double> 
        </void> 
        <void method="add"> 
         <double>287961.26479869755</double> 
        </void> 
        <void method="add"> 
         <double>290296.653111596</double> 
        </void> 
        <void method="add"> 
         <double>239429.75417745847</double> 
        </void> 
        <void method="add"> 
         <double>235839.3236567509</double> 
        </void> 
        <void method="add"> 
         <double>287187.81795131706</double> 
        </void> 
       </object> 
      </void> 
      <void property="stdev"> 
       <double>26785.188467218006</double> 
      </void> 
     </object> 
    </void> 
    <void index="2"> 
     <object class="jmbench.tools.EvaluationMetrics"> 
      <void property="max"> 
       <double>98229.4872607742</double> 
      </void> 
      <void property="mean"> 
       <double>93096.02952344008</double> 
      </void> 
      <void property="median"> 
       <double>93845.48146981762</double> 
      </void> 
      <void property="min"> 
       <double>84651.62092074212</double> 
      </void> 
      <void property="rawResults"> 
       <object class="java.util.ArrayList"> 
        <void method="add"> 
         <double>84651.62092074212</double> 
        </void> 
        <void method="add"> 
         <double>87339.88963990526</double> 
        </void> 
        <void method="add"> 
         <double>87609.97298486854</double> 
        </void> 
        <void method="add"> 
         <double>89312.56846151875</double> 
        </void> 
        <void method="add"> 
         <double>90261.03453718152</double> 
        </void> 
        <void method="add"> 
         <double>91282.81820186843</double> 
        </void> 
        <void method="add"> 
         <double>91790.13701871192</double> 
        </void> 
        <void method="add"> 
         <double>92430.85434588224</double> 
        </void> 
        <void method="add"> 
         <double>92437.1254328203</double> 
        </void> 
        <void method="add"> 
         <double>93845.48146981762</double> 
        </void> 
        <void method="add"> 
         <double>94587.81981228998</double> 
        </void> 
        <void method="add"> 
         <double>94692.15477336392</double> 
        </void> 
        <void method="add"> 
         <double>95263.34101254001</double> 
        </void> 
        <void method="add"> 
         <double>95362.50662560553</double> 
        </void> 
        <void method="add"> 
         <double>95658.51551367257</double> 
        </void> 
        <void method="add"> 
         <double>95855.00202796076</double> 
        </void> 
        <void method="add"> 
         <double>95918.0628590975</double> 
        </void> 
        <void method="add"> 
         <double>96034.12389814858</double> 
        </void> 
        <void method="add"> 
         <double>96054.8718168026</double> 
        </void> 
        <void method="add"> 
         <double>97009.43654601151</double> 
        </void> 
        <void method="add"> 
         <double>90560.82333134276</double> 
        </void> 
        <void method="add"> 
         <double>95141.85878841738</double> 
        </void> 
        <void method="add"> 
         <double>98229.4872607742</double> 
        </void> 
        <void method="add"> 
         <double>92665.83839056213</double> 
        </void> 
        <void method="add"> 
         <double>93405.39241609619</double> 
        </void> 
       </object> 
      </void> 
      <void property="stdev"> 
       <double>3286.446404053638</double> 
      </void> 
     </object> 
    </void> 
    <void index="3"> 
     <object class="jmbench.tools.EvaluationMetrics"> 
      <void property="max"> 
       <double>74305.71973374486</double> 
      </void> 
      <void property="mean"> 
       <double>70393.34516119653</double> 
      </void> 
      <void property="median"> 
       <double>71102.43535108144</double> 
      </void> 
      <void property="min"> 
       <double>65360.30270603105</double> 
      </void> 
      <void property="rawResults"> 
       <object class="java.util.ArrayList"> 
        <void method="add"> 
         <double>65360.30270603105</double> 
        </void> 
        <void method="add"> 
         <double>65906.0599294582</double> 
        </void> 
        <void method="add"> 
         <double>67062.06300507912</double> 
        </void> 
        <void method="add"> 
         <double>67866.77345895625</double> 
        </void> 
        <void method="add"> 
         <double>67889.37544277949</double> 
        </void> 
        <void method="add"> 
         <double>68069.95326494476</double> 
        </void> 
        <void method="add"> 
         <double>69872.88995936466</double> 
        </void> 
        <void method="add"> 
         <double>69899.6565042864</double> 
        </void> 
        <void method="add"> 
         <double>70770.3857872198</double> 
        </void> 
        <void method="add"> 
         <double>71102.43535108144</double> 
        </void> 
        <void method="add"> 
         <double>71257.45575482259</double> 
        </void> 
        <void method="add"> 
         <double>71414.45167992996</double> 
        </void> 
        <void method="add"> 
         <double>71455.7907626883</double> 
        </void> 
        <void method="add"> 
         <double>71653.70630285889</double> 
        </void> 
        <void method="add"> 
         <double>71659.25701220105</double> 
        </void> 
        <void method="add"> 
         <double>71784.10618092342</double> 
        </void> 
        <void method="add"> 
         <double>72162.82621730972</double> 
        </void> 
        <void method="add"> 
         <double>72995.72277625582</double> 
        </void> 
        <void method="add"> 
         <double>73570.03240128876</double> 
        </void> 
        <void method="add"> 
         <double>74120.3845366871</double> 
        </void> 
        <void method="add"> 
         <double>67474.38454683378</double> 
        </void> 
        <void method="add"> 
         <double>70476.98044233641</double> 
        </void> 
        <void method="add"> 
         <double>69295.04345219162</double> 
        </void> 
        <void method="add"> 
         <double>72407.87182063905</double> 
        </void> 
        <void method="add"> 
         <double>74305.71973374486</double> 
        </void> 
       </object> 
      </void> 
      <void property="stdev"> 
       <double>2423.249163573013</double> 
      </void> 
     </object> 
    </void> 
    <void index="4"> 
     <object class="jmbench.tools.EvaluationMetrics"> 
      <void property="max"> 
       <double>28016.952414597257</double> 
      </void> 
      <void property="mean"> 
       <double>26501.367250420146</double> 
      </void> 
      <void property="median"> 
       <double>26592.5641822566</double> 
      </void> 
      <void property="min"> 
       <double>25288.97728450948</double> 
      </void> 
      <void property="rawResults"> 
       <object class="java.util.ArrayList"> 
        <void method="add"> 
         <double>25288.97728450948</double> 
        </void> 
        <void method="add"> 
         <double>25453.721666977377</double> 
        </void> 
        <void method="add"> 
         <double>25514.351055200408</double> 
        </void> 
        <void method="add"> 
         <double>25598.956282038755</double> 
        </void> 
        <void method="add"> 
         <double>25732.46424585427</double> 
        </void> 
        <void method="add"> 
         <double>26057.39024096767</double> 
        </void> 
        <void method="add"> 
         <double>26133.58593772621</double> 
        </void> 
        <void method="add"> 
         <double>26153.662881295182</double> 
        </void> 
        <void method="add"> 
         <double>26191.345046570237</double> 
        </void> 
        <void method="add"> 
         <double>26270.84947541218</double> 
        </void> 
        <void method="add"> 
         <double>26276.475702696698</double> 
        </void> 
        <void method="add"> 
         <double>26529.719850003272</double> 
        </void> 
        <void method="add"> 
         <double>26592.5641822566</double> 
        </void> 
        <void method="add"> 
         <double>26716.967370851384</double> 
        </void> 
        <void method="add"> 
         <double>26757.727610475416</double> 
        </void> 
        <void method="add"> 
         <double>26842.154866643814</double> 
        </void> 
        <void method="add"> 
         <double>27146.006215394198</double> 
        </void> 
        <void method="add"> 
         <double>27155.66499539974</double> 
        </void> 
        <void method="add"> 
         <double>27231.115390934265</double> 
        </void> 
        <void method="add"> 
         <double>27272.674216545263</double> 
        </void> 
        <void method="add"> 
         <double>26932.169745922907</double> 
        </void> 
        <void method="add"> 
         <double>27081.551100137945</double> 
        </void> 
        <void method="add"> 
         <double>28016.952414597257</double> 
        </void> 
        <void method="add"> 
         <double>26661.86921565357</double> 
        </void> 
        <void method="add"> 
         <double>26925.264266439604</double> 
        </void> 
       </object> 
      </void> 
      <void property="stdev"> 
       <double>658.2868443435764</double> 
      </void> 
     </object> 
    </void> 
    <void index="5"> 
     <object class="jmbench.tools.EvaluationMetrics"> 
      <void property="max"> 
       <double>10310.063886362053</double> 
      </void> 
      <void property="mean"> 
       <double>8465.483812063294</double> 
      </void> 
      <void property="median"> 
       <double>8441.763933531809</double> 
      </void> 
      <void property="min"> 
       <double>8089.5003058642</double> 
      </void> 
      <void property="rawResults"> 
       <object class="java.util.ArrayList"> 
        <void method="add"> 
         <double>8089.5003058642</double> 
        </void> 
        <void method="add"> 
         <double>8156.684131894807</double> 
        </void> 
        <void method="add"> 
         <double>8187.751051311223</double> 
        </void> 
        <void method="add"> 
         <double>8262.970005274467</double> 
        </void> 
        <void method="add"> 
         <double>8345.794893202326</double> 
        </void> 
        <void method="add"> 
         <double>8353.515966034947</double> 
        </void> 
        <void method="add"> 
         <double>8379.698648670954</double> 
        </void> 
        <void method="add"> 
         <double>8379.826087498881</double> 
        </void> 
        <void method="add"> 
         <double>8397.399025643952</double> 
        </void> 
        <void method="add"> 
         <double>8441.763933531809</double> 
        </void> 
        <void method="add"> 
         <double>8466.809301373536</double> 
        </void> 
        <void method="add"> 
         <double>8469.434284802137</double> 
        </void> 
        <void method="add"> 
         <double>8473.25154320672</double> 
        </void> 
        <void method="add"> 
         <double>8479.924629876066</double> 
        </void> 
        <void method="add"> 
         <double>8490.38870139553</double> 
        </void> 
        <void method="add"> 
         <double>8500.363556800703</double> 
        </void> 
        <void method="add"> 
         <double>8509.594434481634</double> 
        </void> 
        <void method="add"> 
         <double>8533.582573979747</double> 
        </void> 
        <void method="add"> 
         <double>8661.97042081973</double> 
        </void> 
        <void method="add"> 
         <double>10310.063886362053</double> 
        </void> 
        <void method="add"> 
         <double>8497.123730531348</double> 
        </void> 
        <void method="add"> 
         <double>8299.537518559924</double> 
        </void> 
        <void method="add"> 
         <double>8450.886127237836</double> 
        </void> 
        <void method="add"> 
         <double>8153.5284587687</double> 
        </void> 
        <void method="add"> 
         <double>8345.732084459074</double> 
        </void> 
       </object> 
      </void> 
      <void property="stdev"> 
       <double>399.5909306636541</double> 
      </void> 
     </object> 
    </void> 
    <void index="6"> 
     <object class="jmbench.tools.EvaluationMetrics"> 
      <void property="max"> 
       <double>1318.3574777481037</double> 
      </void> 
      <void property="mean"> 
       <double>1299.4175605577898</double> 
      </void> 
      <void property="median"> 
       <double>1301.0171992302555</double> 
      </void> 
      <void property="min"> 
       <double>1268.8279482071564</double> 
      </void> 
      <void property="rawResults"> 
       <object class="java.util.ArrayList"> 
        <void method="add"> 
         <double>1276.4541349819901</double> 
        </void> 
        <void method="add"> 
         <double>1281.4770826010379</double> 
        </void> 
        <void method="add"> 
         <double>1288.1499049157756</double> 
        </void> 
        <void method="add"> 
         <double>1290.4561753084279</double> 
        </void> 
        <void method="add"> 
         <double>1291.8024082545228</double> 
        </void> 
        <void method="add"> 
         <double>1294.6107489765652</double> 
        </void> 
        <void method="add"> 
         <double>1297.6464525878825</double> 
        </void> 
        <void method="add"> 
         <double>1299.1902921230555</double> 
        </void> 
        <void method="add"> 
         <double>1301.0171992302555</double> 
        </void> 
        <void method="add"> 
         <double>1301.354494141447</double> 
        </void> 
        <void method="add"> 
         <double>1304.665875473259</double> 
        </void> 
        <void method="add"> 
         <double>1306.0101130953697</double> 
        </void> 
        <void method="add"> 
         <double>1306.131249820922</double> 
        </void> 
        <void method="add"> 
         <double>1306.8011409680762</double> 
        </void> 
        <void method="add"> 
         <double>1307.6766524513284</double> 
        </void> 
        <void method="add"> 
         <double>1308.5079699319804</double> 
        </void> 
        <void method="add"> 
         <double>1308.5999206685444</double> 
        </void> 
        <void method="add"> 
         <double>1308.7696553682924</double> 
        </void> 
        <void method="add"> 
         <double>1317.4406640833342</double> 
        </void> 
        <void method="add"> 
         <double>1318.3574777481037</double> 
        </void> 
        <void method="add"> 
         <double>1268.8279482071564</double> 
        </void> 
        <void method="add"> 
         <double>1297.2748548539837</double> 
        </void> 
        <void method="add"> 
         <double>1295.797575643307</double> 
        </void> 
        <void method="add"> 
         <double>1292.5358286252567</double> 
        </void> 
        <void method="add"> 
         <double>1315.8831938848684</double> 
        </void> 
       </object> 
      </void> 
      <void property="stdev"> 
       <double>11.99285131059373</double> 
      </void> 
     </object> 
    </void> 
    <void index="7"> 
     <object class="jmbench.tools.EvaluationMetrics"> 
      <void property="max"> 
       <double>134.21996761620107</double> 
      </void> 
      <void property="mean"> 
       <double>133.1815304877719</double> 
      </void> 
      <void property="median"> 
       <double>133.18507824665406</double> 
      </void> 
      <void property="min"> 
       <double>131.8241637269355</double> 
      </void> 
      <void property="rawResults"> 
       <object class="java.util.ArrayList"> 
        <void method="add"> 
         <double>131.8241637269355</double> 
        </void> 
        <void method="add"> 
         <double>132.3219831836623</double> 
        </void> 
        <void method="add"> 
         <double>132.48380898061006</double> 
        </void> 
        <void method="add"> 
         <double>132.62774198652792</double> 
        </void> 
        <void method="add"> 
         <double>132.6545421741665</double> 
        </void> 
        <void method="add"> 
         <double>132.67710993528232</double> 
        </void> 
        <void method="add"> 
         <double>132.71667037080115</double> 
        </void> 
        <void method="add"> 
         <double>132.95962527295828</double> 
        </void> 
        <void method="add"> 
         <double>133.18507824665406</double> 
        </void> 
        <void method="add"> 
         <double>133.47727016198846</double> 
        </void> 
        <void method="add"> 
         <double>133.48784930437947</double> 
        </void> 
        <void method="add"> 
         <double>133.58381658944467</double> 
        </void> 
        <void method="add"> 
         <double>133.67413232239883</double> 
        </void> 
        <void method="add"> 
         <double>133.67686366805083</double> 
        </void> 
        <void method="add"> 
         <double>133.73940634813812</double> 
        </void> 
        <void method="add"> 
         <double>133.84093800987347</double> 
        </void> 
        <void method="add"> 
         <double>133.84814285721762</double> 
        </void> 
        <void method="add"> 
         <double>134.1784779429717</double> 
        </void> 
        <void method="add"> 
         <double>134.20181818023937</double> 
        </void> 
        <void method="add"> 
         <double>134.21996761620107</double> 
        </void> 
        <void method="add"> 
         <double>133.26610610399226</double> 
        </void> 
        <void method="add"> 
         <double>132.5288678206658</double> 
        </void> 
        <void method="add"> 
         <double>132.4905053034576</double> 
        </void> 
        <void method="add"> 
         <double>132.9120840006348</double> 
        </void> 
        <void method="add"> 
         <double>132.96129208704548</double> 
        </void> 
       </object> 
      </void> 
      <void property="stdev"> 
       <double>0.6430804167433252</double> 
      </void> 
     </object> 
    </void> 
    <void index="8"> 
     <object class="jmbench.tools.EvaluationMetrics"> 
      <void property="max"> 
       <double>17.59795708570154</double> 
      </void> 
      <void property="mean"> 
       <double>17.492857181920336</double> 
      </void> 
      <void property="median"> 
       <double>17.48885374799609</double> 
      </void> 
      <void property="min"> 
       <double>17.381773463552985</double> 
      </void> 
      <void property="rawResults"> 
       <object class="java.util.ArrayList"> 
        <void method="add"> 
         <double>17.381773463552985</double> 
        </void> 
        <void method="add"> 
         <double>17.384678883903764</double> 
        </void> 
        <void method="add"> 
         <double>17.385007471442172</double> 
        </void> 
        <void method="add"> 
         <double>17.48029997073382</double> 
        </void> 
        <void method="add"> 
         <double>17.485195619726767</double> 
        </void> 
        <void method="add"> 
         <double>17.485297959808406</double> 
        </void> 
        <void method="add"> 
         <double>17.488133529282788</double> 
        </void> 
        <void method="add"> 
         <double>17.48885374799609</double> 
        </void> 
        <void method="add"> 
         <double>17.492921466224832</double> 
        </void> 
        <void method="add"> 
         <double>17.495364219507383</double> 
        </void> 
        <void method="add"> 
         <double>17.496776466531934</double> 
        </void> 
        <void method="add"> 
         <double>17.50070217027182</double> 
        </void> 
        <void method="add"> 
         <double>17.501456117846843</double> 
        </void> 
        <void method="add"> 
         <double>17.507418574552887</double> 
        </void> 
        <void method="add"> 
         <double>17.5136934860497</double> 
        </void> 
        <void method="add"> 
         <double>17.560778846394058</double> 
        </void> 
        <void method="add"> 
         <double>17.56757516032551</double> 
        </void> 
        <void method="add"> 
         <double>17.594530978135968</double> 
        </void> 
        <void method="add"> 
         <double>17.59788525588653</double> 
        </void> 
        <void method="add"> 
         <double>17.59795708570154</double> 
        </void> 
        <void method="add"> 
         <double>17.437063012648647</double> 
        </void> 
        <void method="add"> 
         <double>17.46678843096641</double> 
        </void> 
        <void method="add"> 
         <double>17.458916949816974</double> 
        </void> 
        <void method="add"> 
         <double>17.473603950220326</double> 
        </void> 
        <void method="add"> 
         <double>17.478756730480132</double> 
        </void> 
       </object> 
      </void> 
      <void property="stdev"> 
       <double>0.05827983434551949</double> 
      </void> 
     </object> 
    </void> 
    <void index="9"> 
     <object class="jmbench.tools.EvaluationMetrics"> 
      <void property="max"> 
       <double>1.2371185506431723</double> 
      </void> 
      <void property="mean"> 
       <double>1.225375899703735</double> 
      </void> 
      <void property="median"> 
       <double>1.22671798970137</double> 
      </void> 
      <void property="min"> 
       <double>1.2031395008482335</double> 
      </void> 
      <void property="rawResults"> 
       <object class="java.util.ArrayList"> 
        <void method="add"> 
         <double>1.2140768139419238</double> 
        </void> 
        <void method="add"> 
         <double>1.2143333809042363</double> 
        </void> 
        <void method="add"> 
         <double>1.2165242061976242</double> 
        </void> 
        <void method="add"> 
         <double>1.2214675729208928</double> 
        </void> 
        <void method="add"> 
         <double>1.2224298022459448</double> 
        </void> 
        <void method="add"> 
         <double>1.222462939640849</double> 
        </void> 
        <void method="add"> 
         <double>1.2228097614908857</double> 
        </void> 
        <void method="add"> 
         <double>1.2236430888410745</double> 
        </void> 
        <void method="add"> 
         <double>1.2247071335710218</double> 
        </void> 
        <void method="add"> 
         <double>1.2262240096253336</double> 
        </void> 
        <void method="add"> 
         <double>1.22671798970137</double> 
        </void> 
        <void method="add"> 
         <double>1.227133090055323</double> 
        </void> 
        <void method="add"> 
         <double>1.2274251404323264</double> 
        </void> 
        <void method="add"> 
         <double>1.228280393042012</double> 
        </void> 
        <void method="add"> 
         <double>1.2284384121370187</double> 
        </void> 
        <void method="add"> 
         <double>1.2301850696292884</double> 
        </void> 
        <void method="add"> 
         <double>1.232689360643182</double> 
        </void> 
        <void method="add"> 
         <double>1.2335124615254127</double> 
        </void> 
        <void method="add"> 
         <double>1.2351956631252585</double> 
        </void> 
        <void method="add"> 
         <double>1.2371185506431723</double> 
        </void> 
        <void method="add"> 
         <double>1.2099112611728693</double> 
        </void> 
        <void method="add"> 
         <double>1.2031395008482335</double> 
        </void> 
        <void method="add"> 
         <double>1.2368018914470693</double> 
        </void> 
        <void method="add"> 
         <double>1.2325764799145977</double> 
        </void> 
        <void method="add"> 
         <double>1.2365935188964476</double> 
        </void> 
       </object> 
      </void> 
      <void property="stdev"> 
       <double>0.008525354343185769</double> 
      </void> 
     </object> 
    </void> 
    <void index="10"> 
     <object class="jmbench.tools.EvaluationMetrics"> 
      <void property="max"> 
       <double>0.13992065254826072</double> 
      </void> 
      <void property="mean"> 
       <double>0.12748151826810974</double> 
      </void> 
      <void property="median"> 
       <double>0.1376996876306959</double> 
      </void> 
      <void property="min"> 
       <double>0.10885544319693012</double> 
      </void> 
      <void property="rawResults"> 
       <object class="java.util.ArrayList"> 
        <void method="add"> 
         <double>0.10885544319693012</double> 
        </void> 
        <void method="add"> 
         <double>0.1099331574434182</double> 
        </void> 
        <void method="add"> 
         <double>0.10999161890701882</double> 
        </void> 
        <void method="add"> 
         <double>0.11011770910945304</double> 
        </void> 
        <void method="add"> 
         <double>0.11196847567517718</double> 
        </void> 
        <void method="add"> 
         <double>0.11198671994462045</double> 
        </void> 
        <void method="add"> 
         <double>0.1120019518374063</double> 
        </void> 
        <void method="add"> 
         <double>0.1123571126523167</double> 
        </void> 
        <void method="add"> 
         <double>0.1373403166747672</double> 
        </void> 
        <void method="add"> 
         <double>0.1376996876306959</double> 
        </void> 
        <void method="add"> 
         <double>0.13782481276648725</double> 
        </void> 
        <void method="add"> 
         <double>0.1380045230714708</double> 
        </void> 
        <void method="add"> 
         <double>0.13818416780812398</double> 
        </void> 
        <void method="add"> 
         <double>0.13829815337845702</double> 
        </void> 
        <void method="add"> 
         <double>0.1384794545520173</double> 
        </void> 
        <void method="add"> 
         <double>0.13925859841841168</double> 
        </void> 
        <void method="add"> 
         <double>0.1393912840389766</double> 
        </void> 
        <void method="add"> 
         <double>0.1395871571051065</double> 
        </void> 
        <void method="add"> 
         <double>0.13985950049683452</double> 
        </void> 
        <void method="add"> 
         <double>0.13992065254826072</double> 
        </void> 
        <void method="add"> 
         <double>0.10976375247570318</double> 
        </void> 
        <void method="add"> 
         <double>0.11198573721340857</double> 
        </void> 
        <void method="add"> 
         <double>0.1379589607064495</double> 
        </void> 
        <void method="add"> 
         <double>0.1375555496680252</double> 
        </void> 
        <void method="add"> 
         <double>0.1387134593832073</double> 
        </void> 
       </object> 
      </void> 
      <void property="stdev"> 
       <double>0.013578954515213744</double> 
      </void> 
     </object> 
    </void> 
    <void index="11"> 
     <object class="jmbench.tools.EvaluationMetrics"> 
      <void property="max"> 
       <double>0.013502961722063517</double> 
      </void> 
      <void property="mean"> 
       <double>0.013502961722063517</double> 
      </void> 
      <void property="median"> 
       <double>0.013502961722063517</double> 
      </void> 
      <void property="min"> 
       <double>0.013502961722063517</double> 
      </void> 
      <void property="rawResults"> 
       <object class="java.util.ArrayList"> 
        <void method="add"> 
         <double>0.013502961722063517</double> 
        </void> 
       </object> 
      </void> 
     </object> 
    </void> 
   </array> 
  </void> 
  <void property="opName"> 
   <string>Eigen for Symm Matrices</string> 
  </void> 
 </object> 
</java> 
