<?xml version="1.0" encoding="UTF-8"?> 
<java version="1.6.0_16" class="java.beans.XMLDecoder"> 
 <object class="jmbench.tools.runtime.OperationResults"> 
  <void property="library"> 
   <object class="jmbench.impl.MatrixLibrary" method="valueOf"> 
    <string>CM</string> 
   </object> 
  </void> 
  <void property="matDimen"> 
   <array class="int" length="12"> 
    <void index="0"> 
     <int>2</int> 
    </void> 
    <void index="1"> 
     <int>3</int> 
    </void> 
    <void index="2"> 
     <int>4</int> 
    </void> 
    <void index="3"> 
     <int>5</int> 
    </void> 
    <void index="4"> 
     <int>10</int> 
    </void> 
    <void index="5"> 
     <int>20</int> 
    </void> 
    <void index="6"> 
     <int>50</int> 
    </void> 
    <void index="7"> 
     <int>100</int> 
    </void> 
    <void index="8"> 
     <int>200</int> 
    </void> 
    <void index="9"> 
     <int>500</int> 
    </void> 
    <void index="10"> 
     <int>1000</int> 
    </void> 
    <void index="11"> 
     <int>2000</int> 
    </void> 
   </array> 
  </void> 
  <void property="metrics"> 
   <array class="jmbench.tools.EvaluationMetrics" length="12"> 
    <void index="0"> 
     <object class="jmbench.tools.EvaluationMetrics"> 
      <void property="max"> 
       <double>1262070.540340997</double> 
      </void> 
      <void property="mean"> 
       <double>1245910.6173346443</double> 
      </void> 
      <void property="median"> 
       <double>1249075.9979278976</double> 
      </void> 
      <void property="min"> 
       <double>1190848.7475645256</double> 
      </void> 
      <void property="rawResults"> 
       <object class="java.util.ArrayList"> 
        <void method="add"> 
         <double>1190848.7475645256</double> 
        </void> 
        <void method="add"> 
         <double>1230725.2333440448</double> 
        </void> 
        <void method="add"> 
         <double>1230794.4648843394</double> 
        </void> 
        <void method="add"> 
         <double>1235953.8291914538</double> 
        </void> 
        <void method="add"> 
         <double>1236653.0168988202</double> 
        </void> 
        <void method="add"> 
         <double>1238304.495987659</double> 
        </void> 
        <void method="add"> 
         <double>1239893.6583526833</double> 
        </void> 
        <void method="add"> 
         <double>1245755.7725860842</double> 
        </void> 
        <void method="add"> 
         <double>1246569.0156904084</double> 
        </void> 
        <void method="add"> 
         <double>1247510.4366494697</double> 
        </void> 
        <void method="add"> 
         <double>1247527.1122935798</double> 
        </void> 
        <void method="add"> 
         <double>1247686.046034954</double> 
        </void> 
        <void method="add"> 
         <double>1249489.322128223</double> 
        </void> 
        <void method="add"> 
         <double>1250454.0952530885</double> 
        </void> 
        <void method="add"> 
         <double>1251294.3274862228</double> 
        </void> 
        <void method="add"> 
         <double>1252408.5275218196</double> 
        </void> 
        <void method="add"> 
         <double>1252594.1453326165</double> 
        </void> 
        <void method="add"> 
         <double>1254833.395464487</double> 
        </void> 
        <void method="add"> 
         <double>1255427.034988972</double> 
        </void> 
        <void method="add"> 
         <double>1261306.795730028</double> 
        </void> 
        <void method="add"> 
         <double>1252456.4170779898</double> 
        </void> 
        <void method="add"> 
         <double>1249075.9979278976</double> 
        </void> 
        <void method="add"> 
         <double>1260203.4320585632</double> 
        </void> 
        <void method="add"> 
         <double>1262070.540340997</double> 
        </void> 
        <void method="add"> 
         <double>1257929.5725771792</double> 
        </void> 
       </object> 
      </void> 
      <void property="stdev"> 
       <double>14139.138329440944</double> 
      </void> 
     </object> 
    </void> 
    <void index="1"> 
     <object class="jmbench.tools.EvaluationMetrics"> 
      <void property="max"> 
       <double>875221.3054417442</double> 
      </void> 
      <void property="mean"> 
       <double>859658.1366863704</double> 
      </void> 
      <void property="median"> 
       <double>860681.3422813853</double> 
      </void> 
      <void property="min"> 
       <double>816208.9633449852</double> 
      </void> 
      <void property="rawResults"> 
       <object class="java.util.ArrayList"> 
        <void method="add"> 
         <double>816208.9633449852</double> 
        </void> 
        <void method="add"> 
         <double>845770.0829353455</double> 
        </void> 
        <void method="add"> 
         <double>850063.7344463909</double> 
        </void> 
        <void method="add"> 
         <double>851634.3286660332</double> 
        </void> 
        <void method="add"> 
         <double>852115.824748458</double> 
        </void> 
        <void method="add"> 
         <double>852574.9524645777</double> 
        </void> 
        <void method="add"> 
         <double>855079.6595087153</double> 
        </void> 
        <void method="add"> 
         <double>857862.0687763669</double> 
        </void> 
        <void method="add"> 
         <double>858691.7441642892</double> 
        </void> 
        <void method="add"> 
         <double>859188.5473342945</double> 
        </void> 
        <void method="add"> 
         <double>859358.5797436967</double> 
        </void> 
        <void method="add"> 
         <double>860535.5649560951</double> 
        </void> 
        <void method="add"> 
         <double>860681.3422813853</double> 
        </void> 
        <void method="add"> 
         <double>861165.6928818974</double> 
        </void> 
        <void method="add"> 
         <double>861809.2641971337</double> 
        </void> 
        <void method="add"> 
         <double>863591.3244978993</double> 
        </void> 
        <void method="add"> 
         <double>863653.1022230921</double> 
        </void> 
        <void method="add"> 
         <double>869069.7261014974</double> 
        </void> 
        <void method="add"> 
         <double>869958.9858588385</double> 
        </void> 
        <void method="add"> 
         <double>875221.3054417442</double> 
        </void> 
        <void method="add"> 
         <double>873460.9637338227</double> 
        </void> 
        <void method="add"> 
         <double>872653.3680344177</double> 
        </void> 
        <void method="add"> 
         <double>872022.9327700684</double> 
        </void> 
        <void method="add"> 
         <double>865030.7657255286</double> 
        </void> 
        <void method="add"> 
         <double>864050.592322679</double> 
        </void> 
       </object> 
      </void> 
      <void property="stdev"> 
       <double>11674.10572275781</double> 
      </void> 
     </object> 
    </void> 
    <void index="2"> 
     <object class="jmbench.tools.EvaluationMetrics"> 
      <void property="max"> 
       <double>638081.632022287</double> 
      </void> 
      <void property="mean"> 
       <double>619328.5711708686</double> 
      </void> 
      <void property="median"> 
       <double>619990.6901952531</double> 
      </void> 
      <void property="min"> 
       <double>583539.9919116822</double> 
      </void> 
      <void property="rawResults"> 
       <object class="java.util.ArrayList"> 
        <void method="add"> 
         <double>583539.9919116822</double> 
        </void> 
        <void method="add"> 
         <double>596660.6179027202</double> 
        </void> 
        <void method="add"> 
         <double>613908.0693878875</double> 
        </void> 
        <void method="add"> 
         <double>615708.5040207283</double> 
        </void> 
        <void method="add"> 
         <double>615791.6321997675</double> 
        </void> 
        <void method="add"> 
         <double>618551.8120349763</double> 
        </void> 
        <void method="add"> 
         <double>618973.4157425557</double> 
        </void> 
        <void method="add"> 
         <double>619073.1861873847</double> 
        </void> 
        <void method="add"> 
         <double>620768.554157321</double> 
        </void> 
        <void method="add"> 
         <double>620856.4168760051</double> 
        </void> 
        <void method="add"> 
         <double>622669.6655147017</double> 
        </void> 
        <void method="add"> 
         <double>622804.2985212824</double> 
        </void> 
        <void method="add"> 
         <double>623856.9788590926</double> 
        </void> 
        <void method="add"> 
         <double>625151.7006289245</double> 
        </void> 
        <void method="add"> 
         <double>626241.9562682546</double> 
        </void> 
        <void method="add"> 
         <double>627741.5644019904</double> 
        </void> 
        <void method="add"> 
         <double>629162.1595150501</double> 
        </void> 
        <void method="add"> 
         <double>629439.3803063725</double> 
        </void> 
        <void method="add"> 
         <double>633866.8293850868</double> 
        </void> 
        <void method="add"> 
         <double>638081.632022287</double> 
        </void> 
        <void method="add"> 
         <double>612287.5018081617</double> 
        </void> 
        <void method="add"> 
         <double>616388.2023322972</double> 
        </void> 
        <void method="add"> 
         <double>615723.5798900179</double> 
        </void> 
        <void method="add"> 
         <double>615975.9392019162</double> 
        </void> 
        <void method="add"> 
         <double>619990.6901952531</double> 
        </void> 
       </object> 
      </void> 
      <void property="stdev"> 
       <double>10762.812082844459</double> 
      </void> 
     </object> 
    </void> 
    <void index="3"> 
     <object class="jmbench.tools.EvaluationMetrics"> 
      <void property="max"> 
       <double>479348.6606186083</double> 
      </void> 
      <void property="mean"> 
       <double>471007.71768183983</double> 
      </void> 
      <void property="median"> 
       <double>471357.470809201</double> 
      </void> 
      <void property="min"> 
       <double>461085.59792049736</double> 
      </void> 
      <void property="rawResults"> 
       <object class="java.util.ArrayList"> 
        <void method="add"> 
         <double>469247.1370511917</double> 
        </void> 
        <void method="add"> 
         <double>469503.20119289483</double> 
        </void> 
        <void method="add"> 
         <double>469572.44779390685</double> 
        </void> 
        <void method="add"> 
         <double>469632.47288298333</double> 
        </void> 
        <void method="add"> 
         <double>469973.60042276094</double> 
        </void> 
        <void method="add"> 
         <double>470215.6616191764</double> 
        </void> 
        <void method="add"> 
         <double>470712.93777982146</double> 
        </void> 
        <void method="add"> 
         <double>471357.470809201</double> 
        </void> 
        <void method="add"> 
         <double>471559.5438503066</double> 
        </void> 
        <void method="add"> 
         <double>471679.77086742356</double> 
        </void> 
        <void method="add"> 
         <double>472502.8362951574</double> 
        </void> 
        <void method="add"> 
         <double>472648.2483876157</double> 
        </void> 
        <void method="add"> 
         <double>472934.7073319653</double> 
        </void> 
        <void method="add"> 
         <double>473226.3480804045</double> 
        </void> 
        <void method="add"> 
         <double>473486.8585514938</double> 
        </void> 
        <void method="add"> 
         <double>474539.05100175366</double> 
        </void> 
        <void method="add"> 
         <double>475159.266763213</double> 
        </void> 
        <void method="add"> 
         <double>475341.4926250558</double> 
        </void> 
        <void method="add"> 
         <double>477972.0432702237</double> 
        </void> 
        <void method="add"> 
         <double>479348.6606186083</double> 
        </void> 
        <void method="add"> 
         <double>462474.03627334326</double> 
        </void> 
        <void method="add"> 
         <double>461085.59792049736</double> 
        </void> 
        <void method="add"> 
         <double>465606.83270848123</double> 
        </void> 
        <void method="add"> 
         <double>467957.915902909</double> 
        </void> 
        <void method="add"> 
         <double>467454.8020456073</double> 
        </void> 
       </object> 
      </void> 
      <void property="stdev"> 
       <double>4101.764504359798</double> 
      </void> 
     </object> 
    </void> 
    <void index="4"> 
     <object class="jmbench.tools.EvaluationMetrics"> 
      <void property="max"> 
       <double>139746.2619854296</double> 
      </void> 
      <void property="mean"> 
       <double>130422.95039638315</double> 
      </void> 
      <void property="median"> 
       <double>130073.95984580768</double> 
      </void> 
      <void property="min"> 
       <double>123993.14411974528</double> 
      </void> 
      <void property="rawResults"> 
       <object class="java.util.ArrayList"> 
        <void method="add"> 
         <double>123993.14411974528</double> 
        </void> 
        <void method="add"> 
         <double>125897.13219578732</double> 
        </void> 
        <void method="add"> 
         <double>126416.34549829262</double> 
        </void> 
        <void method="add"> 
         <double>126576.2034886266</double> 
        </void> 
        <void method="add"> 
         <double>126587.64976406388</double> 
        </void> 
        <void method="add"> 
         <double>126769.22740325668</double> 
        </void> 
        <void method="add"> 
         <double>126902.05940450032</double> 
        </void> 
        <void method="add"> 
         <double>127341.68903788133</double> 
        </void> 
        <void method="add"> 
         <double>127661.7543532957</double> 
        </void> 
        <void method="add"> 
         <double>127959.54372989059</double> 
        </void> 
        <void method="add"> 
         <double>130375.8467181061</double> 
        </void> 
        <void method="add"> 
         <double>131171.75401042536</double> 
        </void> 
        <void method="add"> 
         <double>131339.43420286188</double> 
        </void> 
        <void method="add"> 
         <double>131897.65212381986</double> 
        </void> 
        <void method="add"> 
         <double>132385.36969099188</double> 
        </void> 
        <void method="add"> 
         <double>134961.23481035788</double> 
        </void> 
        <void method="add"> 
         <double>135377.3975338307</double> 
        </void> 
        <void method="add"> 
         <double>137851.91800406357</double> 
        </void> 
        <void method="add"> 
         <double>139483.87809707993</double> 
        </void> 
        <void method="add"> 
         <double>139746.2619854296</double> 
        </void> 
        <void method="add"> 
         <double>130589.4542304755</double> 
        </void> 
        <void method="add"> 
         <double>129803.4010402163</double> 
        </void> 
        <void method="add"> 
         <double>130724.5764693636</double> 
        </void> 
        <void method="add"> 
         <double>130073.95984580768</double> 
        </void> 
        <void method="add"> 
         <double>128686.87215140958</double> 
        </void> 
       </object> 
      </void> 
      <void property="stdev"> 
       <double>4179.675187411867</double> 
      </void> 
     </object> 
    </void> 
    <void index="5"> 
     <object class="jmbench.tools.EvaluationMetrics"> 
      <void property="max"> 
       <double>33835.07023497418</double> 
      </void> 
      <void property="mean"> 
       <double>33252.79410601036</double> 
      </void> 
      <void property="median"> 
       <double>33317.51140824413</double> 
      </void> 
      <void property="min"> 
       <double>32322.488899219916</double> 
      </void> 
      <void property="rawResults"> 
       <object class="java.util.ArrayList"> 
        <void method="add"> 
         <double>32322.488899219916</double> 
        </void> 
        <void method="add"> 
         <double>32577.122789667774</double> 
        </void> 
        <void method="add"> 
         <double>32594.253227478737</double> 
        </void> 
        <void method="add"> 
         <double>32825.51337502739</double> 
        </void> 
        <void method="add"> 
         <double>33128.947611694726</double> 
        </void> 
        <void method="add"> 
         <double>33164.11810892414</double> 
        </void> 
        <void method="add"> 
         <double>33226.83578610187</double> 
        </void> 
        <void method="add"> 
         <double>33246.87545165329</double> 
        </void> 
        <void method="add"> 
         <double>33250.527058344844</double> 
        </void> 
        <void method="add"> 
         <double>33274.990681454874</double> 
        </void> 
        <void method="add"> 
         <double>33285.4999615705</double> 
        </void> 
        <void method="add"> 
         <double>33288.20825761297</double> 
        </void> 
        <void method="add"> 
         <double>33317.51140824413</double> 
        </void> 
        <void method="add"> 
         <double>33324.107350001184</double> 
        </void> 
        <void method="add"> 
         <double>33344.22327982377</double> 
        </void> 
        <void method="add"> 
         <double>33357.33849461251</double> 
        </void> 
        <void method="add"> 
         <double>33378.480220280595</double> 
        </void> 
        <void method="add"> 
         <double>33396.84113280666</double> 
        </void> 
        <void method="add"> 
         <double>33399.576176523165</double> 
        </void> 
        <void method="add"> 
         <double>33466.769031293414</double> 
        </void> 
        <void method="add"> 
         <double>33611.227368375956</double> 
        </void> 
        <void method="add"> 
         <double>33704.77239976174</double> 
        </void> 
        <void method="add"> 
         <double>33637.96923747018</double> 
        </void> 
        <void method="add"> 
         <double>33835.07023497418</double> 
        </void> 
        <void method="add"> 
         <double>33360.58510734058</double> 
        </void> 
       </object> 
      </void> 
      <void property="stdev"> 
       <double>342.2980517764319</double> 
      </void> 
     </object> 
    </void> 
    <void index="6"> 
     <object class="jmbench.tools.EvaluationMetrics"> 
      <void property="max"> 
       <double>3344.788171061832</double> 
      </void> 
      <void property="mean"> 
       <double>3306.7520918623536</double> 
      </void> 
      <void property="median"> 
       <double>3305.281114943637</double> 
      </void> 
      <void property="min"> 
       <double>3276.6366376093765</double> 
      </void> 
      <void property="rawResults"> 
       <object class="java.util.ArrayList"> 
        <void method="add"> 
         <double>3276.6366376093765</double> 
        </void> 
        <void method="add"> 
         <double>3278.314384198616</double> 
        </void> 
        <void method="add"> 
         <double>3294.414015257817</double> 
        </void> 
        <void method="add"> 
         <double>3296.855952046859</double> 
        </void> 
        <void method="add"> 
         <double>3300.258343962909</double> 
        </void> 
        <void method="add"> 
         <double>3302.2807896719196</double> 
        </void> 
        <void method="add"> 
         <double>3303.1478255811403</double> 
        </void> 
        <void method="add"> 
         <double>3304.2512849450245</double> 
        </void> 
        <void method="add"> 
         <double>3305.281114943637</double> 
        </void> 
        <void method="add"> 
         <double>3306.0250610751236</double> 
        </void> 
        <void method="add"> 
         <double>3307.767271056297</double> 
        </void> 
        <void method="add"> 
         <double>3307.9349130246283</double> 
        </void> 
        <void method="add"> 
         <double>3310.607589032142</double> 
        </void> 
        <void method="add"> 
         <double>3312.8459150022313</double> 
        </void> 
        <void method="add"> 
         <double>3315.1867127041505</double> 
        </void> 
        <void method="add"> 
         <double>3320.618318879988</double> 
        </void> 
        <void method="add"> 
         <double>3325.029687310918</double> 
        </void> 
        <void method="add"> 
         <double>3325.315944946395</double> 
        </void> 
        <void method="add"> 
         <double>3342.4563221517196</double> 
        </void> 
        <void method="add"> 
         <double>3344.788171061832</double> 
        </void> 
        <void method="add"> 
         <double>3279.250281242911</double> 
        </void> 
        <void method="add"> 
         <double>3296.1657133555473</double> 
        </void> 
        <void method="add"> 
         <double>3303.9413642666955</double> 
        </void> 
        <void method="add"> 
         <double>3302.997594179127</double> 
        </void> 
        <void method="add"> 
         <double>3306.4310890518277</double> 
        </void> 
       </object> 
      </void> 
      <void property="stdev"> 
       <double>16.31991570669478</double> 
      </void> 
     </object> 
    </void> 
    <void index="7"> 
     <object class="jmbench.tools.EvaluationMetrics"> 
      <void property="max"> 
       <double>470.48370900606625</double> 
      </void> 
      <void property="mean"> 
       <double>467.55757875543895</double> 
      </void> 
      <void property="median"> 
       <double>468.3991616452717</double> 
      </void> 
      <void property="min"> 
       <double>463.05698284599015</double> 
      </void> 
      <void property="rawResults"> 
       <object class="java.util.ArrayList"> 
        <void method="add"> 
         <double>464.75643153694426</double> 
        </void> 
        <void method="add"> 
         <double>464.81524224159546</double> 
        </void> 
        <void method="add"> 
         <double>465.4642122686924</double> 
        </void> 
        <void method="add"> 
         <double>465.60350522316566</double> 
        </void> 
        <void method="add"> 
         <double>466.69946478841814</double> 
        </void> 
        <void method="add"> 
         <double>468.0991223822629</double> 
        </void> 
        <void method="add"> 
         <double>468.1891201599113</double> 
        </void> 
        <void method="add"> 
         <double>468.3991616452717</double> 
        </void> 
        <void method="add"> 
         <double>468.41185910310173</double> 
        </void> 
        <void method="add"> 
         <double>468.7889516943893</double> 
        </void> 
        <void method="add"> 
         <double>468.9101687901832</double> 
        </void> 
        <void method="add"> 
         <double>469.0449782775746</double> 
        </void> 
        <void method="add"> 
         <double>469.17995570032144</double> 
        </void> 
        <void method="add"> 
         <double>469.252300720754</double> 
        </void> 
        <void method="add"> 
         <double>469.3074466959559</double> 
        </void> 
        <void method="add"> 
         <double>469.6121966875625</double> 
        </void> 
        <void method="add"> 
         <double>469.68136503409</double> 
        </void> 
        <void method="add"> 
         <double>469.8597864000137</double> 
        </void> 
        <void method="add"> 
         <double>470.2043398524761</double> 
        </void> 
        <void method="add"> 
         <double>470.48370900606625</double> 
        </void> 
        <void method="add"> 
         <double>464.5344741898014</double> 
        </void> 
        <void method="add"> 
         <double>465.9624694640404</double> 
        </void> 
        <void method="add"> 
         <double>463.05698284599015</double> 
        </void> 
        <void method="add"> 
         <double>465.4507206368408</double> 
        </void> 
        <void method="add"> 
         <double>465.1715035405497</double> 
        </void> 
       </object> 
      </void> 
      <void property="stdev"> 
       <double>2.1187646025677487</double> 
      </void> 
     </object> 
    </void> 
    <void index="8"> 
     <object class="jmbench.tools.EvaluationMetrics"> 
      <void property="max"> 
       <double>64.46768879941027</double> 
      </void> 
      <void property="mean"> 
       <double>63.68658022549774</double> 
      </void> 
      <void property="median"> 
       <double>63.608739226795564</double> 
      </void> 
      <void property="min"> 
       <double>62.99822406613765</double> 
      </void> 
      <void property="rawResults"> 
       <object class="java.util.ArrayList"> 
        <void method="add"> 
         <double>62.99822406613765</double> 
        </void> 
        <void method="add"> 
         <double>63.0101989962113</double> 
        </void> 
        <void method="add"> 
         <double>63.415492570711365</double> 
        </void> 
        <void method="add"> 
         <double>63.41914516347715</double> 
        </void> 
        <void method="add"> 
         <double>63.441337100116776</double> 
        </void> 
        <void method="add"> 
         <double>63.44859494561424</double> 
        </void> 
        <void method="add"> 
         <double>63.458401797459565</double> 
        </void> 
        <void method="add"> 
         <double>63.462818171503436</double> 
        </void> 
        <void method="add"> 
         <double>63.49137656317361</double> 
        </void> 
        <void method="add"> 
         <double>63.507164042400376</double> 
        </void> 
        <void method="add"> 
         <double>63.51678247049843</double> 
        </void> 
        <void method="add"> 
         <double>63.608739226795564</double> 
        </void> 
        <void method="add"> 
         <double>63.63826136808821</double> 
        </void> 
        <void method="add"> 
         <double>63.77610646536123</double> 
        </void> 
        <void method="add"> 
         <double>63.85678367988094</double> 
        </void> 
        <void method="add"> 
         <double>63.97135627567053</double> 
        </void> 
        <void method="add"> 
         <double>63.97563932821229</double> 
        </void> 
        <void method="add"> 
         <double>63.98253662778033</double> 
        </void> 
        <void method="add"> 
         <double>64.19855249955117</double> 
        </void> 
        <void method="add"> 
         <double>64.46768879941027</double> 
        </void> 
        <void method="add"> 
         <double>64.19071051846696</double> 
        </void> 
        <void method="add"> 
         <double>64.35196421370331</double> 
        </void> 
        <void method="add"> 
         <double>64.05929660281089</double> 
        </void> 
        <void method="add"> 
         <double>63.63018815126837</double> 
        </void> 
        <void method="add"> 
         <double>63.28714599313928</double> 
        </void> 
       </object> 
      </void> 
      <void property="stdev"> 
       <double>0.3775062006512898</double> 
      </void> 
     </object> 
    </void> 
    <void index="9"> 
     <object class="jmbench.tools.EvaluationMetrics"> 
      <void property="max"> 
       <double>3.145374152334597</double> 
      </void> 
      <void property="mean"> 
       <double>2.9581895956370277</double> 
      </void> 
      <void property="median"> 
       <double>2.937652263345575</double> 
      </void> 
      <void property="min"> 
       <double>2.658218694542015</double> 
      </void> 
      <void property="rawResults"> 
       <object class="java.util.ArrayList"> 
        <void method="add"> 
         <double>2.658218694542015</double> 
        </void> 
        <void method="add"> 
         <double>2.7710569278905095</double> 
        </void> 
        <void method="add"> 
         <double>2.7723101168728763</double> 
        </void> 
        <void method="add"> 
         <double>2.777943283008674</double> 
        </void> 
        <void method="add"> 
         <double>2.7930271569316933</double> 
        </void> 
        <void method="add"> 
         <double>2.8003390406320836</double> 
        </void> 
        <void method="add"> 
         <double>2.8261466560437016</double> 
        </void> 
        <void method="add"> 
         <double>2.829121037469616</double> 
        </void> 
        <void method="add"> 
         <double>2.896343363433541</double> 
        </void> 
        <void method="add"> 
         <double>2.9102321933673774</double> 
        </void> 
        <void method="add"> 
         <double>2.937652263345575</double> 
        </void> 
        <void method="add"> 
         <double>3.070935693025397</double> 
        </void> 
        <void method="add"> 
         <double>3.075495175508478</double> 
        </void> 
        <void method="add"> 
         <double>3.0965451179329837</double> 
        </void> 
        <void method="add"> 
         <double>3.0969727301468746</double> 
        </void> 
        <void method="add"> 
         <double>3.097239865920127</double> 
        </void> 
        <void method="add"> 
         <double>3.104720215498768</double> 
        </void> 
        <void method="add"> 
         <double>3.1129363362134885</double> 
        </void> 
        <void method="add"> 
         <double>3.1186060962595827</double> 
        </void> 
        <void method="add"> 
         <double>3.134706162664923</double> 
        </void> 
        <void method="add"> 
         <double>3.121948139596138</double> 
        </void> 
        <void method="add"> 
         <double>2.826326902152239</double> 
        </void> 
        <void method="add"> 
         <double>3.145374152334597</double> 
        </void> 
        <void method="add"> 
         <double>3.129195419865506</double> 
        </void> 
        <void method="add"> 
         <double>2.851347150268936</double> 
        </void> 
       </object> 
      </void> 
      <void property="stdev"> 
       <double>0.15379177957086204</double> 
      </void> 
     </object> 
    </void> 
    <void index="10"> 
     <object class="jmbench.tools.EvaluationMetrics"> 
      <void property="max"> 
       <double>0.19055073218044136</double> 
      </void> 
      <void property="mean"> 
       <double>0.18295078972416154</double> 
      </void> 
      <void property="median"> 
       <double>0.18299864287895345</double> 
      </void> 
      <void property="min"> 
       <double>0.16884967797278996</double> 
      </void> 
      <void property="rawResults"> 
       <object class="java.util.ArrayList"> 
        <void method="add"> 
         <double>0.16884967797278996</double> 
        </void> 
        <void method="add"> 
         <double>0.16950123071945156</double> 
        </void> 
        <void method="add"> 
         <double>0.17557207997015598</double> 
        </void> 
        <void method="add"> 
         <double>0.17744693652939086</double> 
        </void> 
        <void method="add"> 
         <double>0.17777049057822433</double> 
        </void> 
        <void method="add"> 
         <double>0.17997310643153389</double> 
        </void> 
        <void method="add"> 
         <double>0.18061416291734556</double> 
        </void> 
        <void method="add"> 
         <double>0.18092096763443224</double> 
        </void> 
        <void method="add"> 
         <double>0.1823884962538572</double> 
        </void> 
        <void method="add"> 
         <double>0.1827948939215703</double> 
        </void> 
        <void method="add"> 
         <double>0.18281443122165844</double> 
        </void> 
        <void method="add"> 
         <double>0.18299864287895345</double> 
        </void> 
        <void method="add"> 
         <double>0.184193544412616</double> 
        </void> 
        <void method="add"> 
         <double>0.18665720712828568</double> 
        </void> 
        <void method="add"> 
         <double>0.1867951597993851</double> 
        </void> 
        <void method="add"> 
         <double>0.18757571614534074</double> 
        </void> 
        <void method="add"> 
         <double>0.18866968083374022</double> 
        </void> 
        <void method="add"> 
         <double>0.18930057964647692</double> 
        </void> 
        <void method="add"> 
         <double>0.1893125259724007</double> 
        </void> 
        <void method="add"> 
         <double>0.189626983450532</double> 
        </void> 
        <void method="add"> 
         <double>0.18862635826027974</double> 
        </void> 
        <void method="add"> 
         <double>0.18853437070585047</double> 
        </void> 
        <void method="add"> 
         <double>0.1830221118854468</double> 
        </void> 
        <void method="add"> 
         <double>0.17925965565387847</double> 
        </void> 
        <void method="add"> 
         <double>0.19055073218044136</double> 
        </void> 
       </object> 
      </void> 
      <void property="stdev"> 
       <double>0.005846059319501055</double> 
      </void> 
     </object> 
    </void> 
    <void index="11"> 
     <object class="jmbench.tools.EvaluationMetrics"> 
      <void property="max"> 
       <double>0.019836434403391577</double> 
      </void> 
      <void property="mean"> 
       <double>0.019836434403391577</double> 
      </void> 
      <void property="median"> 
       <double>0.019836434403391577</double> 
      </void> 
      <void property="min"> 
       <double>0.019836434403391577</double> 
      </void> 
      <void property="rawResults"> 
       <object class="java.util.ArrayList"> 
        <void method="add"> 
         <double>0.019836434403391577</double> 
        </void> 
       </object> 
      </void> 
     </object> 
    </void> 
   </array> 
  </void> 
  <void property="opName"> 
   <string>Invert b=inv(a)</string> 
  </void> 
 </object> 
</java> 
