<?xml version="1.0" encoding="UTF-8"?> 
<java version="1.6.0_16" class="java.beans.XMLDecoder"> 
 <object class="jmbench.tools.runtime.OperationResults"> 
  <void property="library"> 
   <object class="jmbench.impl.MatrixLibrary" method="valueOf"> 
    <string>CM</string> 
   </object> 
  </void> 
  <void property="matDimen"> 
   <array class="int" length="12"> 
    <void index="0"> 
     <int>2</int> 
    </void> 
    <void index="1"> 
     <int>3</int> 
    </void> 
    <void index="2"> 
     <int>4</int> 
    </void> 
    <void index="3"> 
     <int>5</int> 
    </void> 
    <void index="4"> 
     <int>10</int> 
    </void> 
    <void index="5"> 
     <int>20</int> 
    </void> 
    <void index="6"> 
     <int>50</int> 
    </void> 
    <void index="7"> 
     <int>100</int> 
    </void> 
    <void index="8"> 
     <int>200</int> 
    </void> 
    <void index="9"> 
     <int>500</int> 
    </void> 
    <void index="10"> 
     <int>1000</int> 
    </void> 
    <void index="11"> 
     <int>2000</int> 
    </void> 
   </array> 
  </void> 
  <void property="metrics"> 
   <array class="jmbench.tools.EvaluationMetrics" length="12"> 
    <void index="0"> 
     <object class="jmbench.tools.EvaluationMetrics"> 
      <void property="max"> 
       <double>5536316.513652787</double> 
      </void> 
      <void property="mean"> 
       <double>5458413.787027699</double> 
      </void> 
      <void property="median"> 
       <double>5474282.8990911525</double> 
      </void> 
      <void property="min"> 
       <double>5220049.429645232</double> 
      </void> 
      <void property="rawResults"> 
       <object class="java.util.ArrayList"> 
        <void method="add"> 
         <double>5220049.429645232</double> 
        </void> 
        <void method="add"> 
         <double>5287367.205210586</double> 
        </void> 
        <void method="add"> 
         <double>5422046.312154897</double> 
        </void> 
        <void method="add"> 
         <double>5431763.809201042</double> 
        </void> 
        <void method="add"> 
         <double>5436528.071056545</double> 
        </void> 
        <void method="add"> 
         <double>5455671.709983317</double> 
        </void> 
        <void method="add"> 
         <double>5456100.488138944</double> 
        </void> 
        <void method="add"> 
         <double>5470300.41845147</double> 
        </void> 
        <void method="add"> 
         <double>5474282.8990911525</double> 
        </void> 
        <void method="add"> 
         <double>5482353.155475894</double> 
        </void> 
        <void method="add"> 
         <double>5485008.99891174</double> 
        </void> 
        <void method="add"> 
         <double>5489511.32443434</double> 
        </void> 
        <void method="add"> 
         <double>5494905.587645209</double> 
        </void> 
        <void method="add"> 
         <double>5500403.055501293</double> 
        </void> 
        <void method="add"> 
         <double>5500786.019025322</double> 
        </void> 
        <void method="add"> 
         <double>5501199.899570472</double> 
        </void> 
        <void method="add"> 
         <double>5516280.250863301</double> 
        </void> 
        <void method="add"> 
         <double>5523278.22094248</double> 
        </void> 
        <void method="add"> 
         <double>5532846.272739566</double> 
        </void> 
        <void method="add"> 
         <double>5536316.513652787</double> 
        </void> 
        <void method="add"> 
         <double>5398781.141800634</double> 
        </void> 
        <void method="add"> 
         <double>5463326.351084521</double> 
        </void> 
        <void method="add"> 
         <double>5470595.35736494</double> 
        </void> 
        <void method="add"> 
         <double>5428134.576096024</double> 
        </void> 
        <void method="add"> 
         <double>5482507.607650782</double> 
        </void> 
       </object> 
      </void> 
      <void property="stdev"> 
       <double>69957.53701449474</double> 
      </void> 
     </object> 
    </void> 
    <void index="1"> 
     <object class="jmbench.tools.EvaluationMetrics"> 
      <void property="max"> 
       <double>3452344.360210271</double> 
      </void> 
      <void property="mean"> 
       <double>3431826.126618299</double> 
      </void> 
      <void property="median"> 
       <double>3434313.9208994345</double> 
      </void> 
      <void property="min"> 
       <double>3281464.317139468</double> 
      </void> 
      <void property="rawResults"> 
       <object class="java.util.ArrayList"> 
        <void method="add"> 
         <double>3281464.317139468</double> 
        </void> 
        <void method="add"> 
         <double>3419799.338035559</double> 
        </void> 
        <void method="add"> 
         <double>3421429.871431436</double> 
        </void> 
        <void method="add"> 
         <double>3426535.4909592913</double> 
        </void> 
        <void method="add"> 
         <double>3427576.786079525</double> 
        </void> 
        <void method="add"> 
         <double>3427695.455729967</double> 
        </void> 
        <void method="add"> 
         <double>3429207.5516950265</double> 
        </void> 
        <void method="add"> 
         <double>3429688.2903807107</double> 
        </void> 
        <void method="add"> 
         <double>3432225.5805474953</double> 
        </void> 
        <void method="add"> 
         <double>3432454.536159306</double> 
        </void> 
        <void method="add"> 
         <double>3433005.7268360923</double> 
        </void> 
        <void method="add"> 
         <double>3434244.2807214633</double> 
        </void> 
        <void method="add"> 
         <double>3434313.9208994345</double> 
        </void> 
        <void method="add"> 
         <double>3435384.103094011</double> 
        </void> 
        <void method="add"> 
         <double>3439096.6470286897</double> 
        </void> 
        <void method="add"> 
         <double>3448518.944522897</double> 
        </void> 
        <void method="add"> 
         <double>3450641.7842162373</double> 
        </void> 
        <void method="add"> 
         <double>3451434.1498908717</double> 
        </void> 
        <void method="add"> 
         <double>3451866.6797837834</double> 
        </void> 
        <void method="add"> 
         <double>3452344.360210271</double> 
        </void> 
        <void method="add"> 
         <double>3447179.0892898417</double> 
        </void> 
        <void method="add"> 
         <double>3452090.990257515</double> 
        </void> 
        <void method="add"> 
         <double>3449059.7616372607</double> 
        </void> 
        <void method="add"> 
         <double>3440304.290262646</double> 
        </void> 
        <void method="add"> 
         <double>3448091.2186486856</double> 
        </void> 
       </object> 
      </void> 
      <void property="stdev"> 
       <double>32332.660478804162</double> 
      </void> 
     </object> 
    </void> 
    <void index="2"> 
     <object class="jmbench.tools.EvaluationMetrics"> 
      <void property="max"> 
       <double>2670626.365732478</double> 
      </void> 
      <void property="mean"> 
       <double>2616714.5106641147</double> 
      </void> 
      <void property="median"> 
       <double>2621316.389367776</double> 
      </void> 
      <void property="min"> 
       <double>2410844.9106952283</double> 
      </void> 
      <void property="rawResults"> 
       <object class="java.util.ArrayList"> 
        <void method="add"> 
         <double>2410844.9106952283</double> 
        </void> 
        <void method="add"> 
         <double>2521410.537883516</double> 
        </void> 
        <void method="add"> 
         <double>2574637.698302723</double> 
        </void> 
        <void method="add"> 
         <double>2600283.528592741</double> 
        </void> 
        <void method="add"> 
         <double>2604586.4062113776</double> 
        </void> 
        <void method="add"> 
         <double>2606040.8008331466</double> 
        </void> 
        <void method="add"> 
         <double>2612852.1669970495</double> 
        </void> 
        <void method="add"> 
         <double>2614441.344594114</double> 
        </void> 
        <void method="add"> 
         <double>2619308.5753784776</double> 
        </void> 
        <void method="add"> 
         <double>2622593.3353869636</double> 
        </void> 
        <void method="add"> 
         <double>2652135.24106443</double> 
        </void> 
        <void method="add"> 
         <double>2654357.328173547</double> 
        </void> 
        <void method="add"> 
         <double>2654534.9123472837</double> 
        </void> 
        <void method="add"> 
         <double>2654800.050278249</double> 
        </void> 
        <void method="add"> 
         <double>2654991.559487058</double> 
        </void> 
        <void method="add"> 
         <double>2664264.626771501</double> 
        </void> 
        <void method="add"> 
         <double>2667048.7101946212</double> 
        </void> 
        <void method="add"> 
         <double>2668653.5992000485</double> 
        </void> 
        <void method="add"> 
         <double>2669590.6394732106</double> 
        </void> 
        <void method="add"> 
         <double>2670626.365732478</double> 
        </void> 
        <void method="add"> 
         <double>2550500.239415925</double> 
        </void> 
        <void method="add"> 
         <double>2606232.3161931983</double> 
        </void> 
        <void method="add"> 
         <double>2619616.885967737</double> 
        </void> 
        <void method="add"> 
         <double>2622194.5980604663</double> 
        </void> 
        <void method="add"> 
         <double>2621316.389367776</double> 
        </void> 
       </object> 
      </void> 
      <void property="stdev"> 
       <double>56069.25277033701</double> 
      </void> 
     </object> 
    </void> 
    <void index="3"> 
     <object class="jmbench.tools.EvaluationMetrics"> 
      <void property="max"> 
       <double>1541851.0703537844</double> 
      </void> 
      <void property="mean"> 
       <double>1511677.6366180822</double> 
      </void> 
      <void property="median"> 
       <double>1532559.2646213295</double> 
      </void> 
      <void property="min"> 
       <double>1437881.338820851</double> 
      </void> 
      <void property="rawResults"> 
       <object class="java.util.ArrayList"> 
        <void method="add"> 
         <double>1437881.338820851</double> 
        </void> 
        <void method="add"> 
         <double>1438068.561770176</double> 
        </void> 
        <void method="add"> 
         <double>1438686.2666849694</double> 
        </void> 
        <void method="add"> 
         <double>1438783.9298012834</double> 
        </void> 
        <void method="add"> 
         <double>1439790.2007242998</double> 
        </void> 
        <void method="add"> 
         <double>1451492.5303563736</double> 
        </void> 
        <void method="add"> 
         <double>1517273.380404733</double> 
        </void> 
        <void method="add"> 
         <double>1520801.4114033114</double> 
        </void> 
        <void method="add"> 
         <double>1525108.194999251</double> 
        </void> 
        <void method="add"> 
         <double>1528172.1463126284</double> 
        </void> 
        <void method="add"> 
         <double>1531630.415084806</double> 
        </void> 
        <void method="add"> 
         <double>1531667.2872998386</double> 
        </void> 
        <void method="add"> 
         <double>1532559.2646213295</double> 
        </void> 
        <void method="add"> 
         <double>1532764.669704747</double> 
        </void> 
        <void method="add"> 
         <double>1533467.107245761</double> 
        </void> 
        <void method="add"> 
         <double>1533636.385099771</double> 
        </void> 
        <void method="add"> 
         <double>1534871.8665686387</double> 
        </void> 
        <void method="add"> 
         <double>1537975.6580945435</double> 
        </void> 
        <void method="add"> 
         <double>1539425.3268900556</double> 
        </void> 
        <void method="add"> 
         <double>1540440.505962333</double> 
        </void> 
        <void method="add"> 
         <double>1541851.0703537844</double> 
        </void> 
        <void method="add"> 
         <double>1541798.6413368997</double> 
        </void> 
        <void method="add"> 
         <double>1541327.0596333712</double> 
        </void> 
        <void method="add"> 
         <double>1541814.1647534205</double> 
        </void> 
        <void method="add"> 
         <double>1540653.531524864</double> 
        </void> 
       </object> 
      </void> 
      <void property="stdev"> 
       <double>40382.79669272558</double> 
      </void> 
     </object> 
    </void> 
    <void index="4"> 
     <object class="jmbench.tools.EvaluationMetrics"> 
      <void property="max"> 
       <double>235646.33282774963</double> 
      </void> 
      <void property="mean"> 
       <double>228525.41870486856</double> 
      </void> 
      <void property="median"> 
       <double>229357.69522847192</double> 
      </void> 
      <void property="min"> 
       <double>216244.37285676313</double> 
      </void> 
      <void property="rawResults"> 
       <object class="java.util.ArrayList"> 
        <void method="add"> 
         <double>224828.6733192547</double> 
        </void> 
        <void method="add"> 
         <double>225854.28320227965</double> 
        </void> 
        <void method="add"> 
         <double>226193.1410045206</double> 
        </void> 
        <void method="add"> 
         <double>226248.8878560358</double> 
        </void> 
        <void method="add"> 
         <double>226280.1903749479</double> 
        </void> 
        <void method="add"> 
         <double>228476.00562188562</double> 
        </void> 
        <void method="add"> 
         <double>228556.01354766742</double> 
        </void> 
        <void method="add"> 
         <double>229357.69522847192</double> 
        </void> 
        <void method="add"> 
         <double>229834.80745352013</double> 
        </void> 
        <void method="add"> 
         <double>230309.5107538074</double> 
        </void> 
        <void method="add"> 
         <double>232289.92484608365</double> 
        </void> 
        <void method="add"> 
         <double>233556.1209603497</double> 
        </void> 
        <void method="add"> 
         <double>233601.88325563294</double> 
        </void> 
        <void method="add"> 
         <double>234182.26163890294</double> 
        </void> 
        <void method="add"> 
         <double>234235.49778970066</double> 
        </void> 
        <void method="add"> 
         <double>234265.61849688683</double> 
        </void> 
        <void method="add"> 
         <double>234453.389827962</double> 
        </void> 
        <void method="add"> 
         <double>235608.83309926</double> 
        </void> 
        <void method="add"> 
         <double>235645.95863241013</double> 
        </void> 
        <void method="add"> 
         <double>235646.33282774963</double> 
        </void> 
        <void method="add"> 
         <double>221170.54226978266</double> 
        </void> 
        <void method="add"> 
         <double>218097.24221948578</double> 
        </void> 
        <void method="add"> 
         <double>216244.37285676313</double> 
        </void> 
        <void method="add"> 
         <double>219463.5371962519</double> 
        </void> 
        <void method="add"> 
         <double>218734.7433421005</double> 
        </void> 
       </object> 
      </void> 
      <void property="stdev"> 
       <double>5943.829134000244</double> 
      </void> 
     </object> 
    </void> 
    <void index="5"> 
     <object class="jmbench.tools.EvaluationMetrics"> 
      <void property="max"> 
       <double>70738.99132757653</double> 
      </void> 
      <void property="mean"> 
       <double>69304.84855754375</double> 
      </void> 
      <void property="median"> 
       <double>70250.39570449064</double> 
      </void> 
      <void property="min"> 
       <double>64642.17768351413</double> 
      </void> 
      <void property="rawResults"> 
       <object class="java.util.ArrayList"> 
        <void method="add"> 
         <double>69786.37166889082</double> 
        </void> 
        <void method="add"> 
         <double>69953.15785283889</double> 
        </void> 
        <void method="add"> 
         <double>69965.63907020685</double> 
        </void> 
        <void method="add"> 
         <double>70050.40853567826</double> 
        </void> 
        <void method="add"> 
         <double>70137.72457957851</double> 
        </void> 
        <void method="add"> 
         <double>70148.7163621867</double> 
        </void> 
        <void method="add"> 
         <double>70222.40260506494</double> 
        </void> 
        <void method="add"> 
         <double>70250.39570449064</double> 
        </void> 
        <void method="add"> 
         <double>70470.27748639941</double> 
        </void> 
        <void method="add"> 
         <double>70481.15036917714</double> 
        </void> 
        <void method="add"> 
         <double>70556.34895147204</double> 
        </void> 
        <void method="add"> 
         <double>70559.61177507583</double> 
        </void> 
        <void method="add"> 
         <double>70574.7769135979</double> 
        </void> 
        <void method="add"> 
         <double>70579.93667401979</double> 
        </void> 
        <void method="add"> 
         <double>70580.72200157733</double> 
        </void> 
        <void method="add"> 
         <double>70581.20128787222</double> 
        </void> 
        <void method="add"> 
         <double>70581.26364192927</double> 
        </void> 
        <void method="add"> 
         <double>70607.35561960978</double> 
        </void> 
        <void method="add"> 
         <double>70682.19072114138</double> 
        </void> 
        <void method="add"> 
         <double>70738.99132757653</double> 
        </void> 
        <void method="add"> 
         <double>65222.568137163034</double> 
        </void> 
        <void method="add"> 
         <double>65218.71295611028</double> 
        </void> 
        <void method="add"> 
         <double>64721.216117873</double> 
        </void> 
        <void method="add"> 
         <double>65307.89589554903</double> 
        </void> 
        <void method="add"> 
         <double>64642.17768351413</double> 
        </void> 
       </object> 
      </void> 
      <void property="stdev"> 
       <double>2158.994730992351</double> 
      </void> 
     </object> 
    </void> 
    <void index="6"> 
     <object class="jmbench.tools.EvaluationMetrics"> 
      <void property="max"> 
       <double>5331.4868755092675</double> 
      </void> 
      <void property="mean"> 
       <double>5288.181487333923</double> 
      </void> 
      <void property="median"> 
       <double>5285.599425924226</double> 
      </void> 
      <void property="min"> 
       <double>5252.227241984554</double> 
      </void> 
      <void property="rawResults"> 
       <object class="java.util.ArrayList"> 
        <void method="add"> 
         <double>5252.227241984554</double> 
        </void> 
        <void method="add"> 
         <double>5261.736608638466</double> 
        </void> 
        <void method="add"> 
         <double>5272.824919336883</double> 
        </void> 
        <void method="add"> 
         <double>5275.37722792008</double> 
        </void> 
        <void method="add"> 
         <double>5275.5864962966725</double> 
        </void> 
        <void method="add"> 
         <double>5276.060719404081</double> 
        </void> 
        <void method="add"> 
         <double>5276.31891993523</double> 
        </void> 
        <void method="add"> 
         <double>5277.567101753721</double> 
        </void> 
        <void method="add"> 
         <double>5278.982508748252</double> 
        </void> 
        <void method="add"> 
         <double>5280.951652053984</double> 
        </void> 
        <void method="add"> 
         <double>5284.927538559537</double> 
        </void> 
        <void method="add"> 
         <double>5285.2889039172705</double> 
        </void> 
        <void method="add"> 
         <double>5285.599425924226</double> 
        </void> 
        <void method="add"> 
         <double>5285.621701753321</double> 
        </void> 
        <void method="add"> 
         <double>5288.515143344768</double> 
        </void> 
        <void method="add"> 
         <double>5289.237783687996</double> 
        </void> 
        <void method="add"> 
         <double>5289.376949232019</double> 
        </void> 
        <void method="add"> 
         <double>5290.66541447597</double> 
        </void> 
        <void method="add"> 
         <double>5293.781502567359</double> 
        </void> 
        <void method="add"> 
         <double>5298.130698155647</double> 
        </void> 
        <void method="add"> 
         <double>5330.033317396114</double> 
        </void> 
        <void method="add"> 
         <double>5302.869348746626</double> 
        </void> 
        <void method="add"> 
         <double>5297.4649508094335</double> 
        </void> 
        <void method="add"> 
         <double>5323.904233196613</double> 
        </void> 
        <void method="add"> 
         <double>5331.4868755092675</double> 
        </void> 
       </object> 
      </void> 
      <void property="stdev"> 
       <double>18.399942978423898</double> 
      </void> 
     </object> 
    </void> 
    <void index="7"> 
     <object class="jmbench.tools.EvaluationMetrics"> 
      <void property="max"> 
       <double>700.5964493358459</double> 
      </void> 
      <void property="mean"> 
       <double>696.2792199175581</double> 
      </void> 
      <void property="median"> 
       <double>695.7904796884519</double> 
      </void> 
      <void property="min"> 
       <double>694.1176277153985</double> 
      </void> 
      <void property="rawResults"> 
       <object class="java.util.ArrayList"> 
        <void method="add"> 
         <double>694.460078046367</double> 
        </void> 
        <void method="add"> 
         <double>694.5468283789183</double> 
        </void> 
        <void method="add"> 
         <double>694.5581491932511</double> 
        </void> 
        <void method="add"> 
         <double>694.7871864531937</double> 
        </void> 
        <void method="add"> 
         <double>694.8902214212106</double> 
        </void> 
        <void method="add"> 
         <double>694.955977303322</double> 
        </void> 
        <void method="add"> 
         <double>695.4629713754175</double> 
        </void> 
        <void method="add"> 
         <double>695.7904796884519</double> 
        </void> 
        <void method="add"> 
         <double>695.8063021007359</double> 
        </void> 
        <void method="add"> 
         <double>695.818969146211</double> 
        </void> 
        <void method="add"> 
         <double>695.93119963784</double> 
        </void> 
        <void method="add"> 
         <double>695.9904380086871</double> 
        </void> 
        <void method="add"> 
         <double>696.1352256598549</double> 
        </void> 
        <void method="add"> 
         <double>696.1625073025672</double> 
        </void> 
        <void method="add"> 
         <double>696.2361946915287</double> 
        </void> 
        <void method="add"> 
         <double>699.5731344648123</double> 
        </void> 
        <void method="add"> 
         <double>699.8190925656572</double> 
        </void> 
        <void method="add"> 
         <double>699.9993717013739</double> 
        </void> 
        <void method="add"> 
         <double>700.1919100264377</double> 
        </void> 
        <void method="add"> 
         <double>700.5964493358459</double> 
        </void> 
        <void method="add"> 
         <double>694.1176277153985</double> 
        </void> 
        <void method="add"> 
         <double>695.033519831681</double> 
        </void> 
        <void method="add"> 
         <double>695.2545083899416</double> 
        </void> 
        <void method="add"> 
         <double>695.3596230263877</double> 
        </void> 
        <void method="add"> 
         <double>695.5025324738522</double> 
        </void> 
       </object> 
      </void> 
      <void property="stdev"> 
       <double>1.9662270921573737</double> 
      </void> 
     </object> 
    </void> 
    <void index="8"> 
     <object class="jmbench.tools.EvaluationMetrics"> 
      <void property="max"> 
       <double>88.41061189985705</double> 
      </void> 
      <void property="mean"> 
       <double>87.53535938295298</double> 
      </void> 
      <void property="median"> 
       <double>87.64940919852167</double> 
      </void> 
      <void property="min"> 
       <double>82.25747730993326</double> 
      </void> 
      <void property="rawResults"> 
       <object class="java.util.ArrayList"> 
        <void method="add"> 
         <double>82.25747730993326</double> 
        </void> 
        <void method="add"> 
         <double>86.88255761050262</double> 
        </void> 
        <void method="add"> 
         <double>87.15565485968934</double> 
        </void> 
        <void method="add"> 
         <double>87.32959988225447</double> 
        </void> 
        <void method="add"> 
         <double>87.48446849127969</double> 
        </void> 
        <void method="add"> 
         <double>87.50786532671819</double> 
        </void> 
        <void method="add"> 
         <double>87.52899857437978</double> 
        </void> 
        <void method="add"> 
         <double>87.54155626494443</double> 
        </void> 
        <void method="add"> 
         <double>87.57141045627627</double> 
        </void> 
        <void method="add"> 
         <double>87.59453501440977</double> 
        </void> 
        <void method="add"> 
         <double>87.64268634225735</double> 
        </void> 
        <void method="add"> 
         <double>87.64742504764044</double> 
        </void> 
        <void method="add"> 
         <double>87.64940919852167</double> 
        </void> 
        <void method="add"> 
         <double>87.66464211020022</double> 
        </void> 
        <void method="add"> 
         <double>87.68401991876873</double> 
        </void> 
        <void method="add"> 
         <double>87.73386021704046</double> 
        </void> 
        <void method="add"> 
         <double>88.2700835520809</double> 
        </void> 
        <void method="add"> 
         <double>88.2771543114182</double> 
        </void> 
        <void method="add"> 
         <double>88.29469536861906</double> 
        </void> 
        <void method="add"> 
         <double>88.41061189985705</double> 
        </void> 
        <void method="add"> 
         <double>88.11868702097586</double> 
        </void> 
        <void method="add"> 
         <double>87.66281733325408</double> 
        </void> 
        <void method="add"> 
         <double>87.96789668939968</double> 
        </void> 
        <void method="add"> 
         <double>88.36679968692847</double> 
        </void> 
        <void method="add"> 
         <double>88.13907208647485</double> 
        </void> 
       </object> 
      </void> 
      <void property="stdev"> 
       <double>1.1423543103470468</double> 
      </void> 
     </object> 
    </void> 
    <void index="9"> 
     <object class="jmbench.tools.EvaluationMetrics"> 
      <void property="max"> 
       <double>5.958163685187104</double> 
      </void> 
      <void property="mean"> 
       <double>5.899177819886909</double> 
      </void> 
      <void property="median"> 
       <double>5.899209711223968</double> 
      </void> 
      <void property="min"> 
       <double>5.763130455006687</double> 
      </void> 
      <void property="rawResults"> 
       <object class="java.util.ArrayList"> 
        <void method="add"> 
         <double>5.763130455006687</double> 
        </void> 
        <void method="add"> 
         <double>5.820389829979691</double> 
        </void> 
        <void method="add"> 
         <double>5.842772311715506</double> 
        </void> 
        <void method="add"> 
         <double>5.856660466470766</double> 
        </void> 
        <void method="add"> 
         <double>5.863925706034189</double> 
        </void> 
        <void method="add"> 
         <double>5.865282620720367</double> 
        </void> 
        <void method="add"> 
         <double>5.867058315842885</double> 
        </void> 
        <void method="add"> 
         <double>5.874679858627566</double> 
        </void> 
        <void method="add"> 
         <double>5.881449494794842</double> 
        </void> 
        <void method="add"> 
         <double>5.883454712283529</double> 
        </void> 
        <void method="add"> 
         <double>5.890077001444574</double> 
        </void> 
        <void method="add"> 
         <double>5.892657419651986</double> 
        </void> 
        <void method="add"> 
         <double>5.899209711223968</double> 
        </void> 
        <void method="add"> 
         <double>5.9113455197085205</double> 
        </void> 
        <void method="add"> 
         <double>5.912765301677106</double> 
        </void> 
        <void method="add"> 
         <double>5.934238728663886</double> 
        </void> 
        <void method="add"> 
         <double>5.94048306647926</double> 
        </void> 
        <void method="add"> 
         <double>5.9418601678351886</double> 
        </void> 
        <void method="add"> 
         <double>5.946924566495019</double> 
        </void> 
        <void method="add"> 
         <double>5.947257623973501</double> 
        </void> 
        <void method="add"> 
         <double>5.951223964775094</double> 
        </void> 
        <void method="add"> 
         <double>5.935841235246925</double> 
        </void> 
        <void method="add"> 
         <double>5.958163685187104</double> 
        </void> 
        <void method="add"> 
         <double>5.945093899016029</double> 
        </void> 
        <void method="add"> 
         <double>5.953499834318564</double> 
        </void> 
       </object> 
      </void> 
      <void property="stdev"> 
       <double>0.047618808049120304</double> 
      </void> 
     </object> 
    </void> 
    <void index="10"> 
     <object class="jmbench.tools.EvaluationMetrics"> 
      <void property="max"> 
       <double>0.7338994941943158</double> 
      </void> 
      <void property="mean"> 
       <double>0.7097918994870657</double> 
      </void> 
      <void property="median"> 
       <double>0.726599175121747</double> 
      </void> 
      <void property="min"> 
       <double>0.626580503501383</double> 
      </void> 
      <void property="rawResults"> 
       <object class="java.util.ArrayList"> 
        <void method="add"> 
         <double>0.6346911022080938</double> 
        </void> 
        <void method="add"> 
         <double>0.6403484440177482</double> 
        </void> 
        <void method="add"> 
         <double>0.6416482129549622</double> 
        </void> 
        <void method="add"> 
         <double>0.6616642588015056</double> 
        </void> 
        <void method="add"> 
         <double>0.721130180776166</double> 
        </void> 
        <void method="add"> 
         <double>0.7223534764573931</double> 
        </void> 
        <void method="add"> 
         <double>0.7246145557159742</double> 
        </void> 
        <void method="add"> 
         <double>0.7258787080966672</double> 
        </void> 
        <void method="add"> 
         <double>0.726599175121747</double> 
        </void> 
        <void method="add"> 
         <double>0.7269940969596321</double> 
        </void> 
        <void method="add"> 
         <double>0.7273643951118876</double> 
        </void> 
        <void method="add"> 
         <double>0.7281550633896798</double> 
        </void> 
        <void method="add"> 
         <double>0.7281828124466022</double> 
        </void> 
        <void method="add"> 
         <double>0.7287174232553857</double> 
        </void> 
        <void method="add"> 
         <double>0.7290266561860629</double> 
        </void> 
        <void method="add"> 
         <double>0.7293003026918606</double> 
        </void> 
        <void method="add"> 
         <double>0.7295203666119588</double> 
        </void> 
        <void method="add"> 
         <double>0.7306385514743908</double> 
        </void> 
        <void method="add"> 
         <double>0.7336403035982585</double> 
        </void> 
        <void method="add"> 
         <double>0.7338994941943158</double> 
        </void> 
        <void method="add"> 
         <double>0.626580503501383</double> 
        </void> 
        <void method="add"> 
         <double>0.7118541894399574</double> 
        </void> 
        <void method="add"> 
         <double>0.7314704610504374</double> 
        </void> 
        <void method="add"> 
         <double>0.7246479645091582</double> 
        </void> 
        <void method="add"> 
         <double>0.7258767886054114</double> 
        </void> 
       </object> 
      </void> 
      <void property="stdev"> 
       <double>0.035048565384038846</double> 
      </void> 
     </object> 
    </void> 
    <void index="11"> 
     <object class="jmbench.tools.EvaluationMetrics"> 
      <void property="max"> 
       <double>0.09069665053673445</double> 
      </void> 
      <void property="mean"> 
       <double>0.08294104678252691</double> 
      </void> 
      <void property="median"> 
       <double>0.09038198539693941</double> 
      </void> 
      <void property="min"> 
       <double>0.07116962917151547</double> 
      </void> 
      <void property="rawResults"> 
       <object class="java.util.ArrayList"> 
        <void method="add"> 
         <double>0.07116962917151547</double> 
        </void> 
        <void method="add"> 
         <double>0.07188418532278744</double> 
        </void> 
        <void method="add"> 
         <double>0.09057278348465782</double> 
        </void> 
        <void method="add"> 
         <double>0.09069665053673445</double> 
        </void> 
        <void method="add"> 
         <double>0.09038198539693941</double> 
        </void> 
       </object> 
      </void> 
      <void property="stdev"> 
       <double>0.009322883889216765</double> 
      </void> 
     </object> 
    </void> 
   </array> 
  </void> 
  <void property="opName"> 
   <string>Mult c=a*b</string> 
  </void> 
 </object> 
</java> 
