<?xml version="1.0" encoding="UTF-8"?> 
<java version="1.6.0_16" class="java.beans.XMLDecoder"> 
 <object class="jmbench.tools.runtime.OperationResults"> 
  <void property="library"> 
   <object class="jmbench.impl.MatrixLibrary" method="valueOf"> 
    <string>CM</string> 
   </object> 
  </void> 
  <void property="matDimen"> 
   <array class="int" length="12"> 
    <void index="0"> 
     <int>2</int> 
    </void> 
    <void index="1"> 
     <int>3</int> 
    </void> 
    <void index="2"> 
     <int>4</int> 
    </void> 
    <void index="3"> 
     <int>5</int> 
    </void> 
    <void index="4"> 
     <int>10</int> 
    </void> 
    <void index="5"> 
     <int>20</int> 
    </void> 
    <void index="6"> 
     <int>50</int> 
    </void> 
    <void index="7"> 
     <int>100</int> 
    </void> 
    <void index="8"> 
     <int>200</int> 
    </void> 
    <void index="9"> 
     <int>500</int> 
    </void> 
    <void index="10"> 
     <int>1000</int> 
    </void> 
    <void index="11"> 
     <int>2000</int> 
    </void> 
   </array> 
  </void> 
  <void property="metrics"> 
   <array class="jmbench.tools.EvaluationMetrics" length="12"> 
    <void index="0"> 
     <object class="jmbench.tools.EvaluationMetrics"> 
      <void property="max"> 
       <double>1.1259033070642889E7</double> 
      </void> 
      <void property="mean"> 
       <double>1.111588101987586E7</double> 
      </void> 
      <void property="median"> 
       <double>1.1186243959259579E7</double> 
      </void> 
      <void property="min"> 
       <double>1.0538816367007045E7</double> 
      </void> 
      <void property="rawResults"> 
       <object class="java.util.ArrayList"> 
        <void method="add"> 
         <double>1.0538816367007045E7</double> 
        </void> 
        <void method="add"> 
         <double>1.0619935189771948E7</double> 
        </void> 
        <void method="add"> 
         <double>1.0859173275985222E7</double> 
        </void> 
        <void method="add"> 
         <double>1.0997829092569524E7</double> 
        </void> 
        <void method="add"> 
         <double>1.103398717282813E7</double> 
        </void> 
        <void method="add"> 
         <double>1.1084223361293621E7</double> 
        </void> 
        <void method="add"> 
         <double>1.1087327259002106E7</double> 
        </void> 
        <void method="add"> 
         <double>1.1092339972496456E7</double> 
        </void> 
        <void method="add"> 
         <double>1.1135918829271704E7</double> 
        </void> 
        <void method="add"> 
         <double>1.1151672674324248E7</double> 
        </void> 
        <void method="add"> 
         <double>1.1166090939495381E7</double> 
        </void> 
        <void method="add"> 
         <double>1.1183138047426686E7</double> 
        </void> 
        <void method="add"> 
         <double>1.1186243959259579E7</double> 
        </void> 
        <void method="add"> 
         <double>1.1206902665821727E7</double> 
        </void> 
        <void method="add"> 
         <double>1.1208561982182508E7</double> 
        </void> 
        <void method="add"> 
         <double>1.1217163457757235E7</double> 
        </void> 
        <void method="add"> 
         <double>1.1245672030037757E7</double> 
        </void> 
        <void method="add"> 
         <double>1.1257136627541473E7</double> 
        </void> 
        <void method="add"> 
         <double>1.1257672858578606E7</double> 
        </void> 
        <void method="add"> 
         <double>1.1259033070642889E7</double> 
        </void> 
        <void method="add"> 
         <double>1.1207752010950973E7</double> 
        </void> 
        <void method="add"> 
         <double>1.123190897593445E7</double> 
        </void> 
        <void method="add"> 
         <double>1.122969205665356E7</double> 
        </void> 
        <void method="add"> 
         <double>1.1217614888263883E7</double> 
        </void> 
        <void method="add"> 
         <double>1.122121873179978E7</double> 
        </void> 
       </object> 
      </void> 
      <void property="stdev"> 
       <double>183563.39578218057</double> 
      </void> 
     </object> 
    </void> 
    <void index="1"> 
     <object class="jmbench.tools.EvaluationMetrics"> 
      <void property="max"> 
       <double>1.0503041819934422E7</double> 
      </void> 
      <void property="mean"> 
       <double>9737005.178662596</double> 
      </void> 
      <void property="median"> 
       <double>1.0043596897224512E7</double> 
      </void> 
      <void property="min"> 
       <double>8433709.747408364</double> 
      </void> 
      <void property="rawResults"> 
       <object class="java.util.ArrayList"> 
        <void method="add"> 
         <double>8433709.747408364</double> 
        </void> 
        <void method="add"> 
         <double>8711269.784566319</double> 
        </void> 
        <void method="add"> 
         <double>8788867.776433457</double> 
        </void> 
        <void method="add"> 
         <double>8900841.617136212</double> 
        </void> 
        <void method="add"> 
         <double>9068126.86720341</double> 
        </void> 
        <void method="add"> 
         <double>9226644.56527946</double> 
        </void> 
        <void method="add"> 
         <double>9243166.342778677</double> 
        </void> 
        <void method="add"> 
         <double>9514155.512446878</double> 
        </void> 
        <void method="add"> 
         <double>9523830.144756652</double> 
        </void> 
        <void method="add"> 
         <double>9538613.933168592</double> 
        </void> 
        <void method="add"> 
         <double>9884102.41507387</double> 
        </void> 
        <void method="add"> 
         <double>1.0043596897224512E7</double> 
        </void> 
        <void method="add"> 
         <double>1.0064018509514391E7</double> 
        </void> 
        <void method="add"> 
         <double>1.0139007128819313E7</double> 
        </void> 
        <void method="add"> 
         <double>1.0258841928769305E7</double> 
        </void> 
        <void method="add"> 
         <double>1.0260709991076304E7</double> 
        </void> 
        <void method="add"> 
         <double>1.0272252242254771E7</double> 
        </void> 
        <void method="add"> 
         <double>1.0272634019898765E7</double> 
        </void> 
        <void method="add"> 
         <double>1.030767033389037E7</double> 
        </void> 
        <void method="add"> 
         <double>1.0503041819934422E7</double> 
        </void> 
        <void method="add"> 
         <double>9463610.955202933</double> 
        </void> 
        <void method="add"> 
         <double>1.0216676481693441E7</double> 
        </void> 
        <void method="add"> 
         <double>1.031258655067418E7</double> 
        </void> 
        <void method="add"> 
         <double>1.0126726301822482E7</double> 
        </void> 
        <void method="add"> 
         <double>1.035042759953781E7</double> 
        </void> 
       </object> 
      </void> 
      <void property="stdev"> 
       <double>600531.9119921562</double> 
      </void> 
     </object> 
    </void> 
    <void index="2"> 
     <object class="jmbench.tools.EvaluationMetrics"> 
      <void property="max"> 
       <double>9217548.783001136</double> 
      </void> 
      <void property="mean"> 
       <double>9076382.49736727</double> 
      </void> 
      <void property="median"> 
       <double>9170569.765598947</double> 
      </void> 
      <void property="min"> 
       <double>8239365.693719747</double> 
      </void> 
      <void property="rawResults"> 
       <object class="java.util.ArrayList"> 
        <void method="add"> 
         <double>8445958.307930874</double> 
        </void> 
        <void method="add"> 
         <double>8841085.315962786</double> 
        </void> 
        <void method="add"> 
         <double>9148698.819720097</double> 
        </void> 
        <void method="add"> 
         <double>9153597.926996196</double> 
        </void> 
        <void method="add"> 
         <double>9159568.082943559</double> 
        </void> 
        <void method="add"> 
         <double>9166303.197201673</double> 
        </void> 
        <void method="add"> 
         <double>9169671.940641493</double> 
        </void> 
        <void method="add"> 
         <double>9170569.765598947</double> 
        </void> 
        <void method="add"> 
         <double>9171325.17736253</double> 
        </void> 
        <void method="add"> 
         <double>9174288.599214057</double> 
        </void> 
        <void method="add"> 
         <double>9176607.516659789</double> 
        </void> 
        <void method="add"> 
         <double>9177882.217175217</double> 
        </void> 
        <void method="add"> 
         <double>9183841.652226208</double> 
        </void> 
        <void method="add"> 
         <double>9185521.933404716</double> 
        </void> 
        <void method="add"> 
         <double>9187241.00033854</double> 
        </void> 
        <void method="add"> 
         <double>9189217.96713135</double> 
        </void> 
        <void method="add"> 
         <double>9190948.401473852</double> 
        </void> 
        <void method="add"> 
         <double>9191554.78793367</double> 
        </void> 
        <void method="add"> 
         <double>9204847.01149198</double> 
        </void> 
        <void method="add"> 
         <double>9217548.783001136</double> 
        </void> 
        <void method="add"> 
         <double>9147113.622300774</double> 
        </void> 
        <void method="add"> 
         <double>9153703.851344565</double> 
        </void> 
        <void method="add"> 
         <double>9108052.352827622</double> 
        </void> 
        <void method="add"> 
         <double>8755048.509580389</double> 
        </void> 
        <void method="add"> 
         <double>8239365.693719747</double> 
        </void> 
       </object> 
      </void> 
      <void property="stdev"> 
       <double>241880.67409227628</double> 
      </void> 
     </object> 
    </void> 
    <void index="3"> 
     <object class="jmbench.tools.EvaluationMetrics"> 
      <void property="max"> 
       <double>8055182.486669523</double> 
      </void> 
      <void property="mean"> 
       <double>7762149.4091567155</double> 
      </void> 
      <void property="median"> 
       <double>7867224.820673538</double> 
      </void> 
      <void property="min"> 
       <double>6860604.832392234</double> 
      </void> 
      <void property="rawResults"> 
       <object class="java.util.ArrayList"> 
        <void method="add"> 
         <double>6860604.832392234</double> 
        </void> 
        <void method="add"> 
         <double>7043351.913469247</double> 
        </void> 
        <void method="add"> 
         <double>7138738.299742577</double> 
        </void> 
        <void method="add"> 
         <double>7226337.712975952</double> 
        </void> 
        <void method="add"> 
         <double>7740182.933200274</double> 
        </void> 
        <void method="add"> 
         <double>7770811.5969233215</double> 
        </void> 
        <void method="add"> 
         <double>7789434.590527938</double> 
        </void> 
        <void method="add"> 
         <double>7792889.438615607</double> 
        </void> 
        <void method="add"> 
         <double>7805014.523844047</double> 
        </void> 
        <void method="add"> 
         <double>7835237.887437968</double> 
        </void> 
        <void method="add"> 
         <double>7855932.028034891</double> 
        </void> 
        <void method="add"> 
         <double>7861038.404701038</double> 
        </void> 
        <void method="add"> 
         <double>7867224.820673538</double> 
        </void> 
        <void method="add"> 
         <double>7875405.696954563</double> 
        </void> 
        <void method="add"> 
         <double>7877092.790881774</double> 
        </void> 
        <void method="add"> 
         <double>8014172.351569081</double> 
        </void> 
        <void method="add"> 
         <double>8015913.066718781</double> 
        </void> 
        <void method="add"> 
         <double>8044616.119288448</double> 
        </void> 
        <void method="add"> 
         <double>8054010.962458573</double> 
        </void> 
        <void method="add"> 
         <double>8055182.486669523</double> 
        </void> 
        <void method="add"> 
         <double>7902278.2714746855</double> 
        </void> 
        <void method="add"> 
         <double>7896534.970243031</double> 
        </void> 
        <void method="add"> 
         <double>7902982.7485798765</double> 
        </void> 
        <void method="add"> 
         <double>7906286.539048616</double> 
        </void> 
        <void method="add"> 
         <double>7922460.242492351</double> 
        </void> 
       </object> 
      </void> 
      <void property="stdev"> 
       <double>319563.6799208567</double> 
      </void> 
     </object> 
    </void> 
    <void index="4"> 
     <object class="jmbench.tools.EvaluationMetrics"> 
      <void property="max"> 
       <double>3172788.987555074</double> 
      </void> 
      <void property="mean"> 
       <double>3069154.800758489</double> 
      </void> 
      <void property="median"> 
       <double>3092756.17861207</double> 
      </void> 
      <void property="min"> 
       <double>2907970.9408580125</double> 
      </void> 
      <void property="rawResults"> 
       <object class="java.util.ArrayList"> 
        <void method="add"> 
         <double>2907970.9408580125</double> 
        </void> 
        <void method="add"> 
         <double>3003984.032422946</double> 
        </void> 
        <void method="add"> 
         <double>3006660.8278994835</double> 
        </void> 
        <void method="add"> 
         <double>3014462.9667323115</double> 
        </void> 
        <void method="add"> 
         <double>3019130.595021063</double> 
        </void> 
        <void method="add"> 
         <double>3022640.1473417934</double> 
        </void> 
        <void method="add"> 
         <double>3091618.68251066</double> 
        </void> 
        <void method="add"> 
         <double>3092756.17861207</double> 
        </void> 
        <void method="add"> 
         <double>3098050.807340969</double> 
        </void> 
        <void method="add"> 
         <double>3098561.392045928</double> 
        </void> 
        <void method="add"> 
         <double>3099679.5257918094</double> 
        </void> 
        <void method="add"> 
         <double>3107575.754738855</double> 
        </void> 
        <void method="add"> 
         <double>3110942.556185336</double> 
        </void> 
        <void method="add"> 
         <double>3115480.5824497202</double> 
        </void> 
        <void method="add"> 
         <double>3123128.0494108885</double> 
        </void> 
        <void method="add"> 
         <double>3162091.324659834</double> 
        </void> 
        <void method="add"> 
         <double>3165983.49635359</double> 
        </void> 
        <void method="add"> 
         <double>3170144.567004764</double> 
        </void> 
        <void method="add"> 
         <double>3172461.5945610306</double> 
        </void> 
        <void method="add"> 
         <double>3172788.987555074</double> 
        </void> 
        <void method="add"> 
         <double>2997684.3107774593</double> 
        </void> 
        <void method="add"> 
         <double>2990732.9885985097</double> 
        </void> 
        <void method="add"> 
         <double>2993876.4824862336</double> 
        </void> 
        <void method="add"> 
         <double>2999817.983171599</double> 
        </void> 
        <void method="add"> 
         <double>2990645.244432303</double> 
        </void> 
       </object> 
      </void> 
      <void property="stdev"> 
       <double>72466.64119919986</double> 
      </void> 
     </object> 
    </void> 
    <void index="5"> 
     <object class="jmbench.tools.EvaluationMetrics"> 
      <void property="max"> 
       <double>770721.5030330747</double> 
      </void> 
      <void property="mean"> 
       <double>743999.8809596071</double> 
      </void> 
      <void property="median"> 
       <double>746743.145474274</double> 
      </void> 
      <void property="min"> 
       <double>670905.3666364497</double> 
      </void> 
      <void property="rawResults"> 
       <object class="java.util.ArrayList"> 
        <void method="add"> 
         <double>670905.3666364497</double> 
        </void> 
        <void method="add"> 
         <double>711296.0049975524</double> 
        </void> 
        <void method="add"> 
         <double>727557.46357928</double> 
        </void> 
        <void method="add"> 
         <double>729102.5707217503</double> 
        </void> 
        <void method="add"> 
         <double>744032.5444060473</double> 
        </void> 
        <void method="add"> 
         <double>744300.0466389803</double> 
        </void> 
        <void method="add"> 
         <double>744472.5234840392</double> 
        </void> 
        <void method="add"> 
         <double>744833.0302957564</double> 
        </void> 
        <void method="add"> 
         <double>745674.6643986908</double> 
        </void> 
        <void method="add"> 
         <double>746743.145474274</double> 
        </void> 
        <void method="add"> 
         <double>747682.1685096287</double> 
        </void> 
        <void method="add"> 
         <double>749375.9339602472</double> 
        </void> 
        <void method="add"> 
         <double>749578.1945002367</double> 
        </void> 
        <void method="add"> 
         <double>750087.2239547364</double> 
        </void> 
        <void method="add"> 
         <double>750719.4413179922</double> 
        </void> 
        <void method="add"> 
         <double>762548.5530367618</double> 
        </void> 
        <void method="add"> 
         <double>766921.1747653489</double> 
        </void> 
        <void method="add"> 
         <double>767358.3395153367</double> 
        </void> 
        <void method="add"> 
         <double>767964.5169459435</double> 
        </void> 
        <void method="add"> 
         <double>770721.5030330747</double> 
        </void> 
        <void method="add"> 
         <double>733234.8608683995</double> 
        </void> 
        <void method="add"> 
         <double>733354.3218816504</double> 
        </void> 
        <void method="add"> 
         <double>755310.968652258</double> 
        </void> 
        <void method="add"> 
         <double>732831.3556608837</double> 
        </void> 
        <void method="add"> 
         <double>753391.1067548607</double> 
        </void> 
       </object> 
      </void> 
      <void property="stdev"> 
       <double>20342.321730551696</double> 
      </void> 
     </object> 
    </void> 
    <void index="6"> 
     <object class="jmbench.tools.EvaluationMetrics"> 
      <void property="max"> 
       <double>100895.16400828886</double> 
      </void> 
      <void property="mean"> 
       <double>98883.88145223194</double> 
      </void> 
      <void property="median"> 
       <double>99595.97181368104</double> 
      </void> 
      <void property="min"> 
       <double>92444.83274357552</double> 
      </void> 
      <void property="rawResults"> 
       <object class="java.util.ArrayList"> 
        <void method="add"> 
         <double>93922.81618984412</double> 
        </void> 
        <void method="add"> 
         <double>94344.7962207273</double> 
        </void> 
        <void method="add"> 
         <double>98706.30642764828</double> 
        </void> 
        <void method="add"> 
         <double>98907.44010455275</double> 
        </void> 
        <void method="add"> 
         <double>99007.54194371049</double> 
        </void> 
        <void method="add"> 
         <double>99045.63038170815</double> 
        </void> 
        <void method="add"> 
         <double>99112.63757597942</double> 
        </void> 
        <void method="add"> 
         <double>99556.88138008433</double> 
        </void> 
        <void method="add"> 
         <double>99557.98918866915</double> 
        </void> 
        <void method="add"> 
         <double>99595.97181368104</double> 
        </void> 
        <void method="add"> 
         <double>99674.79636264396</double> 
        </void> 
        <void method="add"> 
         <double>99964.34466305452</double> 
        </void> 
        <void method="add"> 
         <double>100134.5491805586</double> 
        </void> 
        <void method="add"> 
         <double>100227.37734063821</double> 
        </void> 
        <void method="add"> 
         <double>100249.96241241615</double> 
        </void> 
        <void method="add"> 
         <double>100295.91433327293</double> 
        </void> 
        <void method="add"> 
         <double>100316.34371980223</double> 
        </void> 
        <void method="add"> 
         <double>100487.76329788101</double> 
        </void> 
        <void method="add"> 
         <double>100514.29447025213</double> 
        </void> 
        <void method="add"> 
         <double>100895.16400828886</double> 
        </void> 
        <void method="add"> 
         <double>96075.00339942917</double> 
        </void> 
        <void method="add"> 
         <double>92444.83274357552</double> 
        </void> 
        <void method="add"> 
         <double>98472.57659127486</double> 
        </void> 
        <void method="add"> 
         <double>100163.17709859149</double> 
        </void> 
        <void method="add"> 
         <double>100422.92545751452</double> 
        </void> 
       </object> 
      </void> 
      <void property="stdev"> 
       <double>2196.6458894489697</double> 
      </void> 
     </object> 
    </void> 
    <void index="7"> 
     <object class="jmbench.tools.EvaluationMetrics"> 
      <void property="max"> 
       <double>26316.68237230675</double> 
      </void> 
      <void property="mean"> 
       <double>24611.82861780899</double> 
      </void> 
      <void property="median"> 
       <double>24563.05724131212</double> 
      </void> 
      <void property="min"> 
       <double>22158.256253407024</double> 
      </void> 
      <void property="rawResults"> 
       <object class="java.util.ArrayList"> 
        <void method="add"> 
         <double>22158.256253407024</double> 
        </void> 
        <void method="add"> 
         <double>22469.60978639279</double> 
        </void> 
        <void method="add"> 
         <double>22929.51860908162</double> 
        </void> 
        <void method="add"> 
         <double>23452.656152977826</double> 
        </void> 
        <void method="add"> 
         <double>23975.292063926765</double> 
        </void> 
        <void method="add"> 
         <double>23984.65588412636</double> 
        </void> 
        <void method="add"> 
         <double>24109.665092316398</double> 
        </void> 
        <void method="add"> 
         <double>24271.804868896998</double> 
        </void> 
        <void method="add"> 
         <double>24280.572020205425</double> 
        </void> 
        <void method="add"> 
         <double>24361.214730460437</double> 
        </void> 
        <void method="add"> 
         <double>24496.54313785552</double> 
        </void> 
        <void method="add"> 
         <double>24563.05724131212</double> 
        </void> 
        <void method="add"> 
         <double>24689.2013875776</double> 
        </void> 
        <void method="add"> 
         <double>24938.420448308054</double> 
        </void> 
        <void method="add"> 
         <double>25074.402675654328</double> 
        </void> 
        <void method="add"> 
         <double>25223.524011775866</double> 
        </void> 
        <void method="add"> 
         <double>25261.013848211773</double> 
        </void> 
        <void method="add"> 
         <double>25312.70788292254</double> 
        </void> 
        <void method="add"> 
         <double>25419.8573003827</double> 
        </void> 
        <void method="add"> 
         <double>25485.588917863548</double> 
        </void> 
        <void method="add"> 
         <double>26241.128988561562</double> 
        </void> 
        <void method="add"> 
         <double>26316.68237230675</double> 
        </void> 
        <void method="add"> 
         <double>26031.607383744908</double> 
        </void> 
        <void method="add"> 
         <double>25802.452779211842</double> 
        </void> 
        <void method="add"> 
         <double>24446.28160774406</double> 
        </void> 
       </object> 
      </void> 
      <void property="stdev"> 
       <double>1061.870574726253</double> 
      </void> 
     </object> 
    </void> 
    <void index="8"> 
     <object class="jmbench.tools.EvaluationMetrics"> 
      <void property="max"> 
       <double>5920.500828866895</double> 
      </void> 
      <void property="mean"> 
       <double>5769.485829861228</double> 
      </void> 
      <void property="median"> 
       <double>5858.139738638585</double> 
      </void> 
      <void property="min"> 
       <double>5185.8014514482065</double> 
      </void> 
      <void property="rawResults"> 
       <object class="java.util.ArrayList"> 
        <void method="add"> 
         <double>5185.8014514482065</double> 
        </void> 
        <void method="add"> 
         <double>5369.722837293727</double> 
        </void> 
        <void method="add"> 
         <double>5426.736047567283</double> 
        </void> 
        <void method="add"> 
         <double>5535.076141461578</double> 
        </void> 
        <void method="add"> 
         <double>5614.106526089207</double> 
        </void> 
        <void method="add"> 
         <double>5646.824249525561</double> 
        </void> 
        <void method="add"> 
         <double>5758.831618944142</double> 
        </void> 
        <void method="add"> 
         <double>5824.549634927088</double> 
        </void> 
        <void method="add"> 
         <double>5851.782992077637</double> 
        </void> 
        <void method="add"> 
         <double>5852.629978820598</double> 
        </void> 
        <void method="add"> 
         <double>5858.139738638585</double> 
        </void> 
        <void method="add"> 
         <double>5860.222864175533</double> 
        </void> 
        <void method="add"> 
         <double>5860.584294501658</double> 
        </void> 
        <void method="add"> 
         <double>5864.851610234496</double> 
        </void> 
        <void method="add"> 
         <double>5866.139052429771</double> 
        </void> 
        <void method="add"> 
         <double>5876.793731087711</double> 
        </void> 
        <void method="add"> 
         <double>5883.322815805863</double> 
        </void> 
        <void method="add"> 
         <double>5892.09050090039</double> 
        </void> 
        <void method="add"> 
         <double>5910.7093622766715</double> 
        </void> 
        <void method="add"> 
         <double>5920.500828866895</double> 
        </void> 
        <void method="add"> 
         <double>5857.503812021173</double> 
        </void> 
        <void method="add"> 
         <double>5888.17929025784</double> 
        </void> 
        <void method="add"> 
         <double>5877.034474008524</double> 
        </void> 
        <void method="add"> 
         <double>5853.961934727394</double> 
        </void> 
        <void method="add"> 
         <double>5901.049958443177</double> 
        </void> 
       </object> 
      </void> 
      <void property="stdev"> 
       <double>190.9841839129592</double> 
      </void> 
     </object> 
    </void> 
    <void index="9"> 
     <object class="jmbench.tools.EvaluationMetrics"> 
      <void property="max"> 
       <double>582.5718476425233</double> 
      </void> 
      <void property="mean"> 
       <double>537.7601334455942</double> 
      </void> 
      <void property="median"> 
       <double>555.8287181492007</double> 
      </void> 
      <void property="min"> 
       <double>450.5600459911973</double> 
      </void> 
      <void property="rawResults"> 
       <object class="java.util.ArrayList"> 
        <void method="add"> 
         <double>450.5600459911973</double> 
        </void> 
        <void method="add"> 
         <double>462.94662556186404</double> 
        </void> 
        <void method="add"> 
         <double>491.7189360946202</double> 
        </void> 
        <void method="add"> 
         <double>501.58475570084596</double> 
        </void> 
        <void method="add"> 
         <double>513.1089943326675</double> 
        </void> 
        <void method="add"> 
         <double>530.3709128369669</double> 
        </void> 
        <void method="add"> 
         <double>535.1354688676738</double> 
        </void> 
        <void method="add"> 
         <double>536.4064742600435</double> 
        </void> 
        <void method="add"> 
         <double>542.9255554065966</double> 
        </void> 
        <void method="add"> 
         <double>555.8287181492007</double> 
        </void> 
        <void method="add"> 
         <double>560.066474276401</double> 
        </void> 
        <void method="add"> 
         <double>560.2724379781395</double> 
        </void> 
        <void method="add"> 
         <double>563.5437588383581</double> 
        </void> 
        <void method="add"> 
         <double>569.4433761293743</double> 
        </void> 
        <void method="add"> 
         <double>569.6018511760623</double> 
        </void> 
        <void method="add"> 
         <double>570.4276589324131</double> 
        </void> 
        <void method="add"> 
         <double>574.0461258193383</double> 
        </void> 
        <void method="add"> 
         <double>575.5454746540527</double> 
        </void> 
        <void method="add"> 
         <double>576.484476769163</double> 
        </void> 
        <void method="add"> 
         <double>582.5718476425233</double> 
        </void> 
        <void method="add"> 
         <double>558.3576784730573</double> 
        </void> 
        <void method="add"> 
         <double>520.1476017263108</double> 
        </void> 
        <void method="add"> 
         <double>458.73591522893656</double> 
        </void> 
        <void method="add"> 
         <double>556.3914243106254</double> 
        </void> 
        <void method="add"> 
         <double>527.780746983419</double> 
        </void> 
       </object> 
      </void> 
      <void property="stdev"> 
       <double>37.992448760252394</double> 
      </void> 
     </object> 
    </void> 
    <void index="10"> 
     <object class="jmbench.tools.EvaluationMetrics"> 
      <void property="max"> 
       <double>113.92772254390232</double> 
      </void> 
      <void property="mean"> 
       <double>110.45363768536252</double> 
      </void> 
      <void property="median"> 
       <double>111.65054568515693</double> 
      </void> 
      <void property="min"> 
       <double>102.36367034986844</double> 
      </void> 
      <void property="rawResults"> 
       <object class="java.util.ArrayList"> 
        <void method="add"> 
         <double>105.93326188500578</double> 
        </void> 
        <void method="add"> 
         <double>107.73815831081708</double> 
        </void> 
        <void method="add"> 
         <double>108.0528273833237</double> 
        </void> 
        <void method="add"> 
         <double>108.22723675266221</double> 
        </void> 
        <void method="add"> 
         <double>108.32587773950716</double> 
        </void> 
        <void method="add"> 
         <double>109.50342897060332</double> 
        </void> 
        <void method="add"> 
         <double>110.94772290983188</double> 
        </void> 
        <void method="add"> 
         <double>111.14876120548672</double> 
        </void> 
        <void method="add"> 
         <double>111.65054568515693</double> 
        </void> 
        <void method="add"> 
         <double>111.70712108244179</double> 
        </void> 
        <void method="add"> 
         <double>112.18987784860339</double> 
        </void> 
        <void method="add"> 
         <double>112.19193417375763</double> 
        </void> 
        <void method="add"> 
         <double>112.26315022380943</double> 
        </void> 
        <void method="add"> 
         <double>112.64063063305296</double> 
        </void> 
        <void method="add"> 
         <double>112.86871857531409</double> 
        </void> 
        <void method="add"> 
         <double>113.21107470098401</double> 
        </void> 
        <void method="add"> 
         <double>113.61517231821209</double> 
        </void> 
        <void method="add"> 
         <double>113.71011783645756</double> 
        </void> 
        <void method="add"> 
         <double>113.88680686531806</double> 
        </void> 
        <void method="add"> 
         <double>113.92772254390232</double> 
        </void> 
        <void method="add"> 
         <double>107.87792613438603</double> 
        </void> 
        <void method="add"> 
         <double>102.36367034986844</double> 
        </void> 
        <void method="add"> 
         <double>104.18363346889903</double> 
        </void> 
        <void method="add"> 
         <double>111.42261651065463</double> 
        </void> 
        <void method="add"> 
         <double>111.752948026006</double> 
        </void> 
       </object> 
      </void> 
      <void property="stdev"> 
       <double>3.057431191069131</double> 
      </void> 
     </object> 
    </void> 
    <void index="11"> 
     <object class="jmbench.tools.EvaluationMetrics"> 
      <void property="max"> 
       <double>25.071859790391308</double> 
      </void> 
      <void property="mean"> 
       <double>24.217137996119813</double> 
      </void> 
      <void property="median"> 
       <double>24.25790344747576</double> 
      </void> 
      <void property="min"> 
       <double>23.376204516647725</double> 
      </void> 
      <void property="rawResults"> 
       <object class="java.util.ArrayList"> 
        <void method="add"> 
         <double>23.834644029670308</double> 
        </void> 
        <void method="add"> 
         <double>23.92808619671787</double> 
        </void> 
        <void method="add"> 
         <double>23.949176239676852</double> 
        </void> 
        <void method="add"> 
         <double>24.028428297831876</double> 
        </void> 
        <void method="add"> 
         <double>24.040094211390425</double> 
        </void> 
        <void method="add"> 
         <double>24.09946501503893</double> 
        </void> 
        <void method="add"> 
         <double>24.15972119830005</double> 
        </void> 
        <void method="add"> 
         <double>24.182292225807288</double> 
        </void> 
        <void method="add"> 
         <double>24.227772388930056</double> 
        </void> 
        <void method="add"> 
         <double>24.237291582051704</double> 
        </void> 
        <void method="add"> 
         <double>24.25790344747576</double> 
        </void> 
        <void method="add"> 
         <double>24.2676595360724</double> 
        </void> 
        <void method="add"> 
         <double>24.27264456957014</double> 
        </void> 
        <void method="add"> 
         <double>24.30151274623182</double> 
        </void> 
        <void method="add"> 
         <double>24.35489775243919</double> 
        </void> 
        <void method="add"> 
         <double>24.370418408285683</double> 
        </void> 
        <void method="add"> 
         <double>24.39395456279702</double> 
        </void> 
        <void method="add"> 
         <double>24.40018504164438</double> 
        </void> 
        <void method="add"> 
         <double>24.42446876069459</double> 
        </void> 
        <void method="add"> 
         <double>24.463955336528056</double> 
        </void> 
        <void method="add"> 
         <double>23.376204516647725</double> 
        </void> 
        <void method="add"> 
         <double>25.071859790391308</double> 
        </void> 
        <void method="add"> 
         <double>24.108231428193307</double> 
        </void> 
        <void method="add"> 
         <double>24.391604649185258</double> 
        </void> 
        <void method="add"> 
         <double>24.28597797142337</double> 
        </void> 
       </object> 
      </void> 
      <void property="stdev"> 
       <double>0.28967622066082166</double> 
      </void> 
     </object> 
    </void> 
   </array> 
  </void> 
  <void property="opName"> 
   <string>Scale b=alpha*a</string> 
  </void> 
 </object> 
</java> 
