<?xml version="1.0" encoding="UTF-8"?> 
<java version="1.6.0_16" class="java.beans.XMLDecoder"> 
 <object class="jmbench.tools.runtime.OperationResults"> 
  <void property="library"> 
   <object class="jmbench.impl.MatrixLibrary" method="valueOf"> 
    <string>CM</string> 
   </object> 
  </void> 
  <void property="matDimen"> 
   <array class="int" length="12"> 
    <void index="0"> 
     <int>2</int> 
    </void> 
    <void index="1"> 
     <int>3</int> 
    </void> 
    <void index="2"> 
     <int>4</int> 
    </void> 
    <void index="3"> 
     <int>5</int> 
    </void> 
    <void index="4"> 
     <int>10</int> 
    </void> 
    <void index="5"> 
     <int>20</int> 
    </void> 
    <void index="6"> 
     <int>50</int> 
    </void> 
    <void index="7"> 
     <int>100</int> 
    </void> 
    <void index="8"> 
     <int>200</int> 
    </void> 
    <void index="9"> 
     <int>500</int> 
    </void> 
    <void index="10"> 
     <int>1000</int> 
    </void> 
    <void index="11"> 
     <int>2000</int> 
    </void> 
   </array> 
  </void> 
  <void property="metrics"> 
   <array class="jmbench.tools.EvaluationMetrics" length="12"> 
    <void index="0"> 
     <object class="jmbench.tools.EvaluationMetrics"> 
      <void property="max"> 
       <double>379300.2003673066</double> 
      </void> 
      <void property="mean"> 
       <double>375798.3421716345</double> 
      </void> 
      <void property="median"> 
       <double>377612.3561350557</double> 
      </void> 
      <void property="min"> 
       <double>363438.1451830145</double> 
      </void> 
      <void property="rawResults"> 
       <object class="java.util.ArrayList"> 
        <void method="add"> 
         <double>363438.1451830145</double> 
        </void> 
        <void method="add"> 
         <double>368901.5791990073</double> 
        </void> 
        <void method="add"> 
         <double>368939.9174442234</double> 
        </void> 
        <void method="add"> 
         <double>369893.8549008731</double> 
        </void> 
        <void method="add"> 
         <double>370959.9877436473</double> 
        </void> 
        <void method="add"> 
         <double>371520.5003984045</double> 
        </void> 
        <void method="add"> 
         <double>376382.8234218886</double> 
        </void> 
        <void method="add"> 
         <double>377274.110127992</double> 
        </void> 
        <void method="add"> 
         <double>377497.07601665775</double> 
        </void> 
        <void method="add"> 
         <double>377568.41587033623</double> 
        </void> 
        <void method="add"> 
         <double>377670.2871895716</double> 
        </void> 
        <void method="add"> 
         <double>377818.06995683303</double> 
        </void> 
        <void method="add"> 
         <double>378121.60947550513</double> 
        </void> 
        <void method="add"> 
         <double>378327.3423085669</double> 
        </void> 
        <void method="add"> 
         <double>378534.3205486271</double> 
        </void> 
        <void method="add"> 
         <double>378567.641830526</double> 
        </void> 
        <void method="add"> 
         <double>378614.19304331363</double> 
        </void> 
        <void method="add"> 
         <double>378926.2196736048</double> 
        </void> 
        <void method="add"> 
         <double>379231.2489097818</double> 
        </void> 
        <void method="add"> 
         <double>379300.2003673066</double> 
        </void> 
        <void method="add"> 
         <double>377612.3561350557</double> 
        </void> 
        <void method="add"> 
         <double>376819.0967023716</double> 
        </void> 
        <void method="add"> 
         <double>377327.7627468151</double> 
        </void> 
        <void method="add"> 
         <double>377776.12963010184</double> 
        </void> 
        <void method="add"> 
         <double>377935.6654668377</double> 
        </void> 
       </object> 
      </void> 
      <void property="stdev"> 
       <double>4117.92292361535</double> 
      </void> 
     </object> 
    </void> 
    <void index="1"> 
     <object class="jmbench.tools.EvaluationMetrics"> 
      <void property="max"> 
       <double>224014.51149687558</double> 
      </void> 
      <void property="mean"> 
       <double>220515.7856370277</double> 
      </void> 
      <void property="median"> 
       <double>221613.21401562012</double> 
      </void> 
      <void property="min"> 
       <double>210699.0707438393</double> 
      </void> 
      <void property="rawResults"> 
       <object class="java.util.ArrayList"> 
        <void method="add"> 
         <double>211613.4836905138</double> 
        </void> 
        <void method="add"> 
         <double>213713.24830725667</double> 
        </void> 
        <void method="add"> 
         <double>219982.75786496646</double> 
        </void> 
        <void method="add"> 
         <double>220509.77803994704</double> 
        </void> 
        <void method="add"> 
         <double>220616.50554526798</double> 
        </void> 
        <void method="add"> 
         <double>220729.9850263795</double> 
        </void> 
        <void method="add"> 
         <double>220930.01968356586</double> 
        </void> 
        <void method="add"> 
         <double>220947.02985996756</double> 
        </void> 
        <void method="add"> 
         <double>221146.03308321652</double> 
        </void> 
        <void method="add"> 
         <double>221510.30970049612</double> 
        </void> 
        <void method="add"> 
         <double>221613.21401562012</double> 
        </void> 
        <void method="add"> 
         <double>221615.11115181123</double> 
        </void> 
        <void method="add"> 
         <double>221638.24421795036</double> 
        </void> 
        <void method="add"> 
         <double>221854.31727100606</double> 
        </void> 
        <void method="add"> 
         <double>222257.5987935212</double> 
        </void> 
        <void method="add"> 
         <double>222363.89052089653</double> 
        </void> 
        <void method="add"> 
         <double>222504.54858440885</double> 
        </void> 
        <void method="add"> 
         <double>223022.03826708163</double> 
        </void> 
        <void method="add"> 
         <double>223478.63484228103</double> 
        </void> 
        <void method="add"> 
         <double>223861.0853024123</double> 
        </void> 
        <void method="add"> 
         <double>223964.75017182043</double> 
        </void> 
        <void method="add"> 
         <double>214959.2974996491</double> 
        </void> 
        <void method="add"> 
         <double>210699.0707438393</double> 
        </void> 
        <void method="add"> 
         <double>224014.51149687558</double> 
        </void> 
        <void method="add"> 
         <double>223349.17724494106</double> 
        </void> 
       </object> 
      </void> 
      <void property="stdev"> 
       <double>3628.4231334799315</double> 
      </void> 
     </object> 
    </void> 
    <void index="2"> 
     <object class="jmbench.tools.EvaluationMetrics"> 
      <void property="max"> 
       <double>142761.16988391237</double> 
      </void> 
      <void property="mean"> 
       <double>140272.70380766582</double> 
      </void> 
      <void property="median"> 
       <double>140896.034297548</double> 
      </void> 
      <void property="min"> 
       <double>132638.94975402087</double> 
      </void> 
      <void property="rawResults"> 
       <object class="java.util.ArrayList"> 
        <void method="add"> 
         <double>132638.94975402087</double> 
        </void> 
        <void method="add"> 
         <double>135173.31172035987</double> 
        </void> 
        <void method="add"> 
         <double>135497.96229832235</double> 
        </void> 
        <void method="add"> 
         <double>135741.87215389722</double> 
        </void> 
        <void method="add"> 
         <double>139881.5475424527</double> 
        </void> 
        <void method="add"> 
         <double>140017.60313930074</double> 
        </void> 
        <void method="add"> 
         <double>140471.63536626304</double> 
        </void> 
        <void method="add"> 
         <double>140504.9093984963</double> 
        </void> 
        <void method="add"> 
         <double>140883.98611118406</double> 
        </void> 
        <void method="add"> 
         <double>141203.72154620616</double> 
        </void> 
        <void method="add"> 
         <double>141398.20430094723</double> 
        </void> 
        <void method="add"> 
         <double>141555.8828461853</double> 
        </void> 
        <void method="add"> 
         <double>141583.0541483914</double> 
        </void> 
        <void method="add"> 
         <double>141665.97988071476</double> 
        </void> 
        <void method="add"> 
         <double>141994.2322769784</double> 
        </void> 
        <void method="add"> 
         <double>142439.6431017606</double> 
        </void> 
        <void method="add"> 
         <double>142451.2410362751</double> 
        </void> 
        <void method="add"> 
         <double>142468.10225599306</double> 
        </void> 
        <void method="add"> 
         <double>142614.76712867877</double> 
        </void> 
        <void method="add"> 
         <double>142761.16988391237</double> 
        </void> 
        <void method="add"> 
         <double>140896.034297548</double> 
        </void> 
        <void method="add"> 
         <double>140907.07984662298</double> 
        </void> 
        <void method="add"> 
         <double>140688.3248965773</double> 
        </void> 
        <void method="add"> 
         <double>140532.41935960998</double> 
        </void> 
        <void method="add"> 
         <double>140845.9609009457</double> 
        </void> 
       </object> 
      </void> 
      <void property="stdev"> 
       <double>2576.7480363097693</double> 
      </void> 
     </object> 
    </void> 
    <void index="3"> 
     <object class="jmbench.tools.EvaluationMetrics"> 
      <void property="max"> 
       <double>95757.7771828777</double> 
      </void> 
      <void property="mean"> 
       <double>93199.93270913465</double> 
      </void> 
      <void property="median"> 
       <double>93776.51199185174</double> 
      </void> 
      <void property="min"> 
       <double>89424.02828792698</double> 
      </void> 
      <void property="rawResults"> 
       <object class="java.util.ArrayList"> 
        <void method="add"> 
         <double>89424.02828792698</double> 
        </void> 
        <void method="add"> 
         <double>89649.44409266708</double> 
        </void> 
        <void method="add"> 
         <double>90639.64575353023</double> 
        </void> 
        <void method="add"> 
         <double>92234.78180863913</double> 
        </void> 
        <void method="add"> 
         <double>92661.6590996728</double> 
        </void> 
        <void method="add"> 
         <double>93389.84963328716</double> 
        </void> 
        <void method="add"> 
         <double>93529.7231433131</double> 
        </void> 
        <void method="add"> 
         <double>93776.51199185174</double> 
        </void> 
        <void method="add"> 
         <double>93854.43691843351</double> 
        </void> 
        <void method="add"> 
         <double>93945.31513565594</double> 
        </void> 
        <void method="add"> 
         <double>94102.29162836519</double> 
        </void> 
        <void method="add"> 
         <double>94225.401835248</double> 
        </void> 
        <void method="add"> 
         <double>94284.51524157771</double> 
        </void> 
        <void method="add"> 
         <double>94358.3482867615</double> 
        </void> 
        <void method="add"> 
         <double>94411.65886197634</double> 
        </void> 
        <void method="add"> 
         <double>94737.77683500589</double> 
        </void> 
        <void method="add"> 
         <double>94757.45902158653</double> 
        </void> 
        <void method="add"> 
         <double>95123.81197140018</double> 
        </void> 
        <void method="add"> 
         <double>95682.13008912222</double> 
        </void> 
        <void method="add"> 
         <double>95757.7771828777</double> 
        </void> 
        <void method="add"> 
         <double>92183.66291713262</double> 
        </void> 
        <void method="add"> 
         <double>92207.68535485043</double> 
        </void> 
        <void method="add"> 
         <double>92099.1822067459</double> 
        </void> 
        <void method="add"> 
         <double>91508.07468111426</double> 
        </void> 
        <void method="add"> 
         <double>91453.14574962443</double> 
        </void> 
       </object> 
      </void> 
      <void property="stdev"> 
       <double>1700.494661621078</double> 
      </void> 
     </object> 
    </void> 
    <void index="4"> 
     <object class="jmbench.tools.EvaluationMetrics"> 
      <void property="max"> 
       <double>30976.12914685529</double> 
      </void> 
      <void property="mean"> 
       <double>30756.753718806667</double> 
      </void> 
      <void property="median"> 
       <double>30810.792208195176</double> 
      </void> 
      <void property="min"> 
       <double>30229.050236552997</double> 
      </void> 
      <void property="rawResults"> 
       <object class="java.util.ArrayList"> 
        <void method="add"> 
         <double>30229.050236552997</double> 
        </void> 
        <void method="add"> 
         <double>30504.00912334778</double> 
        </void> 
        <void method="add"> 
         <double>30511.595404746407</double> 
        </void> 
        <void method="add"> 
         <double>30524.640585179226</double> 
        </void> 
        <void method="add"> 
         <double>30567.2349546823</double> 
        </void> 
        <void method="add"> 
         <double>30575.957574456297</double> 
        </void> 
        <void method="add"> 
         <double>30583.894593812933</double> 
        </void> 
        <void method="add"> 
         <double>30691.235390843998</double> 
        </void> 
        <void method="add"> 
         <double>30752.429338462203</double> 
        </void> 
        <void method="add"> 
         <double>30784.000708645108</double> 
        </void> 
        <void method="add"> 
         <double>30790.648060039155</double> 
        </void> 
        <void method="add"> 
         <double>30795.258812763837</double> 
        </void> 
        <void method="add"> 
         <double>30810.792208195176</double> 
        </void> 
        <void method="add"> 
         <double>30846.000881843847</double> 
        </void> 
        <void method="add"> 
         <double>30872.796568760103</double> 
        </void> 
        <void method="add"> 
         <double>30887.151662750683</double> 
        </void> 
        <void method="add"> 
         <double>30926.626442479068</double> 
        </void> 
        <void method="add"> 
         <double>30937.22762574865</double> 
        </void> 
        <void method="add"> 
         <double>30939.853789269022</double> 
        </void> 
        <void method="add"> 
         <double>30976.12914685529</double> 
        </void> 
        <void method="add"> 
         <double>30846.69962220531</double> 
        </void> 
        <void method="add"> 
         <double>30890.438371264365</double> 
        </void> 
        <void method="add"> 
         <double>30882.33326462332</double> 
        </void> 
        <void method="add"> 
         <double>30896.270064028842</double> 
        </void> 
        <void method="add"> 
         <double>30896.56853861076</double> 
        </void> 
       </object> 
      </void> 
      <void property="stdev"> 
       <double>181.95369107495503</double> 
      </void> 
     </object> 
    </void> 
    <void index="5"> 
     <object class="jmbench.tools.EvaluationMetrics"> 
      <void property="max"> 
       <double>6308.21323062427</double> 
      </void> 
      <void property="mean"> 
       <double>6210.97902178036</double> 
      </void> 
      <void property="median"> 
       <double>6239.561162201505</double> 
      </void> 
      <void property="min"> 
       <double>6038.127906589502</double> 
      </void> 
      <void property="rawResults"> 
       <object class="java.util.ArrayList"> 
        <void method="add"> 
         <double>6141.5139765791255</double> 
        </void> 
        <void method="add"> 
         <double>6157.407270813688</double> 
        </void> 
        <void method="add"> 
         <double>6169.868520525078</double> 
        </void> 
        <void method="add"> 
         <double>6183.973295752459</double> 
        </void> 
        <void method="add"> 
         <double>6195.649228284072</double> 
        </void> 
        <void method="add"> 
         <double>6219.467390402994</double> 
        </void> 
        <void method="add"> 
         <double>6224.797526658165</double> 
        </void> 
        <void method="add"> 
         <double>6239.561162201505</double> 
        </void> 
        <void method="add"> 
         <double>6242.548040296144</double> 
        </void> 
        <void method="add"> 
         <double>6243.162006516825</double> 
        </void> 
        <void method="add"> 
         <double>6243.263294698973</double> 
        </void> 
        <void method="add"> 
         <double>6272.162185817457</double> 
        </void> 
        <void method="add"> 
         <double>6287.571050572546</double> 
        </void> 
        <void method="add"> 
         <double>6297.713981888562</double> 
        </void> 
        <void method="add"> 
         <double>6300.7458072124</double> 
        </void> 
        <void method="add"> 
         <double>6302.289232077108</double> 
        </void> 
        <void method="add"> 
         <double>6306.069329610001</double> 
        </void> 
        <void method="add"> 
         <double>6307.5696075492215</double> 
        </void> 
        <void method="add"> 
         <double>6307.754825358947</double> 
        </void> 
        <void method="add"> 
         <double>6308.21323062427</double> 
        </void> 
        <void method="add"> 
         <double>6108.154241450659</double> 
        </void> 
        <void method="add"> 
         <double>6053.155247852128</double> 
        </void> 
        <void method="add"> 
         <double>6062.210887496143</double> 
        </void> 
        <void method="add"> 
         <double>6061.526297681043</double> 
        </void> 
        <void method="add"> 
         <double>6038.127906589502</double> 
        </void> 
       </object> 
      </void> 
      <void property="stdev"> 
       <double>88.32924614697784</double> 
      </void> 
     </object> 
    </void> 
    <void index="6"> 
     <object class="jmbench.tools.EvaluationMetrics"> 
      <void property="max"> 
       <double>450.63891577126697</double> 
      </void> 
      <void property="mean"> 
       <double>438.7795440262169</double> 
      </void> 
      <void property="median"> 
       <double>436.696434302801</double> 
      </void> 
      <void property="min"> 
       <double>432.7693151976587</double> 
      </void> 
      <void property="rawResults"> 
       <object class="java.util.ArrayList"> 
        <void method="add"> 
         <double>432.7693151976587</double> 
        </void> 
        <void method="add"> 
         <double>434.04565142133555</double> 
        </void> 
        <void method="add"> 
         <double>434.1031566460691</double> 
        </void> 
        <void method="add"> 
         <double>434.58312781371586</double> 
        </void> 
        <void method="add"> 
         <double>435.02774448534785</double> 
        </void> 
        <void method="add"> 
         <double>435.22462481252103</double> 
        </void> 
        <void method="add"> 
         <double>435.689906713155</double> 
        </void> 
        <void method="add"> 
         <double>435.97770947877876</double> 
        </void> 
        <void method="add"> 
         <double>436.70625066497536</double> 
        </void> 
        <void method="add"> 
         <double>437.21567353664466</double> 
        </void> 
        <void method="add"> 
         <double>437.49121850040797</double> 
        </void> 
        <void method="add"> 
         <double>438.75746892278005</double> 
        </void> 
        <void method="add"> 
         <double>439.4033286082651</double> 
        </void> 
        <void method="add"> 
         <double>439.5037042601739</double> 
        </void> 
        <void method="add"> 
         <double>439.65403628551223</double> 
        </void> 
        <void method="add"> 
         <double>447.54930949108865</double> 
        </void> 
        <void method="add"> 
         <double>448.78982873639444</double> 
        </void> 
        <void method="add"> 
         <double>449.3218248099589</double> 
        </void> 
        <void method="add"> 
         <double>449.62096605672843</double> 
        </void> 
        <void method="add"> 
         <double>450.63891577126697</double> 
        </void> 
        <void method="add"> 
         <double>434.02859760364004</double> 
        </void> 
        <void method="add"> 
         <double>434.9988061068838</double> 
        </void> 
        <void method="add"> 
         <double>435.8134696656005</double> 
        </void> 
        <void method="add"> 
         <double>435.8775307637187</double> 
        </void> 
        <void method="add"> 
         <double>436.696434302801</double> 
        </void> 
       </object> 
      </void> 
      <void property="stdev"> 
       <double>5.5029553422448565</double> 
      </void> 
     </object> 
    </void> 
    <void index="7"> 
     <object class="jmbench.tools.EvaluationMetrics"> 
      <void property="max"> 
       <double>56.81597833807006</double> 
      </void> 
      <void property="mean"> 
       <double>55.828133894173085</double> 
      </void> 
      <void property="median"> 
       <double>55.6783724524502</double> 
      </void> 
      <void property="min"> 
       <double>55.26852572967604</double> 
      </void> 
      <void property="rawResults"> 
       <object class="java.util.ArrayList"> 
        <void method="add"> 
         <double>55.26852572967604</double> 
        </void> 
        <void method="add"> 
         <double>55.4073194471757</double> 
        </void> 
        <void method="add"> 
         <double>55.45417580144347</double> 
        </void> 
        <void method="add"> 
         <double>55.461386760958085</double> 
        </void> 
        <void method="add"> 
         <double>55.465349375734206</double> 
        </void> 
        <void method="add"> 
         <double>55.57529086640484</double> 
        </void> 
        <void method="add"> 
         <double>55.60583680977085</double> 
        </void> 
        <void method="add"> 
         <double>55.6783724524502</double> 
        </void> 
        <void method="add"> 
         <double>55.721639171074784</double> 
        </void> 
        <void method="add"> 
         <double>55.79500803119618</double> 
        </void> 
        <void method="add"> 
         <double>55.79580699187949</double> 
        </void> 
        <void method="add"> 
         <double>55.86039238532132</double> 
        </void> 
        <void method="add"> 
         <double>55.89727484273689</double> 
        </void> 
        <void method="add"> 
         <double>56.00198952667993</double> 
        </void> 
        <void method="add"> 
         <double>56.014484001215095</double> 
        </void> 
        <void method="add"> 
         <double>56.48431914075542</double> 
        </void> 
        <void method="add"> 
         <double>56.68155065405975</double> 
        </void> 
        <void method="add"> 
         <double>56.725191199729075</double> 
        </void> 
        <void method="add"> 
         <double>56.811176710903034</double> 
        </void> 
        <void method="add"> 
         <double>56.81597833807006</double> 
        </void> 
        <void method="add"> 
         <double>55.334262118923</double> 
        </void> 
        <void method="add"> 
         <double>55.463324364641444</double> 
        </void> 
        <void method="add"> 
         <double>55.58145940010296</double> 
        </void> 
        <void method="add"> 
         <double>55.38428437282481</double> 
        </void> 
        <void method="add"> 
         <double>55.41894886060026</double> 
        </void> 
       </object> 
      </void> 
      <void property="stdev"> 
       <double>0.4826732599455954</double> 
      </void> 
     </object> 
    </void> 
    <void index="8"> 
     <object class="jmbench.tools.EvaluationMetrics"> 
      <void property="max"> 
       <double>7.126482293618703</double> 
      </void> 
      <void property="mean"> 
       <double>7.039867868143268</double> 
      </void> 
      <void property="median"> 
       <double>7.035794418615581</double> 
      </void> 
      <void property="min"> 
       <double>6.938947321886944</double> 
      </void> 
      <void property="rawResults"> 
       <object class="java.util.ArrayList"> 
        <void method="add"> 
         <double>6.997796671195454</double> 
        </void> 
        <void method="add"> 
         <double>6.999535742110994</double> 
        </void> 
        <void method="add"> 
         <double>7.00600154250308</double> 
        </void> 
        <void method="add"> 
         <double>7.010133426361287</double> 
        </void> 
        <void method="add"> 
         <double>7.028148250311394</double> 
        </void> 
        <void method="add"> 
         <double>7.0311847595442245</double> 
        </void> 
        <void method="add"> 
         <double>7.034432814702143</double> 
        </void> 
        <void method="add"> 
         <double>7.035794418615581</double> 
        </void> 
        <void method="add"> 
         <double>7.037880895188519</double> 
        </void> 
        <void method="add"> 
         <double>7.041203323998122</double> 
        </void> 
        <void method="add"> 
         <double>7.044333798132887</double> 
        </void> 
        <void method="add"> 
         <double>7.057009712623094</double> 
        </void> 
        <void method="add"> 
         <double>7.058424831076806</double> 
        </void> 
        <void method="add"> 
         <double>7.071075814216197</double> 
        </void> 
        <void method="add"> 
         <double>7.072114246749912</double> 
        </void> 
        <void method="add"> 
         <double>7.073633766433526</double> 
        </void> 
        <void method="add"> 
         <double>7.08056667592882</double> 
        </void> 
        <void method="add"> 
         <double>7.0972044741614475</double> 
        </void> 
        <void method="add"> 
         <double>7.116731377045539</double> 
        </void> 
        <void method="add"> 
         <double>7.126482293618703</double> 
        </void> 
        <void method="add"> 
         <double>7.025283604618903</double> 
        </void> 
        <void method="add"> 
         <double>6.938947321886944</double> 
        </void> 
        <void method="add"> 
         <double>6.985950210890667</double> 
        </void> 
        <void method="add"> 
         <double>7.002347779841249</double> 
        </void> 
        <void method="add"> 
         <double>7.024478951826204</double> 
        </void> 
       </object> 
      </void> 
      <void property="stdev"> 
       <double>0.041380030979489814</double> 
      </void> 
     </object> 
    </void> 
    <void index="9"> 
     <object class="jmbench.tools.EvaluationMetrics"> 
      <void property="max"> 
       <double>0.4166831454433611</double> 
      </void> 
      <void property="mean"> 
       <double>0.40103896336419537</double> 
      </void> 
      <void property="median"> 
       <double>0.4099327008237919</double> 
      </void> 
      <void property="min"> 
       <double>0.3536290159844279</double> 
      </void> 
      <void property="rawResults"> 
       <object class="java.util.ArrayList"> 
        <void method="add"> 
         <double>0.3536290159844279</double> 
        </void> 
        <void method="add"> 
         <double>0.36304008350067135</double> 
        </void> 
        <void method="add"> 
         <double>0.36390297629180957</double> 
        </void> 
        <void method="add"> 
         <double>0.3674507596029556</double> 
        </void> 
        <void method="add"> 
         <double>0.3998941151564218</double> 
        </void> 
        <void method="add"> 
         <double>0.4029187406171834</double> 
        </void> 
        <void method="add"> 
         <double>0.4032797060039162</double> 
        </void> 
        <void method="add"> 
         <double>0.40422959778311196</double> 
        </void> 
        <void method="add"> 
         <double>0.4089252482683324</double> 
        </void> 
        <void method="add"> 
         <double>0.4092826236296411</double> 
        </void> 
        <void method="add"> 
         <double>0.4099327008237919</double> 
        </void> 
        <void method="add"> 
         <double>0.41113738152211676</double> 
        </void> 
        <void method="add"> 
         <double>0.41198110471322197</double> 
        </void> 
        <void method="add"> 
         <double>0.4130473670793824</double> 
        </void> 
        <void method="add"> 
         <double>0.4144656236585367</double> 
        </void> 
        <void method="add"> 
         <double>0.41448019504267486</double> 
        </void> 
        <void method="add"> 
         <double>0.4153479373980819</double> 
        </void> 
        <void method="add"> 
         <double>0.415705370946753</double> 
        </void> 
        <void method="add"> 
         <double>0.41610967621110256</double> 
        </void> 
        <void method="add"> 
         <double>0.4166831454433611</double> 
        </void> 
        <void method="add"> 
         <double>0.3659158501299601</double> 
        </void> 
        <void method="add"> 
         <double>0.40522825617687885</double> 
        </void> 
        <void method="add"> 
         <double>0.41371218180202535</double> 
        </void> 
        <void method="add"> 
         <double>0.4156330640419211</double> 
        </void> 
        <void method="add"> 
         <double>0.41004136227660454</double> 
        </void> 
       </object> 
      </void> 
      <void property="stdev"> 
       <double>0.019751006241434183</double> 
      </void> 
     </object> 
    </void> 
    <void index="10"> 
     <object class="jmbench.tools.EvaluationMetrics"> 
      <void property="max"> 
       <double>0.032739690421826825</double> 
      </void> 
      <void property="mean"> 
       <double>0.032739690421826825</double> 
      </void> 
      <void property="median"> 
       <double>0.032739690421826825</double> 
      </void> 
      <void property="min"> 
       <double>0.032739690421826825</double> 
      </void> 
      <void property="rawResults"> 
       <object class="java.util.ArrayList"> 
        <void method="add"> 
         <double>0.032739690421826825</double> 
        </void> 
       </object> 
      </void> 
     </object> 
    </void> 
   </array> 
  </void> 
  <void property="opName"> 
   <string>Solve m&gt;n</string> 
  </void> 
 </object> 
</java> 
