<?xml version="1.0" encoding="UTF-8"?> 
<java version="1.6.0_16" class="java.beans.XMLDecoder"> 
 <object class="jmbench.tools.runtime.OperationResults"> 
  <void property="library"> 
   <object class="jmbench.impl.MatrixLibrary" method="valueOf"> 
    <string>CM</string> 
   </object> 
  </void> 
  <void property="matDimen"> 
   <array class="int" length="12"> 
    <void index="0"> 
     <int>2</int> 
    </void> 
    <void index="1"> 
     <int>3</int> 
    </void> 
    <void index="2"> 
     <int>4</int> 
    </void> 
    <void index="3"> 
     <int>5</int> 
    </void> 
    <void index="4"> 
     <int>10</int> 
    </void> 
    <void index="5"> 
     <int>20</int> 
    </void> 
    <void index="6"> 
     <int>50</int> 
    </void> 
    <void index="7"> 
     <int>100</int> 
    </void> 
    <void index="8"> 
     <int>200</int> 
    </void> 
    <void index="9"> 
     <int>500</int> 
    </void> 
    <void index="10"> 
     <int>1000</int> 
    </void> 
    <void index="11"> 
     <int>2000</int> 
    </void> 
   </array> 
  </void> 
  <void property="metrics"> 
   <array class="jmbench.tools.EvaluationMetrics" length="12"> 
    <void index="0"> 
     <object class="jmbench.tools.EvaluationMetrics"> 
      <void property="max"> 
       <double>1472651.3834689292</double> 
      </void> 
      <void property="mean"> 
       <double>1433331.9594762018</double> 
      </void> 
      <void property="median"> 
       <double>1432500.4340163472</double> 
      </void> 
      <void property="min"> 
       <double>1361275.3247883518</double> 
      </void> 
      <void property="rawResults"> 
       <object class="java.util.ArrayList"> 
        <void method="add"> 
         <double>1361275.3247883518</double> 
        </void> 
        <void method="add"> 
         <double>1411838.1647420728</double> 
        </void> 
        <void method="add"> 
         <double>1415057.8342395476</double> 
        </void> 
        <void method="add"> 
         <double>1423346.582970981</double> 
        </void> 
        <void method="add"> 
         <double>1423857.559285672</double> 
        </void> 
        <void method="add"> 
         <double>1426271.479961725</double> 
        </void> 
        <void method="add"> 
         <double>1427933.2537994306</double> 
        </void> 
        <void method="add"> 
         <double>1428504.258847302</double> 
        </void> 
        <void method="add"> 
         <double>1429320.8289511714</double> 
        </void> 
        <void method="add"> 
         <double>1431111.9033232846</double> 
        </void> 
        <void method="add"> 
         <double>1431791.0518466115</double> 
        </void> 
        <void method="add"> 
         <double>1432500.4340163472</double> 
        </void> 
        <void method="add"> 
         <double>1433074.5202301776</double> 
        </void> 
        <void method="add"> 
         <double>1435577.7889090534</double> 
        </void> 
        <void method="add"> 
         <double>1440867.233589914</double> 
        </void> 
        <void method="add"> 
         <double>1451267.4078243158</double> 
        </void> 
        <void method="add"> 
         <double>1459560.2345546836</double> 
        </void> 
        <void method="add"> 
         <double>1462290.288434543</double> 
        </void> 
        <void method="add"> 
         <double>1466138.4397799114</double> 
        </void> 
        <void method="add"> 
         <double>1472651.3834689292</double> 
        </void> 
        <void method="add"> 
         <double>1437589.8873754055</double> 
        </void> 
        <void method="add"> 
         <double>1429257.6267031308</double> 
        </void> 
        <void method="add"> 
         <double>1432599.9912109615</double> 
        </void> 
        <void method="add"> 
         <double>1432538.6691994686</double> 
        </void> 
        <void method="add"> 
         <double>1437076.8388520442</double> 
        </void> 
       </object> 
      </void> 
      <void property="stdev"> 
       <double>20867.413565979245</double> 
      </void> 
     </object> 
    </void> 
    <void index="1"> 
     <object class="jmbench.tools.EvaluationMetrics"> 
      <void property="max"> 
       <double>891233.6638301009</double> 
      </void> 
      <void property="mean"> 
       <double>877947.8306695332</double> 
      </void> 
      <void property="median"> 
       <double>877610.69076459</double> 
      </void> 
      <void property="min"> 
       <double>866203.5452946267</double> 
      </void> 
      <void property="rawResults"> 
       <object class="java.util.ArrayList"> 
        <void method="add"> 
         <double>866203.5452946267</double> 
        </void> 
        <void method="add"> 
         <double>867639.5305859469</double> 
        </void> 
        <void method="add"> 
         <double>871882.0862389428</double> 
        </void> 
        <void method="add"> 
         <double>872965.8346662549</double> 
        </void> 
        <void method="add"> 
         <double>876385.270223377</double> 
        </void> 
        <void method="add"> 
         <double>876742.8456712752</double> 
        </void> 
        <void method="add"> 
         <double>876953.3170182477</double> 
        </void> 
        <void method="add"> 
         <double>877610.69076459</double> 
        </void> 
        <void method="add"> 
         <double>877843.2479189025</double> 
        </void> 
        <void method="add"> 
         <double>878119.9910810783</double> 
        </void> 
        <void method="add"> 
         <double>878332.3292414062</double> 
        </void> 
        <void method="add"> 
         <double>879106.9203020136</double> 
        </void> 
        <void method="add"> 
         <double>879604.5733348011</double> 
        </void> 
        <void method="add"> 
         <double>880020.3608418817</double> 
        </void> 
        <void method="add"> 
         <double>880444.7437150631</double> 
        </void> 
        <void method="add"> 
         <double>883183.1710669614</double> 
        </void> 
        <void method="add"> 
         <double>886554.9262367479</double> 
        </void> 
        <void method="add"> 
         <double>888200.0249314688</double> 
        </void> 
        <void method="add"> 
         <double>888874.0299077496</double> 
        </void> 
        <void method="add"> 
         <double>891233.6638301009</double> 
        </void> 
        <void method="add"> 
         <double>873880.7210538016</double> 
        </void> 
        <void method="add"> 
         <double>874786.6292730569</double> 
        </void> 
        <void method="add"> 
         <double>874098.6944690705</double> 
        </void> 
        <void method="add"> 
         <double>875018.415683404</double> 
        </void> 
        <void method="add"> 
         <double>873010.2033875661</double> 
        </void> 
       </object> 
      </void> 
      <void property="stdev"> 
       <double>6008.032668468097</double> 
      </void> 
     </object> 
    </void> 
    <void index="2"> 
     <object class="jmbench.tools.EvaluationMetrics"> 
      <void property="max"> 
       <double>597815.8672305831</double> 
      </void> 
      <void property="mean"> 
       <double>570583.0245709575</double> 
      </void> 
      <void property="median"> 
       <double>565219.0306688364</double> 
      </void> 
      <void property="min"> 
       <double>551468.5236563808</double> 
      </void> 
      <void property="rawResults"> 
       <object class="java.util.ArrayList"> 
        <void method="add"> 
         <double>551468.5236563808</double> 
        </void> 
        <void method="add"> 
         <double>554530.0421223311</double> 
        </void> 
        <void method="add"> 
         <double>555117.5972548526</double> 
        </void> 
        <void method="add"> 
         <double>558822.9754051547</double> 
        </void> 
        <void method="add"> 
         <double>559007.5506452771</double> 
        </void> 
        <void method="add"> 
         <double>562096.3860034103</double> 
        </void> 
        <void method="add"> 
         <double>562773.9723096692</double> 
        </void> 
        <void method="add"> 
         <double>565219.0306688364</double> 
        </void> 
        <void method="add"> 
         <double>567780.1116492097</double> 
        </void> 
        <void method="add"> 
         <double>568178.9603137353</double> 
        </void> 
        <void method="add"> 
         <double>571389.0918536596</double> 
        </void> 
        <void method="add"> 
         <double>573719.2561029955</double> 
        </void> 
        <void method="add"> 
         <double>584828.8357282627</double> 
        </void> 
        <void method="add"> 
         <double>587542.0907623449</double> 
        </void> 
        <void method="add"> 
         <double>587753.3138506265</double> 
        </void> 
        <void method="add"> 
         <double>589421.8759377424</double> 
        </void> 
        <void method="add"> 
         <double>590721.8621506057</double> 
        </void> 
        <void method="add"> 
         <double>594567.8983630124</double> 
        </void> 
        <void method="add"> 
         <double>595367.2549481939</double> 
        </void> 
        <void method="add"> 
         <double>597815.8672305831</double> 
        </void> 
        <void method="add"> 
         <double>556042.2932274466</double> 
        </void> 
        <void method="add"> 
         <double>561387.8406569351</double> 
        </void> 
        <void method="add"> 
         <double>555144.045658799</double> 
        </void> 
        <void method="add"> 
         <double>555753.2297246461</double> 
        </void> 
        <void method="add"> 
         <double>558125.7080492245</double> 
        </void> 
       </object> 
      </void> 
      <void property="stdev"> 
       <double>15108.793919277052</double> 
      </void> 
     </object> 
    </void> 
    <void index="3"> 
     <object class="jmbench.tools.EvaluationMetrics"> 
      <void property="max"> 
       <double>408989.7680345471</double> 
      </void> 
      <void property="mean"> 
       <double>402198.3759023002</double> 
      </void> 
      <void property="median"> 
       <double>402987.99769854324</double> 
      </void> 
      <void property="min"> 
       <double>391072.20847238996</double> 
      </void> 
      <void property="rawResults"> 
       <object class="java.util.ArrayList"> 
        <void method="add"> 
         <double>391072.20847238996</double> 
        </void> 
        <void method="add"> 
         <double>392329.0877697807</double> 
        </void> 
        <void method="add"> 
         <double>392727.38901728095</double> 
        </void> 
        <void method="add"> 
         <double>397909.61832074815</double> 
        </void> 
        <void method="add"> 
         <double>398952.8283109412</double> 
        </void> 
        <void method="add"> 
         <double>399208.06726152333</double> 
        </void> 
        <void method="add"> 
         <double>399803.91335336416</double> 
        </void> 
        <void method="add"> 
         <double>400914.2559843855</double> 
        </void> 
        <void method="add"> 
         <double>401076.2220109106</double> 
        </void> 
        <void method="add"> 
         <double>401806.69562041736</double> 
        </void> 
        <void method="add"> 
         <double>402364.9939079585</double> 
        </void> 
        <void method="add"> 
         <double>402451.5769499576</double> 
        </void> 
        <void method="add"> 
         <double>402987.99769854324</double> 
        </void> 
        <void method="add"> 
         <double>404139.19121485524</double> 
        </void> 
        <void method="add"> 
         <double>404198.4747838689</double> 
        </void> 
        <void method="add"> 
         <double>404535.2031157231</double> 
        </void> 
        <void method="add"> 
         <double>404551.68327410804</double> 
        </void> 
        <void method="add"> 
         <double>405048.55042923853</double> 
        </void> 
        <void method="add"> 
         <double>405287.1723803068</double> 
        </void> 
        <void method="add"> 
         <double>408346.60176522797</double> 
        </void> 
        <void method="add"> 
         <double>407696.80239087646</double> 
        </void> 
        <void method="add"> 
         <double>405152.63684885926</double> 
        </void> 
        <void method="add"> 
         <double>408012.6229872433</double> 
        </void> 
        <void method="add"> 
         <double>408989.7680345471</double> 
        </void> 
        <void method="add"> 
         <double>405395.8356544492</double> 
        </void> 
       </object> 
      </void> 
      <void property="stdev"> 
       <double>4739.691275672518</double> 
      </void> 
     </object> 
    </void> 
    <void index="4"> 
     <object class="jmbench.tools.EvaluationMetrics"> 
      <void property="max"> 
       <double>111220.8499582076</double> 
      </void> 
      <void property="mean"> 
       <double>109174.90915636378</double> 
      </void> 
      <void property="median"> 
       <double>109781.27073478521</double> 
      </void> 
      <void property="min"> 
       <double>104394.16755353106</double> 
      </void> 
      <void property="rawResults"> 
       <object class="java.util.ArrayList"> 
        <void method="add"> 
         <double>104394.16755353106</double> 
        </void> 
        <void method="add"> 
         <double>105613.21954865106</double> 
        </void> 
        <void method="add"> 
         <double>105664.98765186548</double> 
        </void> 
        <void method="add"> 
         <double>106238.45537763285</double> 
        </void> 
        <void method="add"> 
         <double>106930.74769745531</double> 
        </void> 
        <void method="add"> 
         <double>108467.91841453926</double> 
        </void> 
        <void method="add"> 
         <double>109055.94418696687</double> 
        </void> 
        <void method="add"> 
         <double>109208.57074382908</double> 
        </void> 
        <void method="add"> 
         <double>109355.01489769667</double> 
        </void> 
        <void method="add"> 
         <double>109368.67625962054</double> 
        </void> 
        <void method="add"> 
         <double>109499.96980292564</double> 
        </void> 
        <void method="add"> 
         <double>109699.13858640513</double> 
        </void> 
        <void method="add"> 
         <double>109781.27073478521</double> 
        </void> 
        <void method="add"> 
         <double>110009.28504391685</double> 
        </void> 
        <void method="add"> 
         <double>110072.69250525476</double> 
        </void> 
        <void method="add"> 
         <double>110261.06829804383</double> 
        </void> 
        <void method="add"> 
         <double>110261.8870857182</double> 
        </void> 
        <void method="add"> 
         <double>110283.07085417293</double> 
        </void> 
        <void method="add"> 
         <double>110449.58604044013</double> 
        </void> 
        <void method="add"> 
         <double>110488.92029986445</double> 
        </void> 
        <void method="add"> 
         <double>110926.33826853841</double> 
        </void> 
        <void method="add"> 
         <double>111115.2399329343</double> 
        </void> 
        <void method="add"> 
         <double>110260.59219355007</double> 
        </void> 
        <void method="add"> 
         <double>110745.11697254864</double> 
        </void> 
        <void method="add"> 
         <double>111220.8499582076</double> 
        </void> 
       </object> 
      </void> 
      <void property="stdev"> 
       <double>1854.2749019360915</double> 
      </void> 
     </object> 
    </void> 
    <void index="5"> 
     <object class="jmbench.tools.EvaluationMetrics"> 
      <void property="max"> 
       <double>22425.95957617462</double> 
      </void> 
      <void property="mean"> 
       <double>22014.71758820677</double> 
      </void> 
      <void property="median"> 
       <double>21933.09334336059</double> 
      </void> 
      <void property="min"> 
       <double>21791.705375096913</double> 
      </void> 
      <void property="rawResults"> 
       <object class="java.util.ArrayList"> 
        <void method="add"> 
         <double>21892.955223802765</double> 
        </void> 
        <void method="add"> 
         <double>21905.69402009978</double> 
        </void> 
        <void method="add"> 
         <double>21911.190702957272</double> 
        </void> 
        <void method="add"> 
         <double>21912.30769050548</double> 
        </void> 
        <void method="add"> 
         <double>21915.860823809933</double> 
        </void> 
        <void method="add"> 
         <double>21923.445480140657</double> 
        </void> 
        <void method="add"> 
         <double>21927.811841743067</double> 
        </void> 
        <void method="add"> 
         <double>21931.61042646327</double> 
        </void> 
        <void method="add"> 
         <double>21933.09334336059</double> 
        </void> 
        <void method="add"> 
         <double>21935.175291536354</double> 
        </void> 
        <void method="add"> 
         <double>21938.66515128721</double> 
        </void> 
        <void method="add"> 
         <double>21956.88207023233</double> 
        </void> 
        <void method="add"> 
         <double>21970.452805967474</double> 
        </void> 
        <void method="add"> 
         <double>22005.69855222078</double> 
        </void> 
        <void method="add"> 
         <double>22015.053122693163</double> 
        </void> 
        <void method="add"> 
         <double>22326.489436263473</double> 
        </void> 
        <void method="add"> 
         <double>22331.777553385095</double> 
        </void> 
        <void method="add"> 
         <double>22368.247160999643</double> 
        </void> 
        <void method="add"> 
         <double>22402.406681379438</double> 
        </void> 
        <void method="add"> 
         <double>22425.95957617462</double> 
        </void> 
        <void method="add"> 
         <double>21844.409668007425</double> 
        </void> 
        <void method="add"> 
         <double>21881.468481236498</double> 
        </void> 
        <void method="add"> 
         <double>21928.370433652482</double> 
        </void> 
        <void method="add"> 
         <double>21991.208792153604</double> 
        </void> 
        <void method="add"> 
         <double>21791.705375096913</double> 
        </void> 
       </object> 
      </void> 
      <void property="stdev"> 
       <double>184.5293958090601</double> 
      </void> 
     </object> 
    </void> 
    <void index="6"> 
     <object class="jmbench.tools.EvaluationMetrics"> 
      <void property="max"> 
       <double>2167.6996221215254</double> 
      </void> 
      <void property="mean"> 
       <double>2152.31735219671</double> 
      </void> 
      <void property="median"> 
       <double>2150.2093960258417</double> 
      </void> 
      <void property="min"> 
       <double>2142.4107039738374</double> 
      </void> 
      <void property="rawResults"> 
       <object class="java.util.ArrayList"> 
        <void method="add"> 
         <double>2142.4107039738374</double> 
        </void> 
        <void method="add"> 
         <double>2144.217768122283</double> 
        </void> 
        <void method="add"> 
         <double>2145.5978491647325</double> 
        </void> 
        <void method="add"> 
         <double>2145.8238068942924</double> 
        </void> 
        <void method="add"> 
         <double>2145.9606897262806</double> 
        </void> 
        <void method="add"> 
         <double>2147.819889402793</double> 
        </void> 
        <void method="add"> 
         <double>2148.6734909847464</double> 
        </void> 
        <void method="add"> 
         <double>2149.319631804389</double> 
        </void> 
        <void method="add"> 
         <double>2149.765544423625</double> 
        </void> 
        <void method="add"> 
         <double>2150.0767699024327</double> 
        </void> 
        <void method="add"> 
         <double>2150.2093960258417</double> 
        </void> 
        <void method="add"> 
         <double>2150.9045456005238</double> 
        </void> 
        <void method="add"> 
         <double>2152.266571571416</double> 
        </void> 
        <void method="add"> 
         <double>2152.8163610356323</double> 
        </void> 
        <void method="add"> 
         <double>2153.101951974353</double> 
        </void> 
        <void method="add"> 
         <double>2160.10061739287</double> 
        </void> 
        <void method="add"> 
         <double>2162.0968541186858</double> 
        </void> 
        <void method="add"> 
         <double>2166.019167316515</double> 
        </void> 
        <void method="add"> 
         <double>2166.9015569136914</double> 
        </void> 
        <void method="add"> 
         <double>2167.6996221215254</double> 
        </void> 
        <void method="add"> 
         <double>2148.0773321348306</double> 
        </void> 
        <void method="add"> 
         <double>2148.490789777844</double> 
        </void> 
        <void method="add"> 
         <double>2152.860064910701</double> 
        </void> 
        <void method="add"> 
         <double>2152.756731313506</double> 
        </void> 
        <void method="add"> 
         <double>2153.9660983103918</double> 
        </void> 
       </object> 
      </void> 
      <void property="stdev"> 
       <double>6.87574567841171</double> 
      </void> 
     </object> 
    </void> 
    <void index="7"> 
     <object class="jmbench.tools.EvaluationMetrics"> 
      <void property="max"> 
       <double>310.7832474943997</double> 
      </void> 
      <void property="mean"> 
       <double>309.18375681929365</double> 
      </void> 
      <void property="median"> 
       <double>309.87154736316586</double> 
      </void> 
      <void property="min"> 
       <double>306.3381763165712</double> 
      </void> 
      <void property="rawResults"> 
       <object class="java.util.ArrayList"> 
        <void method="add"> 
         <double>306.3381763165712</double> 
        </void> 
        <void method="add"> 
         <double>306.7302126805315</double> 
        </void> 
        <void method="add"> 
         <double>307.2797220723545</double> 
        </void> 
        <void method="add"> 
         <double>307.6213613762174</double> 
        </void> 
        <void method="add"> 
         <double>307.6235896227058</double> 
        </void> 
        <void method="add"> 
         <double>307.7882111371087</double> 
        </void> 
        <void method="add"> 
         <double>307.79399720907827</double> 
        </void> 
        <void method="add"> 
         <double>307.9766756804299</double> 
        </void> 
        <void method="add"> 
         <double>308.2430184814838</double> 
        </void> 
        <void method="add"> 
         <double>308.83491826893635</double> 
        </void> 
        <void method="add"> 
         <double>308.8448461293914</double> 
        </void> 
        <void method="add"> 
         <double>309.1346015333921</double> 
        </void> 
        <void method="add"> 
         <double>309.87154736316586</double> 
        </void> 
        <void method="add"> 
         <double>310.1673447005162</double> 
        </void> 
        <void method="add"> 
         <double>310.2480024996934</double> 
        </void> 
        <void method="add"> 
         <double>310.5282919474731</double> 
        </void> 
        <void method="add"> 
         <double>310.60875775580297</double> 
        </void> 
        <void method="add"> 
         <double>310.65610555003866</double> 
        </void> 
        <void method="add"> 
         <double>310.7083845421185</double> 
        </void> 
        <void method="add"> 
         <double>310.7832474943997</double> 
        </void> 
        <void method="add"> 
         <double>310.33644524731716</double> 
        </void> 
        <void method="add"> 
         <double>310.24216014724203</double> 
        </void> 
        <void method="add"> 
         <double>310.3622347819066</double> 
        </void> 
        <void method="add"> 
         <double>310.1383391828253</double> 
        </void> 
        <void method="add"> 
         <double>310.73372876163955</double> 
        </void> 
       </object> 
      </void> 
      <void property="stdev"> 
       <double>1.4098409406087145</double> 
      </void> 
     </object> 
    </void> 
    <void index="8"> 
     <object class="jmbench.tools.EvaluationMetrics"> 
      <void property="max"> 
       <double>42.13742016992594</double> 
      </void> 
      <void property="mean"> 
       <double>41.79034339524913</double> 
      </void> 
      <void property="median"> 
       <double>41.80634131585502</double> 
      </void> 
      <void property="min"> 
       <double>41.43535450454607</double> 
      </void> 
      <void property="rawResults"> 
       <object class="java.util.ArrayList"> 
        <void method="add"> 
         <double>41.43535450454607</double> 
        </void> 
        <void method="add"> 
         <double>41.45022479814818</double> 
        </void> 
        <void method="add"> 
         <double>41.515698795601274</double> 
        </void> 
        <void method="add"> 
         <double>41.54297786275666</double> 
        </void> 
        <void method="add"> 
         <double>41.58208376407935</double> 
        </void> 
        <void method="add"> 
         <double>41.60388594144761</double> 
        </void> 
        <void method="add"> 
         <double>41.67489499961028</double> 
        </void> 
        <void method="add"> 
         <double>41.73295865725941</double> 
        </void> 
        <void method="add"> 
         <double>41.739957905683106</double> 
        </void> 
        <void method="add"> 
         <double>41.761962521097956</double> 
        </void> 
        <void method="add"> 
         <double>41.78270329940595</double> 
        </void> 
        <void method="add"> 
         <double>41.7887376912919</double> 
        </void> 
        <void method="add"> 
         <double>41.80634131585502</double> 
        </void> 
        <void method="add"> 
         <double>41.81166104528794</double> 
        </void> 
        <void method="add"> 
         <double>41.82755527916261</double> 
        </void> 
        <void method="add"> 
         <double>41.86100200796761</double> 
        </void> 
        <void method="add"> 
         <double>41.887972680634725</double> 
        </void> 
        <void method="add"> 
         <double>41.88861244078006</double> 
        </void> 
        <void method="add"> 
         <double>41.96986306416832</double> 
        </void> 
        <void method="add"> 
         <double>41.97774095304514</double> 
        </void> 
        <void method="add"> 
         <double>41.88165295967982</double> 
        </void> 
        <void method="add"> 
         <double>42.13131417784093</double> 
        </void> 
        <void method="add"> 
         <double>42.018607617468746</double> 
        </void> 
        <void method="add"> 
         <double>41.94740042848371</double> 
        </void> 
        <void method="add"> 
         <double>42.13742016992594</double> 
        </void> 
       </object> 
      </void> 
      <void property="stdev"> 
       <double>0.18888467343562693</double> 
      </void> 
     </object> 
    </void> 
    <void index="9"> 
     <object class="jmbench.tools.EvaluationMetrics"> 
      <void property="max"> 
       <double>1.6858784298032978</double> 
      </void> 
      <void property="mean"> 
       <double>1.6211196217291222</double> 
      </void> 
      <void property="median"> 
       <double>1.6242818530563516</double> 
      </void> 
      <void property="min"> 
       <double>1.5376969870031247</double> 
      </void> 
      <void property="rawResults"> 
       <object class="java.util.ArrayList"> 
        <void method="add"> 
         <double>1.5376969870031247</double> 
        </void> 
        <void method="add"> 
         <double>1.5572153173080348</double> 
        </void> 
        <void method="add"> 
         <double>1.5785841460128933</double> 
        </void> 
        <void method="add"> 
         <double>1.5915215182278017</double> 
        </void> 
        <void method="add"> 
         <double>1.596002175003036</double> 
        </void> 
        <void method="add"> 
         <double>1.6084341370773614</double> 
        </void> 
        <void method="add"> 
         <double>1.6190145864934602</double> 
        </void> 
        <void method="add"> 
         <double>1.6220369801382326</double> 
        </void> 
        <void method="add"> 
         <double>1.6242735245403288</double> 
        </void> 
        <void method="add"> 
         <double>1.6242818530563516</double> 
        </void> 
        <void method="add"> 
         <double>1.6259037576688056</double> 
        </void> 
        <void method="add"> 
         <double>1.6260750384126</double> 
        </void> 
        <void method="add"> 
         <double>1.6299498087599449</double> 
        </void> 
        <void method="add"> 
         <double>1.6373015364467418</double> 
        </void> 
        <void method="add"> 
         <double>1.6403732130153963</double> 
        </void> 
        <void method="add"> 
         <double>1.6574056227038252</double> 
        </void> 
        <void method="add"> 
         <double>1.657664473854503</double> 
        </void> 
        <void method="add"> 
         <double>1.6626007504839464</double> 
        </void> 
        <void method="add"> 
         <double>1.6819318640057077</double> 
        </void> 
        <void method="add"> 
         <double>1.6858784298032978</double> 
        </void> 
        <void method="add"> 
         <double>1.5871073435011125</double> 
        </void> 
        <void method="add"> 
         <double>1.60296116169532</double> 
        </void> 
        <void method="add"> 
         <double>1.6267703176692396</double> 
        </void> 
        <void method="add"> 
         <double>1.6046489633020955</double> 
        </void> 
        <void method="add"> 
         <double>1.6423570370448886</double> 
        </void> 
       </object> 
      </void> 
      <void property="stdev"> 
       <double>0.0345305261088424</double> 
      </void> 
     </object> 
    </void> 
    <void index="10"> 
     <object class="jmbench.tools.EvaluationMetrics"> 
      <void property="max"> 
       <double>0.11852380433603389</double> 
      </void> 
      <void property="mean"> 
       <double>0.11644631828936694</double> 
      </void> 
      <void property="median"> 
       <double>0.11712789935860397</double> 
      </void> 
      <void property="min"> 
       <double>0.11267785148981786</double> 
      </void> 
      <void property="rawResults"> 
       <object class="java.util.ArrayList"> 
        <void method="add"> 
         <double>0.11267785148981786</double> 
        </void> 
        <void method="add"> 
         <double>0.11316222105422263</double> 
        </void> 
        <void method="add"> 
         <double>0.11356267497168437</double> 
        </void> 
        <void method="add"> 
         <double>0.11407044700429256</double> 
        </void> 
        <void method="add"> 
         <double>0.11431135777219956</double> 
        </void> 
        <void method="add"> 
         <double>0.11556337211104234</double> 
        </void> 
        <void method="add"> 
         <double>0.1159637593436164</double> 
        </void> 
        <void method="add"> 
         <double>0.11601043555770811</double> 
        </void> 
        <void method="add"> 
         <double>0.11608070859600128</double> 
        </void> 
        <void method="add"> 
         <double>0.11655657427337986</double> 
        </void> 
        <void method="add"> 
         <double>0.1166440778547341</double> 
        </void> 
        <void method="add"> 
         <double>0.11667848891620267</double> 
        </void> 
        <void method="add"> 
         <double>0.11712789935860397</double> 
        </void> 
        <void method="add"> 
         <double>0.11715353352043188</double> 
        </void> 
        <void method="add"> 
         <double>0.11744001313043233</double> 
        </void> 
        <void method="add"> 
         <double>0.11762993110290952</double> 
        </void> 
        <void method="add"> 
         <double>0.11777776211307368</double> 
        </void> 
        <void method="add"> 
         <double>0.11779528469072852</double> 
        </void> 
        <void method="add"> 
         <double>0.11805941034287751</double> 
        </void> 
        <void method="add"> 
         <double>0.11852380433603389</double> 
        </void> 
        <void method="add"> 
         <double>0.11747866420139114</double> 
        </void> 
        <void method="add"> 
         <double>0.1181342235140856</double> 
        </void> 
        <void method="add"> 
         <double>0.11774054830954817</double> 
        </void> 
        <void method="add"> 
         <double>0.11739168497964626</double> 
        </void> 
        <void method="add"> 
         <double>0.11762322868950956</double> 
        </void> 
       </object> 
      </void> 
      <void property="stdev"> 
       <double>0.0016331358524320704</double> 
      </void> 
     </object> 
    </void> 
    <void index="11"> 
     <object class="jmbench.tools.EvaluationMetrics"> 
      <void property="max"> 
       <double>0.01334770378872966</double> 
      </void> 
      <void property="mean"> 
       <double>0.01334770378872966</double> 
      </void> 
      <void property="median"> 
       <double>0.01334770378872966</double> 
      </void> 
      <void property="min"> 
       <double>0.01334770378872966</double> 
      </void> 
      <void property="rawResults"> 
       <object class="java.util.ArrayList"> 
        <void method="add"> 
         <double>0.01334770378872966</double> 
        </void> 
       </object> 
      </void> 
     </object> 
    </void> 
   </array> 
  </void> 
  <void property="opName"> 
   <string>Solve m=n</string> 
  </void> 
 </object> 
</java> 
