<?xml version="1.0" encoding="UTF-8"?> 
<java version="1.6.0_16" class="java.beans.XMLDecoder"> 
 <object class="jmbench.tools.runtime.OperationResults"> 
  <void property="library"> 
   <object class="jmbench.impl.MatrixLibrary"> 
    <void property="dateModified"> 
     <string></string> 
    </void> 
    <void property="dirName"> 
     <string>colt-1.2</string> 
    </void> 
    <void property="extraLibs"> 
     <boolean>true</boolean> 
    </void> 
    <void property="plotLineType"> 
     <int>7</int> 
    </void> 
    <void property="plotName"> 
     <string>Colt</string> 
    </void> 
    <void property="versionName"> 
     <string>Colt 1.2</string> 
    </void> 
   </object> 
  </void> 
  <void property="matDimen"> 
   <array class="int" length="12"> 
    <void index="0"> 
     <int>2</int> 
    </void> 
    <void index="1"> 
     <int>3</int> 
    </void> 
    <void index="2"> 
     <int>4</int> 
    </void> 
    <void index="3"> 
     <int>5</int> 
    </void> 
    <void index="4"> 
     <int>10</int> 
    </void> 
    <void index="5"> 
     <int>20</int> 
    </void> 
    <void index="6"> 
     <int>50</int> 
    </void> 
    <void index="7"> 
     <int>100</int> 
    </void> 
    <void index="8"> 
     <int>200</int> 
    </void> 
    <void index="9"> 
     <int>500</int> 
    </void> 
    <void index="10"> 
     <int>1000</int> 
    </void> 
    <void index="11"> 
     <int>2000</int> 
    </void> 
   </array> 
  </void> 
  <void property="metrics"> 
   <array class="jmbench.tools.runtime.RuntimeEvaluationMetrics" length="12"> 
    <void index="0"> 
     <object class="jmbench.tools.runtime.RuntimeEvaluationMetrics"> 
      <void property="max"> 
       <double>1236825.1608121328</double> 
      </void> 
      <void property="mean"> 
       <double>1184415.7236152894</double> 
      </void> 
      <void property="median"> 
       <double>1222276.5607831192</double> 
      </void> 
      <void property="min"> 
       <double>1024744.5657840888</double> 
      </void> 
      <void property="rawResults"> 
       <object class="java.util.ArrayList"> 
        <void method="add"> 
         <object class="jmbench.tools.runtime.RuntimeResults"> 
          <void property="error"> 
           <object id="OutputError0" class="jmbench.tools.OutputError" method="valueOf"> 
            <string>NO_ERROR</string> 
           </object> 
          </void> 
          <void property="opsPerSec"> 
           <double>1024744.5657840888</double> 
          </void> 
         </object> 
        </void> 
        <void method="add"> 
         <object class="jmbench.tools.runtime.RuntimeResults"> 
          <void property="error"> 
           <object idref="OutputError0"/> 
          </void> 
          <void property="opsPerSec"> 
           <double>1050441.3465143451</double> 
          </void> 
         </object> 
        </void> 
        <void method="add"> 
         <object class="jmbench.tools.runtime.RuntimeResults"> 
          <void property="error"> 
           <object idref="OutputError0"/> 
          </void> 
          <void property="opsPerSec"> 
           <double>1080160.8034316076</double> 
          </void> 
         </object> 
        </void> 
        <void method="add"> 
         <object class="jmbench.tools.runtime.RuntimeResults"> 
          <void property="error"> 
           <object idref="OutputError0"/> 
          </void> 
          <void property="opsPerSec"> 
           <double>1099277.8917762202</double> 
          </void> 
         </object> 
        </void> 
        <void method="add"> 
         <object class="jmbench.tools.runtime.RuntimeResults"> 
          <void property="error"> 
           <object idref="OutputError0"/> 
          </void> 
          <void property="opsPerSec"> 
           <double>1101530.063895744</double> 
          </void> 
         </object> 
        </void> 
        <void method="add"> 
         <object class="jmbench.tools.runtime.RuntimeResults"> 
          <void property="error"> 
           <object idref="OutputError0"/> 
          </void> 
          <void property="opsPerSec"> 
           <double>1217285.0065834522</double> 
          </void> 
         </object> 
        </void> 
        <void method="add"> 
         <object class="jmbench.tools.runtime.RuntimeResults"> 
          <void property="error"> 
           <object idref="OutputError0"/> 
          </void> 
          <void property="opsPerSec"> 
           <double>1222252.6420141724</double> 
          </void> 
         </object> 
        </void> 
        <void method="add"> 
         <object class="jmbench.tools.runtime.RuntimeResults"> 
          <void property="error"> 
           <object idref="OutputError0"/> 
          </void> 
          <void property="opsPerSec"> 
           <double>1222276.5607831192</double> 
          </void> 
         </object> 
        </void> 
        <void method="add"> 
         <object class="jmbench.tools.runtime.RuntimeResults"> 
          <void property="error"> 
           <object idref="OutputError0"/> 
          </void> 
          <void property="opsPerSec"> 
           <double>1224165.4224346282</double> 
          </void> 
         </object> 
        </void> 
        <void method="add"> 
         <object class="jmbench.tools.runtime.RuntimeResults"> 
          <void property="error"> 
           <object idref="OutputError0"/> 
          </void> 
          <void property="opsPerSec"> 
           <double>1225684.2793724567</double> 
          </void> 
         </object> 
        </void> 
        <void method="add"> 
         <object class="jmbench.tools.runtime.RuntimeResults"> 
          <void property="error"> 
           <object idref="OutputError0"/> 
          </void> 
          <void property="opsPerSec"> 
           <double>1226706.8484990173</double> 
          </void> 
         </object> 
        </void> 
        <void method="add"> 
         <object class="jmbench.tools.runtime.RuntimeResults"> 
          <void property="error"> 
           <object idref="OutputError0"/> 
          </void> 
          <void property="opsPerSec"> 
           <double>1230825.9783716893</double> 
          </void> 
         </object> 
        </void> 
        <void method="add"> 
         <object class="jmbench.tools.runtime.RuntimeResults"> 
          <void property="error"> 
           <object idref="OutputError0"/> 
          </void> 
          <void property="opsPerSec"> 
           <double>1231882.75491449</double> 
          </void> 
         </object> 
        </void> 
        <void method="add"> 
         <object class="jmbench.tools.runtime.RuntimeResults"> 
          <void property="error"> 
           <object idref="OutputError0"/> 
          </void> 
          <void property="opsPerSec"> 
           <double>1233011.187243038</double> 
          </void> 
         </object> 
        </void> 
        <void method="add"> 
         <object class="jmbench.tools.runtime.RuntimeResults"> 
          <void property="error"> 
           <object idref="OutputError0"/> 
          </void> 
          <void property="opsPerSec"> 
           <double>1233646.1377516745</double> 
          </void> 
         </object> 
        </void> 
        <void method="add"> 
         <object class="jmbench.tools.runtime.RuntimeResults"> 
          <void property="error"> 
           <object idref="OutputError0"/> 
          </void> 
          <void property="opsPerSec"> 
           <double>1234521.0094437639</double> 
          </void> 
         </object> 
        </void> 
        <void method="add"> 
         <object class="jmbench.tools.runtime.RuntimeResults"> 
          <void property="error"> 
           <object idref="OutputError0"/> 
          </void> 
          <void property="opsPerSec"> 
           <double>1234793.3331971723</double> 
          </void> 
         </object> 
        </void> 
        <void method="add"> 
         <object class="jmbench.tools.runtime.RuntimeResults"> 
          <void property="error"> 
           <object idref="OutputError0"/> 
          </void> 
          <void property="opsPerSec"> 
           <double>1235418.2563489464</double> 
          </void> 
         </object> 
        </void> 
        <void method="add"> 
         <object class="jmbench.tools.runtime.RuntimeResults"> 
          <void property="error"> 
           <object idref="OutputError0"/> 
          </void> 
          <void property="opsPerSec"> 
           <double>1236063.7001792178</double> 
          </void> 
         </object> 
        </void> 
        <void method="add"> 
         <object class="jmbench.tools.runtime.RuntimeResults"> 
          <void property="error"> 
           <object idref="OutputError0"/> 
          </void> 
          <void property="opsPerSec"> 
           <double>1236825.1608121328</double> 
          </void> 
         </object> 
        </void> 
        <void method="add"> 
         <object class="jmbench.tools.runtime.RuntimeResults"> 
          <void property="error"> 
           <object idref="OutputError0"/> 
          </void> 
          <void property="opsPerSec"> 
           <double>1211096.2511836567</double> 
          </void> 
         </object> 
        </void> 
        <void method="add"> 
         <object class="jmbench.tools.runtime.RuntimeResults"> 
          <void property="error"> 
           <object idref="OutputError0"/> 
          </void> 
          <void property="opsPerSec"> 
           <double>1204131.7768223651</double> 
          </void> 
         </object> 
        </void> 
        <void method="add"> 
         <object class="jmbench.tools.runtime.RuntimeResults"> 
          <void property="error"> 
           <object idref="OutputError0"/> 
          </void> 
          <void property="opsPerSec"> 
           <double>1156875.752244087</double> 
          </void> 
         </object> 
        </void> 
        <void method="add"> 
         <object class="jmbench.tools.runtime.RuntimeResults"> 
          <void property="error"> 
           <object idref="OutputError0"/> 
          </void> 
          <void property="opsPerSec"> 
           <double>1087126.8116538597</double> 
          </void> 
         </object> 
        </void> 
        <void method="add"> 
         <object class="jmbench.tools.runtime.RuntimeResults"> 
          <void property="error"> 
           <object idref="OutputError0"/> 
          </void> 
          <void property="opsPerSec"> 
           <double>1149649.5491272851</double> 
          </void> 
         </object> 
        </void> 
       </object> 
      </void> 
      <void property="stdev"> 
       <double>67003.79413482924</double> 
      </void> 
     </object> 
    </void> 
    <void index="1"> 
     <object class="jmbench.tools.runtime.RuntimeEvaluationMetrics"> 
      <void property="max"> 
       <double>641800.5747167665</double> 
      </void> 
      <void property="mean"> 
       <double>621755.7780192499</double> 
      </void> 
      <void property="median"> 
       <double>630627.7866684682</double> 
      </void> 
      <void property="min"> 
       <double>581353.6314532823</double> 
      </void> 
      <void property="rawResults"> 
       <object class="java.util.ArrayList"> 
        <void method="add"> 
         <object class="jmbench.tools.runtime.RuntimeResults"> 
          <void property="error"> 
           <object idref="OutputError0"/> 
          </void> 
          <void property="opsPerSec"> 
           <double>581353.6314532823</double> 
          </void> 
         </object> 
        </void> 
        <void method="add"> 
         <object class="jmbench.tools.runtime.RuntimeResults"> 
          <void property="error"> 
           <object idref="OutputError0"/> 
          </void> 
          <void property="opsPerSec"> 
           <double>581501.5921430178</double> 
          </void> 
         </object> 
        </void> 
        <void method="add"> 
         <object class="jmbench.tools.runtime.RuntimeResults"> 
          <void property="error"> 
           <object idref="OutputError0"/> 
          </void> 
          <void property="opsPerSec"> 
           <double>584627.6138401402</double> 
          </void> 
         </object> 
        </void> 
        <void method="add"> 
         <object class="jmbench.tools.runtime.RuntimeResults"> 
          <void property="error"> 
           <object idref="OutputError0"/> 
          </void> 
          <void property="opsPerSec"> 
           <double>586479.2943875049</double> 
          </void> 
         </object> 
        </void> 
        <void method="add"> 
         <object class="jmbench.tools.runtime.RuntimeResults"> 
          <void property="error"> 
           <object idref="OutputError0"/> 
          </void> 
          <void property="opsPerSec"> 
           <double>588978.2396834665</double> 
          </void> 
         </object> 
        </void> 
        <void method="add"> 
         <object class="jmbench.tools.runtime.RuntimeResults"> 
          <void property="error"> 
           <object idref="OutputError0"/> 
          </void> 
          <void property="opsPerSec"> 
           <double>606679.25961466</double> 
          </void> 
         </object> 
        </void> 
        <void method="add"> 
         <object class="jmbench.tools.runtime.RuntimeResults"> 
          <void property="error"> 
           <object idref="OutputError0"/> 
          </void> 
          <void property="opsPerSec"> 
           <double>616976.9581627648</double> 
          </void> 
         </object> 
        </void> 
        <void method="add"> 
         <object class="jmbench.tools.runtime.RuntimeResults"> 
          <void property="error"> 
           <object idref="OutputError0"/> 
          </void> 
          <void property="opsPerSec"> 
           <double>619355.1524759748</double> 
          </void> 
         </object> 
        </void> 
        <void method="add"> 
         <object class="jmbench.tools.runtime.RuntimeResults"> 
          <void property="error"> 
           <object idref="OutputError0"/> 
          </void> 
          <void property="opsPerSec"> 
           <double>630114.3412467133</double> 
          </void> 
         </object> 
        </void> 
        <void method="add"> 
         <object class="jmbench.tools.runtime.RuntimeResults"> 
          <void property="error"> 
           <object idref="OutputError0"/> 
          </void> 
          <void property="opsPerSec"> 
           <double>630580.5233065668</double> 
          </void> 
         </object> 
        </void> 
        <void method="add"> 
         <object class="jmbench.tools.runtime.RuntimeResults"> 
          <void property="error"> 
           <object idref="OutputError0"/> 
          </void> 
          <void property="opsPerSec"> 
           <double>630627.7866684682</double> 
          </void> 
         </object> 
        </void> 
        <void method="add"> 
         <object class="jmbench.tools.runtime.RuntimeResults"> 
          <void property="error"> 
           <object idref="OutputError0"/> 
          </void> 
          <void property="opsPerSec"> 
           <double>632710.1909560837</double> 
          </void> 
         </object> 
        </void> 
        <void method="add"> 
         <object class="jmbench.tools.runtime.RuntimeResults"> 
          <void property="error"> 
           <object idref="OutputError0"/> 
          </void> 
          <void property="opsPerSec"> 
           <double>633918.2813115539</double> 
          </void> 
         </object> 
        </void> 
        <void method="add"> 
         <object class="jmbench.tools.runtime.RuntimeResults"> 
          <void property="error"> 
           <object idref="OutputError0"/> 
          </void> 
          <void property="opsPerSec"> 
           <double>634809.9546335214</double> 
          </void> 
         </object> 
        </void> 
        <void method="add"> 
         <object class="jmbench.tools.runtime.RuntimeResults"> 
          <void property="error"> 
           <object idref="OutputError0"/> 
          </void> 
          <void property="opsPerSec"> 
           <double>635410.5471840296</double> 
          </void> 
         </object> 
        </void> 
        <void method="add"> 
         <object class="jmbench.tools.runtime.RuntimeResults"> 
          <void property="error"> 
           <object idref="OutputError0"/> 
          </void> 
          <void property="opsPerSec"> 
           <double>635618.3561281476</double> 
          </void> 
         </object> 
        </void> 
        <void method="add"> 
         <object class="jmbench.tools.runtime.RuntimeResults"> 
          <void property="error"> 
           <object idref="OutputError0"/> 
          </void> 
          <void property="opsPerSec"> 
           <double>636071.4891816592</double> 
          </void> 
         </object> 
        </void> 
        <void method="add"> 
         <object class="jmbench.tools.runtime.RuntimeResults"> 
          <void property="error"> 
           <object idref="OutputError0"/> 
          </void> 
          <void property="opsPerSec"> 
           <double>637246.9540012161</double> 
          </void> 
         </object> 
        </void> 
        <void method="add"> 
         <object class="jmbench.tools.runtime.RuntimeResults"> 
          <void property="error"> 
           <object idref="OutputError0"/> 
          </void> 
          <void property="opsPerSec"> 
           <double>641765.1730375679</double> 
          </void> 
         </object> 
        </void> 
        <void method="add"> 
         <object class="jmbench.tools.runtime.RuntimeResults"> 
          <void property="error"> 
           <object idref="OutputError0"/> 
          </void> 
          <void property="opsPerSec"> 
           <double>641800.5747167665</double> 
          </void> 
         </object> 
        </void> 
        <void method="add"> 
         <object class="jmbench.tools.runtime.RuntimeResults"> 
          <void property="error"> 
           <object idref="OutputError0"/> 
          </void> 
          <void property="opsPerSec"> 
           <double>635719.7605910273</double> 
          </void> 
         </object> 
        </void> 
        <void method="add"> 
         <object class="jmbench.tools.runtime.RuntimeResults"> 
          <void property="error"> 
           <object idref="OutputError0"/> 
          </void> 
          <void property="opsPerSec"> 
           <double>629950.7014921675</double> 
          </void> 
         </object> 
        </void> 
        <void method="add"> 
         <object class="jmbench.tools.runtime.RuntimeResults"> 
          <void property="error"> 
           <object idref="OutputError0"/> 
          </void> 
          <void property="opsPerSec"> 
           <double>630905.7187097432</double> 
          </void> 
         </object> 
        </void> 
        <void method="add"> 
         <object class="jmbench.tools.runtime.RuntimeResults"> 
          <void property="error"> 
           <object idref="OutputError0"/> 
          </void> 
          <void property="opsPerSec"> 
           <double>636663.7518304086</double> 
          </void> 
         </object> 
        </void> 
        <void method="add"> 
         <object class="jmbench.tools.runtime.RuntimeResults"> 
          <void property="error"> 
           <object idref="OutputError0"/> 
          </void> 
          <void property="opsPerSec"> 
           <double>624028.6037247961</double> 
          </void> 
         </object> 
        </void> 
       </object> 
      </void> 
      <void property="stdev"> 
       <double>20069.596769012544</double> 
      </void> 
     </object> 
    </void> 
    <void index="2"> 
     <object class="jmbench.tools.runtime.RuntimeEvaluationMetrics"> 
      <void property="max"> 
       <double>407235.3556607605</double> 
      </void> 
      <void property="mean"> 
       <double>379118.99509422865</double> 
      </void> 
      <void property="median"> 
       <double>369016.3251204311</double> 
      </void> 
      <void property="min"> 
       <double>349363.61573115725</double> 
      </void> 
      <void property="rawResults"> 
       <object class="java.util.ArrayList"> 
        <void method="add"> 
         <object class="jmbench.tools.runtime.RuntimeResults"> 
          <void property="error"> 
           <object idref="OutputError0"/> 
          </void> 
          <void property="opsPerSec"> 
           <double>363379.2391290239</double> 
          </void> 
         </object> 
        </void> 
        <void method="add"> 
         <object class="jmbench.tools.runtime.RuntimeResults"> 
          <void property="error"> 
           <object idref="OutputError0"/> 
          </void> 
          <void property="opsPerSec"> 
           <double>363767.2857049499</double> 
          </void> 
         </object> 
        </void> 
        <void method="add"> 
         <object class="jmbench.tools.runtime.RuntimeResults"> 
          <void property="error"> 
           <object idref="OutputError0"/> 
          </void> 
          <void property="opsPerSec"> 
           <double>364163.7414254241</double> 
          </void> 
         </object> 
        </void> 
        <void method="add"> 
         <object class="jmbench.tools.runtime.RuntimeResults"> 
          <void property="error"> 
           <object idref="OutputError0"/> 
          </void> 
          <void property="opsPerSec"> 
           <double>364180.08243264805</double> 
          </void> 
         </object> 
        </void> 
        <void method="add"> 
         <object class="jmbench.tools.runtime.RuntimeResults"> 
          <void property="error"> 
           <object idref="OutputError0"/> 
          </void> 
          <void property="opsPerSec"> 
           <double>364875.85073709354</double> 
          </void> 
         </object> 
        </void> 
        <void method="add"> 
         <object class="jmbench.tools.runtime.RuntimeResults"> 
          <void property="error"> 
           <object idref="OutputError0"/> 
          </void> 
          <void property="opsPerSec"> 
           <double>365362.98003133264</double> 
          </void> 
         </object> 
        </void> 
        <void method="add"> 
         <object class="jmbench.tools.runtime.RuntimeResults"> 
          <void property="error"> 
           <object idref="OutputError0"/> 
          </void> 
          <void property="opsPerSec"> 
           <double>368268.0145945706</double> 
          </void> 
         </object> 
        </void> 
        <void method="add"> 
         <object class="jmbench.tools.runtime.RuntimeResults"> 
          <void property="error"> 
           <object idref="OutputError0"/> 
          </void> 
          <void property="opsPerSec"> 
           <double>368581.7211155379</double> 
          </void> 
         </object> 
        </void> 
        <void method="add"> 
         <object class="jmbench.tools.runtime.RuntimeResults"> 
          <void property="error"> 
           <object idref="OutputError0"/> 
          </void> 
          <void property="opsPerSec"> 
           <double>369016.3251204311</double> 
          </void> 
         </object> 
        </void> 
        <void method="add"> 
         <object class="jmbench.tools.runtime.RuntimeResults"> 
          <void property="error"> 
           <object idref="OutputError0"/> 
          </void> 
          <void property="opsPerSec"> 
           <double>371375.4278437469</double> 
          </void> 
         </object> 
        </void> 
        <void method="add"> 
         <object class="jmbench.tools.runtime.RuntimeResults"> 
          <void property="error"> 
           <object idref="OutputError0"/> 
          </void> 
          <void property="opsPerSec"> 
           <double>394075.0279987091</double> 
          </void> 
         </object> 
        </void> 
        <void method="add"> 
         <object class="jmbench.tools.runtime.RuntimeResults"> 
          <void property="error"> 
           <object idref="OutputError0"/> 
          </void> 
          <void property="opsPerSec"> 
           <double>394367.7161259607</double> 
          </void> 
         </object> 
        </void> 
        <void method="add"> 
         <object class="jmbench.tools.runtime.RuntimeResults"> 
          <void property="error"> 
           <object idref="OutputError0"/> 
          </void> 
          <void property="opsPerSec"> 
           <double>394498.45959811826</double> 
          </void> 
         </object> 
        </void> 
        <void method="add"> 
         <object class="jmbench.tools.runtime.RuntimeResults"> 
          <void property="error"> 
           <object idref="OutputError0"/> 
          </void> 
          <void property="opsPerSec"> 
           <double>395058.36396428314</double> 
          </void> 
         </object> 
        </void> 
        <void method="add"> 
         <object class="jmbench.tools.runtime.RuntimeResults"> 
          <void property="error"> 
           <object idref="OutputError0"/> 
          </void> 
          <void property="opsPerSec"> 
           <double>395904.9397849314</double> 
          </void> 
         </object> 
        </void> 
        <void method="add"> 
         <object class="jmbench.tools.runtime.RuntimeResults"> 
          <void property="error"> 
           <object idref="OutputError0"/> 
          </void> 
          <void property="opsPerSec"> 
           <double>404122.828929541</double> 
          </void> 
         </object> 
        </void> 
        <void method="add"> 
         <object class="jmbench.tools.runtime.RuntimeResults"> 
          <void property="error"> 
           <object idref="OutputError0"/> 
          </void> 
          <void property="opsPerSec"> 
           <double>404885.374011578</double> 
          </void> 
         </object> 
        </void> 
        <void method="add"> 
         <object class="jmbench.tools.runtime.RuntimeResults"> 
          <void property="error"> 
           <object idref="OutputError0"/> 
          </void> 
          <void property="opsPerSec"> 
           <double>405715.3448096341</double> 
          </void> 
         </object> 
        </void> 
        <void method="add"> 
         <object class="jmbench.tools.runtime.RuntimeResults"> 
          <void property="error"> 
           <object idref="OutputError0"/> 
          </void> 
          <void property="opsPerSec"> 
           <double>407118.2394548307</double> 
          </void> 
         </object> 
        </void> 
        <void method="add"> 
         <object class="jmbench.tools.runtime.RuntimeResults"> 
          <void property="error"> 
           <object idref="OutputError0"/> 
          </void> 
          <void property="opsPerSec"> 
           <double>407235.3556607605</double> 
          </void> 
         </object> 
        </void> 
        <void method="add"> 
         <object class="jmbench.tools.runtime.RuntimeResults"> 
          <void property="error"> 
           <object idref="OutputError0"/> 
          </void> 
          <void property="opsPerSec"> 
           <double>366639.2569474357</double> 
          </void> 
         </object> 
        </void> 
        <void method="add"> 
         <object class="jmbench.tools.runtime.RuntimeResults"> 
          <void property="error"> 
           <object idref="OutputError0"/> 
          </void> 
          <void property="opsPerSec"> 
           <double>362725.5373597074</double> 
          </void> 
         </object> 
        </void> 
        <void method="add"> 
         <object class="jmbench.tools.runtime.RuntimeResults"> 
          <void property="error"> 
           <object idref="OutputError0"/> 
          </void> 
          <void property="opsPerSec"> 
           <double>349363.61573115725</double> 
          </void> 
         </object> 
        </void> 
        <void method="add"> 
         <object class="jmbench.tools.runtime.RuntimeResults"> 
          <void property="error"> 
           <object idref="OutputError0"/> 
          </void> 
          <void property="opsPerSec"> 
           <double>369633.00727282936</double> 
          </void> 
         </object> 
        </void> 
        <void method="add"> 
         <object class="jmbench.tools.runtime.RuntimeResults"> 
          <void property="error"> 
           <object idref="OutputError0"/> 
          </void> 
          <void property="opsPerSec"> 
           <double>363661.1415714804</double> 
          </void> 
         </object> 
        </void> 
       </object> 
      </void> 
      <void property="stdev"> 
       <double>18057.091167787556</double> 
      </void> 
     </object> 
    </void> 
    <void index="3"> 
     <object class="jmbench.tools.runtime.RuntimeEvaluationMetrics"> 
      <void property="max"> 
       <double>264756.96365461004</double> 
      </void> 
      <void property="mean"> 
       <double>253416.99860190248</double> 
      </void> 
      <void property="median"> 
       <double>253354.4312788312</double> 
      </void> 
      <void property="min"> 
       <double>232617.78755492257</double> 
      </void> 
      <void property="rawResults"> 
       <object class="java.util.ArrayList"> 
        <void method="add"> 
         <object class="jmbench.tools.runtime.RuntimeResults"> 
          <void property="error"> 
           <object idref="OutputError0"/> 
          </void> 
          <void property="opsPerSec"> 
           <double>232617.78755492257</double> 
          </void> 
         </object> 
        </void> 
        <void method="add"> 
         <object class="jmbench.tools.runtime.RuntimeResults"> 
          <void property="error"> 
           <object idref="OutputError0"/> 
          </void> 
          <void property="opsPerSec"> 
           <double>237192.12530176796</double> 
          </void> 
         </object> 
        </void> 
        <void method="add"> 
         <object class="jmbench.tools.runtime.RuntimeResults"> 
          <void property="error"> 
           <object idref="OutputError0"/> 
          </void> 
          <void property="opsPerSec"> 
           <double>237503.2964724154</double> 
          </void> 
         </object> 
        </void> 
        <void method="add"> 
         <object class="jmbench.tools.runtime.RuntimeResults"> 
          <void property="error"> 
           <object idref="OutputError0"/> 
          </void> 
          <void property="opsPerSec"> 
           <double>250565.8654830293</double> 
          </void> 
         </object> 
        </void> 
        <void method="add"> 
         <object class="jmbench.tools.runtime.RuntimeResults"> 
          <void property="error"> 
           <object idref="OutputError0"/> 
          </void> 
          <void property="opsPerSec"> 
           <double>251019.00814370232</double> 
          </void> 
         </object> 
        </void> 
        <void method="add"> 
         <object class="jmbench.tools.runtime.RuntimeResults"> 
          <void property="error"> 
           <object idref="OutputError0"/> 
          </void> 
          <void property="opsPerSec"> 
           <double>252265.278996745</double> 
          </void> 
         </object> 
        </void> 
        <void method="add"> 
         <object class="jmbench.tools.runtime.RuntimeResults"> 
          <void property="error"> 
           <object idref="OutputError0"/> 
          </void> 
          <void property="opsPerSec"> 
           <double>252637.4385822961</double> 
          </void> 
         </object> 
        </void> 
        <void method="add"> 
         <object class="jmbench.tools.runtime.RuntimeResults"> 
          <void property="error"> 
           <object idref="OutputError0"/> 
          </void> 
          <void property="opsPerSec"> 
           <double>252764.4356140602</double> 
          </void> 
         </object> 
        </void> 
        <void method="add"> 
         <object class="jmbench.tools.runtime.RuntimeResults"> 
          <void property="error"> 
           <object idref="OutputError0"/> 
          </void> 
          <void property="opsPerSec"> 
           <double>253451.27463275273</double> 
          </void> 
         </object> 
        </void> 
        <void method="add"> 
         <object class="jmbench.tools.runtime.RuntimeResults"> 
          <void property="error"> 
           <object idref="OutputError0"/> 
          </void> 
          <void property="opsPerSec"> 
           <double>253727.68616290012</double> 
          </void> 
         </object> 
        </void> 
        <void method="add"> 
         <object class="jmbench.tools.runtime.RuntimeResults"> 
          <void property="error"> 
           <object idref="OutputError0"/> 
          </void> 
          <void property="opsPerSec"> 
           <double>253920.13838181755</double> 
          </void> 
         </object> 
        </void> 
        <void method="add"> 
         <object class="jmbench.tools.runtime.RuntimeResults"> 
          <void property="error"> 
           <object idref="OutputError0"/> 
          </void> 
          <void property="opsPerSec"> 
           <double>257074.88060261344</double> 
          </void> 
         </object> 
        </void> 
        <void method="add"> 
         <object class="jmbench.tools.runtime.RuntimeResults"> 
          <void property="error"> 
           <object idref="OutputError0"/> 
          </void> 
          <void property="opsPerSec"> 
           <double>258231.38574968552</double> 
          </void> 
         </object> 
        </void> 
        <void method="add"> 
         <object class="jmbench.tools.runtime.RuntimeResults"> 
          <void property="error"> 
           <object idref="OutputError0"/> 
          </void> 
          <void property="opsPerSec"> 
           <double>258532.4560780488</double> 
          </void> 
         </object> 
        </void> 
        <void method="add"> 
         <object class="jmbench.tools.runtime.RuntimeResults"> 
          <void property="error"> 
           <object idref="OutputError0"/> 
          </void> 
          <void property="opsPerSec"> 
           <double>259108.36421781103</double> 
          </void> 
         </object> 
        </void> 
        <void method="add"> 
         <object class="jmbench.tools.runtime.RuntimeResults"> 
          <void property="error"> 
           <object idref="OutputError0"/> 
          </void> 
          <void property="opsPerSec"> 
           <double>260012.8094320028</double> 
          </void> 
         </object> 
        </void> 
        <void method="add"> 
         <object class="jmbench.tools.runtime.RuntimeResults"> 
          <void property="error"> 
           <object idref="OutputError0"/> 
          </void> 
          <void property="opsPerSec"> 
           <double>262488.3455490336</double> 
          </void> 
         </object> 
        </void> 
        <void method="add"> 
         <object class="jmbench.tools.runtime.RuntimeResults"> 
          <void property="error"> 
           <object idref="OutputError0"/> 
          </void> 
          <void property="opsPerSec"> 
           <double>262965.2055785075</double> 
          </void> 
         </object> 
        </void> 
        <void method="add"> 
         <object class="jmbench.tools.runtime.RuntimeResults"> 
          <void property="error"> 
           <object idref="OutputError0"/> 
          </void> 
          <void property="opsPerSec"> 
           <double>263319.7509519218</double> 
          </void> 
         </object> 
        </void> 
        <void method="add"> 
         <object class="jmbench.tools.runtime.RuntimeResults"> 
          <void property="error"> 
           <object idref="OutputError0"/> 
          </void> 
          <void property="opsPerSec"> 
           <double>264756.96365461004</double> 
          </void> 
         </object> 
        </void> 
        <void method="add"> 
         <object class="jmbench.tools.runtime.RuntimeResults"> 
          <void property="error"> 
           <object idref="OutputError0"/> 
          </void> 
          <void property="opsPerSec"> 
           <double>251150.56392352277</double> 
          </void> 
         </object> 
        </void> 
        <void method="add"> 
         <object class="jmbench.tools.runtime.RuntimeResults"> 
          <void property="error"> 
           <object idref="OutputError0"/> 
          </void> 
          <void property="opsPerSec"> 
           <double>251902.10003541736</double> 
          </void> 
         </object> 
        </void> 
        <void method="add"> 
         <object class="jmbench.tools.runtime.RuntimeResults"> 
          <void property="error"> 
           <object idref="OutputError0"/> 
          </void> 
          <void property="opsPerSec"> 
           <double>252328.25602787954</double> 
          </void> 
         </object> 
        </void> 
        <void method="add"> 
         <object class="jmbench.tools.runtime.RuntimeResults"> 
          <void property="error"> 
           <object idref="OutputError0"/> 
          </void> 
          <void property="opsPerSec"> 
           <double>253354.4312788312</double> 
          </void> 
         </object> 
        </void> 
        <void method="add"> 
         <object class="jmbench.tools.runtime.RuntimeResults"> 
          <void property="error"> 
           <object idref="OutputError0"/> 
          </void> 
          <void property="opsPerSec"> 
           <double>252535.11664126843</double> 
          </void> 
         </object> 
        </void> 
       </object> 
      </void> 
      <void property="stdev"> 
       <double>7781.588577682265</double> 
      </void> 
     </object> 
    </void> 
    <void index="4"> 
     <object class="jmbench.tools.runtime.RuntimeEvaluationMetrics"> 
      <void property="max"> 
       <double>63702.244742450064</double> 
      </void> 
      <void property="mean"> 
       <double>62828.85105132848</double> 
      </void> 
      <void property="median"> 
       <double>63076.97394505835</double> 
      </void> 
      <void property="min"> 
       <double>59550.26639291464</double> 
      </void> 
      <void property="rawResults"> 
       <object class="java.util.ArrayList"> 
        <void method="add"> 
         <object class="jmbench.tools.runtime.RuntimeResults"> 
          <void property="error"> 
           <object idref="OutputError0"/> 
          </void> 
          <void property="opsPerSec"> 
           <double>59550.26639291464</double> 
          </void> 
         </object> 
        </void> 
        <void method="add"> 
         <object class="jmbench.tools.runtime.RuntimeResults"> 
          <void property="error"> 
           <object idref="OutputError0"/> 
          </void> 
          <void property="opsPerSec"> 
           <double>60509.073277975986</double> 
          </void> 
         </object> 
        </void> 
        <void method="add"> 
         <object class="jmbench.tools.runtime.RuntimeResults"> 
          <void property="error"> 
           <object idref="OutputError0"/> 
          </void> 
          <void property="opsPerSec"> 
           <double>62631.727680529344</double> 
          </void> 
         </object> 
        </void> 
        <void method="add"> 
         <object class="jmbench.tools.runtime.RuntimeResults"> 
          <void property="error"> 
           <object idref="OutputError0"/> 
          </void> 
          <void property="opsPerSec"> 
           <double>62842.92362176062</double> 
          </void> 
         </object> 
        </void> 
        <void method="add"> 
         <object class="jmbench.tools.runtime.RuntimeResults"> 
          <void property="error"> 
           <object idref="OutputError0"/> 
          </void> 
          <void property="opsPerSec"> 
           <double>62934.639000480485</double> 
          </void> 
         </object> 
        </void> 
        <void method="add"> 
         <object class="jmbench.tools.runtime.RuntimeResults"> 
          <void property="error"> 
           <object idref="OutputError0"/> 
          </void> 
          <void property="opsPerSec"> 
           <double>62949.929863377605</double> 
          </void> 
         </object> 
        </void> 
        <void method="add"> 
         <object class="jmbench.tools.runtime.RuntimeResults"> 
          <void property="error"> 
           <object idref="OutputError0"/> 
          </void> 
          <void property="opsPerSec"> 
           <double>62985.57053410862</double> 
          </void> 
         </object> 
        </void> 
        <void method="add"> 
         <object class="jmbench.tools.runtime.RuntimeResults"> 
          <void property="error"> 
           <object idref="OutputError0"/> 
          </void> 
          <void property="opsPerSec"> 
           <double>63076.97394505835</double> 
          </void> 
         </object> 
        </void> 
        <void method="add"> 
         <object class="jmbench.tools.runtime.RuntimeResults"> 
          <void property="error"> 
           <object idref="OutputError0"/> 
          </void> 
          <void property="opsPerSec"> 
           <double>63131.200580469646</double> 
          </void> 
         </object> 
        </void> 
        <void method="add"> 
         <object class="jmbench.tools.runtime.RuntimeResults"> 
          <void property="error"> 
           <object idref="OutputError0"/> 
          </void> 
          <void property="opsPerSec"> 
           <double>63150.10928770381</double> 
          </void> 
         </object> 
        </void> 
        <void method="add"> 
         <object class="jmbench.tools.runtime.RuntimeResults"> 
          <void property="error"> 
           <object idref="OutputError0"/> 
          </void> 
          <void property="opsPerSec"> 
           <double>63202.1269416178</double> 
          </void> 
         </object> 
        </void> 
        <void method="add"> 
         <object class="jmbench.tools.runtime.RuntimeResults"> 
          <void property="error"> 
           <object idref="OutputError0"/> 
          </void> 
          <void property="opsPerSec"> 
           <double>63392.25687682893</double> 
          </void> 
         </object> 
        </void> 
        <void method="add"> 
         <object class="jmbench.tools.runtime.RuntimeResults"> 
          <void property="error"> 
           <object idref="OutputError0"/> 
          </void> 
          <void property="opsPerSec"> 
           <double>63399.04719109855</double> 
          </void> 
         </object> 
        </void> 
        <void method="add"> 
         <object class="jmbench.tools.runtime.RuntimeResults"> 
          <void property="error"> 
           <object idref="OutputError0"/> 
          </void> 
          <void property="opsPerSec"> 
           <double>63452.03796006461</double> 
          </void> 
         </object> 
        </void> 
        <void method="add"> 
         <object class="jmbench.tools.runtime.RuntimeResults"> 
          <void property="error"> 
           <object idref="OutputError0"/> 
          </void> 
          <void property="opsPerSec"> 
           <double>63475.96604147187</double> 
          </void> 
         </object> 
        </void> 
        <void method="add"> 
         <object class="jmbench.tools.runtime.RuntimeResults"> 
          <void property="error"> 
           <object idref="OutputError0"/> 
          </void> 
          <void property="opsPerSec"> 
           <double>63490.50781670319</double> 
          </void> 
         </object> 
        </void> 
        <void method="add"> 
         <object class="jmbench.tools.runtime.RuntimeResults"> 
          <void property="error"> 
           <object idref="OutputError0"/> 
          </void> 
          <void property="opsPerSec"> 
           <double>63491.99790867833</double> 
          </void> 
         </object> 
        </void> 
        <void method="add"> 
         <object class="jmbench.tools.runtime.RuntimeResults"> 
          <void property="error"> 
           <object idref="OutputError0"/> 
          </void> 
          <void property="opsPerSec"> 
           <double>63523.817490091846</double> 
          </void> 
         </object> 
        </void> 
        <void method="add"> 
         <object class="jmbench.tools.runtime.RuntimeResults"> 
          <void property="error"> 
           <object idref="OutputError0"/> 
          </void> 
          <void property="opsPerSec"> 
           <double>63532.54933505239</double> 
          </void> 
         </object> 
        </void> 
        <void method="add"> 
         <object class="jmbench.tools.runtime.RuntimeResults"> 
          <void property="error"> 
           <object idref="OutputError0"/> 
          </void> 
          <void property="opsPerSec"> 
           <double>63702.244742450064</double> 
          </void> 
         </object> 
        </void> 
        <void method="add"> 
         <object class="jmbench.tools.runtime.RuntimeResults"> 
          <void property="error"> 
           <object idref="OutputError0"/> 
          </void> 
          <void property="opsPerSec"> 
           <double>61865.40963141414</double> 
          </void> 
         </object> 
        </void> 
        <void method="add"> 
         <object class="jmbench.tools.runtime.RuntimeResults"> 
          <void property="error"> 
           <object idref="OutputError0"/> 
          </void> 
          <void property="opsPerSec"> 
           <double>62458.25066644679</double> 
          </void> 
         </object> 
        </void> 
        <void method="add"> 
         <object class="jmbench.tools.runtime.RuntimeResults"> 
          <void property="error"> 
           <object idref="OutputError0"/> 
          </void> 
          <void property="opsPerSec"> 
           <double>62535.69469869796</double> 
          </void> 
         </object> 
        </void> 
        <void method="add"> 
         <object class="jmbench.tools.runtime.RuntimeResults"> 
          <void property="error"> 
           <object idref="OutputError0"/> 
          </void> 
          <void property="opsPerSec"> 
           <double>62767.116389357536</double> 
          </void> 
         </object> 
        </void> 
        <void method="add"> 
         <object class="jmbench.tools.runtime.RuntimeResults"> 
          <void property="error"> 
           <object idref="OutputError0"/> 
          </void> 
          <void property="opsPerSec"> 
           <double>62669.83840885927</double> 
          </void> 
         </object> 
        </void> 
       </object> 
      </void> 
      <void property="stdev"> 
       <double>935.1852436853854</double> 
      </void> 
     </object> 
    </void> 
    <void index="5"> 
     <object class="jmbench.tools.runtime.RuntimeEvaluationMetrics"> 
      <void property="max"> 
       <double>14092.403112932952</double> 
      </void> 
      <void property="mean"> 
       <double>13944.351334731893</double> 
      </void> 
      <void property="median"> 
       <double>13939.098914915081</double> 
      </void> 
      <void property="min"> 
       <double>13743.772221447894</double> 
      </void> 
      <void property="rawResults"> 
       <object class="java.util.ArrayList"> 
        <void method="add"> 
         <object class="jmbench.tools.runtime.RuntimeResults"> 
          <void property="error"> 
           <object idref="OutputError0"/> 
          </void> 
          <void property="opsPerSec"> 
           <double>13743.772221447894</double> 
          </void> 
         </object> 
        </void> 
        <void method="add"> 
         <object class="jmbench.tools.runtime.RuntimeResults"> 
          <void property="error"> 
           <object idref="OutputError0"/> 
          </void> 
          <void property="opsPerSec"> 
           <double>13817.76748588362</double> 
          </void> 
         </object> 
        </void> 
        <void method="add"> 
         <object class="jmbench.tools.runtime.RuntimeResults"> 
          <void property="error"> 
           <object idref="OutputError0"/> 
          </void> 
          <void property="opsPerSec"> 
           <double>13827.803937263807</double> 
          </void> 
         </object> 
        </void> 
        <void method="add"> 
         <object class="jmbench.tools.runtime.RuntimeResults"> 
          <void property="error"> 
           <object idref="OutputError0"/> 
          </void> 
          <void property="opsPerSec"> 
           <double>13851.380400610196</double> 
          </void> 
         </object> 
        </void> 
        <void method="add"> 
         <object class="jmbench.tools.runtime.RuntimeResults"> 
          <void property="error"> 
           <object idref="OutputError0"/> 
          </void> 
          <void property="opsPerSec"> 
           <double>13884.359101204782</double> 
          </void> 
         </object> 
        </void> 
        <void method="add"> 
         <object class="jmbench.tools.runtime.RuntimeResults"> 
          <void property="error"> 
           <object idref="OutputError0"/> 
          </void> 
          <void property="opsPerSec"> 
           <double>13886.029889566138</double> 
          </void> 
         </object> 
        </void> 
        <void method="add"> 
         <object class="jmbench.tools.runtime.RuntimeResults"> 
          <void property="error"> 
           <object idref="OutputError0"/> 
          </void> 
          <void property="opsPerSec"> 
           <double>13900.952872796634</double> 
          </void> 
         </object> 
        </void> 
        <void method="add"> 
         <object class="jmbench.tools.runtime.RuntimeResults"> 
          <void property="error"> 
           <object idref="OutputError0"/> 
          </void> 
          <void property="opsPerSec"> 
           <double>13907.708610599993</double> 
          </void> 
         </object> 
        </void> 
        <void method="add"> 
         <object class="jmbench.tools.runtime.RuntimeResults"> 
          <void property="error"> 
           <object idref="OutputError0"/> 
          </void> 
          <void property="opsPerSec"> 
           <double>13922.840717031495</double> 
          </void> 
         </object> 
        </void> 
        <void method="add"> 
         <object class="jmbench.tools.runtime.RuntimeResults"> 
          <void property="error"> 
           <object idref="OutputError0"/> 
          </void> 
          <void property="opsPerSec"> 
           <double>13933.440108874309</double> 
          </void> 
         </object> 
        </void> 
        <void method="add"> 
         <object class="jmbench.tools.runtime.RuntimeResults"> 
          <void property="error"> 
           <object idref="OutputError0"/> 
          </void> 
          <void property="opsPerSec"> 
           <double>13935.102998323408</double> 
          </void> 
         </object> 
        </void> 
        <void method="add"> 
         <object class="jmbench.tools.runtime.RuntimeResults"> 
          <void property="error"> 
           <object idref="OutputError0"/> 
          </void> 
          <void property="opsPerSec"> 
           <double>13939.098914915081</double> 
          </void> 
         </object> 
        </void> 
        <void method="add"> 
         <object class="jmbench.tools.runtime.RuntimeResults"> 
          <void property="error"> 
           <object idref="OutputError0"/> 
          </void> 
          <void property="opsPerSec"> 
           <double>13943.470161073717</double> 
          </void> 
         </object> 
        </void> 
        <void method="add"> 
         <object class="jmbench.tools.runtime.RuntimeResults"> 
          <void property="error"> 
           <object idref="OutputError0"/> 
          </void> 
          <void property="opsPerSec"> 
           <double>13965.81158851652</double> 
          </void> 
         </object> 
        </void> 
        <void method="add"> 
         <object class="jmbench.tools.runtime.RuntimeResults"> 
          <void property="error"> 
           <object idref="OutputError0"/> 
          </void> 
          <void property="opsPerSec"> 
           <double>13969.237104833113</double> 
          </void> 
         </object> 
        </void> 
        <void method="add"> 
         <object class="jmbench.tools.runtime.RuntimeResults"> 
          <void property="error"> 
           <object idref="OutputError0"/> 
          </void> 
          <void property="opsPerSec"> 
           <double>13989.452519717976</double> 
          </void> 
         </object> 
        </void> 
        <void method="add"> 
         <object class="jmbench.tools.runtime.RuntimeResults"> 
          <void property="error"> 
           <object idref="OutputError0"/> 
          </void> 
          <void property="opsPerSec"> 
           <double>14024.593117200297</double> 
          </void> 
         </object> 
        </void> 
        <void method="add"> 
         <object class="jmbench.tools.runtime.RuntimeResults"> 
          <void property="error"> 
           <object idref="OutputError0"/> 
          </void> 
          <void property="opsPerSec"> 
           <double>14076.262342403576</double> 
          </void> 
         </object> 
        </void> 
        <void method="add"> 
         <object class="jmbench.tools.runtime.RuntimeResults"> 
          <void property="error"> 
           <object idref="OutputError0"/> 
          </void> 
          <void property="opsPerSec"> 
           <double>14087.23492335747</double> 
          </void> 
         </object> 
        </void> 
        <void method="add"> 
         <object class="jmbench.tools.runtime.RuntimeResults"> 
          <void property="error"> 
           <object idref="OutputError0"/> 
          </void> 
          <void property="opsPerSec"> 
           <double>14092.403112932952</double> 
          </void> 
         </object> 
        </void> 
        <void method="add"> 
         <object class="jmbench.tools.runtime.RuntimeResults"> 
          <void property="error"> 
           <object idref="OutputError0"/> 
          </void> 
          <void property="opsPerSec"> 
           <double>13841.936173888731</double> 
          </void> 
         </object> 
        </void> 
        <void method="add"> 
         <object class="jmbench.tools.runtime.RuntimeResults"> 
          <void property="error"> 
           <object idref="OutputError0"/> 
          </void> 
          <void property="opsPerSec"> 
           <double>14037.380003522792</double> 
          </void> 
         </object> 
        </void> 
        <void method="add"> 
         <object class="jmbench.tools.runtime.RuntimeResults"> 
          <void property="error"> 
           <object idref="OutputError0"/> 
          </void> 
          <void property="opsPerSec"> 
           <double>13966.672098434005</double> 
          </void> 
         </object> 
        </void> 
        <void method="add"> 
         <object class="jmbench.tools.runtime.RuntimeResults"> 
          <void property="error"> 
           <object idref="OutputError0"/> 
          </void> 
          <void property="opsPerSec"> 
           <double>14049.816469900761</double> 
          </void> 
         </object> 
        </void> 
        <void method="add"> 
         <object class="jmbench.tools.runtime.RuntimeResults"> 
          <void property="error"> 
           <object idref="OutputError0"/> 
          </void> 
          <void property="opsPerSec"> 
           <double>14014.256493998075</double> 
          </void> 
         </object> 
        </void> 
       </object> 
      </void> 
      <void property="stdev"> 
       <double>88.16890215960143</double> 
      </void> 
     </object> 
    </void> 
    <void index="6"> 
     <object class="jmbench.tools.runtime.RuntimeEvaluationMetrics"> 
      <void property="max"> 
       <double>1401.77416587762</double> 
      </void> 
      <void property="mean"> 
       <double>1369.5634244336734</double> 
      </void> 
      <void property="median"> 
       <double>1386.618900327928</double> 
      </void> 
      <void property="min"> 
       <double>1310.8832591870782</double> 
      </void> 
      <void property="rawResults"> 
       <object class="java.util.ArrayList"> 
        <void method="add"> 
         <object class="jmbench.tools.runtime.RuntimeResults"> 
          <void property="error"> 
           <object idref="OutputError0"/> 
          </void> 
          <void property="opsPerSec"> 
           <double>1310.8832591870782</double> 
          </void> 
         </object> 
        </void> 
        <void method="add"> 
         <object class="jmbench.tools.runtime.RuntimeResults"> 
          <void property="error"> 
           <object idref="OutputError0"/> 
          </void> 
          <void property="opsPerSec"> 
           <double>1314.8673172260683</double> 
          </void> 
         </object> 
        </void> 
        <void method="add"> 
         <object class="jmbench.tools.runtime.RuntimeResults"> 
          <void property="error"> 
           <object idref="OutputError0"/> 
          </void> 
          <void property="opsPerSec"> 
           <double>1318.0336939823164</double> 
          </void> 
         </object> 
        </void> 
        <void method="add"> 
         <object class="jmbench.tools.runtime.RuntimeResults"> 
          <void property="error"> 
           <object idref="OutputError0"/> 
          </void> 
          <void property="opsPerSec"> 
           <double>1319.9516099713846</double> 
          </void> 
         </object> 
        </void> 
        <void method="add"> 
         <object class="jmbench.tools.runtime.RuntimeResults"> 
          <void property="error"> 
           <object idref="OutputError0"/> 
          </void> 
          <void property="opsPerSec"> 
           <double>1327.124730481188</double> 
          </void> 
         </object> 
        </void> 
        <void method="add"> 
         <object class="jmbench.tools.runtime.RuntimeResults"> 
          <void property="error"> 
           <object idref="OutputError0"/> 
          </void> 
          <void property="opsPerSec"> 
           <double>1329.2901618170868</double> 
          </void> 
         </object> 
        </void> 
        <void method="add"> 
         <object class="jmbench.tools.runtime.RuntimeResults"> 
          <void property="error"> 
           <object idref="OutputError0"/> 
          </void> 
          <void property="opsPerSec"> 
           <double>1351.2970621957224</double> 
          </void> 
         </object> 
        </void> 
        <void method="add"> 
         <object class="jmbench.tools.runtime.RuntimeResults"> 
          <void property="error"> 
           <object idref="OutputError0"/> 
          </void> 
          <void property="opsPerSec"> 
           <double>1353.7178810502892</double> 
          </void> 
         </object> 
        </void> 
        <void method="add"> 
         <object class="jmbench.tools.runtime.RuntimeResults"> 
          <void property="error"> 
           <object idref="OutputError0"/> 
          </void> 
          <void property="opsPerSec"> 
           <double>1359.5522981859094</double> 
          </void> 
         </object> 
        </void> 
        <void method="add"> 
         <object class="jmbench.tools.runtime.RuntimeResults"> 
          <void property="error"> 
           <object idref="OutputError0"/> 
          </void> 
          <void property="opsPerSec"> 
           <double>1364.112942680652</double> 
          </void> 
         </object> 
        </void> 
        <void method="add"> 
         <object class="jmbench.tools.runtime.RuntimeResults"> 
          <void property="error"> 
           <object idref="OutputError0"/> 
          </void> 
          <void property="opsPerSec"> 
           <double>1383.496299466551</double> 
          </void> 
         </object> 
        </void> 
        <void method="add"> 
         <object class="jmbench.tools.runtime.RuntimeResults"> 
          <void property="error"> 
           <object idref="OutputError0"/> 
          </void> 
          <void property="opsPerSec"> 
           <double>1386.618900327928</double> 
          </void> 
         </object> 
        </void> 
        <void method="add"> 
         <object class="jmbench.tools.runtime.RuntimeResults"> 
          <void property="error"> 
           <object idref="OutputError0"/> 
          </void> 
          <void property="opsPerSec"> 
           <double>1387.6318880876402</double> 
          </void> 
         </object> 
        </void> 
        <void method="add"> 
         <object class="jmbench.tools.runtime.RuntimeResults"> 
          <void property="error"> 
           <object idref="OutputError0"/> 
          </void> 
          <void property="opsPerSec"> 
           <double>1387.877343546424</double> 
          </void> 
         </object> 
        </void> 
        <void method="add"> 
         <object class="jmbench.tools.runtime.RuntimeResults"> 
          <void property="error"> 
           <object idref="OutputError0"/> 
          </void> 
          <void property="opsPerSec"> 
           <double>1392.415159747965</double> 
          </void> 
         </object> 
        </void> 
        <void method="add"> 
         <object class="jmbench.tools.runtime.RuntimeResults"> 
          <void property="error"> 
           <object idref="OutputError0"/> 
          </void> 
          <void property="opsPerSec"> 
           <double>1392.7473845704835</double> 
          </void> 
         </object> 
        </void> 
        <void method="add"> 
         <object class="jmbench.tools.runtime.RuntimeResults"> 
          <void property="error"> 
           <object idref="OutputError0"/> 
          </void> 
          <void property="opsPerSec"> 
           <double>1396.5979586400301</double> 
          </void> 
         </object> 
        </void> 
        <void method="add"> 
         <object class="jmbench.tools.runtime.RuntimeResults"> 
          <void property="error"> 
           <object idref="OutputError0"/> 
          </void> 
          <void property="opsPerSec"> 
           <double>1399.0315828393618</double> 
          </void> 
         </object> 
        </void> 
        <void method="add"> 
         <object class="jmbench.tools.runtime.RuntimeResults"> 
          <void property="error"> 
           <object idref="OutputError0"/> 
          </void> 
          <void property="opsPerSec"> 
           <double>1399.970374919423</double> 
          </void> 
         </object> 
        </void> 
        <void method="add"> 
         <object class="jmbench.tools.runtime.RuntimeResults"> 
          <void property="error"> 
           <object idref="OutputError0"/> 
          </void> 
          <void property="opsPerSec"> 
           <double>1401.77416587762</double> 
          </void> 
         </object> 
        </void> 
        <void method="add"> 
         <object class="jmbench.tools.runtime.RuntimeResults"> 
          <void property="error"> 
           <object idref="OutputError0"/> 
          </void> 
          <void property="opsPerSec"> 
           <double>1385.4724099187504</double> 
          </void> 
         </object> 
        </void> 
        <void method="add"> 
         <object class="jmbench.tools.runtime.RuntimeResults"> 
          <void property="error"> 
           <object idref="OutputError0"/> 
          </void> 
          <void property="opsPerSec"> 
           <double>1389.3167063777853</double> 
          </void> 
         </object> 
        </void> 
        <void method="add"> 
         <object class="jmbench.tools.runtime.RuntimeResults"> 
          <void property="error"> 
           <object idref="OutputError0"/> 
          </void> 
          <void property="opsPerSec"> 
           <double>1389.7420263522063</double> 
          </void> 
         </object> 
        </void> 
        <void method="add"> 
         <object class="jmbench.tools.runtime.RuntimeResults"> 
          <void property="error"> 
           <object idref="OutputError0"/> 
          </void> 
          <void property="opsPerSec"> 
           <double>1400.4626816366724</double> 
          </void> 
         </object> 
        </void> 
        <void method="add"> 
         <object class="jmbench.tools.runtime.RuntimeResults"> 
          <void property="error"> 
           <object idref="OutputError0"/> 
          </void> 
          <void property="opsPerSec"> 
           <double>1397.0997717552916</double> 
          </void> 
         </object> 
        </void> 
       </object> 
      </void> 
      <void property="stdev"> 
       <double>31.126023650388642</double> 
      </void> 
     </object> 
    </void> 
    <void index="7"> 
     <object class="jmbench.tools.runtime.RuntimeEvaluationMetrics"> 
      <void property="max"> 
       <double>204.8875534856782</double> 
      </void> 
      <void property="mean"> 
       <double>201.48459973381722</double> 
      </void> 
      <void property="median"> 
       <double>201.70017956322351</double> 
      </void> 
      <void property="min"> 
       <double>194.82613215978589</double> 
      </void> 
      <void property="rawResults"> 
       <object class="java.util.ArrayList"> 
        <void method="add"> 
         <object class="jmbench.tools.runtime.RuntimeResults"> 
          <void property="error"> 
           <object idref="OutputError0"/> 
          </void> 
          <void property="opsPerSec"> 
           <double>194.82613215978589</double> 
          </void> 
         </object> 
        </void> 
        <void method="add"> 
         <object class="jmbench.tools.runtime.RuntimeResults"> 
          <void property="error"> 
           <object idref="OutputError0"/> 
          </void> 
          <void property="opsPerSec"> 
           <double>195.8610287617417</double> 
          </void> 
         </object> 
        </void> 
        <void method="add"> 
         <object class="jmbench.tools.runtime.RuntimeResults"> 
          <void property="error"> 
           <object idref="OutputError0"/> 
          </void> 
          <void property="opsPerSec"> 
           <double>197.65522771474696</double> 
          </void> 
         </object> 
        </void> 
        <void method="add"> 
         <object class="jmbench.tools.runtime.RuntimeResults"> 
          <void property="error"> 
           <object idref="OutputError0"/> 
          </void> 
          <void property="opsPerSec"> 
           <double>199.52462636950406</double> 
          </void> 
         </object> 
        </void> 
        <void method="add"> 
         <object class="jmbench.tools.runtime.RuntimeResults"> 
          <void property="error"> 
           <object idref="OutputError0"/> 
          </void> 
          <void property="opsPerSec"> 
           <double>199.5534115770876</double> 
          </void> 
         </object> 
        </void> 
        <void method="add"> 
         <object class="jmbench.tools.runtime.RuntimeResults"> 
          <void property="error"> 
           <object idref="OutputError0"/> 
          </void> 
          <void property="opsPerSec"> 
           <double>199.58737476560393</double> 
          </void> 
         </object> 
        </void> 
        <void method="add"> 
         <object class="jmbench.tools.runtime.RuntimeResults"> 
          <void property="error"> 
           <object idref="OutputError0"/> 
          </void> 
          <void property="opsPerSec"> 
           <double>200.11853958532</double> 
          </void> 
         </object> 
        </void> 
        <void method="add"> 
         <object class="jmbench.tools.runtime.RuntimeResults"> 
          <void property="error"> 
           <object idref="OutputError0"/> 
          </void> 
          <void property="opsPerSec"> 
           <double>200.24494750924364</double> 
          </void> 
         </object> 
        </void> 
        <void method="add"> 
         <object class="jmbench.tools.runtime.RuntimeResults"> 
          <void property="error"> 
           <object idref="OutputError0"/> 
          </void> 
          <void property="opsPerSec"> 
           <double>200.26541812314693</double> 
          </void> 
         </object> 
        </void> 
        <void method="add"> 
         <object class="jmbench.tools.runtime.RuntimeResults"> 
          <void property="error"> 
           <object idref="OutputError0"/> 
          </void> 
          <void property="opsPerSec"> 
           <double>200.28341894465456</double> 
          </void> 
         </object> 
        </void> 
        <void method="add"> 
         <object class="jmbench.tools.runtime.RuntimeResults"> 
          <void property="error"> 
           <object idref="OutputError0"/> 
          </void> 
          <void property="opsPerSec"> 
           <double>200.58606654458922</double> 
          </void> 
         </object> 
        </void> 
        <void method="add"> 
         <object class="jmbench.tools.runtime.RuntimeResults"> 
          <void property="error"> 
           <object idref="OutputError0"/> 
          </void> 
          <void property="opsPerSec"> 
           <double>200.7814048129344</double> 
          </void> 
         </object> 
        </void> 
        <void method="add"> 
         <object class="jmbench.tools.runtime.RuntimeResults"> 
          <void property="error"> 
           <object idref="OutputError0"/> 
          </void> 
          <void property="opsPerSec"> 
           <double>202.33267063793403</double> 
          </void> 
         </object> 
        </void> 
        <void method="add"> 
         <object class="jmbench.tools.runtime.RuntimeResults"> 
          <void property="error"> 
           <object idref="OutputError0"/> 
          </void> 
          <void property="opsPerSec"> 
           <double>202.86200651983256</double> 
          </void> 
         </object> 
        </void> 
        <void method="add"> 
         <object class="jmbench.tools.runtime.RuntimeResults"> 
          <void property="error"> 
           <object idref="OutputError0"/> 
          </void> 
          <void property="opsPerSec"> 
           <double>203.0285960981179</double> 
          </void> 
         </object> 
        </void> 
        <void method="add"> 
         <object class="jmbench.tools.runtime.RuntimeResults"> 
          <void property="error"> 
           <object idref="OutputError0"/> 
          </void> 
          <void property="opsPerSec"> 
           <double>203.71289594481144</double> 
          </void> 
         </object> 
        </void> 
        <void method="add"> 
         <object class="jmbench.tools.runtime.RuntimeResults"> 
          <void property="error"> 
           <object idref="OutputError0"/> 
          </void> 
          <void property="opsPerSec"> 
           <double>203.94939412637416</double> 
          </void> 
         </object> 
        </void> 
        <void method="add"> 
         <object class="jmbench.tools.runtime.RuntimeResults"> 
          <void property="error"> 
           <object idref="OutputError0"/> 
          </void> 
          <void property="opsPerSec"> 
           <double>203.991557129768</double> 
          </void> 
         </object> 
        </void> 
        <void method="add"> 
         <object class="jmbench.tools.runtime.RuntimeResults"> 
          <void property="error"> 
           <object idref="OutputError0"/> 
          </void> 
          <void property="opsPerSec"> 
           <double>204.70098508137983</double> 
          </void> 
         </object> 
        </void> 
        <void method="add"> 
         <object class="jmbench.tools.runtime.RuntimeResults"> 
          <void property="error"> 
           <object idref="OutputError0"/> 
          </void> 
          <void property="opsPerSec"> 
           <double>204.8875534856782</double> 
          </void> 
         </object> 
        </void> 
        <void method="add"> 
         <object class="jmbench.tools.runtime.RuntimeResults"> 
          <void property="error"> 
           <object idref="OutputError0"/> 
          </void> 
          <void property="opsPerSec"> 
           <double>203.65674173946277</double> 
          </void> 
         </object> 
        </void> 
        <void method="add"> 
         <object class="jmbench.tools.runtime.RuntimeResults"> 
          <void property="error"> 
           <object idref="OutputError0"/> 
          </void> 
          <void property="opsPerSec"> 
           <double>204.62571437700308</double> 
          </void> 
         </object> 
        </void> 
        <void method="add"> 
         <object class="jmbench.tools.runtime.RuntimeResults"> 
          <void property="error"> 
           <object idref="OutputError0"/> 
          </void> 
          <void property="opsPerSec"> 
           <double>201.70017956322351</double> 
          </void> 
         </object> 
        </void> 
        <void method="add"> 
         <object class="jmbench.tools.runtime.RuntimeResults"> 
          <void property="error"> 
           <object idref="OutputError0"/> 
          </void> 
          <void property="opsPerSec"> 
           <double>204.2949481168504</double> 
          </void> 
         </object> 
        </void> 
        <void method="add"> 
         <object class="jmbench.tools.runtime.RuntimeResults"> 
          <void property="error"> 
           <object idref="OutputError0"/> 
          </void> 
          <void property="opsPerSec"> 
           <double>204.08415365663592</double> 
          </void> 
         </object> 
        </void> 
       </object> 
      </void> 
      <void property="stdev"> 
       <double>2.705300075665029</double> 
      </void> 
     </object> 
    </void> 
    <void index="8"> 
     <object class="jmbench.tools.runtime.RuntimeEvaluationMetrics"> 
      <void property="max"> 
       <double>27.271632945544738</double> 
      </void> 
      <void property="mean"> 
       <double>26.992253409866724</double> 
      </void> 
      <void property="median"> 
       <double>27.076847194287417</double> 
      </void> 
      <void property="min"> 
       <double>26.476218299287154</double> 
      </void> 
      <void property="rawResults"> 
       <object class="java.util.ArrayList"> 
        <void method="add"> 
         <object class="jmbench.tools.runtime.RuntimeResults"> 
          <void property="error"> 
           <object idref="OutputError0"/> 
          </void> 
          <void property="opsPerSec"> 
           <double>26.476218299287154</double> 
          </void> 
         </object> 
        </void> 
        <void method="add"> 
         <object class="jmbench.tools.runtime.RuntimeResults"> 
          <void property="error"> 
           <object idref="OutputError0"/> 
          </void> 
          <void property="opsPerSec"> 
           <double>26.6730601047753</double> 
          </void> 
         </object> 
        </void> 
        <void method="add"> 
         <object class="jmbench.tools.runtime.RuntimeResults"> 
          <void property="error"> 
           <object idref="OutputError0"/> 
          </void> 
          <void property="opsPerSec"> 
           <double>26.825244672377746</double> 
          </void> 
         </object> 
        </void> 
        <void method="add"> 
         <object class="jmbench.tools.runtime.RuntimeResults"> 
          <void property="error"> 
           <object idref="OutputError0"/> 
          </void> 
          <void property="opsPerSec"> 
           <double>26.838496883065012</double> 
          </void> 
         </object> 
        </void> 
        <void method="add"> 
         <object class="jmbench.tools.runtime.RuntimeResults"> 
          <void property="error"> 
           <object idref="OutputError0"/> 
          </void> 
          <void property="opsPerSec"> 
           <double>27.002659279941604</double> 
          </void> 
         </object> 
        </void> 
        <void method="add"> 
         <object class="jmbench.tools.runtime.RuntimeResults"> 
          <void property="error"> 
           <object idref="OutputError0"/> 
          </void> 
          <void property="opsPerSec"> 
           <double>27.059000446747067</double> 
          </void> 
         </object> 
        </void> 
        <void method="add"> 
         <object class="jmbench.tools.runtime.RuntimeResults"> 
          <void property="error"> 
           <object idref="OutputError0"/> 
          </void> 
          <void property="opsPerSec"> 
           <double>27.068185782635723</double> 
          </void> 
         </object> 
        </void> 
        <void method="add"> 
         <object class="jmbench.tools.runtime.RuntimeResults"> 
          <void property="error"> 
           <object idref="OutputError0"/> 
          </void> 
          <void property="opsPerSec"> 
           <double>27.076847194287417</double> 
          </void> 
         </object> 
        </void> 
        <void method="add"> 
         <object class="jmbench.tools.runtime.RuntimeResults"> 
          <void property="error"> 
           <object idref="OutputError0"/> 
          </void> 
          <void property="opsPerSec"> 
           <double>27.086023403493545</double> 
          </void> 
         </object> 
        </void> 
        <void method="add"> 
         <object class="jmbench.tools.runtime.RuntimeResults"> 
          <void property="error"> 
           <object idref="OutputError0"/> 
          </void> 
          <void property="opsPerSec"> 
           <double>27.0934457520136</double> 
          </void> 
         </object> 
        </void> 
        <void method="add"> 
         <object class="jmbench.tools.runtime.RuntimeResults"> 
          <void property="error"> 
           <object idref="OutputError0"/> 
          </void> 
          <void property="opsPerSec"> 
           <double>27.114452870579584</double> 
          </void> 
         </object> 
        </void> 
        <void method="add"> 
         <object class="jmbench.tools.runtime.RuntimeResults"> 
          <void property="error"> 
           <object idref="OutputError0"/> 
          </void> 
          <void property="opsPerSec"> 
           <double>27.1481614713039</double> 
          </void> 
         </object> 
        </void> 
        <void method="add"> 
         <object class="jmbench.tools.runtime.RuntimeResults"> 
          <void property="error"> 
           <object idref="OutputError0"/> 
          </void> 
          <void property="opsPerSec"> 
           <double>27.171761624525057</double> 
          </void> 
         </object> 
        </void> 
        <void method="add"> 
         <object class="jmbench.tools.runtime.RuntimeResults"> 
          <void property="error"> 
           <object idref="OutputError0"/> 
          </void> 
          <void property="opsPerSec"> 
           <double>27.17813946212292</double> 
          </void> 
         </object> 
        </void> 
        <void method="add"> 
         <object class="jmbench.tools.runtime.RuntimeResults"> 
          <void property="error"> 
           <object idref="OutputError0"/> 
          </void> 
          <void property="opsPerSec"> 
           <double>27.18469716852214</double> 
          </void> 
         </object> 
        </void> 
        <void method="add"> 
         <object class="jmbench.tools.runtime.RuntimeResults"> 
          <void property="error"> 
           <object idref="OutputError0"/> 
          </void> 
          <void property="opsPerSec"> 
           <double>27.199433820831352</double> 
          </void> 
         </object> 
        </void> 
        <void method="add"> 
         <object class="jmbench.tools.runtime.RuntimeResults"> 
          <void property="error"> 
           <object idref="OutputError0"/> 
          </void> 
          <void property="opsPerSec"> 
           <double>27.214679733657963</double> 
          </void> 
         </object> 
        </void> 
        <void method="add"> 
         <object class="jmbench.tools.runtime.RuntimeResults"> 
          <void property="error"> 
           <object idref="OutputError0"/> 
          </void> 
          <void property="opsPerSec"> 
           <double>27.215509292456357</double> 
          </void> 
         </object> 
        </void> 
        <void method="add"> 
         <object class="jmbench.tools.runtime.RuntimeResults"> 
          <void property="error"> 
           <object idref="OutputError0"/> 
          </void> 
          <void property="opsPerSec"> 
           <double>27.216911759448955</double> 
          </void> 
         </object> 
        </void> 
        <void method="add"> 
         <object class="jmbench.tools.runtime.RuntimeResults"> 
          <void property="error"> 
           <object idref="OutputError0"/> 
          </void> 
          <void property="opsPerSec"> 
           <double>27.271632945544738</double> 
          </void> 
         </object> 
        </void> 
        <void method="add"> 
         <object class="jmbench.tools.runtime.RuntimeResults"> 
          <void property="error"> 
           <object idref="OutputError0"/> 
          </void> 
          <void property="opsPerSec"> 
           <double>26.827019704236722</double> 
          </void> 
         </object> 
        </void> 
        <void method="add"> 
         <object class="jmbench.tools.runtime.RuntimeResults"> 
          <void property="error"> 
           <object idref="OutputError0"/> 
          </void> 
          <void property="opsPerSec"> 
           <double>26.64613822737695</double> 
          </void> 
         </object> 
        </void> 
        <void method="add"> 
         <object class="jmbench.tools.runtime.RuntimeResults"> 
          <void property="error"> 
           <object idref="OutputError0"/> 
          </void> 
          <void property="opsPerSec"> 
           <double>26.811335835606485</double> 
          </void> 
         </object> 
        </void> 
        <void method="add"> 
         <object class="jmbench.tools.runtime.RuntimeResults"> 
          <void property="error"> 
           <object idref="OutputError0"/> 
          </void> 
          <void property="opsPerSec"> 
           <double>26.596675407299568</double> 
          </void> 
         </object> 
        </void> 
        <void method="add"> 
         <object class="jmbench.tools.runtime.RuntimeResults"> 
          <void property="error"> 
           <object idref="OutputError0"/> 
          </void> 
          <void property="opsPerSec"> 
           <double>26.8106041045313</double> 
          </void> 
         </object> 
        </void> 
       </object> 
      </void> 
      <void property="stdev"> 
       <double>0.22265230307758657</double> 
      </void> 
     </object> 
    </void> 
    <void index="9"> 
     <object class="jmbench.tools.runtime.RuntimeEvaluationMetrics"> 
      <void property="max"> 
       <double>0.762710194136091</double> 
      </void> 
      <void property="mean"> 
       <double>0.7416210598604742</double> 
      </void> 
      <void property="median"> 
       <double>0.7416800836944045</double> 
      </void> 
      <void property="min"> 
       <double>0.7172413955480305</double> 
      </void> 
      <void property="rawResults"> 
       <object class="java.util.ArrayList"> 
        <void method="add"> 
         <object class="jmbench.tools.runtime.RuntimeResults"> 
          <void property="error"> 
           <object idref="OutputError0"/> 
          </void> 
          <void property="opsPerSec"> 
           <double>0.7172413955480305</double> 
          </void> 
         </object> 
        </void> 
        <void method="add"> 
         <object class="jmbench.tools.runtime.RuntimeResults"> 
          <void property="error"> 
           <object idref="OutputError0"/> 
          </void> 
          <void property="opsPerSec"> 
           <double>0.7232856943999385</double> 
          </void> 
         </object> 
        </void> 
        <void method="add"> 
         <object class="jmbench.tools.runtime.RuntimeResults"> 
          <void property="error"> 
           <object idref="OutputError0"/> 
          </void> 
          <void property="opsPerSec"> 
           <double>0.7265480735081962</double> 
          </void> 
         </object> 
        </void> 
        <void method="add"> 
         <object class="jmbench.tools.runtime.RuntimeResults"> 
          <void property="error"> 
           <object idref="OutputError0"/> 
          </void> 
          <void property="opsPerSec"> 
           <double>0.7364492444240149</double> 
          </void> 
         </object> 
        </void> 
        <void method="add"> 
         <object class="jmbench.tools.runtime.RuntimeResults"> 
          <void property="error"> 
           <object idref="OutputError0"/> 
          </void> 
          <void property="opsPerSec"> 
           <double>0.7368324630993996</double> 
          </void> 
         </object> 
        </void> 
        <void method="add"> 
         <object class="jmbench.tools.runtime.RuntimeResults"> 
          <void property="error"> 
           <object idref="OutputError0"/> 
          </void> 
          <void property="opsPerSec"> 
           <double>0.7389988210739491</double> 
          </void> 
         </object> 
        </void> 
        <void method="add"> 
         <object class="jmbench.tools.runtime.RuntimeResults"> 
          <void property="error"> 
           <object idref="OutputError0"/> 
          </void> 
          <void property="opsPerSec"> 
           <double>0.7395320829203099</double> 
          </void> 
         </object> 
        </void> 
        <void method="add"> 
         <object class="jmbench.tools.runtime.RuntimeResults"> 
          <void property="error"> 
           <object idref="OutputError0"/> 
          </void> 
          <void property="opsPerSec"> 
           <double>0.7398475186298957</double> 
          </void> 
         </object> 
        </void> 
        <void method="add"> 
         <object class="jmbench.tools.runtime.RuntimeResults"> 
          <void property="error"> 
           <object idref="OutputError0"/> 
          </void> 
          <void property="opsPerSec"> 
           <double>0.7408956951422297</double> 
          </void> 
         </object> 
        </void> 
        <void method="add"> 
         <object class="jmbench.tools.runtime.RuntimeResults"> 
          <void property="error"> 
           <object idref="OutputError0"/> 
          </void> 
          <void property="opsPerSec"> 
           <double>0.7416800836944045</double> 
          </void> 
         </object> 
        </void> 
        <void method="add"> 
         <object class="jmbench.tools.runtime.RuntimeResults"> 
          <void property="error"> 
           <object idref="OutputError0"/> 
          </void> 
          <void property="opsPerSec"> 
           <double>0.7420228877681968</double> 
          </void> 
         </object> 
        </void> 
        <void method="add"> 
         <object class="jmbench.tools.runtime.RuntimeResults"> 
          <void property="error"> 
           <object idref="OutputError0"/> 
          </void> 
          <void property="opsPerSec"> 
           <double>0.7450626560440601</double> 
          </void> 
         </object> 
        </void> 
        <void method="add"> 
         <object class="jmbench.tools.runtime.RuntimeResults"> 
          <void property="error"> 
           <object idref="OutputError0"/> 
          </void> 
          <void property="opsPerSec"> 
           <double>0.7458936772247622</double> 
          </void> 
         </object> 
        </void> 
        <void method="add"> 
         <object class="jmbench.tools.runtime.RuntimeResults"> 
          <void property="error"> 
           <object idref="OutputError0"/> 
          </void> 
          <void property="opsPerSec"> 
           <double>0.7481054383136323</double> 
          </void> 
         </object> 
        </void> 
        <void method="add"> 
         <object class="jmbench.tools.runtime.RuntimeResults"> 
          <void property="error"> 
           <object idref="OutputError0"/> 
          </void> 
          <void property="opsPerSec"> 
           <double>0.7502846281641115</double> 
          </void> 
         </object> 
        </void> 
        <void method="add"> 
         <object class="jmbench.tools.runtime.RuntimeResults"> 
          <void property="error"> 
           <object idref="OutputError0"/> 
          </void> 
          <void property="opsPerSec"> 
           <double>0.7509499650351313</double> 
          </void> 
         </object> 
        </void> 
        <void method="add"> 
         <object class="jmbench.tools.runtime.RuntimeResults"> 
          <void property="error"> 
           <object idref="OutputError0"/> 
          </void> 
          <void property="opsPerSec"> 
           <double>0.7530312571053127</double> 
          </void> 
         </object> 
        </void> 
        <void method="add"> 
         <object class="jmbench.tools.runtime.RuntimeResults"> 
          <void property="error"> 
           <object idref="OutputError0"/> 
          </void> 
          <void property="opsPerSec"> 
           <double>0.7537465755550034</double> 
          </void> 
         </object> 
        </void> 
        <void method="add"> 
         <object class="jmbench.tools.runtime.RuntimeResults"> 
          <void property="error"> 
           <object idref="OutputError0"/> 
          </void> 
          <void property="opsPerSec"> 
           <double>0.7567926547186228</double> 
          </void> 
         </object> 
        </void> 
        <void method="add"> 
         <object class="jmbench.tools.runtime.RuntimeResults"> 
          <void property="error"> 
           <object idref="OutputError0"/> 
          </void> 
          <void property="opsPerSec"> 
           <double>0.762710194136091</double> 
          </void> 
         </object> 
        </void> 
        <void method="add"> 
         <object class="jmbench.tools.runtime.RuntimeResults"> 
          <void property="error"> 
           <object idref="OutputError0"/> 
          </void> 
          <void property="opsPerSec"> 
           <double>0.7296273314242394</double> 
          </void> 
         </object> 
        </void> 
        <void method="add"> 
         <object class="jmbench.tools.runtime.RuntimeResults"> 
          <void property="error"> 
           <object idref="OutputError0"/> 
          </void> 
          <void property="opsPerSec"> 
           <double>0.7341215398583391</double> 
          </void> 
         </object> 
        </void> 
        <void method="add"> 
         <object class="jmbench.tools.runtime.RuntimeResults"> 
          <void property="error"> 
           <object idref="OutputError0"/> 
          </void> 
          <void property="opsPerSec"> 
           <double>0.7440917478221079</double> 
          </void> 
         </object> 
        </void> 
        <void method="add"> 
         <object class="jmbench.tools.runtime.RuntimeResults"> 
          <void property="error"> 
           <object idref="OutputError0"/> 
          </void> 
          <void property="opsPerSec"> 
           <double>0.742893556018272</double> 
          </void> 
         </object> 
        </void> 
        <void method="add"> 
         <object class="jmbench.tools.runtime.RuntimeResults"> 
          <void property="error"> 
           <object idref="OutputError0"/> 
          </void> 
          <void property="opsPerSec"> 
           <double>0.7398813148836005</double> 
          </void> 
         </object> 
        </void> 
       </object> 
      </void> 
      <void property="stdev"> 
       <double>0.010236656690335567</double> 
      </void> 
     </object> 
    </void> 
    <void index="10"> 
     <object class="jmbench.tools.runtime.RuntimeEvaluationMetrics"> 
      <void property="max"> 
       <double>0.0722005142110514</double> 
      </void> 
      <void property="mean"> 
       <double>0.07114815831055528</double> 
      </void> 
      <void property="median"> 
       <double>0.07203377408436747</double> 
      </void> 
      <void property="min"> 
       <double>0.07006052864098743</double> 
      </void> 
      <void property="rawResults"> 
       <object class="java.util.ArrayList"> 
        <void method="add"> 
         <object class="jmbench.tools.runtime.RuntimeResults"> 
          <void property="error"> 
           <object idref="OutputError0"/> 
          </void> 
          <void property="opsPerSec"> 
           <double>0.07029781630581479</double> 
          </void> 
         </object> 
        </void> 
        <void method="add"> 
         <object class="jmbench.tools.runtime.RuntimeResults"> 
          <void property="error"> 
           <object idref="OutputError0"/> 
          </void> 
          <void property="opsPerSec"> 
           <double>0.0722005142110514</double> 
          </void> 
         </object> 
        </void> 
        <void method="add"> 
         <object class="jmbench.tools.runtime.RuntimeResults"> 
          <void property="error"> 
           <object idref="OutputError0"/> 
          </void> 
          <void property="opsPerSec"> 
           <double>0.07203377408436747</double> 
          </void> 
         </object> 
        </void> 
        <void method="add"> 
         <object class="jmbench.tools.runtime.RuntimeResults"> 
          <void property="error"> 
           <object idref="OutputError0"/> 
          </void> 
          <void property="opsPerSec"> 
           <double>0.07006052864098743</double> 
          </void> 
         </object> 
        </void> 
       </object> 
      </void> 
      <void property="stdev"> 
       <double>9.743957182895875E-4</double> 
      </void> 
     </object> 
    </void> 
   </array> 
  </void> 
  <void property="opName"> 
   <string>QR</string> 
  </void> 
 </object> 
</java> 
