<?xml version="1.0" encoding="UTF-8"?> 
<java version="1.6.0_16" class="java.beans.XMLDecoder"> 
 <object class="jmbench.tools.runtime.OperationResults"> 
  <void property="library"> 
   <object class="jmbench.impl.MatrixLibrary" method="valueOf"> 
    <string>COLT</string> 
   </object> 
  </void> 
  <void property="matDimen"> 
   <array class="int" length="12"> 
    <void index="0"> 
     <int>2</int> 
    </void> 
    <void index="1"> 
     <int>3</int> 
    </void> 
    <void index="2"> 
     <int>4</int> 
    </void> 
    <void index="3"> 
     <int>5</int> 
    </void> 
    <void index="4"> 
     <int>10</int> 
    </void> 
    <void index="5"> 
     <int>20</int> 
    </void> 
    <void index="6"> 
     <int>50</int> 
    </void> 
    <void index="7"> 
     <int>100</int> 
    </void> 
    <void index="8"> 
     <int>200</int> 
    </void> 
    <void index="9"> 
     <int>500</int> 
    </void> 
    <void index="10"> 
     <int>1000</int> 
    </void> 
    <void index="11"> 
     <int>2000</int> 
    </void> 
   </array> 
  </void> 
  <void property="metrics"> 
   <array class="jmbench.tools.EvaluationMetrics" length="12"> 
    <void index="0"> 
     <object class="jmbench.tools.EvaluationMetrics"> 
      <void property="max"> 
       <double>5910409.450978989</double> 
      </void> 
      <void property="mean"> 
       <double>5742765.109149014</double> 
      </void> 
      <void property="median"> 
       <double>5799879.442789533</double> 
      </void> 
      <void property="min"> 
       <double>5231016.14456601</double> 
      </void> 
      <void property="rawResults"> 
       <object class="java.util.ArrayList"> 
        <void method="add"> 
         <double>5560658.822990622</double> 
        </void> 
        <void method="add"> 
         <double>5565287.390737484</double> 
        </void> 
        <void method="add"> 
         <double>5565865.946837712</double> 
        </void> 
        <void method="add"> 
         <double>5573486.78484202</double> 
        </void> 
        <void method="add"> 
         <double>5574330.754801361</double> 
        </void> 
        <void method="add"> 
         <double>5780633.862210475</double> 
        </void> 
        <void method="add"> 
         <double>5793064.150957988</double> 
        </void> 
        <void method="add"> 
         <double>5799879.442789533</double> 
        </void> 
        <void method="add"> 
         <double>5800250.655004348</double> 
        </void> 
        <void method="add"> 
         <double>5803118.270555781</double> 
        </void> 
        <void method="add"> 
         <double>5806796.700609696</double> 
        </void> 
        <void method="add"> 
         <double>5809406.626845694</double> 
        </void> 
        <void method="add"> 
         <double>5810180.401116444</double> 
        </void> 
        <void method="add"> 
         <double>5829198.633849992</double> 
        </void> 
        <void method="add"> 
         <double>5850059.441666928</double> 
        </void> 
        <void method="add"> 
         <double>5895967.10414591</double> 
        </void> 
        <void method="add"> 
         <double>5903882.912401397</double> 
        </void> 
        <void method="add"> 
         <double>5903884.237847729</double> 
        </void> 
        <void method="add"> 
         <double>5906927.89400754</double> 
        </void> 
        <void method="add"> 
         <double>5910409.450978989</double> 
        </void> 
        <void method="add"> 
         <double>5231016.14456601</double> 
        </void> 
        <void method="add"> 
         <double>5543621.878815464</double> 
        </void> 
        <void method="add"> 
         <double>5784401.660211989</double> 
        </void> 
        <void method="add"> 
         <double>5778262.155265803</double> 
        </void> 
        <void method="add"> 
         <double>5788536.404668467</double> 
        </void> 
       </object> 
      </void> 
      <void property="stdev"> 
       <double>159536.6412630575</double> 
      </void> 
     </object> 
    </void> 
    <void index="1"> 
     <object class="jmbench.tools.EvaluationMetrics"> 
      <void property="max"> 
       <double>3557367.3723871247</double> 
      </void> 
      <void property="mean"> 
       <double>3516939.9635900096</double> 
      </void> 
      <void property="median"> 
       <double>3532641.6837907243</double> 
      </void> 
      <void property="min"> 
       <double>3350815.0767715536</double> 
      </void> 
      <void property="rawResults"> 
       <object class="java.util.ArrayList"> 
        <void method="add"> 
         <double>3350815.0767715536</double> 
        </void> 
        <void method="add"> 
         <double>3368028.1067015463</double> 
        </void> 
        <void method="add"> 
         <double>3470026.330457788</double> 
        </void> 
        <void method="add"> 
         <double>3497507.075333405</double> 
        </void> 
        <void method="add"> 
         <double>3500790.832160205</double> 
        </void> 
        <void method="add"> 
         <double>3515526.5325342817</double> 
        </void> 
        <void method="add"> 
         <double>3519397.674235602</double> 
        </void> 
        <void method="add"> 
         <double>3523397.14194835</double> 
        </void> 
        <void method="add"> 
         <double>3528609.2909479495</double> 
        </void> 
        <void method="add"> 
         <double>3529490.049305547</double> 
        </void> 
        <void method="add"> 
         <double>3529588.3288786933</double> 
        </void> 
        <void method="add"> 
         <double>3530146.6290630456</double> 
        </void> 
        <void method="add"> 
         <double>3533012.728545967</double> 
        </void> 
        <void method="add"> 
         <double>3533650.072519917</double> 
        </void> 
        <void method="add"> 
         <double>3535665.6770005296</double> 
        </void> 
        <void method="add"> 
         <double>3536532.625178899</double> 
        </void> 
        <void method="add"> 
         <double>3537406.8063515276</double> 
        </void> 
        <void method="add"> 
         <double>3539364.8917081966</double> 
        </void> 
        <void method="add"> 
         <double>3541628.567627653</double> 
        </void> 
        <void method="add"> 
         <double>3557367.3723871247</double> 
        </void> 
        <void method="add"> 
         <double>3532641.6837907243</double> 
        </void> 
        <void method="add"> 
         <double>3550352.792893236</double> 
        </void> 
        <void method="add"> 
         <double>3555776.994079359</double> 
        </void> 
        <void method="add"> 
         <double>3554208.183170573</double> 
        </void> 
        <void method="add"> 
         <double>3552567.626158571</double> 
        </void> 
       </object> 
      </void> 
      <void property="stdev"> 
       <double>50301.742513067715</double> 
      </void> 
     </object> 
    </void> 
    <void index="2"> 
     <object class="jmbench.tools.EvaluationMetrics"> 
      <void property="max"> 
       <double>2192838.5592584554</double> 
      </void> 
      <void property="mean"> 
       <double>2116282.2935809055</double> 
      </void> 
      <void property="median"> 
       <double>2096713.0544901467</double> 
      </void> 
      <void property="min"> 
       <double>1996956.2995807354</double> 
      </void> 
      <void property="rawResults"> 
       <object class="java.util.ArrayList"> 
        <void method="add"> 
         <double>2077756.8675440967</double> 
        </void> 
        <void method="add"> 
         <double>2081462.5326934985</double> 
        </void> 
        <void method="add"> 
         <double>2083093.4466423583</double> 
        </void> 
        <void method="add"> 
         <double>2083229.3800315086</double> 
        </void> 
        <void method="add"> 
         <double>2083243.482848536</double> 
        </void> 
        <void method="add"> 
         <double>2084142.3137425713</double> 
        </void> 
        <void method="add"> 
         <double>2084684.7028961813</double> 
        </void> 
        <void method="add"> 
         <double>2085421.6801439126</double> 
        </void> 
        <void method="add"> 
         <double>2086089.8894700601</double> 
        </void> 
        <void method="add"> 
         <double>2090576.6393919326</double> 
        </void> 
        <void method="add"> 
         <double>2162785.9455709257</double> 
        </void> 
        <void method="add"> 
         <double>2163268.000868563</double> 
        </void> 
        <void method="add"> 
         <double>2168981.9166350355</double> 
        </void> 
        <void method="add"> 
         <double>2170881.3326760824</double> 
        </void> 
        <void method="add"> 
         <double>2173211.312365417</double> 
        </void> 
        <void method="add"> 
         <double>2174665.3881114363</double> 
        </void> 
        <void method="add"> 
         <double>2182282.26110196</double> 
        </void> 
        <void method="add"> 
         <double>2188871.5419427343</double> 
        </void> 
        <void method="add"> 
         <double>2189786.340275319</double> 
        </void> 
        <void method="add"> 
         <double>2192838.5592584554</double> 
        </void> 
        <void method="add"> 
         <double>2011776.0245111424</double> 
        </void> 
        <void method="add"> 
         <double>1996956.2995807354</double> 
        </void> 
        <void method="add"> 
         <double>2096977.4947573242</double> 
        </void> 
        <void method="add"> 
         <double>2096713.0544901467</double> 
        </void> 
        <void method="add"> 
         <double>2097360.931972697</double> 
        </void> 
       </object> 
      </void> 
      <void property="stdev"> 
       <double>54581.740787879535</double> 
      </void> 
     </object> 
    </void> 
    <void index="3"> 
     <object class="jmbench.tools.EvaluationMetrics"> 
      <void property="max"> 
       <double>1474978.012001878</double> 
      </void> 
      <void property="mean"> 
       <double>1408829.5652467273</double> 
      </void> 
      <void property="median"> 
       <double>1395032.363891866</double> 
      </void> 
      <void property="min"> 
       <double>1349636.079851662</double> 
      </void> 
      <void property="rawResults"> 
       <object class="java.util.ArrayList"> 
        <void method="add"> 
         <double>1349636.079851662</double> 
        </void> 
        <void method="add"> 
         <double>1361845.9820430093</double> 
        </void> 
        <void method="add"> 
         <double>1363702.5014772967</double> 
        </void> 
        <void method="add"> 
         <double>1364875.321668188</double> 
        </void> 
        <void method="add"> 
         <double>1365635.4380389494</double> 
        </void> 
        <void method="add"> 
         <double>1377072.9868263118</double> 
        </void> 
        <void method="add"> 
         <double>1382441.387216525</double> 
        </void> 
        <void method="add"> 
         <double>1395032.363891866</double> 
        </void> 
        <void method="add"> 
         <double>1414740.3329828205</double> 
        </void> 
        <void method="add"> 
         <double>1422811.1761374185</double> 
        </void> 
        <void method="add"> 
         <double>1428174.5510360827</double> 
        </void> 
        <void method="add"> 
         <double>1434464.2366627494</double> 
        </void> 
        <void method="add"> 
         <double>1439102.992442142</double> 
        </void> 
        <void method="add"> 
         <double>1439323.8181815378</double> 
        </void> 
        <void method="add"> 
         <double>1439392.6278415078</double> 
        </void> 
        <void method="add"> 
         <double>1440461.1445657208</double> 
        </void> 
        <void method="add"> 
         <double>1467811.8348814372</double> 
        </void> 
        <void method="add"> 
         <double>1470102.4211115937</double> 
        </void> 
        <void method="add"> 
         <double>1473318.748839387</double> 
        </void> 
        <void method="add"> 
         <double>1474978.012001878</double> 
        </void> 
        <void method="add"> 
         <double>1391067.5806062068</double> 
        </void> 
        <void method="add"> 
         <double>1379514.084462742</double> 
        </void> 
        <void method="add"> 
         <double>1385295.8081296692</double> 
        </void> 
        <void method="add"> 
         <double>1381667.5677979607</double> 
        </void> 
        <void method="add"> 
         <double>1378270.1324735165</double> 
        </void> 
       </object> 
      </void> 
      <void property="stdev"> 
       <double>38808.044955811194</double> 
      </void> 
     </object> 
    </void> 
    <void index="4"> 
     <object class="jmbench.tools.EvaluationMetrics"> 
      <void property="max"> 
       <double>366200.38298468397</double> 
      </void> 
      <void property="mean"> 
       <double>359146.48476267856</double> 
      </void> 
      <void property="median"> 
       <double>360639.9927554347</double> 
      </void> 
      <void property="min"> 
       <double>348209.7726734761</double> 
      </void> 
      <void property="rawResults"> 
       <object class="java.util.ArrayList"> 
        <void method="add"> 
         <double>348209.7726734761</double> 
        </void> 
        <void method="add"> 
         <double>348677.56409165997</double> 
        </void> 
        <void method="add"> 
         <double>349471.464772046</double> 
        </void> 
        <void method="add"> 
         <double>349535.64349274436</double> 
        </void> 
        <void method="add"> 
         <double>349618.6800896303</double> 
        </void> 
        <void method="add"> 
         <double>352621.966263969</double> 
        </void> 
        <void method="add"> 
         <double>360435.350148</double> 
        </void> 
        <void method="add"> 
         <double>360639.9927554347</double> 
        </void> 
        <void method="add"> 
         <double>360981.5928355148</double> 
        </void> 
        <void method="add"> 
         <double>361112.63348326046</double> 
        </void> 
        <void method="add"> 
         <double>361346.83169940015</double> 
        </void> 
        <void method="add"> 
         <double>361633.2586501525</double> 
        </void> 
        <void method="add"> 
         <double>362016.21298412385</double> 
        </void> 
        <void method="add"> 
         <double>365112.3279797667</double> 
        </void> 
        <void method="add"> 
         <double>365440.2728869489</double> 
        </void> 
        <void method="add"> 
         <double>365947.737391161</double> 
        </void> 
        <void method="add"> 
         <double>365994.1687704191</double> 
        </void> 
        <void method="add"> 
         <double>366056.49984843493</double> 
        </void> 
        <void method="add"> 
         <double>366075.1830493458</double> 
        </void> 
        <void method="add"> 
         <double>366200.38298468397</double> 
        </void> 
        <void method="add"> 
         <double>357924.42143082555</double> 
        </void> 
        <void method="add"> 
         <double>356774.2473924014</double> 
        </void> 
        <void method="add"> 
         <double>357367.1924020646</double> 
        </void> 
        <void method="add"> 
         <double>359773.9794879938</double> 
        </void> 
        <void method="add"> 
         <double>359694.7415035062</double> 
        </void> 
       </object> 
      </void> 
      <void property="stdev"> 
       <double>6012.5314200199155</double> 
      </void> 
     </object> 
    </void> 
    <void index="5"> 
     <object class="jmbench.tools.EvaluationMetrics"> 
      <void property="max"> 
       <double>83409.27565631706</double> 
      </void> 
      <void property="mean"> 
       <double>78459.40712917293</double> 
      </void> 
      <void property="median"> 
       <double>77310.24451745489</double> 
      </void> 
      <void property="min"> 
       <double>76046.70832171051</double> 
      </void> 
      <void property="rawResults"> 
       <object class="java.util.ArrayList"> 
        <void method="add"> 
         <double>76046.70832171051</double> 
        </void> 
        <void method="add"> 
         <double>76228.7847489474</double> 
        </void> 
        <void method="add"> 
         <double>76303.70556131624</double> 
        </void> 
        <void method="add"> 
         <double>76315.087244543</double> 
        </void> 
        <void method="add"> 
         <double>76348.18379915867</double> 
        </void> 
        <void method="add"> 
         <double>76353.45652620032</double> 
        </void> 
        <void method="add"> 
         <double>76486.73773207018</double> 
        </void> 
        <void method="add"> 
         <double>76534.07537308837</double> 
        </void> 
        <void method="add"> 
         <double>76577.12632988328</double> 
        </void> 
        <void method="add"> 
         <double>76619.51687238323</double> 
        </void> 
        <void method="add"> 
         <double>77036.13040727584</double> 
        </void> 
        <void method="add"> 
         <double>77234.46238479263</double> 
        </void> 
        <void method="add"> 
         <double>77310.24451745489</double> 
        </void> 
        <void method="add"> 
         <double>77442.46586037791</double> 
        </void> 
        <void method="add"> 
         <double>77572.50877301107</double> 
        </void> 
        <void method="add"> 
         <double>78884.83366730536</double> 
        </void> 
        <void method="add"> 
         <double>78927.65234220485</double> 
        </void> 
        <void method="add"> 
         <double>78949.63111652092</double> 
        </void> 
        <void method="add"> 
         <double>78989.12639448314</double> 
        </void> 
        <void method="add"> 
         <double>79048.50915353477</double> 
        </void> 
        <void method="add"> 
         <double>83276.7692061156</double> 
        </void> 
        <void method="add"> 
         <double>83409.27565631706</double> 
        </void> 
        <void method="add"> 
         <double>83266.34938512085</double> 
        </void> 
        <void method="add"> 
         <double>83002.82864635315</double> 
        </void> 
        <void method="add"> 
         <double>83321.00820915458</double> 
        </void> 
       </object> 
      </void> 
      <void property="stdev"> 
       <double>2580.6138984142685</double> 
      </void> 
     </object> 
    </void> 
    <void index="6"> 
     <object class="jmbench.tools.EvaluationMetrics"> 
      <void property="max"> 
       <double>10186.925255977325</double> 
      </void> 
      <void property="mean"> 
       <double>10114.561919732037</double> 
      </void> 
      <void property="median"> 
       <double>10113.77607580203</double> 
      </void> 
      <void property="min"> 
       <double>9962.181168833313</double> 
      </void> 
      <void property="rawResults"> 
       <object class="java.util.ArrayList"> 
        <void method="add"> 
         <double>10044.747931468173</double> 
        </void> 
        <void method="add"> 
         <double>10055.339695889192</double> 
        </void> 
        <void method="add"> 
         <double>10092.11379528734</double> 
        </void> 
        <void method="add"> 
         <double>10099.337100979305</double> 
        </void> 
        <void method="add"> 
         <double>10102.38132952986</double> 
        </void> 
        <void method="add"> 
         <double>10109.894520126043</double> 
        </void> 
        <void method="add"> 
         <double>10111.245370799104</double> 
        </void> 
        <void method="add"> 
         <double>10112.31646013126</double> 
        </void> 
        <void method="add"> 
         <double>10117.486226400863</double> 
        </void> 
        <void method="add"> 
         <double>10120.518319827068</double> 
        </void> 
        <void method="add"> 
         <double>10128.294792894101</double> 
        </void> 
        <void method="add"> 
         <double>10136.894386666227</double> 
        </void> 
        <void method="add"> 
         <double>10138.110677975537</double> 
        </void> 
        <void method="add"> 
         <double>10145.627991434814</double> 
        </void> 
        <void method="add"> 
         <double>10145.960164013626</double> 
        </void> 
        <void method="add"> 
         <double>10150.840292209026</double> 
        </void> 
        <void method="add"> 
         <double>10165.914698428665</double> 
        </void> 
        <void method="add"> 
         <double>10174.656973605015</double> 
        </void> 
        <void method="add"> 
         <double>10180.115068859406</double> 
        </void> 
        <void method="add"> 
         <double>10186.925255977325</double> 
        </void> 
        <void method="add"> 
         <double>10113.77607580203</double> 
        </void> 
        <void method="add"> 
         <double>10092.065994595938</double> 
        </void> 
        <void method="add"> 
         <double>10082.398698908957</double> 
        </void> 
        <void method="add"> 
         <double>10094.90500265873</double> 
        </void> 
        <void method="add"> 
         <double>9962.181168833313</double> 
        </void> 
       </object> 
      </void> 
      <void property="stdev"> 
       <double>46.81272602517731</double> 
      </void> 
     </object> 
    </void> 
    <void index="7"> 
     <object class="jmbench.tools.EvaluationMetrics"> 
      <void property="max"> 
       <double>1622.201349236952</double> 
      </void> 
      <void property="mean"> 
       <double>1611.058100872623</double> 
      </void> 
      <void property="median"> 
       <double>1615.3562261571094</double> 
      </void> 
      <void property="min"> 
       <double>1591.9108217708736</double> 
      </void> 
      <void property="rawResults"> 
       <object class="java.util.ArrayList"> 
        <void method="add"> 
         <double>1591.9108217708736</double> 
        </void> 
        <void method="add"> 
         <double>1591.9119927413872</double> 
        </void> 
        <void method="add"> 
         <double>1594.0553574816386</double> 
        </void> 
        <void method="add"> 
         <double>1597.6178880383056</double> 
        </void> 
        <void method="add"> 
         <double>1600.2085644096796</double> 
        </void> 
        <void method="add"> 
         <double>1601.0695198029453</double> 
        </void> 
        <void method="add"> 
         <double>1607.2739000504644</double> 
        </void> 
        <void method="add"> 
         <double>1609.1828927482345</double> 
        </void> 
        <void method="add"> 
         <double>1609.2822215310746</double> 
        </void> 
        <void method="add"> 
         <double>1610.1091778582609</double> 
        </void> 
        <void method="add"> 
         <double>1612.6027227808454</double> 
        </void> 
        <void method="add"> 
         <double>1614.620459156489</double> 
        </void> 
        <void method="add"> 
         <double>1615.3562261571094</double> 
        </void> 
        <void method="add"> 
         <double>1617.1362131602853</double> 
        </void> 
        <void method="add"> 
         <double>1617.284441663398</double> 
        </void> 
        <void method="add"> 
         <double>1617.3000249898264</double> 
        </void> 
        <void method="add"> 
         <double>1617.8117816117735</double> 
        </void> 
        <void method="add"> 
         <double>1617.9520509044366</double> 
        </void> 
        <void method="add"> 
         <double>1620.8764325209115</double> 
        </void> 
        <void method="add"> 
         <double>1622.201349236952</double> 
        </void> 
        <void method="add"> 
         <double>1616.7879089175744</double> 
        </void> 
        <void method="add"> 
         <double>1618.3188937559557</double> 
        </void> 
        <void method="add"> 
         <double>1619.8172230541759</double> 
        </void> 
        <void method="add"> 
         <double>1620.094894358279</double> 
        </void> 
        <void method="add"> 
         <double>1615.6695631147072</double> 
        </void> 
       </object> 
      </void> 
      <void property="stdev"> 
       <double>9.31543553567179</double> 
      </void> 
     </object> 
    </void> 
    <void index="8"> 
     <object class="jmbench.tools.EvaluationMetrics"> 
      <void property="max"> 
       <double>246.92898166099076</double> 
      </void> 
      <void property="mean"> 
       <double>243.66747597762583</double> 
      </void> 
      <void property="median"> 
       <double>244.57389318853808</double> 
      </void> 
      <void property="min"> 
       <double>240.02845485152164</double> 
      </void> 
      <void property="rawResults"> 
       <object class="java.util.ArrayList"> 
        <void method="add"> 
         <double>240.32127651247973</double> 
        </void> 
        <void method="add"> 
         <double>240.6308768732676</double> 
        </void> 
        <void method="add"> 
         <double>241.13392739004613</double> 
        </void> 
        <void method="add"> 
         <double>241.70797184179258</double> 
        </void> 
        <void method="add"> 
         <double>241.83962874414604</double> 
        </void> 
        <void method="add"> 
         <double>242.2950157532581</double> 
        </void> 
        <void method="add"> 
         <double>242.3081868559289</double> 
        </void> 
        <void method="add"> 
         <double>242.43360800551147</double> 
        </void> 
        <void method="add"> 
         <double>242.545265586527</double> 
        </void> 
        <void method="add"> 
         <double>242.58823910190623</double> 
        </void> 
        <void method="add"> 
         <double>244.52227276033693</double> 
        </void> 
        <void method="add"> 
         <double>244.60657419546126</double> 
        </void> 
        <void method="add"> 
         <double>244.72653428189906</double> 
        </void> 
        <void method="add"> 
         <double>244.82258877383245</double> 
        </void> 
        <void method="add"> 
         <double>244.9097384837902</double> 
        </void> 
        <void method="add"> 
         <double>245.011611533422</double> 
        </void> 
        <void method="add"> 
         <double>245.11258176663947</double> 
        </void> 
        <void method="add"> 
         <double>246.84638819152275</double> 
        </void> 
        <void method="add"> 
         <double>246.84655754679898</double> 
        </void> 
        <void method="add"> 
         <double>246.92898166099076</double> 
        </void> 
        <void method="add"> 
         <double>245.11437038032926</double> 
        </void> 
        <void method="add"> 
         <double>240.02845485152164</double> 
        </void> 
        <void method="add"> 
         <double>244.57389318853808</double> 
        </void> 
        <void method="add"> 
         <double>244.90837907302893</double> 
        </void> 
        <void method="add"> 
         <double>244.92397608767033</double> 
        </void> 
       </object> 
      </void> 
      <void property="stdev"> 
       <double>2.0132339500227783</double> 
      </void> 
     </object> 
    </void> 
    <void index="9"> 
     <object class="jmbench.tools.EvaluationMetrics"> 
      <void property="max"> 
       <double>17.886658457984456</double> 
      </void> 
      <void property="mean"> 
       <double>17.825814950298653</double> 
      </void> 
      <void property="median"> 
       <double>17.852231700984035</double> 
      </void> 
      <void property="min"> 
       <double>17.539599663295423</double> 
      </void> 
      <void property="rawResults"> 
       <object class="java.util.ArrayList"> 
        <void method="add"> 
         <double>17.539599663295423</double> 
        </void> 
        <void method="add"> 
         <double>17.670744291739176</double> 
        </void> 
        <void method="add"> 
         <double>17.778209751694064</double> 
        </void> 
        <void method="add"> 
         <double>17.778575211990983</double> 
        </void> 
        <void method="add"> 
         <double>17.79340867368129</double> 
        </void> 
        <void method="add"> 
         <double>17.80874107222952</double> 
        </void> 
        <void method="add"> 
         <double>17.816531928500584</double> 
        </void> 
        <void method="add"> 
         <double>17.822999189071357</double> 
        </void> 
        <void method="add"> 
         <double>17.84426037511214</double> 
        </void> 
        <void method="add"> 
         <double>17.845797517638452</double> 
        </void> 
        <void method="add"> 
         <double>17.852231700984035</double> 
        </void> 
        <void method="add"> 
         <double>17.85476610082324</double> 
        </void> 
        <void method="add"> 
         <double>17.855679509607846</double> 
        </void> 
        <void method="add"> 
         <double>17.868766016718055</double> 
        </void> 
        <void method="add"> 
         <double>17.86941066848411</double> 
        </void> 
        <void method="add"> 
         <double>17.870266422689216</double> 
        </void> 
        <void method="add"> 
         <double>17.87405966752559</double> 
        </void> 
        <void method="add"> 
         <double>17.877519609420343</double> 
        </void> 
        <void method="add"> 
         <double>17.880359113940273</double> 
        </void> 
        <void method="add"> 
         <double>17.886658457984456</double> 
        </void> 
        <void method="add"> 
         <double>17.870517560713424</double> 
        </void> 
        <void method="add"> 
         <double>17.872970110972837</double> 
        </void> 
        <void method="add"> 
         <double>17.798786821176375</double> 
        </void> 
        <void method="add"> 
         <double>17.865542627952596</double> 
        </void> 
        <void method="add"> 
         <double>17.848971693521055</double> 
        </void> 
       </object> 
      </void> 
      <void property="stdev"> 
       <double>0.07470833669907428</double> 
      </void> 
     </object> 
    </void> 
    <void index="10"> 
     <object class="jmbench.tools.EvaluationMetrics"> 
      <void property="max"> 
       <double>2.1109215449953</double> 
      </void> 
      <void property="mean"> 
       <double>2.086917512614073</double> 
      </void> 
      <void property="median"> 
       <double>2.0974279071682735</double> 
      </void> 
      <void property="min"> 
       <double>2.017038088435323</double> 
      </void> 
      <void property="rawResults"> 
       <object class="java.util.ArrayList"> 
        <void method="add"> 
         <double>2.017038088435323</double> 
        </void> 
        <void method="add"> 
         <double>2.0285083205570666</double> 
        </void> 
        <void method="add"> 
         <double>2.054164950948623</double> 
        </void> 
        <void method="add"> 
         <double>2.0614212979723474</double> 
        </void> 
        <void method="add"> 
         <double>2.066799815048226</double> 
        </void> 
        <void method="add"> 
         <double>2.0694705908065503</double> 
        </void> 
        <void method="add"> 
         <double>2.085833858277127</double> 
        </void> 
        <void method="add"> 
         <double>2.086107323371011</double> 
        </void> 
        <void method="add"> 
         <double>2.0871707813057525</double> 
        </void> 
        <void method="add"> 
         <double>2.09124634998306</double> 
        </void> 
        <void method="add"> 
         <double>2.0974279071682735</double> 
        </void> 
        <void method="add"> 
         <double>2.1014555454443387</double> 
        </void> 
        <void method="add"> 
         <double>2.1033731995822156</double> 
        </void> 
        <void method="add"> 
         <double>2.104578333168771</double> 
        </void> 
        <void method="add"> 
         <double>2.105253938465384</double> 
        </void> 
        <void method="add"> 
         <double>2.106090522730025</double> 
        </void> 
        <void method="add"> 
         <double>2.1075983272943306</double> 
        </void> 
        <void method="add"> 
         <double>2.1079041729044556</double> 
        </void> 
        <void method="add"> 
         <double>2.1087674016487647</double> 
        </void> 
        <void method="add"> 
         <double>2.1109215449953</double> 
        </void> 
        <void method="add"> 
         <double>2.0894512131121465</double> 
        </void> 
        <void method="add"> 
         <double>2.0877793246482756</double> 
        </void> 
        <void method="add"> 
         <double>2.098068447691955</double> 
        </void> 
        <void method="add"> 
         <double>2.0983528182179327</double> 
        </void> 
        <void method="add"> 
         <double>2.0981537415745777</double> 
        </void> 
       </object> 
      </void> 
      <void property="stdev"> 
       <double>0.0242205889745551</double> 
      </void> 
     </object> 
    </void> 
    <void index="11"> 
     <object class="jmbench.tools.EvaluationMetrics"> 
      <void property="max"> 
       <double>0.2542736860992927</double> 
      </void> 
      <void property="mean"> 
       <double>0.24965902229070794</double> 
      </void> 
      <void property="median"> 
       <double>0.2504756843836294</double> 
      </void> 
      <void property="min"> 
       <double>0.2394640287373118</double> 
      </void> 
      <void property="rawResults"> 
       <object class="java.util.ArrayList"> 
        <void method="add"> 
         <double>0.2394640287373118</double> 
        </void> 
        <void method="add"> 
         <double>0.24092780165018532</double> 
        </void> 
        <void method="add"> 
         <double>0.24908063298453764</double> 
        </void> 
        <void method="add"> 
         <double>0.2497660369723944</double> 
        </void> 
        <void method="add"> 
         <double>0.24999659092148788</double> 
        </void> 
        <void method="add"> 
         <double>0.2501248861675703</double> 
        </void> 
        <void method="add"> 
         <double>0.2502405288190158</double> 
        </void> 
        <void method="add"> 
         <double>0.25043144573642134</double> 
        </void> 
        <void method="add"> 
         <double>0.2504756843836294</double> 
        </void> 
        <void method="add"> 
         <double>0.2524132949907038</double> 
        </void> 
        <void method="add"> 
         <double>0.25244049932496504</double> 
        </void> 
        <void method="add"> 
         <double>0.2524629507255741</double> 
        </void> 
        <void method="add"> 
         <double>0.2526463347485711</double> 
        </void> 
        <void method="add"> 
         <double>0.252650467372895</double> 
        </void> 
        <void method="add"> 
         <double>0.25290911600167576</double> 
        </void> 
        <void method="add"> 
         <double>0.25329068546351025</double> 
        </void> 
        <void method="add"> 
         <double>0.2534659097690312</double> 
        </void> 
        <void method="add"> 
         <double>0.2539643292115727</double> 
        </void> 
        <void method="add"> 
         <double>0.2539675591130122</double> 
        </void> 
        <void method="add"> 
         <double>0.2542736860992927</double> 
        </void> 
        <void method="add"> 
         <double>0.23951450530490007</double> 
        </void> 
        <void method="add"> 
         <double>0.2426363883299321</double> 
        </void> 
        <void method="add"> 
         <double>0.2435651833447464</double> 
        </void> 
        <void method="add"> 
         <double>0.25105723528285984</double> 
        </void> 
        <void method="add"> 
         <double>0.2497097758119017</double> 
        </void> 
       </object> 
      </void> 
      <void property="stdev"> 
       <double>0.004523131863071426</double> 
      </void> 
     </object> 
    </void> 
   </array> 
  </void> 
  <void property="opName"> 
   <string>Cholesky</string> 
  </void> 
 </object> 
</java> 
