<?xml version="1.0" encoding="UTF-8"?> 
<java version="1.6.0_16" class="java.beans.XMLDecoder"> 
 <object class="jmbench.tools.runtime.OperationResults"> 
  <void property="library"> 
   <object class="jmbench.impl.MatrixLibrary" method="valueOf"> 
    <string>COLT</string> 
   </object> 
  </void> 
  <void property="matDimen"> 
   <array class="int" length="12"> 
    <void index="0"> 
     <int>2</int> 
    </void> 
    <void index="1"> 
     <int>3</int> 
    </void> 
    <void index="2"> 
     <int>4</int> 
    </void> 
    <void index="3"> 
     <int>5</int> 
    </void> 
    <void index="4"> 
     <int>10</int> 
    </void> 
    <void index="5"> 
     <int>20</int> 
    </void> 
    <void index="6"> 
     <int>50</int> 
    </void> 
    <void index="7"> 
     <int>100</int> 
    </void> 
    <void index="8"> 
     <int>200</int> 
    </void> 
    <void index="9"> 
     <int>500</int> 
    </void> 
    <void index="10"> 
     <int>1000</int> 
    </void> 
    <void index="11"> 
     <int>2000</int> 
    </void> 
   </array> 
  </void> 
  <void property="metrics"> 
   <array class="jmbench.tools.EvaluationMetrics" length="12"> 
    <void index="0"> 
     <object class="jmbench.tools.EvaluationMetrics"> 
      <void property="max"> 
       <double>853934.0358858781</double> 
      </void> 
      <void property="mean"> 
       <double>844536.3625989059</double> 
      </void> 
      <void property="median"> 
       <double>846189.3102056017</double> 
      </void> 
      <void property="min"> 
       <double>823529.1614171974</double> 
      </void> 
      <void property="rawResults"> 
       <object class="java.util.ArrayList"> 
        <void method="add"> 
         <double>823529.1614171974</double> 
        </void> 
        <void method="add"> 
         <double>832062.604066637</double> 
        </void> 
        <void method="add"> 
         <double>837763.4805484</double> 
        </void> 
        <void method="add"> 
         <double>838772.5593010192</double> 
        </void> 
        <void method="add"> 
         <double>840045.7439010759</double> 
        </void> 
        <void method="add"> 
         <double>841025.7971594505</double> 
        </void> 
        <void method="add"> 
         <double>842214.3067446747</double> 
        </void> 
        <void method="add"> 
         <double>842548.4337706623</double> 
        </void> 
        <void method="add"> 
         <double>843465.925900842</double> 
        </void> 
        <void method="add"> 
         <double>844771.391216053</double> 
        </void> 
        <void method="add"> 
         <double>844930.3725990289</double> 
        </void> 
        <void method="add"> 
         <double>845754.3920147601</double> 
        </void> 
        <void method="add"> 
         <double>846189.3102056017</double> 
        </void> 
        <void method="add"> 
         <double>847176.7085658794</double> 
        </void> 
        <void method="add"> 
         <double>847282.1392919132</double> 
        </void> 
        <void method="add"> 
         <double>847873.8225650968</double> 
        </void> 
        <void method="add"> 
         <double>848668.466923209</double> 
        </void> 
        <void method="add"> 
         <double>849463.1542625504</double> 
        </void> 
        <void method="add"> 
         <double>851302.7062220516</double> 
        </void> 
        <void method="add"> 
         <double>851541.8853399304</double> 
        </void> 
        <void method="add"> 
         <double>848101.4486047095</double> 
        </void> 
        <void method="add"> 
         <double>848143.6251799479</double> 
        </void> 
        <void method="add"> 
         <double>849030.3795615643</double> 
        </void> 
        <void method="add"> 
         <double>853934.0358858781</double> 
        </void> 
        <void method="add"> 
         <double>847817.2137245069</double> 
        </void> 
       </object> 
      </void> 
      <void property="stdev"> 
       <double>6419.509271060489</double> 
      </void> 
     </object> 
    </void> 
    <void index="1"> 
     <object class="jmbench.tools.EvaluationMetrics"> 
      <void property="max"> 
       <double>459323.43370886124</double> 
      </void> 
      <void property="mean"> 
       <double>434018.8483929153</double> 
      </void> 
      <void property="median"> 
       <double>423433.6805471376</double> 
      </void> 
      <void property="min"> 
       <double>407493.1120422234</double> 
      </void> 
      <void property="rawResults"> 
       <object class="java.util.ArrayList"> 
        <void method="add"> 
         <double>407493.1120422234</double> 
        </void> 
        <void method="add"> 
         <double>416993.63837639365</double> 
        </void> 
        <void method="add"> 
         <double>418490.2908955206</double> 
        </void> 
        <void method="add"> 
         <double>418889.66164967726</double> 
        </void> 
        <void method="add"> 
         <double>419111.6016271537</double> 
        </void> 
        <void method="add"> 
         <double>421191.1655598126</double> 
        </void> 
        <void method="add"> 
         <double>421803.4042095</double> 
        </void> 
        <void method="add"> 
         <double>423002.2368755666</double> 
        </void> 
        <void method="add"> 
         <double>423433.6805471376</double> 
        </void> 
        <void method="add"> 
         <double>424163.34725257865</double> 
        </void> 
        <void method="add"> 
         <double>438199.3340681894</double> 
        </void> 
        <void method="add"> 
         <double>451565.4061133875</double> 
        </void> 
        <void method="add"> 
         <double>451999.61897022283</double> 
        </void> 
        <void method="add"> 
         <double>452525.7960518359</double> 
        </void> 
        <void method="add"> 
         <double>454794.7779252836</double> 
        </void> 
        <void method="add"> 
         <double>454882.68255720596</double> 
        </void> 
        <void method="add"> 
         <double>456675.8611872426</double> 
        </void> 
        <void method="add"> 
         <double>456883.53663551615</double> 
        </void> 
        <void method="add"> 
         <double>457583.07529232133</double> 
        </void> 
        <void method="add"> 
         <double>459323.43370886124</double> 
        </void> 
        <void method="add"> 
         <double>419780.04794995574</double> 
        </void> 
        <void method="add"> 
         <double>418079.88676509104</double> 
        </void> 
        <void method="add"> 
         <double>414351.223506378</double> 
        </void> 
        <void method="add"> 
         <double>417651.804723835</double> 
        </void> 
        <void method="add"> 
         <double>451602.5853319904</double> 
        </void> 
       </object> 
      </void> 
      <void property="stdev"> 
       <double>17709.380950521125</double> 
      </void> 
     </object> 
    </void> 
    <void index="2"> 
     <object class="jmbench.tools.EvaluationMetrics"> 
      <void property="max"> 
       <double>298073.5298553653</double> 
      </void> 
      <void property="mean"> 
       <double>276446.56981599185</double> 
      </void> 
      <void property="median"> 
       <double>273288.03592652787</double> 
      </void> 
      <void property="min"> 
       <double>241109.1736688839</double> 
      </void> 
      <void property="rawResults"> 
       <object class="java.util.ArrayList"> 
        <void method="add"> 
         <double>241109.1736688839</double> 
        </void> 
        <void method="add"> 
         <double>257441.82163055646</double> 
        </void> 
        <void method="add"> 
         <double>258709.28992547316</double> 
        </void> 
        <void method="add"> 
         <double>259916.5397863289</double> 
        </void> 
        <void method="add"> 
         <double>268279.87347980274</double> 
        </void> 
        <void method="add"> 
         <double>269210.99168932217</double> 
        </void> 
        <void method="add"> 
         <double>270751.0292835348</double> 
        </void> 
        <void method="add"> 
         <double>272036.8031562943</double> 
        </void> 
        <void method="add"> 
         <double>272738.92020176677</double> 
        </void> 
        <void method="add"> 
         <double>273288.03592652787</double> 
        </void> 
        <void method="add"> 
         <double>274747.8762963747</double> 
        </void> 
        <void method="add"> 
         <double>275492.17466645455</double> 
        </void> 
        <void method="add"> 
         <double>288208.4129959745</double> 
        </void> 
        <void method="add"> 
         <double>288576.6770803239</double> 
        </void> 
        <void method="add"> 
         <double>291642.34827659966</double> 
        </void> 
        <void method="add"> 
         <double>292244.5501860358</double> 
        </void> 
        <void method="add"> 
         <double>294034.9382182048</double> 
        </void> 
        <void method="add"> 
         <double>294190.324386573</double> 
        </void> 
        <void method="add"> 
         <double>295186.7784964006</double> 
        </void> 
        <void method="add"> 
         <double>298073.5298553653</double> 
        </void> 
        <void method="add"> 
         <double>269353.5899298303</double> 
        </void> 
        <void method="add"> 
         <double>259415.26508499496</double> 
        </void> 
        <void method="add"> 
         <double>272487.7887641816</double> 
        </void> 
        <void method="add"> 
         <double>287020.83117731987</double> 
        </void> 
        <void method="add"> 
         <double>287006.6812366731</double> 
        </void> 
       </object> 
      </void> 
      <void property="stdev"> 
       <double>14400.940899938889</double> 
      </void> 
     </object> 
    </void> 
    <void index="3"> 
     <object class="jmbench.tools.EvaluationMetrics"> 
      <void property="max"> 
       <double>193277.09381333657</double> 
      </void> 
      <void property="mean"> 
       <double>177120.474129131</double> 
      </void> 
      <void property="median"> 
       <double>175414.77803941804</double> 
      </void> 
      <void property="min"> 
       <double>161978.04405094113</double> 
      </void> 
      <void property="rawResults"> 
       <object class="java.util.ArrayList"> 
        <void method="add"> 
         <double>161978.04405094113</double> 
        </void> 
        <void method="add"> 
         <double>166058.13753948262</double> 
        </void> 
        <void method="add"> 
         <double>169704.09582510425</double> 
        </void> 
        <void method="add"> 
         <double>170520.28090171627</double> 
        </void> 
        <void method="add"> 
         <double>171873.24095150144</double> 
        </void> 
        <void method="add"> 
         <double>172372.45835628398</double> 
        </void> 
        <void method="add"> 
         <double>172396.02291667496</double> 
        </void> 
        <void method="add"> 
         <double>173857.7879479031</double> 
        </void> 
        <void method="add"> 
         <double>174334.72133574676</double> 
        </void> 
        <void method="add"> 
         <double>174938.6590188486</double> 
        </void> 
        <void method="add"> 
         <double>175414.77803941804</double> 
        </void> 
        <void method="add"> 
         <double>176710.34306649293</double> 
        </void> 
        <void method="add"> 
         <double>177347.70970701455</double> 
        </void> 
        <void method="add"> 
         <double>179215.810882406</double> 
        </void> 
        <void method="add"> 
         <double>181810.95204378167</double> 
        </void> 
        <void method="add"> 
         <double>181973.39228791112</double> 
        </void> 
        <void method="add"> 
         <double>182214.66927437333</double> 
        </void> 
        <void method="add"> 
         <double>191012.7216299428</double> 
        </void> 
        <void method="add"> 
         <double>192714.00261861863</double> 
        </void> 
        <void method="add"> 
         <double>193277.09381333657</double> 
        </void> 
        <void method="add"> 
         <double>180908.15113376494</double> 
        </void> 
        <void method="add"> 
         <double>174667.54222213823</double> 
        </void> 
        <void method="add"> 
         <double>181371.7325681347</double> 
        </void> 
        <void method="add"> 
         <double>167225.2179678125</double> 
        </void> 
        <void method="add"> 
         <double>184114.2871289282</double> 
        </void> 
       </object> 
      </void> 
      <void property="stdev"> 
       <double>7764.725674576435</double> 
      </void> 
     </object> 
    </void> 
    <void index="4"> 
     <object class="jmbench.tools.EvaluationMetrics"> 
      <void property="max"> 
       <double>48219.21431313629</double> 
      </void> 
      <void property="mean"> 
       <double>45072.492064375816</double> 
      </void> 
      <void property="median"> 
       <double>44861.95347522017</double> 
      </void> 
      <void property="min"> 
       <double>43002.45206276223</double> 
      </void> 
      <void property="rawResults"> 
       <object class="java.util.ArrayList"> 
        <void method="add"> 
         <double>43002.45206276223</double> 
        </void> 
        <void method="add"> 
         <double>43305.006719004334</double> 
        </void> 
        <void method="add"> 
         <double>43347.24723085292</double> 
        </void> 
        <void method="add"> 
         <double>43408.28313539678</double> 
        </void> 
        <void method="add"> 
         <double>43652.53852699888</double> 
        </void> 
        <void method="add"> 
         <double>43939.251661617884</double> 
        </void> 
        <void method="add"> 
         <double>44404.52918851592</double> 
        </void> 
        <void method="add"> 
         <double>44649.57177488915</double> 
        </void> 
        <void method="add"> 
         <double>44653.28201399465</double> 
        </void> 
        <void method="add"> 
         <double>44785.6893701068</double> 
        </void> 
        <void method="add"> 
         <double>44861.95347522017</double> 
        </void> 
        <void method="add"> 
         <double>44891.14463055235</double> 
        </void> 
        <void method="add"> 
         <double>45069.782613849755</double> 
        </void> 
        <void method="add"> 
         <double>45535.28820407862</double> 
        </void> 
        <void method="add"> 
         <double>45651.42473620533</double> 
        </void> 
        <void method="add"> 
         <double>45862.638148863865</double> 
        </void> 
        <void method="add"> 
         <double>46378.09090098266</double> 
        </void> 
        <void method="add"> 
         <double>46947.15318858794</double> 
        </void> 
        <void method="add"> 
         <double>47613.43268102691</double> 
        </void> 
        <void method="add"> 
         <double>48219.21431313629</double> 
        </void> 
        <void method="add"> 
         <double>44250.10559795996</double> 
        </void> 
        <void method="add"> 
         <double>45809.61196063581</double> 
        </void> 
        <void method="add"> 
         <double>44725.991814872395</double> 
        </void> 
        <void method="add"> 
         <double>45653.82468790049</double> 
        </void> 
        <void method="add"> 
         <double>46194.792971383424</double> 
        </void> 
       </object> 
      </void> 
      <void property="stdev"> 
       <double>1313.072337623336</double> 
      </void> 
     </object> 
    </void> 
    <void index="5"> 
     <object class="jmbench.tools.EvaluationMetrics"> 
      <void property="max"> 
       <double>10864.5761940316</double> 
      </void> 
      <void property="mean"> 
       <double>10370.245134666842</double> 
      </void> 
      <void property="median"> 
       <double>10340.230592676358</double> 
      </void> 
      <void property="min"> 
       <double>9966.026062818533</double> 
      </void> 
      <void property="rawResults"> 
       <object class="java.util.ArrayList"> 
        <void method="add"> 
         <double>9966.026062818533</double> 
        </void> 
        <void method="add"> 
         <double>10029.754247044222</double> 
        </void> 
        <void method="add"> 
         <double>10119.619913687537</double> 
        </void> 
        <void method="add"> 
         <double>10185.104494643387</double> 
        </void> 
        <void method="add"> 
         <double>10196.431166813596</double> 
        </void> 
        <void method="add"> 
         <double>10218.74631377397</double> 
        </void> 
        <void method="add"> 
         <double>10236.250318016324</double> 
        </void> 
        <void method="add"> 
         <double>10269.779744578298</double> 
        </void> 
        <void method="add"> 
         <double>10283.279644194632</double> 
        </void> 
        <void method="add"> 
         <double>10296.641521782993</double> 
        </void> 
        <void method="add"> 
         <double>10347.336042946821</double> 
        </void> 
        <void method="add"> 
         <double>10367.28772556816</double> 
        </void> 
        <void method="add"> 
         <double>10383.932766786138</double> 
        </void> 
        <void method="add"> 
         <double>10408.785073174371</double> 
        </void> 
        <void method="add"> 
         <double>10496.548116996135</double> 
        </void> 
        <void method="add"> 
         <double>10584.343579328814</double> 
        </void> 
        <void method="add"> 
         <double>10595.262207380621</double> 
        </void> 
        <void method="add"> 
         <double>10602.012021830995</double> 
        </void> 
        <void method="add"> 
         <double>10653.630198960747</double> 
        </void> 
        <void method="add"> 
         <double>10797.065510058364</double> 
        </void> 
        <void method="add"> 
         <double>10301.216497215706</double> 
        </void> 
        <void method="add"> 
         <double>10164.002478220867</double> 
        </void> 
        <void method="add"> 
         <double>10340.230592676358</double> 
        </void> 
        <void method="add"> 
         <double>10548.265934141798</double> 
        </void> 
        <void method="add"> 
         <double>10864.5761940316</double> 
        </void> 
       </object> 
      </void> 
      <void property="stdev"> 
       <double>221.42207130228215</double> 
      </void> 
     </object> 
    </void> 
    <void index="6"> 
     <object class="jmbench.tools.EvaluationMetrics"> 
      <void property="max"> 
       <double>989.4215909837873</double> 
      </void> 
      <void property="mean"> 
       <double>970.4703227722932</double> 
      </void> 
      <void property="median"> 
       <double>969.8163541594597</double> 
      </void> 
      <void property="min"> 
       <double>940.1391120943092</double> 
      </void> 
      <void property="rawResults"> 
       <object class="java.util.ArrayList"> 
        <void method="add"> 
         <double>940.1391120943092</double> 
        </void> 
        <void method="add"> 
         <double>956.2040703682562</double> 
        </void> 
        <void method="add"> 
         <double>957.135169812348</double> 
        </void> 
        <void method="add"> 
         <double>959.5237309601576</double> 
        </void> 
        <void method="add"> 
         <double>962.9298088868601</double> 
        </void> 
        <void method="add"> 
         <double>967.3008517923998</double> 
        </void> 
        <void method="add"> 
         <double>968.120886393535</double> 
        </void> 
        <void method="add"> 
         <double>968.2310614007822</double> 
        </void> 
        <void method="add"> 
         <double>970.2974414340998</double> 
        </void> 
        <void method="add"> 
         <double>971.9733640419319</double> 
        </void> 
        <void method="add"> 
         <double>972.2785657965791</double> 
        </void> 
        <void method="add"> 
         <double>972.6604947278089</double> 
        </void> 
        <void method="add"> 
         <double>976.3922988033823</double> 
        </void> 
        <void method="add"> 
         <double>978.4317287966988</double> 
        </void> 
        <void method="add"> 
         <double>980.6234205689532</double> 
        </void> 
        <void method="add"> 
         <double>982.6512750387946</double> 
        </void> 
        <void method="add"> 
         <double>982.8069832528593</double> 
        </void> 
        <void method="add"> 
         <double>984.0724293324149</double> 
        </void> 
        <void method="add"> 
         <double>989.0949602818715</double> 
        </void> 
        <void method="add"> 
         <double>989.4215909837873</double> 
        </void> 
        <void method="add"> 
         <double>963.5905234587304</double> 
        </void> 
        <void method="add"> 
         <double>969.377581492569</double> 
        </void> 
        <void method="add"> 
         <double>967.3729853336904</double> 
        </void> 
        <void method="add"> 
         <double>961.3113800950498</double> 
        </void> 
        <void method="add"> 
         <double>969.8163541594597</double> 
        </void> 
       </object> 
      </void> 
      <void property="stdev"> 
       <double>11.035475923536763</double> 
      </void> 
     </object> 
    </void> 
    <void index="7"> 
     <object class="jmbench.tools.EvaluationMetrics"> 
      <void property="max"> 
       <double>138.6107570937212</double> 
      </void> 
      <void property="mean"> 
       <double>131.62456842016002</double> 
      </void> 
      <void property="median"> 
       <double>129.1419614034229</double> 
      </void> 
      <void property="min"> 
       <double>125.32825992920259</double> 
      </void> 
      <void property="rawResults"> 
       <object class="java.util.ArrayList"> 
        <void method="add"> 
         <double>126.0826141271578</double> 
        </void> 
        <void method="add"> 
         <double>126.19173480808705</double> 
        </void> 
        <void method="add"> 
         <double>126.78337087937359</double> 
        </void> 
        <void method="add"> 
         <double>127.40161137558067</double> 
        </void> 
        <void method="add"> 
         <double>127.42601757415169</double> 
        </void> 
        <void method="add"> 
         <double>127.92258938734466</double> 
        </void> 
        <void method="add"> 
         <double>128.1081984763238</double> 
        </void> 
        <void method="add"> 
         <double>129.1419614034229</double> 
        </void> 
        <void method="add"> 
         <double>130.71650904036304</double> 
        </void> 
        <void method="add"> 
         <double>132.46557870346652</double> 
        </void> 
        <void method="add"> 
         <double>135.5873561429137</double> 
        </void> 
        <void method="add"> 
         <double>135.64749167233992</double> 
        </void> 
        <void method="add"> 
         <double>136.4230502767674</double> 
        </void> 
        <void method="add"> 
         <double>136.49786596882933</double> 
        </void> 
        <void method="add"> 
         <double>136.58685616083497</double> 
        </void> 
        <void method="add"> 
         <double>136.6733898585028</double> 
        </void> 
        <void method="add"> 
         <double>137.04126888581558</double> 
        </void> 
        <void method="add"> 
         <double>138.22199370927703</double> 
        </void> 
        <void method="add"> 
         <double>138.52056594677148</double> 
        </void> 
        <void method="add"> 
         <double>138.6107570937212</double> 
        </void> 
        <void method="add"> 
         <double>125.32825992920259</double> 
        </void> 
        <void method="add"> 
         <double>128.67089222218934</double> 
        </void> 
        <void method="add"> 
         <double>128.18356146741408</double> 
        </void> 
        <void method="add"> 
         <double>128.7866504085418</double> 
        </void> 
        <void method="add"> 
         <double>127.59406498560782</double> 
        </void> 
       </object> 
      </void> 
      <void property="stdev"> 
       <double>4.627760762251201</double> 
      </void> 
     </object> 
    </void> 
    <void index="8"> 
     <object class="jmbench.tools.EvaluationMetrics"> 
      <void property="max"> 
       <double>14.389157701407148</double> 
      </void> 
      <void property="mean"> 
       <double>14.176439602182697</double> 
      </void> 
      <void property="median"> 
       <double>14.180822133951809</double> 
      </void> 
      <void property="min"> 
       <double>13.945703197126097</double> 
      </void> 
      <void property="rawResults"> 
       <object class="java.util.ArrayList"> 
        <void method="add"> 
         <double>13.945703197126097</double> 
        </void> 
        <void method="add"> 
         <double>13.966944792950214</double> 
        </void> 
        <void method="add"> 
         <double>14.017921538025554</double> 
        </void> 
        <void method="add"> 
         <double>14.044114655071626</double> 
        </void> 
        <void method="add"> 
         <double>14.066181098126096</double> 
        </void> 
        <void method="add"> 
         <double>14.076459692083041</double> 
        </void> 
        <void method="add"> 
         <double>14.117865636602092</double> 
        </void> 
        <void method="add"> 
         <double>14.134834758009406</double> 
        </void> 
        <void method="add"> 
         <double>14.147471348204613</double> 
        </void> 
        <void method="add"> 
         <double>14.165005032038781</double> 
        </void> 
        <void method="add"> 
         <double>14.180822133951809</double> 
        </void> 
        <void method="add"> 
         <double>14.190269243046759</double> 
        </void> 
        <void method="add"> 
         <double>14.19285674246298</double> 
        </void> 
        <void method="add"> 
         <double>14.221446383598815</double> 
        </void> 
        <void method="add"> 
         <double>14.22964250234764</double> 
        </void> 
        <void method="add"> 
         <double>14.232109169462667</double> 
        </void> 
        <void method="add"> 
         <double>14.258454051793349</double> 
        </void> 
        <void method="add"> 
         <double>14.29411602519484</double> 
        </void> 
        <void method="add"> 
         <double>14.328745741340684</double> 
        </void> 
        <void method="add"> 
         <double>14.389157701407148</double> 
        </void> 
        <void method="add"> 
         <double>14.254728554936491</double> 
        </void> 
        <void method="add"> 
         <double>14.276087123362139</double> 
        </void> 
        <void method="add"> 
         <double>14.373639514754768</double> 
        </void> 
        <void method="add"> 
         <double>14.175586168051046</double> 
        </void> 
        <void method="add"> 
         <double>14.130827250618786</double> 
        </void> 
       </object> 
      </void> 
      <void property="stdev"> 
       <double>0.11358402191029889</double> 
      </void> 
     </object> 
    </void> 
    <void index="9"> 
     <object class="jmbench.tools.EvaluationMetrics"> 
      <void property="max"> 
       <double>0.5465670159343038</double> 
      </void> 
      <void property="mean"> 
       <double>0.5321445211557113</double> 
      </void> 
      <void property="median"> 
       <double>0.5363160189754465</double> 
      </void> 
      <void property="min"> 
       <double>0.5030882547938924</double> 
      </void> 
      <void property="rawResults"> 
       <object class="java.util.ArrayList"> 
        <void method="add"> 
         <double>0.5030882547938924</double> 
        </void> 
        <void method="add"> 
         <double>0.5058266306153776</double> 
        </void> 
        <void method="add"> 
         <double>0.5080427228641281</double> 
        </void> 
        <void method="add"> 
         <double>0.5116175347046034</double> 
        </void> 
        <void method="add"> 
         <double>0.5347662208836287</double> 
        </void> 
        <void method="add"> 
         <double>0.5349178678974879</double> 
        </void> 
        <void method="add"> 
         <double>0.5350617826476842</double> 
        </void> 
        <void method="add"> 
         <double>0.5360543997868304</double> 
        </void> 
        <void method="add"> 
         <double>0.5363160189754465</double> 
        </void> 
        <void method="add"> 
         <double>0.5371092309928327</double> 
        </void> 
        <void method="add"> 
         <double>0.5383374702472892</double> 
        </void> 
        <void method="add"> 
         <double>0.5383915380569096</double> 
        </void> 
        <void method="add"> 
         <double>0.5391190064066471</double> 
        </void> 
        <void method="add"> 
         <double>0.5395493500327793</double> 
        </void> 
        <void method="add"> 
         <double>0.5400290053628998</double> 
        </void> 
        <void method="add"> 
         <double>0.5400421429446837</double> 
        </void> 
        <void method="add"> 
         <double>0.5404848263421023</double> 
        </void> 
        <void method="add"> 
         <double>0.5407784117174084</double> 
        </void> 
        <void method="add"> 
         <double>0.5418559129034763</double> 
        </void> 
        <void method="add"> 
         <double>0.5465670159343038</double> 
        </void> 
        <void method="add"> 
         <double>0.5115143950448829</double> 
        </void> 
        <void method="add"> 
         <double>0.5383709602807392</double> 
        </void> 
        <void method="add"> 
         <double>0.5349801258480988</double> 
        </void> 
        <void method="add"> 
         <double>0.5357509648517264</double> 
        </void> 
        <void method="add"> 
         <double>0.5350412387569247</double> 
        </void> 
       </object> 
      </void> 
      <void property="stdev"> 
       <double>0.012434125853638737</double> 
      </void> 
     </object> 
    </void> 
    <void index="10"> 
     <object class="jmbench.tools.EvaluationMetrics"> 
      <void property="max"> 
       <double>0.04645105550158817</double> 
      </void> 
      <void property="mean"> 
       <double>0.044403524416277484</double> 
      </void> 
      <void property="median"> 
       <double>0.04355831182180078</double> 
      </void> 
      <void property="min"> 
       <double>0.04320120592544352</double> 
      </void> 
      <void property="rawResults"> 
       <object class="java.util.ArrayList"> 
        <void method="add"> 
         <double>0.04320120592544352</double> 
        </void> 
        <void method="add"> 
         <double>0.04355831182180078</double> 
        </void> 
        <void method="add"> 
         <double>0.04645105550158817</double> 
        </void> 
       </object> 
      </void> 
      <void property="stdev"> 
       <double>0.0014551446238062688</double> 
      </void> 
     </object> 
    </void> 
   </array> 
  </void> 
  <void property="opName"> 
   <string>Eigen for Symm Matrices</string> 
  </void> 
 </object> 
</java> 
