<?xml version="1.0" encoding="UTF-8"?> 
<java version="1.6.0_16" class="java.beans.XMLDecoder"> 
 <object class="jmbench.tools.runtime.OperationResults"> 
  <void property="library"> 
   <object class="jmbench.impl.MatrixLibrary" method="valueOf"> 
    <string>COLT</string> 
   </object> 
  </void> 
  <void property="matDimen"> 
   <array class="int" length="12"> 
    <void index="0"> 
     <int>2</int> 
    </void> 
    <void index="1"> 
     <int>3</int> 
    </void> 
    <void index="2"> 
     <int>4</int> 
    </void> 
    <void index="3"> 
     <int>5</int> 
    </void> 
    <void index="4"> 
     <int>10</int> 
    </void> 
    <void index="5"> 
     <int>20</int> 
    </void> 
    <void index="6"> 
     <int>50</int> 
    </void> 
    <void index="7"> 
     <int>100</int> 
    </void> 
    <void index="8"> 
     <int>200</int> 
    </void> 
    <void index="9"> 
     <int>500</int> 
    </void> 
    <void index="10"> 
     <int>1000</int> 
    </void> 
    <void index="11"> 
     <int>2000</int> 
    </void> 
   </array> 
  </void> 
  <void property="metrics"> 
   <array class="jmbench.tools.EvaluationMetrics" length="12"> 
    <void index="0"> 
     <object class="jmbench.tools.EvaluationMetrics"> 
      <void property="max"> 
       <double>1027163.6470227434</double> 
      </void> 
      <void property="mean"> 
       <double>942731.3668441727</double> 
      </void> 
      <void property="median"> 
       <double>918295.7198253064</double> 
      </void> 
      <void property="min"> 
       <double>899057.5401541966</double> 
      </void> 
      <void property="rawResults"> 
       <object class="java.util.ArrayList"> 
        <void method="add"> 
         <double>899057.5401541966</double> 
        </void> 
        <void method="add"> 
         <double>901969.312668852</double> 
        </void> 
        <void method="add"> 
         <double>904670.4957299138</double> 
        </void> 
        <void method="add"> 
         <double>907507.0358905506</double> 
        </void> 
        <void method="add"> 
         <double>908330.7524925871</double> 
        </void> 
        <void method="add"> 
         <double>910436.3762295822</double> 
        </void> 
        <void method="add"> 
         <double>911607.9681023326</double> 
        </void> 
        <void method="add"> 
         <double>912008.2202139101</double> 
        </void> 
        <void method="add"> 
         <double>912369.5089676168</double> 
        </void> 
        <void method="add"> 
         <double>913268.3747254364</double> 
        </void> 
        <void method="add"> 
         <double>913461.4660065336</double> 
        </void> 
        <void method="add"> 
         <double>915166.4990730408</double> 
        </void> 
        <void method="add"> 
         <double>918295.7198253064</double> 
        </void> 
        <void method="add"> 
         <double>918503.401384619</double> 
        </void> 
        <void method="add"> 
         <double>924827.6721955781</double> 
        </void> 
        <void method="add"> 
         <double>981414.4581447728</double> 
        </void> 
        <void method="add"> 
         <double>984513.7808421986</double> 
        </void> 
        <void method="add"> 
         <double>984916.681403448</double> 
        </void> 
        <void method="add"> 
         <double>994672.1493516677</double> 
        </void> 
        <void method="add"> 
         <double>1001061.2115279438</double> 
        </void> 
        <void method="add"> 
         <double>936169.8966980871</double> 
        </void> 
        <void method="add"> 
         <double>935568.685680927</double> 
        </void> 
        <void method="add"> 
         <double>1026057.2284417454</double> 
        </void> 
        <void method="add"> 
         <double>1025266.0883307285</double> 
        </void> 
        <void method="add"> 
         <double>1027163.6470227434</double> 
        </void> 
       </object> 
      </void> 
      <void property="stdev"> 
       <double>43547.07299238176</double> 
      </void> 
     </object> 
    </void> 
    <void index="1"> 
     <object class="jmbench.tools.EvaluationMetrics"> 
      <void property="max"> 
       <double>679200.1822752368</double> 
      </void> 
      <void property="mean"> 
       <double>605765.2697592068</double> 
      </void> 
      <void property="median"> 
       <double>598824.482505466</double> 
      </void> 
      <void property="min"> 
       <double>538138.3611350005</double> 
      </void> 
      <void property="rawResults"> 
       <object class="java.util.ArrayList"> 
        <void method="add"> 
         <double>538138.3611350005</double> 
        </void> 
        <void method="add"> 
         <double>555593.8936138926</double> 
        </void> 
        <void method="add"> 
         <double>571651.2020861957</double> 
        </void> 
        <void method="add"> 
         <double>578833.159753056</double> 
        </void> 
        <void method="add"> 
         <double>580897.0492353273</double> 
        </void> 
        <void method="add"> 
         <double>582136.9438915732</double> 
        </void> 
        <void method="add"> 
         <double>583624.941825417</double> 
        </void> 
        <void method="add"> 
         <double>587648.627927398</double> 
        </void> 
        <void method="add"> 
         <double>588006.9365490737</double> 
        </void> 
        <void method="add"> 
         <double>588533.6238101429</double> 
        </void> 
        <void method="add"> 
         <double>589884.7026889178</double> 
        </void> 
        <void method="add"> 
         <double>598824.482505466</double> 
        </void> 
        <void method="add"> 
         <double>613336.1527328574</double> 
        </void> 
        <void method="add"> 
         <double>615400.6685257198</double> 
        </void> 
        <void method="add"> 
         <double>616188.2590191407</double> 
        </void> 
        <void method="add"> 
         <double>639635.2212601082</double> 
        </void> 
        <void method="add"> 
         <double>640014.1139857726</double> 
        </void> 
        <void method="add"> 
         <double>677101.8973088873</double> 
        </void> 
        <void method="add"> 
         <double>678057.0517200513</double> 
        </void> 
        <void method="add"> 
         <double>679200.1822752368</double> 
        </void> 
        <void method="add"> 
         <double>611936.3642880436</double> 
        </void> 
        <void method="add"> 
         <double>591553.0225323078</double> 
        </void> 
        <void method="add"> 
         <double>631296.8457376149</double> 
        </void> 
        <void method="add"> 
         <double>601529.292347973</double> 
        </void> 
        <void method="add"> 
         <double>605108.7472249975</double> 
        </void> 
       </object> 
      </void> 
      <void property="stdev"> 
       <double>35261.55160233285</double> 
      </void> 
     </object> 
    </void> 
    <void index="2"> 
     <object class="jmbench.tools.EvaluationMetrics"> 
      <void property="max"> 
       <double>445149.7145905709</double> 
      </void> 
      <void property="mean"> 
       <double>406648.24273320724</double> 
      </void> 
      <void property="median"> 
       <double>409769.4342874509</double> 
      </void> 
      <void property="min"> 
       <double>370866.08670230536</double> 
      </void> 
      <void property="rawResults"> 
       <object class="java.util.ArrayList"> 
        <void method="add"> 
         <double>374973.2208759129</double> 
        </void> 
        <void method="add"> 
         <double>380067.0382751648</double> 
        </void> 
        <void method="add"> 
         <double>394807.6062376889</double> 
        </void> 
        <void method="add"> 
         <double>394956.1297636833</double> 
        </void> 
        <void method="add"> 
         <double>400975.8711918524</double> 
        </void> 
        <void method="add"> 
         <double>401180.5832014849</double> 
        </void> 
        <void method="add"> 
         <double>404693.0002443325</double> 
        </void> 
        <void method="add"> 
         <double>405000.22125576506</double> 
        </void> 
        <void method="add"> 
         <double>405294.7381153713</double> 
        </void> 
        <void method="add"> 
         <double>409769.4342874509</double> 
        </void> 
        <void method="add"> 
         <double>412644.1550046761</double> 
        </void> 
        <void method="add"> 
         <double>412981.60376839933</double> 
        </void> 
        <void method="add"> 
         <double>414454.61421869654</double> 
        </void> 
        <void method="add"> 
         <double>415319.47046355146</double> 
        </void> 
        <void method="add"> 
         <double>415920.07078140957</double> 
        </void> 
        <void method="add"> 
         <double>417478.53640555043</double> 
        </void> 
        <void method="add"> 
         <double>420777.0884629533</double> 
        </void> 
        <void method="add"> 
         <double>422482.45734964486</double> 
        </void> 
        <void method="add"> 
         <double>423752.3367934014</double> 
        </void> 
        <void method="add"> 
         <double>445149.7145905709</double> 
        </void> 
        <void method="add"> 
         <double>390454.4046186964</double> 
        </void> 
        <void method="add"> 
         <double>423750.81828313053</double> 
        </void> 
        <void method="add"> 
         <double>370866.08670230536</double> 
        </void> 
        <void method="add"> 
         <double>388039.75387774897</double> 
        </void> 
        <void method="add"> 
         <double>420417.11356073717</double> 
        </void> 
       </object> 
      </void> 
      <void property="stdev"> 
       <double>16826.919413677253</double> 
      </void> 
     </object> 
    </void> 
    <void index="3"> 
     <object class="jmbench.tools.EvaluationMetrics"> 
      <void property="max"> 
       <double>277098.589150875</double> 
      </void> 
      <void property="mean"> 
       <double>262186.5993362378</double> 
      </void> 
      <void property="median"> 
       <double>264081.8091372129</double> 
      </void> 
      <void property="min"> 
       <double>241311.1499880223</double> 
      </void> 
      <void property="rawResults"> 
       <object class="java.util.ArrayList"> 
        <void method="add"> 
         <double>241311.1499880223</double> 
        </void> 
        <void method="add"> 
         <double>248491.1076770691</double> 
        </void> 
        <void method="add"> 
         <double>249272.56085092667</double> 
        </void> 
        <void method="add"> 
         <double>250472.54537639045</double> 
        </void> 
        <void method="add"> 
         <double>254083.96196465555</double> 
        </void> 
        <void method="add"> 
         <double>258152.38185926442</double> 
        </void> 
        <void method="add"> 
         <double>258725.34041633506</double> 
        </void> 
        <void method="add"> 
         <double>259682.0670081687</double> 
        </void> 
        <void method="add"> 
         <double>260342.1300776365</double> 
        </void> 
        <void method="add"> 
         <double>261386.82633487094</double> 
        </void> 
        <void method="add"> 
         <double>264081.8091372129</double> 
        </void> 
        <void method="add"> 
         <double>264110.72626725317</double> 
        </void> 
        <void method="add"> 
         <double>265467.1082626166</double> 
        </void> 
        <void method="add"> 
         <double>266366.1667847846</double> 
        </void> 
        <void method="add"> 
         <double>268079.581977426</double> 
        </void> 
        <void method="add"> 
         <double>268085.39600902656</double> 
        </void> 
        <void method="add"> 
         <double>268393.35226892104</double> 
        </void> 
        <void method="add"> 
         <double>272715.47982992843</double> 
        </void> 
        <void method="add"> 
         <double>276996.12768612755</double> 
        </void> 
        <void method="add"> 
         <double>277098.589150875</double> 
        </void> 
        <void method="add"> 
         <double>259994.46469437092</double> 
        </void> 
        <void method="add"> 
         <double>259793.40393725628</double> 
        </void> 
        <void method="add"> 
         <double>266855.2267703399</double> 
        </void> 
        <void method="add"> 
         <double>267950.583307574</double> 
        </void> 
        <void method="add"> 
         <double>266756.89576889406</double> 
        </void> 
       </object> 
      </void> 
      <void property="stdev"> 
       <double>8518.504661499921</double> 
      </void> 
     </object> 
    </void> 
    <void index="4"> 
     <object class="jmbench.tools.EvaluationMetrics"> 
      <void property="max"> 
       <double>72925.7802447126</double> 
      </void> 
      <void property="mean"> 
       <double>71346.83222232884</double> 
      </void> 
      <void property="median"> 
       <double>71484.03727014433</double> 
      </void> 
      <void property="min"> 
       <double>68082.27397532127</double> 
      </void> 
      <void property="rawResults"> 
       <object class="java.util.ArrayList"> 
        <void method="add"> 
         <double>68082.27397532127</double> 
        </void> 
        <void method="add"> 
         <double>68155.63408324048</double> 
        </void> 
        <void method="add"> 
         <double>70307.1485106038</double> 
        </void> 
        <void method="add"> 
         <double>70757.1350734438</double> 
        </void> 
        <void method="add"> 
         <double>70964.22837020845</double> 
        </void> 
        <void method="add"> 
         <double>71027.04816219892</double> 
        </void> 
        <void method="add"> 
         <double>71117.81917372484</double> 
        </void> 
        <void method="add"> 
         <double>71245.67195972985</double> 
        </void> 
        <void method="add"> 
         <double>71272.2365276457</double> 
        </void> 
        <void method="add"> 
         <double>71484.03727014433</double> 
        </void> 
        <void method="add"> 
         <double>71484.72620220343</double> 
        </void> 
        <void method="add"> 
         <double>71570.34188744596</double> 
        </void> 
        <void method="add"> 
         <double>71619.04119346973</double> 
        </void> 
        <void method="add"> 
         <double>71721.77824572119</double> 
        </void> 
        <void method="add"> 
         <double>71811.02433061771</double> 
        </void> 
        <void method="add"> 
         <double>72001.94494727925</double> 
        </void> 
        <void method="add"> 
         <double>72162.99811879943</double> 
        </void> 
        <void method="add"> 
         <double>72666.46689328167</double> 
        </void> 
        <void method="add"> 
         <double>72725.95423079228</double> 
        </void> 
        <void method="add"> 
         <double>72925.7802447126</double> 
        </void> 
        <void method="add"> 
         <double>71208.07391829984</double> 
        </void> 
        <void method="add"> 
         <double>71066.22088486042</double> 
        </void> 
        <void method="add"> 
         <double>72379.21418141204</double> 
        </void> 
        <void method="add"> 
         <double>71241.7224506702</double> 
        </void> 
        <void method="add"> 
         <double>72672.28472239361</double> 
        </void> 
       </object> 
      </void> 
      <void property="stdev"> 
       <double>1153.569895411292</double> 
      </void> 
     </object> 
    </void> 
    <void index="5"> 
     <object class="jmbench.tools.EvaluationMetrics"> 
      <void property="max"> 
       <double>15959.89997944869</double> 
      </void> 
      <void property="mean"> 
       <double>15483.602683426305</double> 
      </void> 
      <void property="median"> 
       <double>15463.910162432177</double> 
      </void> 
      <void property="min"> 
       <double>14869.27501474359</double> 
      </void> 
      <void property="rawResults"> 
       <object class="java.util.ArrayList"> 
        <void method="add"> 
         <double>14869.27501474359</double> 
        </void> 
        <void method="add"> 
         <double>14930.109768748558</double> 
        </void> 
        <void method="add"> 
         <double>14998.309400478312</double> 
        </void> 
        <void method="add"> 
         <double>15067.67391496432</double> 
        </void> 
        <void method="add"> 
         <double>15104.48071488229</double> 
        </void> 
        <void method="add"> 
         <double>15250.822207700297</double> 
        </void> 
        <void method="add"> 
         <double>15265.366405764084</double> 
        </void> 
        <void method="add"> 
         <double>15335.795001173296</double> 
        </void> 
        <void method="add"> 
         <double>15376.657743649797</double> 
        </void> 
        <void method="add"> 
         <double>15396.414554053325</double> 
        </void> 
        <void method="add"> 
         <double>15443.673493133738</double> 
        </void> 
        <void method="add"> 
         <double>15456.751945654512</double> 
        </void> 
        <void method="add"> 
         <double>15463.910162432177</double> 
        </void> 
        <void method="add"> 
         <double>15584.76758529909</double> 
        </void> 
        <void method="add"> 
         <double>15606.569249961729</double> 
        </void> 
        <void method="add"> 
         <double>15685.147137797456</double> 
        </void> 
        <void method="add"> 
         <double>15738.116950811764</double> 
        </void> 
        <void method="add"> 
         <double>15740.553935395083</double> 
        </void> 
        <void method="add"> 
         <double>15755.663004466607</double> 
        </void> 
        <void method="add"> 
         <double>15838.842825029784</double> 
        </void> 
        <void method="add"> 
         <double>15773.092312738538</double> 
        </void> 
        <void method="add"> 
         <double>15854.371053734762</double> 
        </void> 
        <void method="add"> 
         <double>15862.673604971555</double> 
        </void> 
        <void method="add"> 
         <double>15959.89997944869</double> 
        </void> 
        <void method="add"> 
         <double>15731.12911862427</double> 
        </void> 
       </object> 
      </void> 
      <void property="stdev"> 
       <double>311.86416594049024</double> 
      </void> 
     </object> 
    </void> 
    <void index="6"> 
     <object class="jmbench.tools.EvaluationMetrics"> 
      <void property="max"> 
       <double>1519.845101041064</double> 
      </void> 
      <void property="mean"> 
       <double>1502.203529898796</double> 
      </void> 
      <void property="median"> 
       <double>1506.0495537280683</double> 
      </void> 
      <void property="min"> 
       <double>1473.562264735691</double> 
      </void> 
      <void property="rawResults"> 
       <object class="java.util.ArrayList"> 
        <void method="add"> 
         <double>1473.562264735691</double> 
        </void> 
        <void method="add"> 
         <double>1473.7262090142171</double> 
        </void> 
        <void method="add"> 
         <double>1482.9012669015221</double> 
        </void> 
        <void method="add"> 
         <double>1487.8623712174444</double> 
        </void> 
        <void method="add"> 
         <double>1491.60996688638</double> 
        </void> 
        <void method="add"> 
         <double>1499.775458937788</double> 
        </void> 
        <void method="add"> 
         <double>1500.9451743169582</double> 
        </void> 
        <void method="add"> 
         <double>1501.821884683199</double> 
        </void> 
        <void method="add"> 
         <double>1503.8363358926256</double> 
        </void> 
        <void method="add"> 
         <double>1506.0495537280683</double> 
        </void> 
        <void method="add"> 
         <double>1508.1312863903513</double> 
        </void> 
        <void method="add"> 
         <double>1508.3222750936898</double> 
        </void> 
        <void method="add"> 
         <double>1508.4687123663934</double> 
        </void> 
        <void method="add"> 
         <double>1509.0967477845822</double> 
        </void> 
        <void method="add"> 
         <double>1509.848745863511</double> 
        </void> 
        <void method="add"> 
         <double>1510.0719219797552</double> 
        </void> 
        <void method="add"> 
         <double>1513.0500762889337</double> 
        </void> 
        <void method="add"> 
         <double>1517.3252686261924</double> 
        </void> 
        <void method="add"> 
         <double>1519.385259665335</double> 
        </void> 
        <void method="add"> 
         <double>1519.845101041064</double> 
        </void> 
        <void method="add"> 
         <double>1481.6872337605653</double> 
        </void> 
        <void method="add"> 
         <double>1499.9965546637839</double> 
        </void> 
        <void method="add"> 
         <double>1512.8972569777839</double> 
        </void> 
        <void method="add"> 
         <double>1511.0350178274036</double> 
        </void> 
        <void method="add"> 
         <double>1503.836302826662</double> 
        </void> 
       </object> 
      </void> 
      <void property="stdev"> 
       <double>12.961631000189096</double> 
      </void> 
     </object> 
    </void> 
    <void index="7"> 
     <object class="jmbench.tools.EvaluationMetrics"> 
      <void property="max"> 
       <double>209.45058886961354</double> 
      </void> 
      <void property="mean"> 
       <double>208.20864866069897</double> 
      </void> 
      <void property="median"> 
       <double>208.53465156641857</double> 
      </void> 
      <void property="min"> 
       <double>205.8377494955865</double> 
      </void> 
      <void property="rawResults"> 
       <object class="java.util.ArrayList"> 
        <void method="add"> 
         <double>207.293559070114</double> 
        </void> 
        <void method="add"> 
         <double>207.84299304257817</double> 
        </void> 
        <void method="add"> 
         <double>207.84360205317617</double> 
        </void> 
        <void method="add"> 
         <double>208.11395190971658</double> 
        </void> 
        <void method="add"> 
         <double>208.247786145889</double> 
        </void> 
        <void method="add"> 
         <double>208.31279993118545</double> 
        </void> 
        <void method="add"> 
         <double>208.50842889423248</double> 
        </void> 
        <void method="add"> 
         <double>208.53465156641857</double> 
        </void> 
        <void method="add"> 
         <double>208.61067984084545</double> 
        </void> 
        <void method="add"> 
         <double>208.70855580723295</double> 
        </void> 
        <void method="add"> 
         <double>208.73533021124427</double> 
        </void> 
        <void method="add"> 
         <double>208.84101372491983</double> 
        </void> 
        <void method="add"> 
         <double>208.87433855218538</double> 
        </void> 
        <void method="add"> 
         <double>208.97172188239875</double> 
        </void> 
        <void method="add"> 
         <double>209.0301857007334</double> 
        </void> 
        <void method="add"> 
         <double>209.07100136164186</double> 
        </void> 
        <void method="add"> 
         <double>209.1999828407968</double> 
        </void> 
        <void method="add"> 
         <double>209.20473594767077</double> 
        </void> 
        <void method="add"> 
         <double>209.34834926238088</double> 
        </void> 
        <void method="add"> 
         <double>209.45058886961354</double> 
        </void> 
        <void method="add"> 
         <double>205.8377494955865</double> 
        </void> 
        <void method="add"> 
         <double>206.02862987575998</double> 
        </void> 
        <void method="add"> 
         <double>206.87173536725382</double> 
        </void> 
        <void method="add"> 
         <double>206.784240152048</double> 
        </void> 
        <void method="add"> 
         <double>206.94960501185153</double> 
        </void> 
       </object> 
      </void> 
      <void property="stdev"> 
       <double>1.008881317529617</double> 
      </void> 
     </object> 
    </void> 
    <void index="8"> 
     <object class="jmbench.tools.EvaluationMetrics"> 
      <void property="max"> 
       <double>28.38918174292978</double> 
      </void> 
      <void property="mean"> 
       <double>27.922783600266467</double> 
      </void> 
      <void property="median"> 
       <double>28.29530635623961</double> 
      </void> 
      <void property="min"> 
       <double>26.350299576918207</double> 
      </void> 
      <void property="rawResults"> 
       <object class="java.util.ArrayList"> 
        <void method="add"> 
         <double>28.128386200816724</double> 
        </void> 
        <void method="add"> 
         <double>28.198047439528626</double> 
        </void> 
        <void method="add"> 
         <double>28.23515308960324</double> 
        </void> 
        <void method="add"> 
         <double>28.24419499990502</double> 
        </void> 
        <void method="add"> 
         <double>28.24615761253996</double> 
        </void> 
        <void method="add"> 
         <double>28.287726747620233</double> 
        </void> 
        <void method="add"> 
         <double>28.291576870838153</double> 
        </void> 
        <void method="add"> 
         <double>28.29530635623961</double> 
        </void> 
        <void method="add"> 
         <double>28.300115015028062</double> 
        </void> 
        <void method="add"> 
         <double>28.31642174687492</double> 
        </void> 
        <void method="add"> 
         <double>28.317114847390066</double> 
        </void> 
        <void method="add"> 
         <double>28.3264493168724</double> 
        </void> 
        <void method="add"> 
         <double>28.330339005369392</double> 
        </void> 
        <void method="add"> 
         <double>28.333379312477714</double> 
        </void> 
        <void method="add"> 
         <double>28.340463809406327</double> 
        </void> 
        <void method="add"> 
         <double>28.341572710766492</double> 
        </void> 
        <void method="add"> 
         <double>28.346373058836875</double> 
        </void> 
        <void method="add"> 
         <double>28.364599773486646</double> 
        </void> 
        <void method="add"> 
         <double>28.38101665342615</double> 
        </void> 
        <void method="add"> 
         <double>28.38918174292978</double> 
        </void> 
        <void method="add"> 
         <double>26.364109141139295</double> 
        </void> 
        <void method="add"> 
         <double>26.350299576918207</double> 
        </void> 
        <void method="add"> 
         <double>26.488393027054368</double> 
        </void> 
        <void method="add"> 
         <double>26.445720788316564</double> 
        </void> 
        <void method="add"> 
         <double>26.407491163276912</double> 
        </void> 
       </object> 
      </void> 
      <void property="stdev"> 
       <double>0.7581918335393977</double> 
      </void> 
     </object> 
    </void> 
    <void index="9"> 
     <object class="jmbench.tools.EvaluationMetrics"> 
      <void property="max"> 
       <double>1.816101545404951</double> 
      </void> 
      <void property="mean"> 
       <double>1.7759462679664837</double> 
      </void> 
      <void property="median"> 
       <double>1.777539730710398</double> 
      </void> 
      <void property="min"> 
       <double>1.7268747565829723</double> 
      </void> 
      <void property="rawResults"> 
       <object class="java.util.ArrayList"> 
        <void method="add"> 
         <double>1.7268747565829723</double> 
        </void> 
        <void method="add"> 
         <double>1.736790827720582</double> 
        </void> 
        <void method="add"> 
         <double>1.7497332446369056</double> 
        </void> 
        <void method="add"> 
         <double>1.7533410960453106</double> 
        </void> 
        <void method="add"> 
         <double>1.7544292593016866</double> 
        </void> 
        <void method="add"> 
         <double>1.7684337677820599</double> 
        </void> 
        <void method="add"> 
         <double>1.7703863998706677</double> 
        </void> 
        <void method="add"> 
         <double>1.7718051407685895</double> 
        </void> 
        <void method="add"> 
         <double>1.7728320554018242</double> 
        </void> 
        <void method="add"> 
         <double>1.7749365813088738</double> 
        </void> 
        <void method="add"> 
         <double>1.777539730710398</double> 
        </void> 
        <void method="add"> 
         <double>1.7794718048827245</double> 
        </void> 
        <void method="add"> 
         <double>1.781971622383465</double> 
        </void> 
        <void method="add"> 
         <double>1.7858187715257368</double> 
        </void> 
        <void method="add"> 
         <double>1.7882341343321018</double> 
        </void> 
        <void method="add"> 
         <double>1.793591617321947</double> 
        </void> 
        <void method="add"> 
         <double>1.7943724108310772</double> 
        </void> 
        <void method="add"> 
         <double>1.8042851548696794</double> 
        </void> 
        <void method="add"> 
         <double>1.8045168312229225</double> 
        </void> 
        <void method="add"> 
         <double>1.816101545404951</double> 
        </void> 
        <void method="add"> 
         <double>1.746349562026392</double> 
        </void> 
        <void method="add"> 
         <double>1.797380587759904</double> 
        </void> 
        <void method="add"> 
         <double>1.7652335106492743</double> 
        </void> 
        <void method="add"> 
         <double>1.7846300146278626</double> 
        </void> 
        <void method="add"> 
         <double>1.7995962711941755</double> 
        </void> 
       </object> 
      </void> 
      <void property="stdev"> 
       <double>0.02189501592061273</double> 
      </void> 
     </object> 
    </void> 
    <void index="10"> 
     <object class="jmbench.tools.EvaluationMetrics"> 
      <void property="max"> 
       <double>0.24408616309608516</double> 
      </void> 
      <void property="mean"> 
       <double>0.23904015441098922</double> 
      </void> 
      <void property="median"> 
       <double>0.23863943168252255</double> 
      </void> 
      <void property="min"> 
       <double>0.2296944471975621</double> 
      </void> 
      <void property="rawResults"> 
       <object class="java.util.ArrayList"> 
        <void method="add"> 
         <double>0.2296944471975621</double> 
        </void> 
        <void method="add"> 
         <double>0.23575844179020677</double> 
        </void> 
        <void method="add"> 
         <double>0.2358757458331525</double> 
        </void> 
        <void method="add"> 
         <double>0.23622971555169145</double> 
        </void> 
        <void method="add"> 
         <double>0.23625021794318857</double> 
        </void> 
        <void method="add"> 
         <double>0.23758296176963778</double> 
        </void> 
        <void method="add"> 
         <double>0.23786951334970605</double> 
        </void> 
        <void method="add"> 
         <double>0.23821814930170762</double> 
        </void> 
        <void method="add"> 
         <double>0.2383762806653046</double> 
        </void> 
        <void method="add"> 
         <double>0.23855345196335836</double> 
        </void> 
        <void method="add"> 
         <double>0.2385803345711615</double> 
        </void> 
        <void method="add"> 
         <double>0.23879147221370647</double> 
        </void> 
        <void method="add"> 
         <double>0.23904277377011612</double> 
        </void> 
        <void method="add"> 
         <double>0.24031994678893415</double> 
        </void> 
        <void method="add"> 
         <double>0.24186306476399405</double> 
        </void> 
        <void method="add"> 
         <double>0.24224683258935498</double> 
        </void> 
        <void method="add"> 
         <double>0.24308453314788558</double> 
        </void> 
        <void method="add"> 
         <double>0.24364140596005018</double> 
        </void> 
        <void method="add"> 
         <double>0.24407867353029467</double> 
        </void> 
        <void method="add"> 
         <double>0.24408616309608516</double> 
        </void> 
        <void method="add"> 
         <double>0.23660593499440746</double> 
        </void> 
        <void method="add"> 
         <double>0.23863943168252255</double> 
        </void> 
        <void method="add"> 
         <double>0.2388714744404607</double> 
        </void> 
        <void method="add"> 
         <double>0.24290753850591495</double> 
        </void> 
        <void method="add"> 
         <double>0.23883535485432636</double> 
        </void> 
       </object> 
      </void> 
      <void property="stdev"> 
       <double>0.003214392621596405</double> 
      </void> 
     </object> 
    </void> 
    <void index="11"> 
     <object class="jmbench.tools.EvaluationMetrics"> 
      <void property="max"> 
       <double>0.029892428922934113</double> 
      </void> 
      <void property="mean"> 
       <double>0.029892428922934113</double> 
      </void> 
      <void property="median"> 
       <double>0.029892428922934113</double> 
      </void> 
      <void property="min"> 
       <double>0.029892428922934113</double> 
      </void> 
      <void property="rawResults"> 
       <object class="java.util.ArrayList"> 
        <void method="add"> 
         <double>0.029892428922934113</double> 
        </void> 
       </object> 
      </void> 
     </object> 
    </void> 
   </array> 
  </void> 
  <void property="opName"> 
   <string>Invert b=inv(a)</string> 
  </void> 
 </object> 
</java> 
