<?xml version="1.0" encoding="UTF-8"?> 
<java version="1.6.0_16" class="java.beans.XMLDecoder"> 
 <object class="jmbench.tools.runtime.OperationResults"> 
  <void property="library"> 
   <object class="jmbench.impl.MatrixLibrary" method="valueOf"> 
    <string>COLT</string> 
   </object> 
  </void> 
  <void property="matDimen"> 
   <array class="int" length="12"> 
    <void index="0"> 
     <int>2</int> 
    </void> 
    <void index="1"> 
     <int>3</int> 
    </void> 
    <void index="2"> 
     <int>4</int> 
    </void> 
    <void index="3"> 
     <int>5</int> 
    </void> 
    <void index="4"> 
     <int>10</int> 
    </void> 
    <void index="5"> 
     <int>20</int> 
    </void> 
    <void index="6"> 
     <int>50</int> 
    </void> 
    <void index="7"> 
     <int>100</int> 
    </void> 
    <void index="8"> 
     <int>200</int> 
    </void> 
    <void index="9"> 
     <int>500</int> 
    </void> 
    <void index="10"> 
     <int>1000</int> 
    </void> 
    <void index="11"> 
     <int>2000</int> 
    </void> 
   </array> 
  </void> 
  <void property="metrics"> 
   <array class="jmbench.tools.EvaluationMetrics" length="12"> 
    <void index="0"> 
     <object class="jmbench.tools.EvaluationMetrics"> 
      <void property="max"> 
       <double>2429483.98921045</double> 
      </void> 
      <void property="mean"> 
       <double>2354696.911530916</double> 
      </void> 
      <void property="median"> 
       <double>2400848.761682564</double> 
      </void> 
      <void property="min"> 
       <double>2062771.8909972059</double> 
      </void> 
      <void property="rawResults"> 
       <object class="java.util.ArrayList"> 
        <void method="add"> 
         <double>2062771.8909972059</double> 
        </void> 
        <void method="add"> 
         <double>2220537.2736245296</double> 
        </void> 
        <void method="add"> 
         <double>2253176.6163618923</double> 
        </void> 
        <void method="add"> 
         <double>2309611.0345608224</double> 
        </void> 
        <void method="add"> 
         <double>2315743.063569319</double> 
        </void> 
        <void method="add"> 
         <double>2346912.9096988123</double> 
        </void> 
        <void method="add"> 
         <double>2348050.482273481</double> 
        </void> 
        <void method="add"> 
         <double>2353386.005876872</double> 
        </void> 
        <void method="add"> 
         <double>2353894.271547245</double> 
        </void> 
        <void method="add"> 
         <double>2361363.2803535345</double> 
        </void> 
        <void method="add"> 
         <double>2413118.500998987</double> 
        </void> 
        <void method="add"> 
         <double>2415036.674965174</double> 
        </void> 
        <void method="add"> 
         <double>2418304.8287136876</double> 
        </void> 
        <void method="add"> 
         <double>2418579.5920077376</double> 
        </void> 
        <void method="add"> 
         <double>2419298.010225674</double> 
        </void> 
        <void method="add"> 
         <double>2421475.2603462776</double> 
        </void> 
        <void method="add"> 
         <double>2424735.885188644</double> 
        </void> 
        <void method="add"> 
         <double>2425628.096407801</double> 
        </void> 
        <void method="add"> 
         <double>2428294.501207401</double> 
        </void> 
        <void method="add"> 
         <double>2429483.98921045</double> 
        </void> 
        <void method="add"> 
         <double>2261316.628321572</double> 
        </void> 
        <void method="add"> 
         <double>2245928.272116246</double> 
        </void> 
        <void method="add"> 
         <double>2400848.761682564</double> 
        </void> 
        <void method="add"> 
         <double>2413715.7511075456</double> 
        </void> 
        <void method="add"> 
         <double>2406211.2069094195</double> 
        </void> 
       </object> 
      </void> 
      <void property="stdev"> 
       <double>87362.35422199081</double> 
      </void> 
     </object> 
    </void> 
    <void index="1"> 
     <object class="jmbench.tools.EvaluationMetrics"> 
      <void property="max"> 
       <double>1541379.8969983822</double> 
      </void> 
      <void property="mean"> 
       <double>1496511.807010228</double> 
      </void> 
      <void property="median"> 
       <double>1516968.027909816</double> 
      </void> 
      <void property="min"> 
       <double>1406852.129279866</double> 
      </void> 
      <void property="rawResults"> 
       <object class="java.util.ArrayList"> 
        <void method="add"> 
         <double>1406852.129279866</double> 
        </void> 
        <void method="add"> 
         <double>1424690.6977206662</double> 
        </void> 
        <void method="add"> 
         <double>1425740.1862760242</double> 
        </void> 
        <void method="add"> 
         <double>1442689.0306815377</double> 
        </void> 
        <void method="add"> 
         <double>1464015.5296874228</double> 
        </void> 
        <void method="add"> 
         <double>1465528.3046506483</double> 
        </void> 
        <void method="add"> 
         <double>1507041.9066378148</double> 
        </void> 
        <void method="add"> 
         <double>1513716.3320999916</double> 
        </void> 
        <void method="add"> 
         <double>1514020.0500968338</double> 
        </void> 
        <void method="add"> 
         <double>1517723.02638898</double> 
        </void> 
        <void method="add"> 
         <double>1519234.4135640257</double> 
        </void> 
        <void method="add"> 
         <double>1520393.0521058755</double> 
        </void> 
        <void method="add"> 
         <double>1523462.574270347</double> 
        </void> 
        <void method="add"> 
         <double>1525299.215083837</double> 
        </void> 
        <void method="add"> 
         <double>1527442.9729627508</double> 
        </void> 
        <void method="add"> 
         <double>1529949.8754472842</double> 
        </void> 
        <void method="add"> 
         <double>1530823.9903897329</double> 
        </void> 
        <void method="add"> 
         <double>1536331.5101826636</double> 
        </void> 
        <void method="add"> 
         <double>1537902.892121472</double> 
        </void> 
        <void method="add"> 
         <double>1541379.8969983822</double> 
        </void> 
        <void method="add"> 
         <double>1439829.548110564</double> 
        </void> 
        <void method="add"> 
         <double>1445857.8359566224</double> 
        </void> 
        <void method="add"> 
         <double>1519134.2454714663</double> 
        </void> 
        <void method="add"> 
         <double>1516767.9311610851</double> 
        </void> 
        <void method="add"> 
         <double>1516968.027909816</double> 
        </void> 
       </object> 
      </void> 
      <void property="stdev"> 
       <double>41282.94571065228</double> 
      </void> 
     </object> 
    </void> 
    <void index="2"> 
     <object class="jmbench.tools.EvaluationMetrics"> 
      <void property="max"> 
       <double>1028073.571388023</double> 
      </void> 
      <void property="mean"> 
       <double>1010385.7010626837</double> 
      </void> 
      <void property="median"> 
       <double>1019110.3954372003</double> 
      </void> 
      <void property="min"> 
       <double>946292.8843610294</double> 
      </void> 
      <void property="rawResults"> 
       <object class="java.util.ArrayList"> 
        <void method="add"> 
         <double>977463.5455915336</double> 
        </void> 
        <void method="add"> 
         <double>1001578.7344679479</double> 
        </void> 
        <void method="add"> 
         <double>1003942.3183629408</double> 
        </void> 
        <void method="add"> 
         <double>1006472.6387699584</double> 
        </void> 
        <void method="add"> 
         <double>1007772.8988799773</double> 
        </void> 
        <void method="add"> 
         <double>1008443.6443355599</double> 
        </void> 
        <void method="add"> 
         <double>1009376.2697147019</double> 
        </void> 
        <void method="add"> 
         <double>1009856.3051690086</double> 
        </void> 
        <void method="add"> 
         <double>1016495.3197594855</double> 
        </void> 
        <void method="add"> 
         <double>1016537.8130931586</double> 
        </void> 
        <void method="add"> 
         <double>1019110.3954372003</double> 
        </void> 
        <void method="add"> 
         <double>1020040.30814096</double> 
        </void> 
        <void method="add"> 
         <double>1020046.8698545296</double> 
        </void> 
        <void method="add"> 
         <double>1021896.0169614244</double> 
        </void> 
        <void method="add"> 
         <double>1022295.6263004564</double> 
        </void> 
        <void method="add"> 
         <double>1022953.0421140495</double> 
        </void> 
        <void method="add"> 
         <double>1024464.4582765558</double> 
        </void> 
        <void method="add"> 
         <double>1024577.6635237073</double> 
        </void> 
        <void method="add"> 
         <double>1025697.5553682721</double> 
        </void> 
        <void method="add"> 
         <double>1026048.2821850076</double> 
        </void> 
        <void method="add"> 
         <double>1021145.7234872325</double> 
        </void> 
        <void method="add"> 
         <double>1022400.8614188774</double> 
        </void> 
        <void method="add"> 
         <double>1028073.571388023</double> 
        </void> 
        <void method="add"> 
         <double>946292.8843610294</double> 
        </void> 
        <void method="add"> 
         <double>956659.7796054897</double> 
        </void> 
       </object> 
      </void> 
      <void property="stdev"> 
       <double>20442.147222916956</double> 
      </void> 
     </object> 
    </void> 
    <void index="3"> 
     <object class="jmbench.tools.EvaluationMetrics"> 
      <void property="max"> 
       <double>728616.962303611</double> 
      </void> 
      <void property="mean"> 
       <double>727086.9436815819</double> 
      </void> 
      <void property="median"> 
       <double>727351.7033694847</double> 
      </void> 
      <void property="min"> 
       <double>724556.689613644</double> 
      </void> 
      <void property="rawResults"> 
       <object class="java.util.ArrayList"> 
        <void method="add"> 
         <double>727351.7033694847</double> 
        </void> 
        <void method="add"> 
         <double>728169.7015644971</double> 
        </void> 
        <void method="add"> 
         <double>728616.962303611</double> 
        </void> 
        <void method="add"> 
         <double>724556.689613644</double> 
        </void> 
        <void method="add"> 
         <double>726739.6615566725</double> 
        </void> 
       </object> 
      </void> 
      <void property="stdev"> 
       <double>1421.7038954512884</double> 
      </void> 
     </object> 
    </void> 
   </array> 
  </void> 
  <void property="opName"> 
   <string>LU</string> 
  </void> 
 </object> 
</java> 
