<?xml version="1.0" encoding="UTF-8"?> 
<java version="1.6.0_16" class="java.beans.XMLDecoder"> 
 <object class="jmbench.tools.runtime.OperationResults"> 
  <void property="library"> 
   <object class="jmbench.impl.MatrixLibrary" method="valueOf"> 
    <string>COLT</string> 
   </object> 
  </void> 
  <void property="matDimen"> 
   <array class="int" length="12"> 
    <void index="0"> 
     <int>2</int> 
    </void> 
    <void index="1"> 
     <int>3</int> 
    </void> 
    <void index="2"> 
     <int>4</int> 
    </void> 
    <void index="3"> 
     <int>5</int> 
    </void> 
    <void index="4"> 
     <int>10</int> 
    </void> 
    <void index="5"> 
     <int>20</int> 
    </void> 
    <void index="6"> 
     <int>50</int> 
    </void> 
    <void index="7"> 
     <int>100</int> 
    </void> 
    <void index="8"> 
     <int>200</int> 
    </void> 
    <void index="9"> 
     <int>500</int> 
    </void> 
    <void index="10"> 
     <int>1000</int> 
    </void> 
    <void index="11"> 
     <int>2000</int> 
    </void> 
   </array> 
  </void> 
  <void property="metrics"> 
   <array class="jmbench.tools.EvaluationMetrics" length="12"> 
    <void index="0"> 
     <object class="jmbench.tools.EvaluationMetrics"> 
      <void property="max"> 
       <double>6338520.220069347</double> 
      </void> 
      <void property="mean"> 
       <double>6185869.515846048</double> 
      </void> 
      <void property="median"> 
       <double>6175172.3607112635</double> 
      </void> 
      <void property="min"> 
       <double>5935644.034282034</double> 
      </void> 
      <void property="rawResults"> 
       <object class="java.util.ArrayList"> 
        <void method="add"> 
         <double>5935644.034282034</double> 
        </void> 
        <void method="add"> 
         <double>5955249.051490626</double> 
        </void> 
        <void method="add"> 
         <double>5971933.79479249</double> 
        </void> 
        <void method="add"> 
         <double>6033480.278097177</double> 
        </void> 
        <void method="add"> 
         <double>6141756.091512577</double> 
        </void> 
        <void method="add"> 
         <double>6145764.240866133</double> 
        </void> 
        <void method="add"> 
         <double>6169118.465094715</double> 
        </void> 
        <void method="add"> 
         <double>6175172.3607112635</double> 
        </void> 
        <void method="add"> 
         <double>6212062.050851529</double> 
        </void> 
        <void method="add"> 
         <double>6218977.625197061</double> 
        </void> 
        <void method="add"> 
         <double>6222943.78946508</double> 
        </void> 
        <void method="add"> 
         <double>6251094.94402507</double> 
        </void> 
        <void method="add"> 
         <double>6254223.965317694</double> 
        </void> 
        <void method="add"> 
         <double>6266227.891294682</double> 
        </void> 
        <void method="add"> 
         <double>6320085.663412581</double> 
        </void> 
        <void method="add"> 
         <double>6330134.3801556565</double> 
        </void> 
        <void method="add"> 
         <double>6331029.7484828</double> 
        </void> 
        <void method="add"> 
         <double>6332228.794337172</double> 
        </void> 
        <void method="add"> 
         <double>6336730.44988924</double> 
        </void> 
        <void method="add"> 
         <double>6338520.220069347</double> 
        </void> 
        <void method="add"> 
         <double>6089978.5795109775</double> 
        </void> 
        <void method="add"> 
         <double>6156938.726747021</double> 
        </void> 
        <void method="add"> 
         <double>6140980.001308015</double> 
        </void> 
        <void method="add"> 
         <double>6143557.494266603</double> 
        </void> 
        <void method="add"> 
         <double>6172905.254973637</double> 
        </void> 
       </object> 
      </void> 
      <void property="stdev"> 
       <double>118095.80787289176</double> 
      </void> 
     </object> 
    </void> 
    <void index="1"> 
     <object class="jmbench.tools.EvaluationMetrics"> 
      <void property="max"> 
       <double>3731161.0053004352</double> 
      </void> 
      <void property="mean"> 
       <double>3683284.319135031</double> 
      </void> 
      <void property="median"> 
       <double>3711901.4176319656</double> 
      </void> 
      <void property="min"> 
       <double>3439706.187715175</double> 
      </void> 
      <void property="rawResults"> 
       <object class="java.util.ArrayList"> 
        <void method="add"> 
         <double>3439706.187715175</double> 
        </void> 
        <void method="add"> 
         <double>3533927.078404652</double> 
        </void> 
        <void method="add"> 
         <double>3653640.3857177855</double> 
        </void> 
        <void method="add"> 
         <double>3658745.937195693</double> 
        </void> 
        <void method="add"> 
         <double>3658844.211915951</double> 
        </void> 
        <void method="add"> 
         <double>3661392.9044671757</double> 
        </void> 
        <void method="add"> 
         <double>3668240.3134446107</double> 
        </void> 
        <void method="add"> 
         <double>3668730.882726613</double> 
        </void> 
        <void method="add"> 
         <double>3675289.7236094843</double> 
        </void> 
        <void method="add"> 
         <double>3704632.016466477</double> 
        </void> 
        <void method="add"> 
         <double>3704758.9109440213</double> 
        </void> 
        <void method="add"> 
         <double>3706759.9544477593</double> 
        </void> 
        <void method="add"> 
         <double>3711901.4176319656</double> 
        </void> 
        <void method="add"> 
         <double>3714540.3291092934</double> 
        </void> 
        <void method="add"> 
         <double>3716611.5432639816</double> 
        </void> 
        <void method="add"> 
         <double>3717129.458094157</double> 
        </void> 
        <void method="add"> 
         <double>3719417.5171338245</double> 
        </void> 
        <void method="add"> 
         <double>3720219.9323404455</double> 
        </void> 
        <void method="add"> 
         <double>3721507.047267889</double> 
        </void> 
        <void method="add"> 
         <double>3731161.0053004352</double> 
        </void> 
        <void method="add"> 
         <double>3717027.3769041356</double> 
        </void> 
        <void method="add"> 
         <double>3717926.27953396</double> 
        </void> 
        <void method="add"> 
         <double>3721191.8006973774</double> 
        </void> 
        <void method="add"> 
         <double>3721885.0894413553</double> 
        </void> 
        <void method="add"> 
         <double>3716920.6746015805</double> 
        </void> 
       </object> 
      </void> 
      <void property="stdev"> 
       <double>64198.909945832274</double> 
      </void> 
     </object> 
    </void> 
    <void index="2"> 
     <object class="jmbench.tools.EvaluationMetrics"> 
      <void property="max"> 
       <double>2294552.0885137124</double> 
      </void> 
      <void property="mean"> 
       <double>2253637.2804672886</double> 
      </void> 
      <void property="median"> 
       <double>2264339.7487172023</double> 
      </void> 
      <void property="min"> 
       <double>2126036.9024929362</double> 
      </void> 
      <void property="rawResults"> 
       <object class="java.util.ArrayList"> 
        <void method="add"> 
         <double>2127653.7570945597</double> 
        </void> 
        <void method="add"> 
         <double>2216923.720988684</double> 
        </void> 
        <void method="add"> 
         <double>2246325.833871294</double> 
        </void> 
        <void method="add"> 
         <double>2253120.075855732</double> 
        </void> 
        <void method="add"> 
         <double>2254505.045635639</double> 
        </void> 
        <void method="add"> 
         <double>2259796.614714138</double> 
        </void> 
        <void method="add"> 
         <double>2260770.5078251497</double> 
        </void> 
        <void method="add"> 
         <double>2264339.7487172023</double> 
        </void> 
        <void method="add"> 
         <double>2266110.2042249567</double> 
        </void> 
        <void method="add"> 
         <double>2269947.908505486</double> 
        </void> 
        <void method="add"> 
         <double>2276356.344214655</double> 
        </void> 
        <void method="add"> 
         <double>2276672.128722696</double> 
        </void> 
        <void method="add"> 
         <double>2284815.8684059544</double> 
        </void> 
        <void method="add"> 
         <double>2284821.761249777</double> 
        </void> 
        <void method="add"> 
         <double>2284957.7091343263</double> 
        </void> 
        <void method="add"> 
         <double>2285072.373965843</double> 
        </void> 
        <void method="add"> 
         <double>2288849.1090137986</double> 
        </void> 
        <void method="add"> 
         <double>2292304.820930249</double> 
        </void> 
        <void method="add"> 
         <double>2293956.142080532</double> 
        </void> 
        <void method="add"> 
         <double>2294552.0885137124</double> 
        </void> 
        <void method="add"> 
         <double>2255853.0060479064</double> 
        </void> 
        <void method="add"> 
         <double>2259225.245085425</double> 
        </void> 
        <void method="add"> 
         <double>2170305.5166804683</double> 
        </void> 
        <void method="add"> 
         <double>2126036.9024929362</double> 
        </void> 
        <void method="add"> 
         <double>2247659.577711084</double> 
        </void> 
       </object> 
      </void> 
      <void property="stdev"> 
       <double>45691.24480392195</double> 
      </void> 
     </object> 
    </void> 
    <void index="3"> 
     <object class="jmbench.tools.EvaluationMetrics"> 
      <void property="max"> 
       <double>1341393.6468609301</double> 
      </void> 
      <void property="mean"> 
       <double>1331225.876030442</double> 
      </void> 
      <void property="median"> 
       <double>1337739.0710684878</double> 
      </void> 
      <void property="min"> 
       <double>1293273.0615071757</double> 
      </void> 
      <void property="rawResults"> 
       <object class="java.util.ArrayList"> 
        <void method="add"> 
         <double>1293273.0615071757</double> 
        </void> 
        <void method="add"> 
         <double>1307177.1262446246</double> 
        </void> 
        <void method="add"> 
         <double>1318466.1050594337</double> 
        </void> 
        <void method="add"> 
         <double>1320146.7244862681</double> 
        </void> 
        <void method="add"> 
         <double>1323006.7847210187</double> 
        </void> 
        <void method="add"> 
         <double>1324935.15516577</double> 
        </void> 
        <void method="add"> 
         <double>1326358.4588465702</double> 
        </void> 
        <void method="add"> 
         <double>1326889.1345424221</double> 
        </void> 
        <void method="add"> 
         <double>1326982.1321552224</double> 
        </void> 
        <void method="add"> 
         <double>1327418.697221086</double> 
        </void> 
        <void method="add"> 
         <double>1337000.1270379801</double> 
        </void> 
        <void method="add"> 
         <double>1337370.8790903855</double> 
        </void> 
        <void method="add"> 
         <double>1338071.0673495538</double> 
        </void> 
        <void method="add"> 
         <double>1338077.002765594</double> 
        </void> 
        <void method="add"> 
         <double>1338350.772703401</double> 
        </void> 
        <void method="add"> 
         <double>1338759.79683675</double> 
        </void> 
        <void method="add"> 
         <double>1339076.275526622</double> 
        </void> 
        <void method="add"> 
         <double>1340012.7520471683</double> 
        </void> 
        <void method="add"> 
         <double>1340485.2981171468</double> 
        </void> 
        <void method="add"> 
         <double>1341263.2200932724</double> 
        </void> 
        <void method="add"> 
         <double>1337739.0710684878</double> 
        </void> 
        <void method="add"> 
         <double>1339737.1551846724</double> 
        </void> 
        <void method="add"> 
         <double>1341393.6468609301</double> 
        </void> 
        <void method="add"> 
         <double>1339733.570645674</double> 
        </void> 
        <void method="add"> 
         <double>1338922.885483823</double> 
        </void> 
       </object> 
      </void> 
      <void property="stdev"> 
       <double>11720.178103106384</double> 
      </void> 
     </object> 
    </void> 
    <void index="4"> 
     <object class="jmbench.tools.EvaluationMetrics"> 
      <void property="max"> 
       <double>227900.65040406244</double> 
      </void> 
      <void property="mean"> 
       <double>225470.24887583882</double> 
      </void> 
      <void property="median"> 
       <double>225970.1678997544</double> 
      </void> 
      <void property="min"> 
       <double>220729.26772205584</double> 
      </void> 
      <void property="rawResults"> 
       <object class="java.util.ArrayList"> 
        <void method="add"> 
         <double>220729.26772205584</double> 
        </void> 
        <void method="add"> 
         <double>222774.21944429603</double> 
        </void> 
        <void method="add"> 
         <double>222906.51568180468</double> 
        </void> 
        <void method="add"> 
         <double>222966.59118327367</double> 
        </void> 
        <void method="add"> 
         <double>223734.73146303408</double> 
        </void> 
        <void method="add"> 
         <double>224324.03318538048</double> 
        </void> 
        <void method="add"> 
         <double>224695.60689954687</double> 
        </void> 
        <void method="add"> 
         <double>224747.67492679434</double> 
        </void> 
        <void method="add"> 
         <double>225004.38764457076</double> 
        </void> 
        <void method="add"> 
         <double>225766.65771255232</double> 
        </void> 
        <void method="add"> 
         <double>225780.8323066061</double> 
        </void> 
        <void method="add"> 
         <double>226327.9944478627</double> 
        </void> 
        <void method="add"> 
         <double>226373.38874443943</double> 
        </void> 
        <void method="add"> 
         <double>226382.96225749303</double> 
        </void> 
        <void method="add"> 
         <double>226384.469516586</double> 
        </void> 
        <void method="add"> 
         <double>227200.5876295065</double> 
        </void> 
        <void method="add"> 
         <double>227410.2747535894</double> 
        </void> 
        <void method="add"> 
         <double>227634.8970562368</double> 
        </void> 
        <void method="add"> 
         <double>227740.05395361222</double> 
        </void> 
        <void method="add"> 
         <double>227900.65040406244</double> 
        </void> 
        <void method="add"> 
         <double>225970.1678997544</double> 
        </void> 
        <void method="add"> 
         <double>225710.43912344147</double> 
        </void> 
        <void method="add"> 
         <double>226052.18253650644</double> 
        </void> 
        <void method="add"> 
         <double>226132.01072117896</double> 
        </void> 
        <void method="add"> 
         <double>226105.62468178634</double> 
        </void> 
       </object> 
      </void> 
      <void property="stdev"> 
       <double>1739.497992268512</double> 
      </void> 
     </object> 
    </void> 
    <void index="5"> 
     <object class="jmbench.tools.EvaluationMetrics"> 
      <void property="max"> 
       <double>28897.84253800283</double> 
      </void> 
      <void property="mean"> 
       <double>28741.640484638934</double> 
      </void> 
      <void property="median"> 
       <double>28809.608081348615</double> 
      </void> 
      <void property="min"> 
       <double>28544.66661641456</double> 
      </void> 
      <void property="rawResults"> 
       <object class="java.util.ArrayList"> 
        <void method="add"> 
         <double>28544.66661641456</double> 
        </void> 
        <void method="add"> 
         <double>28547.784332129864</double> 
        </void> 
        <void method="add"> 
         <double>28587.564474543655</double> 
        </void> 
        <void method="add"> 
         <double>28587.879946566198</double> 
        </void> 
        <void method="add"> 
         <double>28592.932039162297</double> 
        </void> 
        <void method="add"> 
         <double>28593.484602040968</double> 
        </void> 
        <void method="add"> 
         <double>28606.722403042622</double> 
        </void> 
        <void method="add"> 
         <double>28619.127952551724</double> 
        </void> 
        <void method="add"> 
         <double>28627.415422779944</double> 
        </void> 
        <void method="add"> 
         <double>28632.197576409268</double> 
        </void> 
        <void method="add"> 
         <double>28808.516485421744</double> 
        </void> 
        <void method="add"> 
         <double>28810.405392048015</double> 
        </void> 
        <void method="add"> 
         <double>28819.05488918088</double> 
        </void> 
        <void method="add"> 
         <double>28819.253597173327</double> 
        </void> 
        <void method="add"> 
         <double>28828.63537301369</double> 
        </void> 
        <void method="add"> 
         <double>28838.77929898726</double> 
        </void> 
        <void method="add"> 
         <double>28868.27210123241</double> 
        </void> 
        <void method="add"> 
         <double>28870.577511729807</double> 
        </void> 
        <void method="add"> 
         <double>28871.188549524937</double> 
        </void> 
        <void method="add"> 
         <double>28897.84253800283</double> 
        </void> 
        <void method="add"> 
         <double>28785.6083213043</double> 
        </void> 
        <void method="add"> 
         <double>28870.68941307727</double> 
        </void> 
        <void method="add"> 
         <double>28875.822666646844</double> 
        </void> 
        <void method="add"> 
         <double>28826.98253164024</double> 
        </void> 
        <void method="add"> 
         <double>28809.608081348615</double> 
        </void> 
       </object> 
      </void> 
      <void property="stdev"> 
       <double>124.35767781352806</double> 
      </void> 
     </object> 
    </void> 
    <void index="6"> 
     <object class="jmbench.tools.EvaluationMetrics"> 
      <void property="max"> 
       <double>1976.9531040123993</double> 
      </void> 
      <void property="mean"> 
       <double>1966.936387087252</double> 
      </void> 
      <void property="median"> 
       <double>1966.1960511699792</double> 
      </void> 
      <void property="min"> 
       <double>1956.1376042827267</double> 
      </void> 
      <void property="rawResults"> 
       <object class="java.util.ArrayList"> 
        <void method="add"> 
         <double>1956.1376042827267</double> 
        </void> 
        <void method="add"> 
         <double>1958.6264853879195</double> 
        </void> 
        <void method="add"> 
         <double>1961.9737275686994</double> 
        </void> 
        <void method="add"> 
         <double>1962.349359202978</double> 
        </void> 
        <void method="add"> 
         <double>1962.9859587724422</double> 
        </void> 
        <void method="add"> 
         <double>1963.4230872378982</double> 
        </void> 
        <void method="add"> 
         <double>1963.869964488945</double> 
        </void> 
        <void method="add"> 
         <double>1966.1960511699792</double> 
        </void> 
        <void method="add"> 
         <double>1967.9266729388758</double> 
        </void> 
        <void method="add"> 
         <double>1969.5053895727533</double> 
        </void> 
        <void method="add"> 
         <double>1970.1531951681284</double> 
        </void> 
        <void method="add"> 
         <double>1970.593126396531</double> 
        </void> 
        <void method="add"> 
         <double>1971.5320077074089</double> 
        </void> 
        <void method="add"> 
         <double>1972.2433519851227</double> 
        </void> 
        <void method="add"> 
         <double>1973.9217244579438</double> 
        </void> 
        <void method="add"> 
         <double>1974.2632615059165</double> 
        </void> 
        <void method="add"> 
         <double>1974.5163808516097</double> 
        </void> 
        <void method="add"> 
         <double>1976.1569905306906</double> 
        </void> 
        <void method="add"> 
         <double>1976.509840934379</double> 
        </void> 
        <void method="add"> 
         <double>1976.9531040123993</double> 
        </void> 
        <void method="add"> 
         <double>1957.1367160889668</double> 
        </void> 
        <void method="add"> 
         <double>1957.7866536122128</double> 
        </void> 
        <void method="add"> 
         <double>1962.825206006901</double> 
        </void> 
        <void method="add"> 
         <double>1963.2172339133672</double> 
        </void> 
        <void method="add"> 
         <double>1962.6065833865161</double> 
        </void> 
       </object> 
      </void> 
      <void property="stdev"> 
       <double>6.374927821743136</double> 
      </void> 
     </object> 
    </void> 
    <void index="7"> 
     <object class="jmbench.tools.EvaluationMetrics"> 
      <void property="max"> 
       <double>282.4679632139604</double> 
      </void> 
      <void property="mean"> 
       <double>265.35692579833557</double> 
      </void> 
      <void property="median"> 
       <double>280.0746557900884</double> 
      </void> 
      <void property="min"> 
       <double>241.56437162110956</double> 
      </void> 
      <void property="rawResults"> 
       <object class="java.util.ArrayList"> 
        <void method="add"> 
         <double>242.38313643259008</double> 
        </void> 
        <void method="add"> 
         <double>242.54988795081417</double> 
        </void> 
        <void method="add"> 
         <double>242.6138734025865</double> 
        </void> 
        <void method="add"> 
         <double>242.66059942369927</double> 
        </void> 
        <void method="add"> 
         <double>242.73623616654527</double> 
        </void> 
        <void method="add"> 
         <double>277.27131636029884</double> 
        </void> 
        <void method="add"> 
         <double>277.57885806185567</double> 
        </void> 
        <void method="add"> 
         <double>280.0746557900884</double> 
        </void> 
        <void method="add"> 
         <double>280.39325739140793</double> 
        </void> 
        <void method="add"> 
         <double>280.45365309959334</double> 
        </void> 
        <void method="add"> 
         <double>280.5172695158505</double> 
        </void> 
        <void method="add"> 
         <double>280.75514590221735</double> 
        </void> 
        <void method="add"> 
         <double>280.78782651632656</double> 
        </void> 
        <void method="add"> 
         <double>280.8079332706095</double> 
        </void> 
        <void method="add"> 
         <double>280.87286892163974</double> 
        </void> 
        <void method="add"> 
         <double>281.09155393014436</double> 
        </void> 
        <void method="add"> 
         <double>282.1025940071532</double> 
        </void> 
        <void method="add"> 
         <double>282.28605783431414</double> 
        </void> 
        <void method="add"> 
         <double>282.33249207661777</double> 
        </void> 
        <void method="add"> 
         <double>282.4679632139604</double> 
        </void> 
        <void method="add"> 
         <double>241.56437162110956</double> 
        </void> 
        <void method="add"> 
         <double>241.9853945025638</double> 
        </void> 
        <void method="add"> 
         <double>242.55430360958715</double> 
        </void> 
        <void method="add"> 
         <double>242.6348421954946</double> 
        </void> 
        <void method="add"> 
         <double>242.4470537613227</double> 
        </void> 
       </object> 
      </void> 
      <void property="stdev"> 
       <double>18.769628133954367</double> 
      </void> 
     </object> 
    </void> 
    <void index="8"> 
     <object class="jmbench.tools.EvaluationMetrics"> 
      <void property="max"> 
       <double>30.024886322843166</double> 
      </void> 
      <void property="mean"> 
       <double>29.8215907728592</double> 
      </void> 
      <void property="median"> 
       <double>29.837824594156746</double> 
      </void> 
      <void property="min"> 
       <double>29.593943451245647</double> 
      </void> 
      <void property="rawResults"> 
       <object class="java.util.ArrayList"> 
        <void method="add"> 
         <double>29.593943451245647</double> 
        </void> 
        <void method="add"> 
         <double>29.599546346302198</double> 
        </void> 
        <void method="add"> 
         <double>29.622150960528163</double> 
        </void> 
        <void method="add"> 
         <double>29.6279788220511</double> 
        </void> 
        <void method="add"> 
         <double>29.689002603891986</double> 
        </void> 
        <void method="add"> 
         <double>29.762158801198304</double> 
        </void> 
        <void method="add"> 
         <double>29.778918194464193</double> 
        </void> 
        <void method="add"> 
         <double>29.800929429779817</double> 
        </void> 
        <void method="add"> 
         <double>29.837824594156746</double> 
        </void> 
        <void method="add"> 
         <double>29.871065040370077</double> 
        </void> 
        <void method="add"> 
         <double>29.881219582375174</double> 
        </void> 
        <void method="add"> 
         <double>29.907491522965774</double> 
        </void> 
        <void method="add"> 
         <double>29.93357371029852</double> 
        </void> 
        <void method="add"> 
         <double>29.935736776221848</double> 
        </void> 
        <void method="add"> 
         <double>29.93733825708522</double> 
        </void> 
        <void method="add"> 
         <double>29.946801413901227</double> 
        </void> 
        <void method="add"> 
         <double>29.95593609853303</double> 
        </void> 
        <void method="add"> 
         <double>29.994773290774987</double> 
        </void> 
        <void method="add"> 
         <double>30.01643916326943</double> 
        </void> 
        <void method="add"> 
         <double>30.024886322843166</double> 
        </void> 
        <void method="add"> 
         <double>29.920064241205537</double> 
        </void> 
        <void method="add"> 
         <double>29.725243902991476</double> 
        </void> 
        <void method="add"> 
         <double>29.768204005254166</double> 
        </void> 
        <void method="add"> 
         <double>29.718100164333563</double> 
        </void> 
        <void method="add"> 
         <double>29.69044262543866</double> 
        </void> 
       </object> 
      </void> 
      <void property="stdev"> 
       <double>0.1337332846067532</double> 
      </void> 
     </object> 
    </void> 
    <void index="9"> 
     <object class="jmbench.tools.EvaluationMetrics"> 
      <void property="max"> 
       <double>0.8269502376795564</double> 
      </void> 
      <void property="mean"> 
       <double>0.8157185136059005</double> 
      </void> 
      <void property="median"> 
       <double>0.8143830131964798</double> 
      </void> 
      <void property="min"> 
       <double>0.8060766843185593</double> 
      </void> 
      <void property="rawResults"> 
       <object class="java.util.ArrayList"> 
        <void method="add"> 
         <double>0.8060766843185593</double> 
        </void> 
        <void method="add"> 
         <double>0.8087638670598728</double> 
        </void> 
        <void method="add"> 
         <double>0.8104516267543496</double> 
        </void> 
        <void method="add"> 
         <double>0.8112835479268461</double> 
        </void> 
        <void method="add"> 
         <double>0.8118085838975454</double> 
        </void> 
        <void method="add"> 
         <double>0.8120412440154512</double> 
        </void> 
        <void method="add"> 
         <double>0.8127574177654232</double> 
        </void> 
        <void method="add"> 
         <double>0.8128416543831436</double> 
        </void> 
        <void method="add"> 
         <double>0.8132907232611752</double> 
        </void> 
        <void method="add"> 
         <double>0.8137569072866238</double> 
        </void> 
        <void method="add"> 
         <double>0.8138209669644836</double> 
        </void> 
        <void method="add"> 
         <double>0.8147316131148896</double> 
        </void> 
        <void method="add"> 
         <double>0.8150280523146947</double> 
        </void> 
        <void method="add"> 
         <double>0.8156524303886851</double> 
        </void> 
        <void method="add"> 
         <double>0.8156611969945738</double> 
        </void> 
        <void method="add"> 
         <double>0.8165826742657142</double> 
        </void> 
        <void method="add"> 
         <double>0.8243697952179859</double> 
        </void> 
        <void method="add"> 
         <double>0.8246199225554847</double> 
        </void> 
        <void method="add"> 
         <double>0.8258907675224599</double> 
        </void> 
        <void method="add"> 
         <double>0.8269502376795564</double> 
        </void> 
        <void method="add"> 
         <double>0.8264809207879478</double> 
        </void> 
        <void method="add"> 
         <double>0.816085230309283</double> 
        </void> 
        <void method="add"> 
         <double>0.8176519849731275</double> 
        </void> 
        <void method="add"> 
         <double>0.8143830131964798</double> 
        </void> 
        <void method="add"> 
         <double>0.8119817771931552</double> 
        </void> 
       </object> 
      </void> 
      <void property="stdev"> 
       <double>0.0055472452377013145</double> 
      </void> 
     </object> 
    </void> 
    <void index="10"> 
     <object class="jmbench.tools.EvaluationMetrics"> 
      <void property="max"> 
       <double>0.0943224128499094</double> 
      </void> 
      <void property="mean"> 
       <double>0.09238222949589964</double> 
      </void> 
      <void property="median"> 
       <double>0.09150058796708592</double> 
      </void> 
      <void property="min"> 
       <double>0.09096916753449531</double> 
      </void> 
      <void property="rawResults"> 
       <object class="java.util.ArrayList"> 
        <void method="add"> 
         <double>0.09108267021741405</double> 
        </void> 
        <void method="add"> 
         <double>0.09121683744602233</double> 
        </void> 
        <void method="add"> 
         <double>0.09122439838060035</double> 
        </void> 
        <void method="add"> 
         <double>0.09125615055173178</double> 
        </void> 
        <void method="add"> 
         <double>0.09135179684779476</double> 
        </void> 
        <void method="add"> 
         <double>0.09137604984523899</double> 
        </void> 
        <void method="add"> 
         <double>0.09138827013308087</double> 
        </void> 
        <void method="add"> 
         <double>0.09146479039007904</double> 
        </void> 
        <void method="add"> 
         <double>0.09149726679012381</double> 
        </void> 
        <void method="add"> 
         <double>0.09150058796708592</double> 
        </void> 
        <void method="add"> 
         <double>0.09154339254611646</double> 
        </void> 
        <void method="add"> 
         <double>0.0915618742579966</double> 
        </void> 
        <void method="add"> 
         <double>0.09339090744309615</double> 
        </void> 
        <void method="add"> 
         <double>0.09362842941225812</double> 
        </void> 
        <void method="add"> 
         <double>0.09379312014422746</double> 
        </void> 
        <void method="add"> 
         <double>0.09382260115139672</double> 
        </void> 
        <void method="add"> 
         <double>0.09403348365706889</double> 
        </void> 
        <void method="add"> 
         <double>0.09420519533823839</double> 
        </void> 
        <void method="add"> 
         <double>0.09425710180267848</double> 
        </void> 
        <void method="add"> 
         <double>0.0943224128499094</double> 
        </void> 
        <void method="add"> 
         <double>0.09394228426734746</double> 
        </void> 
        <void method="add"> 
         <double>0.0942886621902959</double> 
        </void> 
        <void method="add"> 
         <double>0.09127832423575495</double> 
        </void> 
        <void method="add"> 
         <double>0.09115996199743924</double> 
        </void> 
        <void method="add"> 
         <double>0.09096916753449531</double> 
        </void> 
       </object> 
      </void> 
      <void property="stdev"> 
       <double>0.0013151291225688522</double> 
      </void> 
     </object> 
    </void> 
    <void index="11"> 
     <object class="jmbench.tools.EvaluationMetrics"> 
      <void property="max"> 
       <double>0.009616282220341376</double> 
      </void> 
      <void property="mean"> 
       <double>0.009616282220341376</double> 
      </void> 
      <void property="median"> 
       <double>0.009616282220341376</double> 
      </void> 
      <void property="min"> 
       <double>0.009616282220341376</double> 
      </void> 
      <void property="rawResults"> 
       <object class="java.util.ArrayList"> 
        <void method="add"> 
         <double>0.009616282220341376</double> 
        </void> 
       </object> 
      </void> 
     </object> 
    </void> 
   </array> 
  </void> 
  <void property="opName"> 
   <string>Mult c=a^t * b</string> 
  </void> 
 </object> 
</java> 
