<?xml version="1.0" encoding="UTF-8"?> 
<java version="1.6.0_16" class="java.beans.XMLDecoder"> 
 <object class="jmbench.tools.runtime.OperationResults"> 
  <void property="library"> 
   <object class="jmbench.impl.MatrixLibrary" method="valueOf"> 
    <string>COLT</string> 
   </object> 
  </void> 
  <void property="matDimen"> 
   <array class="int" length="12"> 
    <void index="0"> 
     <int>2</int> 
    </void> 
    <void index="1"> 
     <int>3</int> 
    </void> 
    <void index="2"> 
     <int>4</int> 
    </void> 
    <void index="3"> 
     <int>5</int> 
    </void> 
    <void index="4"> 
     <int>10</int> 
    </void> 
    <void index="5"> 
     <int>20</int> 
    </void> 
    <void index="6"> 
     <int>50</int> 
    </void> 
    <void index="7"> 
     <int>100</int> 
    </void> 
    <void index="8"> 
     <int>200</int> 
    </void> 
    <void index="9"> 
     <int>500</int> 
    </void> 
    <void index="10"> 
     <int>1000</int> 
    </void> 
    <void index="11"> 
     <int>2000</int> 
    </void> 
   </array> 
  </void> 
  <void property="metrics"> 
   <array class="jmbench.tools.EvaluationMetrics" length="12"> 
    <void index="0"> 
     <object class="jmbench.tools.EvaluationMetrics"> 
      <void property="max"> 
       <double>2400375.379555117</double> 
      </void> 
      <void property="mean"> 
       <double>2318689.828988503</double> 
      </void> 
      <void property="median"> 
       <double>2346098.284968433</double> 
      </void> 
      <void property="min"> 
       <double>2174629.1676331754</double> 
      </void> 
      <void property="rawResults"> 
       <object class="java.util.ArrayList"> 
        <void method="add"> 
         <double>2174629.1676331754</double> 
        </void> 
        <void method="add"> 
         <double>2234785.8395669567</double> 
        </void> 
        <void method="add"> 
         <double>2242019.1003834577</double> 
        </void> 
        <void method="add"> 
         <double>2244386.27057557</double> 
        </void> 
        <void method="add"> 
         <double>2275135.5206395593</double> 
        </void> 
        <void method="add"> 
         <double>2299624.5013518794</double> 
        </void> 
        <void method="add"> 
         <double>2302608.1019703643</double> 
        </void> 
        <void method="add"> 
         <double>2306274.8948894935</double> 
        </void> 
        <void method="add"> 
         <double>2309715.039702251</double> 
        </void> 
        <void method="add"> 
         <double>2320535.7786853206</double> 
        </void> 
        <void method="add"> 
         <double>2354868.719491984</double> 
        </void> 
        <void method="add"> 
         <double>2354968.2255883976</double> 
        </void> 
        <void method="add"> 
         <double>2356151.671071743</double> 
        </void> 
        <void method="add"> 
         <double>2356199.4609034522</double> 
        </void> 
        <void method="add"> 
         <double>2358299.3353099707</double> 
        </void> 
        <void method="add"> 
         <double>2382012.269177261</double> 
        </void> 
        <void method="add"> 
         <double>2382220.4962194567</double> 
        </void> 
        <void method="add"> 
         <double>2383403.439323875</double> 
        </void> 
        <void method="add"> 
         <double>2384486.285425619</double> 
        </void> 
        <void method="add"> 
         <double>2400375.379555117</double> 
        </void> 
        <void method="add"> 
         <double>2359517.712016349</double> 
        </void> 
        <void method="add"> 
         <double>2367379.9013575623</double> 
        </void> 
        <void method="add"> 
         <double>2226032.4963678094</double> 
        </void> 
        <void method="add"> 
         <double>2245517.8325375086</double> 
        </void> 
        <void method="add"> 
         <double>2346098.284968433</double> 
        </void> 
       </object> 
      </void> 
      <void property="stdev"> 
       <double>60305.24686675132</double> 
      </void> 
     </object> 
    </void> 
    <void index="1"> 
     <object class="jmbench.tools.EvaluationMetrics"> 
      <void property="max"> 
       <double>1332111.60585519</double> 
      </void> 
      <void property="mean"> 
       <double>1304808.5631151777</double> 
      </void> 
      <void property="median"> 
       <double>1312936.4943781379</double> 
      </void> 
      <void property="min"> 
       <double>1216684.9938133801</double> 
      </void> 
      <void property="rawResults"> 
       <object class="java.util.ArrayList"> 
        <void method="add"> 
         <double>1292085.1667971315</double> 
        </void> 
        <void method="add"> 
         <double>1293265.681869262</double> 
        </void> 
        <void method="add"> 
         <double>1297798.205935319</double> 
        </void> 
        <void method="add"> 
         <double>1299088.8169859955</double> 
        </void> 
        <void method="add"> 
         <double>1307929.1387238263</double> 
        </void> 
        <void method="add"> 
         <double>1310871.394667085</double> 
        </void> 
        <void method="add"> 
         <double>1311044.867209896</double> 
        </void> 
        <void method="add"> 
         <double>1312936.4943781379</double> 
        </void> 
        <void method="add"> 
         <double>1313598.0657240383</double> 
        </void> 
        <void method="add"> 
         <double>1313864.767691006</double> 
        </void> 
        <void method="add"> 
         <double>1314476.7690726223</double> 
        </void> 
        <void method="add"> 
         <double>1314769.9876347613</double> 
        </void> 
        <void method="add"> 
         <double>1315694.0246528652</double> 
        </void> 
        <void method="add"> 
         <double>1316011.7257033894</double> 
        </void> 
        <void method="add"> 
         <double>1316759.2712610683</double> 
        </void> 
        <void method="add"> 
         <double>1318404.9587990502</double> 
        </void> 
        <void method="add"> 
         <double>1320276.8607428663</double> 
        </void> 
        <void method="add"> 
         <double>1320615.836809529</double> 
        </void> 
        <void method="add"> 
         <double>1322827.1841666824</double> 
        </void> 
        <void method="add"> 
         <double>1332111.60585519</double> 
        </void> 
        <void method="add"> 
         <double>1235253.5126426104</double> 
        </void> 
        <void method="add"> 
         <double>1216684.9938133801</double> 
        </void> 
        <void method="add"> 
         <double>1308557.4718480713</double> 
        </void> 
        <void method="add"> 
         <double>1308641.3865631584</double> 
        </void> 
        <void method="add"> 
         <double>1306645.888332501</double> 
        </void> 
       </object> 
      </void> 
      <void property="stdev"> 
       <double>25017.712298580318</double> 
      </void> 
     </object> 
    </void> 
    <void index="2"> 
     <object class="jmbench.tools.EvaluationMetrics"> 
      <void property="max"> 
       <double>799652.4026657706</double> 
      </void> 
      <void property="mean"> 
       <double>786255.2868702402</double> 
      </void> 
      <void property="median"> 
       <double>786311.5660271375</double> 
      </void> 
      <void property="min"> 
       <double>751082.8709856647</double> 
      </void> 
      <void property="rawResults"> 
       <object class="java.util.ArrayList"> 
        <void method="add"> 
         <double>751082.8709856647</double> 
        </void> 
        <void method="add"> 
         <double>778052.0004547827</double> 
        </void> 
        <void method="add"> 
         <double>778695.4037986888</double> 
        </void> 
        <void method="add"> 
         <double>779522.1446534739</double> 
        </void> 
        <void method="add"> 
         <double>782744.62263692</double> 
        </void> 
        <void method="add"> 
         <double>783432.0714732679</double> 
        </void> 
        <void method="add"> 
         <double>783468.6871426629</double> 
        </void> 
        <void method="add"> 
         <double>783519.3842553324</double> 
        </void> 
        <void method="add"> 
         <double>784042.4600665346</double> 
        </void> 
        <void method="add"> 
         <double>784257.1974034008</double> 
        </void> 
        <void method="add"> 
         <double>784584.4750753941</double> 
        </void> 
        <void method="add"> 
         <double>784870.5229550108</double> 
        </void> 
        <void method="add"> 
         <double>786311.5660271375</double> 
        </void> 
        <void method="add"> 
         <double>786876.7701405337</double> 
        </void> 
        <void method="add"> 
         <double>787832.8548911116</double> 
        </void> 
        <void method="add"> 
         <double>788405.4561322458</double> 
        </void> 
        <void method="add"> 
         <double>789819.2911228238</double> 
        </void> 
        <void method="add"> 
         <double>790707.8465623704</double> 
        </void> 
        <void method="add"> 
         <double>791734.4549544966</double> 
        </void> 
        <void method="add"> 
         <double>793507.8320487307</double> 
        </void> 
        <void method="add"> 
         <double>790273.6646488729</double> 
        </void> 
        <void method="add"> 
         <double>799652.4026657706</double> 
        </void> 
        <void method="add"> 
         <double>795929.868931602</double> 
        </void> 
        <void method="add"> 
         <double>799124.5416433205</double> 
        </void> 
        <void method="add"> 
         <double>797933.7810858577</double> 
        </void> 
       </object> 
      </void> 
      <void property="stdev"> 
       <double>9316.449026324066</double> 
      </void> 
     </object> 
    </void> 
    <void index="3"> 
     <object class="jmbench.tools.EvaluationMetrics"> 
      <void property="max"> 
       <double>538324.9776913987</double> 
      </void> 
      <void property="mean"> 
       <double>528383.8096097297</double> 
      </void> 
      <void property="median"> 
       <double>527433.563257824</double> 
      </void> 
      <void property="min"> 
       <double>511140.93264004285</double> 
      </void> 
      <void property="rawResults"> 
       <object class="java.util.ArrayList"> 
        <void method="add"> 
         <double>511140.93264004285</double> 
        </void> 
        <void method="add"> 
         <double>515851.25594228285</double> 
        </void> 
        <void method="add"> 
         <double>524334.816296768</double> 
        </void> 
        <void method="add"> 
         <double>524523.6496982621</double> 
        </void> 
        <void method="add"> 
         <double>524791.6836531275</double> 
        </void> 
        <void method="add"> 
         <double>525982.0018436144</double> 
        </void> 
        <void method="add"> 
         <double>526546.261468361</double> 
        </void> 
        <void method="add"> 
         <double>526883.9750762555</double> 
        </void> 
        <void method="add"> 
         <double>527121.341824715</double> 
        </void> 
        <void method="add"> 
         <double>527348.837853228</double> 
        </void> 
        <void method="add"> 
         <double>527433.563257824</double> 
        </void> 
        <void method="add"> 
         <double>528437.864681962</double> 
        </void> 
        <void method="add"> 
         <double>532247.8869605069</double> 
        </void> 
        <void method="add"> 
         <double>532643.5755387922</double> 
        </void> 
        <void method="add"> 
         <double>534032.1831855169</double> 
        </void> 
        <void method="add"> 
         <double>534600.13494229</double> 
        </void> 
        <void method="add"> 
         <double>535427.9385700588</double> 
        </void> 
        <void method="add"> 
         <double>536231.7845154761</double> 
        </void> 
        <void method="add"> 
         <double>536510.2787008729</double> 
        </void> 
        <void method="add"> 
         <double>538324.9776913987</double> 
        </void> 
        <void method="add"> 
         <double>525503.686854605</double> 
        </void> 
        <void method="add"> 
         <double>529504.3616801328</double> 
        </void> 
        <void method="add"> 
         <double>529493.4860587128</double> 
        </void> 
        <void method="add"> 
         <double>523280.34797127696</double> 
        </void> 
        <void method="add"> 
         <double>531398.4133371598</double> 
        </void> 
       </object> 
      </void> 
      <void property="stdev"> 
       <double>6129.148387266726</double> 
      </void> 
     </object> 
    </void> 
    <void index="4"> 
     <object class="jmbench.tools.EvaluationMetrics"> 
      <void property="max"> 
       <double>133252.81812985317</double> 
      </void> 
      <void property="mean"> 
       <double>130779.96398150212</double> 
      </void> 
      <void property="median"> 
       <double>131012.5693371288</double> 
      </void> 
      <void property="min"> 
       <double>125254.02512042434</double> 
      </void> 
      <void property="rawResults"> 
       <object class="java.util.ArrayList"> 
        <void method="add"> 
         <double>125254.02512042434</double> 
        </void> 
        <void method="add"> 
         <double>125746.9792211206</double> 
        </void> 
        <void method="add"> 
         <double>127798.53129204415</double> 
        </void> 
        <void method="add"> 
         <double>129462.09856169434</double> 
        </void> 
        <void method="add"> 
         <double>129688.00568116053</double> 
        </void> 
        <void method="add"> 
         <double>129877.35877107878</double> 
        </void> 
        <void method="add"> 
         <double>130719.54546340143</double> 
        </void> 
        <void method="add"> 
         <double>130735.29537397371</double> 
        </void> 
        <void method="add"> 
         <double>130844.15587856712</double> 
        </void> 
        <void method="add"> 
         <double>130886.94199057699</double> 
        </void> 
        <void method="add"> 
         <double>131271.84026714</double> 
        </void> 
        <void method="add"> 
         <double>131477.43971660765</double> 
        </void> 
        <void method="add"> 
         <double>131792.61205022447</double> 
        </void> 
        <void method="add"> 
         <double>132497.2782090193</double> 
        </void> 
        <void method="add"> 
         <double>132705.6561456983</double> 
        </void> 
        <void method="add"> 
         <double>132711.3728696956</double> 
        </void> 
        <void method="add"> 
         <double>132747.86155938817</double> 
        </void> 
        <void method="add"> 
         <double>132761.90187093726</double> 
        </void> 
        <void method="add"> 
         <double>132989.343617014</double> 
        </void> 
        <void method="add"> 
         <double>133252.81812985317</double> 
        </void> 
        <void method="add"> 
         <double>130015.8257745065</double> 
        </void> 
        <void method="add"> 
         <double>131012.5693371288</double> 
        </void> 
        <void method="add"> 
         <double>130494.9314624559</double> 
        </void> 
        <void method="add"> 
         <double>131463.96607345357</double> 
        </void> 
        <void method="add"> 
         <double>131290.74510038825</double> 
        </void> 
       </object> 
      </void> 
      <void property="stdev"> 
       <double>2009.0562177718682</double> 
      </void> 
     </object> 
    </void> 
    <void index="5"> 
     <object class="jmbench.tools.EvaluationMetrics"> 
      <void property="max"> 
       <double>30753.13913377884</double> 
      </void> 
      <void property="mean"> 
       <double>30648.918196413055</double> 
      </void> 
      <void property="median"> 
       <double>30663.584997586662</double> 
      </void> 
      <void property="min"> 
       <double>30520.043901535213</double> 
      </void> 
      <void property="rawResults"> 
       <object class="java.util.ArrayList"> 
        <void method="add"> 
         <double>30565.54520712778</double> 
        </void> 
        <void method="add"> 
         <double>30576.6347502714</double> 
        </void> 
        <void method="add"> 
         <double>30580.18120211427</double> 
        </void> 
        <void method="add"> 
         <double>30582.223828263523</double> 
        </void> 
        <void method="add"> 
         <double>30620.764346352607</double> 
        </void> 
        <void method="add"> 
         <double>30638.191668944983</double> 
        </void> 
        <void method="add"> 
         <double>30639.42541424851</double> 
        </void> 
        <void method="add"> 
         <double>30648.23156491414</double> 
        </void> 
        <void method="add"> 
         <double>30663.584997586662</double> 
        </void> 
        <void method="add"> 
         <double>30665.598851425148</double> 
        </void> 
        <void method="add"> 
         <double>30672.026276834644</double> 
        </void> 
        <void method="add"> 
         <double>30673.13650180947</double> 
        </void> 
        <void method="add"> 
         <double>30677.987494124824</double> 
        </void> 
        <void method="add"> 
         <double>30680.681069023845</double> 
        </void> 
        <void method="add"> 
         <double>30699.892450676507</double> 
        </void> 
        <void method="add"> 
         <double>30701.092827648372</double> 
        </void> 
        <void method="add"> 
         <double>30713.516813993057</double> 
        </void> 
        <void method="add"> 
         <double>30715.562549405622</double> 
        </void> 
        <void method="add"> 
         <double>30751.946490275674</double> 
        </void> 
        <void method="add"> 
         <double>30753.13913377884</double> 
        </void> 
        <void method="add"> 
         <double>30725.660606411395</double> 
        </void> 
        <void method="add"> 
         <double>30581.88221643646</double> 
        </void> 
        <void method="add"> 
         <double>30592.50290592515</double> 
        </void> 
        <void method="add"> 
         <double>30583.50184119842</double> 
        </void> 
        <void method="add"> 
         <double>30520.043901535213</double> 
        </void> 
       </object> 
      </void> 
      <void property="stdev"> 
       <double>61.864548751618386</double> 
      </void> 
     </object> 
    </void> 
    <void index="6"> 
     <object class="jmbench.tools.EvaluationMetrics"> 
      <void property="max"> 
       <double>3080.9933760864574</double> 
      </void> 
      <void property="mean"> 
       <double>2992.665039929597</double> 
      </void> 
      <void property="median"> 
       <double>2976.2274746459393</double> 
      </void> 
      <void property="min"> 
       <double>2922.1852347746108</double> 
      </void> 
      <void property="rawResults"> 
       <object class="java.util.ArrayList"> 
        <void method="add"> 
         <double>2922.1852347746108</double> 
        </void> 
        <void method="add"> 
         <double>2925.4806055874137</double> 
        </void> 
        <void method="add"> 
         <double>2929.4660464516064</double> 
        </void> 
        <void method="add"> 
         <double>2934.186938515467</double> 
        </void> 
        <void method="add"> 
         <double>2942.3046664836697</double> 
        </void> 
        <void method="add"> 
         <double>2942.3692969676677</double> 
        </void> 
        <void method="add"> 
         <double>2946.1557976396307</double> 
        </void> 
        <void method="add"> 
         <double>2949.527138342922</double> 
        </void> 
        <void method="add"> 
         <double>2951.022275771284</double> 
        </void> 
        <void method="add"> 
         <double>2956.5407733214115</double> 
        </void> 
        <void method="add"> 
         <double>2974.694139691355</double> 
        </void> 
        <void method="add"> 
         <double>2976.2274746459393</double> 
        </void> 
        <void method="add"> 
         <double>2995.6961210163063</double> 
        </void> 
        <void method="add"> 
         <double>2998.08386010373</double> 
        </void> 
        <void method="add"> 
         <double>3000.896226749216</double> 
        </void> 
        <void method="add"> 
         <double>3040.655884622271</double> 
        </void> 
        <void method="add"> 
         <double>3073.500020471057</double> 
        </void> 
        <void method="add"> 
         <double>3073.5429915088025</double> 
        </void> 
        <void method="add"> 
         <double>3077.852872641638</double> 
        </void> 
        <void method="add"> 
         <double>3080.9933760864574</double> 
        </void> 
        <void method="add"> 
         <double>3021.637866925505</double> 
        </void> 
        <void method="add"> 
         <double>3076.94386891206</double> 
        </void> 
        <void method="add"> 
         <double>3070.105393704933</double> 
        </void> 
        <void method="add"> 
         <double>3014.275764810159</double> 
        </void> 
        <void method="add"> 
         <double>2942.2813624947994</double> 
        </void> 
       </object> 
      </void> 
      <void property="stdev"> 
       <double>55.53583159802632</double> 
      </void> 
     </object> 
    </void> 
    <void index="7"> 
     <object class="jmbench.tools.EvaluationMetrics"> 
      <void property="max"> 
       <double>459.6254278476124</double> 
      </void> 
      <void property="mean"> 
       <double>448.0220465809287</double> 
      </void> 
      <void property="median"> 
       <double>446.0782035477507</double> 
      </void> 
      <void property="min"> 
       <double>437.2526605375185</double> 
      </void> 
      <void property="rawResults"> 
       <object class="java.util.ArrayList"> 
        <void method="add"> 
         <double>437.2526605375185</double> 
        </void> 
        <void method="add"> 
         <double>437.6776298946438</double> 
        </void> 
        <void method="add"> 
         <double>438.560349142629</double> 
        </void> 
        <void method="add"> 
         <double>438.60364850720015</double> 
        </void> 
        <void method="add"> 
         <double>438.7993951152392</double> 
        </void> 
        <void method="add"> 
         <double>439.26048418321466</double> 
        </void> 
        <void method="add"> 
         <double>439.869723997762</double> 
        </void> 
        <void method="add"> 
         <double>444.0964472552743</double> 
        </void> 
        <void method="add"> 
         <double>444.1198757764003</double> 
        </void> 
        <void method="add"> 
         <double>446.5569309724547</double> 
        </void> 
        <void method="add"> 
         <double>447.1028086991399</double> 
        </void> 
        <void method="add"> 
         <double>447.5075481173282</double> 
        </void> 
        <void method="add"> 
         <double>458.6231450671366</double> 
        </void> 
        <void method="add"> 
         <double>458.70790863602423</double> 
        </void> 
        <void method="add"> 
         <double>458.7482206166168</double> 
        </void> 
        <void method="add"> 
         <double>458.78324546768914</double> 
        </void> 
        <void method="add"> 
         <double>459.3150386732455</double> 
        </void> 
        <void method="add"> 
         <double>459.4223203739743</double> 
        </void> 
        <void method="add"> 
         <double>459.46900217734134</double> 
        </void> 
        <void method="add"> 
         <double>459.6254278476124</double> 
        </void> 
        <void method="add"> 
         <double>446.0782035477507</double> 
        </void> 
        <void method="add"> 
         <double>445.50289781468894</double> 
        </void> 
        <void method="add"> 
         <double>446.86117365321866</double> 
        </void> 
        <void method="add"> 
         <double>444.2163659699447</double> 
        </void> 
        <void method="add"> 
         <double>445.7907124791671</double> 
        </void> 
       </object> 
      </void> 
      <void property="stdev"> 
       <double>8.18516066809413</double> 
      </void> 
     </object> 
    </void> 
    <void index="8"> 
     <object class="jmbench.tools.EvaluationMetrics"> 
      <void property="max"> 
       <double>57.334303697311974</double> 
      </void> 
      <void property="mean"> 
       <double>56.880546304371315</double> 
      </void> 
      <void property="median"> 
       <double>57.14090391109521</double> 
      </void> 
      <void property="min"> 
       <double>55.583418287956235</double> 
      </void> 
      <void property="rawResults"> 
       <object class="java.util.ArrayList"> 
        <void method="add"> 
         <double>56.01926328211411</double> 
        </void> 
        <void method="add"> 
         <double>56.61395046202889</double> 
        </void> 
        <void method="add"> 
         <double>56.65424014539629</double> 
        </void> 
        <void method="add"> 
         <double>57.02691174201322</double> 
        </void> 
        <void method="add"> 
         <double>57.08517397797528</double> 
        </void> 
        <void method="add"> 
         <double>57.08972136790589</double> 
        </void> 
        <void method="add"> 
         <double>57.11100686559338</double> 
        </void> 
        <void method="add"> 
         <double>57.14090391109521</double> 
        </void> 
        <void method="add"> 
         <double>57.14301672320493</double> 
        </void> 
        <void method="add"> 
         <double>57.15419715765972</double> 
        </void> 
        <void method="add"> 
         <double>57.185515779544325</double> 
        </void> 
        <void method="add"> 
         <double>57.1961396794336</double> 
        </void> 
        <void method="add"> 
         <double>57.20022604305513</double> 
        </void> 
        <void method="add"> 
         <double>57.208268906470174</double> 
        </void> 
        <void method="add"> 
         <double>57.21398517005322</double> 
        </void> 
        <void method="add"> 
         <double>57.238241287109304</double> 
        </void> 
        <void method="add"> 
         <double>57.249741554446146</double> 
        </void> 
        <void method="add"> 
         <double>57.28065403423766</double> 
        </void> 
        <void method="add"> 
         <double>57.28680455147779</double> 
        </void> 
        <void method="add"> 
         <double>57.334303697311974</double> 
        </void> 
        <void method="add"> 
         <double>56.324251592231846</double> 
        </void> 
        <void method="add"> 
         <double>56.37812263217515</double> 
        </void> 
        <void method="add"> 
         <double>56.59608516063272</double> 
        </void> 
        <void method="add"> 
         <double>55.583418287956235</double> 
        </void> 
        <void method="add"> 
         <double>55.69951359816073</double> 
        </void> 
       </object> 
      </void> 
      <void property="stdev"> 
       <double>0.5005865815779986</double> 
      </void> 
     </object> 
    </void> 
    <void index="9"> 
     <object class="jmbench.tools.EvaluationMetrics"> 
      <void property="max"> 
       <double>2.0653488073162602</double> 
      </void> 
      <void property="mean"> 
       <double>2.045577324925339</double> 
      </void> 
      <void property="median"> 
       <double>2.04942783347662</double> 
      </void> 
      <void property="min"> 
       <double>1.9676507067235145</double> 
      </void> 
      <void property="rawResults"> 
       <object class="java.util.ArrayList"> 
        <void method="add"> 
         <double>1.9676507067235145</double> 
        </void> 
        <void method="add"> 
         <double>2.0089060665238363</double> 
        </void> 
        <void method="add"> 
         <double>2.0406577816996294</double> 
        </void> 
        <void method="add"> 
         <double>2.045638017001453</double> 
        </void> 
        <void method="add"> 
         <double>2.0460815140559845</double> 
        </void> 
        <void method="add"> 
         <double>2.047093004931951</double> 
        </void> 
        <void method="add"> 
         <double>2.047534288321441</double> 
        </void> 
        <void method="add"> 
         <double>2.047919897319426</double> 
        </void> 
        <void method="add"> 
         <double>2.04942783347662</double> 
        </void> 
        <void method="add"> 
         <double>2.0495069140357294</double> 
        </void> 
        <void method="add"> 
         <double>2.051711587399008</double> 
        </void> 
        <void method="add"> 
         <double>2.0521006208397075</double> 
        </void> 
        <void method="add"> 
         <double>2.05257252362708</double> 
        </void> 
        <void method="add"> 
         <double>2.0532458508242506</double> 
        </void> 
        <void method="add"> 
         <double>2.054546071448261</double> 
        </void> 
        <void method="add"> 
         <double>2.055092206686644</double> 
        </void> 
        <void method="add"> 
         <double>2.059045456359059</double> 
        </void> 
        <void method="add"> 
         <double>2.060076957182448</double> 
        </void> 
        <void method="add"> 
         <double>2.0614890381739386</double> 
        </void> 
        <void method="add"> 
         <double>2.0653488073162602</double> 
        </void> 
        <void method="add"> 
         <double>2.0540294185063326</double> 
        </void> 
        <void method="add"> 
         <double>2.03920088882754</double> 
        </void> 
        <void method="add"> 
         <double>2.040824654047189</double> 
        </void> 
        <void method="add"> 
         <double>2.0468675012141</double> 
        </void> 
        <void method="add"> 
         <double>2.0428655165920793</double> 
        </void> 
       </object> 
      </void> 
      <void property="stdev"> 
       <double>0.018996843720018464</double> 
      </void> 
     </object> 
    </void> 
    <void index="10"> 
     <object class="jmbench.tools.EvaluationMetrics"> 
      <void property="max"> 
       <double>0.16359888151744087</double> 
      </void> 
      <void property="mean"> 
       <double>0.16245748717206399</double> 
      </void> 
      <void property="median"> 
       <double>0.16294539294506863</double> 
      </void> 
      <void property="min"> 
       <double>0.15946843216370707</double> 
      </void> 
      <void property="rawResults"> 
       <object class="java.util.ArrayList"> 
        <void method="add"> 
         <double>0.15946843216370707</double> 
        </void> 
        <void method="add"> 
         <double>0.15968511979937458</double> 
        </void> 
        <void method="add"> 
         <double>0.16067904772888153</double> 
        </void> 
        <void method="add"> 
         <double>0.16128005962810238</double> 
        </void> 
        <void method="add"> 
         <double>0.1612839491852577</double> 
        </void> 
        <void method="add"> 
         <double>0.16206903525331182</double> 
        </void> 
        <void method="add"> 
         <double>0.16256165427296315</double> 
        </void> 
        <void method="add"> 
         <double>0.16262010473707864</double> 
        </void> 
        <void method="add"> 
         <double>0.16275569502964882</double> 
        </void> 
        <void method="add"> 
         <double>0.16289208798321886</double> 
        </void> 
        <void method="add"> 
         <double>0.16294539294506863</double> 
        </void> 
        <void method="add"> 
         <double>0.16297225048593375</double> 
        </void> 
        <void method="add"> 
         <double>0.16318760119561987</double> 
        </void> 
        <void method="add"> 
         <double>0.16320866155208563</double> 
        </void> 
        <void method="add"> 
         <double>0.1632831976955594</double> 
        </void> 
        <void method="add"> 
         <double>0.1633041132320033</double> 
        </void> 
        <void method="add"> 
         <double>0.16334586910515306</double> 
        </void> 
        <void method="add"> 
         <double>0.16336174761697558</double> 
        </void> 
        <void method="add"> 
         <double>0.16346670364000163</double> 
        </void> 
        <void method="add"> 
         <double>0.16359888151744087</double> 
        </void> 
        <void method="add"> 
         <double>0.1609032404061265</double> 
        </void> 
        <void method="add"> 
         <double>0.16276245911830006</double> 
        </void> 
        <void method="add"> 
         <double>0.16342505388582843</double> 
        </void> 
        <void method="add"> 
         <double>0.16339939505406678</double> 
        </void> 
        <void method="add"> 
         <double>0.16297742606989193</double> 
        </void> 
       </object> 
      </void> 
      <void property="stdev"> 
       <double>0.0011754554575795434</double> 
      </void> 
     </object> 
    </void> 
    <void index="11"> 
     <object class="jmbench.tools.EvaluationMetrics"> 
      <void property="max"> 
       <double>0.016493337419805517</double> 
      </void> 
      <void property="mean"> 
       <double>0.016493337419805517</double> 
      </void> 
      <void property="median"> 
       <double>0.016493337419805517</double> 
      </void> 
      <void property="min"> 
       <double>0.016493337419805517</double> 
      </void> 
      <void property="rawResults"> 
       <object class="java.util.ArrayList"> 
        <void method="add"> 
         <double>0.016493337419805517</double> 
        </void> 
       </object> 
      </void> 
     </object> 
    </void> 
   </array> 
  </void> 
  <void property="opName"> 
   <string>QR</string> 
  </void> 
 </object> 
</java> 
