<?xml version="1.0" encoding="UTF-8"?> 
<java version="1.6.0_16" class="java.beans.XMLDecoder"> 
 <object class="jmbench.tools.runtime.OperationResults"> 
  <void property="library"> 
   <object class="jmbench.impl.MatrixLibrary" method="valueOf"> 
    <string>COLT</string> 
   </object> 
  </void> 
  <void property="matDimen"> 
   <array class="int" length="12"> 
    <void index="0"> 
     <int>2</int> 
    </void> 
    <void index="1"> 
     <int>3</int> 
    </void> 
    <void index="2"> 
     <int>4</int> 
    </void> 
    <void index="3"> 
     <int>5</int> 
    </void> 
    <void index="4"> 
     <int>10</int> 
    </void> 
    <void index="5"> 
     <int>20</int> 
    </void> 
    <void index="6"> 
     <int>50</int> 
    </void> 
    <void index="7"> 
     <int>100</int> 
    </void> 
    <void index="8"> 
     <int>200</int> 
    </void> 
    <void index="9"> 
     <int>500</int> 
    </void> 
    <void index="10"> 
     <int>1000</int> 
    </void> 
    <void index="11"> 
     <int>2000</int> 
    </void> 
   </array> 
  </void> 
  <void property="metrics"> 
   <array class="jmbench.tools.EvaluationMetrics" length="12"> 
    <void index="0"> 
     <object class="jmbench.tools.EvaluationMetrics"> 
      <void property="max"> 
       <double>2.2559622997266345E7</double> 
      </void> 
      <void property="mean"> 
       <double>2.2382179054942917E7</double> 
      </void> 
      <void property="median"> 
       <double>2.233209751210476E7</double> 
      </void> 
      <void property="min"> 
       <double>2.2268437407510135E7</double> 
      </void> 
      <void property="rawResults"> 
       <object class="java.util.ArrayList"> 
        <void method="add"> 
         <double>2.2268437407510135E7</double> 
        </void> 
        <void method="add"> 
         <double>2.2281325945266657E7</double> 
        </void> 
        <void method="add"> 
         <double>2.2290013573252812E7</double> 
        </void> 
        <void method="add"> 
         <double>2.2293901139281247E7</double> 
        </void> 
        <void method="add"> 
         <double>2.229613319084342E7</double> 
        </void> 
        <void method="add"> 
         <double>2.2298705616116278E7</double> 
        </void> 
        <void method="add"> 
         <double>2.2301709481480636E7</double> 
        </void> 
        <void method="add"> 
         <double>2.230471412652932E7</double> 
        </void> 
        <void method="add"> 
         <double>2.230477004650601E7</double> 
        </void> 
        <void method="add"> 
         <double>2.231669891891015E7</double> 
        </void> 
        <void method="add"> 
         <double>2.231937316488733E7</double> 
        </void> 
        <void method="add"> 
         <double>2.232020731607617E7</double> 
        </void> 
        <void method="add"> 
         <double>2.233209751210476E7</double> 
        </void> 
        <void method="add"> 
         <double>2.2354392383177273E7</double> 
        </void> 
        <void method="add"> 
         <double>2.2469513728456635E7</double> 
        </void> 
        <void method="add"> 
         <double>2.2483771315568734E7</double> 
        </void> 
        <void method="add"> 
         <double>2.2509590589603357E7</double> 
        </void> 
        <void method="add"> 
         <double>2.2519369695450462E7</double> 
        </void> 
        <void method="add"> 
         <double>2.253635765878003E7</double> 
        </void> 
        <void method="add"> 
         <double>2.2559622997266345E7</double> 
        </void> 
        <void method="add"> 
         <double>2.2454482600791443E7</double> 
        </void> 
        <void method="add"> 
         <double>2.2471679666342206E7</double> 
        </void> 
        <void method="add"> 
         <double>2.242011415891168E7</double> 
        </void> 
        <void method="add"> 
         <double>2.238380221019784E7</double> 
        </void> 
        <void method="add"> 
         <double>2.2463691930261917E7</double> 
        </void> 
       </object> 
      </void> 
      <void property="stdev"> 
       <double>93203.84255120244</double> 
      </void> 
     </object> 
    </void> 
    <void index="1"> 
     <object class="jmbench.tools.EvaluationMetrics"> 
      <void property="max"> 
       <double>2.1680977989958577E7</double> 
      </void> 
      <void property="mean"> 
       <double>2.134831322381171E7</double> 
      </void> 
      <void property="median"> 
       <double>2.1325761499990292E7</double> 
      </void> 
      <void property="min"> 
       <double>2.1022234024614085E7</double> 
      </void> 
      <void property="rawResults"> 
       <object class="java.util.ArrayList"> 
        <void method="add"> 
         <double>2.1145450297760524E7</double> 
        </void> 
        <void method="add"> 
         <double>2.116773064020115E7</double> 
        </void> 
        <void method="add"> 
         <double>2.1241073377832565E7</double> 
        </void> 
        <void method="add"> 
         <double>2.1278469753896818E7</double> 
        </void> 
        <void method="add"> 
         <double>2.128049775478956E7</double> 
        </void> 
        <void method="add"> 
         <double>2.130231128154717E7</double> 
        </void> 
        <void method="add"> 
         <double>2.130348972374482E7</double> 
        </void> 
        <void method="add"> 
         <double>2.1303856357657075E7</double> 
        </void> 
        <void method="add"> 
         <double>2.1309650846215505E7</double> 
        </void> 
        <void method="add"> 
         <double>2.131885553572329E7</double> 
        </void> 
        <void method="add"> 
         <double>2.1325761499990292E7</double> 
        </void> 
        <void method="add"> 
         <double>2.133245412215064E7</double> 
        </void> 
        <void method="add"> 
         <double>2.1376762109134372E7</double> 
        </void> 
        <void method="add"> 
         <double>2.1391004558565695E7</double> 
        </void> 
        <void method="add"> 
         <double>2.144754028640644E7</double> 
        </void> 
        <void method="add"> 
         <double>2.147869221029237E7</double> 
        </void> 
        <void method="add"> 
         <double>2.1574625968156394E7</double> 
        </void> 
        <void method="add"> 
         <double>2.1598452424329944E7</double> 
        </void> 
        <void method="add"> 
         <double>2.163686605199323E7</double> 
        </void> 
        <void method="add"> 
         <double>2.1680977989958577E7</double> 
        </void> 
        <void method="add"> 
         <double>2.1060510770718038E7</double> 
        </void> 
        <void method="add"> 
         <double>2.1022234024614085E7</double> 
        </void> 
        <void method="add"> 
         <double>2.1430416417430047E7</double> 
        </void> 
        <void method="add"> 
         <double>2.1343766162581764E7</double> 
        </void> 
        <void method="add"> 
         <double>2.1356380429602522E7</double> 
        </void> 
       </object> 
      </void> 
      <void property="stdev"> 
       <double>159642.35746936276</double> 
      </void> 
     </object> 
    </void> 
    <void index="2"> 
     <object class="jmbench.tools.EvaluationMetrics"> 
      <void property="max"> 
       <double>1.6584029638109809E7</double> 
      </void> 
      <void property="mean"> 
       <double>1.5992627006995726E7</double> 
      </void> 
      <void property="median"> 
       <double>1.6022503640620587E7</double> 
      </void> 
      <void property="min"> 
       <double>1.340643354601068E7</double> 
      </void> 
      <void property="rawResults"> 
       <object class="java.util.ArrayList"> 
        <void method="add"> 
         <double>1.340643354601068E7</double> 
        </void> 
        <void method="add"> 
         <double>1.5751385032162802E7</double> 
        </void> 
        <void method="add"> 
         <double>1.5800144716513554E7</double> 
        </void> 
        <void method="add"> 
         <double>1.5826705792187102E7</double> 
        </void> 
        <void method="add"> 
         <double>1.5838599732492452E7</double> 
        </void> 
        <void method="add"> 
         <double>1.5871627025384557E7</double> 
        </void> 
        <void method="add"> 
         <double>1.5893208068261778E7</double> 
        </void> 
        <void method="add"> 
         <double>1.593843723675105E7</double> 
        </void> 
        <void method="add"> 
         <double>1.5959418779007241E7</double> 
        </void> 
        <void method="add"> 
         <double>1.5979785011285806E7</double> 
        </void> 
        <void method="add"> 
         <double>1.6022503640620587E7</double> 
        </void> 
        <void method="add"> 
         <double>1.6047788867714627E7</double> 
        </void> 
        <void method="add"> 
         <double>1.6178791093265718E7</double> 
        </void> 
        <void method="add"> 
         <double>1.6266196901965873E7</double> 
        </void> 
        <void method="add"> 
         <double>1.6278775192358674E7</double> 
        </void> 
        <void method="add"> 
         <double>1.6289587682032641E7</double> 
        </void> 
        <void method="add"> 
         <double>1.6293716152482318E7</double> 
        </void> 
        <void method="add"> 
         <double>1.6350462384703873E7</double> 
        </void> 
        <void method="add"> 
         <double>1.6374798992928086E7</double> 
        </void> 
        <void method="add"> 
         <double>1.6385356237954106E7</double> 
        </void> 
        <void method="add"> 
         <double>1.5943782243837964E7</double> 
        </void> 
        <void method="add"> 
         <double>1.6584029638109809E7</double> 
        </void> 
        <void method="add"> 
         <double>1.6477068545524433E7</double> 
        </void> 
        <void method="add"> 
         <double>1.6231675453999944E7</double> 
        </void> 
        <void method="add"> 
         <double>1.5825397207337463E7</double> 
        </void> 
       </object> 
      </void> 
      <void property="stdev"> 
       <double>577513.8346870221</double> 
      </void> 
     </object> 
    </void> 
    <void index="3"> 
     <object class="jmbench.tools.EvaluationMetrics"> 
      <void property="max"> 
       <double>1.2088121061413255E7</double> 
      </void> 
      <void property="mean"> 
       <double>1.199046936518572E7</double> 
      </void> 
      <void property="median"> 
       <double>1.2000523852337258E7</double> 
      </void> 
      <void property="min"> 
       <double>1.1823639033672478E7</double> 
      </void> 
      <void property="rawResults"> 
       <object class="java.util.ArrayList"> 
        <void method="add"> 
         <double>1.1823639033672478E7</double> 
        </void> 
        <void method="add"> 
         <double>1.1963178187751792E7</double> 
        </void> 
        <void method="add"> 
         <double>1.19682491068513E7</double> 
        </void> 
        <void method="add"> 
         <double>1.1968720798682591E7</double> 
        </void> 
        <void method="add"> 
         <double>1.1969863074363431E7</double> 
        </void> 
        <void method="add"> 
         <double>1.1972064193491958E7</double> 
        </void> 
        <void method="add"> 
         <double>1.1975410911617236E7</double> 
        </void> 
        <void method="add"> 
         <double>1.1987070138299195E7</double> 
        </void> 
        <void method="add"> 
         <double>1.1992915000521379E7</double> 
        </void> 
        <void method="add"> 
         <double>1.1994343715537593E7</double> 
        </void> 
        <void method="add"> 
         <double>1.2000523852337258E7</double> 
        </void> 
        <void method="add"> 
         <double>1.2007795856616244E7</double> 
        </void> 
        <void method="add"> 
         <double>1.2009390918156825E7</double> 
        </void> 
        <void method="add"> 
         <double>1.2013281860909522E7</double> 
        </void> 
        <void method="add"> 
         <double>1.2014277710834512E7</double> 
        </void> 
        <void method="add"> 
         <double>1.2018960229238462E7</double> 
        </void> 
        <void method="add"> 
         <double>1.2022732198109087E7</double> 
        </void> 
        <void method="add"> 
         <double>1.2026106720621482E7</double> 
        </void> 
        <void method="add"> 
         <double>1.202651145516022E7</double> 
        </void> 
        <void method="add"> 
         <double>1.2026624970701989E7</double> 
        </void> 
        <void method="add"> 
         <double>1.2066388509306177E7</double> 
        </void> 
        <void method="add"> 
         <double>1.2088121061413255E7</double> 
        </void> 
        <void method="add"> 
         <double>1.1965441583228111E7</double> 
        </void> 
        <void method="add"> 
         <double>1.1825757478874171E7</double> 
        </void> 
        <void method="add"> 
         <double>1.2034365563346757E7</double> 
        </void> 
       </object> 
      </void> 
      <void property="stdev"> 
       <double>57662.77693922331</double> 
      </void> 
     </object> 
    </void> 
    <void index="4"> 
     <object class="jmbench.tools.EvaluationMetrics"> 
      <void property="max"> 
       <double>4627492.539667987</double> 
      </void> 
      <void property="mean"> 
       <double>4353953.63700742</double> 
      </void> 
      <void property="median"> 
       <double>4380824.288987501</double> 
      </void> 
      <void property="min"> 
       <double>3130868.710643051</double> 
      </void> 
      <void property="rawResults"> 
       <object class="java.util.ArrayList"> 
        <void method="add"> 
         <double>3130868.710643051</double> 
        </void> 
        <void method="add"> 
         <double>4071015.83584461</double> 
        </void> 
        <void method="add"> 
         <double>4077322.350148363</double> 
        </void> 
        <void method="add"> 
         <double>4092004.8852229724</double> 
        </void> 
        <void method="add"> 
         <double>4092809.4689865257</double> 
        </void> 
        <void method="add"> 
         <double>4125644.4210229833</double> 
        </void> 
        <void method="add"> 
         <double>4244970.666721172</double> 
        </void> 
        <void method="add"> 
         <double>4251700.193794596</double> 
        </void> 
        <void method="add"> 
         <double>4256748.268833542</double> 
        </void> 
        <void method="add"> 
         <double>4359077.98147465</double> 
        </void> 
        <void method="add"> 
         <double>4366738.823370189</double> 
        </void> 
        <void method="add"> 
         <double>4380824.288987501</double> 
        </void> 
        <void method="add"> 
         <double>4585786.645692041</double> 
        </void> 
        <void method="add"> 
         <double>4586317.746974041</double> 
        </void> 
        <void method="add"> 
         <double>4617988.51711473</double> 
        </void> 
        <void method="add"> 
         <double>4619026.682056819</double> 
        </void> 
        <void method="add"> 
         <double>4620086.435816486</double> 
        </void> 
        <void method="add"> 
         <double>4622417.958049039</double> 
        </void> 
        <void method="add"> 
         <double>4625298.406456141</double> 
        </void> 
        <void method="add"> 
         <double>4627492.539667987</double> 
        </void> 
        <void method="add"> 
         <double>4620544.086235183</double> 
        </void> 
        <void method="add"> 
         <double>4227090.542933428</double> 
        </void> 
        <void method="add"> 
         <double>4621486.561320938</double> 
        </void> 
        <void method="add"> 
         <double>4622172.441443838</double> 
        </void> 
        <void method="add"> 
         <double>4403406.466374679</double> 
        </void> 
       </object> 
      </void> 
      <void property="stdev"> 
       <double>325351.63375499507</double> 
      </void> 
     </object> 
    </void> 
    <void index="5"> 
     <object class="jmbench.tools.EvaluationMetrics"> 
      <void property="max"> 
       <double>1370894.8731019532</double> 
      </void> 
      <void property="mean"> 
       <double>1340519.1149204886</double> 
      </void> 
      <void property="median"> 
       <double>1363525.1718715848</double> 
      </void> 
      <void property="min"> 
       <double>859363.1603825699</double> 
      </void> 
      <void property="rawResults"> 
       <object class="java.util.ArrayList"> 
        <void method="add"> 
         <double>859363.1603825699</double> 
        </void> 
        <void method="add"> 
         <double>1335691.0263001162</double> 
        </void> 
        <void method="add"> 
         <double>1343409.0773085651</double> 
        </void> 
        <void method="add"> 
         <double>1347670.2507347986</double> 
        </void> 
        <void method="add"> 
         <double>1348373.1960122585</double> 
        </void> 
        <void method="add"> 
         <double>1352733.1501187726</double> 
        </void> 
        <void method="add"> 
         <double>1358154.06517993</double> 
        </void> 
        <void method="add"> 
         <double>1358274.4302350637</double> 
        </void> 
        <void method="add"> 
         <double>1360886.667957427</double> 
        </void> 
        <void method="add"> 
         <double>1361165.798855574</double> 
        </void> 
        <void method="add"> 
         <double>1363556.4763091893</double> 
        </void> 
        <void method="add"> 
         <double>1363725.8408497253</double> 
        </void> 
        <void method="add"> 
         <double>1366169.6529502918</double> 
        </void> 
        <void method="add"> 
         <double>1366386.9054499</double> 
        </void> 
        <void method="add"> 
         <double>1366830.11882458</double> 
        </void> 
        <void method="add"> 
         <double>1366836.370401295</double> 
        </void> 
        <void method="add"> 
         <double>1367038.091431536</double> 
        </void> 
        <void method="add"> 
         <double>1368782.2508548761</double> 
        </void> 
        <void method="add"> 
         <double>1368844.2522930722</double> 
        </void> 
        <void method="add"> 
         <double>1370894.8731019532</double> 
        </void> 
        <void method="add"> 
         <double>1363488.5453830992</double> 
        </void> 
        <void method="add"> 
         <double>1363525.1718715848</double> 
        </void> 
        <void method="add"> 
         <double>1369961.4303995026</double> 
        </void> 
        <void method="add"> 
         <double>1363648.3407612469</double> 
        </void> 
        <void method="add"> 
         <double>1357568.7290452926</double> 
        </void> 
       </object> 
      </void> 
      <void property="stdev"> 
       <double>98596.09624873733</double> 
      </void> 
     </object> 
    </void> 
    <void index="6"> 
     <object class="jmbench.tools.EvaluationMetrics"> 
      <void property="max"> 
       <double>184782.7414857997</double> 
      </void> 
      <void property="mean"> 
       <double>182335.1710273945</double> 
      </void> 
      <void property="median"> 
       <double>182544.44167885467</double> 
      </void> 
      <void property="min"> 
       <double>174292.19616309908</double> 
      </void> 
      <void property="rawResults"> 
       <object class="java.util.ArrayList"> 
        <void method="add"> 
         <double>174292.19616309908</double> 
        </void> 
        <void method="add"> 
         <double>175561.76429335793</double> 
        </void> 
        <void method="add"> 
         <double>181163.88257088748</double> 
        </void> 
        <void method="add"> 
         <double>181807.60614120375</double> 
        </void> 
        <void method="add"> 
         <double>182115.0409849137</double> 
        </void> 
        <void method="add"> 
         <double>182116.46152127947</double> 
        </void> 
        <void method="add"> 
         <double>182253.02751769376</double> 
        </void> 
        <void method="add"> 
         <double>182267.31847407305</double> 
        </void> 
        <void method="add"> 
         <double>182387.93761261966</double> 
        </void> 
        <void method="add"> 
         <double>182923.63625548763</double> 
        </void> 
        <void method="add"> 
         <double>182924.19631806517</double> 
        </void> 
        <void method="add"> 
         <double>182992.3933281991</double> 
        </void> 
        <void method="add"> 
         <double>183077.5631915316</double> 
        </void> 
        <void method="add"> 
         <double>183374.07686115766</double> 
        </void> 
        <void method="add"> 
         <double>183623.0269509006</double> 
        </void> 
        <void method="add"> 
         <double>184018.82272273375</double> 
        </void> 
        <void method="add"> 
         <double>184429.3314519289</double> 
        </void> 
        <void method="add"> 
         <double>184588.8880791074</double> 
        </void> 
        <void method="add"> 
         <double>184689.89706951773</double> 
        </void> 
        <void method="add"> 
         <double>184782.7414857997</double> 
        </void> 
        <void method="add"> 
         <double>182005.75502384474</double> 
        </void> 
        <void method="add"> 
         <double>182356.32912042516</double> 
        </void> 
        <void method="add"> 
         <double>184375.8575366063</double> 
        </void> 
        <void method="add"> 
         <double>181707.08333157445</double> 
        </void> 
        <void method="add"> 
         <double>182544.44167885467</double> 
        </void> 
       </object> 
      </void> 
      <void property="stdev"> 
       <double>2410.724364508835</double> 
      </void> 
     </object> 
    </void> 
    <void index="7"> 
     <object class="jmbench.tools.EvaluationMetrics"> 
      <void property="max"> 
       <double>45920.29610391999</double> 
      </void> 
      <void property="mean"> 
       <double>45443.035188816226</double> 
      </void> 
      <void property="median"> 
       <double>45402.8084354399</double> 
      </void> 
      <void property="min"> 
       <double>44963.41368846896</double> 
      </void> 
      <void property="rawResults"> 
       <object class="java.util.ArrayList"> 
        <void method="add"> 
         <double>45096.2326087221</double> 
        </void> 
        <void method="add"> 
         <double>45161.31759375994</double> 
        </void> 
        <void method="add"> 
         <double>45167.99707685317</double> 
        </void> 
        <void method="add"> 
         <double>45249.88649435097</double> 
        </void> 
        <void method="add"> 
         <double>45265.94063286091</double> 
        </void> 
        <void method="add"> 
         <double>45277.59899358493</double> 
        </void> 
        <void method="add"> 
         <double>45281.844545669126</double> 
        </void> 
        <void method="add"> 
         <double>45323.540874461476</double> 
        </void> 
        <void method="add"> 
         <double>45357.73049474205</double> 
        </void> 
        <void method="add"> 
         <double>45382.846167839096</double> 
        </void> 
        <void method="add"> 
         <double>45413.51705622068</double> 
        </void> 
        <void method="add"> 
         <double>45428.24624090581</double> 
        </void> 
        <void method="add"> 
         <double>45432.79183350139</double> 
        </void> 
        <void method="add"> 
         <double>45520.80780953725</double> 
        </void> 
        <void method="add"> 
         <double>45548.38387889483</double> 
        </void> 
        <void method="add"> 
         <double>45619.3966628023</double> 
        </void> 
        <void method="add"> 
         <double>45888.12532588597</double> 
        </void> 
        <void method="add"> 
         <double>45890.70872549736</double> 
        </void> 
        <void method="add"> 
         <double>45919.28933557463</double> 
        </void> 
        <void method="add"> 
         <double>45920.29610391999</double> 
        </void> 
        <void method="add"> 
         <double>45669.11249517599</double> 
        </void> 
        <void method="add"> 
         <double>45402.8084354399</double> 
        </void> 
        <void method="add"> 
         <double>45692.18766820888</double> 
        </void> 
        <void method="add"> 
         <double>44963.41368846896</double> 
        </void> 
        <void method="add"> 
         <double>45201.85897752793</double> 
        </void> 
       </object> 
      </void> 
      <void property="stdev"> 
       <double>262.9105304711977</double> 
      </void> 
     </object> 
    </void> 
    <void index="8"> 
     <object class="jmbench.tools.EvaluationMetrics"> 
      <void property="max"> 
       <double>11700.537746312542</double> 
      </void> 
      <void property="mean"> 
       <double>11537.801928232444</double> 
      </void> 
      <void property="median"> 
       <double>11567.156350197243</double> 
      </void> 
      <void property="min"> 
       <double>11346.655241265238</double> 
      </void> 
      <void property="rawResults"> 
       <object class="java.util.ArrayList"> 
        <void method="add"> 
         <double>11346.655241265238</double> 
        </void> 
        <void method="add"> 
         <double>11370.982026479975</double> 
        </void> 
        <void method="add"> 
         <double>11375.74889344322</double> 
        </void> 
        <void method="add"> 
         <double>11380.09715683748</double> 
        </void> 
        <void method="add"> 
         <double>11427.944109626047</double> 
        </void> 
        <void method="add"> 
         <double>11471.690815548638</double> 
        </void> 
        <void method="add"> 
         <double>11481.197138218307</double> 
        </void> 
        <void method="add"> 
         <double>11562.726410624187</double> 
        </void> 
        <void method="add"> 
         <double>11563.926289910229</double> 
        </void> 
        <void method="add"> 
         <double>11567.156350197243</double> 
        </void> 
        <void method="add"> 
         <double>11590.064005246411</double> 
        </void> 
        <void method="add"> 
         <double>11591.936869144316</double> 
        </void> 
        <void method="add"> 
         <double>11624.928996607221</double> 
        </void> 
        <void method="add"> 
         <double>11629.879710791654</double> 
        </void> 
        <void method="add"> 
         <double>11636.245250400858</double> 
        </void> 
        <void method="add"> 
         <double>11639.51335653634</double> 
        </void> 
        <void method="add"> 
         <double>11651.248998399038</double> 
        </void> 
        <void method="add"> 
         <double>11656.141250561222</double> 
        </void> 
        <void method="add"> 
         <double>11668.68655422916</double> 
        </void> 
        <void method="add"> 
         <double>11700.537746312542</double> 
        </void> 
        <void method="add"> 
         <double>11433.5069343232</double> 
        </void> 
        <void method="add"> 
         <double>11668.184888549024</double> 
        </void> 
        <void method="add"> 
         <double>11361.851030016403</double> 
        </void> 
        <void method="add"> 
         <double>11691.389333224395</double> 
        </void> 
        <void method="add"> 
         <double>11352.80884931871</double> 
        </void> 
       </object> 
      </void> 
      <void property="stdev"> 
       <double>121.03058639988238</double> 
      </void> 
     </object> 
    </void> 
    <void index="9"> 
     <object class="jmbench.tools.EvaluationMetrics"> 
      <void property="max"> 
       <double>1014.8769148872303</double> 
      </void> 
      <void property="mean"> 
       <double>748.3336926037222</double> 
      </void> 
      <void property="median"> 
       <double>699.9932219442172</double> 
      </void> 
      <void property="min"> 
       <double>661.4065232583554</double> 
      </void> 
      <void property="rawResults"> 
       <object class="java.util.ArrayList"> 
        <void method="add"> 
         <double>661.4065232583554</double> 
        </void> 
        <void method="add"> 
         <double>665.6135130592861</double> 
        </void> 
        <void method="add"> 
         <double>670.969459055136</double> 
        </void> 
        <void method="add"> 
         <double>674.4654354006038</double> 
        </void> 
        <void method="add"> 
         <double>681.9090164870056</double> 
        </void> 
        <void method="add"> 
         <double>684.608818475536</double> 
        </void> 
        <void method="add"> 
         <double>687.6524823166333</double> 
        </void> 
        <void method="add"> 
         <double>690.3947784801583</double> 
        </void> 
        <void method="add"> 
         <double>696.9386749352242</double> 
        </void> 
        <void method="add"> 
         <double>698.9157914080456</double> 
        </void> 
        <void method="add"> 
         <double>699.9932219442172</double> 
        </void> 
        <void method="add"> 
         <double>700.4039568191856</double> 
        </void> 
        <void method="add"> 
         <double>700.8050657041424</double> 
        </void> 
        <void method="add"> 
         <double>700.9191903232964</double> 
        </void> 
        <void method="add"> 
         <double>701.1375904419713</double> 
        </void> 
        <void method="add"> 
         <double>702.5910410663932</double> 
        </void> 
        <void method="add"> 
         <double>891.9560541599453</double> 
        </void> 
        <void method="add"> 
         <double>987.5248309281696</double> 
        </void> 
        <void method="add"> 
         <double>993.7916687037856</double> 
        </void> 
        <void method="add"> 
         <double>999.703724169019</double> 
        </void> 
        <void method="add"> 
         <double>703.5921556124838</double> 
        </void> 
        <void method="add"> 
         <double>699.0364586425438</double> 
        </void> 
        <void method="add"> 
         <double>701.2080300644393</double> 
        </void> 
        <void method="add"> 
         <double>697.9279187502464</double> 
        </void> 
        <void method="add"> 
         <double>1014.8769148872303</double> 
        </void> 
       </object> 
      </void> 
      <void property="stdev"> 
       <double>116.86106457161729</double> 
      </void> 
     </object> 
    </void> 
    <void index="10"> 
     <object class="jmbench.tools.EvaluationMetrics"> 
      <void property="max"> 
       <double>170.7846451558608</double> 
      </void> 
      <void property="mean"> 
       <double>168.56684528351602</double> 
      </void> 
      <void property="median"> 
       <double>169.31371171451207</double> 
      </void> 
      <void property="min"> 
       <double>160.756535034631</double> 
      </void> 
      <void property="rawResults"> 
       <object class="java.util.ArrayList"> 
        <void method="add"> 
         <double>160.756535034631</double> 
        </void> 
        <void method="add"> 
         <double>160.770633199962</double> 
        </void> 
        <void method="add"> 
         <double>164.39239131680978</double> 
        </void> 
        <void method="add"> 
         <double>168.73768870592068</double> 
        </void> 
        <void method="add"> 
         <double>169.03228262503347</double> 
        </void> 
        <void method="add"> 
         <double>169.07527182975318</double> 
        </void> 
        <void method="add"> 
         <double>169.13411568632603</double> 
        </void> 
        <void method="add"> 
         <double>169.20923308041645</double> 
        </void> 
        <void method="add"> 
         <double>169.2596786099351</double> 
        </void> 
        <void method="add"> 
         <double>169.43276208884382</double> 
        </void> 
        <void method="add"> 
         <double>169.53282357578811</double> 
        </void> 
        <void method="add"> 
         <double>169.53785544235672</double> 
        </void> 
        <void method="add"> 
         <double>169.54127814558723</double> 
        </void> 
        <void method="add"> 
         <double>169.64139347501347</double> 
        </void> 
        <void method="add"> 
         <double>169.65193391853592</double> 
        </void> 
        <void method="add"> 
         <double>169.67859176861367</double> 
        </void> 
        <void method="add"> 
         <double>169.99018774222296</double> 
        </void> 
        <void method="add"> 
         <double>170.0491438083406</double> 
        </void> 
        <void method="add"> 
         <double>170.06184961331147</double> 
        </void> 
        <void method="add"> 
         <double>170.7846451558608</double> 
        </void> 
        <void method="add"> 
         <double>169.7912726273186</double> 
        </void> 
        <void method="add"> 
         <double>169.28170662737327</double> 
        </void> 
        <void method="add"> 
         <double>168.4057918983195</double> 
        </void> 
        <void method="add"> 
         <double>169.31371171451207</double> 
        </void> 
        <void method="add"> 
         <double>169.108354397116</double> 
        </void> 
       </object> 
      </void> 
      <void property="stdev"> 
       <double>2.5482080053125165</double> 
      </void> 
     </object> 
    </void> 
    <void index="11"> 
     <object class="jmbench.tools.EvaluationMetrics"> 
      <void property="max"> 
       <double>41.77905552910087</double> 
      </void> 
      <void property="mean"> 
       <double>41.14202263622278</double> 
      </void> 
      <void property="median"> 
       <double>41.423440619002676</double> 
      </void> 
      <void property="min"> 
       <double>38.81321476774219</double> 
      </void> 
      <void property="rawResults"> 
       <object class="java.util.ArrayList"> 
        <void method="add"> 
         <double>38.81321476774219</double> 
        </void> 
        <void method="add"> 
         <double>39.676306529939346</double> 
        </void> 
        <void method="add"> 
         <double>40.26718650011647</double> 
        </void> 
        <void method="add"> 
         <double>41.16982670040996</double> 
        </void> 
        <void method="add"> 
         <double>41.23976737241078</double> 
        </void> 
        <void method="add"> 
         <double>41.258384521000046</double> 
        </void> 
        <void method="add"> 
         <double>41.316172308380025</double> 
        </void> 
        <void method="add"> 
         <double>41.34121957151709</double> 
        </void> 
        <void method="add"> 
         <double>41.39220502313406</double> 
        </void> 
        <void method="add"> 
         <double>41.423440619002676</double> 
        </void> 
        <void method="add"> 
         <double>41.42362536227888</double> 
        </void> 
        <void method="add"> 
         <double>41.439885662992666</double> 
        </void> 
        <void method="add"> 
         <double>41.440228198195165</double> 
        </void> 
        <void method="add"> 
         <double>41.461547807124425</double> 
        </void> 
        <void method="add"> 
         <double>41.49905405115111</double> 
        </void> 
        <void method="add"> 
         <double>41.57101504515795</double> 
        </void> 
        <void method="add"> 
         <double>41.57741679166875</double> 
        </void> 
        <void method="add"> 
         <double>41.649003290783135</double> 
        </void> 
        <void method="add"> 
         <double>41.65712775372514</double> 
        </void> 
        <void method="add"> 
         <double>41.77905552910087</double> 
        </void> 
        <void method="add"> 
         <double>39.4855457424367</double> 
        </void> 
        <void method="add"> 
         <double>41.228360517187014</double> 
        </void> 
        <void method="add"> 
         <double>41.59354585596287</double> 
        </void> 
        <void method="add"> 
         <double>41.19401932770329</double> 
        </void> 
        <void method="add"> 
         <double>41.65341105644851</double> 
        </void> 
       </object> 
      </void> 
      <void property="stdev"> 
       <double>0.7370326432798663</double> 
      </void> 
     </object> 
    </void> 
   </array> 
  </void> 
  <void property="opName"> 
   <string>Scale b=alpha*a</string> 
  </void> 
 </object> 
</java> 
