<?xml version="1.0" encoding="UTF-8"?> 
<java version="1.6.0_16" class="java.beans.XMLDecoder"> 
 <object class="jmbench.tools.runtime.OperationResults"> 
  <void property="library"> 
   <object class="jmbench.impl.MatrixLibrary" method="valueOf"> 
    <string>COLT</string> 
   </object> 
  </void> 
  <void property="matDimen"> 
   <array class="int" length="12"> 
    <void index="0"> 
     <int>2</int> 
    </void> 
    <void index="1"> 
     <int>3</int> 
    </void> 
    <void index="2"> 
     <int>4</int> 
    </void> 
    <void index="3"> 
     <int>5</int> 
    </void> 
    <void index="4"> 
     <int>10</int> 
    </void> 
    <void index="5"> 
     <int>20</int> 
    </void> 
    <void index="6"> 
     <int>50</int> 
    </void> 
    <void index="7"> 
     <int>100</int> 
    </void> 
    <void index="8"> 
     <int>200</int> 
    </void> 
    <void index="9"> 
     <int>500</int> 
    </void> 
    <void index="10"> 
     <int>1000</int> 
    </void> 
    <void index="11"> 
     <int>2000</int> 
    </void> 
   </array> 
  </void> 
  <void property="metrics"> 
   <array class="jmbench.tools.EvaluationMetrics" length="12"> 
    <void index="0"> 
     <object class="jmbench.tools.EvaluationMetrics"> 
      <void property="max"> 
       <double>1041789.2937755298</double> 
      </void> 
      <void property="mean"> 
       <double>965888.9609550921</double> 
      </void> 
      <void property="median"> 
       <double>944522.170742628</double> 
      </void> 
      <void property="min"> 
       <double>883440.6944717913</double> 
      </void> 
      <void property="rawResults"> 
       <object class="java.util.ArrayList"> 
        <void method="add"> 
         <double>883440.6944717913</double> 
        </void> 
        <void method="add"> 
         <double>928187.2875218848</double> 
        </void> 
        <void method="add"> 
         <double>930252.7740468648</double> 
        </void> 
        <void method="add"> 
         <double>931503.4993935695</double> 
        </void> 
        <void method="add"> 
         <double>932613.5331397912</double> 
        </void> 
        <void method="add"> 
         <double>942247.255765856</double> 
        </void> 
        <void method="add"> 
         <double>942670.2698912036</double> 
        </void> 
        <void method="add"> 
         <double>942995.3771580975</double> 
        </void> 
        <void method="add"> 
         <double>943252.587170729</double> 
        </void> 
        <void method="add"> 
         <double>943647.4656940817</double> 
        </void> 
        <void method="add"> 
         <double>944522.170742628</double> 
        </void> 
        <void method="add"> 
         <double>946877.860929871</double> 
        </void> 
        <void method="add"> 
         <double>947018.9800739562</double> 
        </void> 
        <void method="add"> 
         <double>958269.0495745102</double> 
        </void> 
        <void method="add"> 
         <double>962698.6914002913</double> 
        </void> 
        <void method="add"> 
         <double>1008324.7384798984</double> 
        </void> 
        <void method="add"> 
         <double>1009854.7905351924</double> 
        </void> 
        <void method="add"> 
         <double>1020938.8963061123</double> 
        </void> 
        <void method="add"> 
         <double>1040871.4037615128</double> 
        </void> 
        <void method="add"> 
         <double>1041789.2937755298</double> 
        </void> 
        <void method="add"> 
         <double>936523.3488191674</double> 
        </void> 
        <void method="add"> 
         <double>926928.734732942</double> 
        </void> 
        <void method="add"> 
         <double>1019693.7837551532</double> 
        </void> 
        <void method="add"> 
         <double>1032648.51050746</double> 
        </void> 
        <void method="add"> 
         <double>1029453.0262292096</double> 
        </void> 
       </object> 
      </void> 
      <void property="stdev"> 
       <double>43621.161918808706</double> 
      </void> 
     </object> 
    </void> 
    <void index="1"> 
     <object class="jmbench.tools.EvaluationMetrics"> 
      <void property="max"> 
       <double>621180.2104010191</double> 
      </void> 
      <void property="mean"> 
       <double>566179.1643574719</double> 
      </void> 
      <void property="median"> 
       <double>553198.256549204</double> 
      </void> 
      <void property="min"> 
       <double>523703.8990073761</double> 
      </void> 
      <void property="rawResults"> 
       <object class="java.util.ArrayList"> 
        <void method="add"> 
         <double>523703.8990073761</double> 
        </void> 
        <void method="add"> 
         <double>536503.3784723963</double> 
        </void> 
        <void method="add"> 
         <double>537455.9045209071</double> 
        </void> 
        <void method="add"> 
         <double>539215.8674048904</double> 
        </void> 
        <void method="add"> 
         <double>539818.128381588</double> 
        </void> 
        <void method="add"> 
         <double>540492.320228321</double> 
        </void> 
        <void method="add"> 
         <double>545458.821689912</double> 
        </void> 
        <void method="add"> 
         <double>545865.0000531494</double> 
        </void> 
        <void method="add"> 
         <double>547280.5314655025</double> 
        </void> 
        <void method="add"> 
         <double>548524.1449303679</double> 
        </void> 
        <void method="add"> 
         <double>553198.256549204</double> 
        </void> 
        <void method="add"> 
         <double>583225.7480514635</double> 
        </void> 
        <void method="add"> 
         <double>583414.4830657198</double> 
        </void> 
        <void method="add"> 
         <double>586968.733789803</double> 
        </void> 
        <void method="add"> 
         <double>587549.3589642728</double> 
        </void> 
        <void method="add"> 
         <double>588506.543943947</double> 
        </void> 
        <void method="add"> 
         <double>589978.6858022215</double> 
        </void> 
        <void method="add"> 
         <double>611293.8969542636</double> 
        </void> 
        <void method="add"> 
         <double>619412.9938281063</double> 
        </void> 
        <void method="add"> 
         <double>621180.2104010191</double> 
        </void> 
        <void method="add"> 
         <double>580529.9807161527</double> 
        </void> 
        <void method="add"> 
         <double>578553.4688848355</double> 
        </void> 
        <void method="add"> 
         <double>575345.5866619956</double> 
        </void> 
        <void method="add"> 
         <double>544258.4156818789</double> 
        </void> 
        <void method="add"> 
         <double>546744.7494875055</double> 
        </void> 
       </object> 
      </void> 
      <void property="stdev"> 
       <double>27573.892997695162</double> 
      </void> 
     </object> 
    </void> 
    <void index="2"> 
     <object class="jmbench.tools.EvaluationMetrics"> 
      <void property="max"> 
       <double>392308.84748807334</double> 
      </void> 
      <void property="mean"> 
       <double>366338.28745161346</double> 
      </void> 
      <void property="median"> 
       <double>365765.6014829137</double> 
      </void> 
      <void property="min"> 
       <double>337402.46256058477</double> 
      </void> 
      <void property="rawResults"> 
       <object class="java.util.ArrayList"> 
        <void method="add"> 
         <double>348474.87273773854</double> 
        </void> 
        <void method="add"> 
         <double>354506.11293870077</double> 
        </void> 
        <void method="add"> 
         <double>354839.0154977971</double> 
        </void> 
        <void method="add"> 
         <double>355222.9482972738</double> 
        </void> 
        <void method="add"> 
         <double>355627.89100166265</double> 
        </void> 
        <void method="add"> 
         <double>360095.52420280623</double> 
        </void> 
        <void method="add"> 
         <double>364536.66138316575</double> 
        </void> 
        <void method="add"> 
         <double>364813.17340652714</double> 
        </void> 
        <void method="add"> 
         <double>364956.7473583545</double> 
        </void> 
        <void method="add"> 
         <double>365765.6014829137</double> 
        </void> 
        <void method="add"> 
         <double>366563.6242355322</double> 
        </void> 
        <void method="add"> 
         <double>366731.3419104733</double> 
        </void> 
        <void method="add"> 
         <double>367115.6151822266</double> 
        </void> 
        <void method="add"> 
         <double>367954.58397724555</double> 
        </void> 
        <void method="add"> 
         <double>370708.76948843023</double> 
        </void> 
        <void method="add"> 
         <double>370869.90227905073</double> 
        </void> 
        <void method="add"> 
         <double>371187.58508705365</double> 
        </void> 
        <void method="add"> 
         <double>381151.53798583715</double> 
        </void> 
        <void method="add"> 
         <double>382478.4022552789</double> 
        </void> 
        <void method="add"> 
         <double>392308.84748807334</double> 
        </void> 
        <void method="add"> 
         <double>337402.46256058477</double> 
        </void> 
        <void method="add"> 
         <double>386632.8058352487</double> 
        </void> 
        <void method="add"> 
         <double>360358.7135825198</double> 
        </void> 
        <void method="add"> 
         <double>360479.2169350141</double> 
        </void> 
        <void method="add"> 
         <double>387675.2291808262</double> 
        </void> 
       </object> 
      </void> 
      <void property="stdev"> 
       <double>12444.850450579446</double> 
      </void> 
     </object> 
    </void> 
    <void index="3"> 
     <object class="jmbench.tools.EvaluationMetrics"> 
      <void property="max"> 
       <double>234195.7222900374</double> 
      </void> 
      <void property="mean"> 
       <double>218740.3260537151</double> 
      </void> 
      <void property="median"> 
       <double>216341.19521320515</double> 
      </void> 
      <void property="min"> 
       <double>203647.84076098003</double> 
      </void> 
      <void property="rawResults"> 
       <object class="java.util.ArrayList"> 
        <void method="add"> 
         <double>211695.09217957233</double> 
        </void> 
        <void method="add"> 
         <double>211835.10608484413</double> 
        </void> 
        <void method="add"> 
         <double>212186.15530898704</double> 
        </void> 
        <void method="add"> 
         <double>212525.4620559046</double> 
        </void> 
        <void method="add"> 
         <double>213443.85437887922</double> 
        </void> 
        <void method="add"> 
         <double>214728.86176653582</double> 
        </void> 
        <void method="add"> 
         <double>215277.6178629716</double> 
        </void> 
        <void method="add"> 
         <double>215349.98856349604</double> 
        </void> 
        <void method="add"> 
         <double>220407.6394880311</double> 
        </void> 
        <void method="add"> 
         <double>220713.37945794256</double> 
        </void> 
        <void method="add"> 
         <double>223027.4190568856</double> 
        </void> 
        <void method="add"> 
         <double>223708.89862199142</double> 
        </void> 
        <void method="add"> 
         <double>224125.24782485067</double> 
        </void> 
        <void method="add"> 
         <double>225700.81198424875</double> 
        </void> 
        <void method="add"> 
         <double>226338.76530146567</double> 
        </void> 
        <void method="add"> 
         <double>226633.14399532127</double> 
        </void> 
        <void method="add"> 
         <double>226916.4978717004</double> 
        </void> 
        <void method="add"> 
         <double>229989.5815980508</double> 
        </void> 
        <void method="add"> 
         <double>230298.63993976996</double> 
        </void> 
        <void method="add"> 
         <double>234195.7222900374</double> 
        </void> 
        <void method="add"> 
         <double>212330.15597608814</double> 
        </void> 
        <void method="add"> 
         <double>211867.58352761928</double> 
        </void> 
        <void method="add"> 
         <double>216341.19521320515</double> 
        </void> 
        <void method="add"> 
         <double>205223.49023349903</double> 
        </void> 
        <void method="add"> 
         <double>203647.84076098003</double> 
        </void> 
       </object> 
      </void> 
      <void property="stdev"> 
       <double>7909.927208663297</double> 
      </void> 
     </object> 
    </void> 
    <void index="4"> 
     <object class="jmbench.tools.EvaluationMetrics"> 
      <void property="max"> 
       <double>57796.049780321286</double> 
      </void> 
      <void property="mean"> 
       <double>55490.21305669744</double> 
      </void> 
      <void property="median"> 
       <double>55718.28105058197</double> 
      </void> 
      <void property="min"> 
       <double>53147.12143700395</double> 
      </void> 
      <void property="rawResults"> 
       <object class="java.util.ArrayList"> 
        <void method="add"> 
         <double>53147.12143700395</double> 
        </void> 
        <void method="add"> 
         <double>53277.7801644451</double> 
        </void> 
        <void method="add"> 
         <double>53617.12648415762</double> 
        </void> 
        <void method="add"> 
         <double>54219.736126938864</double> 
        </void> 
        <void method="add"> 
         <double>54262.08120260272</double> 
        </void> 
        <void method="add"> 
         <double>54464.28765338582</double> 
        </void> 
        <void method="add"> 
         <double>55074.24692590488</double> 
        </void> 
        <void method="add"> 
         <double>55351.099486299325</double> 
        </void> 
        <void method="add"> 
         <double>55665.39718590005</double> 
        </void> 
        <void method="add"> 
         <double>55733.74455631543</double> 
        </void> 
        <void method="add"> 
         <double>56100.814581811515</double> 
        </void> 
        <void method="add"> 
         <double>56164.6577108572</double> 
        </void> 
        <void method="add"> 
         <double>56205.79921654295</double> 
        </void> 
        <void method="add"> 
         <double>56220.92703333064</double> 
        </void> 
        <void method="add"> 
         <double>56239.78620355079</double> 
        </void> 
        <void method="add"> 
         <double>56240.7715662686</double> 
        </void> 
        <void method="add"> 
         <double>56705.157259193766</double> 
        </void> 
        <void method="add"> 
         <double>56764.92823922664</double> 
        </void> 
        <void method="add"> 
         <double>57765.54128481136</double> 
        </void> 
        <void method="add"> 
         <double>57796.049780321286</double> 
        </void> 
        <void method="add"> 
         <double>54261.422259986684</double> 
        </void> 
        <void method="add"> 
         <double>55735.24686414853</double> 
        </void> 
        <void method="add"> 
         <double>55718.28105058197</double> 
        </void> 
        <void method="add"> 
         <double>54822.704153708146</double> 
        </void> 
        <void method="add"> 
         <double>55700.61799014218</double> 
        </void> 
       </object> 
      </void> 
      <void property="stdev"> 
       <double>1217.4799649215568</double> 
      </void> 
     </object> 
    </void> 
    <void index="5"> 
     <object class="jmbench.tools.EvaluationMetrics"> 
      <void property="max"> 
       <double>10969.504731679155</double> 
      </void> 
      <void property="mean"> 
       <double>10781.017778457295</double> 
      </void> 
      <void property="median"> 
       <double>10767.526577287077</double> 
      </void> 
      <void property="min"> 
       <double>10602.169426633183</double> 
      </void> 
      <void property="rawResults"> 
       <object class="java.util.ArrayList"> 
        <void method="add"> 
         <double>10682.841186759233</double> 
        </void> 
        <void method="add"> 
         <double>10703.195928077697</double> 
        </void> 
        <void method="add"> 
         <double>10712.330251720923</double> 
        </void> 
        <void method="add"> 
         <double>10727.077740725965</double> 
        </void> 
        <void method="add"> 
         <double>10734.158979056843</double> 
        </void> 
        <void method="add"> 
         <double>10735.349227164188</double> 
        </void> 
        <void method="add"> 
         <double>10753.337896881694</double> 
        </void> 
        <void method="add"> 
         <double>10761.267952102711</double> 
        </void> 
        <void method="add"> 
         <double>10767.526577287077</double> 
        </void> 
        <void method="add"> 
         <double>10779.919232960974</double> 
        </void> 
        <void method="add"> 
         <double>10790.139763251189</double> 
        </void> 
        <void method="add"> 
         <double>10790.495548651223</double> 
        </void> 
        <void method="add"> 
         <double>10791.28540394273</double> 
        </void> 
        <void method="add"> 
         <double>10844.993587997202</double> 
        </void> 
        <void method="add"> 
         <double>10849.271740058073</double> 
        </void> 
        <void method="add"> 
         <double>10884.870123398801</double> 
        </void> 
        <void method="add"> 
         <double>10893.645103207109</double> 
        </void> 
        <void method="add"> 
         <double>10913.378133554328</double> 
        </void> 
        <void method="add"> 
         <double>10928.882201842473</double> 
        </void> 
        <void method="add"> 
         <double>10969.504731679155</double> 
        </void> 
        <void method="add"> 
         <double>10602.169426633183</double> 
        </void> 
        <void method="add"> 
         <double>10699.50596475155</double> 
        </void> 
        <void method="add"> 
         <double>10747.545361957353</double> 
        </void> 
        <void method="add"> 
         <double>10824.810552268795</double> 
        </void> 
        <void method="add"> 
         <double>10637.941845501893</double> 
        </void> 
       </object> 
      </void> 
      <void property="stdev"> 
       <double>89.10526809232317</double> 
      </void> 
     </object> 
    </void> 
    <void index="6"> 
     <object class="jmbench.tools.EvaluationMetrics"> 
      <void property="max"> 
       <double>859.9274138924205</double> 
      </void> 
      <void property="mean"> 
       <double>855.0552910088458</double> 
      </void> 
      <void property="median"> 
       <double>855.2128015265279</double> 
      </void> 
      <void property="min"> 
       <double>849.4681412939275</double> 
      </void> 
      <void property="rawResults"> 
       <object class="java.util.ArrayList"> 
        <void method="add"> 
         <double>849.4681412939275</double> 
        </void> 
        <void method="add"> 
         <double>849.8725004756888</double> 
        </void> 
        <void method="add"> 
         <double>851.0119355549074</double> 
        </void> 
        <void method="add"> 
         <double>851.274929346739</double> 
        </void> 
        <void method="add"> 
         <double>851.901047791386</double> 
        </void> 
        <void method="add"> 
         <double>852.650305731722</double> 
        </void> 
        <void method="add"> 
         <double>853.4707454702981</double> 
        </void> 
        <void method="add"> 
         <double>854.7977940307632</double> 
        </void> 
        <void method="add"> 
         <double>854.9420033384541</double> 
        </void> 
        <void method="add"> 
         <double>855.2128015265279</double> 
        </void> 
        <void method="add"> 
         <double>855.4398388417889</double> 
        </void> 
        <void method="add"> 
         <double>855.5982800574728</double> 
        </void> 
        <void method="add"> 
         <double>855.8874394263511</double> 
        </void> 
        <void method="add"> 
         <double>856.670218046556</double> 
        </void> 
        <void method="add"> 
         <double>857.4904584736021</double> 
        </void> 
        <void method="add"> 
         <double>858.8720336076378</double> 
        </void> 
        <void method="add"> 
         <double>859.0370801384518</double> 
        </void> 
        <void method="add"> 
         <double>859.2946473359783</double> 
        </void> 
        <void method="add"> 
         <double>859.7730333979686</double> 
        </void> 
        <void method="add"> 
         <double>859.9274138924205</double> 
        </void> 
        <void method="add"> 
         <double>849.9088866961907</double> 
        </void> 
        <void method="add"> 
         <double>852.6359048576655</double> 
        </void> 
        <void method="add"> 
         <double>855.1089341723945</double> 
        </void> 
        <void method="add"> 
         <double>856.3127358871278</double> 
        </void> 
        <void method="add"> 
         <double>859.8231658291219</double> 
        </void> 
       </object> 
      </void> 
      <void property="stdev"> 
       <double>3.272816141218801</double> 
      </void> 
     </object> 
    </void> 
    <void index="7"> 
     <object class="jmbench.tools.EvaluationMetrics"> 
      <void property="max"> 
       <double>116.93196068310536</double> 
      </void> 
      <void property="mean"> 
       <double>111.74447169062628</double> 
      </void> 
      <void property="median"> 
       <double>108.62024108037959</double> 
      </void> 
      <void property="min"> 
       <double>107.81015117523721</double> 
      </void> 
      <void property="rawResults"> 
       <object class="java.util.ArrayList"> 
        <void method="add"> 
         <double>107.81015117523721</double> 
        </void> 
        <void method="add"> 
         <double>107.92016668567683</double> 
        </void> 
        <void method="add"> 
         <double>108.38810138222138</double> 
        </void> 
        <void method="add"> 
         <double>108.40902931678225</double> 
        </void> 
        <void method="add"> 
         <double>108.51302896482994</double> 
        </void> 
        <void method="add"> 
         <double>108.53894568470061</double> 
        </void> 
        <void method="add"> 
         <double>108.61973627858383</double> 
        </void> 
        <void method="add"> 
         <double>108.62024108037959</double> 
        </void> 
        <void method="add"> 
         <double>108.6917403294763</double> 
        </void> 
        <void method="add"> 
         <double>108.71468840873642</double> 
        </void> 
        <void method="add"> 
         <double>116.29353247158728</double> 
        </void> 
        <void method="add"> 
         <double>116.3405548230335</double> 
        </void> 
        <void method="add"> 
         <double>116.4612166842442</double> 
        </void> 
        <void method="add"> 
         <double>116.61517257378375</double> 
        </void> 
        <void method="add"> 
         <double>116.7093749464326</double> 
        </void> 
        <void method="add"> 
         <double>116.85283810645117</double> 
        </void> 
        <void method="add"> 
         <double>116.88149821253825</double> 
        </void> 
        <void method="add"> 
         <double>116.90448319200796</double> 
        </void> 
        <void method="add"> 
         <double>116.91762710362232</double> 
        </void> 
        <void method="add"> 
         <double>116.93196068310536</double> 
        </void> 
        <void method="add"> 
         <double>108.41928912334801</double> 
        </void> 
        <void method="add"> 
         <double>108.35303101696981</double> 
        </void> 
        <void method="add"> 
         <double>108.57002805041888</double> 
        </void> 
        <void method="add"> 
         <double>108.54504841643728</double> 
        </void> 
        <void method="add"> 
         <double>108.5903075550518</double> 
        </void> 
       </object> 
      </void> 
      <void property="stdev"> 
       <double>4.046123896248419</double> 
      </void> 
     </object> 
    </void> 
    <void index="8"> 
     <object class="jmbench.tools.EvaluationMetrics"> 
      <void property="max"> 
       <double>14.19138067062679</double> 
      </void> 
      <void property="mean"> 
       <double>14.114428125023158</double> 
      </void> 
      <void property="median"> 
       <double>14.133693234486714</double> 
      </void> 
      <void property="min"> 
       <double>13.976476596583009</double> 
      </void> 
      <void property="rawResults"> 
       <object class="java.util.ArrayList"> 
        <void method="add"> 
         <double>13.976476596583009</double> 
        </void> 
        <void method="add"> 
         <double>14.00524166819021</double> 
        </void> 
        <void method="add"> 
         <double>14.005757239250867</double> 
        </void> 
        <void method="add"> 
         <double>14.014745736187459</double> 
        </void> 
        <void method="add"> 
         <double>14.034958217789036</double> 
        </void> 
        <void method="add"> 
         <double>14.095481873084927</double> 
        </void> 
        <void method="add"> 
         <double>14.100935736259057</double> 
        </void> 
        <void method="add"> 
         <double>14.105086732742523</double> 
        </void> 
        <void method="add"> 
         <double>14.107635676871649</double> 
        </void> 
        <void method="add"> 
         <double>14.117884968554115</double> 
        </void> 
        <void method="add"> 
         <double>14.125919337867254</double> 
        </void> 
        <void method="add"> 
         <double>14.133693234486714</double> 
        </void> 
        <void method="add"> 
         <double>14.137983183346408</double> 
        </void> 
        <void method="add"> 
         <double>14.139537469061562</double> 
        </void> 
        <void method="add"> 
         <double>14.15792838476186</double> 
        </void> 
        <void method="add"> 
         <double>14.161678304131751</double> 
        </void> 
        <void method="add"> 
         <double>14.178005359119187</double> 
        </void> 
        <void method="add"> 
         <double>14.181945265480131</double> 
        </void> 
        <void method="add"> 
         <double>14.183590591005913</double> 
        </void> 
        <void method="add"> 
         <double>14.189179241825395</double> 
        </void> 
        <void method="add"> 
         <double>14.025376459369776</double> 
        </void> 
        <void method="add"> 
         <double>14.19138067062679</double> 
        </void> 
        <void method="add"> 
         <double>14.182333363443087</double> 
        </void> 
        <void method="add"> 
         <double>14.13914391303806</double> 
        </void> 
        <void method="add"> 
         <double>14.16880390250219</double> 
        </void> 
       </object> 
      </void> 
      <void property="stdev"> 
       <double>0.06527353098700903</double> 
      </void> 
     </object> 
    </void> 
    <void index="9"> 
     <object class="jmbench.tools.EvaluationMetrics"> 
      <void property="max"> 
       <double>1.1755948654911452</double> 
      </void> 
      <void property="mean"> 
       <double>1.163719652161034</double> 
      </void> 
      <void property="median"> 
       <double>1.166921722011612</double> 
      </void> 
      <void property="min"> 
       <double>1.1003119881552361</double> 
      </void> 
      <void property="rawResults"> 
       <object class="java.util.ArrayList"> 
        <void method="add"> 
         <double>1.1003119881552361</double> 
        </void> 
        <void method="add"> 
         <double>1.1544073835367532</double> 
        </void> 
        <void method="add"> 
         <double>1.156738686597669</double> 
        </void> 
        <void method="add"> 
         <double>1.1574460736752152</double> 
        </void> 
        <void method="add"> 
         <double>1.158367158841698</double> 
        </void> 
        <void method="add"> 
         <double>1.1622660906295381</double> 
        </void> 
        <void method="add"> 
         <double>1.1652121568977676</double> 
        </void> 
        <void method="add"> 
         <double>1.1655273925843457</double> 
        </void> 
        <void method="add"> 
         <double>1.1666820870927057</double> 
        </void> 
        <void method="add"> 
         <double>1.169862146386873</double> 
        </void> 
        <void method="add"> 
         <double>1.169929799424097</double> 
        </void> 
        <void method="add"> 
         <double>1.1712130047894085</double> 
        </void> 
        <void method="add"> 
         <double>1.1716573687628602</double> 
        </void> 
        <void method="add"> 
         <double>1.1722554658144566</double> 
        </void> 
        <void method="add"> 
         <double>1.1725448047690916</double> 
        </void> 
        <void method="add"> 
         <double>1.1730137240356457</double> 
        </void> 
        <void method="add"> 
         <double>1.1733645418263328</double> 
        </void> 
        <void method="add"> 
         <double>1.1750874498244086</double> 
        </void> 
        <void method="add"> 
         <double>1.1752279298746664</double> 
        </void> 
        <void method="add"> 
         <double>1.1755948654911452</double> 
        </void> 
        <void method="add"> 
         <double>1.1588298223945113</double> 
        </void> 
        <void method="add"> 
         <double>1.1534355743682345</double> 
        </void> 
        <void method="add"> 
         <double>1.1545931897392743</double> 
        </void> 
        <void method="add"> 
         <double>1.1725008765022973</double> 
        </void> 
        <void method="add"> 
         <double>1.166921722011612</double> 
        </void> 
       </object> 
      </void> 
      <void property="stdev"> 
       <double>0.014790527356464573</double> 
      </void> 
     </object> 
    </void> 
    <void index="10"> 
     <object class="jmbench.tools.EvaluationMetrics"> 
      <void property="max"> 
       <double>0.13349673223000988</double> 
      </void> 
      <void property="mean"> 
       <double>0.1316804182516813</double> 
      </void> 
      <void property="median"> 
       <double>0.13224345456257572</double> 
      </void> 
      <void property="min"> 
       <double>0.12755275572761207</double> 
      </void> 
      <void property="rawResults"> 
       <object class="java.util.ArrayList"> 
        <void method="add"> 
         <double>0.12755275572761207</double> 
        </void> 
        <void method="add"> 
         <double>0.12811747791378827</double> 
        </void> 
        <void method="add"> 
         <double>0.1283619472390638</double> 
        </void> 
        <void method="add"> 
         <double>0.1295274688707</double> 
        </void> 
        <void method="add"> 
         <double>0.13026664860641166</double> 
        </void> 
        <void method="add"> 
         <double>0.13069304688880298</double> 
        </void> 
        <void method="add"> 
         <double>0.13095251521456508</double> 
        </void> 
        <void method="add"> 
         <double>0.13117403683160694</double> 
        </void> 
        <void method="add"> 
         <double>0.1320879253514558</double> 
        </void> 
        <void method="add"> 
         <double>0.13222391493941196</double> 
        </void> 
        <void method="add"> 
         <double>0.1323914151224285</double> 
        </void> 
        <void method="add"> 
         <double>0.1325585204038742</double> 
        </void> 
        <void method="add"> 
         <double>0.13259036374278338</double> 
        </void> 
        <void method="add"> 
         <double>0.1326665952478162</double> 
        </void> 
        <void method="add"> 
         <double>0.13283062795825215</double> 
        </void> 
        <void method="add"> 
         <double>0.13295300967338725</double> 
        </void> 
        <void method="add"> 
         <double>0.13303632976261465</double> 
        </void> 
        <void method="add"> 
         <double>0.13313076289581868</double> 
        </void> 
        <void method="add"> 
         <double>0.13324204597429604</double> 
        </void> 
        <void method="add"> 
         <double>0.13346883135361548</double> 
        </void> 
        <void method="add"> 
         <double>0.13130395495586206</double> 
        </void> 
        <void method="add"> 
         <double>0.1330537152560238</double> 
        </void> 
        <void method="add"> 
         <double>0.13224345456257572</double> 
        </void> 
        <void method="add"> 
         <double>0.13349673223000988</double> 
        </void> 
        <void method="add"> 
         <double>0.13208635956925593</double> 
        </void> 
       </object> 
      </void> 
      <void property="stdev"> 
       <double>0.0016853261334719145</double> 
      </void> 
     </object> 
    </void> 
    <void index="11"> 
     <object class="jmbench.tools.EvaluationMetrics"> 
      <void property="max"> 
       <double>0.016446791575806727</double> 
      </void> 
      <void property="mean"> 
       <double>0.016446791575806727</double> 
      </void> 
      <void property="median"> 
       <double>0.016446791575806727</double> 
      </void> 
      <void property="min"> 
       <double>0.016446791575806727</double> 
      </void> 
      <void property="rawResults"> 
       <object class="java.util.ArrayList"> 
        <void method="add"> 
         <double>0.016446791575806727</double> 
        </void> 
       </object> 
      </void> 
     </object> 
    </void> 
   </array> 
  </void> 
  <void property="opName"> 
   <string>Solve m=n</string> 
  </void> 
 </object> 
</java> 
