<?xml version="1.0" encoding="UTF-8"?> 
<java version="1.6.0_16" class="java.beans.XMLDecoder"> 
 <object class="jmbench.tools.runtime.OperationResults"> 
  <void property="library"> 
   <object class="jmbench.impl.MatrixLibrary" method="valueOf"> 
    <string>COLT</string> 
   </object> 
  </void> 
  <void property="matDimen"> 
   <array class="int" length="12"> 
    <void index="0"> 
     <int>2</int> 
    </void> 
    <void index="1"> 
     <int>3</int> 
    </void> 
    <void index="2"> 
     <int>4</int> 
    </void> 
    <void index="3"> 
     <int>5</int> 
    </void> 
    <void index="4"> 
     <int>10</int> 
    </void> 
    <void index="5"> 
     <int>20</int> 
    </void> 
    <void index="6"> 
     <int>50</int> 
    </void> 
    <void index="7"> 
     <int>100</int> 
    </void> 
    <void index="8"> 
     <int>200</int> 
    </void> 
    <void index="9"> 
     <int>500</int> 
    </void> 
    <void index="10"> 
     <int>1000</int> 
    </void> 
    <void index="11"> 
     <int>2000</int> 
    </void> 
   </array> 
  </void> 
  <void property="metrics"> 
   <array class="jmbench.tools.EvaluationMetrics" length="12"> 
    <void index="0"> 
     <object class="jmbench.tools.EvaluationMetrics"> 
      <void property="max"> 
       <double>703198.9472848525</double> 
      </void> 
      <void property="mean"> 
       <double>685741.2489225778</double> 
      </void> 
      <void property="median"> 
       <double>692470.0926387018</double> 
      </void> 
      <void property="min"> 
       <double>635475.6004479243</double> 
      </void> 
      <void property="rawResults"> 
       <object class="java.util.ArrayList"> 
        <void method="add"> 
         <double>635475.6004479243</double> 
        </void> 
        <void method="add"> 
         <double>635475.7037523806</double> 
        </void> 
        <void method="add"> 
         <double>656182.175332749</double> 
        </void> 
        <void method="add"> 
         <double>665427.0126572335</double> 
        </void> 
        <void method="add"> 
         <double>669813.8865586686</double> 
        </void> 
        <void method="add"> 
         <double>675188.3224437757</double> 
        </void> 
        <void method="add"> 
         <double>679985.6059672249</double> 
        </void> 
        <void method="add"> 
         <double>683297.8490330457</double> 
        </void> 
        <void method="add"> 
         <double>687007.2071840508</double> 
        </void> 
        <void method="add"> 
         <double>689499.111846642</double> 
        </void> 
        <void method="add"> 
         <double>691808.331371922</double> 
        </void> 
        <void method="add"> 
         <double>692099.056333164</double> 
        </void> 
        <void method="add"> 
         <double>692470.0926387018</double> 
        </void> 
        <void method="add"> 
         <double>693767.1232631691</double> 
        </void> 
        <void method="add"> 
         <double>694100.9838193047</double> 
        </void> 
        <void method="add"> 
         <double>694506.4551835576</double> 
        </void> 
        <void method="add"> 
         <double>694893.9290658482</double> 
        </void> 
        <void method="add"> 
         <double>698316.1213315394</double> 
        </void> 
        <void method="add"> 
         <double>700616.3140000061</double> 
        </void> 
        <void method="add"> 
         <double>701201.3179717461</double> 
        </void> 
        <void method="add"> 
         <double>703198.9472848525</double> 
        </void> 
        <void method="add"> 
         <double>701259.7929705625</double> 
        </void> 
        <void method="add"> 
         <double>702860.3396616474</double> 
        </void> 
        <void method="add"> 
         <double>702396.1367474967</double> 
        </void> 
        <void method="add"> 
         <double>702683.8061972352</double> 
        </void> 
       </object> 
      </void> 
      <void property="stdev"> 
       <double>19181.707052941714</double> 
      </void> 
     </object> 
    </void> 
    <void index="1"> 
     <object class="jmbench.tools.EvaluationMetrics"> 
      <void property="max"> 
       <double>286050.7151589168</double> 
      </void> 
      <void property="mean"> 
       <double>279419.2248544852</double> 
      </void> 
      <void property="median"> 
       <double>280712.8977133135</double> 
      </void> 
      <void property="min"> 
       <double>267986.78853940195</double> 
      </void> 
      <void property="rawResults"> 
       <object class="java.util.ArrayList"> 
        <void method="add"> 
         <double>267986.78853940195</double> 
        </void> 
        <void method="add"> 
         <double>269740.8494281544</double> 
        </void> 
        <void method="add"> 
         <double>274879.295880767</double> 
        </void> 
        <void method="add"> 
         <double>275104.37014379684</double> 
        </void> 
        <void method="add"> 
         <double>275450.2200012089</double> 
        </void> 
        <void method="add"> 
         <double>275460.16618672357</double> 
        </void> 
        <void method="add"> 
         <double>275700.9959133209</double> 
        </void> 
        <void method="add"> 
         <double>275785.532260177</double> 
        </void> 
        <void method="add"> 
         <double>276280.75889269984</double> 
        </void> 
        <void method="add"> 
         <double>280354.7564325275</double> 
        </void> 
        <void method="add"> 
         <double>280712.8977133135</double> 
        </void> 
        <void method="add"> 
         <double>280734.82488202007</double> 
        </void> 
        <void method="add"> 
         <double>281110.75419461506</double> 
        </void> 
        <void method="add"> 
         <double>281293.50388166995</double> 
        </void> 
        <void method="add"> 
         <double>284010.024294592</double> 
        </void> 
        <void method="add"> 
         <double>284782.69204107265</double> 
        </void> 
        <void method="add"> 
         <double>285079.8100840562</double> 
        </void> 
        <void method="add"> 
         <double>285162.32047900336</double> 
        </void> 
        <void method="add"> 
         <double>285303.11423042056</double> 
        </void> 
        <void method="add"> 
         <double>286050.7151589168</double> 
        </void> 
        <void method="add"> 
         <double>281274.905005742</double> 
        </void> 
        <void method="add"> 
         <double>279169.35619746125</double> 
        </void> 
        <void method="add"> 
         <double>281244.71246733115</double> 
        </void> 
        <void method="add"> 
         <double>280444.8210946565</double> 
        </void> 
        <void method="add"> 
         <double>282362.4359584805</double> 
        </void> 
       </object> 
      </void> 
      <void property="stdev"> 
       <double>4701.39333556147</double> 
      </void> 
     </object> 
    </void> 
    <void index="2"> 
     <object class="jmbench.tools.EvaluationMetrics"> 
      <void property="max"> 
       <double>149091.49894942384</double> 
      </void> 
      <void property="mean"> 
       <double>147730.24920144829</double> 
      </void> 
      <void property="median"> 
       <double>147351.36008282987</double> 
      </void> 
      <void property="min"> 
       <double>146631.84247855702</double> 
      </void> 
      <void property="rawResults"> 
       <object class="java.util.ArrayList"> 
        <void method="add"> 
         <double>146631.84247855702</double> 
        </void> 
        <void method="add"> 
         <double>146656.1138847974</double> 
        </void> 
        <void method="add"> 
         <double>146767.96455144224</double> 
        </void> 
        <void method="add"> 
         <double>146869.83867543505</double> 
        </void> 
        <void method="add"> 
         <double>146890.23727960527</double> 
        </void> 
        <void method="add"> 
         <double>146936.31600871848</double> 
        </void> 
        <void method="add"> 
         <double>146998.39472704136</double> 
        </void> 
        <void method="add"> 
         <double>147185.16438956064</double> 
        </void> 
        <void method="add"> 
         <double>147241.5945821659</double> 
        </void> 
        <void method="add"> 
         <double>147245.46082026567</double> 
        </void> 
        <void method="add"> 
         <double>147286.83910242878</double> 
        </void> 
        <void method="add"> 
         <double>147309.36008062636</double> 
        </void> 
        <void method="add"> 
         <double>147351.36008282987</double> 
        </void> 
        <void method="add"> 
         <double>147587.52597988135</double> 
        </void> 
        <void method="add"> 
         <double>147613.10409680157</double> 
        </void> 
        <void method="add"> 
         <double>148439.13031082554</double> 
        </void> 
        <void method="add"> 
         <double>148651.8294609207</double> 
        </void> 
        <void method="add"> 
         <double>148804.55822884385</double> 
        </void> 
        <void method="add"> 
         <double>148869.3158544207</double> 
        </void> 
        <void method="add"> 
         <double>149040.73849721736</double> 
        </void> 
        <void method="add"> 
         <double>149091.49894942384</double> 
        </void> 
        <void method="add"> 
         <double>148407.19999620313</double> 
        </void> 
        <void method="add"> 
         <double>148253.73524860066</double> 
        </void> 
        <void method="add"> 
         <double>148412.0464618113</double> 
        </void> 
        <void method="add"> 
         <double>148715.06028778284</double> 
        </void> 
       </object> 
      </void> 
      <void property="stdev"> 
       <double>818.8106577604457</double> 
      </void> 
     </object> 
    </void> 
    <void index="3"> 
     <object class="jmbench.tools.EvaluationMetrics"> 
      <void property="max"> 
       <double>98174.6251258142</double> 
      </void> 
      <void property="mean"> 
       <double>97098.93198606661</double> 
      </void> 
      <void property="median"> 
       <double>97441.62368251856</double> 
      </void> 
      <void property="min"> 
       <double>94212.94978320418</double> 
      </void> 
      <void property="rawResults"> 
       <object class="java.util.ArrayList"> 
        <void method="add"> 
         <double>94212.94978320418</double> 
        </void> 
        <void method="add"> 
         <double>95675.12102614404</double> 
        </void> 
        <void method="add"> 
         <double>96172.58872080044</double> 
        </void> 
        <void method="add"> 
         <double>96314.35505710245</double> 
        </void> 
        <void method="add"> 
         <double>96448.13590232022</double> 
        </void> 
        <void method="add"> 
         <double>97140.11186510065</double> 
        </void> 
        <void method="add"> 
         <double>97141.77055783181</double> 
        </void> 
        <void method="add"> 
         <double>97155.0350923236</double> 
        </void> 
        <void method="add"> 
         <double>97441.62368251856</double> 
        </void> 
        <void method="add"> 
         <double>97642.94309163633</double> 
        </void> 
        <void method="add"> 
         <double>97733.52473535635</double> 
        </void> 
        <void method="add"> 
         <double>97735.2672485663</double> 
        </void> 
        <void method="add"> 
         <double>97781.05685699836</double> 
        </void> 
        <void method="add"> 
         <double>97797.95356693609</double> 
        </void> 
        <void method="add"> 
         <double>97845.9866747419</double> 
        </void> 
        <void method="add"> 
         <double>97858.60294851747</double> 
        </void> 
        <void method="add"> 
         <double>97883.86455479158</double> 
        </void> 
        <void method="add"> 
         <double>97934.3595463892</double> 
        </void> 
        <void method="add"> 
         <double>97986.87877571171</double> 
        </void> 
        <void method="add"> 
         <double>98174.6251258142</double> 
        </void> 
        <void method="add"> 
         <double>95467.18807947077</double> 
        </void> 
        <void method="add"> 
         <double>96642.59911684917</double> 
        </void> 
        <void method="add"> 
         <double>96753.99071183447</double> 
        </void> 
        <void method="add"> 
         <double>97090.4466834416</double> 
        </void> 
        <void method="add"> 
         <double>97442.32024726394</double> 
        </void> 
       </object> 
      </void> 
      <void property="stdev"> 
       <double>936.7512705565238</double> 
      </void> 
     </object> 
    </void> 
    <void index="4"> 
     <object class="jmbench.tools.EvaluationMetrics"> 
      <void property="max"> 
       <double>17699.485272160597</double> 
      </void> 
      <void property="mean"> 
       <double>17422.202998466153</double> 
      </void> 
      <void property="median"> 
       <double>17400.46585900488</double> 
      </void> 
      <void property="min"> 
       <double>17204.696078564448</double> 
      </void> 
      <void property="rawResults"> 
       <object class="java.util.ArrayList"> 
        <void method="add"> 
         <double>17204.696078564448</double> 
        </void> 
        <void method="add"> 
         <double>17228.818987108927</double> 
        </void> 
        <void method="add"> 
         <double>17229.528984728102</double> 
        </void> 
        <void method="add"> 
         <double>17239.102121737957</double> 
        </void> 
        <void method="add"> 
         <double>17272.109346117075</double> 
        </void> 
        <void method="add"> 
         <double>17313.443431652428</double> 
        </void> 
        <void method="add"> 
         <double>17381.282619963058</double> 
        </void> 
        <void method="add"> 
         <double>17400.46585900488</double> 
        </void> 
        <void method="add"> 
         <double>17421.882480248696</double> 
        </void> 
        <void method="add"> 
         <double>17426.132209062725</double> 
        </void> 
        <void method="add"> 
         <double>17427.699618784893</double> 
        </void> 
        <void method="add"> 
         <double>17490.39134148038</double> 
        </void> 
        <void method="add"> 
         <double>17595.823254905667</double> 
        </void> 
        <void method="add"> 
         <double>17623.30617055318</double> 
        </void> 
        <void method="add"> 
         <double>17644.97279392338</double> 
        </void> 
        <void method="add"> 
         <double>17650.310148759185</double> 
        </void> 
        <void method="add"> 
         <double>17655.71334110597</double> 
        </void> 
        <void method="add"> 
         <double>17655.73971937033</double> 
        </void> 
        <void method="add"> 
         <double>17667.740089615367</double> 
        </void> 
        <void method="add"> 
         <double>17699.485272160597</double> 
        </void> 
        <void method="add"> 
         <double>17242.998268970383</double> 
        </void> 
        <void method="add"> 
         <double>17238.368406668742</double> 
        </void> 
        <void method="add"> 
         <double>17258.362825015804</double> 
        </void> 
        <void method="add"> 
         <double>17289.4474849709</double> 
        </void> 
        <void method="add"> 
         <double>17297.254107180783</double> 
        </void> 
       </object> 
      </void> 
      <void property="stdev"> 
       <double>172.166251930162</double> 
      </void> 
     </object> 
    </void> 
    <void index="5"> 
     <object class="jmbench.tools.EvaluationMetrics"> 
      <void property="max"> 
       <double>2728.983863518415</double> 
      </void> 
      <void property="mean"> 
       <double>2666.0888945079964</double> 
      </void> 
      <void property="median"> 
       <double>2699.414019649261</double> 
      </void> 
      <void property="min"> 
       <double>2449.4404192318016</double> 
      </void> 
      <void property="rawResults"> 
       <object class="java.util.ArrayList"> 
        <void method="add"> 
         <double>2659.9666463141407</double> 
        </void> 
        <void method="add"> 
         <double>2666.3934801838504</double> 
        </void> 
        <void method="add"> 
         <double>2677.43173649158</double> 
        </void> 
        <void method="add"> 
         <double>2682.9499410384624</double> 
        </void> 
        <void method="add"> 
         <double>2689.746838914852</double> 
        </void> 
        <void method="add"> 
         <double>2689.92185001834</double> 
        </void> 
        <void method="add"> 
         <double>2693.562442570097</double> 
        </void> 
        <void method="add"> 
         <double>2699.414019649261</double> 
        </void> 
        <void method="add"> 
         <double>2700.6295683879493</double> 
        </void> 
        <void method="add"> 
         <double>2702.6542138906025</double> 
        </void> 
        <void method="add"> 
         <double>2703.936252123301</double> 
        </void> 
        <void method="add"> 
         <double>2706.7935388337464</double> 
        </void> 
        <void method="add"> 
         <double>2717.752026047753</double> 
        </void> 
        <void method="add"> 
         <double>2718.1137476848985</double> 
        </void> 
        <void method="add"> 
         <double>2720.3046655830235</double> 
        </void> 
        <void method="add"> 
         <double>2722.166788036446</double> 
        </void> 
        <void method="add"> 
         <double>2724.0067233022564</double> 
        </void> 
        <void method="add"> 
         <double>2728.4902364118343</double> 
        </void> 
        <void method="add"> 
         <double>2728.7469000117676</double> 
        </void> 
        <void method="add"> 
         <double>2728.983863518415</double> 
        </void> 
        <void method="add"> 
         <double>2459.905066390742</double> 
        </void> 
        <void method="add"> 
         <double>2554.4947801375783</double> 
        </void> 
        <void method="add"> 
         <double>2449.4404192318016</double> 
        </void> 
        <void method="add"> 
         <double>2512.2326621406105</double> 
        </void> 
        <void method="add"> 
         <double>2614.1839557866097</double> 
        </void> 
       </object> 
      </void> 
      <void property="stdev"> 
       <double>80.97415897717006</double> 
      </void> 
     </object> 
    </void> 
    <void index="6"> 
     <object class="jmbench.tools.EvaluationMetrics"> 
      <void property="max"> 
       <double>126.88908457923864</double> 
      </void> 
      <void property="mean"> 
       <double>125.92199493677943</double> 
      </void> 
      <void property="median"> 
       <double>125.8758945575788</double> 
      </void> 
      <void property="min"> 
       <double>124.40379149700618</double> 
      </void> 
      <void property="rawResults"> 
       <object class="java.util.ArrayList"> 
        <void method="add"> 
         <double>124.40379149700618</double> 
        </void> 
        <void method="add"> 
         <double>125.16046771555429</double> 
        </void> 
        <void method="add"> 
         <double>125.49150893845278</double> 
        </void> 
        <void method="add"> 
         <double>125.55699578693336</double> 
        </void> 
        <void method="add"> 
         <double>125.61223612685163</double> 
        </void> 
        <void method="add"> 
         <double>125.67251223979183</double> 
        </void> 
        <void method="add"> 
         <double>125.79699979552477</double> 
        </void> 
        <void method="add"> 
         <double>125.82520726665737</double> 
        </void> 
        <void method="add"> 
         <double>125.8281214285192</double> 
        </void> 
        <void method="add"> 
         <double>125.8758945575788</double> 
        </void> 
        <void method="add"> 
         <double>125.9939635032146</double> 
        </void> 
        <void method="add"> 
         <double>126.25244470436331</double> 
        </void> 
        <void method="add"> 
         <double>126.25959314350564</double> 
        </void> 
        <void method="add"> 
         <double>126.26221551904061</double> 
        </void> 
        <void method="add"> 
         <double>126.3158930809845</double> 
        </void> 
        <void method="add"> 
         <double>126.40431866547864</double> 
        </void> 
        <void method="add"> 
         <double>126.50369915408031</double> 
        </void> 
        <void method="add"> 
         <double>126.52028387907455</double> 
        </void> 
        <void method="add"> 
         <double>126.82882289408165</double> 
        </void> 
        <void method="add"> 
         <double>126.88908457923864</double> 
        </void> 
        <void method="add"> 
         <double>126.24278022869383</double> 
        </void> 
        <void method="add"> 
         <double>124.92583986824687</double> 
        </void> 
        <void method="add"> 
         <double>125.56490339979074</double> 
        </void> 
        <void method="add"> 
         <double>125.65288874364734</double> 
        </void> 
        <void method="add"> 
         <double>126.20940670317421</double> 
        </void> 
       </object> 
      </void> 
      <void property="stdev"> 
       <double>0.5643089649941321</double> 
      </void> 
     </object> 
    </void> 
    <void index="7"> 
     <object class="jmbench.tools.EvaluationMetrics"> 
      <void property="max"> 
       <double>15.173583859775986</double> 
      </void> 
      <void property="mean"> 
       <double>15.119347011278496</double> 
      </void> 
      <void property="median"> 
       <double>15.134014587797733</double> 
      </void> 
      <void property="min"> 
       <double>14.90899191090961</double> 
      </void> 
      <void property="rawResults"> 
       <object class="java.util.ArrayList"> 
        <void method="add"> 
         <double>14.90899191090961</double> 
        </void> 
        <void method="add"> 
         <double>15.081583271716967</double> 
        </void> 
        <void method="add"> 
         <double>15.096234919806088</double> 
        </void> 
        <void method="add"> 
         <double>15.09914555556818</double> 
        </void> 
        <void method="add"> 
         <double>15.109551984033235</double> 
        </void> 
        <void method="add"> 
         <double>15.119106257861278</double> 
        </void> 
        <void method="add"> 
         <double>15.12409259118621</double> 
        </void> 
        <void method="add"> 
         <double>15.125557254054065</double> 
        </void> 
        <void method="add"> 
         <double>15.134014587797733</double> 
        </void> 
        <void method="add"> 
         <double>15.136155617948432</double> 
        </void> 
        <void method="add"> 
         <double>15.14136325147512</double> 
        </void> 
        <void method="add"> 
         <double>15.142803929794253</double> 
        </void> 
        <void method="add"> 
         <double>15.143622655521993</double> 
        </void> 
        <void method="add"> 
         <double>15.149110390912977</double> 
        </void> 
        <void method="add"> 
         <double>15.15319552410537</double> 
        </void> 
        <void method="add"> 
         <double>15.1572344114047</double> 
        </void> 
        <void method="add"> 
         <double>15.162827969653357</double> 
        </void> 
        <void method="add"> 
         <double>15.165804741397432</double> 
        </void> 
        <void method="add"> 
         <double>15.173459071997497</double> 
        </void> 
        <void method="add"> 
         <double>15.173583859775986</double> 
        </void> 
        <void method="add"> 
         <double>15.05520171374445</double> 
        </void> 
        <void method="add"> 
         <double>15.124122804576169</double> 
        </void> 
        <void method="add"> 
         <double>15.04129517124066</double> 
        </void> 
        <void method="add"> 
         <double>15.13661548189978</double> 
        </void> 
        <void method="add"> 
         <double>15.129000353580853</double> 
        </void> 
       </object> 
      </void> 
      <void property="stdev"> 
       <double>0.05400120184932994</double> 
      </void> 
     </object> 
    </void> 
    <void index="8"> 
     <object class="jmbench.tools.EvaluationMetrics"> 
      <void property="max"> 
       <double>1.2649962970775392</double> 
      </void> 
      <void property="mean"> 
       <double>1.2572745669324414</double> 
      </void> 
      <void property="median"> 
       <double>1.2604873310110565</double> 
      </void> 
      <void property="min"> 
       <double>1.2355382338558993</double> 
      </void> 
      <void property="rawResults"> 
       <object class="java.util.ArrayList"> 
        <void method="add"> 
         <double>1.2355382338558993</double> 
        </void> 
        <void method="add"> 
         <double>1.2359400689830247</double> 
        </void> 
        <void method="add"> 
         <double>1.2469826822387005</double> 
        </void> 
        <void method="add"> 
         <double>1.2489233535241495</double> 
        </void> 
        <void method="add"> 
         <double>1.2557076677339472</double> 
        </void> 
        <void method="add"> 
         <double>1.2587538248894952</double> 
        </void> 
        <void method="add"> 
         <double>1.2595746329553859</double> 
        </void> 
        <void method="add"> 
         <double>1.2597800710973763</double> 
        </void> 
        <void method="add"> 
         <double>1.259871577680555</double> 
        </void> 
        <void method="add"> 
         <double>1.2599461059061154</double> 
        </void> 
        <void method="add"> 
         <double>1.2612847914948953</double> 
        </void> 
        <void method="add"> 
         <double>1.2614383035021208</double> 
        </void> 
        <void method="add"> 
         <double>1.261571455086777</double> 
        </void> 
        <void method="add"> 
         <double>1.2616892926500982</double> 
        </void> 
        <void method="add"> 
         <double>1.2617617009597515</double> 
        </void> 
        <void method="add"> 
         <double>1.2617632575813142</double> 
        </void> 
        <void method="add"> 
         <double>1.26179908999384</double> 
        </void> 
        <void method="add"> 
         <double>1.2618865246700335</double> 
        </void> 
        <void method="add"> 
         <double>1.2635955552894929</double> 
        </void> 
        <void method="add"> 
         <double>1.2649962970775392</double> 
        </void> 
        <void method="add"> 
         <double>1.2470602553673187</double> 
        </void> 
        <void method="add"> 
         <double>1.260660572455496</double> 
        </void> 
        <void method="add"> 
         <double>1.2604873310110565</double> 
        </void> 
        <void method="add"> 
         <double>1.2599651760051953</double> 
        </void> 
        <void method="add"> 
         <double>1.2608863513014492</double> 
        </void> 
       </object> 
      </void> 
      <void property="stdev"> 
       <double>0.00783011291220617</double> 
      </void> 
     </object> 
    </void> 
    <void index="9"> 
     <object class="jmbench.tools.EvaluationMetrics"> 
      <void property="max"> 
       <double>0.052085824997125045</double> 
      </void> 
      <void property="mean"> 
       <double>0.05182567124629124</double> 
      </void> 
      <void property="median"> 
       <double>0.05200527804541585</double> 
      </void> 
      <void property="min"> 
       <double>0.05150867990888474</double> 
      </void> 
      <void property="rawResults"> 
       <object class="java.util.ArrayList"> 
        <void method="add"> 
         <double>0.05170290203373934</double> 
        </void> 
        <void method="add"> 
         <double>0.05150867990888474</double> 
        </void> 
        <void method="add"> 
         <double>0.052085824997125045</double> 
        </void> 
        <void method="add"> 
         <double>0.05200527804541585</double> 
        </void> 
       </object> 
      </void> 
      <void property="stdev"> 
       <double>2.3210685249797105E-4</double> 
      </void> 
     </object> 
    </void> 
   </array> 
  </void> 
  <void property="opName"> 
   <string>Solve m&gt;n</string> 
  </void> 
 </object> 
</java> 
