<?xml version="1.0" encoding="UTF-8"?> 
<java version="1.6.0_16" class="java.beans.XMLDecoder"> 
 <object class="jmbench.tools.runtime.OperationResults"> 
  <void property="library"> 
   <object class="jmbench.impl.MatrixLibrary" method="valueOf"> 
    <string>COLT</string> 
   </object> 
  </void> 
  <void property="matDimen"> 
   <array class="int" length="12"> 
    <void index="0"> 
     <int>2</int> 
    </void> 
    <void index="1"> 
     <int>3</int> 
    </void> 
    <void index="2"> 
     <int>4</int> 
    </void> 
    <void index="3"> 
     <int>5</int> 
    </void> 
    <void index="4"> 
     <int>10</int> 
    </void> 
    <void index="5"> 
     <int>20</int> 
    </void> 
    <void index="6"> 
     <int>50</int> 
    </void> 
    <void index="7"> 
     <int>100</int> 
    </void> 
    <void index="8"> 
     <int>200</int> 
    </void> 
    <void index="9"> 
     <int>500</int> 
    </void> 
    <void index="10"> 
     <int>1000</int> 
    </void> 
    <void index="11"> 
     <int>2000</int> 
    </void> 
   </array> 
  </void> 
  <void property="metrics"> 
   <array class="jmbench.tools.EvaluationMetrics" length="12"> 
    <void index="0"> 
     <object class="jmbench.tools.EvaluationMetrics"> 
      <void property="max"> 
       <double>546280.8670350838</double> 
      </void> 
      <void property="mean"> 
       <double>533356.7687891872</double> 
      </void> 
      <void property="median"> 
       <double>534669.175684479</double> 
      </void> 
      <void property="min"> 
       <double>515150.98552579805</double> 
      </void> 
      <void property="rawResults"> 
       <object class="java.util.ArrayList"> 
        <void method="add"> 
         <double>515150.98552579805</double> 
        </void> 
        <void method="add"> 
         <double>520417.41771564225</double> 
        </void> 
        <void method="add"> 
         <double>522410.6148175027</double> 
        </void> 
        <void method="add"> 
         <double>522981.82687938586</double> 
        </void> 
        <void method="add"> 
         <double>523729.68283172976</double> 
        </void> 
        <void method="add"> 
         <double>526420.7577561683</double> 
        </void> 
        <void method="add"> 
         <double>527469.0716096987</double> 
        </void> 
        <void method="add"> 
         <double>527984.052543267</double> 
        </void> 
        <void method="add"> 
         <double>529245.8514965154</double> 
        </void> 
        <void method="add"> 
         <double>530413.0132731714</double> 
        </void> 
        <void method="add"> 
         <double>533958.5803392453</double> 
        </void> 
        <void method="add"> 
         <double>536664.185322355</double> 
        </void> 
        <void method="add"> 
         <double>538917.4645453828</double> 
        </void> 
        <void method="add"> 
         <double>539550.8628824439</double> 
        </void> 
        <void method="add"> 
         <double>539692.2942771715</double> 
        </void> 
        <void method="add"> 
         <double>539819.7991023137</double> 
        </void> 
        <void method="add"> 
         <double>540347.6838504898</double> 
        </void> 
        <void method="add"> 
         <double>544059.2941559856</double> 
        </void> 
        <void method="add"> 
         <double>545113.2025782622</double> 
        </void> 
        <void method="add"> 
         <double>546280.8670350838</double> 
        </void> 
        <void method="add"> 
         <double>538604.8517996623</double> 
        </void> 
        <void method="add"> 
         <double>535801.3771443837</double> 
        </void> 
        <void method="add"> 
         <double>534605.2233843638</double> 
        </void> 
        <void method="add"> 
         <double>534669.175684479</double> 
        </void> 
        <void method="add"> 
         <double>539611.0831791813</double> 
        </void> 
       </object> 
      </void> 
      <void property="stdev"> 
       <double>8156.711169741493</double> 
      </void> 
     </object> 
    </void> 
    <void index="1"> 
     <object class="jmbench.tools.EvaluationMetrics"> 
      <void property="max"> 
       <double>294581.59506185004</double> 
      </void> 
      <void property="mean"> 
       <double>266771.3493811893</double> 
      </void> 
      <void property="median"> 
       <double>265228.07190884487</double> 
      </void> 
      <void property="min"> 
       <double>238294.64405677048</double> 
      </void> 
      <void property="rawResults"> 
       <object class="java.util.ArrayList"> 
        <void method="add"> 
         <double>238294.64405677048</double> 
        </void> 
        <void method="add"> 
         <double>258302.10300115997</double> 
        </void> 
        <void method="add"> 
         <double>259393.1020429141</double> 
        </void> 
        <void method="add"> 
         <double>260565.49769894776</double> 
        </void> 
        <void method="add"> 
         <double>260766.18437039683</double> 
        </void> 
        <void method="add"> 
         <double>261388.43493414324</double> 
        </void> 
        <void method="add"> 
         <double>263881.0190210657</double> 
        </void> 
        <void method="add"> 
         <double>263936.68708583567</double> 
        </void> 
        <void method="add"> 
         <double>264023.2966861385</double> 
        </void> 
        <void method="add"> 
         <double>264165.751452122</double> 
        </void> 
        <void method="add"> 
         <double>265060.7201519914</double> 
        </void> 
        <void method="add"> 
         <double>265228.07190884487</double> 
        </void> 
        <void method="add"> 
         <double>265658.647122364</double> 
        </void> 
        <void method="add"> 
         <double>266474.5675162184</double> 
        </void> 
        <void method="add"> 
         <double>267831.0265979413</double> 
        </void> 
        <void method="add"> 
         <double>268065.78352052154</double> 
        </void> 
        <void method="add"> 
         <double>269834.57814302546</double> 
        </void> 
        <void method="add"> 
         <double>271223.18645349133</double> 
        </void> 
        <void method="add"> 
         <double>291530.89929897216</double> 
        </void> 
        <void method="add"> 
         <double>294581.59506185004</double> 
        </void> 
        <void method="add"> 
         <double>266164.9841668422</double> 
        </void> 
        <void method="add"> 
         <double>286272.78085129434</double> 
        </void> 
        <void method="add"> 
         <double>265809.1058983439</double> 
        </void> 
        <void method="add"> 
         <double>264323.5795676929</double> 
        </void> 
        <void method="add"> 
         <double>266507.48792084487</double> 
        </void> 
       </object> 
      </void> 
      <void property="stdev"> 
       <double>10740.78317162211</double> 
      </void> 
     </object> 
    </void> 
    <void index="2"> 
     <object class="jmbench.tools.EvaluationMetrics"> 
      <void property="max"> 
       <double>166616.1831094448</double> 
      </void> 
      <void property="mean"> 
       <double>156523.80776510033</double> 
      </void> 
      <void property="median"> 
       <double>155014.59588849382</double> 
      </void> 
      <void property="min"> 
       <double>145252.86863519409</double> 
      </void> 
      <void property="rawResults"> 
       <object class="java.util.ArrayList"> 
        <void method="add"> 
         <double>145252.86863519409</double> 
        </void> 
        <void method="add"> 
         <double>149640.76645420984</double> 
        </void> 
        <void method="add"> 
         <double>149777.95131704814</double> 
        </void> 
        <void method="add"> 
         <double>151541.96260256233</double> 
        </void> 
        <void method="add"> 
         <double>152939.06193180775</double> 
        </void> 
        <void method="add"> 
         <double>153100.06243831973</double> 
        </void> 
        <void method="add"> 
         <double>153305.92976638098</double> 
        </void> 
        <void method="add"> 
         <double>153608.71642486358</double> 
        </void> 
        <void method="add"> 
         <double>153755.52756027484</double> 
        </void> 
        <void method="add"> 
         <double>154544.16339166995</double> 
        </void> 
        <void method="add"> 
         <double>154919.397550327</double> 
        </void> 
        <void method="add"> 
         <double>155014.59588849382</double> 
        </void> 
        <void method="add"> 
         <double>155701.12297483362</double> 
        </void> 
        <void method="add"> 
         <double>156936.11197812614</double> 
        </void> 
        <void method="add"> 
         <double>158035.79214394043</double> 
        </void> 
        <void method="add"> 
         <double>158267.1269230978</double> 
        </void> 
        <void method="add"> 
         <double>159394.9049253169</double> 
        </void> 
        <void method="add"> 
         <double>160856.50493878347</double> 
        </void> 
        <void method="add"> 
         <double>161298.61995301433</double> 
        </void> 
        <void method="add"> 
         <double>166084.54503408977</double> 
        </void> 
        <void method="add"> 
         <double>166616.1831094448</double> 
        </void> 
        <void method="add"> 
         <double>165995.27903899094</double> 
        </void> 
        <void method="add"> 
         <double>154932.04940550236</double> 
        </void> 
        <void method="add"> 
         <double>155261.01090496077</double> 
        </void> 
        <void method="add"> 
         <double>166314.9388362551</double> 
        </void> 
       </object> 
      </void> 
      <void property="stdev"> 
       <double>5453.616414847152</double> 
      </void> 
     </object> 
    </void> 
    <void index="3"> 
     <object class="jmbench.tools.EvaluationMetrics"> 
      <void property="max"> 
       <double>110567.81849669018</double> 
      </void> 
      <void property="mean"> 
       <double>100804.95315984484</double> 
      </void> 
      <void property="median"> 
       <double>99511.51150154894</double> 
      </void> 
      <void property="min"> 
       <double>87572.08112937014</double> 
      </void> 
      <void property="rawResults"> 
       <object class="java.util.ArrayList"> 
        <void method="add"> 
         <double>87572.08112937014</double> 
        </void> 
        <void method="add"> 
         <double>87838.34077655185</double> 
        </void> 
        <void method="add"> 
         <double>90198.12288604154</double> 
        </void> 
        <void method="add"> 
         <double>95644.43050062185</double> 
        </void> 
        <void method="add"> 
         <double>96687.30959876368</double> 
        </void> 
        <void method="add"> 
         <double>97165.25575911404</double> 
        </void> 
        <void method="add"> 
         <double>97985.5001826477</double> 
        </void> 
        <void method="add"> 
         <double>98818.62016002169</double> 
        </void> 
        <void method="add"> 
         <double>98844.97604302483</double> 
        </void> 
        <void method="add"> 
         <double>99505.17809984474</double> 
        </void> 
        <void method="add"> 
         <double>99511.51150154894</double> 
        </void> 
        <void method="add"> 
         <double>101136.02888387135</double> 
        </void> 
        <void method="add"> 
         <double>102209.0673170753</double> 
        </void> 
        <void method="add"> 
         <double>102832.04266440995</double> 
        </void> 
        <void method="add"> 
         <double>103659.93868706754</double> 
        </void> 
        <void method="add"> 
         <double>105710.91317443803</double> 
        </void> 
        <void method="add"> 
         <double>106242.85328939055</double> 
        </void> 
        <void method="add"> 
         <double>109253.62419013685</double> 
        </void> 
        <void method="add"> 
         <double>110056.39561793339</double> 
        </void> 
        <void method="add"> 
         <double>110567.81849669018</double> 
        </void> 
        <void method="add"> 
         <double>106386.07216634961</double> 
        </void> 
        <void method="add"> 
         <double>98089.44402121939</double> 
        </void> 
        <void method="add"> 
         <double>108270.59413361688</double> 
        </void> 
        <void method="add"> 
         <double>107030.66249817146</double> 
        </void> 
        <void method="add"> 
         <double>98907.04721819976</double> 
        </void> 
       </object> 
      </void> 
      <void property="stdev"> 
       <double>6288.2819550852955</double> 
      </void> 
     </object> 
    </void> 
    <void index="4"> 
     <object class="jmbench.tools.EvaluationMetrics"> 
      <void property="max"> 
       <double>26531.4672303278</double> 
      </void> 
      <void property="mean"> 
       <double>25055.21252461824</double> 
      </void> 
      <void property="median"> 
       <double>25153.809741097888</double> 
      </void> 
      <void property="min"> 
       <double>23251.08020118306</double> 
      </void> 
      <void property="rawResults"> 
       <object class="java.util.ArrayList"> 
        <void method="add"> 
         <double>23418.657903473006</double> 
        </void> 
        <void method="add"> 
         <double>24219.341362237643</double> 
        </void> 
        <void method="add"> 
         <double>24333.082583890613</double> 
        </void> 
        <void method="add"> 
         <double>24704.871857569215</double> 
        </void> 
        <void method="add"> 
         <double>24725.842989475925</double> 
        </void> 
        <void method="add"> 
         <double>24864.721482693258</double> 
        </void> 
        <void method="add"> 
         <double>24883.37904067911</double> 
        </void> 
        <void method="add"> 
         <double>25021.42420277945</double> 
        </void> 
        <void method="add"> 
         <double>25123.147077473524</double> 
        </void> 
        <void method="add"> 
         <double>25153.809741097888</double> 
        </void> 
        <void method="add"> 
         <double>25164.42370523391</double> 
        </void> 
        <void method="add"> 
         <double>25252.770371748175</double> 
        </void> 
        <void method="add"> 
         <double>25477.23779871598</double> 
        </void> 
        <void method="add"> 
         <double>25551.787991526242</double> 
        </void> 
        <void method="add"> 
         <double>25622.778559891278</double> 
        </void> 
        <void method="add"> 
         <double>25875.94214515626</double> 
        </void> 
        <void method="add"> 
         <double>25929.129110328242</double> 
        </void> 
        <void method="add"> 
         <double>26164.449958099784</double> 
        </void> 
        <void method="add"> 
         <double>26178.93696828001</double> 
        </void> 
        <void method="add"> 
         <double>26531.4672303278</double> 
        </void> 
        <void method="add"> 
         <double>23251.08020118306</double> 
        </void> 
        <void method="add"> 
         <double>23703.57681462305</double> 
        </void> 
        <void method="add"> 
         <double>25510.81885590746</double> 
        </void> 
        <void method="add"> 
         <double>25811.158347591518</double> 
        </void> 
        <void method="add"> 
         <double>23906.47681547353</double> 
        </void> 
       </object> 
      </void> 
      <void property="stdev"> 
       <double>855.5469565164781</double> 
      </void> 
     </object> 
    </void> 
    <void index="5"> 
     <object class="jmbench.tools.EvaluationMetrics"> 
      <void property="max"> 
       <double>5622.089514102731</double> 
      </void> 
      <void property="mean"> 
       <double>5394.369802040664</double> 
      </void> 
      <void property="median"> 
       <double>5410.722514114651</double> 
      </void> 
      <void property="min"> 
       <double>5103.713824534894</double> 
      </void> 
      <void property="rawResults"> 
       <object class="java.util.ArrayList"> 
        <void method="add"> 
         <double>5103.713824534894</double> 
        </void> 
        <void method="add"> 
         <double>5119.064298950076</double> 
        </void> 
        <void method="add"> 
         <double>5152.306505483575</double> 
        </void> 
        <void method="add"> 
         <double>5175.898958021956</double> 
        </void> 
        <void method="add"> 
         <double>5204.092953151608</double> 
        </void> 
        <void method="add"> 
         <double>5209.384746192921</double> 
        </void> 
        <void method="add"> 
         <double>5291.377808673219</double> 
        </void> 
        <void method="add"> 
         <double>5357.172774037166</double> 
        </void> 
        <void method="add"> 
         <double>5390.847601426774</double> 
        </void> 
        <void method="add"> 
         <double>5402.036470350335</double> 
        </void> 
        <void method="add"> 
         <double>5407.173208341127</double> 
        </void> 
        <void method="add"> 
         <double>5410.722514114651</double> 
        </void> 
        <void method="add"> 
         <double>5422.345432630084</double> 
        </void> 
        <void method="add"> 
         <double>5436.502814887742</double> 
        </void> 
        <void method="add"> 
         <double>5496.333352684205</double> 
        </void> 
        <void method="add"> 
         <double>5521.243545217279</double> 
        </void> 
        <void method="add"> 
         <double>5566.184049525239</double> 
        </void> 
        <void method="add"> 
         <double>5596.9586420799815</double> 
        </void> 
        <void method="add"> 
         <double>5603.132146928891</double> 
        </void> 
        <void method="add"> 
         <double>5603.539466910678</double> 
        </void> 
        <void method="add"> 
         <double>5423.133767721497</double> 
        </void> 
        <void method="add"> 
         <double>5622.089514102731</double> 
        </void> 
        <void method="add"> 
         <double>5545.782383161941</double> 
        </void> 
        <void method="add"> 
         <double>5332.838017235671</double> 
        </void> 
        <void method="add"> 
         <double>5465.370254652394</double> 
        </void> 
       </object> 
      </void> 
      <void property="stdev"> 
       <double>157.59446868202133</double> 
      </void> 
     </object> 
    </void> 
    <void index="6"> 
     <object class="jmbench.tools.EvaluationMetrics"> 
      <void property="max"> 
       <double>489.1773222918533</double> 
      </void> 
      <void property="mean"> 
       <double>475.6666051247947</double> 
      </void> 
      <void property="median"> 
       <double>478.1163890695586</double> 
      </void> 
      <void property="min"> 
       <double>448.8257839422238</double> 
      </void> 
      <void property="rawResults"> 
       <object class="java.util.ArrayList"> 
        <void method="add"> 
         <double>448.8257839422238</double> 
        </void> 
        <void method="add"> 
         <double>458.78036646656284</double> 
        </void> 
        <void method="add"> 
         <double>461.0883242701588</double> 
        </void> 
        <void method="add"> 
         <double>468.204940368957</double> 
        </void> 
        <void method="add"> 
         <double>469.88759984528235</double> 
        </void> 
        <void method="add"> 
         <double>472.9360356633323</double> 
        </void> 
        <void method="add"> 
         <double>473.53381353190446</double> 
        </void> 
        <void method="add"> 
         <double>475.2464420679525</double> 
        </void> 
        <void method="add"> 
         <double>475.3391491785487</double> 
        </void> 
        <void method="add"> 
         <double>477.77375112634195</double> 
        </void> 
        <void method="add"> 
         <double>478.1163890695586</double> 
        </void> 
        <void method="add"> 
         <double>479.3887659965556</double> 
        </void> 
        <void method="add"> 
         <double>479.6669927706746</double> 
        </void> 
        <void method="add"> 
         <double>479.6790175498247</double> 
        </void> 
        <void method="add"> 
         <double>480.6985958535981</double> 
        </void> 
        <void method="add"> 
         <double>481.28831027450013</double> 
        </void> 
        <void method="add"> 
         <double>481.33663140534713</double> 
        </void> 
        <void method="add"> 
         <double>481.66546683798873</double> 
        </void> 
        <void method="add"> 
         <double>484.0683918959365</double> 
        </void> 
        <void method="add"> 
         <double>489.1773222918533</double> 
        </void> 
        <void method="add"> 
         <double>480.18912763352404</double> 
        </void> 
        <void method="add"> 
         <double>486.0725703986392</double> 
        </void> 
        <void method="add"> 
         <double>477.4886656234361</double> 
        </void> 
        <void method="add"> 
         <double>479.30838367696094</double> 
        </void> 
        <void method="add"> 
         <double>471.9042903802077</double> 
        </void> 
       </object> 
      </void> 
      <void property="stdev"> 
       <double>8.748773168545513</double> 
      </void> 
     </object> 
    </void> 
    <void index="7"> 
     <object class="jmbench.tools.EvaluationMetrics"> 
      <void property="max"> 
       <double>47.767602971516446</double> 
      </void> 
      <void property="mean"> 
       <double>46.563558058749514</double> 
      </void> 
      <void property="median"> 
       <double>46.763577995218434</double> 
      </void> 
      <void property="min"> 
       <double>45.54444934598187</double> 
      </void> 
      <void property="rawResults"> 
       <object class="java.util.ArrayList"> 
        <void method="add"> 
         <double>45.54444934598187</double> 
        </void> 
        <void method="add"> 
         <double>45.62309973730276</double> 
        </void> 
        <void method="add"> 
         <double>45.922646687554355</double> 
        </void> 
        <void method="add"> 
         <double>45.946785750986244</double> 
        </void> 
        <void method="add"> 
         <double>45.97327954479624</double> 
        </void> 
        <void method="add"> 
         <double>46.059042626152035</double> 
        </void> 
        <void method="add"> 
         <double>46.15252021604021</double> 
        </void> 
        <void method="add"> 
         <double>46.218307758094014</double> 
        </void> 
        <void method="add"> 
         <double>46.27601615202643</double> 
        </void> 
        <void method="add"> 
         <double>46.44503824544931</double> 
        </void> 
        <void method="add"> 
         <double>46.763577995218434</double> 
        </void> 
        <void method="add"> 
         <double>46.81893043812239</double> 
        </void> 
        <void method="add"> 
         <double>46.94734164603062</double> 
        </void> 
        <void method="add"> 
         <double>46.97992380294172</double> 
        </void> 
        <void method="add"> 
         <double>46.98869019166371</double> 
        </void> 
        <void method="add"> 
         <double>47.034687103485005</double> 
        </void> 
        <void method="add"> 
         <double>47.065379718619</double> 
        </void> 
        <void method="add"> 
         <double>47.14320769955989</double> 
        </void> 
        <void method="add"> 
         <double>47.35348536668689</double> 
        </void> 
        <void method="add"> 
         <double>47.767602971516446</double> 
        </void> 
        <void method="add"> 
         <double>46.00385059631614</double> 
        </void> 
        <void method="add"> 
         <double>47.40713210296162</double> 
        </void> 
        <void method="add"> 
         <double>45.700042597041666</double> 
        </void> 
        <void method="add"> 
         <double>46.79407083070795</double> 
        </void> 
        <void method="add"> 
         <double>47.1598423434831</double> 
        </void> 
       </object> 
      </void> 
      <void property="stdev"> 
       <double>0.6122549290690102</double> 
      </void> 
     </object> 
    </void> 
    <void index="8"> 
     <object class="jmbench.tools.EvaluationMetrics"> 
      <void property="max"> 
       <double>4.406883561566489</double> 
      </void> 
      <void property="mean"> 
       <double>4.369092961316724</double> 
      </void> 
      <void property="median"> 
       <double>4.373362167668154</double> 
      </void> 
      <void property="min"> 
       <double>4.3114840058194375</double> 
      </void> 
      <void property="rawResults"> 
       <object class="java.util.ArrayList"> 
        <void method="add"> 
         <double>4.3190057042347565</double> 
        </void> 
        <void method="add"> 
         <double>4.335775544178845</double> 
        </void> 
        <void method="add"> 
         <double>4.343572462761235</double> 
        </void> 
        <void method="add"> 
         <double>4.350758699644009</double> 
        </void> 
        <void method="add"> 
         <double>4.352300641289863</double> 
        </void> 
        <void method="add"> 
         <double>4.357931789721354</double> 
        </void> 
        <void method="add"> 
         <double>4.361340332506587</double> 
        </void> 
        <void method="add"> 
         <double>4.367692165824867</double> 
        </void> 
        <void method="add"> 
         <double>4.369731507578107</double> 
        </void> 
        <void method="add"> 
         <double>4.373362167668154</double> 
        </void> 
        <void method="add"> 
         <double>4.3817979871241945</double> 
        </void> 
        <void method="add"> 
         <double>4.3842469961898525</double> 
        </void> 
        <void method="add"> 
         <double>4.385772747664991</double> 
        </void> 
        <void method="add"> 
         <double>4.386283401527738</double> 
        </void> 
        <void method="add"> 
         <double>4.388193645863943</double> 
        </void> 
        <void method="add"> 
         <double>4.388220544250062</double> 
        </void> 
        <void method="add"> 
         <double>4.398721882359986</double> 
        </void> 
        <void method="add"> 
         <double>4.400216105299171</double> 
        </void> 
        <void method="add"> 
         <double>4.404027657818399</double> 
        </void> 
        <void method="add"> 
         <double>4.406883561566489</double> 
        </void> 
        <void method="add"> 
         <double>4.354869358448311</double> 
        </void> 
        <void method="add"> 
         <double>4.376848915022704</double> 
        </void> 
        <void method="add"> 
         <double>4.3114840058194375</double> 
        </void> 
        <void method="add"> 
         <double>4.39513353302307</double> 
        </void> 
        <void method="add"> 
         <double>4.333152675531985</double> 
        </void> 
       </object> 
      </void> 
      <void property="stdev"> 
       <double>0.025950048755840102</double> 
      </void> 
     </object> 
    </void> 
    <void index="9"> 
     <object class="jmbench.tools.EvaluationMetrics"> 
      <void property="max"> 
       <double>0.197397909677023</double> 
      </void> 
      <void property="mean"> 
       <double>0.19156184954231725</double> 
      </void> 
      <void property="median"> 
       <double>0.1927779019301738</double> 
      </void> 
      <void property="min"> 
       <double>0.18134961809379907</double> 
      </void> 
      <void property="rawResults"> 
       <object class="java.util.ArrayList"> 
        <void method="add"> 
         <double>0.18134961809379907</double> 
        </void> 
        <void method="add"> 
         <double>0.1821813114379419</double> 
        </void> 
        <void method="add"> 
         <double>0.18369919885614241</double> 
        </void> 
        <void method="add"> 
         <double>0.18753035232667384</double> 
        </void> 
        <void method="add"> 
         <double>0.1881634087887858</double> 
        </void> 
        <void method="add"> 
         <double>0.18957943737992058</double> 
        </void> 
        <void method="add"> 
         <double>0.191091467292155</double> 
        </void> 
        <void method="add"> 
         <double>0.19209635015668788</double> 
        </void> 
        <void method="add"> 
         <double>0.19229989229123423</double> 
        </void> 
        <void method="add"> 
         <double>0.1927779019301738</double> 
        </void> 
        <void method="add"> 
         <double>0.19339929666450706</double> 
        </void> 
        <void method="add"> 
         <double>0.1937530278572785</double> 
        </void> 
        <void method="add"> 
         <double>0.19389563070373858</double> 
        </void> 
        <void method="add"> 
         <double>0.1945258310045654</double> 
        </void> 
        <void method="add"> 
         <double>0.1952670177349988</double> 
        </void> 
        <void method="add"> 
         <double>0.196058845017046</double> 
        </void> 
        <void method="add"> 
         <double>0.1962539433905873</double> 
        </void> 
        <void method="add"> 
         <double>0.19678407084488195</double> 
        </void> 
        <void method="add"> 
         <double>0.19689469427058112</double> 
        </void> 
        <void method="add"> 
         <double>0.197397909677023</double> 
        </void> 
        <void method="add"> 
         <double>0.18470761441274033</double> 
        </void> 
        <void method="add"> 
         <double>0.19138957187161393</double> 
        </void> 
        <void method="add"> 
         <double>0.19339514839222308</double> 
        </void> 
        <void method="add"> 
         <double>0.19170803161248956</double> 
        </void> 
        <void method="add"> 
         <double>0.19284666655014102</double> 
        </void> 
       </object> 
      </void> 
      <void property="stdev"> 
       <double>0.004510246747699032</double> 
      </void> 
     </object> 
    </void> 
    <void index="10"> 
     <object class="jmbench.tools.EvaluationMetrics"> 
      <void property="max"> 
       <double>0.017191567958045217</double> 
      </void> 
      <void property="mean"> 
       <double>0.017191567958045217</double> 
      </void> 
      <void property="median"> 
       <double>0.017191567958045217</double> 
      </void> 
      <void property="min"> 
       <double>0.017191567958045217</double> 
      </void> 
      <void property="rawResults"> 
       <object class="java.util.ArrayList"> 
        <void method="add"> 
         <double>0.017191567958045217</double> 
        </void> 
       </object> 
      </void> 
     </object> 
    </void> 
   </array> 
  </void> 
  <void property="opName"> 
   <string>SVD</string> 
  </void> 
 </object> 
</java> 
