<?xml version="1.0" encoding="UTF-8"?> 
<java version="1.6.0_16" class="java.beans.XMLDecoder"> 
 <object class="jmbench.tools.runtime.OperationResults"> 
  <void property="library"> 
   <object class="jmbench.impl.MatrixLibrary" method="valueOf"> 
    <string>JSCIENCE</string> 
   </object> 
  </void> 
  <void property="matDimen"> 
   <array class="int" length="12"> 
    <void index="0"> 
     <int>2</int> 
    </void> 
    <void index="1"> 
     <int>3</int> 
    </void> 
    <void index="2"> 
     <int>4</int> 
    </void> 
    <void index="3"> 
     <int>5</int> 
    </void> 
    <void index="4"> 
     <int>10</int> 
    </void> 
    <void index="5"> 
     <int>20</int> 
    </void> 
    <void index="6"> 
     <int>50</int> 
    </void> 
    <void index="7"> 
     <int>100</int> 
    </void> 
    <void index="8"> 
     <int>200</int> 
    </void> 
    <void index="9"> 
     <int>500</int> 
    </void> 
    <void index="10"> 
     <int>1000</int> 
    </void> 
    <void index="11"> 
     <int>2000</int> 
    </void> 
   </array> 
  </void> 
  <void property="metrics"> 
   <array class="jmbench.tools.EvaluationMetrics" length="12"> 
    <void index="0"> 
     <object class="jmbench.tools.EvaluationMetrics"> 
      <void property="max"> 
       <double>618480.9554234027</double> 
      </void> 
      <void property="mean"> 
       <double>542567.1182733541</double> 
      </void> 
      <void property="median"> 
       <double>531809.7433696904</double> 
      </void> 
      <void property="min"> 
       <double>477883.1106326913</double> 
      </void> 
      <void property="rawResults"> 
       <object class="java.util.ArrayList"> 
        <void method="add"> 
         <double>477883.1106326913</double> 
        </void> 
        <void method="add"> 
         <double>487201.6226218297</double> 
        </void> 
        <void method="add"> 
         <double>490383.69345039054</double> 
        </void> 
        <void method="add"> 
         <double>491274.46805249265</double> 
        </void> 
        <void method="add"> 
         <double>492409.51343972964</double> 
        </void> 
        <void method="add"> 
         <double>494340.3962732687</double> 
        </void> 
        <void method="add"> 
         <double>494869.9264749932</double> 
        </void> 
        <void method="add"> 
         <double>497183.9040963708</double> 
        </void> 
        <void method="add"> 
         <double>520737.92287427385</double> 
        </void> 
        <void method="add"> 
         <double>521576.7434605212</double> 
        </void> 
        <void method="add"> 
         <double>529169.1108813714</double> 
        </void> 
        <void method="add"> 
         <double>529697.6711392918</double> 
        </void> 
        <void method="add"> 
         <double>531809.7433696904</double> 
        </void> 
        <void method="add"> 
         <double>535289.8362812746</double> 
        </void> 
        <void method="add"> 
         <double>537107.0225354816</double> 
        </void> 
        <void method="add"> 
         <double>543165.8669924298</double> 
        </void> 
        <void method="add"> 
         <double>543471.6910509962</double> 
        </void> 
        <void method="add"> 
         <double>599993.5975649978</double> 
        </void> 
        <void method="add"> 
         <double>601921.4895776181</double> 
        </void> 
        <void method="add"> 
         <double>603145.2387126909</double> 
        </void> 
        <void method="add"> 
         <double>576554.2299406199</double> 
        </void> 
        <void method="add"> 
         <double>614790.9927158664</double> 
        </void> 
        <void method="add"> 
         <double>615626.9316969214</double> 
        </void> 
        <void method="add"> 
         <double>618480.9554234027</double> 
        </void> 
        <void method="add"> 
         <double>616092.2775746393</double> 
        </void> 
       </object> 
      </void> 
      <void property="stdev"> 
       <double>47585.72546132578</double> 
      </void> 
     </object> 
    </void> 
    <void index="1"> 
     <object class="jmbench.tools.EvaluationMetrics"> 
      <void property="max"> 
       <double>281903.8065055315</double> 
      </void> 
      <void property="mean"> 
       <double>269843.3860247904</double> 
      </void> 
      <void property="median"> 
       <double>268964.9158630204</double> 
      </void> 
      <void property="min"> 
       <double>252569.49355460305</double> 
      </void> 
      <void property="rawResults"> 
       <object class="java.util.ArrayList"> 
        <void method="add"> 
         <double>255929.46703317904</double> 
        </void> 
        <void method="add"> 
         <double>257511.70456818573</double> 
        </void> 
        <void method="add"> 
         <double>264782.69805369526</double> 
        </void> 
        <void method="add"> 
         <double>265248.788928088</double> 
        </void> 
        <void method="add"> 
         <double>265441.2642540425</double> 
        </void> 
        <void method="add"> 
         <double>266262.23659561394</double> 
        </void> 
        <void method="add"> 
         <double>267516.66210378567</double> 
        </void> 
        <void method="add"> 
         <double>267778.68152796134</double> 
        </void> 
        <void method="add"> 
         <double>268402.27554214996</double> 
        </void> 
        <void method="add"> 
         <double>270392.7199005462</double> 
        </void> 
        <void method="add"> 
         <double>270780.3293278969</double> 
        </void> 
        <void method="add"> 
         <double>271151.56658160477</double> 
        </void> 
        <void method="add"> 
         <double>271351.56756757176</double> 
        </void> 
        <void method="add"> 
         <double>271924.0339464962</double> 
        </void> 
        <void method="add"> 
         <double>280573.3106517738</double> 
        </void> 
        <void method="add"> 
         <double>281119.1377192768</double> 
        </void> 
        <void method="add"> 
         <double>281195.790329184</double> 
        </void> 
        <void method="add"> 
         <double>281538.9906058035</double> 
        </void> 
        <void method="add"> 
         <double>281572.9214228867</double> 
        </void> 
        <void method="add"> 
         <double>281903.8065055315</double> 
        </void> 
        <void method="add"> 
         <double>252569.49355460305</double> 
        </void> 
        <void method="add"> 
         <double>270068.4876781524</double> 
        </void> 
        <void method="add"> 
         <double>263236.4509244778</double> 
        </void> 
        <void method="add"> 
         <double>268867.34943423327</double> 
        </void> 
        <void method="add"> 
         <double>268964.9158630204</double> 
        </void> 
       </object> 
      </void> 
      <void property="stdev"> 
       <double>7951.421649883595</double> 
      </void> 
     </object> 
    </void> 
    <void index="2"> 
     <object class="jmbench.tools.EvaluationMetrics"> 
      <void property="max"> 
       <double>146683.7228614453</double> 
      </void> 
      <void property="mean"> 
       <double>139817.30707586237</double> 
      </void> 
      <void property="median"> 
       <double>139934.73175061677</double> 
      </void> 
      <void property="min"> 
       <double>133011.91502012548</double> 
      </void> 
      <void property="rawResults"> 
       <object class="java.util.ArrayList"> 
        <void method="add"> 
         <double>133011.91502012548</double> 
        </void> 
        <void method="add"> 
         <double>133896.07389547586</double> 
        </void> 
        <void method="add"> 
         <double>134560.64492906624</double> 
        </void> 
        <void method="add"> 
         <double>136365.29516608652</double> 
        </void> 
        <void method="add"> 
         <double>136911.38890388867</double> 
        </void> 
        <void method="add"> 
         <double>137567.7207823387</double> 
        </void> 
        <void method="add"> 
         <double>137827.47960262134</double> 
        </void> 
        <void method="add"> 
         <double>138020.3859224215</double> 
        </void> 
        <void method="add"> 
         <double>139189.5530691888</double> 
        </void> 
        <void method="add"> 
         <double>139315.80355251697</double> 
        </void> 
        <void method="add"> 
         <double>139751.25741931895</double> 
        </void> 
        <void method="add"> 
         <double>139934.73175061677</double> 
        </void> 
        <void method="add"> 
         <double>139949.84315826689</double> 
        </void> 
        <void method="add"> 
         <double>141057.60166065342</double> 
        </void> 
        <void method="add"> 
         <double>141484.88269602534</double> 
        </void> 
        <void method="add"> 
         <double>142933.43593429108</double> 
        </void> 
        <void method="add"> 
         <double>143921.75554833453</double> 
        </void> 
        <void method="add"> 
         <double>144212.33828743876</double> 
        </void> 
        <void method="add"> 
         <double>144653.13506695587</double> 
        </void> 
        <void method="add"> 
         <double>146683.7228614453</double> 
        </void> 
        <void method="add"> 
         <double>141171.23809144134</double> 
        </void> 
        <void method="add"> 
         <double>141019.7375854947</double> 
        </void> 
        <void method="add"> 
         <double>136282.32451740137</double> 
        </void> 
        <void method="add"> 
         <double>144246.23458662105</double> 
        </void> 
        <void method="add"> 
         <double>141464.17688852316</double> 
        </void> 
       </object> 
      </void> 
      <void property="stdev"> 
       <double>3470.5943251943036</double> 
      </void> 
     </object> 
    </void> 
    <void index="3"> 
     <object class="jmbench.tools.EvaluationMetrics"> 
      <void property="max"> 
       <double>83023.10120797192</double> 
      </void> 
      <void property="mean"> 
       <double>78350.96871787586</double> 
      </void> 
      <void property="median"> 
       <double>79244.80742195301</double> 
      </void> 
      <void property="min"> 
       <double>73839.13975186711</double> 
      </void> 
      <void property="rawResults"> 
       <object class="java.util.ArrayList"> 
        <void method="add"> 
         <double>76383.9962640962</double> 
        </void> 
        <void method="add"> 
         <double>76466.88350044546</double> 
        </void> 
        <void method="add"> 
         <double>77943.35115400812</double> 
        </void> 
        <void method="add"> 
         <double>78176.91435719033</double> 
        </void> 
        <void method="add"> 
         <double>78228.58533728594</double> 
        </void> 
        <void method="add"> 
         <double>78373.10966971875</double> 
        </void> 
        <void method="add"> 
         <double>79057.85570043031</double> 
        </void> 
        <void method="add"> 
         <double>79244.80742195301</double> 
        </void> 
        <void method="add"> 
         <double>79312.52028329698</double> 
        </void> 
        <void method="add"> 
         <double>79326.86657136142</double> 
        </void> 
        <void method="add"> 
         <double>79361.96322944883</double> 
        </void> 
        <void method="add"> 
         <double>79499.80193728219</double> 
        </void> 
        <void method="add"> 
         <double>79513.40831406943</double> 
        </void> 
        <void method="add"> 
         <double>79621.61663610146</double> 
        </void> 
        <void method="add"> 
         <double>79691.5472353287</double> 
        </void> 
        <void method="add"> 
         <double>79971.67068040406</double> 
        </void> 
        <void method="add"> 
         <double>80093.17634380484</double> 
        </void> 
        <void method="add"> 
         <double>80430.51195155883</double> 
        </void> 
        <void method="add"> 
         <double>81164.23197799234</double> 
        </void> 
        <void method="add"> 
         <double>83023.10120797192</double> 
        </void> 
        <void method="add"> 
         <double>76475.53201532022</double> 
        </void> 
        <void method="add"> 
         <double>74381.76677381447</double> 
        </void> 
        <void method="add"> 
         <double>73867.43826777018</double> 
        </void> 
        <void method="add"> 
         <double>73839.13975186711</double> 
        </void> 
        <void method="add"> 
         <double>75324.42136437514</double> 
        </void> 
       </object> 
      </void> 
      <void property="stdev"> 
       <double>2249.723130470429</double> 
      </void> 
     </object> 
    </void> 
    <void index="4"> 
     <object class="jmbench.tools.EvaluationMetrics"> 
      <void property="max"> 
       <double>11037.334664320428</double> 
      </void> 
      <void property="mean"> 
       <double>10722.139041623512</double> 
      </void> 
      <void property="median"> 
       <double>10799.891365038638</double> 
      </void> 
      <void property="min"> 
       <double>10370.105817566267</double> 
      </void> 
      <void property="rawResults"> 
       <object class="java.util.ArrayList"> 
        <void method="add"> 
         <double>10370.105817566267</double> 
        </void> 
        <void method="add"> 
         <double>10447.002630706673</double> 
        </void> 
        <void method="add"> 
         <double>10467.968356325027</double> 
        </void> 
        <void method="add"> 
         <double>10468.983630429539</double> 
        </void> 
        <void method="add"> 
         <double>10482.800034421663</double> 
        </void> 
        <void method="add"> 
         <double>10488.557230406934</double> 
        </void> 
        <void method="add"> 
         <double>10494.057991513682</double> 
        </void> 
        <void method="add"> 
         <double>10554.784191817878</double> 
        </void> 
        <void method="add"> 
         <double>10710.49691399165</double> 
        </void> 
        <void method="add"> 
         <double>10736.394287959582</double> 
        </void> 
        <void method="add"> 
         <double>10799.891365038638</double> 
        </void> 
        <void method="add"> 
         <double>10822.990952732627</double> 
        </void> 
        <void method="add"> 
         <double>10866.95950435874</double> 
        </void> 
        <void method="add"> 
         <double>10867.320627907187</double> 
        </void> 
        <void method="add"> 
         <double>10870.180568747473</double> 
        </void> 
        <void method="add"> 
         <double>10877.100236624065</double> 
        </void> 
        <void method="add"> 
         <double>10878.064122972166</double> 
        </void> 
        <void method="add"> 
         <double>11016.702817657964</double> 
        </void> 
        <void method="add"> 
         <double>11025.36477477423</double> 
        </void> 
        <void method="add"> 
         <double>11037.334664320428</double> 
        </void> 
        <void method="add"> 
         <double>10466.186871160546</double> 
        </void> 
        <void method="add"> 
         <double>10726.103334655068</double> 
        </void> 
        <void method="add"> 
         <double>10892.90772547388</double> 
        </void> 
        <void method="add"> 
         <double>10876.863936684544</double> 
        </void> 
        <void method="add"> 
         <double>10808.353452341385</double> 
        </void> 
       </object> 
      </void> 
      <void property="stdev"> 
       <double>205.24733785220502</double> 
      </void> 
     </object> 
    </void> 
    <void index="5"> 
     <object class="jmbench.tools.EvaluationMetrics"> 
      <void property="max"> 
       <double>1568.9008447485894</double> 
      </void> 
      <void property="mean"> 
       <double>1525.6802780887592</double> 
      </void> 
      <void property="median"> 
       <double>1525.6823556038569</double> 
      </void> 
      <void property="min"> 
       <double>1480.284482268273</double> 
      </void> 
      <void property="rawResults"> 
       <object class="java.util.ArrayList"> 
        <void method="add"> 
         <double>1494.166315975747</double> 
        </void> 
        <void method="add"> 
         <double>1515.4784092157643</double> 
        </void> 
        <void method="add"> 
         <double>1518.01511853386</double> 
        </void> 
        <void method="add"> 
         <double>1518.809501893863</double> 
        </void> 
        <void method="add"> 
         <double>1519.1991307190422</double> 
        </void> 
        <void method="add"> 
         <double>1522.066600699378</double> 
        </void> 
        <void method="add"> 
         <double>1523.808566974672</double> 
        </void> 
        <void method="add"> 
         <double>1525.6823556038569</double> 
        </void> 
        <void method="add"> 
         <double>1525.9397230367913</double> 
        </void> 
        <void method="add"> 
         <double>1528.2289781881555</double> 
        </void> 
        <void method="add"> 
         <double>1535.9686391403807</double> 
        </void> 
        <void method="add"> 
         <double>1537.1377143546881</double> 
        </void> 
        <void method="add"> 
         <double>1538.3499855970858</double> 
        </void> 
        <void method="add"> 
         <double>1538.8422041058232</double> 
        </void> 
        <void method="add"> 
         <double>1544.14160928035</double> 
        </void> 
        <void method="add"> 
         <double>1544.954494979982</double> 
        </void> 
        <void method="add"> 
         <double>1551.4280842127307</double> 
        </void> 
        <void method="add"> 
         <double>1559.2151927910618</double> 
        </void> 
        <void method="add"> 
         <double>1566.5718902395029</double> 
        </void> 
        <void method="add"> 
         <double>1568.9008447485894</double> 
        </void> 
        <void method="add"> 
         <double>1480.284482268273</double> 
        </void> 
        <void method="add"> 
         <double>1483.0074711488687</double> 
        </void> 
        <void method="add"> 
         <double>1498.979913010625</double> 
        </void> 
        <void method="add"> 
         <double>1496.5607765421646</double> 
        </void> 
        <void method="add"> 
         <double>1506.2689489577294</double> 
        </void> 
       </object> 
      </void> 
      <void property="stdev"> 
       <double>23.408186973526938</double> 
      </void> 
     </object> 
    </void> 
    <void index="6"> 
     <object class="jmbench.tools.EvaluationMetrics"> 
      <void property="max"> 
       <double>93.59697729898912</double> 
      </void> 
      <void property="mean"> 
       <double>92.03378376909089</double> 
      </void> 
      <void property="median"> 
       <double>92.1995475793497</double> 
      </void> 
      <void property="min"> 
       <double>89.77948329158683</double> 
      </void> 
      <void property="rawResults"> 
       <object class="java.util.ArrayList"> 
        <void method="add"> 
         <double>89.77948329158683</double> 
        </void> 
        <void method="add"> 
         <double>89.82275942565047</double> 
        </void> 
        <void method="add"> 
         <double>90.273273247495</double> 
        </void> 
        <void method="add"> 
         <double>90.7404549143961</double> 
        </void> 
        <void method="add"> 
         <double>91.63987320418339</double> 
        </void> 
        <void method="add"> 
         <double>91.69026198090793</double> 
        </void> 
        <void method="add"> 
         <double>91.70877138639378</double> 
        </void> 
        <void method="add"> 
         <double>92.11339404579219</double> 
        </void> 
        <void method="add"> 
         <double>92.13513532759666</double> 
        </void> 
        <void method="add"> 
         <double>92.1995475793497</double> 
        </void> 
        <void method="add"> 
         <double>92.21224421202619</double> 
        </void> 
        <void method="add"> 
         <double>92.22111721530537</double> 
        </void> 
        <void method="add"> 
         <double>92.26475530884099</double> 
        </void> 
        <void method="add"> 
         <double>92.41653168564946</double> 
        </void> 
        <void method="add"> 
         <double>92.49073246175813</double> 
        </void> 
        <void method="add"> 
         <double>92.70993763327189</double> 
        </void> 
        <void method="add"> 
         <double>92.72045395654095</double> 
        </void> 
        <void method="add"> 
         <double>93.03966292197856</double> 
        </void> 
        <void method="add"> 
         <double>93.5681984628327</double> 
        </void> 
        <void method="add"> 
         <double>93.59697729898912</double> 
        </void> 
        <void method="add"> 
         <double>92.42868203419404</double> 
        </void> 
        <void method="add"> 
         <double>92.82709686053072</double> 
        </void> 
        <void method="add"> 
         <double>92.19643044851462</double> 
        </void> 
        <void method="add"> 
         <double>92.18310467857776</double> 
        </void> 
        <void method="add"> 
         <double>91.8657146449097</double> 
        </void> 
       </object> 
      </void> 
      <void property="stdev"> 
       <double>0.9641962643241311</double> 
      </void> 
     </object> 
    </void> 
    <void index="7"> 
     <object class="jmbench.tools.EvaluationMetrics"> 
      <void property="max"> 
       <double>11.051241209071666</double> 
      </void> 
      <void property="mean"> 
       <double>10.819151728413049</double> 
      </void> 
      <void property="median"> 
       <double>10.831499851983615</double> 
      </void> 
      <void property="min"> 
       <double>10.46857894909386</double> 
      </void> 
      <void property="rawResults"> 
       <object class="java.util.ArrayList"> 
        <void method="add"> 
         <double>10.530016452913783</double> 
        </void> 
        <void method="add"> 
         <double>10.555126686187245</double> 
        </void> 
        <void method="add"> 
         <double>10.719829982508955</double> 
        </void> 
        <void method="add"> 
         <double>10.72319350943112</double> 
        </void> 
        <void method="add"> 
         <double>10.728049830082774</double> 
        </void> 
        <void method="add"> 
         <double>10.73402693156623</double> 
        </void> 
        <void method="add"> 
         <double>10.79119696100247</double> 
        </void> 
        <void method="add"> 
         <double>10.792177605733679</double> 
        </void> 
        <void method="add"> 
         <double>10.809601509438604</double> 
        </void> 
        <void method="add"> 
         <double>10.831499851983615</double> 
        </void> 
        <void method="add"> 
         <double>10.848968514987547</double> 
        </void> 
        <void method="add"> 
         <double>10.875964067206844</double> 
        </void> 
        <void method="add"> 
         <double>10.889034843972073</double> 
        </void> 
        <void method="add"> 
         <double>10.944108648717103</double> 
        </void> 
        <void method="add"> 
         <double>10.968952081315813</double> 
        </void> 
        <void method="add"> 
         <double>10.969597701251372</double> 
        </void> 
        <void method="add"> 
         <double>10.970279177039934</double> 
        </void> 
        <void method="add"> 
         <double>11.033802764610696</double> 
        </void> 
        <void method="add"> 
         <double>11.034919005453595</double> 
        </void> 
        <void method="add"> 
         <double>11.051241209071666</double> 
        </void> 
        <void method="add"> 
         <double>10.846323461111828</double> 
        </void> 
        <void method="add"> 
         <double>10.81719760321032</double> 
        </void> 
        <void method="add"> 
         <double>10.557826935693274</double> 
        </void> 
        <void method="add"> 
         <double>10.46857894909386</double> 
        </void> 
        <void method="add"> 
         <double>10.987278926741856</double> 
        </void> 
       </object> 
      </void> 
      <void property="stdev"> 
       <double>0.1611092644996963</double> 
      </void> 
     </object> 
    </void> 
    <void index="8"> 
     <object class="jmbench.tools.EvaluationMetrics"> 
      <void property="max"> 
       <double>0.9998596853576285</double> 
      </void> 
      <void property="mean"> 
       <double>0.9656466959635316</double> 
      </void> 
      <void property="median"> 
       <double>0.9672638425521862</double> 
      </void> 
      <void property="min"> 
       <double>0.9259303209513599</double> 
      </void> 
      <void property="rawResults"> 
       <object class="java.util.ArrayList"> 
        <void method="add"> 
         <double>0.9259303209513599</double> 
        </void> 
        <void method="add"> 
         <double>0.9322809316912826</double> 
        </void> 
        <void method="add"> 
         <double>0.9363886941903563</double> 
        </void> 
        <void method="add"> 
         <double>0.941489840349553</double> 
        </void> 
        <void method="add"> 
         <double>0.9424341126185718</double> 
        </void> 
        <void method="add"> 
         <double>0.9451753478057662</double> 
        </void> 
        <void method="add"> 
         <double>0.946915822002708</double> 
        </void> 
        <void method="add"> 
         <double>0.948361154728032</double> 
        </void> 
        <void method="add"> 
         <double>0.9543464898732413</double> 
        </void> 
        <void method="add"> 
         <double>0.9556820215875145</double> 
        </void> 
        <void method="add"> 
         <double>0.9591688898253887</double> 
        </void> 
        <void method="add"> 
         <double>0.9672638425521862</double> 
        </void> 
        <void method="add"> 
         <double>0.9690606779562652</double> 
        </void> 
        <void method="add"> 
         <double>0.9709701349258352</double> 
        </void> 
        <void method="add"> 
         <double>0.9724821835031991</double> 
        </void> 
        <void method="add"> 
         <double>0.9880084778715306</double> 
        </void> 
        <void method="add"> 
         <double>0.9933734310064006</double> 
        </void> 
        <void method="add"> 
         <double>0.9961058119853546</double> 
        </void> 
        <void method="add"> 
         <double>0.9998357369867704</double> 
        </void> 
        <void method="add"> 
         <double>0.9998596853576285</double> 
        </void> 
        <void method="add"> 
         <double>0.9611414765303145</double> 
        </void> 
        <void method="add"> 
         <double>0.9781591827946153</double> 
        </void> 
        <void method="add"> 
         <double>0.9891811144663233</double> 
        </void> 
        <void method="add"> 
         <double>0.984363226738956</double> 
        </void> 
        <void method="add"> 
         <double>0.9831887907891335</double> 
        </void> 
       </object> 
      </void> 
      <void property="stdev"> 
       <double>0.021927908466745406</double> 
      </void> 
     </object> 
    </void> 
    <void index="9"> 
     <object class="jmbench.tools.EvaluationMetrics"> 
      <void property="max"> 
       <double>0.016969671162838144</double> 
      </void> 
      <void property="mean"> 
       <double>0.016969671162838144</double> 
      </void> 
      <void property="median"> 
       <double>0.016969671162838144</double> 
      </void> 
      <void property="min"> 
       <double>0.016969671162838144</double> 
      </void> 
      <void property="rawResults"> 
       <object class="java.util.ArrayList"> 
        <void method="add"> 
         <double>0.016969671162838144</double> 
        </void> 
       </object> 
      </void> 
     </object> 
    </void> 
   </array> 
  </void> 
  <void property="opName"> 
   <string>Invert b=inv(a)</string> 
  </void> 
 </object> 
</java> 
