<?xml version="1.0" encoding="UTF-8"?> 
<java version="1.6.0_16" class="java.beans.XMLDecoder"> 
 <object class="jmbench.tools.runtime.OperationResults"> 
  <void property="library"> 
   <object class="jmbench.impl.MatrixLibrary" method="valueOf"> 
    <string>JSCIENCE</string> 
   </object> 
  </void> 
  <void property="matDimen"> 
   <array class="int" length="12"> 
    <void index="0"> 
     <int>2</int> 
    </void> 
    <void index="1"> 
     <int>3</int> 
    </void> 
    <void index="2"> 
     <int>4</int> 
    </void> 
    <void index="3"> 
     <int>5</int> 
    </void> 
    <void index="4"> 
     <int>10</int> 
    </void> 
    <void index="5"> 
     <int>20</int> 
    </void> 
    <void index="6"> 
     <int>50</int> 
    </void> 
    <void index="7"> 
     <int>100</int> 
    </void> 
    <void index="8"> 
     <int>200</int> 
    </void> 
    <void index="9"> 
     <int>500</int> 
    </void> 
    <void index="10"> 
     <int>1000</int> 
    </void> 
    <void index="11"> 
     <int>2000</int> 
    </void> 
   </array> 
  </void> 
  <void property="metrics"> 
   <array class="jmbench.tools.EvaluationMetrics" length="12"> 
    <void index="0"> 
     <object class="jmbench.tools.EvaluationMetrics"> 
      <void property="max"> 
       <double>1457345.9363739907</double> 
      </void> 
      <void property="mean"> 
       <double>1361027.57498937</double> 
      </void> 
      <void property="median"> 
       <double>1424597.5111910494</double> 
      </void> 
      <void property="min"> 
       <double>1177274.310744775</double> 
      </void> 
      <void property="rawResults"> 
       <object class="java.util.ArrayList"> 
        <void method="add"> 
         <double>1177274.310744775</double> 
        </void> 
        <void method="add"> 
         <double>1249784.1011247612</double> 
        </void> 
        <void method="add"> 
         <double>1250600.1282808196</double> 
        </void> 
        <void method="add"> 
         <double>1256436.9461313968</double> 
        </void> 
        <void method="add"> 
         <double>1265908.7741877495</double> 
        </void> 
        <void method="add"> 
         <double>1269032.0820580139</double> 
        </void> 
        <void method="add"> 
         <double>1270118.554790778</double> 
        </void> 
        <void method="add"> 
         <double>1271630.8250258062</double> 
        </void> 
        <void method="add"> 
         <double>1274054.735908744</double> 
        </void> 
        <void method="add"> 
         <double>1282734.1761215453</double> 
        </void> 
        <void method="add"> 
         <double>1323487.6580285642</double> 
        </void> 
        <void method="add"> 
         <double>1391705.3859444256</double> 
        </void> 
        <void method="add"> 
         <double>1424597.5111910494</double> 
        </void> 
        <void method="add"> 
         <double>1424788.855753976</double> 
        </void> 
        <void method="add"> 
         <double>1428085.2172812168</double> 
        </void> 
        <void method="add"> 
         <double>1432098.8985591228</double> 
        </void> 
        <void method="add"> 
         <double>1434829.3328880426</double> 
        </void> 
        <void method="add"> 
         <double>1439008.7043782186</double> 
        </void> 
        <void method="add"> 
         <double>1446890.3921287728</double> 
        </void> 
        <void method="add"> 
         <double>1447646.5088402415</double> 
        </void> 
        <void method="add"> 
         <double>1446698.7972773346</double> 
        </void> 
        <void method="add"> 
         <double>1453916.9430392967</double> 
        </void> 
        <void method="add"> 
         <double>1450622.3923588502</double> 
        </void> 
        <void method="add"> 
         <double>1457345.9363739907</double> 
        </void> 
        <void method="add"> 
         <double>1456392.2063167628</double> 
        </void> 
       </object> 
      </void> 
      <void property="stdev"> 
       <double>90666.34761696019</double> 
      </void> 
     </object> 
    </void> 
    <void index="1"> 
     <object class="jmbench.tools.EvaluationMetrics"> 
      <void property="max"> 
       <double>917969.0914898894</double> 
      </void> 
      <void property="mean"> 
       <double>896951.7109285963</double> 
      </void> 
      <void property="median"> 
       <double>902300.7212353483</double> 
      </void> 
      <void property="min"> 
       <double>837911.4507742132</double> 
      </void> 
      <void property="rawResults"> 
       <object class="java.util.ArrayList"> 
        <void method="add"> 
         <double>837911.4507742132</double> 
        </void> 
        <void method="add"> 
         <double>845071.4519748908</double> 
        </void> 
        <void method="add"> 
         <double>896204.9841758879</double> 
        </void> 
        <void method="add"> 
         <double>896493.1661922386</double> 
        </void> 
        <void method="add"> 
         <double>898761.9649849976</double> 
        </void> 
        <void method="add"> 
         <double>899015.4792299026</double> 
        </void> 
        <void method="add"> 
         <double>900402.1848171274</double> 
        </void> 
        <void method="add"> 
         <double>902300.7212353483</double> 
        </void> 
        <void method="add"> 
         <double>902869.8802076128</double> 
        </void> 
        <void method="add"> 
         <double>903272.6709302792</double> 
        </void> 
        <void method="add"> 
         <double>903609.5659378142</double> 
        </void> 
        <void method="add"> 
         <double>903943.5445228969</double> 
        </void> 
        <void method="add"> 
         <double>905746.3644694512</double> 
        </void> 
        <void method="add"> 
         <double>907018.5755654067</double> 
        </void> 
        <void method="add"> 
         <double>907464.8154775393</double> 
        </void> 
        <void method="add"> 
         <double>907601.5934896012</double> 
        </void> 
        <void method="add"> 
         <double>908199.7499453012</double> 
        </void> 
        <void method="add"> 
         <double>908941.1685810132</double> 
        </void> 
        <void method="add"> 
         <double>910928.3096357839</double> 
        </void> 
        <void method="add"> 
         <double>917969.0914898894</double> 
        </void> 
        <void method="add"> 
         <double>889152.7372004981</double> 
        </void> 
        <void method="add"> 
         <double>888387.5782922279</double> 
        </void> 
        <void method="add"> 
         <double>898828.8615022821</double> 
        </void> 
        <void method="add"> 
         <double>893071.9249582008</double> 
        </void> 
        <void method="add"> 
         <double>890624.9376245065</double> 
        </void> 
       </object> 
      </void> 
      <void property="stdev"> 
       <double>17773.096874925817</double> 
      </void> 
     </object> 
    </void> 
    <void index="2"> 
     <object class="jmbench.tools.EvaluationMetrics"> 
      <void property="max"> 
       <double>602871.035027898</double> 
      </void> 
      <void property="mean"> 
       <double>594596.5421945428</double> 
      </void> 
      <void property="median"> 
       <double>600385.52623569</double> 
      </void> 
      <void property="min"> 
       <double>550275.4957232334</double> 
      </void> 
      <void property="rawResults"> 
       <object class="java.util.ArrayList"> 
        <void method="add"> 
         <double>570463.9438307391</double> 
        </void> 
        <void method="add"> 
         <double>595873.6355787978</double> 
        </void> 
        <void method="add"> 
         <double>598851.172324361</double> 
        </void> 
        <void method="add"> 
         <double>599473.0347993615</double> 
        </void> 
        <void method="add"> 
         <double>599631.8210211258</double> 
        </void> 
        <void method="add"> 
         <double>599837.0626485056</double> 
        </void> 
        <void method="add"> 
         <double>600197.3101634422</double> 
        </void> 
        <void method="add"> 
         <double>600385.52623569</double> 
        </void> 
        <void method="add"> 
         <double>600634.2887720722</double> 
        </void> 
        <void method="add"> 
         <double>600903.1140478266</double> 
        </void> 
        <void method="add"> 
         <double>600976.5077418417</double> 
        </void> 
        <void method="add"> 
         <double>601205.4554079343</double> 
        </void> 
        <void method="add"> 
         <double>601342.7578818696</double> 
        </void> 
        <void method="add"> 
         <double>601352.6592156693</double> 
        </void> 
        <void method="add"> 
         <double>601666.7602075787</double> 
        </void> 
        <void method="add"> 
         <double>601813.5533211589</double> 
        </void> 
        <void method="add"> 
         <double>601989.23566226</double> 
        </void> 
        <void method="add"> 
         <double>602215.7088966231</double> 
        </void> 
        <void method="add"> 
         <double>602448.0451882009</double> 
        </void> 
        <void method="add"> 
         <double>602871.035027898</double> 
        </void> 
        <void method="add"> 
         <double>592351.2146773943</double> 
        </void> 
        <void method="add"> 
         <double>592990.5081165205</double> 
        </void> 
        <void method="add"> 
         <double>551235.3392172743</double> 
        </void> 
        <void method="add"> 
         <double>550275.4957232334</double> 
        </void> 
        <void method="add"> 
         <double>593928.3691561887</double> 
        </void> 
       </object> 
      </void> 
      <void property="stdev"> 
       <double>14412.307776108823</double> 
      </void> 
     </object> 
    </void> 
    <void index="3"> 
     <object class="jmbench.tools.EvaluationMetrics"> 
      <void property="max"> 
       <double>401870.62918643886</double> 
      </void> 
      <void property="mean"> 
       <double>395846.6179593658</double> 
      </void> 
      <void property="median"> 
       <double>398197.9999601767</double> 
      </void> 
      <void property="min"> 
       <double>368015.1594950239</double> 
      </void> 
      <void property="rawResults"> 
       <object class="java.util.ArrayList"> 
        <void method="add"> 
         <double>368015.1594950239</double> 
        </void> 
        <void method="add"> 
         <double>372372.4605256675</double> 
        </void> 
        <void method="add"> 
         <double>392675.7474081168</double> 
        </void> 
        <void method="add"> 
         <double>392866.7108839401</double> 
        </void> 
        <void method="add"> 
         <double>395397.3857076052</double> 
        </void> 
        <void method="add"> 
         <double>396352.4597554981</double> 
        </void> 
        <void method="add"> 
         <double>396756.52663439605</double> 
        </void> 
        <void method="add"> 
         <double>396902.8040337085</double> 
        </void> 
        <void method="add"> 
         <double>397880.5649497768</double> 
        </void> 
        <void method="add"> 
         <double>398004.837762667</double> 
        </void> 
        <void method="add"> 
         <double>398197.9999601767</double> 
        </void> 
        <void method="add"> 
         <double>398264.99928612437</double> 
        </void> 
        <void method="add"> 
         <double>398847.9895144417</double> 
        </void> 
        <void method="add"> 
         <double>399115.27448095026</double> 
        </void> 
        <void method="add"> 
         <double>399979.75868986937</double> 
        </void> 
        <void method="add"> 
         <double>400138.16217785544</double> 
        </void> 
        <void method="add"> 
         <double>400484.8952562205</double> 
        </void> 
        <void method="add"> 
         <double>401576.73234257265</double> 
        </void> 
        <void method="add"> 
         <double>401840.29123154253</double> 
        </void> 
        <void method="add"> 
         <double>401870.62918643886</double> 
        </void> 
        <void method="add"> 
         <double>398280.08578672924</double> 
        </void> 
        <void method="add"> 
         <double>398809.24984697753</double> 
        </void> 
        <void method="add"> 
         <double>397080.657383399</double> 
        </void> 
        <void method="add"> 
         <double>398223.11702039297</double> 
        </void> 
        <void method="add"> 
         <double>396230.9496640535</double> 
        </void> 
       </object> 
      </void> 
      <void property="stdev"> 
       <double>7926.927410904212</double> 
      </void> 
     </object> 
    </void> 
    <void index="4"> 
     <object class="jmbench.tools.EvaluationMetrics"> 
      <void property="max"> 
       <double>93212.84539079215</double> 
      </void> 
      <void property="mean"> 
       <double>90396.07901565553</double> 
      </void> 
      <void property="median"> 
       <double>92501.26958328443</double> 
      </void> 
      <void property="min"> 
       <double>85038.92362297101</double> 
      </void> 
      <void property="rawResults"> 
       <object class="java.util.ArrayList"> 
        <void method="add"> 
         <double>85038.92362297101</double> 
        </void> 
        <void method="add"> 
         <double>85406.23982794852</double> 
        </void> 
        <void method="add"> 
         <double>87609.86694867493</double> 
        </void> 
        <void method="add"> 
         <double>88249.91122132483</double> 
        </void> 
        <void method="add"> 
         <double>88386.35343811932</double> 
        </void> 
        <void method="add"> 
         <double>92259.75600687267</double> 
        </void> 
        <void method="add"> 
         <double>92314.7958446867</double> 
        </void> 
        <void method="add"> 
         <double>92501.26958328443</double> 
        </void> 
        <void method="add"> 
         <double>92558.08516494386</double> 
        </void> 
        <void method="add"> 
         <double>92572.11174824537</double> 
        </void> 
        <void method="add"> 
         <double>92585.81373748965</double> 
        </void> 
        <void method="add"> 
         <double>92671.23605527372</double> 
        </void> 
        <void method="add"> 
         <double>92701.25000953957</double> 
        </void> 
        <void method="add"> 
         <double>92828.82694890401</double> 
        </void> 
        <void method="add"> 
         <double>92863.3379733348</double> 
        </void> 
        <void method="add"> 
         <double>92869.52358516578</double> 
        </void> 
        <void method="add"> 
         <double>92890.43288672913</double> 
        </void> 
        <void method="add"> 
         <double>92950.68305070029</double> 
        </void> 
        <void method="add"> 
         <double>93110.2993725267</double> 
        </void> 
        <void method="add"> 
         <double>93212.84539079215</double> 
        </void> 
        <void method="add"> 
         <double>86767.6410276575</double> 
        </void> 
        <void method="add"> 
         <double>85180.16737959992</double> 
        </void> 
        <void method="add"> 
         <double>86746.6897708649</double> 
        </void> 
        <void method="add"> 
         <double>87441.11952795218</double> 
        </void> 
        <void method="add"> 
         <double>88184.79526778695</double> 
        </void> 
       </object> 
      </void> 
      <void property="stdev"> 
       <double>2964.9291279100808</double> 
      </void> 
     </object> 
    </void> 
    <void index="5"> 
     <object class="jmbench.tools.EvaluationMetrics"> 
      <void property="max"> 
       <double>26652.117015978583</double> 
      </void> 
      <void property="mean"> 
       <double>25134.12589134947</double> 
      </void> 
      <void property="median"> 
       <double>26512.885166607186</double> 
      </void> 
      <void property="min"> 
       <double>20226.380103953532</double> 
      </void> 
      <void property="rawResults"> 
       <object class="java.util.ArrayList"> 
        <void method="add"> 
         <double>20226.380103953532</double> 
        </void> 
        <void method="add"> 
         <double>20270.02901673944</double> 
        </void> 
        <void method="add"> 
         <double>20450.23484182139</double> 
        </void> 
        <void method="add"> 
         <double>20489.945994218255</double> 
        </void> 
        <void method="add"> 
         <double>20518.802515597614</double> 
        </void> 
        <void method="add"> 
         <double>24919.832304493946</double> 
        </void> 
        <void method="add"> 
         <double>26267.558763306533</double> 
        </void> 
        <void method="add"> 
         <double>26432.561142318078</double> 
        </void> 
        <void method="add"> 
         <double>26498.2336894391</double> 
        </void> 
        <void method="add"> 
         <double>26512.885166607186</double> 
        </void> 
        <void method="add"> 
         <double>26513.579348487496</double> 
        </void> 
        <void method="add"> 
         <double>26544.011284174037</double> 
        </void> 
        <void method="add"> 
         <double>26559.7474864118</double> 
        </void> 
        <void method="add"> 
         <double>26564.274757269188</double> 
        </void> 
        <void method="add"> 
         <double>26571.497410015803</double> 
        </void> 
        <void method="add"> 
         <double>26572.341994571645</double> 
        </void> 
        <void method="add"> 
         <double>26591.34034951519</double> 
        </void> 
        <void method="add"> 
         <double>26628.054148025083</double> 
        </void> 
        <void method="add"> 
         <double>26635.051206992724</double> 
        </void> 
        <void method="add"> 
         <double>26652.117015978583</double> 
        </void> 
        <void method="add"> 
         <double>26511.47312911684</double> 
        </void> 
        <void method="add"> 
         <double>24968.01421110745</double> 
        </void> 
        <void method="add"> 
         <double>25231.785249346154</double> 
        </void> 
        <void method="add"> 
         <double>26591.85668041457</double> 
        </void> 
        <void method="add"> 
         <double>26631.53947381522</double> 
        </void> 
       </object> 
      </void> 
      <void property="stdev"> 
       <double>2421.9732288682726</double> 
      </void> 
     </object> 
    </void> 
    <void index="6"> 
     <object class="jmbench.tools.EvaluationMetrics"> 
      <void property="max"> 
       <double>2404.7046792673486</double> 
      </void> 
      <void property="mean"> 
       <double>2279.4418277368463</double> 
      </void> 
      <void property="median"> 
       <double>2284.4562243819846</double> 
      </void> 
      <void property="min"> 
       <double>2140.9403978024593</double> 
      </void> 
      <void property="rawResults"> 
       <object class="java.util.ArrayList"> 
        <void method="add"> 
         <double>2140.9403978024593</double> 
        </void> 
        <void method="add"> 
         <double>2173.933663834091</double> 
        </void> 
        <void method="add"> 
         <double>2174.406141795651</double> 
        </void> 
        <void method="add"> 
         <double>2178.4196872500816</double> 
        </void> 
        <void method="add"> 
         <double>2204.78051301478</double> 
        </void> 
        <void method="add"> 
         <double>2207.4685571280247</double> 
        </void> 
        <void method="add"> 
         <double>2233.470331454766</double> 
        </void> 
        <void method="add"> 
         <double>2247.607179877782</double> 
        </void> 
        <void method="add"> 
         <double>2256.7348415454517</double> 
        </void> 
        <void method="add"> 
         <double>2298.330700121114</double> 
        </void> 
        <void method="add"> 
         <double>2306.336413711146</double> 
        </void> 
        <void method="add"> 
         <double>2327.1574140010725</double> 
        </void> 
        <void method="add"> 
         <double>2329.1536754904114</double> 
        </void> 
        <void method="add"> 
         <double>2331.1351990217754</double> 
        </void> 
        <void method="add"> 
         <double>2335.9146685915193</double> 
        </void> 
        <void method="add"> 
         <double>2346.950323202141</double> 
        </void> 
        <void method="add"> 
         <double>2349.6463683270895</double> 
        </void> 
        <void method="add"> 
         <double>2373.517063629988</double> 
        </void> 
        <void method="add"> 
         <double>2375.4817968542884</double> 
        </void> 
        <void method="add"> 
         <double>2404.7046792673486</double> 
        </void> 
        <void method="add"> 
         <double>2257.6266639240807</double> 
        </void> 
        <void method="add"> 
         <double>2284.4562243819846</double> 
        </void> 
        <void method="add"> 
         <double>2283.36302849617</double> 
        </void> 
        <void method="add"> 
         <double>2266.183759964715</double> 
        </void> 
        <void method="add"> 
         <double>2298.3264007332195</double> 
        </void> 
       </object> 
      </void> 
      <void property="stdev"> 
       <double>69.83939507206046</double> 
      </void> 
     </object> 
    </void> 
    <void index="7"> 
     <object class="jmbench.tools.EvaluationMetrics"> 
      <void property="max"> 
       <double>337.60592378307865</double> 
      </void> 
      <void property="mean"> 
       <double>323.4954808623527</double> 
      </void> 
      <void property="median"> 
       <double>328.60357066638153</double> 
      </void> 
      <void property="min"> 
       <double>301.58737588123495</double> 
      </void> 
      <void property="rawResults"> 
       <object class="java.util.ArrayList"> 
        <void method="add"> 
         <double>301.58737588123495</double> 
        </void> 
        <void method="add"> 
         <double>305.1730419471641</double> 
        </void> 
        <void method="add"> 
         <double>305.3268862543544</double> 
        </void> 
        <void method="add"> 
         <double>305.56167189106674</double> 
        </void> 
        <void method="add"> 
         <double>305.96107681929954</double> 
        </void> 
        <void method="add"> 
         <double>315.18333811098177</double> 
        </void> 
        <void method="add"> 
         <double>315.8931450626487</double> 
        </void> 
        <void method="add"> 
         <double>316.95103684564583</double> 
        </void> 
        <void method="add"> 
         <double>318.199477531144</double> 
        </void> 
        <void method="add"> 
         <double>320.49947882913733</double> 
        </void> 
        <void method="add"> 
         <double>324.6137726474039</double> 
        </void> 
        <void method="add"> 
         <double>328.2328056939346</double> 
        </void> 
        <void method="add"> 
         <double>328.60357066638153</double> 
        </void> 
        <void method="add"> 
         <double>329.41698528946347</double> 
        </void> 
        <void method="add"> 
         <double>332.4426972755036</double> 
        </void> 
        <void method="add"> 
         <double>332.5065540098657</double> 
        </void> 
        <void method="add"> 
         <double>335.17733601807055</double> 
        </void> 
        <void method="add"> 
         <double>335.2695515099938</double> 
        </void> 
        <void method="add"> 
         <double>336.78695455102167</double> 
        </void> 
        <void method="add"> 
         <double>337.60592378307865</double> 
        </void> 
        <void method="add"> 
         <double>330.4074041784452</double> 
        </void> 
        <void method="add"> 
         <double>332.83711647491526</double> 
        </void> 
        <void method="add"> 
         <double>328.60450140918937</double> 
        </void> 
        <void method="add"> 
         <double>331.00789733043314</double> 
        </void> 
        <void method="add"> 
         <double>333.5374215484416</double> 
        </void> 
       </object> 
      </void> 
      <void property="stdev"> 
       <double>11.30836175794989</double> 
      </void> 
     </object> 
    </void> 
    <void index="8"> 
     <object class="jmbench.tools.EvaluationMetrics"> 
      <void property="max"> 
       <double>35.07188249740948</double> 
      </void> 
      <void property="mean"> 
       <double>33.205301079378174</double> 
      </void> 
      <void property="median"> 
       <double>33.447074592171234</double> 
      </void> 
      <void property="min"> 
       <double>30.48781717464679</double> 
      </void> 
      <void property="rawResults"> 
       <object class="java.util.ArrayList"> 
        <void method="add"> 
         <double>30.48781717464679</double> 
        </void> 
        <void method="add"> 
         <double>31.444891227510464</double> 
        </void> 
        <void method="add"> 
         <double>31.824306445281156</double> 
        </void> 
        <void method="add"> 
         <double>31.998438517572062</double> 
        </void> 
        <void method="add"> 
         <double>32.27721505636219</double> 
        </void> 
        <void method="add"> 
         <double>32.996005452091694</double> 
        </void> 
        <void method="add"> 
         <double>33.049123230065454</double> 
        </void> 
        <void method="add"> 
         <double>33.435303731964716</double> 
        </void> 
        <void method="add"> 
         <double>33.447074592171234</double> 
        </void> 
        <void method="add"> 
         <double>33.5041469292707</double> 
        </void> 
        <void method="add"> 
         <double>33.596778541442966</double> 
        </void> 
        <void method="add"> 
         <double>33.59690246045499</double> 
        </void> 
        <void method="add"> 
         <double>33.62544442733253</double> 
        </void> 
        <void method="add"> 
         <double>33.653114198612336</double> 
        </void> 
        <void method="add"> 
         <double>33.84130399397978</double> 
        </void> 
        <void method="add"> 
         <double>33.98016938835269</double> 
        </void> 
        <void method="add"> 
         <double>34.04462619533803</double> 
        </void> 
        <void method="add"> 
         <double>34.2391728105492</double> 
        </void> 
        <void method="add"> 
         <double>34.44352378989396</double> 
        </void> 
        <void method="add"> 
         <double>35.07188249740948</double> 
        </void> 
        <void method="add"> 
         <double>32.95159246276306</double> 
        </void> 
        <void method="add"> 
         <double>33.20814785159951</double> 
        </void> 
        <void method="add"> 
         <double>32.55205740400896</double> 
        </void> 
        <void method="add"> 
         <double>33.22113336228725</double> 
        </void> 
        <void method="add"> 
         <double>33.642355243493036</double> 
        </void> 
       </object> 
      </void> 
      <void property="stdev"> 
       <double>0.9826344752698144</double> 
      </void> 
     </object> 
    </void> 
    <void index="9"> 
     <object class="jmbench.tools.EvaluationMetrics"> 
      <void property="max"> 
       <double>2.7944117836583637</double> 
      </void> 
      <void property="mean"> 
       <double>2.6456131271818135</double> 
      </void> 
      <void property="median"> 
       <double>2.671026554424797</double> 
      </void> 
      <void property="min"> 
       <double>2.475081281537797</double> 
      </void> 
      <void property="rawResults"> 
       <object class="java.util.ArrayList"> 
        <void method="add"> 
         <double>2.5786949758001594</double> 
        </void> 
        <void method="add"> 
         <double>2.5890771809940203</double> 
        </void> 
        <void method="add"> 
         <double>2.5947236421230206</double> 
        </void> 
        <void method="add"> 
         <double>2.5971020401800633</double> 
        </void> 
        <void method="add"> 
         <double>2.603583564803113</double> 
        </void> 
        <void method="add"> 
         <double>2.60960605238938</double> 
        </void> 
        <void method="add"> 
         <double>2.6434021804141654</double> 
        </void> 
        <void method="add"> 
         <double>2.671026554424797</double> 
        </void> 
        <void method="add"> 
         <double>2.671574103697708</double> 
        </void> 
        <void method="add"> 
         <double>2.675653559084931</double> 
        </void> 
        <void method="add"> 
         <double>2.677986212867045</double> 
        </void> 
        <void method="add"> 
         <double>2.6787323892955954</double> 
        </void> 
        <void method="add"> 
         <double>2.681196878099796</double> 
        </void> 
        <void method="add"> 
         <double>2.686739237396078</double> 
        </void> 
        <void method="add"> 
         <double>2.704879016680761</double> 
        </void> 
        <void method="add"> 
         <double>2.71002532133237</double> 
        </void> 
        <void method="add"> 
         <double>2.7203619132734307</double> 
        </void> 
        <void method="add"> 
         <double>2.7525728067114055</double> 
        </void> 
        <void method="add"> 
         <double>2.790174790471847</double> 
        </void> 
        <void method="add"> 
         <double>2.7944117836583637</double> 
        </void> 
        <void method="add"> 
         <double>2.577342478149948</double> 
        </void> 
        <void method="add"> 
         <double>2.563950618800796</double> 
        </void> 
        <void method="add"> 
         <double>2.475081281537797</double> 
        </void> 
        <void method="add"> 
         <double>2.585089562344085</double> 
        </void> 
        <void method="add"> 
         <double>2.5073400350146713</double> 
        </void> 
       </object> 
      </void> 
      <void property="stdev"> 
       <double>0.07846822442781283</double> 
      </void> 
     </object> 
    </void> 
    <void index="10"> 
     <object class="jmbench.tools.EvaluationMetrics"> 
      <void property="max"> 
       <double>0.3267683720066664</double> 
      </void> 
      <void property="mean"> 
       <double>0.3125175238466375</double> 
      </void> 
      <void property="median"> 
       <double>0.3124798878179204</double> 
      </void> 
      <void property="min"> 
       <double>0.2885001222737086</double> 
      </void> 
      <void property="rawResults"> 
       <object class="java.util.ArrayList"> 
        <void method="add"> 
         <double>0.2885001222737086</double> 
        </void> 
        <void method="add"> 
         <double>0.2931051953344324</double> 
        </void> 
        <void method="add"> 
         <double>0.29358193420151796</double> 
        </void> 
        <void method="add"> 
         <double>0.29702194740376103</double> 
        </void> 
        <void method="add"> 
         <double>0.2987473155806023</double> 
        </void> 
        <void method="add"> 
         <double>0.3068693264594997</double> 
        </void> 
        <void method="add"> 
         <double>0.308502245596021</double> 
        </void> 
        <void method="add"> 
         <double>0.3088688533042284</double> 
        </void> 
        <void method="add"> 
         <double>0.31086667047223426</double> 
        </void> 
        <void method="add"> 
         <double>0.31211694326467576</double> 
        </void> 
        <void method="add"> 
         <double>0.3123004659622264</double> 
        </void> 
        <void method="add"> 
         <double>0.31299723591859263</double> 
        </void> 
        <void method="add"> 
         <double>0.31692601129420794</double> 
        </void> 
        <void method="add"> 
         <double>0.31950023456365323</double> 
        </void> 
        <void method="add"> 
         <double>0.3208996840067438</double> 
        </void> 
        <void method="add"> 
         <double>0.323745275659249</double> 
        </void> 
        <void method="add"> 
         <double>0.32490152100876346</double> 
        </void> 
        <void method="add"> 
         <double>0.32621529334124894</double> 
        </void> 
        <void method="add"> 
         <double>0.3265694082640601</double> 
        </void> 
        <void method="add"> 
         <double>0.3267683720066664</double> 
        </void> 
        <void method="add"> 
         <double>0.3192482158105526</double> 
        </void> 
        <void method="add"> 
         <double>0.3124798878179204</double> 
        </void> 
        <void method="add"> 
         <double>0.31948405870168656</double> 
        </void> 
        <void method="add"> 
         <double>0.3205128462976681</double> 
        </void> 
        <void method="add"> 
         <double>0.3122090316220178</double> 
        </void> 
       </object> 
      </void> 
      <void property="stdev"> 
       <double>0.010900219424191561</double> 
      </void> 
     </object> 
    </void> 
    <void index="11"> 
     <object class="jmbench.tools.EvaluationMetrics"> 
      <void property="max"> 
       <double>0.0446070044740978</double> 
      </void> 
      <void property="mean"> 
       <double>0.04445123218299127</double> 
      </void> 
      <void property="median"> 
       <double>0.04458906008157319</double> 
      </void> 
      <void property="min"> 
       <double>0.04415763199330281</double> 
      </void> 
      <void property="rawResults"> 
       <object class="java.util.ArrayList"> 
        <void method="add"> 
         <double>0.04458906008157319</double> 
        </void> 
        <void method="add"> 
         <double>0.04415763199330281</double> 
        </void> 
        <void method="add"> 
         <double>0.0446070044740978</double> 
        </void> 
       </object> 
      </void> 
      <void property="stdev"> 
       <double>2.0773589618325948E-4</double> 
      </void> 
     </object> 
    </void> 
   </array> 
  </void> 
  <void property="opName"> 
   <string>Mult c=a^t * b</string> 
  </void> 
 </object> 
</java> 
