<?xml version="1.0" encoding="UTF-8"?> 
<java version="1.6.0_16" class="java.beans.XMLDecoder"> 
 <object class="jmbench.tools.runtime.OperationResults"> 
  <void property="library"> 
   <object class="jmbench.impl.MatrixLibrary" method="valueOf"> 
    <string>JSCIENCE</string> 
   </object> 
  </void> 
  <void property="matDimen"> 
   <array class="int" length="12"> 
    <void index="0"> 
     <int>2</int> 
    </void> 
    <void index="1"> 
     <int>3</int> 
    </void> 
    <void index="2"> 
     <int>4</int> 
    </void> 
    <void index="3"> 
     <int>5</int> 
    </void> 
    <void index="4"> 
     <int>10</int> 
    </void> 
    <void index="5"> 
     <int>20</int> 
    </void> 
    <void index="6"> 
     <int>50</int> 
    </void> 
    <void index="7"> 
     <int>100</int> 
    </void> 
    <void index="8"> 
     <int>200</int> 
    </void> 
    <void index="9"> 
     <int>500</int> 
    </void> 
    <void index="10"> 
     <int>1000</int> 
    </void> 
    <void index="11"> 
     <int>2000</int> 
    </void> 
   </array> 
  </void> 
  <void property="metrics"> 
   <array class="jmbench.tools.EvaluationMetrics" length="12"> 
    <void index="0"> 
     <object class="jmbench.tools.EvaluationMetrics"> 
      <void property="max"> 
       <double>452565.2511557002</double> 
      </void> 
      <void property="mean"> 
       <double>424313.14646891906</double> 
      </void> 
      <void property="median"> 
       <double>428051.1966295023</double> 
      </void> 
      <void property="min"> 
       <double>367925.6013355654</double> 
      </void> 
      <void property="rawResults"> 
       <object class="java.util.ArrayList"> 
        <void method="add"> 
         <double>367925.6013355654</double> 
        </void> 
        <void method="add"> 
         <double>375349.5022242848</double> 
        </void> 
        <void method="add"> 
         <double>396535.2987881179</double> 
        </void> 
        <void method="add"> 
         <double>398734.0519145464</double> 
        </void> 
        <void method="add"> 
         <double>401809.389025543</double> 
        </void> 
        <void method="add"> 
         <double>406551.35018554877</double> 
        </void> 
        <void method="add"> 
         <double>409184.1265454838</double> 
        </void> 
        <void method="add"> 
         <double>409918.83425486466</double> 
        </void> 
        <void method="add"> 
         <double>420442.4894911181</double> 
        </void> 
        <void method="add"> 
         <double>427150.23363609926</double> 
        </void> 
        <void method="add"> 
         <double>428051.1966295023</double> 
        </void> 
        <void method="add"> 
         <double>428994.89690725977</double> 
        </void> 
        <void method="add"> 
         <double>430203.3948413829</double> 
        </void> 
        <void method="add"> 
         <double>438544.54965580296</double> 
        </void> 
        <void method="add"> 
         <double>438606.5777878704</double> 
        </void> 
        <void method="add"> 
         <double>447400.9681768663</double> 
        </void> 
        <void method="add"> 
         <double>447726.7411078142</double> 
        </void> 
        <void method="add"> 
         <double>448691.5422697342</double> 
        </void> 
        <void method="add"> 
         <double>449032.66756576305</double> 
        </void> 
        <void method="add"> 
         <double>451067.03471232794</double> 
        </void> 
        <void method="add"> 
         <double>427862.48636060517</double> 
        </void> 
        <void method="add"> 
         <double>439450.7766660342</double> 
        </void> 
        <void method="add"> 
         <double>424288.16819302255</double> 
        </void> 
        <void method="add"> 
         <double>441741.5322921171</double> 
        </void> 
        <void method="add"> 
         <double>452565.2511557002</double> 
        </void> 
       </object> 
      </void> 
      <void property="stdev"> 
       <double>22897.494341787693</double> 
      </void> 
     </object> 
    </void> 
    <void index="1"> 
     <object class="jmbench.tools.EvaluationMetrics"> 
      <void property="max"> 
       <double>177786.3573399098</double> 
      </void> 
      <void property="mean"> 
       <double>171172.8177075228</double> 
      </void> 
      <void property="median"> 
       <double>172338.85610452344</double> 
      </void> 
      <void property="min"> 
       <double>159013.8428762697</double> 
      </void> 
      <void property="rawResults"> 
       <object class="java.util.ArrayList"> 
        <void method="add"> 
         <double>159013.8428762697</double> 
        </void> 
        <void method="add"> 
         <double>161777.3752031363</double> 
        </void> 
        <void method="add"> 
         <double>161998.14043053612</double> 
        </void> 
        <void method="add"> 
         <double>163701.89166680147</double> 
        </void> 
        <void method="add"> 
         <double>164106.52663611903</double> 
        </void> 
        <void method="add"> 
         <double>167888.7107234236</double> 
        </void> 
        <void method="add"> 
         <double>171598.068176917</double> 
        </void> 
        <void method="add"> 
         <double>171811.26368728644</double> 
        </void> 
        <void method="add"> 
         <double>172338.85610452344</double> 
        </void> 
        <void method="add"> 
         <double>172988.904222878</double> 
        </void> 
        <void method="add"> 
         <double>173631.9987622052</double> 
        </void> 
        <void method="add"> 
         <double>173674.75883768164</double> 
        </void> 
        <void method="add"> 
         <double>176576.43104081973</double> 
        </void> 
        <void method="add"> 
         <double>176790.07008408033</double> 
        </void> 
        <void method="add"> 
         <double>177037.4805786656</double> 
        </void> 
        <void method="add"> 
         <double>177065.51048055475</double> 
        </void> 
        <void method="add"> 
         <double>177184.96340142094</double> 
        </void> 
        <void method="add"> 
         <double>177254.54067473026</double> 
        </void> 
        <void method="add"> 
         <double>177545.50719606061</double> 
        </void> 
        <void method="add"> 
         <double>177786.3573399098</double> 
        </void> 
        <void method="add"> 
         <double>164936.15894720829</double> 
        </void> 
        <void method="add"> 
         <double>173956.24022564458</double> 
        </void> 
        <void method="add"> 
         <double>170621.03086271355</double> 
        </void> 
        <void method="add"> 
         <double>170149.95093017607</double> 
        </void> 
        <void method="add"> 
         <double>167885.86359830768</double> 
        </void> 
       </object> 
      </void> 
      <void property="stdev"> 
       <double>5658.720554023847</double> 
      </void> 
     </object> 
    </void> 
    <void index="2"> 
     <object class="jmbench.tools.EvaluationMetrics"> 
      <void property="max"> 
       <double>81964.97140890169</double> 
      </void> 
      <void property="mean"> 
       <double>77896.6655695711</double> 
      </void> 
      <void property="median"> 
       <double>78328.25899379552</double> 
      </void> 
      <void property="min"> 
       <double>73371.98758624801</double> 
      </void> 
      <void property="rawResults"> 
       <object class="java.util.ArrayList"> 
        <void method="add"> 
         <double>73371.98758624801</double> 
        </void> 
        <void method="add"> 
         <double>73554.29743106985</double> 
        </void> 
        <void method="add"> 
         <double>74170.9289970656</double> 
        </void> 
        <void method="add"> 
         <double>74978.81161264188</double> 
        </void> 
        <void method="add"> 
         <double>75253.68107625766</double> 
        </void> 
        <void method="add"> 
         <double>76155.90330845164</double> 
        </void> 
        <void method="add"> 
         <double>76465.70417651275</double> 
        </void> 
        <void method="add"> 
         <double>76671.47995896639</double> 
        </void> 
        <void method="add"> 
         <double>76838.32536580178</double> 
        </void> 
        <void method="add"> 
         <double>77075.68618852667</double> 
        </void> 
        <void method="add"> 
         <double>77381.21519153929</double> 
        </void> 
        <void method="add"> 
         <double>77442.5232443827</double> 
        </void> 
        <void method="add"> 
         <double>78328.25899379552</double> 
        </void> 
        <void method="add"> 
         <double>79245.97830193792</double> 
        </void> 
        <void method="add"> 
         <double>79486.79086769614</double> 
        </void> 
        <void method="add"> 
         <double>79664.57022222679</double> 
        </void> 
        <void method="add"> 
         <double>79707.91237377696</double> 
        </void> 
        <void method="add"> 
         <double>80024.21516634202</double> 
        </void> 
        <void method="add"> 
         <double>80716.62492117236</double> 
        </void> 
        <void method="add"> 
         <double>81964.97140890169</double> 
        </void> 
        <void method="add"> 
         <double>79398.70023579997</double> 
        </void> 
        <void method="add"> 
         <double>80558.15908465233</double> 
        </void> 
        <void method="add"> 
         <double>79273.01889068283</double> 
        </void> 
        <void method="add"> 
         <double>80239.00247992264</double> 
        </void> 
        <void method="add"> 
         <double>79447.89215490608</double> 
        </void> 
       </object> 
      </void> 
      <void property="stdev"> 
       <double>2337.967934785853</double> 
      </void> 
     </object> 
    </void> 
    <void index="3"> 
     <object class="jmbench.tools.EvaluationMetrics"> 
      <void property="max"> 
       <double>44023.73423762166</double> 
      </void> 
      <void property="mean"> 
       <double>42811.358095639756</double> 
      </void> 
      <void property="median"> 
       <double>42921.111940607276</double> 
      </void> 
      <void property="min"> 
       <double>40807.2291606541</double> 
      </void> 
      <void property="rawResults"> 
       <object class="java.util.ArrayList"> 
        <void method="add"> 
         <double>42768.41584153657</double> 
        </void> 
        <void method="add"> 
         <double>42836.80411014767</double> 
        </void> 
        <void method="add"> 
         <double>42848.985056925325</double> 
        </void> 
        <void method="add"> 
         <double>42852.12080964442</double> 
        </void> 
        <void method="add"> 
         <double>42860.63923663608</double> 
        </void> 
        <void method="add"> 
         <double>42862.46367688431</double> 
        </void> 
        <void method="add"> 
         <double>42865.15130918166</double> 
        </void> 
        <void method="add"> 
         <double>42921.111940607276</double> 
        </void> 
        <void method="add"> 
         <double>42953.48338850244</double> 
        </void> 
        <void method="add"> 
         <double>43021.48104384584</double> 
        </void> 
        <void method="add"> 
         <double>43073.25213978187</double> 
        </void> 
        <void method="add"> 
         <double>43088.42490906767</double> 
        </void> 
        <void method="add"> 
         <double>43158.26288631437</double> 
        </void> 
        <void method="add"> 
         <double>43219.58542343261</double> 
        </void> 
        <void method="add"> 
         <double>43267.042868576755</double> 
        </void> 
        <void method="add"> 
         <double>43430.528405539335</double> 
        </void> 
        <void method="add"> 
         <double>43586.691570700474</double> 
        </void> 
        <void method="add"> 
         <double>43621.280809345626</double> 
        </void> 
        <void method="add"> 
         <double>43795.43972654223</double> 
        </void> 
        <void method="add"> 
         <double>44023.73423762166</double> 
        </void> 
        <void method="add"> 
         <double>41945.47574872041</double> 
        </void> 
        <void method="add"> 
         <double>41639.63363921759</double> 
        </void> 
        <void method="add"> 
         <double>41204.4061065932</double> 
        </void> 
        <void method="add"> 
         <double>40807.2291606541</double> 
        </void> 
        <void method="add"> 
         <double>41632.30834497462</double> 
        </void> 
       </object> 
      </void> 
      <void property="stdev"> 
       <double>772.5369450565155</double> 
      </void> 
     </object> 
    </void> 
    <void index="4"> 
     <object class="jmbench.tools.EvaluationMetrics"> 
      <void property="max"> 
       <double>6018.307936054799</double> 
      </void> 
      <void property="mean"> 
       <double>5855.415807086426</double> 
      </void> 
      <void property="median"> 
       <double>5902.637647073433</double> 
      </void> 
      <void property="min"> 
       <double>5536.805008340162</double> 
      </void> 
      <void property="rawResults"> 
       <object class="java.util.ArrayList"> 
        <void method="add"> 
         <double>5536.805008340162</double> 
        </void> 
        <void method="add"> 
         <double>5676.4166110645465</double> 
        </void> 
        <void method="add"> 
         <double>5727.566170495872</double> 
        </void> 
        <void method="add"> 
         <double>5744.729989215333</double> 
        </void> 
        <void method="add"> 
         <double>5749.363968479815</double> 
        </void> 
        <void method="add"> 
         <double>5768.72066368869</double> 
        </void> 
        <void method="add"> 
         <double>5807.922800574482</double> 
        </void> 
        <void method="add"> 
         <double>5822.143208168882</double> 
        </void> 
        <void method="add"> 
         <double>5863.049934275211</double> 
        </void> 
        <void method="add"> 
         <double>5868.732166958342</double> 
        </void> 
        <void method="add"> 
         <double>5875.194636489057</double> 
        </void> 
        <void method="add"> 
         <double>5902.637647073433</double> 
        </void> 
        <void method="add"> 
         <double>5908.470324768197</double> 
        </void> 
        <void method="add"> 
         <double>5912.896480173567</double> 
        </void> 
        <void method="add"> 
         <double>5912.9050118694</double> 
        </void> 
        <void method="add"> 
         <double>5920.746809892087</double> 
        </void> 
        <void method="add"> 
         <double>5927.485455212855</double> 
        </void> 
        <void method="add"> 
         <double>5934.531372458594</double> 
        </void> 
        <void method="add"> 
         <double>5935.1945909288415</double> 
        </void> 
        <void method="add"> 
         <double>5936.483520117778</double> 
        </void> 
        <void method="add"> 
         <double>5929.748525022197</double> 
        </void> 
        <void method="add"> 
         <double>5969.137421512587</double> 
        </void> 
        <void method="add"> 
         <double>6018.307936054799</double> 
        </void> 
        <void method="add"> 
         <double>5930.731670118878</double> 
        </void> 
        <void method="add"> 
         <double>5805.473254207068</double> 
        </void> 
       </object> 
      </void> 
      <void property="stdev"> 
       <double>105.522181581935</double> 
      </void> 
     </object> 
    </void> 
    <void index="5"> 
     <object class="jmbench.tools.EvaluationMetrics"> 
      <void property="max"> 
       <double>754.5115548107708</double> 
      </void> 
      <void property="mean"> 
       <double>742.9541374534159</double> 
      </void> 
      <void property="median"> 
       <double>748.0715232243929</double> 
      </void> 
      <void property="min"> 
       <double>713.6340887085207</double> 
      </void> 
      <void property="rawResults"> 
       <object class="java.util.ArrayList"> 
        <void method="add"> 
         <double>713.6340887085207</double> 
        </void> 
        <void method="add"> 
         <double>716.63110367242</double> 
        </void> 
        <void method="add"> 
         <double>718.6447466323469</double> 
        </void> 
        <void method="add"> 
         <double>718.8417413056593</double> 
        </void> 
        <void method="add"> 
         <double>721.3826737290042</double> 
        </void> 
        <void method="add"> 
         <double>740.5209892671733</double> 
        </void> 
        <void method="add"> 
         <double>745.8720323129155</double> 
        </void> 
        <void method="add"> 
         <double>746.1874181012084</double> 
        </void> 
        <void method="add"> 
         <double>747.0671529986282</double> 
        </void> 
        <void method="add"> 
         <double>747.1515125553793</double> 
        </void> 
        <void method="add"> 
         <double>747.5319566086946</double> 
        </void> 
        <void method="add"> 
         <double>747.9599833722565</double> 
        </void> 
        <void method="add"> 
         <double>748.0715232243929</double> 
        </void> 
        <void method="add"> 
         <double>748.8067316349134</double> 
        </void> 
        <void method="add"> 
         <double>749.7916072394027</double> 
        </void> 
        <void method="add"> 
         <double>750.2290501879484</double> 
        </void> 
        <void method="add"> 
         <double>751.0398923383981</double> 
        </void> 
        <void method="add"> 
         <double>751.7976524735221</double> 
        </void> 
        <void method="add"> 
         <double>752.1801488463465</double> 
        </void> 
        <void method="add"> 
         <double>753.8173941858079</double> 
        </void> 
        <void method="add"> 
         <double>749.4508431032708</double> 
        </void> 
        <void method="add"> 
         <double>751.7128420524226</double> 
        </void> 
        <void method="add"> 
         <double>751.0324331501979</double> 
        </void> 
        <void method="add"> 
         <double>749.9863638237966</double> 
        </void> 
        <void method="add"> 
         <double>754.5115548107708</double> 
        </void> 
       </object> 
      </void> 
      <void property="stdev"> 
       <double>12.91468538738956</double> 
      </void> 
     </object> 
    </void> 
    <void index="6"> 
     <object class="jmbench.tools.EvaluationMetrics"> 
      <void property="max"> 
       <double>42.35668698646744</double> 
      </void> 
      <void property="mean"> 
       <double>40.77606554201725</double> 
      </void> 
      <void property="median"> 
       <double>40.694688568008125</double> 
      </void> 
      <void property="min"> 
       <double>39.173790403994325</double> 
      </void> 
      <void property="rawResults"> 
       <object class="java.util.ArrayList"> 
        <void method="add"> 
         <double>39.173790403994325</double> 
        </void> 
        <void method="add"> 
         <double>39.60438734689154</double> 
        </void> 
        <void method="add"> 
         <double>39.70825920594411</double> 
        </void> 
        <void method="add"> 
         <double>39.901497540060845</double> 
        </void> 
        <void method="add"> 
         <double>40.15736821666159</double> 
        </void> 
        <void method="add"> 
         <double>40.1771099980539</double> 
        </void> 
        <void method="add"> 
         <double>40.20092746461582</double> 
        </void> 
        <void method="add"> 
         <double>40.23416916902528</double> 
        </void> 
        <void method="add"> 
         <double>40.27195724472361</double> 
        </void> 
        <void method="add"> 
         <double>40.279480822152564</double> 
        </void> 
        <void method="add"> 
         <double>40.300146216657446</double> 
        </void> 
        <void method="add"> 
         <double>40.5391399359705</double> 
        </void> 
        <void method="add"> 
         <double>40.694688568008125</double> 
        </void> 
        <void method="add"> 
         <double>40.729303582028514</double> 
        </void> 
        <void method="add"> 
         <double>40.77843583254027</double> 
        </void> 
        <void method="add"> 
         <double>41.90094850941448</double> 
        </void> 
        <void method="add"> 
         <double>42.03015523912963</double> 
        </void> 
        <void method="add"> 
         <double>42.093030958263704</double> 
        </void> 
        <void method="add"> 
         <double>42.10263235231672</double> 
        </void> 
        <void method="add"> 
         <double>42.35668698646744</double> 
        </void> 
        <void method="add"> 
         <double>41.37135000128597</double> 
        </void> 
        <void method="add"> 
         <double>41.40169873428784</double> 
        </void> 
        <void method="add"> 
         <double>41.00531934452282</double> 
        </void> 
        <void method="add"> 
         <double>41.19383573634828</double> 
        </void> 
        <void method="add"> 
         <double>41.19531914106594</double> 
        </void> 
       </object> 
      </void> 
      <void property="stdev"> 
       <double>0.8481184143838939</double> 
      </void> 
     </object> 
    </void> 
    <void index="7"> 
     <object class="jmbench.tools.EvaluationMetrics"> 
      <void property="max"> 
       <double>4.143115837780778</double> 
      </void> 
      <void property="mean"> 
       <double>3.9882123966884104</double> 
      </void> 
      <void property="median"> 
       <double>3.9851269813970407</double> 
      </void> 
      <void property="min"> 
       <double>3.8350118363070274</double> 
      </void> 
      <void property="rawResults"> 
       <object class="java.util.ArrayList"> 
        <void method="add"> 
         <double>3.8350118363070274</double> 
        </void> 
        <void method="add"> 
         <double>3.84655953982962</double> 
        </void> 
        <void method="add"> 
         <double>3.8875665349318314</double> 
        </void> 
        <void method="add"> 
         <double>3.9158000185183</double> 
        </void> 
        <void method="add"> 
         <double>3.946784157581553</double> 
        </void> 
        <void method="add"> 
         <double>3.9507386233273776</double> 
        </void> 
        <void method="add"> 
         <double>3.9532357884018974</double> 
        </void> 
        <void method="add"> 
         <double>3.970656116726013</double> 
        </void> 
        <void method="add"> 
         <double>3.977811897827647</double> 
        </void> 
        <void method="add"> 
         <double>3.9847990648069764</double> 
        </void> 
        <void method="add"> 
         <double>3.9851269813970407</double> 
        </void> 
        <void method="add"> 
         <double>4.0167794790285285</double> 
        </void> 
        <void method="add"> 
         <double>4.017447159684242</double> 
        </void> 
        <void method="add"> 
         <double>4.030632382893591</double> 
        </void> 
        <void method="add"> 
         <double>4.0472038770939625</double> 
        </void> 
        <void method="add"> 
         <double>4.048600313142635</double> 
        </void> 
        <void method="add"> 
         <double>4.051091065414354</double> 
        </void> 
        <void method="add"> 
         <double>4.061044630744916</double> 
        </void> 
        <void method="add"> 
         <double>4.069149887400597</double> 
        </void> 
        <void method="add"> 
         <double>4.143115837780778</double> 
        </void> 
        <void method="add"> 
         <double>4.020953929441525</double> 
        </void> 
        <void method="add"> 
         <double>4.067764778292542</double> 
        </void> 
        <void method="add"> 
         <double>4.008619714002855</double> 
        </void> 
        <void method="add"> 
         <double>3.9038235343765098</double> 
        </void> 
        <void method="add"> 
         <double>3.9649927682579507</double> 
        </void> 
       </object> 
      </void> 
      <void property="stdev"> 
       <double>0.07199149653020488</double> 
      </void> 
     </object> 
    </void> 
    <void index="8"> 
     <object class="jmbench.tools.EvaluationMetrics"> 
      <void property="max"> 
       <double>0.3405998883312612</double> 
      </void> 
      <void property="mean"> 
       <double>0.3150678471549767</double> 
      </void> 
      <void property="median"> 
       <double>0.3154605241676486</double> 
      </void> 
      <void property="min"> 
       <double>0.28794394576318705</double> 
      </void> 
      <void property="rawResults"> 
       <object class="java.util.ArrayList"> 
        <void method="add"> 
         <double>0.28794394576318705</double> 
        </void> 
        <void method="add"> 
         <double>0.28834490438943744</double> 
        </void> 
        <void method="add"> 
         <double>0.29667893062899475</double> 
        </void> 
        <void method="add"> 
         <double>0.3001461428077369</double> 
        </void> 
        <void method="add"> 
         <double>0.3021770509110672</double> 
        </void> 
        <void method="add"> 
         <double>0.30735920918265536</double> 
        </void> 
        <void method="add"> 
         <double>0.3104931194748012</double> 
        </void> 
        <void method="add"> 
         <double>0.31060763820343285</double> 
        </void> 
        <void method="add"> 
         <double>0.3111017855931199</double> 
        </void> 
        <void method="add"> 
         <double>0.31224396609510513</double> 
        </void> 
        <void method="add"> 
         <double>0.316113894153073</double> 
        </void> 
        <void method="add"> 
         <double>0.3165235600557958</double> 
        </void> 
        <void method="add"> 
         <double>0.31683438668790564</double> 
        </void> 
        <void method="add"> 
         <double>0.31770037690797226</double> 
        </void> 
        <void method="add"> 
         <double>0.3218535835225946</double> 
        </void> 
        <void method="add"> 
         <double>0.3257841833959109</double> 
        </void> 
        <void method="add"> 
         <double>0.3274131328287176</double> 
        </void> 
        <void method="add"> 
         <double>0.3319674837179124</double> 
        </void> 
        <void method="add"> 
         <double>0.3347478695950977</double> 
        </void> 
        <void method="add"> 
         <double>0.3405998883312612</double> 
        </void> 
        <void method="add"> 
         <double>0.30779107263874544</double> 
        </void> 
        <void method="add"> 
         <double>0.3127204897379744</double> 
        </void> 
        <void method="add"> 
         <double>0.33770280075580617</double> 
        </void> 
        <void method="add"> 
         <double>0.3263862393284629</double> 
        </void> 
        <void method="add"> 
         <double>0.3154605241676486</double> 
        </void> 
       </object> 
      </void> 
      <void property="stdev"> 
       <double>0.013639879487127483</double> 
      </void> 
     </object> 
    </void> 
   </array> 
  </void> 
  <void property="opName"> 
   <string>Solve m=n</string> 
  </void> 
 </object> 
</java> 
