<?xml version="1.0" encoding="UTF-8"?> 
<java version="1.6.0_16" class="java.beans.XMLDecoder"> 
 <object class="jmbench.tools.runtime.OperationResults"> 
  <void property="library"> 
   <object class="jmbench.impl.MatrixLibrary" method="valueOf"> 
    <string>EJML</string> 
   </object> 
  </void> 
  <void property="matDimen"> 
   <array class="int" length="12"> 
    <void index="0"> 
     <int>2</int> 
    </void> 
    <void index="1"> 
     <int>3</int> 
    </void> 
    <void index="2"> 
     <int>4</int> 
    </void> 
    <void index="3"> 
     <int>5</int> 
    </void> 
    <void index="4"> 
     <int>10</int> 
    </void> 
    <void index="5"> 
     <int>20</int> 
    </void> 
    <void index="6"> 
     <int>50</int> 
    </void> 
    <void index="7"> 
     <int>100</int> 
    </void> 
    <void index="8"> 
     <int>200</int> 
    </void> 
    <void index="9"> 
     <int>500</int> 
    </void> 
    <void index="10"> 
     <int>1000</int> 
    </void> 
    <void index="11"> 
     <int>2000</int> 
    </void> 
   </array> 
  </void> 
  <void property="metrics"> 
   <array class="jmbench.tools.EvaluationMetrics" length="12"> 
    <void index="0"> 
     <object class="jmbench.tools.EvaluationMetrics"> 
      <void property="max"> 
       <double>8.01572117352692E7</double> 
      </void> 
      <void property="mean"> 
       <double>7.59139165231701E7</double> 
      </void> 
      <void property="median"> 
       <double>8.003610215001386E7</double> 
      </void> 
      <void property="min"> 
       <double>5.8962231969441734E7</double> 
      </void> 
      <void property="rawResults"> 
       <object class="java.util.ArrayList"> 
        <void method="add"> 
         <double>5.8962231969441734E7</double> 
        </void> 
        <void method="add"> 
         <double>5.937159220138306E7</double> 
        </void> 
        <void method="add"> 
         <double>5.9441697537435986E7</double> 
        </void> 
        <void method="add"> 
         <double>5.9490953380253024E7</double> 
        </void> 
        <void method="add"> 
         <double>7.991430440686238E7</double> 
        </void> 
        <void method="add"> 
         <double>7.99638788492064E7</double> 
        </void> 
        <void method="add"> 
         <double>7.996563743869326E7</double> 
        </void> 
        <void method="add"> 
         <double>8.001140037590428E7</double> 
        </void> 
        <void method="add"> 
         <double>8.002131724887143E7</double> 
        </void> 
        <void method="add"> 
         <double>8.003610215001386E7</double> 
        </void> 
        <void method="add"> 
         <double>8.00555094992203E7</double> 
        </void> 
        <void method="add"> 
         <double>8.006275962910062E7</double> 
        </void> 
        <void method="add"> 
         <double>8.006663438550644E7</double> 
        </void> 
        <void method="add"> 
         <double>8.008548099741171E7</double> 
        </void> 
        <void method="add"> 
         <double>8.009930681768629E7</double> 
        </void> 
        <void method="add"> 
         <double>8.010308920253016E7</double> 
        </void> 
        <void method="add"> 
         <double>8.010546982658753E7</double> 
        </void> 
        <void method="add"> 
         <double>8.015287799011363E7</double> 
        </void> 
        <void method="add"> 
         <double>8.015621518162252E7</double> 
        </void> 
        <void method="add"> 
         <double>8.01572117352692E7</double> 
        </void> 
        <void method="add"> 
         <double>7.998849908282511E7</double> 
        </void> 
        <void method="add"> 
         <double>7.995916980344135E7</double> 
        </void> 
        <void method="add"> 
         <double>8.01097174683078E7</double> 
        </void> 
        <void method="add"> 
         <double>5.945419340139417E7</double> 
        </void> 
        <void method="add"> 
         <double>8.011266250016999E7</double> 
        </void> 
       </object> 
      </void> 
      <void property="stdev"> 
       <double>8285585.115320592</double> 
      </void> 
     </object> 
    </void> 
    <void index="1"> 
     <object class="jmbench.tools.EvaluationMetrics"> 
      <void property="max"> 
       <double>5.458827206823104E7</double> 
      </void> 
      <void property="mean"> 
       <double>5.294112021599577E7</double> 
      </void> 
      <void property="median"> 
       <double>5.306449035964976E7</double> 
      </void> 
      <void property="min"> 
       <double>5.103588711175182E7</double> 
      </void> 
      <void property="rawResults"> 
       <object class="java.util.ArrayList"> 
        <void method="add"> 
         <double>5.20815127389872E7</double> 
        </void> 
        <void method="add"> 
         <double>5.251393797893912E7</double> 
        </void> 
        <void method="add"> 
         <double>5.26844052421336E7</double> 
        </void> 
        <void method="add"> 
         <double>5.274435095207332E7</double> 
        </void> 
        <void method="add"> 
         <double>5.277638325224674E7</double> 
        </void> 
        <void method="add"> 
         <double>5.283986500279229E7</double> 
        </void> 
        <void method="add"> 
         <double>5.296674423453732E7</double> 
        </void> 
        <void method="add"> 
         <double>5.306449035964976E7</double> 
        </void> 
        <void method="add"> 
         <double>5.316759694073564E7</double> 
        </void> 
        <void method="add"> 
         <double>5.326828308187158E7</double> 
        </void> 
        <void method="add"> 
         <double>5.327547495319501E7</double> 
        </void> 
        <void method="add"> 
         <double>5.3312519045081206E7</double> 
        </void> 
        <void method="add"> 
         <double>5.340353542505545E7</double> 
        </void> 
        <void method="add"> 
         <double>5.342490509374251E7</double> 
        </void> 
        <void method="add"> 
         <double>5.352974007989553E7</double> 
        </void> 
        <void method="add"> 
         <double>5.3667452324965626E7</double> 
        </void> 
        <void method="add"> 
         <double>5.3833100390051246E7</double> 
        </void> 
        <void method="add"> 
         <double>5.39106494051058E7</double> 
        </void> 
        <void method="add"> 
         <double>5.450770754229447E7</double> 
        </void> 
        <void method="add"> 
         <double>5.458827206823104E7</double> 
        </void> 
        <void method="add"> 
         <double>5.1568305346896715E7</double> 
        </void> 
        <void method="add"> 
         <double>5.103588711175182E7</double> 
        </void> 
        <void method="add"> 
         <double>5.186505243989171E7</double> 
        </void> 
        <void method="add"> 
         <double>5.1453135687527694E7</double> 
        </void> 
        <void method="add"> 
         <double>5.2044698702241845E7</double> 
        </void> 
       </object> 
      </void> 
      <void property="stdev"> 
       <double>880961.0332533694</double> 
      </void> 
     </object> 
    </void> 
    <void index="2"> 
     <object class="jmbench.tools.EvaluationMetrics"> 
      <void property="max"> 
       <double>4.1219030269505195E7</double> 
      </void> 
      <void property="mean"> 
       <double>4.108601603813532E7</double> 
      </void> 
      <void property="median"> 
       <double>4.113986563257019E7</double> 
      </void> 
      <void property="min"> 
       <double>4.044256066583986E7</double> 
      </void> 
      <void property="rawResults"> 
       <object class="java.util.ArrayList"> 
        <void method="add"> 
         <double>4.044256066583986E7</double> 
        </void> 
        <void method="add"> 
         <double>4.065549427480574E7</double> 
        </void> 
        <void method="add"> 
         <double>4.099561684397826E7</double> 
        </void> 
        <void method="add"> 
         <double>4.108597886704402E7</double> 
        </void> 
        <void method="add"> 
         <double>4.108722405251065E7</double> 
        </void> 
        <void method="add"> 
         <double>4.109063402162978E7</double> 
        </void> 
        <void method="add"> 
         <double>4.1097692722671054E7</double> 
        </void> 
        <void method="add"> 
         <double>4.110526770978268E7</double> 
        </void> 
        <void method="add"> 
         <double>4.112048265059787E7</double> 
        </void> 
        <void method="add"> 
         <double>4.112627279165327E7</double> 
        </void> 
        <void method="add"> 
         <double>4.113986563257019E7</double> 
        </void> 
        <void method="add"> 
         <double>4.114298616589717E7</double> 
        </void> 
        <void method="add"> 
         <double>4.11486371937236E7</double> 
        </void> 
        <void method="add"> 
         <double>4.1150839662852384E7</double> 
        </void> 
        <void method="add"> 
         <double>4.1151513786542214E7</double> 
        </void> 
        <void method="add"> 
         <double>4.115912020541396E7</double> 
        </void> 
        <void method="add"> 
         <double>4.1162012357078865E7</double> 
        </void> 
        <void method="add"> 
         <double>4.1164105582530886E7</double> 
        </void> 
        <void method="add"> 
         <double>4.1166586562040545E7</double> 
        </void> 
        <void method="add"> 
         <double>4.1219030269505195E7</double> 
        </void> 
        <void method="add"> 
         <double>4.10908568023876E7</double> 
        </void> 
        <void method="add"> 
         <double>4.115119868983805E7</double> 
        </void> 
        <void method="add"> 
         <double>4.1120696311700225E7</double> 
        </void> 
        <void method="add"> 
         <double>4.1199829050990716E7</double> 
        </void> 
        <void method="add"> 
         <double>4.1175898079798244E7</double> 
        </void> 
       </object> 
      </void> 
      <void property="stdev"> 
       <double>167016.42066712392</double> 
      </void> 
     </object> 
    </void> 
    <void index="3"> 
     <object class="jmbench.tools.EvaluationMetrics"> 
      <void property="max"> 
       <double>3.3211961238514114E7</double> 
      </void> 
      <void property="mean"> 
       <double>3.3100573994170465E7</double> 
      </void> 
      <void property="median"> 
       <double>3.3160891371237457E7</double> 
      </void> 
      <void property="min"> 
       <double>3.245793389613438E7</double> 
      </void> 
      <void property="rawResults"> 
       <object class="java.util.ArrayList"> 
        <void method="add"> 
         <double>3.245793389613438E7</double> 
        </void> 
        <void method="add"> 
         <double>3.2564643743683074E7</double> 
        </void> 
        <void method="add"> 
         <double>3.2998025951500274E7</double> 
        </void> 
        <void method="add"> 
         <double>3.3025887827903584E7</double> 
        </void> 
        <void method="add"> 
         <double>3.3118710729934208E7</double> 
        </void> 
        <void method="add"> 
         <double>3.3124892571939517E7</double> 
        </void> 
        <void method="add"> 
         <double>3.3132048011018697E7</double> 
        </void> 
        <void method="add"> 
         <double>3.3151503851566818E7</double> 
        </void> 
        <void method="add"> 
         <double>3.315470367901982E7</double> 
        </void> 
        <void method="add"> 
         <double>3.31569041837263E7</double> 
        </void> 
        <void method="add"> 
         <double>3.316028015672142E7</double> 
        </void> 
        <void method="add"> 
         <double>3.316030667062079E7</double> 
        </void> 
        <void method="add"> 
         <double>3.3162925531411577E7</double> 
        </void> 
        <void method="add"> 
         <double>3.3164382466959212E7</double> 
        </void> 
        <void method="add"> 
         <double>3.3166793632926237E7</double> 
        </void> 
        <void method="add"> 
         <double>3.3171446896912366E7</double> 
        </void> 
        <void method="add"> 
         <double>3.3177294514313716E7</double> 
        </void> 
        <void method="add"> 
         <double>3.3178164445429467E7</double> 
        </void> 
        <void method="add"> 
         <double>3.3182397024309903E7</double> 
        </void> 
        <void method="add"> 
         <double>3.3211961238514114E7</double> 
        </void> 
        <void method="add"> 
         <double>3.3171481481451966E7</double> 
        </void> 
        <void method="add"> 
         <double>3.3160891371237457E7</double> 
        </void> 
        <void method="add"> 
         <double>3.320004889994087E7</double> 
        </void> 
        <void method="add"> 
         <double>3.3180976010912336E7</double> 
        </void> 
        <void method="add"> 
         <double>3.3179745066173673E7</double> 
        </void> 
       </object> 
      </void> 
      <void property="stdev"> 
       <double>180411.96503119942</double> 
      </void> 
     </object> 
    </void> 
    <void index="4"> 
     <object class="jmbench.tools.EvaluationMetrics"> 
      <void property="max"> 
       <double>1.0127676216583703E7</double> 
      </void> 
      <void property="mean"> 
       <double>1.0088991316901946E7</double> 
      </void> 
      <void property="median"> 
       <double>1.0091260846729008E7</double> 
      </void> 
      <void property="min"> 
       <double>9981184.311802056</double> 
      </void> 
      <void property="rawResults"> 
       <object class="java.util.ArrayList"> 
        <void method="add"> 
         <double>9981184.311802056</double> 
        </void> 
        <void method="add"> 
         <double>1.00473895798794E7</double> 
        </void> 
        <void method="add"> 
         <double>1.0055005589521673E7</double> 
        </void> 
        <void method="add"> 
         <double>1.0056329660371564E7</double> 
        </void> 
        <void method="add"> 
         <double>1.0075846288222177E7</double> 
        </void> 
        <void method="add"> 
         <double>1.0085020657375284E7</double> 
        </void> 
        <void method="add"> 
         <double>1.0088081746317672E7</double> 
        </void> 
        <void method="add"> 
         <double>1.0088930705722922E7</double> 
        </void> 
        <void method="add"> 
         <double>1.0091087337097954E7</double> 
        </void> 
        <void method="add"> 
         <double>1.0091260846729008E7</double> 
        </void> 
        <void method="add"> 
         <double>1.0096939312350094E7</double> 
        </void> 
        <void method="add"> 
         <double>1.0107172408199884E7</double> 
        </void> 
        <void method="add"> 
         <double>1.0107481705506869E7</double> 
        </void> 
        <void method="add"> 
         <double>1.0116208465614444E7</double> 
        </void> 
        <void method="add"> 
         <double>1.0121760677866641E7</double> 
        </void> 
        <void method="add"> 
         <double>1.0121882956044832E7</double> 
        </void> 
        <void method="add"> 
         <double>1.0123977236116787E7</double> 
        </void> 
        <void method="add"> 
         <double>1.0124014358122744E7</double> 
        </void> 
        <void method="add"> 
         <double>1.012557730651007E7</double> 
        </void> 
        <void method="add"> 
         <double>1.0127676216583703E7</double> 
        </void> 
        <void method="add"> 
         <double>1.0074023823279874E7</double> 
        </void> 
        <void method="add"> 
         <double>1.0057169544913005E7</double> 
        </void> 
        <void method="add"> 
         <double>1.0124696019653969E7</double> 
        </void> 
        <void method="add"> 
         <double>1.0123389977346024E7</double> 
        </void> 
        <void method="add"> 
         <double>1.0012676191399997E7</double> 
        </void> 
       </object> 
      </void> 
      <void property="stdev"> 
       <double>36992.058469950214</double> 
      </void> 
     </object> 
    </void> 
    <void index="5"> 
     <object class="jmbench.tools.EvaluationMetrics"> 
      <void property="max"> 
       <double>2714914.648690493</double> 
      </void> 
      <void property="mean"> 
       <double>2705544.1873137755</double> 
      </void> 
      <void property="median"> 
       <double>2709497.6269003986</double> 
      </void> 
      <void property="min"> 
       <double>2683152.233846859</double> 
      </void> 
      <void property="rawResults"> 
       <object class="java.util.ArrayList"> 
        <void method="add"> 
         <double>2692981.891190812</double> 
        </void> 
        <void method="add"> 
         <double>2693155.3861323027</double> 
        </void> 
        <void method="add"> 
         <double>2693542.7107085497</double> 
        </void> 
        <void method="add"> 
         <double>2695207.02518607</double> 
        </void> 
        <void method="add"> 
         <double>2697406.649257635</double> 
        </void> 
        <void method="add"> 
         <double>2704549.937006302</double> 
        </void> 
        <void method="add"> 
         <double>2704605.824314308</double> 
        </void> 
        <void method="add"> 
         <double>2705075.850278279</double> 
        </void> 
        <void method="add"> 
         <double>2709497.6269003986</double> 
        </void> 
        <void method="add"> 
         <double>2710215.3317687567</double> 
        </void> 
        <void method="add"> 
         <double>2710341.3154817256</double> 
        </void> 
        <void method="add"> 
         <double>2713791.5455978066</double> 
        </void> 
        <void method="add"> 
         <double>2713826.045556364</double> 
        </void> 
        <void method="add"> 
         <double>2713899.295901655</double> 
        </void> 
        <void method="add"> 
         <double>2713975.717729388</double> 
        </void> 
        <void method="add"> 
         <double>2714025.6765055703</double> 
        </void> 
        <void method="add"> 
         <double>2714033.9774295273</double> 
        </void> 
        <void method="add"> 
         <double>2714337.2620035494</double> 
        </void> 
        <void method="add"> 
         <double>2714652.5209085103</double> 
        </void> 
        <void method="add"> 
         <double>2714914.648690493</double> 
        </void> 
        <void method="add"> 
         <double>2705670.5274338154</double> 
        </void> 
        <void method="add"> 
         <double>2698680.7856773157</double> 
        </void> 
        <void method="add"> 
         <double>2694778.156389139</double> 
        </void> 
        <void method="add"> 
         <double>2712286.740949244</double> 
        </void> 
        <void method="add"> 
         <double>2683152.233846859</double> 
        </void> 
       </object> 
      </void> 
      <void property="stdev"> 
       <double>9100.442269215295</double> 
      </void> 
     </object> 
    </void> 
    <void index="6"> 
     <object class="jmbench.tools.EvaluationMetrics"> 
      <void property="max"> 
       <double>293861.62878898653</double> 
      </void> 
      <void property="mean"> 
       <double>291983.3052239351</double> 
      </void> 
      <void property="median"> 
       <double>291912.6193065885</double> 
      </void> 
      <void property="min"> 
       <double>289997.636362772</double> 
      </void> 
      <void property="rawResults"> 
       <object class="java.util.ArrayList"> 
        <void method="add"> 
         <double>290048.9881225093</double> 
        </void> 
        <void method="add"> 
         <double>290378.1346049141</double> 
        </void> 
        <void method="add"> 
         <double>290656.80348573386</double> 
        </void> 
        <void method="add"> 
         <double>290910.6245969681</double> 
        </void> 
        <void method="add"> 
         <double>291338.8738127189</double> 
        </void> 
        <void method="add"> 
         <double>291427.02597134013</double> 
        </void> 
        <void method="add"> 
         <double>291471.05882902007</double> 
        </void> 
        <void method="add"> 
         <double>291651.07914595614</double> 
        </void> 
        <void method="add"> 
         <double>291872.3442969302</double> 
        </void> 
        <void method="add"> 
         <double>291912.6193065885</double> 
        </void> 
        <void method="add"> 
         <double>291943.0401224244</double> 
        </void> 
        <void method="add"> 
         <double>292269.0144682865</double> 
        </void> 
        <void method="add"> 
         <double>292729.5669739178</double> 
        </void> 
        <void method="add"> 
         <double>292746.76503219374</double> 
        </void> 
        <void method="add"> 
         <double>292918.2640895019</double> 
        </void> 
        <void method="add"> 
         <double>292922.85809642955</double> 
        </void> 
        <void method="add"> 
         <double>292926.4002604762</double> 
        </void> 
        <void method="add"> 
         <double>293664.82167652645</double> 
        </void> 
        <void method="add"> 
         <double>293854.7815011423</double> 
        </void> 
        <void method="add"> 
         <double>293861.62878898653</double> 
        </void> 
        <void method="add"> 
         <double>291213.604891732</double> 
        </void> 
        <void method="add"> 
         <double>293493.8765531069</double> 
        </void> 
        <void method="add"> 
         <double>290846.73483305465</double> 
        </void> 
        <void method="add"> 
         <double>289997.636362772</double> 
        </void> 
        <void method="add"> 
         <double>292526.08477514697</double> 
        </void> 
       </object> 
      </void> 
      <void property="stdev"> 
       <double>1139.7219966035816</double> 
      </void> 
     </object> 
    </void> 
    <void index="7"> 
     <object class="jmbench.tools.EvaluationMetrics"> 
      <void property="max"> 
       <double>74114.50732129088</double> 
      </void> 
      <void property="mean"> 
       <double>73821.03889940289</double> 
      </void> 
      <void property="median"> 
       <double>73811.81540825398</double> 
      </void> 
      <void property="min"> 
       <double>73205.89910420393</double> 
      </void> 
      <void property="rawResults"> 
       <object class="java.util.ArrayList"> 
        <void method="add"> 
         <double>73205.89910420393</double> 
        </void> 
        <void method="add"> 
         <double>73638.97526640417</double> 
        </void> 
        <void method="add"> 
         <double>73653.42573584004</double> 
        </void> 
        <void method="add"> 
         <double>73678.77119995755</double> 
        </void> 
        <void method="add"> 
         <double>73694.17128872364</double> 
        </void> 
        <void method="add"> 
         <double>73695.51177000871</double> 
        </void> 
        <void method="add"> 
         <double>73711.38520179986</double> 
        </void> 
        <void method="add"> 
         <double>73743.07108063312</double> 
        </void> 
        <void method="add"> 
         <double>73745.99798425174</double> 
        </void> 
        <void method="add"> 
         <double>73750.62558097218</double> 
        </void> 
        <void method="add"> 
         <double>73757.60667273769</double> 
        </void> 
        <void method="add"> 
         <double>73832.68538080831</double> 
        </void> 
        <void method="add"> 
         <double>73840.75328516128</double> 
        </void> 
        <void method="add"> 
         <double>73997.4603789852</double> 
        </void> 
        <void method="add"> 
         <double>74025.7667236695</double> 
        </void> 
        <void method="add"> 
         <double>74025.90503470202</double> 
        </void> 
        <void method="add"> 
         <double>74072.33510131796</double> 
        </void> 
        <void method="add"> 
         <double>74074.79865800841</double> 
        </void> 
        <void method="add"> 
         <double>74107.67040943033</double> 
        </void> 
        <void method="add"> 
         <double>74114.50732129088</double> 
        </void> 
        <void method="add"> 
         <double>73607.75118676516</double> 
        </void> 
        <void method="add"> 
         <double>74025.79224417631</double> 
        </void> 
        <void method="add"> 
         <double>73811.81540825398</double> 
        </void> 
        <void method="add"> 
         <double>73837.24640667895</double> 
        </void> 
        <void method="add"> 
         <double>73876.0440602914</double> 
        </void> 
       </object> 
      </void> 
      <void property="stdev"> 
       <double>202.64185953603197</double> 
      </void> 
     </object> 
    </void> 
    <void index="8"> 
     <object class="jmbench.tools.EvaluationMetrics"> 
      <void property="max"> 
       <double>18458.45564439877</double> 
      </void> 
      <void property="mean"> 
       <double>18288.571692523656</double> 
      </void> 
      <void property="median"> 
       <double>18286.348226340866</double> 
      </void> 
      <void property="min"> 
       <double>17890.160277979405</double> 
      </void> 
      <void property="rawResults"> 
       <object class="java.util.ArrayList"> 
        <void method="add"> 
         <double>17890.160277979405</double> 
        </void> 
        <void method="add"> 
         <double>18024.200629697025</double> 
        </void> 
        <void method="add"> 
         <double>18064.273064277757</double> 
        </void> 
        <void method="add"> 
         <double>18170.53469934886</double> 
        </void> 
        <void method="add"> 
         <double>18180.52191149873</double> 
        </void> 
        <void method="add"> 
         <double>18225.83845849216</double> 
        </void> 
        <void method="add"> 
         <double>18227.79056035543</double> 
        </void> 
        <void method="add"> 
         <double>18242.242162732007</double> 
        </void> 
        <void method="add"> 
         <double>18250.72482682124</double> 
        </void> 
        <void method="add"> 
         <double>18275.041645592028</double> 
        </void> 
        <void method="add"> 
         <double>18281.98815583419</double> 
        </void> 
        <void method="add"> 
         <double>18286.348226340866</double> 
        </void> 
        <void method="add"> 
         <double>18305.025207968192</double> 
        </void> 
        <void method="add"> 
         <double>18346.63682335563</double> 
        </void> 
        <void method="add"> 
         <double>18357.310288781293</double> 
        </void> 
        <void method="add"> 
         <double>18390.745249069045</double> 
        </void> 
        <void method="add"> 
         <double>18420.971810262276</double> 
        </void> 
        <void method="add"> 
         <double>18437.73897392787</double> 
        </void> 
        <void method="add"> 
         <double>18438.999709389267</double> 
        </void> 
        <void method="add"> 
         <double>18455.92274719008</double> 
        </void> 
        <void method="add"> 
         <double>18361.73738986011</double> 
        </void> 
        <void method="add"> 
         <double>18271.273043595826</double> 
        </void> 
        <void method="add"> 
         <double>18458.45564439877</double> 
        </void> 
        <void method="add"> 
         <double>18420.210449467384</double> 
        </void> 
        <void method="add"> 
         <double>18429.60035685597</double> 
        </void> 
       </object> 
      </void> 
      <void property="stdev"> 
       <double>140.98712659051444</double> 
      </void> 
     </object> 
    </void> 
    <void index="9"> 
     <object class="jmbench.tools.EvaluationMetrics"> 
      <void property="max"> 
       <double>947.2784280923249</double> 
      </void> 
      <void property="mean"> 
       <double>843.8265748233628</double> 
      </void> 
      <void property="median"> 
       <double>843.4386656075568</double> 
      </void> 
      <void property="min"> 
       <double>770.9884472126976</double> 
      </void> 
      <void property="rawResults"> 
       <object class="java.util.ArrayList"> 
        <void method="add"> 
         <double>777.061936640195</double> 
        </void> 
        <void method="add"> 
         <double>831.7299400642224</double> 
        </void> 
        <void method="add"> 
         <double>832.2007224753571</double> 
        </void> 
        <void method="add"> 
         <double>832.477559974683</double> 
        </void> 
        <void method="add"> 
         <double>833.8854317868993</double> 
        </void> 
        <void method="add"> 
         <double>836.7990160019501</double> 
        </void> 
        <void method="add"> 
         <double>837.4491390868791</double> 
        </void> 
        <void method="add"> 
         <double>839.9689472364494</double> 
        </void> 
        <void method="add"> 
         <double>840.6276992704796</double> 
        </void> 
        <void method="add"> 
         <double>843.4386656075568</double> 
        </void> 
        <void method="add"> 
         <double>845.0548933937326</double> 
        </void> 
        <void method="add"> 
         <double>847.2436688505561</double> 
        </void> 
        <void method="add"> 
         <double>850.0150636707461</double> 
        </void> 
        <void method="add"> 
         <double>853.9633299433299</double> 
        </void> 
        <void method="add"> 
         <double>854.3472433991479</double> 
        </void> 
        <void method="add"> 
         <double>856.1777165422563</double> 
        </void> 
        <void method="add"> 
         <double>858.4631824969716</double> 
        </void> 
        <void method="add"> 
         <double>862.552735329316</double> 
        </void> 
        <void method="add"> 
         <double>919.9660536637376</double> 
        </void> 
        <void method="add"> 
         <double>947.2784280923249</double> 
        </void> 
        <void method="add"> 
         <double>793.1116890998393</double> 
        </void> 
        <void method="add"> 
         <double>770.9884472126976</double> 
        </void> 
        <void method="add"> 
         <double>844.6366242256348</double> 
        </void> 
        <void method="add"> 
         <double>847.3993244172759</double> 
        </void> 
        <void method="add"> 
         <double>838.8269121018312</double> 
        </void> 
       </object> 
      </void> 
      <void property="stdev"> 
       <double>34.916839641265646</double> 
      </void> 
     </object> 
    </void> 
    <void index="10"> 
     <object class="jmbench.tools.EvaluationMetrics"> 
      <void property="max"> 
       <double>208.61574154981548</double> 
      </void> 
      <void property="mean"> 
       <double>202.52863395222806</double> 
      </void> 
      <void property="median"> 
       <double>205.48805290398425</double> 
      </void> 
      <void property="min"> 
       <double>162.2475460717876</double> 
      </void> 
      <void property="rawResults"> 
       <object class="java.util.ArrayList"> 
        <void method="add"> 
         <double>162.2475460717876</double> 
        </void> 
        <void method="add"> 
         <double>190.32921802594788</double> 
        </void> 
        <void method="add"> 
         <double>199.87775792261263</double> 
        </void> 
        <void method="add"> 
         <double>200.81629250354106</double> 
        </void> 
        <void method="add"> 
         <double>201.2058271031623</double> 
        </void> 
        <void method="add"> 
         <double>201.2957968670375</double> 
        </void> 
        <void method="add"> 
         <double>203.05681033715203</double> 
        </void> 
        <void method="add"> 
         <double>203.67207756783984</double> 
        </void> 
        <void method="add"> 
         <double>203.7725169443422</double> 
        </void> 
        <void method="add"> 
         <double>203.928762027522</double> 
        </void> 
        <void method="add"> 
         <double>203.94173015182557</double> 
        </void> 
        <void method="add"> 
         <double>205.8265385097444</double> 
        </void> 
        <void method="add"> 
         <double>205.86156956950103</double> 
        </void> 
        <void method="add"> 
         <double>206.146867075997</double> 
        </void> 
        <void method="add"> 
         <double>206.25146672665815</double> 
        </void> 
        <void method="add"> 
         <double>206.54720554540097</double> 
        </void> 
        <void method="add"> 
         <double>207.12327179248786</double> 
        </void> 
        <void method="add"> 
         <double>207.52652577063895</double> 
        </void> 
        <void method="add"> 
         <double>207.7083972560974</double> 
        </void> 
        <void method="add"> 
         <double>208.61574154981548</double> 
        </void> 
        <void method="add"> 
         <double>205.48805290398425</double> 
        </void> 
        <void method="add"> 
         <double>206.43483069586455</double> 
        </void> 
        <void method="add"> 
         <double>201.8449110600904</double> 
        </void> 
        <void method="add"> 
         <double>208.16811313304888</double> 
        </void> 
        <void method="add"> 
         <double>205.52802169360172</double> 
        </void> 
       </object> 
      </void> 
      <void property="stdev"> 
       <double>9.015659234458834</double> 
      </void> 
     </object> 
    </void> 
    <void index="11"> 
     <object class="jmbench.tools.EvaluationMetrics"> 
      <void property="max"> 
       <double>52.66797628228905</double> 
      </void> 
      <void property="mean"> 
       <double>51.06803366949379</double> 
      </void> 
      <void property="median"> 
       <double>51.44637099099653</double> 
      </void> 
      <void property="min"> 
       <double>46.51181794244743</double> 
      </void> 
      <void property="rawResults"> 
       <object class="java.util.ArrayList"> 
        <void method="add"> 
         <double>46.51181794244743</double> 
        </void> 
        <void method="add"> 
         <double>49.80433004238673</double> 
        </void> 
        <void method="add"> 
         <double>49.86359806274145</double> 
        </void> 
        <void method="add"> 
         <double>50.079390483764435</double> 
        </void> 
        <void method="add"> 
         <double>50.100863287189405</double> 
        </void> 
        <void method="add"> 
         <double>50.44685288994612</double> 
        </void> 
        <void method="add"> 
         <double>50.901710521767356</double> 
        </void> 
        <void method="add"> 
         <double>51.083322302301845</double> 
        </void> 
        <void method="add"> 
         <double>51.15871683173867</double> 
        </void> 
        <void method="add"> 
         <double>51.44637099099653</double> 
        </void> 
        <void method="add"> 
         <double>51.47597081192389</double> 
        </void> 
        <void method="add"> 
         <double>51.54322381919399</double> 
        </void> 
        <void method="add"> 
         <double>51.644400117218844</double> 
        </void> 
        <void method="add"> 
         <double>51.8360000888671</double> 
        </void> 
        <void method="add"> 
         <double>51.84736127074519</double> 
        </void> 
        <void method="add"> 
         <double>51.8648070019163</double> 
        </void> 
        <void method="add"> 
         <double>51.97668185747523</double> 
        </void> 
        <void method="add"> 
         <double>52.03531680522476</double> 
        </void> 
        <void method="add"> 
         <double>52.07834200722319</double> 
        </void> 
        <void method="add"> 
         <double>52.66797628228905</double> 
        </void> 
        <void method="add"> 
         <double>51.38264994250112</double> 
        </void> 
        <void method="add"> 
         <double>51.243181468216434</double> 
        </void> 
        <void method="add"> 
         <double>49.90310016917734</double> 
        </void> 
        <void method="add"> 
         <double>51.54814582438064</double> 
        </void> 
        <void method="add"> 
         <double>52.25671091571204</double> 
        </void> 
       </object> 
      </void> 
      <void property="stdev"> 
       <double>1.2216885073461603</double> 
      </void> 
     </object> 
    </void> 
   </array> 
  </void> 
  <void property="opName"> 
   <string>Add c=a+b</string> 
  </void> 
 </object> 
</java> 
