<?xml version="1.0" encoding="UTF-8"?> 
<java version="1.6.0_16" class="java.beans.XMLDecoder"> 
 <object class="jmbench.tools.runtime.OperationResults"> 
  <void property="library"> 
   <object class="jmbench.impl.MatrixLibrary" method="valueOf"> 
    <string>EJML</string> 
   </object> 
  </void> 
  <void property="matDimen"> 
   <array class="int" length="12"> 
    <void index="0"> 
     <int>2</int> 
    </void> 
    <void index="1"> 
     <int>3</int> 
    </void> 
    <void index="2"> 
     <int>4</int> 
    </void> 
    <void index="3"> 
     <int>5</int> 
    </void> 
    <void index="4"> 
     <int>10</int> 
    </void> 
    <void index="5"> 
     <int>20</int> 
    </void> 
    <void index="6"> 
     <int>50</int> 
    </void> 
    <void index="7"> 
     <int>100</int> 
    </void> 
    <void index="8"> 
     <int>200</int> 
    </void> 
    <void index="9"> 
     <int>500</int> 
    </void> 
    <void index="10"> 
     <int>1000</int> 
    </void> 
    <void index="11"> 
     <int>2000</int> 
    </void> 
   </array> 
  </void> 
  <void property="metrics"> 
   <array class="jmbench.tools.EvaluationMetrics" length="12"> 
    <void index="0"> 
     <object class="jmbench.tools.EvaluationMetrics"> 
      <void property="max"> 
       <double>2746952.5940433647</double> 
      </void> 
      <void property="mean"> 
       <double>2558440.396706235</double> 
      </void> 
      <void property="median"> 
       <double>2647212.9573720065</double> 
      </void> 
      <void property="min"> 
       <double>2163660.823368156</double> 
      </void> 
      <void property="rawResults"> 
       <object class="java.util.ArrayList"> 
        <void method="add"> 
         <double>2173794.993400198</double> 
        </void> 
        <void method="add"> 
         <double>2180691.09394299</double> 
        </void> 
        <void method="add"> 
         <double>2208177.0461607887</double> 
        </void> 
        <void method="add"> 
         <double>2511400.682847408</double> 
        </void> 
        <void method="add"> 
         <double>2598237.605162738</double> 
        </void> 
        <void method="add"> 
         <double>2605597.3048576117</double> 
        </void> 
        <void method="add"> 
         <double>2616412.1041381583</double> 
        </void> 
        <void method="add"> 
         <double>2620987.328337348</double> 
        </void> 
        <void method="add"> 
         <double>2626088.590560023</double> 
        </void> 
        <void method="add"> 
         <double>2647212.9573720065</double> 
        </void> 
        <void method="add"> 
         <double>2654404.3931271643</double> 
        </void> 
        <void method="add"> 
         <double>2659576.9300780836</double> 
        </void> 
        <void method="add"> 
         <double>2659713.026619814</double> 
        </void> 
        <void method="add"> 
         <double>2661971.9743456305</double> 
        </void> 
        <void method="add"> 
         <double>2670616.632742972</double> 
        </void> 
        <void method="add"> 
         <double>2670946.0953212455</double> 
        </void> 
        <void method="add"> 
         <double>2677892.586474599</double> 
        </void> 
        <void method="add"> 
         <double>2680615.8214034354</double> 
        </void> 
        <void method="add"> 
         <double>2704654.0802431875</double> 
        </void> 
        <void method="add"> 
         <double>2746952.5940433647</double> 
        </void> 
        <void method="add"> 
         <double>2163660.823368156</double> 
        </void> 
        <void method="add"> 
         <double>2719185.644799804</double> 
        </void> 
        <void method="add"> 
         <double>2228088.404246795</double> 
        </void> 
        <void method="add"> 
         <double>2611959.9033071483</double> 
        </void> 
        <void method="add"> 
         <double>2662171.3007551967</double> 
        </void> 
       </object> 
      </void> 
      <void property="stdev"> 
       <double>189239.79283404778</double> 
      </void> 
     </object> 
    </void> 
    <void index="1"> 
     <object class="jmbench.tools.EvaluationMetrics"> 
      <void property="max"> 
       <double>856197.2777894522</double> 
      </void> 
      <void property="mean"> 
       <double>690784.6239878684</double> 
      </void> 
      <void property="median"> 
       <double>687155.4202629405</double> 
      </void> 
      <void property="min"> 
       <double>559766.352094236</double> 
      </void> 
      <void property="rawResults"> 
       <object class="java.util.ArrayList"> 
        <void method="add"> 
         <double>559766.352094236</double> 
        </void> 
        <void method="add"> 
         <double>588355.3091691295</double> 
        </void> 
        <void method="add"> 
         <double>597844.6662349687</double> 
        </void> 
        <void method="add"> 
         <double>598909.9687901062</double> 
        </void> 
        <void method="add"> 
         <double>605029.4573144646</double> 
        </void> 
        <void method="add"> 
         <double>637070.750366652</double> 
        </void> 
        <void method="add"> 
         <double>639861.7990321551</double> 
        </void> 
        <void method="add"> 
         <double>661291.7656691218</double> 
        </void> 
        <void method="add"> 
         <double>679734.7089141213</double> 
        </void> 
        <void method="add"> 
         <double>687155.4202629405</double> 
        </void> 
        <void method="add"> 
         <double>716509.2213178165</double> 
        </void> 
        <void method="add"> 
         <double>717377.5325440468</double> 
        </void> 
        <void method="add"> 
         <double>721958.0501340294</double> 
        </void> 
        <void method="add"> 
         <double>729378.4204290487</double> 
        </void> 
        <void method="add"> 
         <double>732010.6057242719</double> 
        </void> 
        <void method="add"> 
         <double>745122.1564666178</double> 
        </void> 
        <void method="add"> 
         <double>774111.5078044303</double> 
        </void> 
        <void method="add"> 
         <double>790295.6531770129</double> 
        </void> 
        <void method="add"> 
         <double>797907.7325163822</double> 
        </void> 
        <void method="add"> 
         <double>856197.2777894522</double> 
        </void> 
        <void method="add"> 
         <double>649897.1889905622</double> 
        </void> 
        <void method="add"> 
         <double>649864.0795717603</double> 
        </void> 
        <void method="add"> 
         <double>683324.6104976939</double> 
        </void> 
        <void method="add"> 
         <double>739227.2827651723</double> 
        </void> 
        <void method="add"> 
         <double>711414.0821205179</double> 
        </void> 
       </object> 
      </void> 
      <void property="stdev"> 
       <double>71808.84779782784</double> 
      </void> 
     </object> 
    </void> 
    <void index="2"> 
     <object class="jmbench.tools.EvaluationMetrics"> 
      <void property="max"> 
       <double>418648.19447231875</double> 
      </void> 
      <void property="mean"> 
       <double>336747.43305096513</double> 
      </void> 
      <void property="median"> 
       <double>337447.97502708394</double> 
      </void> 
      <void property="min"> 
       <double>259750.35994046388</double> 
      </void> 
      <void property="rawResults"> 
       <object class="java.util.ArrayList"> 
        <void method="add"> 
         <double>293455.7659193267</double> 
        </void> 
        <void method="add"> 
         <double>295630.1654750777</double> 
        </void> 
        <void method="add"> 
         <double>298846.5670862631</double> 
        </void> 
        <void method="add"> 
         <double>314754.7304507158</double> 
        </void> 
        <void method="add"> 
         <double>320163.65750381874</double> 
        </void> 
        <void method="add"> 
         <double>333584.56883906765</double> 
        </void> 
        <void method="add"> 
         <double>333787.1986377611</double> 
        </void> 
        <void method="add"> 
         <double>336772.62661884574</double> 
        </void> 
        <void method="add"> 
         <double>337447.97502708394</double> 
        </void> 
        <void method="add"> 
         <double>340497.2032501395</double> 
        </void> 
        <void method="add"> 
         <double>341406.9240787969</double> 
        </void> 
        <void method="add"> 
         <double>342368.47259153967</double> 
        </void> 
        <void method="add"> 
         <double>347193.0142334438</double> 
        </void> 
        <void method="add"> 
         <double>358535.2967143438</double> 
        </void> 
        <void method="add"> 
         <double>359324.70079811756</double> 
        </void> 
        <void method="add"> 
         <double>367163.1004399063</double> 
        </void> 
        <void method="add"> 
         <double>369673.7290548522</double> 
        </void> 
        <void method="add"> 
         <double>378116.2493569919</double> 
        </void> 
        <void method="add"> 
         <double>384610.36749979126</double> 
        </void> 
        <void method="add"> 
         <double>418648.19447231875</double> 
        </void> 
        <void method="add"> 
         <double>363211.1127318518</double> 
        </void> 
        <void method="add"> 
         <double>259750.35994046388</double> 
        </void> 
        <void method="add"> 
         <double>290913.00547907065</double> 
        </void> 
        <void method="add"> 
         <double>325474.057586128</double> 
        </void> 
        <void method="add"> 
         <double>307356.7824884101</double> 
        </void> 
       </object> 
      </void> 
      <void property="stdev"> 
       <double>34281.16218516796</double> 
      </void> 
     </object> 
    </void> 
    <void index="3"> 
     <object class="jmbench.tools.EvaluationMetrics"> 
      <void property="max"> 
       <double>236010.40188031053</double> 
      </void> 
      <void property="mean"> 
       <double>203074.78192397952</double> 
      </void> 
      <void property="median"> 
       <double>199701.89582031345</double> 
      </void> 
      <void property="min"> 
       <double>172107.23731155536</double> 
      </void> 
      <void property="rawResults"> 
       <object class="java.util.ArrayList"> 
        <void method="add"> 
         <double>179366.10007179555</double> 
        </void> 
        <void method="add"> 
         <double>183613.1036743076</double> 
        </void> 
        <void method="add"> 
         <double>185164.49825082166</double> 
        </void> 
        <void method="add"> 
         <double>195098.28789100616</double> 
        </void> 
        <void method="add"> 
         <double>195671.62512540596</double> 
        </void> 
        <void method="add"> 
         <double>198072.85162628145</double> 
        </void> 
        <void method="add"> 
         <double>199302.62303909822</double> 
        </void> 
        <void method="add"> 
         <double>199568.83919304912</double> 
        </void> 
        <void method="add"> 
         <double>199701.89582031345</double> 
        </void> 
        <void method="add"> 
         <double>200456.15358547453</double> 
        </void> 
        <void method="add"> 
         <double>204126.18681576164</double> 
        </void> 
        <void method="add"> 
         <double>208977.1779852226</double> 
        </void> 
        <void method="add"> 
         <double>213902.66102011362</double> 
        </void> 
        <void method="add"> 
         <double>214758.7474894916</double> 
        </void> 
        <void method="add"> 
         <double>216731.30402951755</double> 
        </void> 
        <void method="add"> 
         <double>219427.36622479802</double> 
        </void> 
        <void method="add"> 
         <double>220762.6378095564</double> 
        </void> 
        <void method="add"> 
         <double>223442.55759484245</double> 
        </void> 
        <void method="add"> 
         <double>232581.19965348567</double> 
        </void> 
        <void method="add"> 
         <double>236010.40188031053</double> 
        </void> 
        <void method="add"> 
         <double>192890.21067987528</double> 
        </void> 
        <void method="add"> 
         <double>214152.29709962563</double> 
        </void> 
        <void method="add"> 
         <double>192850.53263908267</double> 
        </void> 
        <void method="add"> 
         <double>172107.23731155536</double> 
        </void> 
        <void method="add"> 
         <double>178133.0515886948</double> 
        </void> 
       </object> 
      </void> 
      <void property="stdev"> 
       <double>16478.582633960923</double> 
      </void> 
     </object> 
    </void> 
    <void index="4"> 
     <object class="jmbench.tools.EvaluationMetrics"> 
      <void property="max"> 
       <double>44788.21262611801</double> 
      </void> 
      <void property="mean"> 
       <double>39922.32032678481</double> 
      </void> 
      <void property="median"> 
       <double>39490.4247130719</double> 
      </void> 
      <void property="min"> 
       <double>32798.54141376495</double> 
      </void> 
      <void property="rawResults"> 
       <object class="java.util.ArrayList"> 
        <void method="add"> 
         <double>32798.54141376495</double> 
        </void> 
        <void method="add"> 
         <double>36368.8719934809</double> 
        </void> 
        <void method="add"> 
         <double>36416.63951311322</double> 
        </void> 
        <void method="add"> 
         <double>37177.837107944055</double> 
        </void> 
        <void method="add"> 
         <double>38567.571981511064</double> 
        </void> 
        <void method="add"> 
         <double>38671.52234050924</double> 
        </void> 
        <void method="add"> 
         <double>38882.08171283152</double> 
        </void> 
        <void method="add"> 
         <double>38914.64845018895</double> 
        </void> 
        <void method="add"> 
         <double>38998.458380680975</double> 
        </void> 
        <void method="add"> 
         <double>39374.87156475307</double> 
        </void> 
        <void method="add"> 
         <double>39490.4247130719</double> 
        </void> 
        <void method="add"> 
         <double>40511.81229751905</double> 
        </void> 
        <void method="add"> 
         <double>41199.34133175178</double> 
        </void> 
        <void method="add"> 
         <double>41404.48914086095</double> 
        </void> 
        <void method="add"> 
         <double>41503.9567826952</double> 
        </void> 
        <void method="add"> 
         <double>41997.328600149805</double> 
        </void> 
        <void method="add"> 
         <double>42037.486914776295</double> 
        </void> 
        <void method="add"> 
         <double>42568.8829195379</double> 
        </void> 
        <void method="add"> 
         <double>44628.44728079302</double> 
        </void> 
        <void method="add"> 
         <double>44788.21262611801</double> 
        </void> 
        <void method="add"> 
         <double>43872.71346469844</double> 
        </void> 
        <void method="add"> 
         <double>40123.9670994737</double> 
        </void> 
        <void method="add"> 
         <double>38399.258985792185</double> 
        </void> 
        <void method="add"> 
         <double>41676.14895409021</double> 
        </void> 
        <void method="add"> 
         <double>37684.49259951408</double> 
        </void> 
       </object> 
      </void> 
      <void property="stdev"> 
       <double>2715.6522145870317</double> 
      </void> 
     </object> 
    </void> 
    <void index="5"> 
     <object class="jmbench.tools.EvaluationMetrics"> 
      <void property="max"> 
       <double>9003.625672100889</double> 
      </void> 
      <void property="mean"> 
       <double>8207.018728783485</double> 
      </void> 
      <void property="median"> 
       <double>8189.656055626344</double> 
      </void> 
      <void property="min"> 
       <double>7558.027233003085</double> 
      </void> 
      <void property="rawResults"> 
       <object class="java.util.ArrayList"> 
        <void method="add"> 
         <double>7558.027233003085</double> 
        </void> 
        <void method="add"> 
         <double>7736.430002444016</double> 
        </void> 
        <void method="add"> 
         <double>7862.640471657224</double> 
        </void> 
        <void method="add"> 
         <double>7952.141457085688</double> 
        </void> 
        <void method="add"> 
         <double>7997.96634747657</double> 
        </void> 
        <void method="add"> 
         <double>8033.49915905346</double> 
        </void> 
        <void method="add"> 
         <double>8035.294945459407</double> 
        </void> 
        <void method="add"> 
         <double>8083.71950578147</double> 
        </void> 
        <void method="add"> 
         <double>8107.04963542581</double> 
        </void> 
        <void method="add"> 
         <double>8173.032295261504</double> 
        </void> 
        <void method="add"> 
         <double>8189.656055626344</double> 
        </void> 
        <void method="add"> 
         <double>8203.832962819042</double> 
        </void> 
        <void method="add"> 
         <double>8269.108557715757</double> 
        </void> 
        <void method="add"> 
         <double>8311.778942918405</double> 
        </void> 
        <void method="add"> 
         <double>8317.740715442476</double> 
        </void> 
        <void method="add"> 
         <double>8444.76333040601</double> 
        </void> 
        <void method="add"> 
         <double>8475.266115177645</double> 
        </void> 
        <void method="add"> 
         <double>8560.083206277848</double> 
        </void> 
        <void method="add"> 
         <double>8567.142013826562</double> 
        </void> 
        <void method="add"> 
         <double>9003.625672100889</double> 
        </void> 
        <void method="add"> 
         <double>8222.021802522813</double> 
        </void> 
        <void method="add"> 
         <double>8441.936283697558</double> 
        </void> 
        <void method="add"> 
         <double>8018.773009566144</double> 
        </void> 
        <void method="add"> 
         <double>8576.615137069733</double> 
        </void> 
        <void method="add"> 
         <double>8033.323361771672</double> 
        </void> 
       </object> 
      </void> 
      <void property="stdev"> 
       <double>300.5515197306386</double> 
      </void> 
     </object> 
    </void> 
    <void index="6"> 
     <object class="jmbench.tools.EvaluationMetrics"> 
      <void property="max"> 
       <double>1026.7432244883491</double> 
      </void> 
      <void property="mean"> 
       <double>1000.1876287739519</double> 
      </void> 
      <void property="median"> 
       <double>1003.6379767034887</double> 
      </void> 
      <void property="min"> 
       <double>956.8134913501242</double> 
      </void> 
      <void property="rawResults"> 
       <object class="java.util.ArrayList"> 
        <void method="add"> 
         <double>961.8120436583462</double> 
        </void> 
        <void method="add"> 
         <double>979.1827653508892</double> 
        </void> 
        <void method="add"> 
         <double>987.5848257496143</double> 
        </void> 
        <void method="add"> 
         <double>993.8134780272842</double> 
        </void> 
        <void method="add"> 
         <double>997.5703233980978</double> 
        </void> 
        <void method="add"> 
         <double>998.1407437403965</double> 
        </void> 
        <void method="add"> 
         <double>999.6981839474354</double> 
        </void> 
        <void method="add"> 
         <double>999.882119196206</double> 
        </void> 
        <void method="add"> 
         <double>999.9565797665012</double> 
        </void> 
        <void method="add"> 
         <double>1003.6379767034887</double> 
        </void> 
        <void method="add"> 
         <double>1004.022787468576</double> 
        </void> 
        <void method="add"> 
         <double>1005.3353333101622</double> 
        </void> 
        <void method="add"> 
         <double>1007.2420197599732</double> 
        </void> 
        <void method="add"> 
         <double>1007.5747372859134</double> 
        </void> 
        <void method="add"> 
         <double>1009.3223353843109</double> 
        </void> 
        <void method="add"> 
         <double>1013.2008052261772</double> 
        </void> 
        <void method="add"> 
         <double>1013.5260911455232</double> 
        </void> 
        <void method="add"> 
         <double>1021.5933051570081</double> 
        </void> 
        <void method="add"> 
         <double>1023.650751501908</double> 
        </void> 
        <void method="add"> 
         <double>1026.7432244883491</double> 
        </void> 
        <void method="add"> 
         <double>1017.0906184299297</double> 
        </void> 
        <void method="add"> 
         <double>956.8134913501242</double> 
        </void> 
        <void method="add"> 
         <double>986.849039678174</double> 
        </void> 
        <void method="add"> 
         <double>1015.4990795663472</double> 
        </void> 
        <void method="add"> 
         <double>974.9480600580612</double> 
        </void> 
       </object> 
      </void> 
      <void property="stdev"> 
       <double>17.48515338370858</double> 
      </void> 
     </object> 
    </void> 
    <void index="7"> 
     <object class="jmbench.tools.EvaluationMetrics"> 
      <void property="max"> 
       <double>173.89229024524798</double> 
      </void> 
      <void property="mean"> 
       <double>168.32845859563423</double> 
      </void> 
      <void property="median"> 
       <double>168.67429036315337</double> 
      </void> 
      <void property="min"> 
       <double>161.94552061867338</double> 
      </void> 
      <void property="rawResults"> 
       <object class="java.util.ArrayList"> 
        <void method="add"> 
         <double>161.94552061867338</double> 
        </void> 
        <void method="add"> 
         <double>162.48851948051353</double> 
        </void> 
        <void method="add"> 
         <double>163.61715009822646</double> 
        </void> 
        <void method="add"> 
         <double>164.77800364424803</double> 
        </void> 
        <void method="add"> 
         <double>165.77180127441778</double> 
        </void> 
        <void method="add"> 
         <double>166.39444969391238</double> 
        </void> 
        <void method="add"> 
         <double>166.5068935592896</double> 
        </void> 
        <void method="add"> 
         <double>167.5645554303181</double> 
        </void> 
        <void method="add"> 
         <double>167.9886499468434</double> 
        </void> 
        <void method="add"> 
         <double>168.05783416943046</double> 
        </void> 
        <void method="add"> 
         <double>168.67429036315337</double> 
        </void> 
        <void method="add"> 
         <double>168.72254905217238</double> 
        </void> 
        <void method="add"> 
         <double>168.80038321221141</double> 
        </void> 
        <void method="add"> 
         <double>169.5555248213226</double> 
        </void> 
        <void method="add"> 
         <double>170.16316934550625</double> 
        </void> 
        <void method="add"> 
         <double>170.77568463964394</double> 
        </void> 
        <void method="add"> 
         <double>172.07520858078658</double> 
        </void> 
        <void method="add"> 
         <double>172.44600887648377</double> 
        </void> 
        <void method="add"> 
         <double>173.63711892236918</double> 
        </void> 
        <void method="add"> 
         <double>173.65167316146372</double> 
        </void> 
        <void method="add"> 
         <double>170.077031659062</double> 
        </void> 
        <void method="add"> 
         <double>162.4529803373894</double> 
        </void> 
        <void method="add"> 
         <double>173.89229024524798</double> 
        </void> 
        <void method="add"> 
         <double>167.64338496805473</double> 
        </void> 
        <void method="add"> 
         <double>170.5307887901161</double> 
        </void> 
       </object> 
      </void> 
      <void property="stdev"> 
       <double>3.4452284625838137</double> 
      </void> 
     </object> 
    </void> 
    <void index="8"> 
     <object class="jmbench.tools.EvaluationMetrics"> 
      <void property="max"> 
       <double>26.168923726105323</double> 
      </void> 
      <void property="mean"> 
       <double>25.70783649621432</double> 
      </void> 
      <void property="median"> 
       <double>25.735077739694695</double> 
      </void> 
      <void property="min"> 
       <double>25.095112415221465</double> 
      </void> 
      <void property="rawResults"> 
       <object class="java.util.ArrayList"> 
        <void method="add"> 
         <double>25.102062606753123</double> 
        </void> 
        <void method="add"> 
         <double>25.193019443368744</double> 
        </void> 
        <void method="add"> 
         <double>25.296275172687274</double> 
        </void> 
        <void method="add"> 
         <double>25.612345202925955</double> 
        </void> 
        <void method="add"> 
         <double>25.625094114081744</double> 
        </void> 
        <void method="add"> 
         <double>25.638804562804456</double> 
        </void> 
        <void method="add"> 
         <double>25.66092089565436</double> 
        </void> 
        <void method="add"> 
         <double>25.67781661746526</double> 
        </void> 
        <void method="add"> 
         <double>25.72409016423981</double> 
        </void> 
        <void method="add"> 
         <double>25.735077739694695</double> 
        </void> 
        <void method="add"> 
         <double>25.73658790159806</double> 
        </void> 
        <void method="add"> 
         <double>25.77195210959599</double> 
        </void> 
        <void method="add"> 
         <double>25.773594351863508</double> 
        </void> 
        <void method="add"> 
         <double>25.776875707782633</double> 
        </void> 
        <void method="add"> 
         <double>25.892345642473565</double> 
        </void> 
        <void method="add"> 
         <double>25.930211334137862</double> 
        </void> 
        <void method="add"> 
         <double>25.951099934590253</double> 
        </void> 
        <void method="add"> 
         <double>25.952491288390377</double> 
        </void> 
        <void method="add"> 
         <double>26.15962137940414</double> 
        </void> 
        <void method="add"> 
         <double>26.168923726105323</double> 
        </void> 
        <void method="add"> 
         <double>25.60381117622531</double> 
        </void> 
        <void method="add"> 
         <double>25.836740464283793</double> 
        </void> 
        <void method="add"> 
         <double>26.168252302168103</double> 
        </void> 
        <void method="add"> 
         <double>25.612786151842187</double> 
        </void> 
        <void method="add"> 
         <double>25.095112415221465</double> 
        </void> 
       </object> 
      </void> 
      <void property="stdev"> 
       <double>0.28867781193914216</double> 
      </void> 
     </object> 
    </void> 
    <void index="9"> 
     <object class="jmbench.tools.EvaluationMetrics"> 
      <void property="max"> 
       <double>1.8164336208164882</double> 
      </void> 
      <void property="mean"> 
       <double>1.7937133968477863</double> 
      </void> 
      <void property="median"> 
       <double>1.7956385894113622</double> 
      </void> 
      <void property="min"> 
       <double>1.7654778333815218</double> 
      </void> 
      <void property="rawResults"> 
       <object class="java.util.ArrayList"> 
        <void method="add"> 
         <double>1.7654778333815218</double> 
        </void> 
        <void method="add"> 
         <double>1.7666728553805682</double> 
        </void> 
        <void method="add"> 
         <double>1.7770879427779767</double> 
        </void> 
        <void method="add"> 
         <double>1.7772363194315202</double> 
        </void> 
        <void method="add"> 
         <double>1.785870856094993</double> 
        </void> 
        <void method="add"> 
         <double>1.7865901737766148</double> 
        </void> 
        <void method="add"> 
         <double>1.7884252568331207</double> 
        </void> 
        <void method="add"> 
         <double>1.7921351689324796</double> 
        </void> 
        <void method="add"> 
         <double>1.7924903184326606</double> 
        </void> 
        <void method="add"> 
         <double>1.7939168964036771</double> 
        </void> 
        <void method="add"> 
         <double>1.7956385894113622</double> 
        </void> 
        <void method="add"> 
         <double>1.7966094601860505</double> 
        </void> 
        <void method="add"> 
         <double>1.7971122810180271</double> 
        </void> 
        <void method="add"> 
         <double>1.7990822559017106</double> 
        </void> 
        <void method="add"> 
         <double>1.8003218610022134</double> 
        </void> 
        <void method="add"> 
         <double>1.8016181390056258</double> 
        </void> 
        <void method="add"> 
         <double>1.8024911778143287</double> 
        </void> 
        <void method="add"> 
         <double>1.8035841974053974</double> 
        </void> 
        <void method="add"> 
         <double>1.808680559410934</double> 
        </void> 
        <void method="add"> 
         <double>1.8132225292870252</double> 
        </void> 
        <void method="add"> 
         <double>1.7901590402675829</double> 
        </void> 
        <void method="add"> 
         <double>1.8164336208164882</double> 
        </void> 
        <void method="add"> 
         <double>1.782372312695987</double> 
        </void> 
        <void method="add"> 
         <double>1.7975032616782676</double> 
        </void> 
        <void method="add"> 
         <double>1.8121020138485258</double> 
        </void> 
       </object> 
      </void> 
      <void property="stdev"> 
       <double>0.012912434744125671</double> 
      </void> 
     </object> 
    </void> 
    <void index="10"> 
     <object class="jmbench.tools.EvaluationMetrics"> 
      <void property="max"> 
       <double>0.18228713781868053</double> 
      </void> 
      <void property="mean"> 
       <double>0.17640219382525757</double> 
      </void> 
      <void property="median"> 
       <double>0.1771967548793033</double> 
      </void> 
      <void property="min"> 
       <double>0.16939748151201223</double> 
      </void> 
      <void property="rawResults"> 
       <object class="java.util.ArrayList"> 
        <void method="add"> 
         <double>0.16939748151201223</double> 
        </void> 
        <void method="add"> 
         <double>0.1704830289744171</double> 
        </void> 
        <void method="add"> 
         <double>0.1705813246061635</double> 
        </void> 
        <void method="add"> 
         <double>0.1724607286773077</double> 
        </void> 
        <void method="add"> 
         <double>0.17335662304673904</double> 
        </void> 
        <void method="add"> 
         <double>0.1741113809893232</double> 
        </void> 
        <void method="add"> 
         <double>0.17484884795306058</double> 
        </void> 
        <void method="add"> 
         <double>0.17630988856498342</double> 
        </void> 
        <void method="add"> 
         <double>0.17642629558354647</double> 
        </void> 
        <void method="add"> 
         <double>0.17709203883669145</double> 
        </void> 
        <void method="add"> 
         <double>0.1771967548793033</double> 
        </void> 
        <void method="add"> 
         <double>0.17738007544004408</double> 
        </void> 
        <void method="add"> 
         <double>0.1782949575649755</double> 
        </void> 
        <void method="add"> 
         <double>0.17849334783574888</double> 
        </void> 
        <void method="add"> 
         <double>0.17863317347872806</double> 
        </void> 
        <void method="add"> 
         <double>0.17956896566439504</double> 
        </void> 
        <void method="add"> 
         <double>0.17968889891317352</double> 
        </void> 
        <void method="add"> 
         <double>0.1800394150497224</double> 
        </void> 
        <void method="add"> 
         <double>0.18008709296713674</double> 
        </void> 
        <void method="add"> 
         <double>0.18228713781868053</double> 
        </void> 
        <void method="add"> 
         <double>0.17621934889920582</double> 
        </void> 
        <void method="add"> 
         <double>0.17905708260256215</double> 
        </void> 
        <void method="add"> 
         <double>0.17225742126157545</double> 
        </void> 
        <void method="add"> 
         <double>0.17772262158586496</double> 
        </void> 
        <void method="add"> 
         <double>0.17806091292607829</double> 
        </void> 
       </object> 
      </void> 
      <void property="stdev"> 
       <double>0.003325590972913924</double> 
      </void> 
     </object> 
    </void> 
    <void index="11"> 
     <object class="jmbench.tools.EvaluationMetrics"> 
      <void property="max"> 
       <double>0.01995485832423576</double> 
      </void> 
      <void property="mean"> 
       <double>0.01995485832423576</double> 
      </void> 
      <void property="median"> 
       <double>0.01995485832423576</double> 
      </void> 
      <void property="min"> 
       <double>0.01995485832423576</double> 
      </void> 
      <void property="rawResults"> 
       <object class="java.util.ArrayList"> 
        <void method="add"> 
         <double>0.01995485832423576</double> 
        </void> 
       </object> 
      </void> 
     </object> 
    </void> 
   </array> 
  </void> 
  <void property="opName"> 
   <string>Eigen for Symm Matrices</string> 
  </void> 
 </object> 
</java> 
