<?xml version="1.0" encoding="UTF-8"?> 
<java version="1.6.0_16" class="java.beans.XMLDecoder"> 
 <object class="jmbench.tools.runtime.OperationResults"> 
  <void property="library"> 
   <object class="jmbench.impl.MatrixLibrary" method="valueOf"> 
    <string>EJML</string> 
   </object> 
  </void> 
  <void property="matDimen"> 
   <array class="int" length="12"> 
    <void index="0"> 
     <int>2</int> 
    </void> 
    <void index="1"> 
     <int>3</int> 
    </void> 
    <void index="2"> 
     <int>4</int> 
    </void> 
    <void index="3"> 
     <int>5</int> 
    </void> 
    <void index="4"> 
     <int>10</int> 
    </void> 
    <void index="5"> 
     <int>20</int> 
    </void> 
    <void index="6"> 
     <int>50</int> 
    </void> 
    <void index="7"> 
     <int>100</int> 
    </void> 
    <void index="8"> 
     <int>200</int> 
    </void> 
    <void index="9"> 
     <int>500</int> 
    </void> 
    <void index="10"> 
     <int>1000</int> 
    </void> 
    <void index="11"> 
     <int>2000</int> 
    </void> 
   </array> 
  </void> 
  <void property="metrics"> 
   <array class="jmbench.tools.EvaluationMetrics" length="12"> 
    <void index="0"> 
     <object class="jmbench.tools.EvaluationMetrics"> 
      <void property="max"> 
       <double>1.4257935333674423E7</double> 
      </void> 
      <void property="mean"> 
       <double>1.2248147657240583E7</double> 
      </void> 
      <void property="median"> 
       <double>1.1991404080847714E7</double> 
      </void> 
      <void property="min"> 
       <double>1.0233015011374924E7</double> 
      </void> 
      <void property="rawResults"> 
       <object class="java.util.ArrayList"> 
        <void method="add"> 
         <double>1.0242622517769568E7</double> 
        </void> 
        <void method="add"> 
         <double>1.0259978478704646E7</double> 
        </void> 
        <void method="add"> 
         <double>1.0331794715959521E7</double> 
        </void> 
        <void method="add"> 
         <double>1.0463629621450003E7</double> 
        </void> 
        <void method="add"> 
         <double>1.0503767021310108E7</double> 
        </void> 
        <void method="add"> 
         <double>1.0880004922988655E7</double> 
        </void> 
        <void method="add"> 
         <double>1.107774057611429E7</double> 
        </void> 
        <void method="add"> 
         <double>1.1217635500836123E7</double> 
        </void> 
        <void method="add"> 
         <double>1.1452077305903075E7</double> 
        </void> 
        <void method="add"> 
         <double>1.1483275997014763E7</double> 
        </void> 
        <void method="add"> 
         <double>1.1878874256330527E7</double> 
        </void> 
        <void method="add"> 
         <double>1.1991404080847714E7</double> 
        </void> 
        <void method="add"> 
         <double>1.4078360262532525E7</double> 
        </void> 
        <void method="add"> 
         <double>1.4115499755297765E7</double> 
        </void> 
        <void method="add"> 
         <double>1.4176582046059309E7</double> 
        </void> 
        <void method="add"> 
         <double>1.4216333041779757E7</double> 
        </void> 
        <void method="add"> 
         <double>1.4221805272758184E7</double> 
        </void> 
        <void method="add"> 
         <double>1.4241275774422066E7</double> 
        </void> 
        <void method="add"> 
         <double>1.4243651239251506E7</double> 
        </void> 
        <void method="add"> 
         <double>1.4257935333674423E7</double> 
        </void> 
        <void method="add"> 
         <double>1.0233015011374924E7</double> 
        </void> 
        <void method="add"> 
         <double>1.2773727783931492E7</double> 
        </void> 
        <void method="add"> 
         <double>1.2742790170523884E7</double> 
        </void> 
        <void method="add"> 
         <double>1.2351737414717723E7</double> 
        </void> 
        <void method="add"> 
         <double>1.2768173329462007E7</double> 
        </void> 
       </object> 
      </void> 
      <void property="stdev"> 
       <double>1533371.018431445</double> 
      </void> 
     </object> 
    </void> 
    <void index="1"> 
     <object class="jmbench.tools.EvaluationMetrics"> 
      <void property="max"> 
       <double>6617005.814164809</double> 
      </void> 
      <void property="mean"> 
       <double>5698934.61434075</double> 
      </void> 
      <void property="median"> 
       <double>5695920.736061755</double> 
      </void> 
      <void property="min"> 
       <double>4084352.425536707</double> 
      </void> 
      <void property="rawResults"> 
       <object class="java.util.ArrayList"> 
        <void method="add"> 
         <double>4816755.050379233</double> 
        </void> 
        <void method="add"> 
         <double>4971117.209007235</double> 
        </void> 
        <void method="add"> 
         <double>5546335.743762176</double> 
        </void> 
        <void method="add"> 
         <double>5628721.820776149</double> 
        </void> 
        <void method="add"> 
         <double>5635579.138289099</double> 
        </void> 
        <void method="add"> 
         <double>5655350.491610864</double> 
        </void> 
        <void method="add"> 
         <double>5683908.821533692</double> 
        </void> 
        <void method="add"> 
         <double>5688401.3406446325</double> 
        </void> 
        <void method="add"> 
         <double>5695920.736061755</double> 
        </void> 
        <void method="add"> 
         <double>5714382.825335923</double> 
        </void> 
        <void method="add"> 
         <double>5843548.8368888255</double> 
        </void> 
        <void method="add"> 
         <double>5851497.4384817425</double> 
        </void> 
        <void method="add"> 
         <double>5996069.837499664</double> 
        </void> 
        <void method="add"> 
         <double>6027386.147372162</double> 
        </void> 
        <void method="add"> 
         <double>6070960.457401107</double> 
        </void> 
        <void method="add"> 
         <double>6086500.048160029</double> 
        </void> 
        <void method="add"> 
         <double>6088139.25805805</double> 
        </void> 
        <void method="add"> 
         <double>6464090.164027818</double> 
        </void> 
        <void method="add"> 
         <double>6541652.00191102</double> 
        </void> 
        <void method="add"> 
         <double>6617005.814164809</double> 
        </void> 
        <void method="add"> 
         <double>4823428.272409055</double> 
        </void> 
        <void method="add"> 
         <double>6176734.956565505</double> 
        </void> 
        <void method="add"> 
         <double>4084352.425536707</double> 
        </void> 
        <void method="add"> 
         <double>5421786.255132505</double> 
        </void> 
        <void method="add"> 
         <double>5343740.267508961</double> 
        </void> 
       </object> 
      </void> 
      <void property="stdev"> 
       <double>564491.5158337648</double> 
      </void> 
     </object> 
    </void> 
    <void index="2"> 
     <object class="jmbench.tools.EvaluationMetrics"> 
      <void property="max"> 
       <double>3597014.4787092656</double> 
      </void> 
      <void property="mean"> 
       <double>2884541.463242612</double> 
      </void> 
      <void property="median"> 
       <double>2765601.4096779022</double> 
      </void> 
      <void property="min"> 
       <double>2167339.9274090617</double> 
      </void> 
      <void property="rawResults"> 
       <object class="java.util.ArrayList"> 
        <void method="add"> 
         <double>2167339.9274090617</double> 
        </void> 
        <void method="add"> 
         <double>2288013.795369981</double> 
        </void> 
        <void method="add"> 
         <double>2323737.921535934</double> 
        </void> 
        <void method="add"> 
         <double>2351196.0948984018</double> 
        </void> 
        <void method="add"> 
         <double>2355174.761543579</double> 
        </void> 
        <void method="add"> 
         <double>2408518.535672082</double> 
        </void> 
        <void method="add"> 
         <double>2511539.679485737</double> 
        </void> 
        <void method="add"> 
         <double>2616825.2753245984</double> 
        </void> 
        <void method="add"> 
         <double>2719461.0211034818</double> 
        </void> 
        <void method="add"> 
         <double>2751143.1741536944</double> 
        </void> 
        <void method="add"> 
         <double>2764489.153349168</double> 
        </void> 
        <void method="add"> 
         <double>2765601.4096779022</double> 
        </void> 
        <void method="add"> 
         <double>3078683.8353973534</double> 
        </void> 
        <void method="add"> 
         <double>3238538.795259229</double> 
        </void> 
        <void method="add"> 
         <double>3311176.777890988</double> 
        </void> 
        <void method="add"> 
         <double>3336886.957600502</double> 
        </void> 
        <void method="add"> 
         <double>3511380.1487564184</double> 
        </void> 
        <void method="add"> 
         <double>3547033.2364601893</double> 
        </void> 
        <void method="add"> 
         <double>3590818.4008922074</double> 
        </void> 
        <void method="add"> 
         <double>3597014.4787092656</double> 
        </void> 
        <void method="add"> 
         <double>2955359.4336734256</double> 
        </void> 
        <void method="add"> 
         <double>2481119.7043121355</double> 
        </void> 
        <void method="add"> 
         <double>3074079.0739582744</double> 
        </void> 
        <void method="add"> 
         <double>3382351.3397281407</double> 
        </void> 
        <void method="add"> 
         <double>2986053.6489035557</double> 
        </void> 
       </object> 
      </void> 
      <void property="stdev"> 
       <double>452111.9806575978</double> 
      </void> 
     </object> 
    </void> 
    <void index="3"> 
     <object class="jmbench.tools.EvaluationMetrics"> 
      <void property="max"> 
       <double>2148436.734511299</double> 
      </void> 
      <void property="mean"> 
       <double>1948182.8232508125</double> 
      </void> 
      <void property="median"> 
       <double>1969972.8907120877</double> 
      </void> 
      <void property="min"> 
       <double>1803593.4661231777</double> 
      </void> 
      <void property="rawResults"> 
       <object class="java.util.ArrayList"> 
        <void method="add"> 
         <double>1803593.4661231777</double> 
        </void> 
        <void method="add"> 
         <double>1818621.2793050336</double> 
        </void> 
        <void method="add"> 
         <double>1826651.5118525808</double> 
        </void> 
        <void method="add"> 
         <double>1851504.8196064094</double> 
        </void> 
        <void method="add"> 
         <double>1857162.8872795647</double> 
        </void> 
        <void method="add"> 
         <double>1862895.3810716402</double> 
        </void> 
        <void method="add"> 
         <double>1872951.2099771788</double> 
        </void> 
        <void method="add"> 
         <double>1912245.6760641155</double> 
        </void> 
        <void method="add"> 
         <double>1928890.1531772597</double> 
        </void> 
        <void method="add"> 
         <double>1969972.8907120877</double> 
        </void> 
        <void method="add"> 
         <double>1970718.432763213</double> 
        </void> 
        <void method="add"> 
         <double>1978056.1281363757</double> 
        </void> 
        <void method="add"> 
         <double>1980783.7616492338</double> 
        </void> 
        <void method="add"> 
         <double>1985335.2040970856</double> 
        </void> 
        <void method="add"> 
         <double>1985870.003297748</double> 
        </void> 
        <void method="add"> 
         <double>1989576.3257400207</double> 
        </void> 
        <void method="add"> 
         <double>2028073.7211374757</double> 
        </void> 
        <void method="add"> 
         <double>2060160.0402061</double> 
        </void> 
        <void method="add"> 
         <double>2105431.675215262</double> 
        </void> 
        <void method="add"> 
         <double>2148436.734511299</double> 
        </void> 
        <void method="add"> 
         <double>2050237.709817513</double> 
        </void> 
        <void method="add"> 
         <double>1956763.6452613221</double> 
        </void> 
        <void method="add"> 
         <double>1875881.3307233748</double> 
        </void> 
        <void method="add"> 
         <double>1909947.369160433</double> 
        </void> 
        <void method="add"> 
         <double>1974809.2243848084</double> 
        </void> 
       </object> 
      </void> 
      <void property="stdev"> 
       <double>88040.96898320172</double> 
      </void> 
     </object> 
    </void> 
    <void index="4"> 
     <object class="jmbench.tools.EvaluationMetrics"> 
      <void property="max"> 
       <double>347405.70011796814</double> 
      </void> 
      <void property="mean"> 
       <double>337926.4125913403</double> 
      </void> 
      <void property="median"> 
       <double>337139.0915270803</double> 
      </void> 
      <void property="min"> 
       <double>329524.7994399821</double> 
      </void> 
      <void property="rawResults"> 
       <object class="java.util.ArrayList"> 
        <void method="add"> 
         <double>329524.7994399821</double> 
        </void> 
        <void method="add"> 
         <double>330183.05022544303</double> 
        </void> 
        <void method="add"> 
         <double>330558.8545393939</double> 
        </void> 
        <void method="add"> 
         <double>333619.68434601795</double> 
        </void> 
        <void method="add"> 
         <double>333909.3839471506</double> 
        </void> 
        <void method="add"> 
         <double>334273.476547602</double> 
        </void> 
        <void method="add"> 
         <double>334733.7583832419</double> 
        </void> 
        <void method="add"> 
         <double>335007.6813499343</double> 
        </void> 
        <void method="add"> 
         <double>335841.1904171001</double> 
        </void> 
        <void method="add"> 
         <double>336044.650612535</double> 
        </void> 
        <void method="add"> 
         <double>336408.0298247972</double> 
        </void> 
        <void method="add"> 
         <double>337139.0915270803</double> 
        </void> 
        <void method="add"> 
         <double>339162.5975209122</double> 
        </void> 
        <void method="add"> 
         <double>339676.0023615685</double> 
        </void> 
        <void method="add"> 
         <double>339770.3630872742</double> 
        </void> 
        <void method="add"> 
         <double>340697.8148786859</double> 
        </void> 
        <void method="add"> 
         <double>341615.70087773644</double> 
        </void> 
        <void method="add"> 
         <double>343774.13465194305</double> 
        </void> 
        <void method="add"> 
         <double>343816.09474563383</double> 
        </void> 
        <void method="add"> 
         <double>347405.70011796814</double> 
        </void> 
        <void method="add"> 
         <double>336531.4554722</double> 
        </void> 
        <void method="add"> 
         <double>339716.8059168915</double> 
        </void> 
        <void method="add"> 
         <double>343855.2508356375</double> 
        </void> 
        <void method="add"> 
         <double>345463.86664332397</double> 
        </void> 
        <void method="add"> 
         <double>339430.8765134556</double> 
        </void> 
       </object> 
      </void> 
      <void property="stdev"> 
       <double>4689.4936654638705</double> 
      </void> 
     </object> 
    </void> 
    <void index="5"> 
     <object class="jmbench.tools.EvaluationMetrics"> 
      <void property="max"> 
       <double>86139.15495140677</double> 
      </void> 
      <void property="mean"> 
       <double>84179.44535114658</double> 
      </void> 
      <void property="median"> 
       <double>84513.57597019848</double> 
      </void> 
      <void property="min"> 
       <double>80554.95463067587</double> 
      </void> 
      <void property="rawResults"> 
       <object class="java.util.ArrayList"> 
        <void method="add"> 
         <double>80554.95463067587</double> 
        </void> 
        <void method="add"> 
         <double>80734.53621694705</double> 
        </void> 
        <void method="add"> 
         <double>82063.15761331219</double> 
        </void> 
        <void method="add"> 
         <double>82398.22944108551</double> 
        </void> 
        <void method="add"> 
         <double>82983.88288004175</double> 
        </void> 
        <void method="add"> 
         <double>83591.2380644168</double> 
        </void> 
        <void method="add"> 
         <double>83934.05198676212</double> 
        </void> 
        <void method="add"> 
         <double>84026.11160230092</double> 
        </void> 
        <void method="add"> 
         <double>84064.56839295398</double> 
        </void> 
        <void method="add"> 
         <double>84420.75422729114</double> 
        </void> 
        <void method="add"> 
         <double>84513.57597019848</double> 
        </void> 
        <void method="add"> 
         <double>84540.55544289126</double> 
        </void> 
        <void method="add"> 
         <double>85042.85967050109</double> 
        </void> 
        <void method="add"> 
         <double>85130.62987451184</double> 
        </void> 
        <void method="add"> 
         <double>85153.49727232222</double> 
        </void> 
        <void method="add"> 
         <double>85365.47573740636</double> 
        </void> 
        <void method="add"> 
         <double>85443.68410930887</double> 
        </void> 
        <void method="add"> 
         <double>85457.58746279457</double> 
        </void> 
        <void method="add"> 
         <double>85996.39911498305</double> 
        </void> 
        <void method="add"> 
         <double>86139.15495140677</double> 
        </void> 
        <void method="add"> 
         <double>81845.2612044892</double> 
        </void> 
        <void method="add"> 
         <double>85208.9394016494</double> 
        </void> 
        <void method="add"> 
         <double>85957.68938288784</double> 
        </void> 
        <void method="add"> 
         <double>84250.8905660777</double> 
        </void> 
        <void method="add"> 
         <double>85668.44856144869</double> 
        </void> 
       </object> 
      </void> 
      <void property="stdev"> 
       <double>1563.3344416700534</double> 
      </void> 
     </object> 
    </void> 
    <void index="6"> 
     <object class="jmbench.tools.EvaluationMetrics"> 
      <void property="max"> 
       <double>10031.387954063945</double> 
      </void> 
      <void property="mean"> 
       <double>9915.373046804565</double> 
      </void> 
      <void property="median"> 
       <double>9918.812335947026</double> 
      </void> 
      <void property="min"> 
       <double>9724.958191119349</double> 
      </void> 
      <void property="rawResults"> 
       <object class="java.util.ArrayList"> 
        <void method="add"> 
         <double>9724.958191119349</double> 
        </void> 
        <void method="add"> 
         <double>9793.188077281939</double> 
        </void> 
        <void method="add"> 
         <double>9832.816645655872</double> 
        </void> 
        <void method="add"> 
         <double>9840.45570798693</double> 
        </void> 
        <void method="add"> 
         <double>9886.32261074796</double> 
        </void> 
        <void method="add"> 
         <double>9894.969747452858</double> 
        </void> 
        <void method="add"> 
         <double>9901.584139639926</double> 
        </void> 
        <void method="add"> 
         <double>9915.039803630674</double> 
        </void> 
        <void method="add"> 
         <double>9916.6476352051</double> 
        </void> 
        <void method="add"> 
         <double>9918.812335947026</double> 
        </void> 
        <void method="add"> 
         <double>9925.710269289886</double> 
        </void> 
        <void method="add"> 
         <double>9929.350563200152</double> 
        </void> 
        <void method="add"> 
         <double>9948.086104724045</double> 
        </void> 
        <void method="add"> 
         <double>9975.78975162617</double> 
        </void> 
        <void method="add"> 
         <double>9989.246296247766</double> 
        </void> 
        <void method="add"> 
         <double>9994.66884722755</double> 
        </void> 
        <void method="add"> 
         <double>9998.417959179345</double> 
        </void> 
        <void method="add"> 
         <double>10007.379719107703</double> 
        </void> 
        <void method="add"> 
         <double>10020.397014997692</double> 
        </void> 
        <void method="add"> 
         <double>10031.387954063945</double> 
        </void> 
        <void method="add"> 
         <double>9797.553330037428</double> 
        </void> 
        <void method="add"> 
         <double>9912.258263376796</double> 
        </void> 
        <void method="add"> 
         <double>9825.04650666287</double> 
        </void> 
        <void method="add"> 
         <double>9936.769774555654</double> 
        </void> 
        <void method="add"> 
         <double>9967.46892114954</double> 
        </void> 
       </object> 
      </void> 
      <void property="stdev"> 
       <double>76.66022530077387</double> 
      </void> 
     </object> 
    </void> 
    <void index="7"> 
     <object class="jmbench.tools.EvaluationMetrics"> 
      <void property="max"> 
       <double>1712.187583649118</double> 
      </void> 
      <void property="mean"> 
       <double>1691.7314576588324</double> 
      </void> 
      <void property="median"> 
       <double>1689.5297029990113</double> 
      </void> 
      <void property="min"> 
       <double>1665.4693804950628</double> 
      </void> 
      <void property="rawResults"> 
       <object class="java.util.ArrayList"> 
        <void method="add"> 
         <double>1676.3295995601447</double> 
        </void> 
        <void method="add"> 
         <double>1678.447017006099</double> 
        </void> 
        <void method="add"> 
         <double>1680.0591255399324</double> 
        </void> 
        <void method="add"> 
         <double>1680.416839857539</double> 
        </void> 
        <void method="add"> 
         <double>1682.5617093489868</double> 
        </void> 
        <void method="add"> 
         <double>1682.9817108431266</double> 
        </void> 
        <void method="add"> 
         <double>1683.3078317063146</double> 
        </void> 
        <void method="add"> 
         <double>1685.740331713807</double> 
        </void> 
        <void method="add"> 
         <double>1687.1338425490126</double> 
        </void> 
        <void method="add"> 
         <double>1687.2579016277366</double> 
        </void> 
        <void method="add"> 
         <double>1689.5297029990113</double> 
        </void> 
        <void method="add"> 
         <double>1691.5544083197265</double> 
        </void> 
        <void method="add"> 
         <double>1692.8092301590984</double> 
        </void> 
        <void method="add"> 
         <double>1698.6787893715643</double> 
        </void> 
        <void method="add"> 
         <double>1700.2643484742896</double> 
        </void> 
        <void method="add"> 
         <double>1700.3900209638666</double> 
        </void> 
        <void method="add"> 
         <double>1703.8993641874824</double> 
        </void> 
        <void method="add"> 
         <double>1704.5101132590453</double> 
        </void> 
        <void method="add"> 
         <double>1707.251671774877</double> 
        </void> 
        <void method="add"> 
         <double>1710.2456558307897</double> 
        </void> 
        <void method="add"> 
         <double>1704.890382309362</double> 
        </void> 
        <void method="add"> 
         <double>1687.6625241900647</double> 
        </void> 
        <void method="add"> 
         <double>1712.187583649118</double> 
        </void> 
        <void method="add"> 
         <double>1665.4693804950628</double> 
        </void> 
        <void method="add"> 
         <double>1699.7073557347455</double> 
        </void> 
       </object> 
      </void> 
      <void property="stdev"> 
       <double>11.739116737851182</double> 
      </void> 
     </object> 
    </void> 
    <void index="8"> 
     <object class="jmbench.tools.EvaluationMetrics"> 
      <void property="max"> 
       <double>251.18973784307803</double> 
      </void> 
      <void property="mean"> 
       <double>248.08165900500305</double> 
      </void> 
      <void property="median"> 
       <double>249.18073608364557</double> 
      </void> 
      <void property="min"> 
       <double>239.42064477918748</double> 
      </void> 
      <void property="rawResults"> 
       <object class="java.util.ArrayList"> 
        <void method="add"> 
         <double>245.29475784072076</double> 
        </void> 
        <void method="add"> 
         <double>246.66582533720765</double> 
        </void> 
        <void method="add"> 
         <double>247.49606504091042</double> 
        </void> 
        <void method="add"> 
         <double>248.03641454313723</double> 
        </void> 
        <void method="add"> 
         <double>248.20147728716083</double> 
        </void> 
        <void method="add"> 
         <double>248.26311213904992</double> 
        </void> 
        <void method="add"> 
         <double>248.74137664730964</double> 
        </void> 
        <void method="add"> 
         <double>249.18073608364557</double> 
        </void> 
        <void method="add"> 
         <double>249.2479851986281</double> 
        </void> 
        <void method="add"> 
         <double>250.05234736808913</double> 
        </void> 
        <void method="add"> 
         <double>250.3749509722064</double> 
        </void> 
        <void method="add"> 
         <double>250.39002221860702</double> 
        </void> 
        <void method="add"> 
         <double>250.723038483811</double> 
        </void> 
        <void method="add"> 
         <double>250.78825871945187</double> 
        </void> 
        <void method="add"> 
         <double>250.86399806115335</double> 
        </void> 
        <void method="add"> 
         <double>250.88457110760584</double> 
        </void> 
        <void method="add"> 
         <double>250.90688263087367</double> 
        </void> 
        <void method="add"> 
         <double>250.9533146993207</double> 
        </void> 
        <void method="add"> 
         <double>251.0810973531837</double> 
        </void> 
        <void method="add"> 
         <double>251.18973784307803</double> 
        </void> 
        <void method="add"> 
         <double>242.72475959160073</double> 
        </void> 
        <void method="add"> 
         <double>241.81021122289792</double> 
        </void> 
        <void method="add"> 
         <double>239.42064477918748</double> 
        </void> 
        <void method="add"> 
         <double>243.13904987538317</double> 
        </void> 
        <void method="add"> 
         <double>245.6108400808575</double> 
        </void> 
       </object> 
      </void> 
      <void property="stdev"> 
       <double>3.261893984384663</double> 
      </void> 
     </object> 
    </void> 
    <void index="9"> 
     <object class="jmbench.tools.EvaluationMetrics"> 
      <void property="max"> 
       <double>18.178599933072995</double> 
      </void> 
      <void property="mean"> 
       <double>17.96549577695964</double> 
      </void> 
      <void property="median"> 
       <double>17.957964731376997</double> 
      </void> 
      <void property="min"> 
       <double>17.72410235198923</double> 
      </void> 
      <void property="rawResults"> 
       <object class="java.util.ArrayList"> 
        <void method="add"> 
         <double>17.81929904419362</double> 
        </void> 
        <void method="add"> 
         <double>17.84925526388628</double> 
        </void> 
        <void method="add"> 
         <double>17.86333482837429</double> 
        </void> 
        <void method="add"> 
         <double>17.8717297513609</double> 
        </void> 
        <void method="add"> 
         <double>17.895353049835943</double> 
        </void> 
        <void method="add"> 
         <double>17.904876173492177</double> 
        </void> 
        <void method="add"> 
         <double>17.90896857467307</double> 
        </void> 
        <void method="add"> 
         <double>17.91503540067726</double> 
        </void> 
        <void method="add"> 
         <double>17.949134730865087</double> 
        </void> 
        <void method="add"> 
         <double>17.954946419028445</double> 
        </void> 
        <void method="add"> 
         <double>17.957964731376997</double> 
        </void> 
        <void method="add"> 
         <double>17.99397904666718</double> 
        </void> 
        <void method="add"> 
         <double>18.01605515591971</double> 
        </void> 
        <void method="add"> 
         <double>18.01613440681966</double> 
        </void> 
        <void method="add"> 
         <double>18.01745348316587</double> 
        </void> 
        <void method="add"> 
         <double>18.03410339844527</double> 
        </void> 
        <void method="add"> 
         <double>18.050106459511486</double> 
        </void> 
        <void method="add"> 
         <double>18.062284537014676</double> 
        </void> 
        <void method="add"> 
         <double>18.11999144100191</double> 
        </void> 
        <void method="add"> 
         <double>18.178599933072995</double> 
        </void> 
        <void method="add"> 
         <double>17.72410235198923</double> 
        </void> 
        <void method="add"> 
         <double>17.82527351394292</double> 
        </void> 
        <void method="add"> 
         <double>18.08933291035426</double> 
        </void> 
        <void method="add"> 
         <double>18.110857268603883</double> 
        </void> 
        <void method="add"> 
         <double>18.009222549717826</double> 
        </void> 
       </object> 
      </void> 
      <void property="stdev"> 
       <double>0.10664796655979465</double> 
      </void> 
     </object> 
    </void> 
    <void index="10"> 
     <object class="jmbench.tools.EvaluationMetrics"> 
      <void property="max"> 
       <double>1.7253600640546136</double> 
      </void> 
      <void property="mean"> 
       <double>1.6850178135889116</double> 
      </void> 
      <void property="median"> 
       <double>1.7018746794036843</double> 
      </void> 
      <void property="min"> 
       <double>1.5430799930236487</double> 
      </void> 
      <void property="rawResults"> 
       <object class="java.util.ArrayList"> 
        <void method="add"> 
         <double>1.5430799930236487</double> 
        </void> 
        <void method="add"> 
         <double>1.6573590426965028</double> 
        </void> 
        <void method="add"> 
         <double>1.6577938335626317</double> 
        </void> 
        <void method="add"> 
         <double>1.6730456070896844</double> 
        </void> 
        <void method="add"> 
         <double>1.6752196014132645</double> 
        </void> 
        <void method="add"> 
         <double>1.6786066686403278</double> 
        </void> 
        <void method="add"> 
         <double>1.6806280335537331</double> 
        </void> 
        <void method="add"> 
         <double>1.6839547217526947</double> 
        </void> 
        <void method="add"> 
         <double>1.6882471548814821</double> 
        </void> 
        <void method="add"> 
         <double>1.7018746794036843</double> 
        </void> 
        <void method="add"> 
         <double>1.7020463032097246</double> 
        </void> 
        <void method="add"> 
         <double>1.7104137899917928</double> 
        </void> 
        <void method="add"> 
         <double>1.7128232040434659</double> 
        </void> 
        <void method="add"> 
         <double>1.7154781097905407</double> 
        </void> 
        <void method="add"> 
         <double>1.7155666924472424</double> 
        </void> 
        <void method="add"> 
         <double>1.7167158132189795</double> 
        </void> 
        <void method="add"> 
         <double>1.717489383053846</double> 
        </void> 
        <void method="add"> 
         <double>1.7218234979445792</double> 
        </void> 
        <void method="add"> 
         <double>1.7241877045680463</double> 
        </void> 
        <void method="add"> 
         <double>1.7253600640546136</double> 
        </void> 
        <void method="add"> 
         <double>1.6334480130357776</double> 
        </void> 
        <void method="add"> 
         <double>1.7178297881613636</double> 
        </void> 
        <void method="add"> 
         <double>1.6119636416657266</double> 
        </void> 
        <void method="add"> 
         <double>1.6484379828455151</double> 
        </void> 
        <void method="add"> 
         <double>1.7120520156739114</double> 
        </void> 
       </object> 
      </void> 
      <void property="stdev"> 
       <double>0.041729877311472464</double> 
      </void> 
     </object> 
    </void> 
    <void index="11"> 
     <object class="jmbench.tools.EvaluationMetrics"> 
      <void property="max"> 
       <double>0.21023273767711947</double> 
      </void> 
      <void property="mean"> 
       <double>0.2035020614592417</double> 
      </void> 
      <void property="median"> 
       <double>0.20812039586083506</double> 
      </void> 
      <void property="min"> 
       <double>0.18814653863980316</double> 
      </void> 
      <void property="rawResults"> 
       <object class="java.util.ArrayList"> 
        <void method="add"> 
         <double>0.1885344625547151</double> 
        </void> 
        <void method="add"> 
         <double>0.18900411186251226</double> 
        </void> 
        <void method="add"> 
         <double>0.19727617086046467</double> 
        </void> 
        <void method="add"> 
         <double>0.1976354877205175</double> 
        </void> 
        <void method="add"> 
         <double>0.19768973766747558</double> 
        </void> 
        <void method="add"> 
         <double>0.19821311970684957</double> 
        </void> 
        <void method="add"> 
         <double>0.19896899559060233</double> 
        </void> 
        <void method="add"> 
         <double>0.20101360798243917</double> 
        </void> 
        <void method="add"> 
         <double>0.2052743313136723</double> 
        </void> 
        <void method="add"> 
         <double>0.20812039586083506</double> 
        </void> 
        <void method="add"> 
         <double>0.20814984343549517</double> 
        </void> 
        <void method="add"> 
         <double>0.2088501432813484</double> 
        </void> 
        <void method="add"> 
         <double>0.2088900034331072</double> 
        </void> 
        <void method="add"> 
         <double>0.2092780575177691</double> 
        </void> 
        <void method="add"> 
         <double>0.20932799616970293</double> 
        </void> 
        <void method="add"> 
         <double>0.2093995739770693</double> 
        </void> 
        <void method="add"> 
         <double>0.20947025684870246</double> 
        </void> 
        <void method="add"> 
         <double>0.2097314061198877</double> 
        </void> 
        <void method="add"> 
         <double>0.21007578769744256</double> 
        </void> 
        <void method="add"> 
         <double>0.21023273767711947</double> 
        </void> 
        <void method="add"> 
         <double>0.18814653863980316</double> 
        </void> 
        <void method="add"> 
         <double>0.198807450763055</double> 
        </void> 
        <void method="add"> 
         <double>0.20798076269789348</double> 
        </void> 
        <void method="add"> 
         <double>0.208210528768115</double> 
        </void> 
        <void method="add"> 
         <double>0.20927002833444613</double> 
        </void> 
       </object> 
      </void> 
      <void property="stdev"> 
       <double>0.007205421236696676</double> 
      </void> 
     </object> 
    </void> 
   </array> 
  </void> 
  <void property="opName"> 
   <string>LU</string> 
  </void> 
 </object> 
</java> 
