<?xml version="1.0" encoding="UTF-8"?> 
<java version="1.6.0_16" class="java.beans.XMLDecoder"> 
 <object class="jmbench.tools.runtime.OperationResults"> 
  <void property="library"> 
   <object class="jmbench.impl.MatrixLibrary" method="valueOf"> 
    <string>EJML</string> 
   </object> 
  </void> 
  <void property="matDimen"> 
   <array class="int" length="12"> 
    <void index="0"> 
     <int>2</int> 
    </void> 
    <void index="1"> 
     <int>3</int> 
    </void> 
    <void index="2"> 
     <int>4</int> 
    </void> 
    <void index="3"> 
     <int>5</int> 
    </void> 
    <void index="4"> 
     <int>10</int> 
    </void> 
    <void index="5"> 
     <int>20</int> 
    </void> 
    <void index="6"> 
     <int>50</int> 
    </void> 
    <void index="7"> 
     <int>100</int> 
    </void> 
    <void index="8"> 
     <int>200</int> 
    </void> 
    <void index="9"> 
     <int>500</int> 
    </void> 
    <void index="10"> 
     <int>1000</int> 
    </void> 
    <void index="11"> 
     <int>2000</int> 
    </void> 
   </array> 
  </void> 
  <void property="metrics"> 
   <array class="jmbench.tools.EvaluationMetrics" length="12"> 
    <void index="0"> 
     <object class="jmbench.tools.EvaluationMetrics"> 
      <void property="max"> 
       <double>1.5209622912275333E7</double> 
      </void> 
      <void property="mean"> 
       <double>1.5004475435383685E7</double> 
      </void> 
      <void property="median"> 
       <double>1.4994653232723562E7</double> 
      </void> 
      <void property="min"> 
       <double>1.4758588194843171E7</double> 
      </void> 
      <void property="rawResults"> 
       <object class="java.util.ArrayList"> 
        <void method="add"> 
         <double>1.4758588194843171E7</double> 
        </void> 
        <void method="add"> 
         <double>1.4849112468197512E7</double> 
        </void> 
        <void method="add"> 
         <double>1.488698671648872E7</double> 
        </void> 
        <void method="add"> 
         <double>1.4889604628076937E7</double> 
        </void> 
        <void method="add"> 
         <double>1.4903338515464071E7</double> 
        </void> 
        <void method="add"> 
         <double>1.4938245130311327E7</double> 
        </void> 
        <void method="add"> 
         <double>1.4981702848086044E7</double> 
        </void> 
        <void method="add"> 
         <double>1.4988260429394165E7</double> 
        </void> 
        <void method="add"> 
         <double>1.4994653232723562E7</double> 
        </void> 
        <void method="add"> 
         <double>1.5030915416922811E7</double> 
        </void> 
        <void method="add"> 
         <double>1.5048651753895765E7</double> 
        </void> 
        <void method="add"> 
         <double>1.5050202047073277E7</double> 
        </void> 
        <void method="add"> 
         <double>1.506858556421349E7</double> 
        </void> 
        <void method="add"> 
         <double>1.5080112894025585E7</double> 
        </void> 
        <void method="add"> 
         <double>1.5085894867867967E7</double> 
        </void> 
        <void method="add"> 
         <double>1.5090830049746152E7</double> 
        </void> 
        <void method="add"> 
         <double>1.5095316679037243E7</double> 
        </void> 
        <void method="add"> 
         <double>1.51012727123025E7</double> 
        </void> 
        <void method="add"> 
         <double>1.5177317092861569E7</double> 
        </void> 
        <void method="add"> 
         <double>1.5209622912275333E7</double> 
        </void> 
        <void method="add"> 
         <double>1.4927593698579194E7</double> 
        </void> 
        <void method="add"> 
         <double>1.497421239185789E7</double> 
        </void> 
        <void method="add"> 
         <double>1.4963538645838892E7</double> 
        </void> 
        <void method="add"> 
         <double>1.5086215091060493E7</double> 
        </void> 
        <void method="add"> 
         <double>1.4931111903448509E7</double> 
        </void> 
       </object> 
      </void> 
      <void property="stdev"> 
       <double>103130.35518791576</double> 
      </void> 
     </object> 
    </void> 
    <void index="1"> 
     <object class="jmbench.tools.EvaluationMetrics"> 
      <void property="max"> 
       <double>5291023.289410282</double> 
      </void> 
      <void property="mean"> 
       <double>5230675.921137919</double> 
      </void> 
      <void property="median"> 
       <double>5260982.64258467</double> 
      </void> 
      <void property="min"> 
       <double>4985395.835761069</double> 
      </void> 
      <void property="rawResults"> 
       <object class="java.util.ArrayList"> 
        <void method="add"> 
         <double>4985395.835761069</double> 
        </void> 
        <void method="add"> 
         <double>4987475.19079681</double> 
        </void> 
        <void method="add"> 
         <double>5237958.932107708</double> 
        </void> 
        <void method="add"> 
         <double>5241755.645721374</double> 
        </void> 
        <void method="add"> 
         <double>5241768.8037973605</double> 
        </void> 
        <void method="add"> 
         <double>5243524.733842643</double> 
        </void> 
        <void method="add"> 
         <double>5250385.428780117</double> 
        </void> 
        <void method="add"> 
         <double>5254154.6602864675</double> 
        </void> 
        <void method="add"> 
         <double>5257208.630395184</double> 
        </void> 
        <void method="add"> 
         <double>5258033.7727697585</double> 
        </void> 
        <void method="add"> 
         <double>5260072.959187164</double> 
        </void> 
        <void method="add"> 
         <double>5260982.64258467</double> 
        </void> 
        <void method="add"> 
         <double>5263045.876905652</double> 
        </void> 
        <void method="add"> 
         <double>5263095.736076459</double> 
        </void> 
        <void method="add"> 
         <double>5266320.461350656</double> 
        </void> 
        <void method="add"> 
         <double>5266952.302154125</double> 
        </void> 
        <void method="add"> 
         <double>5276114.469769613</double> 
        </void> 
        <void method="add"> 
         <double>5277625.916702502</double> 
        </void> 
        <void method="add"> 
         <double>5281320.39761261</double> 
        </void> 
        <void method="add"> 
         <double>5282992.044644477</double> 
        </void> 
        <void method="add"> 
         <double>5291023.289410282</double> 
        </void> 
        <void method="add"> 
         <double>5277694.722899975</double> 
        </void> 
        <void method="add"> 
         <double>5261980.185629281</double> 
        </void> 
        <void method="add"> 
         <double>5004802.280452358</double> 
        </void> 
        <void method="add"> 
         <double>5275213.108809644</double> 
        </void> 
       </object> 
      </void> 
      <void property="stdev"> 
       <double>89003.1148129681</double> 
      </void> 
     </object> 
    </void> 
    <void index="2"> 
     <object class="jmbench.tools.EvaluationMetrics"> 
      <void property="max"> 
       <double>2578926.877753408</double> 
      </void> 
      <void property="mean"> 
       <double>2499889.52341043</double> 
      </void> 
      <void property="median"> 
       <double>2489583.0138484724</double> 
      </void> 
      <void property="min"> 
       <double>2404472.724936412</double> 
      </void> 
      <void property="rawResults"> 
       <object class="java.util.ArrayList"> 
        <void method="add"> 
         <double>2404472.724936412</double> 
        </void> 
        <void method="add"> 
         <double>2405081.401176727</double> 
        </void> 
        <void method="add"> 
         <double>2431990.625764394</double> 
        </void> 
        <void method="add"> 
         <double>2462029.7305929335</double> 
        </void> 
        <void method="add"> 
         <double>2473166.329602932</double> 
        </void> 
        <void method="add"> 
         <double>2473416.054227664</double> 
        </void> 
        <void method="add"> 
         <double>2475761.775909252</double> 
        </void> 
        <void method="add"> 
         <double>2477579.1094910456</double> 
        </void> 
        <void method="add"> 
         <double>2480288.5897287433</double> 
        </void> 
        <void method="add"> 
         <double>2483860.2085801847</double> 
        </void> 
        <void method="add"> 
         <double>2484910.5098958756</double> 
        </void> 
        <void method="add"> 
         <double>2486779.6957788677</double> 
        </void> 
        <void method="add"> 
         <double>2489583.0138484724</double> 
        </void> 
        <void method="add"> 
         <double>2492310.953082487</double> 
        </void> 
        <void method="add"> 
         <double>2492819.315726291</double> 
        </void> 
        <void method="add"> 
         <double>2533863.503326949</double> 
        </void> 
        <void method="add"> 
         <double>2537959.2459486583</double> 
        </void> 
        <void method="add"> 
         <double>2544235.644774462</double> 
        </void> 
        <void method="add"> 
         <double>2545739.420516509</double> 
        </void> 
        <void method="add"> 
         <double>2578926.877753408</double> 
        </void> 
        <void method="add"> 
         <double>2544320.1459124326</double> 
        </void> 
        <void method="add"> 
         <double>2554379.4814341404</double> 
        </void> 
        <void method="add"> 
         <double>2530454.4651527307</double> 
        </void> 
        <void method="add"> 
         <double>2555376.9823952536</double> 
        </void> 
        <void method="add"> 
         <double>2557932.2797039296</double> 
        </void> 
       </object> 
      </void> 
      <void property="stdev"> 
       <double>46098.57605527935</double> 
      </void> 
     </object> 
    </void> 
    <void index="3"> 
     <object class="jmbench.tools.EvaluationMetrics"> 
      <void property="max"> 
       <double>1859069.7724253228</double> 
      </void> 
      <void property="mean"> 
       <double>1849047.2843978207</double> 
      </void> 
      <void property="median"> 
       <double>1849716.430345377</double> 
      </void> 
      <void property="min"> 
       <double>1837339.3538770091</double> 
      </void> 
      <void property="rawResults"> 
       <object class="java.util.ArrayList"> 
        <void method="add"> 
         <double>1837339.3538770091</double> 
        </void> 
        <void method="add"> 
         <double>1837353.1526005964</double> 
        </void> 
        <void method="add"> 
         <double>1837968.0006111376</double> 
        </void> 
        <void method="add"> 
         <double>1843288.5405825183</double> 
        </void> 
        <void method="add"> 
         <double>1844332.3914449983</double> 
        </void> 
        <void method="add"> 
         <double>1844822.6533288169</double> 
        </void> 
        <void method="add"> 
         <double>1846340.246843014</double> 
        </void> 
        <void method="add"> 
         <double>1848023.3918484808</double> 
        </void> 
        <void method="add"> 
         <double>1848632.4158920941</double> 
        </void> 
        <void method="add"> 
         <double>1849716.430345377</double> 
        </void> 
        <void method="add"> 
         <double>1849964.1706352532</double> 
        </void> 
        <void method="add"> 
         <double>1850610.95796448</double> 
        </void> 
        <void method="add"> 
         <double>1851317.1011098763</double> 
        </void> 
        <void method="add"> 
         <double>1851669.9036306047</double> 
        </void> 
        <void method="add"> 
         <double>1852238.4145464452</double> 
        </void> 
        <void method="add"> 
         <double>1852416.958338842</double> 
        </void> 
        <void method="add"> 
         <double>1855117.9639522182</double> 
        </void> 
        <void method="add"> 
         <double>1855434.553071483</double> 
        </void> 
        <void method="add"> 
         <double>1857642.1964041095</double> 
        </void> 
        <void method="add"> 
         <double>1859069.7724253228</double> 
        </void> 
        <void method="add"> 
         <double>1846653.6644465846</double> 
        </void> 
        <void method="add"> 
         <double>1848786.109563973</double> 
        </void> 
        <void method="add"> 
         <double>1856338.5205072167</double> 
        </void> 
        <void method="add"> 
         <double>1857878.5748971058</double> 
        </void> 
        <void method="add"> 
         <double>1843226.6710779653</double> 
        </void> 
       </object> 
      </void> 
      <void property="stdev"> 
       <double>6126.904934564664</double> 
      </void> 
     </object> 
    </void> 
    <void index="4"> 
     <object class="jmbench.tools.EvaluationMetrics"> 
      <void property="max"> 
       <double>577564.266267086</double> 
      </void> 
      <void property="mean"> 
       <double>560782.3613972593</double> 
      </void> 
      <void property="median"> 
       <double>574811.2668316703</double> 
      </void> 
      <void property="min"> 
       <double>413826.2604270137</double> 
      </void> 
      <void property="rawResults"> 
       <object class="java.util.ArrayList"> 
        <void method="add"> 
         <double>572516.7399638005</double> 
        </void> 
        <void method="add"> 
         <double>572548.8867666867</double> 
        </void> 
        <void method="add"> 
         <double>572569.0749725148</double> 
        </void> 
        <void method="add"> 
         <double>572870.9741108053</double> 
        </void> 
        <void method="add"> 
         <double>573034.7144898372</double> 
        </void> 
        <void method="add"> 
         <double>573529.5364333225</double> 
        </void> 
        <void method="add"> 
         <double>574315.0531476472</double> 
        </void> 
        <void method="add"> 
         <double>574602.2161433654</double> 
        </void> 
        <void method="add"> 
         <double>574811.2668316703</double> 
        </void> 
        <void method="add"> 
         <double>575843.3011558997</double> 
        </void> 
        <void method="add"> 
         <double>575909.333425799</double> 
        </void> 
        <void method="add"> 
         <double>576553.7170225912</double> 
        </void> 
        <void method="add"> 
         <double>576817.210771074</double> 
        </void> 
        <void method="add"> 
         <double>577329.8633871054</double> 
        </void> 
        <void method="add"> 
         <double>577371.5766283963</double> 
        </void> 
        <void method="add"> 
         <double>577441.3477090658</double> 
        </void> 
        <void method="add"> 
         <double>577442.4329327751</double> 
        </void> 
        <void method="add"> 
         <double>577496.3901933524</double> 
        </void> 
        <void method="add"> 
         <double>577506.9487785381</double> 
        </void> 
        <void method="add"> 
         <double>577564.266267086</double> 
        </void> 
        <void method="add"> 
         <double>563249.3223581832</double> 
        </void> 
        <void method="add"> 
         <double>413826.2604270137</double> 
        </void> 
        <void method="add"> 
         <double>417562.8684947858</double> 
        </void> 
        <void method="add"> 
         <double>577528.1836145861</double> 
        </void> 
        <void method="add"> 
         <double>539317.5489055783</double> 
        </void> 
       </object> 
      </void> 
      <void property="stdev"> 
       <double>43453.989515667636</double> 
      </void> 
     </object> 
    </void> 
    <void index="5"> 
     <object class="jmbench.tools.EvaluationMetrics"> 
      <void property="max"> 
       <double>79382.1492207182</double> 
      </void> 
      <void property="mean"> 
       <double>78483.69786511226</double> 
      </void> 
      <void property="median"> 
       <double>78360.71144175067</double> 
      </void> 
      <void property="min"> 
       <double>77595.35277778658</double> 
      </void> 
      <void property="rawResults"> 
       <object class="java.util.ArrayList"> 
        <void method="add"> 
         <double>77595.35277778658</double> 
        </void> 
        <void method="add"> 
         <double>77765.25549606614</double> 
        </void> 
        <void method="add"> 
         <double>77831.29389552907</double> 
        </void> 
        <void method="add"> 
         <double>77939.50594203197</double> 
        </void> 
        <void method="add"> 
         <double>77986.3954936641</double> 
        </void> 
        <void method="add"> 
         <double>78114.5828111762</double> 
        </void> 
        <void method="add"> 
         <double>78125.14845342604</double> 
        </void> 
        <void method="add"> 
         <double>78158.79737078113</double> 
        </void> 
        <void method="add"> 
         <double>78161.55012022158</double> 
        </void> 
        <void method="add"> 
         <double>78316.397855044</double> 
        </void> 
        <void method="add"> 
         <double>78360.71144175067</double> 
        </void> 
        <void method="add"> 
         <double>78446.43821235735</double> 
        </void> 
        <void method="add"> 
         <double>78786.11918231951</double> 
        </void> 
        <void method="add"> 
         <double>78920.25208312992</double> 
        </void> 
        <void method="add"> 
         <double>79078.013087526</double> 
        </void> 
        <void method="add"> 
         <double>79090.94151316154</double> 
        </void> 
        <void method="add"> 
         <double>79232.83117396172</double> 
        </void> 
        <void method="add"> 
         <double>79284.72647819022</double> 
        </void> 
        <void method="add"> 
         <double>79372.81641725491</double> 
        </void> 
        <void method="add"> 
         <double>79382.1492207182</double> 
        </void> 
        <void method="add"> 
         <double>78127.51134692159</double> 
        </void> 
        <void method="add"> 
         <double>78464.45824844623</double> 
        </void> 
        <void method="add"> 
         <double>77937.563235868</double> 
        </void> 
        <void method="add"> 
         <double>78785.60918108057</double> 
        </void> 
        <void method="add"> 
         <double>78828.02558939335</double> 
        </void> 
       </object> 
      </void> 
      <void property="stdev"> 
       <double>537.8791733041295</double> 
      </void> 
     </object> 
    </void> 
    <void index="6"> 
     <object class="jmbench.tools.EvaluationMetrics"> 
      <void property="max"> 
       <double>6581.47690448053</double> 
      </void> 
      <void property="mean"> 
       <double>6479.576211254606</double> 
      </void> 
      <void property="median"> 
       <double>6518.068930860816</double> 
      </void> 
      <void property="min"> 
       <double>6128.317638258995</double> 
      </void> 
      <void property="rawResults"> 
       <object class="java.util.ArrayList"> 
        <void method="add"> 
         <double>6292.948273729401</double> 
        </void> 
        <void method="add"> 
         <double>6303.641257165669</double> 
        </void> 
        <void method="add"> 
         <double>6304.753294984405</double> 
        </void> 
        <void method="add"> 
         <double>6476.002158493098</double> 
        </void> 
        <void method="add"> 
         <double>6485.460131350709</double> 
        </void> 
        <void method="add"> 
         <double>6486.083155048753</double> 
        </void> 
        <void method="add"> 
         <double>6495.882393516077</double> 
        </void> 
        <void method="add"> 
         <double>6497.233009131167</double> 
        </void> 
        <void method="add"> 
         <double>6518.068930860816</double> 
        </void> 
        <void method="add"> 
         <double>6528.976332769572</double> 
        </void> 
        <void method="add"> 
         <double>6532.103032710322</double> 
        </void> 
        <void method="add"> 
         <double>6533.286569895709</double> 
        </void> 
        <void method="add"> 
         <double>6533.552212319012</double> 
        </void> 
        <void method="add"> 
         <double>6536.339481947177</double> 
        </void> 
        <void method="add"> 
         <double>6537.0916095910725</double> 
        </void> 
        <void method="add"> 
         <double>6540.123418943921</double> 
        </void> 
        <void method="add"> 
         <double>6565.4190708013975</double> 
        </void> 
        <void method="add"> 
         <double>6577.753795411406</double> 
        </void> 
        <void method="add"> 
         <double>6580.601231719238</double> 
        </void> 
        <void method="add"> 
         <double>6581.47690448053</double> 
        </void> 
        <void method="add"> 
         <double>6460.037318741569</double> 
        </void> 
        <void method="add"> 
         <double>6529.588756995946</double> 
        </void> 
        <void method="add"> 
         <double>6493.850703288672</double> 
        </void> 
        <void method="add"> 
         <double>6128.317638258995</double> 
        </void> 
        <void method="add"> 
         <double>6470.814599210523</double> 
        </void> 
       </object> 
      </void> 
      <void property="stdev"> 
       <double>106.55190392606087</double> 
      </void> 
     </object> 
    </void> 
    <void index="7"> 
     <object class="jmbench.tools.EvaluationMetrics"> 
      <void property="max"> 
       <double>847.928847843182</double> 
      </void> 
      <void property="mean"> 
       <double>842.9875648413001</double> 
      </void> 
      <void property="median"> 
       <double>844.3189814463976</double> 
      </void> 
      <void property="min"> 
       <double>833.0844328948868</double> 
      </void> 
      <void property="rawResults"> 
       <object class="java.util.ArrayList"> 
        <void method="add"> 
         <double>833.0844328948868</double> 
        </void> 
        <void method="add"> 
         <double>835.422829460929</double> 
        </void> 
        <void method="add"> 
         <double>838.5563973290623</double> 
        </void> 
        <void method="add"> 
         <double>839.0505331870953</double> 
        </void> 
        <void method="add"> 
         <double>839.2574570884963</double> 
        </void> 
        <void method="add"> 
         <double>840.2778470840346</double> 
        </void> 
        <void method="add"> 
         <double>843.0147865370149</double> 
        </void> 
        <void method="add"> 
         <double>843.306556385225</double> 
        </void> 
        <void method="add"> 
         <double>843.9641733494439</double> 
        </void> 
        <void method="add"> 
         <double>844.3189814463976</double> 
        </void> 
        <void method="add"> 
         <double>844.3411424199973</double> 
        </void> 
        <void method="add"> 
         <double>844.442751889853</double> 
        </void> 
        <void method="add"> 
         <double>845.2380292919348</double> 
        </void> 
        <void method="add"> 
         <double>845.6021466929633</double> 
        </void> 
        <void method="add"> 
         <double>845.8107961335717</double> 
        </void> 
        <void method="add"> 
         <double>846.8262139830127</double> 
        </void> 
        <void method="add"> 
         <double>846.8883835871228</double> 
        </void> 
        <void method="add"> 
         <double>847.7829368678098</double> 
        </void> 
        <void method="add"> 
         <double>847.8086390321002</double> 
        </void> 
        <void method="add"> 
         <double>847.928847843182</double> 
        </void> 
        <void method="add"> 
         <double>847.3020223537978</double> 
        </void> 
        <void method="add"> 
         <double>834.0230335258092</double> 
        </void> 
        <void method="add"> 
         <double>841.9829247403526</double> 
        </void> 
        <void method="add"> 
         <double>844.6213527533829</double> 
        </void> 
        <void method="add"> 
         <double>843.8359051550261</double> 
        </void> 
       </object> 
      </void> 
      <void property="stdev"> 
       <double>4.20628467904793</double> 
      </void> 
     </object> 
    </void> 
    <void index="8"> 
     <object class="jmbench.tools.EvaluationMetrics"> 
      <void property="max"> 
       <double>112.37293982185862</double> 
      </void> 
      <void property="mean"> 
       <double>108.63244334508121</double> 
      </void> 
      <void property="median"> 
       <double>108.35835254148408</double> 
      </void> 
      <void property="min"> 
       <double>105.78580826475294</double> 
      </void> 
      <void property="rawResults"> 
       <object class="java.util.ArrayList"> 
        <void method="add"> 
         <double>107.03626529550195</double> 
        </void> 
        <void method="add"> 
         <double>107.12161905810706</double> 
        </void> 
        <void method="add"> 
         <double>107.13629888237197</double> 
        </void> 
        <void method="add"> 
         <double>107.21030134488556</double> 
        </void> 
        <void method="add"> 
         <double>107.2802459429625</double> 
        </void> 
        <void method="add"> 
         <double>107.36008617126318</double> 
        </void> 
        <void method="add"> 
         <double>107.55378134635664</double> 
        </void> 
        <void method="add"> 
         <double>108.25619829965989</double> 
        </void> 
        <void method="add"> 
         <double>108.26897680099783</double> 
        </void> 
        <void method="add"> 
         <double>108.37764784844558</double> 
        </void> 
        <void method="add"> 
         <double>108.46929222797739</double> 
        </void> 
        <void method="add"> 
         <double>108.79741842679557</double> 
        </void> 
        <void method="add"> 
         <double>108.94516499369182</double> 
        </void> 
        <void method="add"> 
         <double>108.95568147074371</double> 
        </void> 
        <void method="add"> 
         <double>109.34947240130712</double> 
        </void> 
        <void method="add"> 
         <double>109.40485914619136</double> 
        </void> 
        <void method="add"> 
         <double>110.6625110666764</double> 
        </void> 
        <void method="add"> 
         <double>111.63974723386879</double> 
        </void> 
        <void method="add"> 
         <double>111.68960528934639</double> 
        </void> 
        <void method="add"> 
         <double>112.37293982185862</double> 
        </void> 
        <void method="add"> 
         <double>107.17250764053692</double> 
        </void> 
        <void method="add"> 
         <double>111.904716656333</double> 
        </void> 
        <void method="add"> 
         <double>106.70158545491394</double> 
        </void> 
        <void method="add"> 
         <double>105.78580826475294</double> 
        </void> 
        <void method="add"> 
         <double>108.35835254148408</double> 
        </void> 
       </object> 
      </void> 
      <void property="stdev"> 
       <double>1.7510690476967519</double> 
      </void> 
     </object> 
    </void> 
    <void index="9"> 
     <object class="jmbench.tools.EvaluationMetrics"> 
      <void property="max"> 
       <double>7.104681380776781</double> 
      </void> 
      <void property="mean"> 
       <double>6.8942847046670765</double> 
      </void> 
      <void property="median"> 
       <double>7.0246699289572785</double> 
      </void> 
      <void property="min"> 
       <double>5.650869865367152</double> 
      </void> 
      <void property="rawResults"> 
       <object class="java.util.ArrayList"> 
        <void method="add"> 
         <double>5.650869865367152</double> 
        </void> 
        <void method="add"> 
         <double>6.492414697813441</double> 
        </void> 
        <void method="add"> 
         <double>6.740563509356836</double> 
        </void> 
        <void method="add"> 
         <double>6.7568477853587545</double> 
        </void> 
        <void method="add"> 
         <double>6.762412061005873</double> 
        </void> 
        <void method="add"> 
         <double>6.768711341991869</double> 
        </void> 
        <void method="add"> 
         <double>6.781064166448773</double> 
        </void> 
        <void method="add"> 
         <double>6.929908783585706</double> 
        </void> 
        <void method="add"> 
         <double>6.997193761447584</double> 
        </void> 
        <void method="add"> 
         <double>7.002573039092502</double> 
        </void> 
        <void method="add"> 
         <double>7.0246699289572785</double> 
        </void> 
        <void method="add"> 
         <double>7.029343055338772</double> 
        </void> 
        <void method="add"> 
         <double>7.0722401567035345</double> 
        </void> 
        <void method="add"> 
         <double>7.076238026319748</double> 
        </void> 
        <void method="add"> 
         <double>7.084482806974321</double> 
        </void> 
        <void method="add"> 
         <double>7.085173422738901</double> 
        </void> 
        <void method="add"> 
         <double>7.088711977321813</double> 
        </void> 
        <void method="add"> 
         <double>7.088839120827427</double> 
        </void> 
        <void method="add"> 
         <double>7.103289782339357</double> 
        </void> 
        <void method="add"> 
         <double>7.104681380776781</double> 
        </void> 
        <void method="add"> 
         <double>6.66963946048434</double> 
        </void> 
        <void method="add"> 
         <double>7.084630031340584</double> 
        </void> 
        <void method="add"> 
         <double>7.095509078013021</double> 
        </void> 
        <void method="add"> 
         <double>7.0864095286779545</double> 
        </void> 
        <void method="add"> 
         <double>6.780700848394571</double> 
        </void> 
       </object> 
      </void> 
      <void property="stdev"> 
       <double>0.3054765045363181</double> 
      </void> 
     </object> 
    </void> 
    <void index="10"> 
     <object class="jmbench.tools.EvaluationMetrics"> 
      <void property="max"> 
       <double>0.661710463237543</double> 
      </void> 
      <void property="mean"> 
       <double>0.6352106926815553</double> 
      </void> 
      <void property="median"> 
       <double>0.6403099421811872</double> 
      </void> 
      <void property="min"> 
       <double>0.5892842123896697</double> 
      </void> 
      <void property="rawResults"> 
       <object class="java.util.ArrayList"> 
        <void method="add"> 
         <double>0.5892842123896697</double> 
        </void> 
        <void method="add"> 
         <double>0.6019396944441788</double> 
        </void> 
        <void method="add"> 
         <double>0.6086318796990959</double> 
        </void> 
        <void method="add"> 
         <double>0.6086839117992286</double> 
        </void> 
        <void method="add"> 
         <double>0.6104847541095109</double> 
        </void> 
        <void method="add"> 
         <double>0.6115699134253588</double> 
        </void> 
        <void method="add"> 
         <double>0.6238304960015825</double> 
        </void> 
        <void method="add"> 
         <double>0.6329831861192152</double> 
        </void> 
        <void method="add"> 
         <double>0.63917072251916</double> 
        </void> 
        <void method="add"> 
         <double>0.6399976183896626</double> 
        </void> 
        <void method="add"> 
         <double>0.6403099421811872</double> 
        </void> 
        <void method="add"> 
         <double>0.6458939067373527</double> 
        </void> 
        <void method="add"> 
         <double>0.6506305090611406</double> 
        </void> 
        <void method="add"> 
         <double>0.6514333662126628</double> 
        </void> 
        <void method="add"> 
         <double>0.6534735403682057</double> 
        </void> 
        <void method="add"> 
         <double>0.654262655175101</double> 
        </void> 
        <void method="add"> 
         <double>0.6546622678145669</double> 
        </void> 
        <void method="add"> 
         <double>0.6551153592881839</double> 
        </void> 
        <void method="add"> 
         <double>0.6559814383702113</double> 
        </void> 
        <void method="add"> 
         <double>0.661710463237543</double> 
        </void> 
        <void method="add"> 
         <double>0.6356589911802267</double> 
        </void> 
        <void method="add"> 
         <double>0.6050406289350386</double> 
        </void> 
        <void method="add"> 
         <double>0.6564272847938175</double> 
        </void> 
        <void method="add"> 
         <double>0.6493273471425303</double> 
        </void> 
        <void method="add"> 
         <double>0.6437632276444496</double> 
        </void> 
       </object> 
      </void> 
      <void property="stdev"> 
       <double>0.020831171498250704</double> 
      </void> 
     </object> 
    </void> 
    <void index="11"> 
     <object class="jmbench.tools.EvaluationMetrics"> 
      <void property="max"> 
       <double>0.08195981344017782</double> 
      </void> 
      <void property="mean"> 
       <double>0.07839267961547589</double> 
      </void> 
      <void property="median"> 
       <double>0.07724141041487483</double> 
      </void> 
      <void property="min"> 
       <double>0.07553958208646283</double> 
      </void> 
      <void property="rawResults"> 
       <object class="java.util.ArrayList"> 
        <void method="add"> 
         <double>0.07553958208646283</double> 
        </void> 
        <void method="add"> 
         <double>0.07648324646497878</double> 
        </void> 
        <void method="add"> 
         <double>0.08195981344017782</double> 
        </void> 
        <void method="add"> 
         <double>0.08073934567088521</double> 
        </void> 
        <void method="add"> 
         <double>0.07724141041487483</double> 
        </void> 
       </object> 
      </void> 
      <void property="stdev"> 
       <double>0.0025037095094069236</double> 
      </void> 
     </object> 
    </void> 
   </array> 
  </void> 
  <void property="opName"> 
   <string>Mult c=a*b</string> 
  </void> 
 </object> 
</java> 
