<?xml version="1.0" encoding="UTF-8"?> 
<java version="1.6.0_16" class="java.beans.XMLDecoder"> 
 <object class="jmbench.tools.runtime.OperationResults"> 
  <void property="library"> 
   <object class="jmbench.impl.MatrixLibrary" method="valueOf"> 
    <string>EJML</string> 
   </object> 
  </void> 
  <void property="matDimen"> 
   <array class="int" length="12"> 
    <void index="0"> 
     <int>2</int> 
    </void> 
    <void index="1"> 
     <int>3</int> 
    </void> 
    <void index="2"> 
     <int>4</int> 
    </void> 
    <void index="3"> 
     <int>5</int> 
    </void> 
    <void index="4"> 
     <int>10</int> 
    </void> 
    <void index="5"> 
     <int>20</int> 
    </void> 
    <void index="6"> 
     <int>50</int> 
    </void> 
    <void index="7"> 
     <int>100</int> 
    </void> 
    <void index="8"> 
     <int>200</int> 
    </void> 
    <void index="9"> 
     <int>500</int> 
    </void> 
    <void index="10"> 
     <int>1000</int> 
    </void> 
    <void index="11"> 
     <int>2000</int> 
    </void> 
   </array> 
  </void> 
  <void property="metrics"> 
   <array class="jmbench.tools.EvaluationMetrics" length="12"> 
    <void index="0"> 
     <object class="jmbench.tools.EvaluationMetrics"> 
      <void property="max"> 
       <double>2.712550086038391E7</double> 
      </void> 
      <void property="mean"> 
       <double>2.6986178975290496E7</double> 
      </void> 
      <void property="median"> 
       <double>2.697790992650166E7</double> 
      </void> 
      <void property="min"> 
       <double>2.682328085341395E7</double> 
      </void> 
      <void property="rawResults"> 
       <object class="java.util.ArrayList"> 
        <void method="add"> 
         <double>2.682328085341395E7</double> 
        </void> 
        <void method="add"> 
         <double>2.6880052058655355E7</double> 
        </void> 
        <void method="add"> 
         <double>2.6901471552697755E7</double> 
        </void> 
        <void method="add"> 
         <double>2.695185471112E7</double> 
        </void> 
        <void method="add"> 
         <double>2.695408724564398E7</double> 
        </void> 
        <void method="add"> 
         <double>2.6963308038507286E7</double> 
        </void> 
        <void method="add"> 
         <double>2.697179363019233E7</double> 
        </void> 
        <void method="add"> 
         <double>2.697790992650166E7</double> 
        </void> 
        <void method="add"> 
         <double>2.698919074362218E7</double> 
        </void> 
        <void method="add"> 
         <double>2.699495848145726E7</double> 
        </void> 
        <void method="add"> 
         <double>2.6997456297674473E7</double> 
        </void> 
        <void method="add"> 
         <double>2.7014149581562426E7</double> 
        </void> 
        <void method="add"> 
         <double>2.701846490887929E7</double> 
        </void> 
        <void method="add"> 
         <double>2.701993534837115E7</double> 
        </void> 
        <void method="add"> 
         <double>2.7041616699567795E7</double> 
        </void> 
        <void method="add"> 
         <double>2.707105391869285E7</double> 
        </void> 
        <void method="add"> 
         <double>2.7097325782996047E7</double> 
        </void> 
        <void method="add"> 
         <double>2.709879474370488E7</double> 
        </void> 
        <void method="add"> 
         <double>2.712120854394638E7</double> 
        </void> 
        <void method="add"> 
         <double>2.712550086038391E7</double> 
        </void> 
        <void method="add"> 
         <double>2.6960150753068503E7</double> 
        </void> 
        <void method="add"> 
         <double>2.695496200808367E7</double> 
        </void> 
        <void method="add"> 
         <double>2.690320528339674E7</double> 
        </void> 
        <void method="add"> 
         <double>2.6934695844436985E7</double> 
        </void> 
        <void method="add"> 
         <double>2.68880465656855E7</double> 
        </void> 
       </object> 
      </void> 
      <void property="stdev"> 
       <double>76139.80085312646</double> 
      </void> 
     </object> 
    </void> 
    <void index="1"> 
     <object class="jmbench.tools.EvaluationMetrics"> 
      <void property="max"> 
       <double>1.2097054947925424E7</double> 
      </void> 
      <void property="mean"> 
       <double>1.2030955980393669E7</double> 
      </void> 
      <void property="median"> 
       <double>1.207788638591672E7</double> 
      </void> 
      <void property="min"> 
       <double>1.182600659047612E7</double> 
      </void> 
      <void property="rawResults"> 
       <object class="java.util.ArrayList"> 
        <void method="add"> 
         <double>1.182600659047612E7</double> 
        </void> 
        <void method="add"> 
         <double>1.1828641779161066E7</double> 
        </void> 
        <void method="add"> 
         <double>1.1831491481261816E7</double> 
        </void> 
        <void method="add"> 
         <double>1.1834211339238724E7</double> 
        </void> 
        <void method="add"> 
         <double>1.2050834749334697E7</double> 
        </void> 
        <void method="add"> 
         <double>1.2066258003812457E7</double> 
        </void> 
        <void method="add"> 
         <double>1.2067866532254715E7</double> 
        </void> 
        <void method="add"> 
         <double>1.2070914988749761E7</double> 
        </void> 
        <void method="add"> 
         <double>1.2073244324979858E7</double> 
        </void> 
        <void method="add"> 
         <double>1.2076102849842012E7</double> 
        </void> 
        <void method="add"> 
         <double>1.207779387245847E7</double> 
        </void> 
        <void method="add"> 
         <double>1.207788638591672E7</double> 
        </void> 
        <void method="add"> 
         <double>1.2084753464689728E7</double> 
        </void> 
        <void method="add"> 
         <double>1.208479567777263E7</double> 
        </void> 
        <void method="add"> 
         <double>1.2084820287995897E7</double> 
        </void> 
        <void method="add"> 
         <double>1.2084914399796495E7</double> 
        </void> 
        <void method="add"> 
         <double>1.2086904388882363E7</double> 
        </void> 
        <void method="add"> 
         <double>1.2091466182039665E7</double> 
        </void> 
        <void method="add"> 
         <double>1.2091531100694926E7</double> 
        </void> 
        <void method="add"> 
         <double>1.2097054947925424E7</double> 
        </void> 
        <void method="add"> 
         <double>1.2085736185612101E7</double> 
        </void> 
        <void method="add"> 
         <double>1.2092116464497853E7</double> 
        </void> 
        <void method="add"> 
         <double>1.2083285689958684E7</double> 
        </void> 
        <void method="add"> 
         <double>1.1832851368473936E7</double> 
        </void> 
        <void method="add"> 
         <double>1.2092416454015564E7</double> 
        </void> 
       </object> 
      </void> 
      <void property="stdev"> 
       <double>100636.31930587885</double> 
      </void> 
     </object> 
    </void> 
    <void index="2"> 
     <object class="jmbench.tools.EvaluationMetrics"> 
      <void property="max"> 
       <double>6178668.927065986</double> 
      </void> 
      <void property="mean"> 
       <double>6144380.908963335</double> 
      </void> 
      <void property="median"> 
       <double>6151845.262447702</double> 
      </void> 
      <void property="min"> 
       <double>6007676.9608483715</double> 
      </void> 
      <void property="rawResults"> 
       <object class="java.util.ArrayList"> 
        <void method="add"> 
         <double>6007676.9608483715</double> 
        </void> 
        <void method="add"> 
         <double>6100529.891527904</double> 
        </void> 
        <void method="add"> 
         <double>6100829.415000473</double> 
        </void> 
        <void method="add"> 
         <double>6103468.1826869445</double> 
        </void> 
        <void method="add"> 
         <double>6119791.704745665</double> 
        </void> 
        <void method="add"> 
         <double>6146396.325671145</double> 
        </void> 
        <void method="add"> 
         <double>6147543.848791729</double> 
        </void> 
        <void method="add"> 
         <double>6148516.52423688</double> 
        </void> 
        <void method="add"> 
         <double>6149490.707733508</double> 
        </void> 
        <void method="add"> 
         <double>6151845.262447702</double> 
        </void> 
        <void method="add"> 
         <double>6154711.0742072</double> 
        </void> 
        <void method="add"> 
         <double>6158503.42720563</double> 
        </void> 
        <void method="add"> 
         <double>6164220.35358219</double> 
        </void> 
        <void method="add"> 
         <double>6174573.913631209</double> 
        </void> 
        <void method="add"> 
         <double>6176376.008537036</double> 
        </void> 
        <void method="add"> 
         <double>6176792.007850946</double> 
        </void> 
        <void method="add"> 
         <double>6177034.813480497</double> 
        </void> 
        <void method="add"> 
         <double>6177381.47387059</double> 
        </void> 
        <void method="add"> 
         <double>6177395.68431457</double> 
        </void> 
        <void method="add"> 
         <double>6178668.927065986</double> 
        </void> 
        <void method="add"> 
         <double>6162158.436110111</double> 
        </void> 
        <void method="add"> 
         <double>6130310.823261937</double> 
        </void> 
        <void method="add"> 
         <double>6133063.946369252</double> 
        </void> 
        <void method="add"> 
         <double>6152109.318597737</double> 
        </void> 
        <void method="add"> 
         <double>6140133.692308171</double> 
        </void> 
       </object> 
      </void> 
      <void property="stdev"> 
       <double>36728.97577317052</double> 
      </void> 
     </object> 
    </void> 
    <void index="3"> 
     <object class="jmbench.tools.EvaluationMetrics"> 
      <void property="max"> 
       <double>3339940.382603417</double> 
      </void> 
      <void property="mean"> 
       <double>3147860.9915311285</double> 
      </void> 
      <void property="median"> 
       <double>3235445.4570853505</double> 
      </void> 
      <void property="min"> 
       <double>2936739.9362110775</double> 
      </void> 
      <void property="rawResults"> 
       <object class="java.util.ArrayList"> 
        <void method="add"> 
         <double>2946879.984527949</double> 
        </void> 
        <void method="add"> 
         <double>2950845.580329878</double> 
        </void> 
        <void method="add"> 
         <double>2956861.2008859944</double> 
        </void> 
        <void method="add"> 
         <double>2958046.363119837</double> 
        </void> 
        <void method="add"> 
         <double>3007419.2108256207</double> 
        </void> 
        <void method="add"> 
         <double>3034142.669342003</double> 
        </void> 
        <void method="add"> 
         <double>3034484.5216848203</double> 
        </void> 
        <void method="add"> 
         <double>3040903.7736958517</double> 
        </void> 
        <void method="add"> 
         <double>3104016.110818155</double> 
        </void> 
        <void method="add"> 
         <double>3235445.4570853505</double> 
        </void> 
        <void method="add"> 
         <double>3239808.5189144625</double> 
        </void> 
        <void method="add"> 
         <double>3242331.6352843153</double> 
        </void> 
        <void method="add"> 
         <double>3246951.492144228</double> 
        </void> 
        <void method="add"> 
         <double>3254506.1732620336</double> 
        </void> 
        <void method="add"> 
         <double>3258685.7939261636</double> 
        </void> 
        <void method="add"> 
         <double>3268442.8667469197</double> 
        </void> 
        <void method="add"> 
         <double>3306705.6170422225</double> 
        </void> 
        <void method="add"> 
         <double>3311162.78297157</double> 
        </void> 
        <void method="add"> 
         <double>3326148.6063972493</double> 
        </void> 
        <void method="add"> 
         <double>3339940.382603417</double> 
        </void> 
        <void method="add"> 
         <double>2959969.9378079395</double> 
        </void> 
        <void method="add"> 
         <double>3224322.37801054</double> 
        </void> 
        <void method="add"> 
         <double>3257074.9898099145</double> 
        </void> 
        <void method="add"> 
         <double>2936739.9362110775</double> 
        </void> 
        <void method="add"> 
         <double>3254688.8048307127</double> 
        </void> 
       </object> 
      </void> 
      <void property="stdev"> 
       <double>143289.484419249</double> 
      </void> 
     </object> 
    </void> 
    <void index="4"> 
     <object class="jmbench.tools.EvaluationMetrics"> 
      <void property="max"> 
       <double>484146.81089118833</double> 
      </void> 
      <void property="mean"> 
       <double>480463.47447623906</double> 
      </void> 
      <void property="median"> 
       <double>482852.5298779725</double> 
      </void> 
      <void property="min"> 
       <double>466314.57123723393</double> 
      </void> 
      <void property="rawResults"> 
       <object class="java.util.ArrayList"> 
        <void method="add"> 
         <double>471159.54567325866</double> 
        </void> 
        <void method="add"> 
         <double>471780.30508206016</double> 
        </void> 
        <void method="add"> 
         <double>471882.3243282034</double> 
        </void> 
        <void method="add"> 
         <double>471923.2495033987</double> 
        </void> 
        <void method="add"> 
         <double>479327.94900898996</double> 
        </void> 
        <void method="add"> 
         <double>480148.0058806991</double> 
        </void> 
        <void method="add"> 
         <double>480731.2286572078</double> 
        </void> 
        <void method="add"> 
         <double>482050.3341412272</double> 
        </void> 
        <void method="add"> 
         <double>482639.9999385487</double> 
        </void> 
        <void method="add"> 
         <double>482846.8426406396</double> 
        </void> 
        <void method="add"> 
         <double>483312.0421725607</double> 
        </void> 
        <void method="add"> 
         <double>483462.5504472684</double> 
        </void> 
        <void method="add"> 
         <double>483547.4852940315</double> 
        </void> 
        <void method="add"> 
         <double>483551.8227414</double> 
        </void> 
        <void method="add"> 
         <double>483671.7585058822</double> 
        </void> 
        <void method="add"> 
         <double>483681.2837501731</double> 
        </void> 
        <void method="add"> 
         <double>483807.7207638099</double> 
        </void> 
        <void method="add"> 
         <double>483810.2129789127</double> 
        </void> 
        <void method="add"> 
         <double>484050.87222381413</double> 
        </void> 
        <void method="add"> 
         <double>484146.81089118833</double> 
        </void> 
        <void method="add"> 
         <double>466314.57123723393</double> 
        </void> 
        <void method="add"> 
         <double>484005.29175760684</double> 
        </void> 
        <void method="add"> 
         <double>482815.3165350417</double> 
        </void> 
        <void method="add"> 
         <double>482852.5298779725</double> 
        </void> 
        <void method="add"> 
         <double>484066.8078748464</double> 
        </void> 
       </object> 
      </void> 
      <void property="stdev"> 
       <double>5159.509594527137</double> 
      </void> 
     </object> 
    </void> 
    <void index="5"> 
     <object class="jmbench.tools.EvaluationMetrics"> 
      <void property="max"> 
       <double>79515.1783644123</double> 
      </void> 
      <void property="mean"> 
       <double>79057.033552077</double> 
      </void> 
      <void property="median"> 
       <double>79047.58222696513</double> 
      </void> 
      <void property="min"> 
       <double>78463.2777131319</double> 
      </void> 
      <void property="rawResults"> 
       <object class="java.util.ArrayList"> 
        <void method="add"> 
         <double>78463.2777131319</double> 
        </void> 
        <void method="add"> 
         <double>78468.62635716607</double> 
        </void> 
        <void method="add"> 
         <double>78469.16370209688</double> 
        </void> 
        <void method="add"> 
         <double>78590.74464379615</double> 
        </void> 
        <void method="add"> 
         <double>78809.76955446108</double> 
        </void> 
        <void method="add"> 
         <double>78813.00277550599</double> 
        </void> 
        <void method="add"> 
         <double>79003.7996939315</double> 
        </void> 
        <void method="add"> 
         <double>79037.89002745478</double> 
        </void> 
        <void method="add"> 
         <double>79042.08866712594</double> 
        </void> 
        <void method="add"> 
         <double>79046.43755367582</double> 
        </void> 
        <void method="add"> 
         <double>79046.82899738937</double> 
        </void> 
        <void method="add"> 
         <double>79047.58222696513</double> 
        </void> 
        <void method="add"> 
         <double>79154.63114291194</double> 
        </void> 
        <void method="add"> 
         <double>79273.39785953247</double> 
        </void> 
        <void method="add"> 
         <double>79304.427311213</double> 
        </void> 
        <void method="add"> 
         <double>79334.9105545491</double> 
        </void> 
        <void method="add"> 
         <double>79356.43650967162</double> 
        </void> 
        <void method="add"> 
         <double>79378.61543989861</double> 
        </void> 
        <void method="add"> 
         <double>79424.16277373157</double> 
        </void> 
        <void method="add"> 
         <double>79515.1783644123</double> 
        </void> 
        <void method="add"> 
         <double>79102.98191999175</double> 
        </void> 
        <void method="add"> 
         <double>79040.00466838594</double> 
        </void> 
        <void method="add"> 
         <double>79047.91524047294</double> 
        </void> 
        <void method="add"> 
         <double>79419.19698770484</double> 
        </void> 
        <void method="add"> 
         <double>79234.76811674808</double> 
        </void> 
       </object> 
      </void> 
      <void property="stdev"> 
       <double>302.25401411092133</double> 
      </void> 
     </object> 
    </void> 
    <void index="6"> 
     <object class="jmbench.tools.EvaluationMetrics"> 
      <void property="max"> 
       <double>6608.804927409826</double> 
      </void> 
      <void property="mean"> 
       <double>6488.764179380549</double> 
      </void> 
      <void property="median"> 
       <double>6542.3905002607235</double> 
      </void> 
      <void property="min"> 
       <double>6157.3104508059</double> 
      </void> 
      <void property="rawResults"> 
       <object class="java.util.ArrayList"> 
        <void method="add"> 
         <double>6157.3104508059</double> 
        </void> 
        <void method="add"> 
         <double>6287.507716658984</double> 
        </void> 
        <void method="add"> 
         <double>6313.228649040339</double> 
        </void> 
        <void method="add"> 
         <double>6315.839552734437</double> 
        </void> 
        <void method="add"> 
         <double>6480.140103296515</double> 
        </void> 
        <void method="add"> 
         <double>6520.398113678823</double> 
        </void> 
        <void method="add"> 
         <double>6532.8167619199385</double> 
        </void> 
        <void method="add"> 
         <double>6535.123482783274</double> 
        </void> 
        <void method="add"> 
         <double>6542.3905002607235</double> 
        </void> 
        <void method="add"> 
         <double>6547.527633609627</double> 
        </void> 
        <void method="add"> 
         <double>6553.131562307111</double> 
        </void> 
        <void method="add"> 
         <double>6561.385303381468</double> 
        </void> 
        <void method="add"> 
         <double>6561.426812649447</double> 
        </void> 
        <void method="add"> 
         <double>6570.772568928912</double> 
        </void> 
        <void method="add"> 
         <double>6571.006700794645</double> 
        </void> 
        <void method="add"> 
         <double>6574.230904854263</double> 
        </void> 
        <void method="add"> 
         <double>6575.178873274253</double> 
        </void> 
        <void method="add"> 
         <double>6595.62855988969</double> 
        </void> 
        <void method="add"> 
         <double>6607.640893322997</double> 
        </void> 
        <void method="add"> 
         <double>6608.804927409826</double> 
        </void> 
        <void method="add"> 
         <double>6507.94370541577</double> 
        </void> 
        <void method="add"> 
         <double>6225.122089824374</double> 
        </void> 
        <void method="add"> 
         <double>6476.761007831274</double> 
        </void> 
        <void method="add"> 
         <double>6454.260114109765</double> 
        </void> 
        <void method="add"> 
         <double>6543.52749573137</double> 
        </void> 
       </object> 
      </void> 
      <void property="stdev"> 
       <double>123.24015678868636</double> 
      </void> 
     </object> 
    </void> 
    <void index="7"> 
     <object class="jmbench.tools.EvaluationMetrics"> 
      <void property="max"> 
       <double>847.8825090234379</double> 
      </void> 
      <void property="mean"> 
       <double>840.7356317928658</double> 
      </void> 
      <void property="median"> 
       <double>844.378849341156</double> 
      </void> 
      <void property="min"> 
       <double>817.741068591816</double> 
      </void> 
      <void property="rawResults"> 
       <object class="java.util.ArrayList"> 
        <void method="add"> 
         <double>817.741068591816</double> 
        </void> 
        <void method="add"> 
         <double>830.635884017432</double> 
        </void> 
        <void method="add"> 
         <double>830.659191226528</double> 
        </void> 
        <void method="add"> 
         <double>833.0943564860854</double> 
        </void> 
        <void method="add"> 
         <double>837.506788080408</double> 
        </void> 
        <void method="add"> 
         <double>837.5411094508943</double> 
        </void> 
        <void method="add"> 
         <double>838.4290646318065</double> 
        </void> 
        <void method="add"> 
         <double>838.4971900867762</double> 
        </void> 
        <void method="add"> 
         <double>839.7901616786986</double> 
        </void> 
        <void method="add"> 
         <double>844.2775325167402</double> 
        </void> 
        <void method="add"> 
         <double>844.378849341156</double> 
        </void> 
        <void method="add"> 
         <double>844.4578078987115</double> 
        </void> 
        <void method="add"> 
         <double>845.9870332950372</double> 
        </void> 
        <void method="add"> 
         <double>846.0158466623941</double> 
        </void> 
        <void method="add"> 
         <double>846.9325842696331</double> 
        </void> 
        <void method="add"> 
         <double>847.2871649483445</double> 
        </void> 
        <void method="add"> 
         <double>847.4437728826654</double> 
        </void> 
        <void method="add"> 
         <double>847.7125477927254</double> 
        </void> 
        <void method="add"> 
         <double>847.8578951591683</double> 
        </void> 
        <void method="add"> 
         <double>847.8825090234379</double> 
        </void> 
        <void method="add"> 
         <double>828.245077422422</double> 
        </void> 
        <void method="add"> 
         <double>844.8687453480691</double> 
        </void> 
        <void method="add"> 
         <double>838.5729737941817</double> 
        </void> 
        <void method="add"> 
         <double>846.0769859781736</double> 
        </void> 
        <void method="add"> 
         <double>846.4986542383398</double> 
        </void> 
       </object> 
      </void> 
      <void property="stdev"> 
       <double>7.57360236922963</double> 
      </void> 
     </object> 
    </void> 
    <void index="8"> 
     <object class="jmbench.tools.EvaluationMetrics"> 
      <void property="max"> 
       <double>112.4486875030314</double> 
      </void> 
      <void property="mean"> 
       <double>110.100679616545</double> 
      </void> 
      <void property="median"> 
       <double>109.54035822462872</double> 
      </void> 
      <void property="min"> 
       <double>108.10750640883697</double> 
      </void> 
      <void property="rawResults"> 
       <object class="java.util.ArrayList"> 
        <void method="add"> 
         <double>108.10750640883697</double> 
        </void> 
        <void method="add"> 
         <double>108.33236486021254</double> 
        </void> 
        <void method="add"> 
         <double>108.40200237191117</double> 
        </void> 
        <void method="add"> 
         <double>108.6960432257389</double> 
        </void> 
        <void method="add"> 
         <double>108.78330536087465</double> 
        </void> 
        <void method="add"> 
         <double>108.88610258578791</double> 
        </void> 
        <void method="add"> 
         <double>109.11994813883256</double> 
        </void> 
        <void method="add"> 
         <double>109.1639773933873</double> 
        </void> 
        <void method="add"> 
         <double>109.29808375904399</double> 
        </void> 
        <void method="add"> 
         <double>109.39678456018835</double> 
        </void> 
        <void method="add"> 
         <double>109.63272280214832</double> 
        </void> 
        <void method="add"> 
         <double>109.99642903531372</double> 
        </void> 
        <void method="add"> 
         <double>110.3440804287971</double> 
        </void> 
        <void method="add"> 
         <double>110.83421955036462</double> 
        </void> 
        <void method="add"> 
         <double>111.59548541368588</double> 
        </void> 
        <void method="add"> 
         <double>111.85529967282986</double> 
        </void> 
        <void method="add"> 
         <double>111.90181718825829</double> 
        </void> 
        <void method="add"> 
         <double>112.15540559467222</double> 
        </void> 
        <void method="add"> 
         <double>112.24243632929878</double> 
        </void> 
        <void method="add"> 
         <double>112.41021861077631</double> 
        </void> 
        <void method="add"> 
         <double>111.61471311566984</double> 
        </void> 
        <void method="add"> 
         <double>112.4486875030314</double> 
        </void> 
        <void method="add"> 
         <double>109.54035822462872</double> 
        </void> 
        <void method="add"> 
         <double>108.55373072345867</double> 
        </void> 
        <void method="add"> 
         <double>109.20526755587683</double> 
        </void> 
       </object> 
      </void> 
      <void property="stdev"> 
       <double>1.4558755776797725</double> 
      </void> 
     </object> 
    </void> 
    <void index="9"> 
     <object class="jmbench.tools.EvaluationMetrics"> 
      <void property="max"> 
       <double>7.022197935434215</double> 
      </void> 
      <void property="mean"> 
       <double>6.793728178726632</double> 
      </void> 
      <void property="median"> 
       <double>6.9206999007026875</double> 
      </void> 
      <void property="min"> 
       <double>5.718259335965854</double> 
      </void> 
      <void property="rawResults"> 
       <object class="java.util.ArrayList"> 
        <void method="add"> 
         <double>5.718259335965854</double> 
        </void> 
        <void method="add"> 
         <double>5.760628233179341</double> 
        </void> 
        <void method="add"> 
         <double>6.672041863753362</double> 
        </void> 
        <void method="add"> 
         <double>6.676790007197115</double> 
        </void> 
        <void method="add"> 
         <double>6.683226076658167</double> 
        </void> 
        <void method="add"> 
         <double>6.767824652067561</double> 
        </void> 
        <void method="add"> 
         <double>6.792004473679884</double> 
        </void> 
        <void method="add"> 
         <double>6.817165797087555</double> 
        </void> 
        <void method="add"> 
         <double>6.896273191703709</double> 
        </void> 
        <void method="add"> 
         <double>6.919824336346376</double> 
        </void> 
        <void method="add"> 
         <double>6.926117187121805</double> 
        </void> 
        <void method="add"> 
         <double>6.98354155705818</double> 
        </void> 
        <void method="add"> 
         <double>6.991834010989266</double> 
        </void> 
        <void method="add"> 
         <double>6.992754350357644</double> 
        </void> 
        <void method="add"> 
         <double>6.996217881926192</double> 
        </void> 
        <void method="add"> 
         <double>7.006521247356417</double> 
        </void> 
        <void method="add"> 
         <double>7.007983226914559</double> 
        </void> 
        <void method="add"> 
         <double>7.008926260092098</double> 
        </void> 
        <void method="add"> 
         <double>7.011975096647894</double> 
        </void> 
        <void method="add"> 
         <double>7.022197935434215</double> 
        </void> 
        <void method="add"> 
         <double>6.7071120877391674</double> 
        </void> 
        <void method="add"> 
         <double>6.925665554967517</double> 
        </void> 
        <void method="add"> 
         <double>6.9832178261718765</double> 
        </void> 
        <void method="add"> 
         <double>6.9206999007026875</double> 
        </void> 
        <void method="add"> 
         <double>6.654402377047338</double> 
        </void> 
       </object> 
      </void> 
      <void property="stdev"> 
       <double>0.33462528597226554</double> 
      </void> 
     </object> 
    </void> 
    <void index="10"> 
     <object class="jmbench.tools.EvaluationMetrics"> 
      <void property="max"> 
       <double>0.6248896237929693</double> 
      </void> 
      <void property="mean"> 
       <double>0.6035090205710483</double> 
      </void> 
      <void property="median"> 
       <double>0.6063847685164303</double> 
      </void> 
      <void property="min"> 
       <double>0.5720910234118584</double> 
      </void> 
      <void property="rawResults"> 
       <object class="java.util.ArrayList"> 
        <void method="add"> 
         <double>0.5720910234118584</double> 
        </void> 
        <void method="add"> 
         <double>0.576171472428317</double> 
        </void> 
        <void method="add"> 
         <double>0.5785477957865873</double> 
        </void> 
        <void method="add"> 
         <double>0.5794915351892416</double> 
        </void> 
        <void method="add"> 
         <double>0.5845711970404815</double> 
        </void> 
        <void method="add"> 
         <double>0.594768240365183</double> 
        </void> 
        <void method="add"> 
         <double>0.5952700160612154</double> 
        </void> 
        <void method="add"> 
         <double>0.6001506644034397</double> 
        </void> 
        <void method="add"> 
         <double>0.600911020587064</double> 
        </void> 
        <void method="add"> 
         <double>0.6009605552192839</double> 
        </void> 
        <void method="add"> 
         <double>0.6070040253283768</double> 
        </void> 
        <void method="add"> 
         <double>0.6131100096963102</double> 
        </void> 
        <void method="add"> 
         <double>0.6132618192208755</double> 
        </void> 
        <void method="add"> 
         <double>0.6149397382716301</double> 
        </void> 
        <void method="add"> 
         <double>0.6177667047900797</double> 
        </void> 
        <void method="add"> 
         <double>0.618205032994737</double> 
        </void> 
        <void method="add"> 
         <double>0.621603025518709</double> 
        </void> 
        <void method="add"> 
         <double>0.6238172189647543</double> 
        </void> 
        <void method="add"> 
         <double>0.6239393152528943</double> 
        </void> 
        <void method="add"> 
         <double>0.6248896237929693</double> 
        </void> 
        <void method="add"> 
         <double>0.6007498495943152</double> 
        </void> 
        <void method="add"> 
         <double>0.5788920530002882</double> 
        </void> 
        <void method="add"> 
         <double>0.6230383437207485</double> 
        </void> 
        <void method="add"> 
         <double>0.6171904651204158</double> 
        </void> 
        <void method="add"> 
         <double>0.6063847685164303</double> 
        </void> 
       </object> 
      </void> 
      <void property="stdev"> 
       <double>0.016752319412804955</double> 
      </void> 
     </object> 
    </void> 
    <void index="11"> 
     <object class="jmbench.tools.EvaluationMetrics"> 
      <void property="max"> 
       <double>0.0794665240276466</double> 
      </void> 
      <void property="mean"> 
       <double>0.07608259931170332</double> 
      </void> 
      <void property="median"> 
       <double>0.07479161306476412</double> 
      </void> 
      <void property="min"> 
       <double>0.07337488221796952</double> 
      </void> 
      <void property="rawResults"> 
       <object class="java.util.ArrayList"> 
        <void method="add"> 
         <double>0.07337488221796952</double> 
        </void> 
        <void method="add"> 
         <double>0.0740919109826772</double> 
        </void> 
        <void method="add"> 
         <double>0.0794665240276466</double> 
        </void> 
        <void method="add"> 
         <double>0.07868806626545911</double> 
        </void> 
        <void method="add"> 
         <double>0.07479161306476412</double> 
        </void> 
       </object> 
      </void> 
      <void property="stdev"> 
       <double>0.002498024095283731</double> 
      </void> 
     </object> 
    </void> 
   </array> 
  </void> 
  <void property="opName"> 
   <string>Mult c=a^t * b</string> 
  </void> 
 </object> 
</java> 
