<?xml version="1.0" encoding="UTF-8"?> 
<java version="1.6.0_16" class="java.beans.XMLDecoder"> 
 <object class="jmbench.tools.runtime.OperationResults"> 
  <void property="library"> 
   <object class="jmbench.impl.MatrixLibrary" method="valueOf"> 
    <string>EJML</string> 
   </object> 
  </void> 
  <void property="matDimen"> 
   <array class="int" length="12"> 
    <void index="0"> 
     <int>2</int> 
    </void> 
    <void index="1"> 
     <int>3</int> 
    </void> 
    <void index="2"> 
     <int>4</int> 
    </void> 
    <void index="3"> 
     <int>5</int> 
    </void> 
    <void index="4"> 
     <int>10</int> 
    </void> 
    <void index="5"> 
     <int>20</int> 
    </void> 
    <void index="6"> 
     <int>50</int> 
    </void> 
    <void index="7"> 
     <int>100</int> 
    </void> 
    <void index="8"> 
     <int>200</int> 
    </void> 
    <void index="9"> 
     <int>500</int> 
    </void> 
    <void index="10"> 
     <int>1000</int> 
    </void> 
    <void index="11"> 
     <int>2000</int> 
    </void> 
   </array> 
  </void> 
  <void property="metrics"> 
   <array class="jmbench.tools.EvaluationMetrics" length="12"> 
    <void index="0"> 
     <object class="jmbench.tools.EvaluationMetrics"> 
      <void property="max"> 
       <double>1.1069159137136777E8</double> 
      </void> 
      <void property="mean"> 
       <double>1.1041925462494291E8</double> 
      </void> 
      <void property="median"> 
       <double>1.10501950129618E8</double> 
      </void> 
      <void property="min"> 
       <double>1.0936027270033896E8</double> 
      </void> 
      <void property="rawResults"> 
       <object class="java.util.ArrayList"> 
        <void method="add"> 
         <double>1.0936027270033896E8</double> 
        </void> 
        <void method="add"> 
         <double>1.1008419727331288E8</double> 
        </void> 
        <void method="add"> 
         <double>1.1042747943994711E8</double> 
        </void> 
        <void method="add"> 
         <double>1.1044821359220272E8</double> 
        </void> 
        <void method="add"> 
         <double>1.1044939076109223E8</double> 
        </void> 
        <void method="add"> 
         <double>1.1045384762289032E8</double> 
        </void> 
        <void method="add"> 
         <double>1.1046290545719352E8</double> 
        </void> 
        <void method="add"> 
         <double>1.104637208045753E8</double> 
        </void> 
        <void method="add"> 
         <double>1.1048260614173523E8</double> 
        </void> 
        <void method="add"> 
         <double>1.1048261436306752E8</double> 
        </void> 
        <void method="add"> 
         <double>1.10501950129618E8</double> 
        </void> 
        <void method="add"> 
         <double>1.105074492625346E8</double> 
        </void> 
        <void method="add"> 
         <double>1.1053851613453797E8</double> 
        </void> 
        <void method="add"> 
         <double>1.1054199809256986E8</double> 
        </void> 
        <void method="add"> 
         <double>1.1055880559351847E8</double> 
        </void> 
        <void method="add"> 
         <double>1.105636976312519E8</double> 
        </void> 
        <void method="add"> 
         <double>1.1058952261817448E8</double> 
        </void> 
        <void method="add"> 
         <double>1.1059430473967233E8</double> 
        </void> 
        <void method="add"> 
         <double>1.1060119186661693E8</double> 
        </void> 
        <void method="add"> 
         <double>1.1060569422600448E8</double> 
        </void> 
        <void method="add"> 
         <double>1.0953675758322416E8</double> 
        </void> 
        <void method="add"> 
         <double>1.1055457325987332E8</double> 
        </void> 
        <void method="add"> 
         <double>1.1044701009467223E8</double> 
        </void> 
        <void method="add"> 
         <double>1.1053305486358058E8</double> 
        </void> 
        <void method="add"> 
         <double>1.1069159137136777E8</double> 
        </void> 
       </object> 
      </void> 
      <void property="stdev"> 
       <double>306291.8274388207</double> 
      </void> 
     </object> 
    </void> 
    <void index="1"> 
     <object class="jmbench.tools.EvaluationMetrics"> 
      <void property="max"> 
       <double>5.444265718678779E7</double> 
      </void> 
      <void property="mean"> 
       <double>4.684233421060633E7</double> 
      </void> 
      <void property="median"> 
       <double>5.053648727602798E7</double> 
      </void> 
      <void property="min"> 
       <double>3.657607773295604E7</double> 
      </void> 
      <void property="rawResults"> 
       <object class="java.util.ArrayList"> 
        <void method="add"> 
         <double>3.657607773295604E7</double> 
        </void> 
        <void method="add"> 
         <double>3.664531317637193E7</double> 
        </void> 
        <void method="add"> 
         <double>3.8262225676515035E7</double> 
        </void> 
        <void method="add"> 
         <double>3.829560317321917E7</double> 
        </void> 
        <void method="add"> 
         <double>3.8299039180079974E7</double> 
        </void> 
        <void method="add"> 
         <double>4.3015582083144024E7</double> 
        </void> 
        <void method="add"> 
         <double>4.309936682687581E7</double> 
        </void> 
        <void method="add"> 
         <double>4.313475182866667E7</double> 
        </void> 
        <void method="add"> 
         <double>4.811450964968281E7</double> 
        </void> 
        <void method="add"> 
         <double>5.029762315115843E7</double> 
        </void> 
        <void method="add"> 
         <double>5.053648727602798E7</double> 
        </void> 
        <void method="add"> 
         <double>5.195424645875875E7</double> 
        </void> 
        <void method="add"> 
         <double>5.197353137128342E7</double> 
        </void> 
        <void method="add"> 
         <double>5.210099068641497E7</double> 
        </void> 
        <void method="add"> 
         <double>5.231690593221296E7</double> 
        </void> 
        <void method="add"> 
         <double>5.248029477549401E7</double> 
        </void> 
        <void method="add"> 
         <double>5.28878267800222E7</double> 
        </void> 
        <void method="add"> 
         <double>5.291001541742367E7</double> 
        </void> 
        <void method="add"> 
         <double>5.304970120417238E7</double> 
        </void> 
        <void method="add"> 
         <double>5.444265718678779E7</double> 
        </void> 
        <void method="add"> 
         <double>3.6995391789478384E7</double> 
        </void> 
        <void method="add"> 
         <double>3.692537370719475E7</double> 
        </void> 
        <void method="add"> 
         <double>5.2065398094403856E7</double> 
        </void> 
        <void method="add"> 
         <double>5.225306859079124E7</double> 
        </void> 
        <void method="add"> 
         <double>5.242637351602203E7</double> 
        </void> 
       </object> 
      </void> 
      <void property="stdev"> 
       <double>6612749.651946202</double> 
      </void> 
     </object> 
    </void> 
    <void index="2"> 
     <object class="jmbench.tools.EvaluationMetrics"> 
      <void property="max"> 
       <double>5.9169559477090724E7</double> 
      </void> 
      <void property="mean"> 
       <double>5.766950848910285E7</double> 
      </void> 
      <void property="median"> 
       <double>5.906250719950955E7</double> 
      </void> 
      <void property="min"> 
       <double>5.181775760457212E7</double> 
      </void> 
      <void property="rawResults"> 
       <object class="java.util.ArrayList"> 
        <void method="add"> 
         <double>5.181775760457212E7</double> 
        </void> 
        <void method="add"> 
         <double>5.18617885410615E7</double> 
        </void> 
        <void method="add"> 
         <double>5.220770570906383E7</double> 
        </void> 
        <void method="add"> 
         <double>5.221144850389654E7</double> 
        </void> 
        <void method="add"> 
         <double>5.872144049632327E7</double> 
        </void> 
        <void method="add"> 
         <double>5.892710649209893E7</double> 
        </void> 
        <void method="add"> 
         <double>5.904671793203913E7</double> 
        </void> 
        <void method="add"> 
         <double>5.904806201210734E7</double> 
        </void> 
        <void method="add"> 
         <double>5.9048960726816624E7</double> 
        </void> 
        <void method="add"> 
         <double>5.910458557852742E7</double> 
        </void> 
        <void method="add"> 
         <double>5.913521796185873E7</double> 
        </void> 
        <void method="add"> 
         <double>5.9148085842850015E7</double> 
        </void> 
        <void method="add"> 
         <double>5.9151583771168746E7</double> 
        </void> 
        <void method="add"> 
         <double>5.915376332478065E7</double> 
        </void> 
        <void method="add"> 
         <double>5.91542160130069E7</double> 
        </void> 
        <void method="add"> 
         <double>5.9154514386350326E7</double> 
        </void> 
        <void method="add"> 
         <double>5.915581925973671E7</double> 
        </void> 
        <void method="add"> 
         <double>5.915880557466939E7</double> 
        </void> 
        <void method="add"> 
         <double>5.916199966526326E7</double> 
        </void> 
        <void method="add"> 
         <double>5.9169559477090724E7</double> 
        </void> 
        <void method="add"> 
         <double>5.880977314376853E7</double> 
        </void> 
        <void method="add"> 
         <double>5.9150715355426006E7</double> 
        </void> 
        <void method="add"> 
         <double>5.2192793218305856E7</double> 
        </void> 
        <void method="add"> 
         <double>5.898278443727877E7</double> 
        </void> 
        <void method="add"> 
         <double>5.906250719950955E7</double> 
        </void> 
       </object> 
      </void> 
      <void property="stdev"> 
       <double>2808872.091009573</double> 
      </void> 
     </object> 
    </void> 
    <void index="3"> 
     <object class="jmbench.tools.EvaluationMetrics"> 
      <void property="max"> 
       <double>4.226693095104091E7</double> 
      </void> 
      <void property="mean"> 
       <double>4.2170375005058296E7</double> 
      </void> 
      <void property="median"> 
       <double>4.221957819346903E7</double> 
      </void> 
      <void property="min"> 
       <double>4.171957014997684E7</double> 
      </void> 
      <void property="rawResults"> 
       <object class="java.util.ArrayList"> 
        <void method="add"> 
         <double>4.171957014997684E7</double> 
        </void> 
        <void method="add"> 
         <double>4.194101490103206E7</double> 
        </void> 
        <void method="add"> 
         <double>4.203705246275199E7</double> 
        </void> 
        <void method="add"> 
         <double>4.2042540711273365E7</double> 
        </void> 
        <void method="add"> 
         <double>4.211652534245371E7</double> 
        </void> 
        <void method="add"> 
         <double>4.215672748552058E7</double> 
        </void> 
        <void method="add"> 
         <double>4.217190801202785E7</double> 
        </void> 
        <void method="add"> 
         <double>4.218023948132419E7</double> 
        </void> 
        <void method="add"> 
         <double>4.2187608802256286E7</double> 
        </void> 
        <void method="add"> 
         <double>4.219658185736859E7</double> 
        </void> 
        <void method="add"> 
         <double>4.221957819346903E7</double> 
        </void> 
        <void method="add"> 
         <double>4.224933731711671E7</double> 
        </void> 
        <void method="add"> 
         <double>4.2255975554384716E7</double> 
        </void> 
        <void method="add"> 
         <double>4.22560892074529E7</double> 
        </void> 
        <void method="add"> 
         <double>4.2257952627324514E7</double> 
        </void> 
        <void method="add"> 
         <double>4.2260513149789885E7</double> 
        </void> 
        <void method="add"> 
         <double>4.2262542123744756E7</double> 
        </void> 
        <void method="add"> 
         <double>4.226486468615123E7</double> 
        </void> 
        <void method="add"> 
         <double>4.22665411739107E7</double> 
        </void> 
        <void method="add"> 
         <double>4.226693095104091E7</double> 
        </void> 
        <void method="add"> 
         <double>4.2077545099450774E7</double> 
        </void> 
        <void method="add"> 
         <double>4.210810405467997E7</double> 
        </void> 
        <void method="add"> 
         <double>4.224805997450491E7</double> 
        </void> 
        <void method="add"> 
         <double>4.225490959126959E7</double> 
        </void> 
        <void method="add"> 
         <double>4.226066221618131E7</double> 
        </void> 
       </object> 
      </void> 
      <void property="stdev"> 
       <double>126974.66546449492</double> 
      </void> 
     </object> 
    </void> 
    <void index="4"> 
     <object class="jmbench.tools.EvaluationMetrics"> 
      <void property="max"> 
       <double>1.2450786438078616E7</double> 
      </void> 
      <void property="mean"> 
       <double>1.1931274964383107E7</double> 
      </void> 
      <void property="median"> 
       <double>1.2397378398764066E7</double> 
      </void> 
      <void property="min"> 
       <double>1.0001835711765826E7</double> 
      </void> 
      <void property="rawResults"> 
       <object class="java.util.ArrayList"> 
        <void method="add"> 
         <double>1.0001835711765826E7</double> 
        </void> 
        <void method="add"> 
         <double>1.0003944077311974E7</double> 
        </void> 
        <void method="add"> 
         <double>1.0062495089246493E7</double> 
        </void> 
        <void method="add"> 
         <double>1.0087699950976443E7</double> 
        </void> 
        <void method="add"> 
         <double>1.23448744153926E7</double> 
        </void> 
        <void method="add"> 
         <double>1.2347633341663335E7</double> 
        </void> 
        <void method="add"> 
         <double>1.2352898290487502E7</double> 
        </void> 
        <void method="add"> 
         <double>1.2365075212412564E7</double> 
        </void> 
        <void method="add"> 
         <double>1.2367262696715651E7</double> 
        </void> 
        <void method="add"> 
         <double>1.2369488964777924E7</double> 
        </void> 
        <void method="add"> 
         <double>1.238427105956098E7</double> 
        </void> 
        <void method="add"> 
         <double>1.2397378398764066E7</double> 
        </void> 
        <void method="add"> 
         <double>1.2407608062421547E7</double> 
        </void> 
        <void method="add"> 
         <double>1.242018734949656E7</double> 
        </void> 
        <void method="add"> 
         <double>1.2420307303931298E7</double> 
        </void> 
        <void method="add"> 
         <double>1.2427043035468066E7</double> 
        </void> 
        <void method="add"> 
         <double>1.2432844207574008E7</double> 
        </void> 
        <void method="add"> 
         <double>1.2438326989698032E7</double> 
        </void> 
        <void method="add"> 
         <double>1.2442828315053107E7</double> 
        </void> 
        <void method="add"> 
         <double>1.2450786438078616E7</double> 
        </void> 
        <void method="add"> 
         <double>1.2399344954907607E7</double> 
        </void> 
        <void method="add"> 
         <double>1.243901736344274E7</double> 
        </void> 
        <void method="add"> 
         <double>1.2443723185927087E7</double> 
        </void> 
        <void method="add"> 
         <double>1.003140470768468E7</double> 
        </void> 
        <void method="add"> 
         <double>1.2443594986818973E7</double> 
        </void> 
       </object> 
      </void> 
      <void property="stdev"> 
       <double>947543.8365804612</double> 
      </void> 
     </object> 
    </void> 
    <void index="5"> 
     <object class="jmbench.tools.EvaluationMetrics"> 
      <void property="max"> 
       <double>3271976.831300911</double> 
      </void> 
      <void property="mean"> 
       <double>3254542.0083683296</double> 
      </void> 
      <void property="median"> 
       <double>3253894.5915395194</double> 
      </void> 
      <void property="min"> 
       <double>3230752.6618259074</double> 
      </void> 
      <void property="rawResults"> 
       <object class="java.util.ArrayList"> 
        <void method="add"> 
         <double>3235823.260520245</double> 
        </void> 
        <void method="add"> 
         <double>3236091.515883687</double> 
        </void> 
        <void method="add"> 
         <double>3237666.471992709</double> 
        </void> 
        <void method="add"> 
         <double>3240129.9603484147</double> 
        </void> 
        <void method="add"> 
         <double>3242168.7667626166</double> 
        </void> 
        <void method="add"> 
         <double>3243606.920815692</double> 
        </void> 
        <void method="add"> 
         <double>3251419.4217143646</double> 
        </void> 
        <void method="add"> 
         <double>3252597.565048995</double> 
        </void> 
        <void method="add"> 
         <double>3253052.2262272793</double> 
        </void> 
        <void method="add"> 
         <double>3253063.7386118704</double> 
        </void> 
        <void method="add"> 
         <double>3253894.5915395194</double> 
        </void> 
        <void method="add"> 
         <double>3254041.981372972</double> 
        </void> 
        <void method="add"> 
         <double>3259378.528942726</double> 
        </void> 
        <void method="add"> 
         <double>3266317.2650203565</double> 
        </void> 
        <void method="add"> 
         <double>3268543.2049328983</double> 
        </void> 
        <void method="add"> 
         <double>3269854.750244425</double> 
        </void> 
        <void method="add"> 
         <double>3270067.8033418623</double> 
        </void> 
        <void method="add"> 
         <double>3271355.7038965095</double> 
        </void> 
        <void method="add"> 
         <double>3271638.531460391</double> 
        </void> 
        <void method="add"> 
         <double>3271976.831300911</double> 
        </void> 
        <void method="add"> 
         <double>3258462.5398298264</double> 
        </void> 
        <void method="add"> 
         <double>3242807.7883148394</double> 
        </void> 
        <void method="add"> 
         <double>3230752.6618259074</double> 
        </void> 
        <void method="add"> 
         <double>3261126.220148834</double> 
        </void> 
        <void method="add"> 
         <double>3267711.9591103815</double> 
        </void> 
       </object> 
      </void> 
      <void property="stdev"> 
       <double>12842.045857337635</double> 
      </void> 
     </object> 
    </void> 
    <void index="6"> 
     <object class="jmbench.tools.EvaluationMetrics"> 
      <void property="max"> 
       <double>374674.7250828839</double> 
      </void> 
      <void property="mean"> 
       <double>365035.68381350144</double> 
      </void> 
      <void property="median"> 
       <double>369929.33543262904</double> 
      </void> 
      <void property="min"> 
       <double>345548.7913732678</double> 
      </void> 
      <void property="rawResults"> 
       <object class="java.util.ArrayList"> 
        <void method="add"> 
         <double>346905.6726081277</double> 
        </void> 
        <void method="add"> 
         <double>348048.92641309294</double> 
        </void> 
        <void method="add"> 
         <double>348181.6563123891</double> 
        </void> 
        <void method="add"> 
         <double>348248.05748249986</double> 
        </void> 
        <void method="add"> 
         <double>361949.55268426763</double> 
        </void> 
        <void method="add"> 
         <double>362600.11837508006</double> 
        </void> 
        <void method="add"> 
         <double>363383.6589675219</double> 
        </void> 
        <void method="add"> 
         <double>364674.76857587136</double> 
        </void> 
        <void method="add"> 
         <double>365488.9219133321</double> 
        </void> 
        <void method="add"> 
         <double>368949.14729875745</double> 
        </void> 
        <void method="add"> 
         <double>369929.33543262904</double> 
        </void> 
        <void method="add"> 
         <double>370406.80108920875</double> 
        </void> 
        <void method="add"> 
         <double>370734.4930822231</double> 
        </void> 
        <void method="add"> 
         <double>371004.62860861386</double> 
        </void> 
        <void method="add"> 
         <double>371269.42312720034</double> 
        </void> 
        <void method="add"> 
         <double>371435.73669725674</double> 
        </void> 
        <void method="add"> 
         <double>371599.2586667567</double> 
        </void> 
        <void method="add"> 
         <double>371641.48525518354</double> 
        </void> 
        <void method="add"> 
         <double>371697.13303934585</double> 
        </void> 
        <void method="add"> 
         <double>374158.2402572194</double> 
        </void> 
        <void method="add"> 
         <double>373013.80192895845</double> 
        </void> 
        <void method="add"> 
         <double>345548.7913732678</double> 
        </void> 
        <void method="add"> 
         <double>368527.11550020333</double> 
        </void> 
        <void method="add"> 
         <double>374674.7250828839</double> 
        </void> 
        <void method="add"> 
         <double>371820.64556564816</double> 
        </void> 
       </object> 
      </void> 
      <void property="stdev"> 
       <double>9437.218016321562</double> 
      </void> 
     </object> 
    </void> 
    <void index="7"> 
     <object class="jmbench.tools.EvaluationMetrics"> 
      <void property="max"> 
       <double>95247.54501675405</double> 
      </void> 
      <void property="mean"> 
       <double>92590.39073180729</double> 
      </void> 
      <void property="median"> 
       <double>93888.83100329296</double> 
      </void> 
      <void property="min"> 
       <double>86652.6333557738</double> 
      </void> 
      <void property="rawResults"> 
       <object class="java.util.ArrayList"> 
        <void method="add"> 
         <double>86652.6333557738</double> 
        </void> 
        <void method="add"> 
         <double>88441.8377420518</double> 
        </void> 
        <void method="add"> 
         <double>88545.14815224684</double> 
        </void> 
        <void method="add"> 
         <double>89226.95321232139</double> 
        </void> 
        <void method="add"> 
         <double>91756.10560648782</double> 
        </void> 
        <void method="add"> 
         <double>91760.3172015002</double> 
        </void> 
        <void method="add"> 
         <double>92666.3286302145</double> 
        </void> 
        <void method="add"> 
         <double>92864.86153684928</double> 
        </void> 
        <void method="add"> 
         <double>93059.93193076547</double> 
        </void> 
        <void method="add"> 
         <double>93846.25049900093</double> 
        </void> 
        <void method="add"> 
         <double>93888.83100329296</double> 
        </void> 
        <void method="add"> 
         <double>93927.9450880854</double> 
        </void> 
        <void method="add"> 
         <double>93947.50816066514</double> 
        </void> 
        <void method="add"> 
         <double>94036.06175189957</double> 
        </void> 
        <void method="add"> 
         <double>94064.51477614712</double> 
        </void> 
        <void method="add"> 
         <double>94094.29765828115</double> 
        </void> 
        <void method="add"> 
         <double>94443.25401618236</double> 
        </void> 
        <void method="add"> 
         <double>94504.31850752757</double> 
        </void> 
        <void method="add"> 
         <double>95023.36805738625</double> 
        </void> 
        <void method="add"> 
         <double>95247.54501675405</double> 
        </void> 
        <void method="add"> 
         <double>94209.0561230018</double> 
        </void> 
        <void method="add"> 
         <double>94012.45333101708</double> 
        </void> 
        <void method="add"> 
         <double>92660.62037463154</double> 
        </void> 
        <void method="add"> 
         <double>87047.02868238956</double> 
        </void> 
        <void method="add"> 
         <double>94832.59788070864</double> 
        </void> 
       </object> 
      </void> 
      <void property="stdev"> 
       <double>2495.829859949178</double> 
      </void> 
     </object> 
    </void> 
    <void index="8"> 
     <object class="jmbench.tools.EvaluationMetrics"> 
      <void property="max"> 
       <double>23892.808249230653</double> 
      </void> 
      <void property="mean"> 
       <double>23361.864445562747</double> 
      </void> 
      <void property="median"> 
       <double>23605.029250193413</double> 
      </void> 
      <void property="min"> 
       <double>21973.91058013525</double> 
      </void> 
      <void property="rawResults"> 
       <object class="java.util.ArrayList"> 
        <void method="add"> 
         <double>21973.91058013525</double> 
        </void> 
        <void method="add"> 
         <double>22159.69932484911</double> 
        </void> 
        <void method="add"> 
         <double>22325.480183137246</double> 
        </void> 
        <void method="add"> 
         <double>22427.06583203387</double> 
        </void> 
        <void method="add"> 
         <double>23283.29195493</double> 
        </void> 
        <void method="add"> 
         <double>23454.199891385004</double> 
        </void> 
        <void method="add"> 
         <double>23464.50123162257</double> 
        </void> 
        <void method="add"> 
         <double>23540.58469372367</double> 
        </void> 
        <void method="add"> 
         <double>23603.86027875768</double> 
        </void> 
        <void method="add"> 
         <double>23605.029250193413</double> 
        </void> 
        <void method="add"> 
         <double>23605.583040315527</double> 
        </void> 
        <void method="add"> 
         <double>23610.395606717906</double> 
        </void> 
        <void method="add"> 
         <double>23616.134043694216</double> 
        </void> 
        <void method="add"> 
         <double>23632.5983883296</double> 
        </void> 
        <void method="add"> 
         <double>23720.6505709702</double> 
        </void> 
        <void method="add"> 
         <double>23798.173131183386</double> 
        </void> 
        <void method="add"> 
         <double>23813.2443169971</double> 
        </void> 
        <void method="add"> 
         <double>23846.27147500777</double> 
        </void> 
        <void method="add"> 
         <double>23864.07544162557</double> 
        </void> 
        <void method="add"> 
         <double>23892.808249230653</double> 
        </void> 
        <void method="add"> 
         <double>23669.977446520486</double> 
        </void> 
        <void method="add"> 
         <double>23861.06947039186</double> 
        </void> 
        <void method="add"> 
         <double>23603.761907851243</double> 
        </void> 
        <void method="add"> 
         <double>23325.964348522568</double> 
        </void> 
        <void method="add"> 
         <double>22348.280480942878</double> 
        </void> 
       </object> 
      </void> 
      <void property="stdev"> 
       <double>582.2864843961025</double> 
      </void> 
     </object> 
    </void> 
    <void index="9"> 
     <object class="jmbench.tools.EvaluationMetrics"> 
      <void property="max"> 
       <double>1318.8017525068838</double> 
      </void> 
      <void property="mean"> 
       <double>1274.3856637611987</double> 
      </void> 
      <void property="median"> 
       <double>1276.8026702872887</double> 
      </void> 
      <void property="min"> 
       <double>1212.1708070790025</double> 
      </void> 
      <void property="rawResults"> 
       <object class="java.util.ArrayList"> 
        <void method="add"> 
         <double>1212.1708070790025</double> 
        </void> 
        <void method="add"> 
         <double>1238.265840031678</double> 
        </void> 
        <void method="add"> 
         <double>1243.92234531966</double> 
        </void> 
        <void method="add"> 
         <double>1244.3896905915642</double> 
        </void> 
        <void method="add"> 
         <double>1250.1509350853576</double> 
        </void> 
        <void method="add"> 
         <double>1252.2618329469176</double> 
        </void> 
        <void method="add"> 
         <double>1260.3387355801324</double> 
        </void> 
        <void method="add"> 
         <double>1260.910505639615</double> 
        </void> 
        <void method="add"> 
         <double>1262.9828620127669</double> 
        </void> 
        <void method="add"> 
         <double>1265.4943807822735</double> 
        </void> 
        <void method="add"> 
         <double>1276.8026702872887</double> 
        </void> 
        <void method="add"> 
         <double>1277.014833559874</double> 
        </void> 
        <void method="add"> 
         <double>1285.6397297261365</double> 
        </void> 
        <void method="add"> 
         <double>1290.622443377042</double> 
        </void> 
        <void method="add"> 
         <double>1293.588948620285</double> 
        </void> 
        <void method="add"> 
         <double>1296.3152013937781</double> 
        </void> 
        <void method="add"> 
         <double>1299.9798882051966</double> 
        </void> 
        <void method="add"> 
         <double>1304.0363312257161</double> 
        </void> 
        <void method="add"> 
         <double>1307.0530609239795</double> 
        </void> 
        <void method="add"> 
         <double>1318.8017525068838</double> 
        </void> 
        <void method="add"> 
         <double>1265.3056186137346</double> 
        </void> 
        <void method="add"> 
         <double>1303.431851252</double> 
        </void> 
        <void method="add"> 
         <double>1291.386622466477</double> 
        </void> 
        <void method="add"> 
         <double>1251.8610796779294</double> 
        </void> 
        <void method="add"> 
         <double>1306.9136271246798</double> 
        </void> 
       </object> 
      </void> 
      <void property="stdev"> 
       <double>26.28713419989457</double> 
      </void> 
     </object> 
    </void> 
    <void index="10"> 
     <object class="jmbench.tools.EvaluationMetrics"> 
      <void property="max"> 
       <double>261.41438904957545</double> 
      </void> 
      <void property="mean"> 
       <double>255.23036247542194</double> 
      </void> 
      <void property="median"> 
       <double>257.04144094974225</double> 
      </void> 
      <void property="min"> 
       <double>235.82858323210215</double> 
      </void> 
      <void property="rawResults"> 
       <object class="java.util.ArrayList"> 
        <void method="add"> 
         <double>235.82858323210215</double> 
        </void> 
        <void method="add"> 
         <double>245.7805335302177</double> 
        </void> 
        <void method="add"> 
         <double>248.35618760545185</double> 
        </void> 
        <void method="add"> 
         <double>251.516644530359</double> 
        </void> 
        <void method="add"> 
         <double>252.03284064990723</double> 
        </void> 
        <void method="add"> 
         <double>253.2259403808351</double> 
        </void> 
        <void method="add"> 
         <double>253.3856394656913</double> 
        </void> 
        <void method="add"> 
         <double>253.5139511896264</double> 
        </void> 
        <void method="add"> 
         <double>253.56917616870365</double> 
        </void> 
        <void method="add"> 
         <double>253.75925643383792</double> 
        </void> 
        <void method="add"> 
         <double>257.04144094974225</double> 
        </void> 
        <void method="add"> 
         <double>257.40309842784944</double> 
        </void> 
        <void method="add"> 
         <double>258.0090749287495</double> 
        </void> 
        <void method="add"> 
         <double>259.3342100885737</double> 
        </void> 
        <void method="add"> 
         <double>259.5745744800307</double> 
        </void> 
        <void method="add"> 
         <double>259.7089110047003</double> 
        </void> 
        <void method="add"> 
         <double>260.4000459325727</double> 
        </void> 
        <void method="add"> 
         <double>260.4963158327821</double> 
        </void> 
        <void method="add"> 
         <double>260.4965543774544</double> 
        </void> 
        <void method="add"> 
         <double>260.67474033783776</double> 
        </void> 
        <void method="add"> 
         <double>253.92629911234764</double> 
        </void> 
        <void method="add"> 
         <double>261.41438904957545</double> 
        </void> 
        <void method="add"> 
         <double>259.2620555219329</double> 
        </void> 
        <void method="add"> 
         <double>259.93905736150623</double> 
        </void> 
        <void method="add"> 
         <double>252.10954129316045</double> 
        </void> 
       </object> 
      </void> 
      <void property="stdev"> 
       <double>5.740106757009002</double> 
      </void> 
     </object> 
    </void> 
    <void index="11"> 
     <object class="jmbench.tools.EvaluationMetrics"> 
      <void property="max"> 
       <double>64.40941085146574</double> 
      </void> 
      <void property="mean"> 
       <double>62.679705446700844</double> 
      </void> 
      <void property="median"> 
       <double>62.97069698169426</double> 
      </void> 
      <void property="min"> 
       <double>56.82658788321318</double> 
      </void> 
      <void property="rawResults"> 
       <object class="java.util.ArrayList"> 
        <void method="add"> 
         <double>61.17982688623693</double> 
        </void> 
        <void method="add"> 
         <double>61.499199316386296</double> 
        </void> 
        <void method="add"> 
         <double>61.78027134263295</double> 
        </void> 
        <void method="add"> 
         <double>61.95628711336489</double> 
        </void> 
        <void method="add"> 
         <double>62.11868113613181</double> 
        </void> 
        <void method="add"> 
         <double>62.53112372694481</double> 
        </void> 
        <void method="add"> 
         <double>62.58209069255708</double> 
        </void> 
        <void method="add"> 
         <double>62.867806227328394</double> 
        </void> 
        <void method="add"> 
         <double>62.909020629986664</double> 
        </void> 
        <void method="add"> 
         <double>62.97069698169426</double> 
        </void> 
        <void method="add"> 
         <double>63.27642960154009</double> 
        </void> 
        <void method="add"> 
         <double>63.278000750376506</double> 
        </void> 
        <void method="add"> 
         <double>63.545472305782205</double> 
        </void> 
        <void method="add"> 
         <double>63.816086484605385</double> 
        </void> 
        <void method="add"> 
         <double>63.851795488046385</double> 
        </void> 
        <void method="add"> 
         <double>63.8846554028747</double> 
        </void> 
        <void method="add"> 
         <double>63.95840663938236</double> 
        </void> 
        <void method="add"> 
         <double>64.02752662516491</double> 
        </void> 
        <void method="add"> 
         <double>64.18361958515649</double> 
        </void> 
        <void method="add"> 
         <double>64.40941085146574</double> 
        </void> 
        <void method="add"> 
         <double>56.82658788321318</double> 
        </void> 
        <void method="add"> 
         <double>59.98340295019942</double> 
        </void> 
        <void method="add"> 
         <double>62.996968979583755</double> 
        </void> 
        <void method="add"> 
         <double>64.21932965064563</double> 
        </void> 
        <void method="add"> 
         <double>62.33993891622055</double> 
        </void> 
       </object> 
      </void> 
      <void property="stdev"> 
       <double>1.598700764312743</double> 
      </void> 
     </object> 
    </void> 
   </array> 
  </void> 
  <void property="opName"> 
   <string>Scale b=alpha*a</string> 
  </void> 
 </object> 
</java> 
