<?xml version="1.0" encoding="UTF-8"?> 
<java version="1.6.0_16" class="java.beans.XMLDecoder"> 
 <object class="jmbench.tools.runtime.OperationResults"> 
  <void property="library"> 
   <object class="jmbench.impl.MatrixLibrary" method="valueOf"> 
    <string>EJML</string> 
   </object> 
  </void> 
  <void property="matDimen"> 
   <array class="int" length="12"> 
    <void index="0"> 
     <int>2</int> 
    </void> 
    <void index="1"> 
     <int>3</int> 
    </void> 
    <void index="2"> 
     <int>4</int> 
    </void> 
    <void index="3"> 
     <int>5</int> 
    </void> 
    <void index="4"> 
     <int>10</int> 
    </void> 
    <void index="5"> 
     <int>20</int> 
    </void> 
    <void index="6"> 
     <int>50</int> 
    </void> 
    <void index="7"> 
     <int>100</int> 
    </void> 
    <void index="8"> 
     <int>200</int> 
    </void> 
    <void index="9"> 
     <int>500</int> 
    </void> 
    <void index="10"> 
     <int>1000</int> 
    </void> 
    <void index="11"> 
     <int>2000</int> 
    </void> 
   </array> 
  </void> 
  <void property="metrics"> 
   <array class="jmbench.tools.EvaluationMetrics" length="12"> 
    <void index="0"> 
     <object class="jmbench.tools.EvaluationMetrics"> 
      <void property="max"> 
       <double>1045026.5030873708</double> 
      </void> 
      <void property="mean"> 
       <double>1025676.3054816731</double> 
      </void> 
      <void property="median"> 
       <double>1027803.4975245052</double> 
      </void> 
      <void property="min"> 
       <double>1005470.9279894846</double> 
      </void> 
      <void property="rawResults"> 
       <object class="java.util.ArrayList"> 
        <void method="add"> 
         <double>1005470.9279894846</double> 
        </void> 
        <void method="add"> 
         <double>1007632.6656247483</double> 
        </void> 
        <void method="add"> 
         <double>1007851.578412558</double> 
        </void> 
        <void method="add"> 
         <double>1011368.774293528</double> 
        </void> 
        <void method="add"> 
         <double>1017594.1181813031</double> 
        </void> 
        <void method="add"> 
         <double>1022587.2617602741</double> 
        </void> 
        <void method="add"> 
         <double>1022880.4761069727</double> 
        </void> 
        <void method="add"> 
         <double>1027803.4975245052</double> 
        </void> 
        <void method="add"> 
         <double>1027982.3425763162</double> 
        </void> 
        <void method="add"> 
         <double>1031786.4767277509</double> 
        </void> 
        <void method="add"> 
         <double>1032296.9647717285</double> 
        </void> 
        <void method="add"> 
         <double>1032959.1824435415</double> 
        </void> 
        <void method="add"> 
         <double>1033739.7182635865</double> 
        </void> 
        <void method="add"> 
         <double>1034129.0161133886</double> 
        </void> 
        <void method="add"> 
         <double>1037072.8595636488</double> 
        </void> 
        <void method="add"> 
         <double>1037967.5998499232</double> 
        </void> 
        <void method="add"> 
         <double>1039466.2542837792</double> 
        </void> 
        <void method="add"> 
         <double>1040161.0971689585</double> 
        </void> 
        <void method="add"> 
         <double>1040363.5438000453</double> 
        </void> 
        <void method="add"> 
         <double>1045026.5030873708</double> 
        </void> 
        <void method="add"> 
         <double>1018527.9378582381</double> 
        </void> 
        <void method="add"> 
         <double>1014316.610515708</double> 
        </void> 
        <void method="add"> 
         <double>1020861.9701479207</double> 
        </void> 
        <void method="add"> 
         <double>1022902.420965522</double> 
        </void> 
        <void method="add"> 
         <double>1009157.8390110261</double> 
        </void> 
       </object> 
      </void> 
      <void property="stdev"> 
       <double>11617.921781613932</double> 
      </void> 
     </object> 
    </void> 
    <void index="1"> 
     <object class="jmbench.tools.EvaluationMetrics"> 
      <void property="max"> 
       <double>494420.364936927</double> 
      </void> 
      <void property="mean"> 
       <double>482351.3118601863</double> 
      </void> 
      <void property="median"> 
       <double>481797.30629951746</double> 
      </void> 
      <void property="min"> 
       <double>469450.7173556467</double> 
      </void> 
      <void property="rawResults"> 
       <object class="java.util.ArrayList"> 
        <void method="add"> 
         <double>469450.7173556467</double> 
        </void> 
        <void method="add"> 
         <double>470284.5908990854</double> 
        </void> 
        <void method="add"> 
         <double>473224.5444324802</double> 
        </void> 
        <void method="add"> 
         <double>473271.1559472416</double> 
        </void> 
        <void method="add"> 
         <double>473371.8581657003</double> 
        </void> 
        <void method="add"> 
         <double>475809.774159151</double> 
        </void> 
        <void method="add"> 
         <double>476107.1390141062</double> 
        </void> 
        <void method="add"> 
         <double>479049.4559295953</double> 
        </void> 
        <void method="add"> 
         <double>479174.123964038</double> 
        </void> 
        <void method="add"> 
         <double>479672.40530630737</double> 
        </void> 
        <void method="add"> 
         <double>481134.9617231871</double> 
        </void> 
        <void method="add"> 
         <double>481797.30629951746</double> 
        </void> 
        <void method="add"> 
         <double>485835.6429225131</double> 
        </void> 
        <void method="add"> 
         <double>486923.18993407075</double> 
        </void> 
        <void method="add"> 
         <double>487005.67456354393</double> 
        </void> 
        <void method="add"> 
         <double>487423.526219577</double> 
        </void> 
        <void method="add"> 
         <double>487963.29120311094</double> 
        </void> 
        <void method="add"> 
         <double>491165.0159570774</double> 
        </void> 
        <void method="add"> 
         <double>491485.71776259434</double> 
        </void> 
        <void method="add"> 
         <double>494420.364936927</double> 
        </void> 
        <void method="add"> 
         <double>489600.82686847897</double> 
        </void> 
        <void method="add"> 
         <double>481524.83781278</double> 
        </void> 
        <void method="add"> 
         <double>486500.74802384194</double> 
        </void> 
        <void method="add"> 
         <double>490453.6384594835</double> 
        </void> 
        <void method="add"> 
         <double>486132.2886446009</double> 
        </void> 
       </object> 
      </void> 
      <void property="stdev"> 
       <double>7040.61920673488</double> 
      </void> 
     </object> 
    </void> 
    <void index="2"> 
     <object class="jmbench.tools.EvaluationMetrics"> 
      <void property="max"> 
       <double>246477.1426780124</double> 
      </void> 
      <void property="mean"> 
       <double>239870.30861573943</double> 
      </void> 
      <void property="median"> 
       <double>239726.5987069563</double> 
      </void> 
      <void property="min"> 
       <double>235036.80521176814</double> 
      </void> 
      <void property="rawResults"> 
       <object class="java.util.ArrayList"> 
        <void method="add"> 
         <double>235036.80521176814</double> 
        </void> 
        <void method="add"> 
         <double>236666.68704364923</double> 
        </void> 
        <void method="add"> 
         <double>236754.93447902464</double> 
        </void> 
        <void method="add"> 
         <double>236776.2477728689</double> 
        </void> 
        <void method="add"> 
         <double>236883.38559398983</double> 
        </void> 
        <void method="add"> 
         <double>236925.376589464</double> 
        </void> 
        <void method="add"> 
         <double>237154.66834606315</double> 
        </void> 
        <void method="add"> 
         <double>237796.650904209</double> 
        </void> 
        <void method="add"> 
         <double>237923.02123863262</double> 
        </void> 
        <void method="add"> 
         <double>238243.10351040686</double> 
        </void> 
        <void method="add"> 
         <double>239568.78003364516</double> 
        </void> 
        <void method="add"> 
         <double>239668.72156128273</double> 
        </void> 
        <void method="add"> 
         <double>241050.35486391478</double> 
        </void> 
        <void method="add"> 
         <double>241187.8802098495</double> 
        </void> 
        <void method="add"> 
         <double>241376.47588992675</double> 
        </void> 
        <void method="add"> 
         <double>242710.82417807757</double> 
        </void> 
        <void method="add"> 
         <double>243084.8565570886</double> 
        </void> 
        <void method="add"> 
         <double>243130.09507497484</double> 
        </void> 
        <void method="add"> 
         <double>245208.91103694888</double> 
        </void> 
        <void method="add"> 
         <double>246477.1426780124</double> 
        </void> 
        <void method="add"> 
         <double>241044.24244592056</double> 
        </void> 
        <void method="add"> 
         <double>239740.41724921728</double> 
        </void> 
        <void method="add"> 
         <double>242759.83332876215</double> 
        </void> 
        <void method="add"> 
         <double>239726.5987069563</double> 
        </void> 
        <void method="add"> 
         <double>239861.70088883096</double> 
        </void> 
       </object> 
      </void> 
      <void property="stdev"> 
       <double>2864.166136591197</double> 
      </void> 
     </object> 
    </void> 
    <void index="3"> 
     <object class="jmbench.tools.EvaluationMetrics"> 
      <void property="max"> 
       <double>158740.07223013387</double> 
      </void> 
      <void property="mean"> 
       <double>157140.22408895582</double> 
      </void> 
      <void property="median"> 
       <double>157604.44781494045</double> 
      </void> 
      <void property="min"> 
       <double>152354.38358934782</double> 
      </void> 
      <void property="rawResults"> 
       <object class="java.util.ArrayList"> 
        <void method="add"> 
         <double>152354.38358934782</double> 
        </void> 
        <void method="add"> 
         <double>155047.070980817</double> 
        </void> 
        <void method="add"> 
         <double>155550.3913855364</double> 
        </void> 
        <void method="add"> 
         <double>156238.29081223896</double> 
        </void> 
        <void method="add"> 
         <double>156643.5431846481</double> 
        </void> 
        <void method="add"> 
         <double>156712.3763419305</double> 
        </void> 
        <void method="add"> 
         <double>157201.30320777738</double> 
        </void> 
        <void method="add"> 
         <double>157242.17397387273</double> 
        </void> 
        <void method="add"> 
         <double>157588.15006002248</double> 
        </void> 
        <void method="add"> 
         <double>157649.5442763875</double> 
        </void> 
        <void method="add"> 
         <double>157670.65694248574</double> 
        </void> 
        <void method="add"> 
         <double>157862.4430902418</double> 
        </void> 
        <void method="add"> 
         <double>157881.49282426116</double> 
        </void> 
        <void method="add"> 
         <double>157969.97388987165</double> 
        </void> 
        <void method="add"> 
         <double>158025.69084221357</double> 
        </void> 
        <void method="add"> 
         <double>158186.03674371692</double> 
        </void> 
        <void method="add"> 
         <double>158186.33330936768</double> 
        </void> 
        <void method="add"> 
         <double>158242.1942228907</double> 
        </void> 
        <void method="add"> 
         <double>158303.92814473205</double> 
        </void> 
        <void method="add"> 
         <double>158430.48606511636</double> 
        </void> 
        <void method="add"> 
         <double>155905.79919179514</double> 
        </void> 
        <void method="add"> 
         <double>157604.44781494045</double> 
        </void> 
        <void method="add"> 
         <double>158740.07223013387</double> 
        </void> 
        <void method="add"> 
         <double>156227.7724780632</double> 
        </void> 
        <void method="add"> 
         <double>157041.04662148684</double> 
        </void> 
       </object> 
      </void> 
      <void property="stdev"> 
       <double>1355.2581594303113</double> 
      </void> 
     </object> 
    </void> 
    <void index="4"> 
     <object class="jmbench.tools.EvaluationMetrics"> 
      <void property="max"> 
       <double>37328.31647384732</double> 
      </void> 
      <void property="mean"> 
       <double>37022.51095949268</double> 
      </void> 
      <void property="median"> 
       <double>37025.44650293088</double> 
      </void> 
      <void property="min"> 
       <double>36702.4770450958</double> 
      </void> 
      <void property="rawResults"> 
       <object class="java.util.ArrayList"> 
        <void method="add"> 
         <double>36702.4770450958</double> 
        </void> 
        <void method="add"> 
         <double>36713.31189837489</double> 
        </void> 
        <void method="add"> 
         <double>36717.410639213</double> 
        </void> 
        <void method="add"> 
         <double>36779.37337160071</double> 
        </void> 
        <void method="add"> 
         <double>36784.923918946595</double> 
        </void> 
        <void method="add"> 
         <double>36808.71716320769</double> 
        </void> 
        <void method="add"> 
         <double>36879.06567294375</double> 
        </void> 
        <void method="add"> 
         <double>36907.993486690444</double> 
        </void> 
        <void method="add"> 
         <double>36908.93947995653</double> 
        </void> 
        <void method="add"> 
         <double>37016.759272724805</double> 
        </void> 
        <void method="add"> 
         <double>37025.44650293088</double> 
        </void> 
        <void method="add"> 
         <double>37142.93337903135</double> 
        </void> 
        <void method="add"> 
         <double>37144.082913114245</double> 
        </void> 
        <void method="add"> 
         <double>37171.42096819823</double> 
        </void> 
        <void method="add"> 
         <double>37196.28030085619</double> 
        </void> 
        <void method="add"> 
         <double>37202.66536455839</double> 
        </void> 
        <void method="add"> 
         <double>37226.69892799667</double> 
        </void> 
        <void method="add"> 
         <double>37263.41131852026</double> 
        </void> 
        <void method="add"> 
         <double>37280.42804999345</double> 
        </void> 
        <void method="add"> 
         <double>37328.31647384732</double> 
        </void> 
        <void method="add"> 
         <double>37082.938881458365</double> 
        </void> 
        <void method="add"> 
         <double>37211.039229213886</double> 
        </void> 
        <void method="add"> 
         <double>37024.85295924776</double> 
        </void> 
        <void method="add"> 
         <double>37069.813920467335</double> 
        </void> 
        <void method="add"> 
         <double>36973.47284912865</double> 
        </void> 
       </object> 
      </void> 
      <void property="stdev"> 
       <double>191.4917537352595</double> 
      </void> 
     </object> 
    </void> 
    <void index="5"> 
     <object class="jmbench.tools.EvaluationMetrics"> 
      <void property="max"> 
       <double>6044.25317551016</double> 
      </void> 
      <void property="mean"> 
       <double>6010.38619717715</double> 
      </void> 
      <void property="median"> 
       <double>6024.248679055145</double> 
      </void> 
      <void property="min"> 
       <double>5953.117912933546</double> 
      </void> 
      <void property="rawResults"> 
       <object class="java.util.ArrayList"> 
        <void method="add"> 
         <double>5953.117912933546</double> 
        </void> 
        <void method="add"> 
         <double>5955.086249599582</double> 
        </void> 
        <void method="add"> 
         <double>5964.294302873818</double> 
        </void> 
        <void method="add"> 
         <double>5964.879416825105</double> 
        </void> 
        <void method="add"> 
         <double>5967.007150320177</double> 
        </void> 
        <void method="add"> 
         <double>5975.760839289368</double> 
        </void> 
        <void method="add"> 
         <double>5999.648682186112</double> 
        </void> 
        <void method="add"> 
         <double>6003.713174393521</double> 
        </void> 
        <void method="add"> 
         <double>6008.4902950097185</double> 
        </void> 
        <void method="add"> 
         <double>6016.43356183327</double> 
        </void> 
        <void method="add"> 
         <double>6023.572830690262</double> 
        </void> 
        <void method="add"> 
         <double>6024.248679055145</double> 
        </void> 
        <void method="add"> 
         <double>6024.835914886071</double> 
        </void> 
        <void method="add"> 
         <double>6025.381315854837</double> 
        </void> 
        <void method="add"> 
         <double>6027.218701647277</double> 
        </void> 
        <void method="add"> 
         <double>6028.187435060674</double> 
        </void> 
        <void method="add"> 
         <double>6030.050560868165</double> 
        </void> 
        <void method="add"> 
         <double>6030.841434900937</double> 
        </void> 
        <void method="add"> 
         <double>6040.492211917739</double> 
        </void> 
        <void method="add"> 
         <double>6044.25317551016</double> 
        </void> 
        <void method="add"> 
         <double>6037.334858515741</double> 
        </void> 
        <void method="add"> 
         <double>6036.194525340724</double> 
        </void> 
        <void method="add"> 
         <double>6029.84887606096</double> 
        </void> 
        <void method="add"> 
         <double>6032.23105886125</double> 
        </void> 
        <void method="add"> 
         <double>6016.5317649945755</double> 
        </void> 
       </object> 
      </void> 
      <void property="stdev"> 
       <double>28.536395856473376</double> 
      </void> 
     </object> 
    </void> 
    <void index="6"> 
     <object class="jmbench.tools.EvaluationMetrics"> 
      <void property="max"> 
       <double>471.43957556871067</double> 
      </void> 
      <void property="mean"> 
       <double>467.4473984067877</double> 
      </void> 
      <void property="median"> 
       <double>467.71602473875737</double> 
      </void> 
      <void property="min"> 
       <double>462.5795267026636</double> 
      </void> 
      <void property="rawResults"> 
       <object class="java.util.ArrayList"> 
        <void method="add"> 
         <double>464.68230598772766</double> 
        </void> 
        <void method="add"> 
         <double>464.90067466322813</double> 
        </void> 
        <void method="add"> 
         <double>465.2441307811755</double> 
        </void> 
        <void method="add"> 
         <double>466.20287162982515</double> 
        </void> 
        <void method="add"> 
         <double>466.5778657165604</double> 
        </void> 
        <void method="add"> 
         <double>466.73463296669644</double> 
        </void> 
        <void method="add"> 
         <double>467.3858135557018</double> 
        </void> 
        <void method="add"> 
         <double>467.4408390454398</double> 
        </void> 
        <void method="add"> 
         <double>467.6622789614168</double> 
        </void> 
        <void method="add"> 
         <double>467.69393343920314</double> 
        </void> 
        <void method="add"> 
         <double>467.71602473875737</double> 
        </void> 
        <void method="add"> 
         <double>467.75104543091595</double> 
        </void> 
        <void method="add"> 
         <double>468.1214240440968</double> 
        </void> 
        <void method="add"> 
         <double>468.4205095329931</double> 
        </void> 
        <void method="add"> 
         <double>468.42105462986643</double> 
        </void> 
        <void method="add"> 
         <double>468.4241358190273</double> 
        </void> 
        <void method="add"> 
         <double>468.55201167704126</double> 
        </void> 
        <void method="add"> 
         <double>469.61169654146124</double> 
        </void> 
        <void method="add"> 
         <double>469.6993070109095</double> 
        </void> 
        <void method="add"> 
         <double>469.7535635611094</double> 
        </void> 
        <void method="add"> 
         <double>468.44645565678246</double> 
        </void> 
        <void method="add"> 
         <double>462.5795267026636</double> 
        </void> 
        <void method="add"> 
         <double>471.43957556871067</double> 
        </void> 
        <void method="add"> 
         <double>464.42593428659563</double> 
        </void> 
        <void method="add"> 
         <double>468.2973482217875</double> 
        </void> 
       </object> 
      </void> 
      <void property="stdev"> 
       <double>1.9199437425540147</double> 
      </void> 
     </object> 
    </void> 
    <void index="7"> 
     <object class="jmbench.tools.EvaluationMetrics"> 
      <void property="max"> 
       <double>63.70052744643714</double> 
      </void> 
      <void property="mean"> 
       <double>63.209693871836244</double> 
      </void> 
      <void property="median"> 
       <double>63.26674165025348</double> 
      </void> 
      <void property="min"> 
       <double>62.359996790211554</double> 
      </void> 
      <void property="rawResults"> 
       <object class="java.util.ArrayList"> 
        <void method="add"> 
         <double>62.359996790211554</double> 
        </void> 
        <void method="add"> 
         <double>62.531391499035834</double> 
        </void> 
        <void method="add"> 
         <double>63.08127845837567</double> 
        </void> 
        <void method="add"> 
         <double>63.09219680783822</double> 
        </void> 
        <void method="add"> 
         <double>63.10690947038449</double> 
        </void> 
        <void method="add"> 
         <double>63.161469941983846</double> 
        </void> 
        <void method="add"> 
         <double>63.18436343329792</double> 
        </void> 
        <void method="add"> 
         <double>63.21784817800601</double> 
        </void> 
        <void method="add"> 
         <double>63.244440185485104</double> 
        </void> 
        <void method="add"> 
         <double>63.26674165025348</double> 
        </void> 
        <void method="add"> 
         <double>63.277528176678246</double> 
        </void> 
        <void method="add"> 
         <double>63.30090516582955</double> 
        </void> 
        <void method="add"> 
         <double>63.30169544533474</double> 
        </void> 
        <void method="add"> 
         <double>63.32701751878612</double> 
        </void> 
        <void method="add"> 
         <double>63.35328862671589</double> 
        </void> 
        <void method="add"> 
         <double>63.35368388327704</double> 
        </void> 
        <void method="add"> 
         <double>63.393163308543556</double> 
        </void> 
        <void method="add"> 
         <double>63.48941174199673</double> 
        </void> 
        <void method="add"> 
         <double>63.517142415913625</double> 
        </void> 
        <void method="add"> 
         <double>63.60075400327406</double> 
        </void> 
        <void method="add"> 
         <double>63.1959996712511</double> 
        </void> 
        <void method="add"> 
         <double>62.78557214080761</double> 
        </void> 
        <void method="add"> 
         <double>63.546199901757504</double> 
        </void> 
        <void method="add"> 
         <double>63.70052744643714</double> 
        </void> 
        <void method="add"> 
         <double>62.85282093443149</double> 
        </void> 
       </object> 
      </void> 
      <void property="stdev"> 
       <double>0.3051473613598009</double> 
      </void> 
     </object> 
    </void> 
    <void index="8"> 
     <object class="jmbench.tools.EvaluationMetrics"> 
      <void property="max"> 
       <double>8.2503407956722</double> 
      </void> 
      <void property="mean"> 
       <double>8.198067853912542</double> 
      </void> 
      <void property="median"> 
       <double>8.20833089480239</double> 
      </void> 
      <void property="min"> 
       <double>8.068155549074167</double> 
      </void> 
      <void property="rawResults"> 
       <object class="java.util.ArrayList"> 
        <void method="add"> 
         <double>8.068155549074167</double> 
        </void> 
        <void method="add"> 
         <double>8.137386085432004</double> 
        </void> 
        <void method="add"> 
         <double>8.140587625269895</double> 
        </void> 
        <void method="add"> 
         <double>8.149100413389686</double> 
        </void> 
        <void method="add"> 
         <double>8.170681109676805</double> 
        </void> 
        <void method="add"> 
         <double>8.180854702033415</double> 
        </void> 
        <void method="add"> 
         <double>8.182383645226476</double> 
        </void> 
        <void method="add"> 
         <double>8.19033228031618</double> 
        </void> 
        <void method="add"> 
         <double>8.195710135507364</double> 
        </void> 
        <void method="add"> 
         <double>8.198268020911845</double> 
        </void> 
        <void method="add"> 
         <double>8.200187624884963</double> 
        </void> 
        <void method="add"> 
         <double>8.20833089480239</double> 
        </void> 
        <void method="add"> 
         <double>8.209511248195996</double> 
        </void> 
        <void method="add"> 
         <double>8.212165173921802</double> 
        </void> 
        <void method="add"> 
         <double>8.216380402413696</double> 
        </void> 
        <void method="add"> 
         <double>8.218037934574214</double> 
        </void> 
        <void method="add"> 
         <double>8.226795998819052</double> 
        </void> 
        <void method="add"> 
         <double>8.227966160498655</double> 
        </void> 
        <void method="add"> 
         <double>8.228378291925699</double> 
        </void> 
        <void method="add"> 
         <double>8.247603231160483</double> 
        </void> 
        <void method="add"> 
         <double>8.22919454416041</double> 
        </void> 
        <void method="add"> 
         <double>8.200698432426096</double> 
        </void> 
        <void method="add"> 
         <double>8.2503407956722</double> 
        </void> 
        <void method="add"> 
         <double>8.242195794572373</double> 
        </void> 
        <void method="add"> 
         <double>8.22045025294766</double> 
        </void> 
       </object> 
      </void> 
      <void property="stdev"> 
       <double>0.04002043568399638</double> 
      </void> 
     </object> 
    </void> 
    <void index="9"> 
     <object class="jmbench.tools.EvaluationMetrics"> 
      <void property="max"> 
       <double>0.4127509498275419</double> 
      </void> 
      <void property="mean"> 
       <double>0.40510830358877414</double> 
      </void> 
      <void property="median"> 
       <double>0.4073651825427397</double> 
      </void> 
      <void property="min"> 
       <double>0.37902857399236406</double> 
      </void> 
      <void property="rawResults"> 
       <object class="java.util.ArrayList"> 
        <void method="add"> 
         <double>0.37902857399236406</double> 
        </void> 
        <void method="add"> 
         <double>0.38090124818840315</double> 
        </void> 
        <void method="add"> 
         <double>0.3939302218232936</double> 
        </void> 
        <void method="add"> 
         <double>0.40437006767752376</double> 
        </void> 
        <void method="add"> 
         <double>0.4044712637447978</double> 
        </void> 
        <void method="add"> 
         <double>0.40579610581382697</double> 
        </void> 
        <void method="add"> 
         <double>0.40597244363062773</double> 
        </void> 
        <void method="add"> 
         <double>0.40621645784386584</double> 
        </void> 
        <void method="add"> 
         <double>0.40683544863814186</double> 
        </void> 
        <void method="add"> 
         <double>0.40726158931099243</double> 
        </void> 
        <void method="add"> 
         <double>0.4075528516086667</double> 
        </void> 
        <void method="add"> 
         <double>0.40771422757744036</double> 
        </void> 
        <void method="add"> 
         <double>0.4080177412821721</double> 
        </void> 
        <void method="add"> 
         <double>0.40868265325096</double> 
        </void> 
        <void method="add"> 
         <double>0.4088201831067416</double> 
        </void> 
        <void method="add"> 
         <double>0.4090450967466059</double> 
        </void> 
        <void method="add"> 
         <double>0.409381740429418</double> 
        </void> 
        <void method="add"> 
         <double>0.40977359852762496</double> 
        </void> 
        <void method="add"> 
         <double>0.410112182929299</double> 
        </void> 
        <void method="add"> 
         <double>0.4127509498275419</double> 
        </void> 
        <void method="add"> 
         <double>0.4062276773892471</double> 
        </void> 
        <void method="add"> 
         <double>0.411681823736482</double> 
        </void> 
        <void method="add"> 
         <double>0.40715212668080786</double> 
        </void> 
        <void method="add"> 
         <double>0.4086461334197694</double> 
        </void> 
        <void method="add"> 
         <double>0.4073651825427397</double> 
        </void> 
       </object> 
      </void> 
      <void property="stdev"> 
       <double>0.008136615251082115</double> 
      </void> 
     </object> 
    </void> 
    <void index="10"> 
     <object class="jmbench.tools.EvaluationMetrics"> 
      <void property="max"> 
       <double>0.047883936842231155</double> 
      </void> 
      <void property="mean"> 
       <double>0.0476063084782797</double> 
      </void> 
      <void property="median"> 
       <double>0.04751321677502935</double> 
      </void> 
      <void property="min"> 
       <double>0.047421771817578603</double> 
      </void> 
      <void property="rawResults"> 
       <object class="java.util.ArrayList"> 
        <void method="add"> 
         <double>0.04751321677502935</double> 
        </void> 
        <void method="add"> 
         <double>0.047421771817578603</double> 
        </void> 
        <void method="add"> 
         <double>0.047883936842231155</double> 
        </void> 
       </object> 
      </void> 
      <void property="stdev"> 
       <double>1.9983105600074967E-4</double> 
      </void> 
     </object> 
    </void> 
   </array> 
  </void> 
  <void property="opName"> 
   <string>Solve m&gt;n</string> 
  </void> 
 </object> 
</java> 
