<?xml version="1.0" encoding="UTF-8"?> 
<java version="1.6.0_16" class="java.beans.XMLDecoder"> 
 <object class="jmbench.tools.runtime.OperationResults"> 
  <void property="library"> 
   <object class="jmbench.impl.MatrixLibrary" method="valueOf"> 
    <string>EJML</string> 
   </object> 
  </void> 
  <void property="matDimen"> 
   <array class="int" length="12"> 
    <void index="0"> 
     <int>2</int> 
    </void> 
    <void index="1"> 
     <int>3</int> 
    </void> 
    <void index="2"> 
     <int>4</int> 
    </void> 
    <void index="3"> 
     <int>5</int> 
    </void> 
    <void index="4"> 
     <int>10</int> 
    </void> 
    <void index="5"> 
     <int>20</int> 
    </void> 
    <void index="6"> 
     <int>50</int> 
    </void> 
    <void index="7"> 
     <int>100</int> 
    </void> 
    <void index="8"> 
     <int>200</int> 
    </void> 
    <void index="9"> 
     <int>500</int> 
    </void> 
    <void index="10"> 
     <int>1000</int> 
    </void> 
    <void index="11"> 
     <int>2000</int> 
    </void> 
   </array> 
  </void> 
  <void property="metrics"> 
   <array class="jmbench.tools.EvaluationMetrics" length="12"> 
    <void index="0"> 
     <object class="jmbench.tools.EvaluationMetrics"> 
      <void property="max"> 
       <double>1942435.1304611687</double> 
      </void> 
      <void property="mean"> 
       <double>1716864.4152902276</double> 
      </void> 
      <void property="median"> 
       <double>1841674.7365862648</double> 
      </void> 
      <void property="min"> 
       <double>1430268.2496791298</double> 
      </void> 
      <void property="rawResults"> 
       <object class="java.util.ArrayList"> 
        <void method="add"> 
         <double>1430268.2496791298</double> 
        </void> 
        <void method="add"> 
         <double>1458616.4661506442</double> 
        </void> 
        <void method="add"> 
         <double>1462140.121133921</double> 
        </void> 
        <void method="add"> 
         <double>1466013.016671472</double> 
        </void> 
        <void method="add"> 
         <double>1471629.0535369366</double> 
        </void> 
        <void method="add"> 
         <double>1473201.5906232698</double> 
        </void> 
        <void method="add"> 
         <double>1474394.0738393185</double> 
        </void> 
        <void method="add"> 
         <double>1799657.109196603</double> 
        </void> 
        <void method="add"> 
         <double>1810363.7064798702</double> 
        </void> 
        <void method="add"> 
         <double>1841674.7365862648</double> 
        </void> 
        <void method="add"> 
         <double>1849427.4735263947</double> 
        </void> 
        <void method="add"> 
         <double>1858089.8717531993</double> 
        </void> 
        <void method="add"> 
         <double>1895028.1284411077</double> 
        </void> 
        <void method="add"> 
         <double>1897350.250931299</double> 
        </void> 
        <void method="add"> 
         <double>1900728.2200846055</double> 
        </void> 
        <void method="add"> 
         <double>1910785.812203169</double> 
        </void> 
        <void method="add"> 
         <double>1920929.5210162937</double> 
        </void> 
        <void method="add"> 
         <double>1922391.2911699053</double> 
        </void> 
        <void method="add"> 
         <double>1927278.115954384</double> 
        </void> 
        <void method="add"> 
         <double>1942435.1304611687</double> 
        </void> 
        <void method="add"> 
         <double>1927136.629955583</double> 
        </void> 
        <void method="add"> 
         <double>1917734.5549449162</double> 
        </void> 
        <void method="add"> 
         <double>1443394.602791613</double> 
        </void> 
        <void method="add"> 
         <double>1447505.4509067477</double> 
        </void> 
        <void method="add"> 
         <double>1473437.204217864</double> 
        </void> 
       </object> 
      </void> 
      <void property="stdev"> 
       <double>212561.97577552721</double> 
      </void> 
     </object> 
    </void> 
    <void index="1"> 
     <object class="jmbench.tools.EvaluationMetrics"> 
      <void property="max"> 
       <double>607605.9890197087</double> 
      </void> 
      <void property="mean"> 
       <double>500027.88570177276</double> 
      </void> 
      <void property="median"> 
       <double>471870.94485536614</double> 
      </void> 
      <void property="min"> 
       <double>454365.02700410463</double> 
      </void> 
      <void property="rawResults"> 
       <object class="java.util.ArrayList"> 
        <void method="add"> 
         <double>457499.7564001581</double> 
        </void> 
        <void method="add"> 
         <double>459996.2060180735</double> 
        </void> 
        <void method="add"> 
         <double>466735.5341009173</double> 
        </void> 
        <void method="add"> 
         <double>467281.43050734285</double> 
        </void> 
        <void method="add"> 
         <double>467768.1562574102</double> 
        </void> 
        <void method="add"> 
         <double>468376.30424043525</double> 
        </void> 
        <void method="add"> 
         <double>469255.5710685394</double> 
        </void> 
        <void method="add"> 
         <double>470184.6564860449</double> 
        </void> 
        <void method="add"> 
         <double>471870.94485536614</double> 
        </void> 
        <void method="add"> 
         <double>518819.27027595433</double> 
        </void> 
        <void method="add"> 
         <double>519269.71113626886</double> 
        </void> 
        <void method="add"> 
         <double>526119.0857035305</double> 
        </void> 
        <void method="add"> 
         <double>531167.79869494</double> 
        </void> 
        <void method="add"> 
         <double>532580.0637463647</double> 
        </void> 
        <void method="add"> 
         <double>535239.6153014045</double> 
        </void> 
        <void method="add"> 
         <double>535966.3438097679</double> 
        </void> 
        <void method="add"> 
         <double>536603.8213948784</double> 
        </void> 
        <void method="add"> 
         <double>536638.2005984328</double> 
        </void> 
        <void method="add"> 
         <double>541812.1246193089</double> 
        </void> 
        <void method="add"> 
         <double>544674.2903015766</double> 
        </void> 
        <void method="add"> 
         <double>467841.4958681337</double> 
        </void> 
        <void method="add"> 
         <double>454365.02700410463</double> 
        </void> 
        <void method="add"> 
         <double>455369.63801604806</double> 
        </void> 
        <void method="add"> 
         <double>457656.10711961</double> 
        </void> 
        <void method="add"> 
         <double>607605.9890197087</double> 
        </void> 
       </object> 
      </void> 
      <void property="stdev"> 
       <double>40561.47602245756</double> 
      </void> 
     </object> 
    </void> 
    <void index="2"> 
     <object class="jmbench.tools.EvaluationMetrics"> 
      <void property="max"> 
       <double>283398.3539263274</double> 
      </void> 
      <void property="mean"> 
       <double>251921.26049347597</double> 
      </void> 
      <void property="median"> 
       <double>252040.26687151674</double> 
      </void> 
      <void property="min"> 
       <double>226712.41123249577</double> 
      </void> 
      <void property="rawResults"> 
       <object class="java.util.ArrayList"> 
        <void method="add"> 
         <double>226712.41123249577</double> 
        </void> 
        <void method="add"> 
         <double>229762.45171179087</double> 
        </void> 
        <void method="add"> 
         <double>231559.87325685125</double> 
        </void> 
        <void method="add"> 
         <double>233988.60374261608</double> 
        </void> 
        <void method="add"> 
         <double>234574.1444995764</double> 
        </void> 
        <void method="add"> 
         <double>247082.22785588948</double> 
        </void> 
        <void method="add"> 
         <double>248318.09256637626</double> 
        </void> 
        <void method="add"> 
         <double>249614.10146577787</double> 
        </void> 
        <void method="add"> 
         <double>250012.08836765998</double> 
        </void> 
        <void method="add"> 
         <double>250356.98825376248</double> 
        </void> 
        <void method="add"> 
         <double>250731.5780178225</double> 
        </void> 
        <void method="add"> 
         <double>251728.20236835297</double> 
        </void> 
        <void method="add"> 
         <double>253561.29988387958</double> 
        </void> 
        <void method="add"> 
         <double>258023.1115595959</double> 
        </void> 
        <void method="add"> 
         <double>259707.47900762834</double> 
        </void> 
        <void method="add"> 
         <double>259711.34733866903</double> 
        </void> 
        <void method="add"> 
         <double>260428.74548903783</double> 
        </void> 
        <void method="add"> 
         <double>261055.45856054337</double> 
        </void> 
        <void method="add"> 
         <double>262000.58673211903</double> 
        </void> 
        <void method="add"> 
         <double>283398.3539263274</double> 
        </void> 
        <void method="add"> 
         <double>256375.42789583237</double> 
        </void> 
        <void method="add"> 
         <double>279542.6994923115</double> 
        </void> 
        <void method="add"> 
         <double>252808.5628239489</double> 
        </void> 
        <void method="add"> 
         <double>254937.40941651832</double> 
        </void> 
        <void method="add"> 
         <double>252040.26687151674</double> 
        </void> 
       </object> 
      </void> 
      <void property="stdev"> 
       <double>13289.063658182607</double> 
      </void> 
     </object> 
    </void> 
    <void index="3"> 
     <object class="jmbench.tools.EvaluationMetrics"> 
      <void property="max"> 
       <double>175236.82463874566</double> 
      </void> 
      <void property="mean"> 
       <double>150732.32466449353</double> 
      </void> 
      <void property="median"> 
       <double>148737.6291113467</double> 
      </void> 
      <void property="min"> 
       <double>119254.74662351553</double> 
      </void> 
      <void property="rawResults"> 
       <object class="java.util.ArrayList"> 
        <void method="add"> 
         <double>119254.74662351553</double> 
        </void> 
        <void method="add"> 
         <double>138220.51953243604</double> 
        </void> 
        <void method="add"> 
         <double>142105.6079084741</double> 
        </void> 
        <void method="add"> 
         <double>143205.22249199494</double> 
        </void> 
        <void method="add"> 
         <double>143727.85390914715</double> 
        </void> 
        <void method="add"> 
         <double>144265.79883066434</double> 
        </void> 
        <void method="add"> 
         <double>146329.17881802932</double> 
        </void> 
        <void method="add"> 
         <double>147590.4610083707</double> 
        </void> 
        <void method="add"> 
         <double>148737.6291113467</double> 
        </void> 
        <void method="add"> 
         <double>149899.55610731742</double> 
        </void> 
        <void method="add"> 
         <double>152320.0107286966</double> 
        </void> 
        <void method="add"> 
         <double>153068.6071409237</double> 
        </void> 
        <void method="add"> 
         <double>157924.39303385772</double> 
        </void> 
        <void method="add"> 
         <double>159446.58143203074</double> 
        </void> 
        <void method="add"> 
         <double>159500.64764181396</double> 
        </void> 
        <void method="add"> 
         <double>162158.3769282089</double> 
        </void> 
        <void method="add"> 
         <double>164797.9566585189</double> 
        </void> 
        <void method="add"> 
         <double>165567.5598860753</double> 
        </void> 
        <void method="add"> 
         <double>166186.02353590593</double> 
        </void> 
        <void method="add"> 
         <double>175236.82463874566</double> 
        </void> 
        <void method="add"> 
         <double>145026.19473713462</double> 
        </void> 
        <void method="add"> 
         <double>148690.7666227635</double> 
        </void> 
        <void method="add"> 
         <double>146879.06634909048</double> 
        </void> 
        <void method="add"> 
         <double>128044.09423436612</double> 
        </void> 
        <void method="add"> 
         <double>160124.43870290995</double> 
        </void> 
       </object> 
      </void> 
      <void property="stdev"> 
       <double>12096.459706754476</double> 
      </void> 
     </object> 
    </void> 
    <void index="4"> 
     <object class="jmbench.tools.EvaluationMetrics"> 
      <void property="max"> 
       <double>29326.42281186868</double> 
      </void> 
      <void property="mean"> 
       <double>26280.09020314249</double> 
      </void> 
      <void property="median"> 
       <double>26013.400168443994</double> 
      </void> 
      <void property="min"> 
       <double>24764.515392572852</double> 
      </void> 
      <void property="rawResults"> 
       <object class="java.util.ArrayList"> 
        <void method="add"> 
         <double>24764.515392572852</double> 
        </void> 
        <void method="add"> 
         <double>24896.052297710532</double> 
        </void> 
        <void method="add"> 
         <double>24915.873915580683</double> 
        </void> 
        <void method="add"> 
         <double>24997.287562276524</double> 
        </void> 
        <void method="add"> 
         <double>25354.62384151628</double> 
        </void> 
        <void method="add"> 
         <double>25694.810599102657</double> 
        </void> 
        <void method="add"> 
         <double>25774.51306776012</double> 
        </void> 
        <void method="add"> 
         <double>25779.862391382045</double> 
        </void> 
        <void method="add"> 
         <double>26013.400168443994</double> 
        </void> 
        <void method="add"> 
         <double>26071.03909048382</double> 
        </void> 
        <void method="add"> 
         <double>26143.75599089063</double> 
        </void> 
        <void method="add"> 
         <double>26849.069828635045</double> 
        </void> 
        <void method="add"> 
         <double>26953.192032157473</double> 
        </void> 
        <void method="add"> 
         <double>27024.084590251805</double> 
        </void> 
        <void method="add"> 
         <double>27043.251970833866</double> 
        </void> 
        <void method="add"> 
         <double>27330.318475986882</double> 
        </void> 
        <void method="add"> 
         <double>27485.09593668922</double> 
        </void> 
        <void method="add"> 
         <double>27687.290605274007</double> 
        </void> 
        <void method="add"> 
         <double>28007.55129013495</double> 
        </void> 
        <void method="add"> 
         <double>29326.42281186868</double> 
        </void> 
        <void method="add"> 
         <double>25046.278002907347</double> 
        </void> 
        <void method="add"> 
         <double>26465.947330983952</double> 
        </void> 
        <void method="add"> 
         <double>26001.429290688888</double> 
        </void> 
        <void method="add"> 
         <double>25850.724030545072</double> 
        </void> 
        <void method="add"> 
         <double>25525.864563884785</double> 
        </void> 
       </object> 
      </void> 
      <void property="stdev"> 
       <double>1107.3829985867824</double> 
      </void> 
     </object> 
    </void> 
    <void index="5"> 
     <object class="jmbench.tools.EvaluationMetrics"> 
      <void property="max"> 
       <double>4951.236388556474</double> 
      </void> 
      <void property="mean"> 
       <double>4696.734355668375</double> 
      </void> 
      <void property="median"> 
       <double>4716.235613535212</double> 
      </void> 
      <void property="min"> 
       <double>4179.257696592028</double> 
      </void> 
      <void property="rawResults"> 
       <object class="java.util.ArrayList"> 
        <void method="add"> 
         <double>4609.59392513059</double> 
        </void> 
        <void method="add"> 
         <double>4632.782507532857</double> 
        </void> 
        <void method="add"> 
         <double>4633.681930168975</double> 
        </void> 
        <void method="add"> 
         <double>4661.632015579231</double> 
        </void> 
        <void method="add"> 
         <double>4670.7815920301355</double> 
        </void> 
        <void method="add"> 
         <double>4670.8753843819395</double> 
        </void> 
        <void method="add"> 
         <double>4706.519784772332</double> 
        </void> 
        <void method="add"> 
         <double>4716.235613535212</double> 
        </void> 
        <void method="add"> 
         <double>4716.325500933945</double> 
        </void> 
        <void method="add"> 
         <double>4716.580010443745</double> 
        </void> 
        <void method="add"> 
         <double>4746.606076181396</double> 
        </void> 
        <void method="add"> 
         <double>4749.242118773564</double> 
        </void> 
        <void method="add"> 
         <double>4754.217652759573</double> 
        </void> 
        <void method="add"> 
         <double>4761.650863963984</double> 
        </void> 
        <void method="add"> 
         <double>4799.95649256672</double> 
        </void> 
        <void method="add"> 
         <double>4804.552027658908</double> 
        </void> 
        <void method="add"> 
         <double>4814.7536503293595</double> 
        </void> 
        <void method="add"> 
         <double>4853.380261448194</double> 
        </void> 
        <void method="add"> 
         <double>4925.769589701429</double> 
        </void> 
        <void method="add"> 
         <double>4951.236388556474</double> 
        </void> 
        <void method="add"> 
         <double>4179.257696592028</double> 
        </void> 
        <void method="add"> 
         <double>4466.545418779929</double> 
        </void> 
        <void method="add"> 
         <double>4615.469360383176</double> 
        </void> 
        <void method="add"> 
         <double>4581.522624956307</double> 
        </void> 
        <void method="add"> 
         <double>4679.190404549379</double> 
        </void> 
       </object> 
      </void> 
      <void property="stdev"> 
       <double>148.4828219150009</double> 
      </void> 
     </object> 
    </void> 
    <void index="6"> 
     <object class="jmbench.tools.EvaluationMetrics"> 
      <void property="max"> 
       <double>505.98215752676174</double> 
      </void> 
      <void property="mean"> 
       <double>487.6619461483818</double> 
      </void> 
      <void property="median"> 
       <double>488.0309592179349</double> 
      </void> 
      <void property="min"> 
       <double>469.5948873744135</double> 
      </void> 
      <void property="rawResults"> 
       <object class="java.util.ArrayList"> 
        <void method="add"> 
         <double>469.5948873744135</double> 
        </void> 
        <void method="add"> 
         <double>470.39814332417717</double> 
        </void> 
        <void method="add"> 
         <double>476.1271161011415</double> 
        </void> 
        <void method="add"> 
         <double>476.7199048387594</double> 
        </void> 
        <void method="add"> 
         <double>479.39776406568967</double> 
        </void> 
        <void method="add"> 
         <double>480.34814168641327</double> 
        </void> 
        <void method="add"> 
         <double>481.2287494473178</double> 
        </void> 
        <void method="add"> 
         <double>481.95975000285375</double> 
        </void> 
        <void method="add"> 
         <double>486.55009425088565</double> 
        </void> 
        <void method="add"> 
         <double>487.7817730398323</double> 
        </void> 
        <void method="add"> 
         <double>488.0309592179349</double> 
        </void> 
        <void method="add"> 
         <double>489.6349886927787</double> 
        </void> 
        <void method="add"> 
         <double>490.02841642429627</double> 
        </void> 
        <void method="add"> 
         <double>490.9521921184279</double> 
        </void> 
        <void method="add"> 
         <double>492.74201169335134</double> 
        </void> 
        <void method="add"> 
         <double>493.8229953920403</double> 
        </void> 
        <void method="add"> 
         <double>496.6712734117736</double> 
        </void> 
        <void method="add"> 
         <double>497.8432653861978</double> 
        </void> 
        <void method="add"> 
         <double>498.230404780814</double> 
        </void> 
        <void method="add"> 
         <double>500.9345150079527</double> 
        </void> 
        <void method="add"> 
         <double>481.1047120548907</double> 
        </void> 
        <void method="add"> 
         <double>497.2678146805863</double> 
        </void> 
        <void method="add"> 
         <double>505.98215752676174</double> 
        </void> 
        <void method="add"> 
         <double>491.35281643622113</double> 
        </void> 
        <void method="add"> 
         <double>486.8438067540333</double> 
        </void> 
       </object> 
      </void> 
      <void property="stdev"> 
       <double>9.200589981464324</double> 
      </void> 
     </object> 
    </void> 
    <void index="7"> 
     <object class="jmbench.tools.EvaluationMetrics"> 
      <void property="max"> 
       <double>69.31274483173043</double> 
      </void> 
      <void property="mean"> 
       <double>68.15573152695659</double> 
      </void> 
      <void property="median"> 
       <double>68.30473118914428</double> 
      </void> 
      <void property="min"> 
       <double>65.43939545883397</double> 
      </void> 
      <void property="rawResults"> 
       <object class="java.util.ArrayList"> 
        <void method="add"> 
         <double>66.53666864984316</double> 
        </void> 
        <void method="add"> 
         <double>66.9908839938753</double> 
        </void> 
        <void method="add"> 
         <double>67.3246895355852</double> 
        </void> 
        <void method="add"> 
         <double>67.40823408251175</double> 
        </void> 
        <void method="add"> 
         <double>67.52162295573129</double> 
        </void> 
        <void method="add"> 
         <double>67.98111433148998</double> 
        </void> 
        <void method="add"> 
         <double>67.99048843167485</double> 
        </void> 
        <void method="add"> 
         <double>67.99659501975572</double> 
        </void> 
        <void method="add"> 
         <double>68.10470291263512</double> 
        </void> 
        <void method="add"> 
         <double>68.16891522698124</double> 
        </void> 
        <void method="add"> 
         <double>68.30473118914428</double> 
        </void> 
        <void method="add"> 
         <double>68.37576059158282</double> 
        </void> 
        <void method="add"> 
         <double>68.46427638137285</double> 
        </void> 
        <void method="add"> 
         <double>68.5229983460243</double> 
        </void> 
        <void method="add"> 
         <double>68.61874031063181</double> 
        </void> 
        <void method="add"> 
         <double>68.79035128260055</double> 
        </void> 
        <void method="add"> 
         <double>68.98426005508287</double> 
        </void> 
        <void method="add"> 
         <double>69.07638122495368</double> 
        </void> 
        <void method="add"> 
         <double>69.13527573036366</double> 
        </void> 
        <void method="add"> 
         <double>69.31274483173043</double> 
        </void> 
        <void method="add"> 
         <double>69.03634176345706</double> 
        </void> 
        <void method="add"> 
         <double>68.94306534695595</double> 
        </void> 
        <void method="add"> 
         <double>67.74124521039985</double> 
        </void> 
        <void method="add"> 
         <double>69.12380531069745</double> 
        </void> 
        <void method="add"> 
         <double>65.43939545883397</double> 
        </void> 
       </object> 
      </void> 
      <void property="stdev"> 
       <double>0.9021859259973067</double> 
      </void> 
     </object> 
    </void> 
    <void index="8"> 
     <object class="jmbench.tools.EvaluationMetrics"> 
      <void property="max"> 
       <double>8.11067187504726</double> 
      </void> 
      <void property="mean"> 
       <double>7.617643975933005</double> 
      </void> 
      <void property="median"> 
       <double>7.551365545771186</double> 
      </void> 
      <void property="min"> 
       <double>7.320149031372435</double> 
      </void> 
      <void property="rawResults"> 
       <object class="java.util.ArrayList"> 
        <void method="add"> 
         <double>7.320149031372435</double> 
        </void> 
        <void method="add"> 
         <double>7.391873539472677</double> 
        </void> 
        <void method="add"> 
         <double>7.408806896431851</double> 
        </void> 
        <void method="add"> 
         <double>7.4413724796223075</double> 
        </void> 
        <void method="add"> 
         <double>7.45825571714416</double> 
        </void> 
        <void method="add"> 
         <double>7.4592623954238535</double> 
        </void> 
        <void method="add"> 
         <double>7.459831315517938</double> 
        </void> 
        <void method="add"> 
         <double>7.474612550881241</double> 
        </void> 
        <void method="add"> 
         <double>7.5063567459717015</double> 
        </void> 
        <void method="add"> 
         <double>7.551365545771186</double> 
        </void> 
        <void method="add"> 
         <double>7.572861260636671</double> 
        </void> 
        <void method="add"> 
         <double>7.609300729311675</double> 
        </void> 
        <void method="add"> 
         <double>7.63400528582343</double> 
        </void> 
        <void method="add"> 
         <double>7.6559886270968</double> 
        </void> 
        <void method="add"> 
         <double>7.685764900079479</double> 
        </void> 
        <void method="add"> 
         <double>7.9779053029541425</double> 
        </void> 
        <void method="add"> 
         <double>7.9982377514755125</double> 
        </void> 
        <void method="add"> 
         <double>8.061250864761012</double> 
        </void> 
        <void method="add"> 
         <double>8.086647249550744</double> 
        </void> 
        <void method="add"> 
         <double>8.11067187504726</double> 
        </void> 
        <void method="add"> 
         <double>7.6608702078160285</double> 
        </void> 
        <void method="add"> 
         <double>7.381640193550778</double> 
        </void> 
        <void method="add"> 
         <double>7.459899921790441</double> 
        </void> 
        <void method="add"> 
         <double>7.684718749826834</double> 
        </void> 
        <void method="add"> 
         <double>7.389450260994968</double> 
        </void> 
       </object> 
      </void> 
      <void property="stdev"> 
       <double>0.23738002293897442</double> 
      </void> 
     </object> 
    </void> 
    <void index="9"> 
     <object class="jmbench.tools.EvaluationMetrics"> 
      <void property="max"> 
       <double>0.3227278368511307</double> 
      </void> 
      <void property="mean"> 
       <double>0.30040789140190166</double> 
      </void> 
      <void property="median"> 
       <double>0.3131945581629961</double> 
      </void> 
      <void property="min"> 
       <double>0.26002012399227586</double> 
      </void> 
      <void property="rawResults"> 
       <object class="java.util.ArrayList"> 
        <void method="add"> 
         <double>0.26002012399227586</double> 
        </void> 
        <void method="add"> 
         <double>0.2691715739603244</double> 
        </void> 
        <void method="add"> 
         <double>0.2699358799763409</double> 
        </void> 
        <void method="add"> 
         <double>0.270718542568837</double> 
        </void> 
        <void method="add"> 
         <double>0.27246002486268567</double> 
        </void> 
        <void method="add"> 
         <double>0.28768430112131216</double> 
        </void> 
        <void method="add"> 
         <double>0.289817212675219</double> 
        </void> 
        <void method="add"> 
         <double>0.29184409946430273</double> 
        </void> 
        <void method="add"> 
         <double>0.29442980474189995</double> 
        </void> 
        <void method="add"> 
         <double>0.3121266933534823</double> 
        </void> 
        <void method="add"> 
         <double>0.3131945581629961</double> 
        </void> 
        <void method="add"> 
         <double>0.3135817426528104</double> 
        </void> 
        <void method="add"> 
         <double>0.31412086513654613</double> 
        </void> 
        <void method="add"> 
         <double>0.31659683076156375</double> 
        </void> 
        <void method="add"> 
         <double>0.31821770104622354</double> 
        </void> 
        <void method="add"> 
         <double>0.3195275995584366</double> 
        </void> 
        <void method="add"> 
         <double>0.3206240351252505</double> 
        </void> 
        <void method="add"> 
         <double>0.3219857170336462</double> 
        </void> 
        <void method="add"> 
         <double>0.32248310036906386</double> 
        </void> 
        <void method="add"> 
         <double>0.3227278368511307</double> 
        </void> 
        <void method="add"> 
         <double>0.26625569312316255</double> 
        </void> 
        <void method="add"> 
         <double>0.29055633962199945</double> 
        </void> 
        <void method="add"> 
         <double>0.31474840424211475</double> 
        </void> 
        <void method="add"> 
         <double>0.31614365591119237</double> 
        </void> 
        <void method="add"> 
         <double>0.3212249487347226</double> 
        </void> 
       </object> 
      </void> 
      <void property="stdev"> 
       <double>0.02116429185168407</double> 
      </void> 
     </object> 
    </void> 
    <void index="10"> 
     <object class="jmbench.tools.EvaluationMetrics"> 
      <void property="max"> 
       <double>0.027676398312766786</double> 
      </void> 
      <void property="mean"> 
       <double>0.027676398312766786</double> 
      </void> 
      <void property="median"> 
       <double>0.027676398312766786</double> 
      </void> 
      <void property="min"> 
       <double>0.027676398312766786</double> 
      </void> 
      <void property="rawResults"> 
       <object class="java.util.ArrayList"> 
        <void method="add"> 
         <double>0.027676398312766786</double> 
        </void> 
       </object> 
      </void> 
     </object> 
    </void> 
   </array> 
  </void> 
  <void property="opName"> 
   <string>SVD</string> 
  </void> 
 </object> 
</java> 
