<?xml version="1.0" encoding="UTF-8"?> 
<java version="1.6.0_16" class="java.beans.XMLDecoder"> 
 <object class="jmbench.tools.runtime.OperationResults"> 
  <void property="library"> 
   <object class="jmbench.impl.MatrixLibrary" method="valueOf"> 
    <string>JAMA</string> 
   </object> 
  </void> 
  <void property="matDimen"> 
   <array class="int" length="12"> 
    <void index="0"> 
     <int>2</int> 
    </void> 
    <void index="1"> 
     <int>3</int> 
    </void> 
    <void index="2"> 
     <int>4</int> 
    </void> 
    <void index="3"> 
     <int>5</int> 
    </void> 
    <void index="4"> 
     <int>10</int> 
    </void> 
    <void index="5"> 
     <int>20</int> 
    </void> 
    <void index="6"> 
     <int>50</int> 
    </void> 
    <void index="7"> 
     <int>100</int> 
    </void> 
    <void index="8"> 
     <int>200</int> 
    </void> 
    <void index="9"> 
     <int>500</int> 
    </void> 
    <void index="10"> 
     <int>1000</int> 
    </void> 
    <void index="11"> 
     <int>2000</int> 
    </void> 
   </array> 
  </void> 
  <void property="metrics"> 
   <array class="jmbench.tools.EvaluationMetrics" length="12"> 
    <void index="0"> 
     <object class="jmbench.tools.EvaluationMetrics"> 
      <void property="max"> 
       <double>4479400.712738449</double> 
      </void> 
      <void property="mean"> 
       <double>4371194.100348286</double> 
      </void> 
      <void property="median"> 
       <double>4387978.813487909</double> 
      </void> 
      <void property="min"> 
       <double>4150332.3780243467</double> 
      </void> 
      <void property="rawResults"> 
       <object class="java.util.ArrayList"> 
        <void method="add"> 
         <double>4261066.421305008</double> 
        </void> 
        <void method="add"> 
         <double>4262983.366512006</double> 
        </void> 
        <void method="add"> 
         <double>4272169.715980884</double> 
        </void> 
        <void method="add"> 
         <double>4272637.413180316</double> 
        </void> 
        <void method="add"> 
         <double>4285004.701754643</double> 
        </void> 
        <void method="add"> 
         <double>4318466.128228918</double> 
        </void> 
        <void method="add"> 
         <double>4347467.113770676</double> 
        </void> 
        <void method="add"> 
         <double>4349930.216250587</double> 
        </void> 
        <void method="add"> 
         <double>4374084.655384068</double> 
        </void> 
        <void method="add"> 
         <double>4378512.650399972</double> 
        </void> 
        <void method="add"> 
         <double>4401809.944985967</double> 
        </void> 
        <void method="add"> 
         <double>4425090.6150427405</double> 
        </void> 
        <void method="add"> 
         <double>4432018.02015528</double> 
        </void> 
        <void method="add"> 
         <double>4432140.4110969</double> 
        </void> 
        <void method="add"> 
         <double>4435454.972187268</double> 
        </void> 
        <void method="add"> 
         <double>4436746.529520165</double> 
        </void> 
        <void method="add"> 
         <double>4455922.896645821</double> 
        </void> 
        <void method="add"> 
         <double>4456260.255457325</double> 
        </void> 
        <void method="add"> 
         <double>4465452.33227544</double> 
        </void> 
        <void method="add"> 
         <double>4479400.712738449</double> 
        </void> 
        <void method="add"> 
         <double>4387978.813487909</double> 
        </void> 
        <void method="add"> 
         <double>4415168.837115897</double> 
        </void> 
        <void method="add"> 
         <double>4434554.885801952</double> 
        </void> 
        <void method="add"> 
         <double>4349198.52140461</double> 
        </void> 
        <void method="add"> 
         <double>4150332.3780243467</double> 
        </void> 
       </object> 
      </void> 
      <void property="stdev"> 
       <double>81197.99489752974</double> 
      </void> 
     </object> 
    </void> 
    <void index="1"> 
     <object class="jmbench.tools.EvaluationMetrics"> 
      <void property="max"> 
       <double>3246780.8331678165</double> 
      </void> 
      <void property="mean"> 
       <double>3202325.290342667</double> 
      </void> 
      <void property="median"> 
       <double>3213027.249125798</double> 
      </void> 
      <void property="min"> 
       <double>2999696.931408044</double> 
      </void> 
      <void property="rawResults"> 
       <object class="java.util.ArrayList"> 
        <void method="add"> 
         <double>2999696.931408044</double> 
        </void> 
        <void method="add"> 
         <double>3113759.1824206235</double> 
        </void> 
        <void method="add"> 
         <double>3173635.906049303</double> 
        </void> 
        <void method="add"> 
         <double>3190164.909109543</double> 
        </void> 
        <void method="add"> 
         <double>3196275.9012972987</double> 
        </void> 
        <void method="add"> 
         <double>3204106.8622738374</double> 
        </void> 
        <void method="add"> 
         <double>3205530.418988082</double> 
        </void> 
        <void method="add"> 
         <double>3207799.764101549</double> 
        </void> 
        <void method="add"> 
         <double>3210056.221074072</double> 
        </void> 
        <void method="add"> 
         <double>3210530.201169966</double> 
        </void> 
        <void method="add"> 
         <double>3216612.7206808417</double> 
        </void> 
        <void method="add"> 
         <double>3221277.5774939284</double> 
        </void> 
        <void method="add"> 
         <double>3228327.0681138197</double> 
        </void> 
        <void method="add"> 
         <double>3232143.4583250205</double> 
        </void> 
        <void method="add"> 
         <double>3232371.859279488</double> 
        </void> 
        <void method="add"> 
         <double>3232391.735153952</double> 
        </void> 
        <void method="add"> 
         <double>3232695.0666028503</double> 
        </void> 
        <void method="add"> 
         <double>3235047.2914336897</double> 
        </void> 
        <void method="add"> 
         <double>3242128.973248344</double> 
        </void> 
        <void method="add"> 
         <double>3246780.8331678165</double> 
        </void> 
        <void method="add"> 
         <double>3161054.4955554837</double> 
        </void> 
        <void method="add"> 
         <double>3213714.5112336404</double> 
        </void> 
        <void method="add"> 
         <double>3213027.249125798</double> 
        </void> 
        <void method="add"> 
         <double>3205975.8279714203</double> 
        </void> 
        <void method="add"> 
         <double>3233027.2932882863</double> 
        </void> 
       </object> 
      </void> 
      <void property="stdev"> 
       <double>49989.09112784034</double> 
      </void> 
     </object> 
    </void> 
    <void index="2"> 
     <object class="jmbench.tools.EvaluationMetrics"> 
      <void property="max"> 
       <double>2751401.7868983727</double> 
      </void> 
      <void property="mean"> 
       <double>2722728.962370353</double> 
      </void> 
      <void property="median"> 
       <double>2721740.7227018555</double> 
      </void> 
      <void property="min"> 
       <double>2669361.708972187</double> 
      </void> 
      <void property="rawResults"> 
       <object class="java.util.ArrayList"> 
        <void method="add"> 
         <double>2669361.708972187</double> 
        </void> 
        <void method="add"> 
         <double>2689450.486660671</double> 
        </void> 
        <void method="add"> 
         <double>2713205.649825123</double> 
        </void> 
        <void method="add"> 
         <double>2713618.1638476048</double> 
        </void> 
        <void method="add"> 
         <double>2715261.667620159</double> 
        </void> 
        <void method="add"> 
         <double>2718680.42495917</double> 
        </void> 
        <void method="add"> 
         <double>2719256.055245769</double> 
        </void> 
        <void method="add"> 
         <double>2720511.30217128</double> 
        </void> 
        <void method="add"> 
         <double>2720665.652614132</double> 
        </void> 
        <void method="add"> 
         <double>2721740.7227018555</double> 
        </void> 
        <void method="add"> 
         <double>2722195.834461407</double> 
        </void> 
        <void method="add"> 
         <double>2723785.965384681</double> 
        </void> 
        <void method="add"> 
         <double>2730502.041099405</double> 
        </void> 
        <void method="add"> 
         <double>2731541.8490572507</double> 
        </void> 
        <void method="add"> 
         <double>2733143.2622466506</double> 
        </void> 
        <void method="add"> 
         <double>2737478.5910920384</double> 
        </void> 
        <void method="add"> 
         <double>2740879.688036015</double> 
        </void> 
        <void method="add"> 
         <double>2744705.0483955955</double> 
        </void> 
        <void method="add"> 
         <double>2747512.0797385164</double> 
        </void> 
        <void method="add"> 
         <double>2751401.7868983727</double> 
        </void> 
        <void method="add"> 
         <double>2710360.6819386263</double> 
        </void> 
        <void method="add"> 
         <double>2716594.6574745947</double> 
        </void> 
        <void method="add"> 
         <double>2731602.0088870334</double> 
        </void> 
        <void method="add"> 
         <double>2705758.9879743103</double> 
        </void> 
        <void method="add"> 
         <double>2739009.7419563755</double> 
        </void> 
       </object> 
      </void> 
      <void property="stdev"> 
       <double>17618.391660461984</double> 
      </void> 
     </object> 
    </void> 
    <void index="3"> 
     <object class="jmbench.tools.EvaluationMetrics"> 
      <void property="max"> 
       <double>2195648.665991926</double> 
      </void> 
      <void property="mean"> 
       <double>2160159.442772906</double> 
      </void> 
      <void property="median"> 
       <double>2174164.990170182</double> 
      </void> 
      <void property="min"> 
       <double>2015756.540956999</double> 
      </void> 
      <void property="rawResults"> 
       <object class="java.util.ArrayList"> 
        <void method="add"> 
         <double>2015756.540956999</double> 
        </void> 
        <void method="add"> 
         <double>2038502.191275974</double> 
        </void> 
        <void method="add"> 
         <double>2099073.431542576</double> 
        </void> 
        <void method="add"> 
         <double>2147575.4958363436</double> 
        </void> 
        <void method="add"> 
         <double>2150261.5205963473</double> 
        </void> 
        <void method="add"> 
         <double>2153564.351148857</double> 
        </void> 
        <void method="add"> 
         <double>2164293.4893018333</double> 
        </void> 
        <void method="add"> 
         <double>2166943.283788028</double> 
        </void> 
        <void method="add"> 
         <double>2168666.7313346486</double> 
        </void> 
        <void method="add"> 
         <double>2169084.33832829</double> 
        </void> 
        <void method="add"> 
         <double>2173799.6642994266</double> 
        </void> 
        <void method="add"> 
         <double>2174164.990170182</double> 
        </void> 
        <void method="add"> 
         <double>2175310.135615973</double> 
        </void> 
        <void method="add"> 
         <double>2177826.4501754935</double> 
        </void> 
        <void method="add"> 
         <double>2178710.003429491</double> 
        </void> 
        <void method="add"> 
         <double>2182241.7480214527</double> 
        </void> 
        <void method="add"> 
         <double>2192009.2007793398</double> 
        </void> 
        <void method="add"> 
         <double>2192103.5864455937</double> 
        </void> 
        <void method="add"> 
         <double>2194008.876134025</double> 
        </void> 
        <void method="add"> 
         <double>2195648.665991926</double> 
        </void> 
        <void method="add"> 
         <double>2176879.8944053026</double> 
        </void> 
        <void method="add"> 
         <double>2177340.1082538757</double> 
        </void> 
        <void method="add"> 
         <double>2184255.5809302055</double> 
        </void> 
        <void method="add"> 
         <double>2170307.6966582965</double> 
        </void> 
        <void method="add"> 
         <double>2185658.093902179</double> 
        </void> 
       </object> 
      </void> 
      <void property="stdev"> 
       <double>43819.36494447569</double> 
      </void> 
     </object> 
    </void> 
    <void index="4"> 
     <object class="jmbench.tools.EvaluationMetrics"> 
      <void property="max"> 
       <double>1034520.2671580021</double> 
      </void> 
      <void property="mean"> 
       <double>961808.8148264771</double> 
      </void> 
      <void property="median"> 
       <double>951238.476223836</double> 
      </void> 
      <void property="min"> 
       <double>887398.8631421651</double> 
      </void> 
      <void property="rawResults"> 
       <object class="java.util.ArrayList"> 
        <void method="add"> 
         <double>887398.8631421651</double> 
        </void> 
        <void method="add"> 
         <double>933968.0297948696</double> 
        </void> 
        <void method="add"> 
         <double>935602.4487891116</double> 
        </void> 
        <void method="add"> 
         <double>936023.6572906523</double> 
        </void> 
        <void method="add"> 
         <double>941269.9448665926</double> 
        </void> 
        <void method="add"> 
         <double>945702.8718315917</double> 
        </void> 
        <void method="add"> 
         <double>949483.2033553055</double> 
        </void> 
        <void method="add"> 
         <double>949646.2242839537</double> 
        </void> 
        <void method="add"> 
         <double>950036.4731534595</double> 
        </void> 
        <void method="add"> 
         <double>951238.476223836</double> 
        </void> 
        <void method="add"> 
         <double>951341.7197654807</double> 
        </void> 
        <void method="add"> 
         <double>952991.243787525</double> 
        </void> 
        <void method="add"> 
         <double>953104.8284208984</double> 
        </void> 
        <void method="add"> 
         <double>956163.1503806415</double> 
        </void> 
        <void method="add"> 
         <double>962667.4494869336</double> 
        </void> 
        <void method="add"> 
         <double>1014397.6768446626</double> 
        </void> 
        <void method="add"> 
         <double>1022523.4047056672</double> 
        </void> 
        <void method="add"> 
         <double>1029944.9836703799</double> 
        </void> 
        <void method="add"> 
         <double>1033517.2754471687</double> 
        </void> 
        <void method="add"> 
         <double>1034520.2671580021</double> 
        </void> 
        <void method="add"> 
         <double>957929.9773265753</double> 
        </void> 
        <void method="add"> 
         <double>945459.2251587205</double> 
        </void> 
        <void method="add"> 
         <double>948196.8268787673</double> 
        </void> 
        <void method="add"> 
         <double>953951.9760423489</double> 
        </void> 
        <void method="add"> 
         <double>948140.1728566185</double> 
        </void> 
       </object> 
      </void> 
      <void property="stdev"> 
       <double>35457.20930406488</double> 
      </void> 
     </object> 
    </void> 
    <void index="5"> 
     <object class="jmbench.tools.EvaluationMetrics"> 
      <void property="max"> 
       <double>453036.48478289</double> 
      </void> 
      <void property="mean"> 
       <double>445810.6922971602</double> 
      </void> 
      <void property="median"> 
       <double>449263.24057453085</double> 
      </void> 
      <void property="min"> 
       <double>424984.99853147427</double> 
      </void> 
      <void property="rawResults"> 
       <object class="java.util.ArrayList"> 
        <void method="add"> 
         <double>430900.11773359845</double> 
        </void> 
        <void method="add"> 
         <double>439719.2847963647</double> 
        </void> 
        <void method="add"> 
         <double>440888.2033733822</double> 
        </void> 
        <void method="add"> 
         <double>441583.6061443338</double> 
        </void> 
        <void method="add"> 
         <double>442633.46063252696</double> 
        </void> 
        <void method="add"> 
         <double>443012.2844118754</double> 
        </void> 
        <void method="add"> 
         <double>449136.7783912294</double> 
        </void> 
        <void method="add"> 
         <double>449263.24057453085</double> 
        </void> 
        <void method="add"> 
         <double>449420.6609754728</double> 
        </void> 
        <void method="add"> 
         <double>450084.8699028562</double> 
        </void> 
        <void method="add"> 
         <double>450745.694795465</double> 
        </void> 
        <void method="add"> 
         <double>450779.34495935333</double> 
        </void> 
        <void method="add"> 
         <double>450786.1802656215</double> 
        </void> 
        <void method="add"> 
         <double>450990.4177721357</double> 
        </void> 
        <void method="add"> 
         <double>451020.0761353677</double> 
        </void> 
        <void method="add"> 
         <double>451644.43309824314</double> 
        </void> 
        <void method="add"> 
         <double>452046.9785215114</double> 
        </void> 
        <void method="add"> 
         <double>452287.42921305826</double> 
        </void> 
        <void method="add"> 
         <double>452944.9906005691</double> 
        </void> 
        <void method="add"> 
         <double>453036.48478289</double> 
        </void> 
        <void method="add"> 
         <double>441894.8643990148</double> 
        </void> 
        <void method="add"> 
         <double>441759.7402356957</double> 
        </void> 
        <void method="add"> 
         <double>441295.0813632429</double> 
        </void> 
        <void method="add"> 
         <double>442408.0858191926</double> 
        </void> 
        <void method="add"> 
         <double>424984.99853147427</double> 
        </void> 
       </object> 
      </void> 
      <void property="stdev"> 
       <double>6976.840332905231</double> 
      </void> 
     </object> 
    </void> 
    <void index="6"> 
     <object class="jmbench.tools.EvaluationMetrics"> 
      <void property="max"> 
       <double>87603.96387421322</double> 
      </void> 
      <void property="mean"> 
       <double>85608.34622362802</double> 
      </void> 
      <void property="median"> 
       <double>86527.0219148826</double> 
      </void> 
      <void property="min"> 
       <double>77391.2925367229</double> 
      </void> 
      <void property="rawResults"> 
       <object class="java.util.ArrayList"> 
        <void method="add"> 
         <double>77391.2925367229</double> 
        </void> 
        <void method="add"> 
         <double>84591.90791434806</double> 
        </void> 
        <void method="add"> 
         <double>84611.42509576211</double> 
        </void> 
        <void method="add"> 
         <double>85361.35628385724</double> 
        </void> 
        <void method="add"> 
         <double>85803.6347033417</double> 
        </void> 
        <void method="add"> 
         <double>85814.8432965676</double> 
        </void> 
        <void method="add"> 
         <double>86234.41576568576</double> 
        </void> 
        <void method="add"> 
         <double>86361.50494758839</double> 
        </void> 
        <void method="add"> 
         <double>86521.17604166882</double> 
        </void> 
        <void method="add"> 
         <double>86527.0219148826</double> 
        </void> 
        <void method="add"> 
         <double>86621.19234246603</double> 
        </void> 
        <void method="add"> 
         <double>86698.189176208</double> 
        </void> 
        <void method="add"> 
         <double>86706.26075075081</double> 
        </void> 
        <void method="add"> 
         <double>86781.58813942125</double> 
        </void> 
        <void method="add"> 
         <double>87167.75348836464</double> 
        </void> 
        <void method="add"> 
         <double>87303.42227151693</double> 
        </void> 
        <void method="add"> 
         <double>87380.08322601413</double> 
        </void> 
        <void method="add"> 
         <double>87409.32752409355</double> 
        </void> 
        <void method="add"> 
         <double>87417.26892256555</double> 
        </void> 
        <void method="add"> 
         <double>87603.96387421322</double> 
        </void> 
        <void method="add"> 
         <double>78488.04037178634</double> 
        </void> 
        <void method="add"> 
         <double>81199.12195576986</double> 
        </void> 
        <void method="add"> 
         <double>86200.23038977101</double> 
        </void> 
        <void method="add"> 
         <double>86849.30915075727</double> 
        </void> 
        <void method="add"> 
         <double>87164.32550657654</double> 
        </void> 
       </object> 
      </void> 
      <void property="stdev"> 
       <double>2611.623455641135</double> 
      </void> 
     </object> 
    </void> 
    <void index="7"> 
     <object class="jmbench.tools.EvaluationMetrics"> 
      <void property="max"> 
       <double>21210.882978777263</double> 
      </void> 
      <void property="mean"> 
       <double>20852.943917774144</double> 
      </void> 
      <void property="median"> 
       <double>20982.55788694556</double> 
      </void> 
      <void property="min"> 
       <double>19508.51458792631</double> 
      </void> 
      <void property="rawResults"> 
       <object class="java.util.ArrayList"> 
        <void method="add"> 
         <double>19508.51458792631</double> 
        </void> 
        <void method="add"> 
         <double>20038.27669665895</double> 
        </void> 
        <void method="add"> 
         <double>20798.931526229328</double> 
        </void> 
        <void method="add"> 
         <double>20880.29501965842</double> 
        </void> 
        <void method="add"> 
         <double>20913.4030254066</double> 
        </void> 
        <void method="add"> 
         <double>20930.06407377613</double> 
        </void> 
        <void method="add"> 
         <double>20935.401938236504</double> 
        </void> 
        <void method="add"> 
         <double>20936.202476315946</double> 
        </void> 
        <void method="add"> 
         <double>20967.53508956177</double> 
        </void> 
        <void method="add"> 
         <double>20982.55788694556</double> 
        </void> 
        <void method="add"> 
         <double>21012.349210585704</double> 
        </void> 
        <void method="add"> 
         <double>21013.977273405915</double> 
        </void> 
        <void method="add"> 
         <double>21034.43357091058</double> 
        </void> 
        <void method="add"> 
         <double>21049.623128739477</double> 
        </void> 
        <void method="add"> 
         <double>21073.68148741126</double> 
        </void> 
        <void method="add"> 
         <double>21083.694301151063</double> 
        </void> 
        <void method="add"> 
         <double>21126.593011614063</double> 
        </void> 
        <void method="add"> 
         <double>21141.11190351352</double> 
        </void> 
        <void method="add"> 
         <double>21191.509955569793</double> 
        </void> 
        <void method="add"> 
         <double>21210.882978777263</double> 
        </void> 
        <void method="add"> 
         <double>21165.17173385279</double> 
        </void> 
        <void method="add"> 
         <double>21179.43404279393</double> 
        </void> 
        <void method="add"> 
         <double>20928.811076828948</double> 
        </void> 
        <void method="add"> 
         <double>19691.188676980986</double> 
        </void> 
        <void method="add"> 
         <double>20529.95327150277</double> 
        </void> 
       </object> 
      </void> 
      <void property="stdev"> 
       <double>438.978139266159</double> 
      </void> 
     </object> 
    </void> 
    <void index="8"> 
     <object class="jmbench.tools.EvaluationMetrics"> 
      <void property="max"> 
       <double>5157.926305793937</double> 
      </void> 
      <void property="mean"> 
       <double>5000.482035098361</double> 
      </void> 
      <void property="median"> 
       <double>5108.313319358511</double> 
      </void> 
      <void property="min"> 
       <double>4325.2018285793265</double> 
      </void> 
      <void property="rawResults"> 
       <object class="java.util.ArrayList"> 
        <void method="add"> 
         <double>4325.2018285793265</double> 
        </void> 
        <void method="add"> 
         <double>4639.45630912689</double> 
        </void> 
        <void method="add"> 
         <double>4699.679719016964</double> 
        </void> 
        <void method="add"> 
         <double>4719.13145459076</double> 
        </void> 
        <void method="add"> 
         <double>4724.561716863069</double> 
        </void> 
        <void method="add"> 
         <double>4971.232054623783</double> 
        </void> 
        <void method="add"> 
         <double>5098.511775022667</double> 
        </void> 
        <void method="add"> 
         <double>5100.665580099732</double> 
        </void> 
        <void method="add"> 
         <double>5100.92760901191</double> 
        </void> 
        <void method="add"> 
         <double>5105.59801802661</double> 
        </void> 
        <void method="add"> 
         <double>5117.811802736573</double> 
        </void> 
        <void method="add"> 
         <double>5118.441990087808</double> 
        </void> 
        <void method="add"> 
         <double>5121.562061020082</double> 
        </void> 
        <void method="add"> 
         <double>5125.041148827107</double> 
        </void> 
        <void method="add"> 
         <double>5127.571047636116</double> 
        </void> 
        <void method="add"> 
         <double>5128.709932266734</double> 
        </void> 
        <void method="add"> 
         <double>5131.081382409208</double> 
        </void> 
        <void method="add"> 
         <double>5132.561793455428</double> 
        </void> 
        <void method="add"> 
         <double>5151.001657108675</double> 
        </void> 
        <void method="add"> 
         <double>5157.926305793937</double> 
        </void> 
        <void method="add"> 
         <double>4738.948086733156</double> 
        </void> 
        <void method="add"> 
         <double>5095.77013035638</double> 
        </void> 
        <void method="add"> 
         <double>5125.601366175803</double> 
        </void> 
        <void method="add"> 
         <double>5108.313319358511</double> 
        </void> 
        <void method="add"> 
         <double>5146.742788531775</double> 
        </void> 
       </object> 
      </void> 
      <void property="stdev"> 
       <double>216.54622698625155</double> 
      </void> 
     </object> 
    </void> 
    <void index="9"> 
     <object class="jmbench.tools.EvaluationMetrics"> 
      <void property="max"> 
       <double>392.21563557032243</double> 
      </void> 
      <void property="mean"> 
       <double>380.4623371768973</double> 
      </void> 
      <void property="median"> 
       <double>382.49621259873464</double> 
      </void> 
      <void property="min"> 
       <double>344.4142096554712</double> 
      </void> 
      <void property="rawResults"> 
       <object class="java.util.ArrayList"> 
        <void method="add"> 
         <double>374.73097909668047</double> 
        </void> 
        <void method="add"> 
         <double>376.0446082384941</double> 
        </void> 
        <void method="add"> 
         <double>376.1309730781362</double> 
        </void> 
        <void method="add"> 
         <double>377.1829957474052</double> 
        </void> 
        <void method="add"> 
         <double>380.5487294466491</double> 
        </void> 
        <void method="add"> 
         <double>381.14115729735045</double> 
        </void> 
        <void method="add"> 
         <double>381.96309026347546</double> 
        </void> 
        <void method="add"> 
         <double>382.49621259873464</double> 
        </void> 
        <void method="add"> 
         <double>383.6025275414436</double> 
        </void> 
        <void method="add"> 
         <double>383.69335616591803</double> 
        </void> 
        <void method="add"> 
         <double>386.1726606968874</double> 
        </void> 
        <void method="add"> 
         <double>386.20047231606253</double> 
        </void> 
        <void method="add"> 
         <double>386.6504520551544</double> 
        </void> 
        <void method="add"> 
         <double>387.1624890940202</double> 
        </void> 
        <void method="add"> 
         <double>387.9211192599657</double> 
        </void> 
        <void method="add"> 
         <double>388.3324769069928</double> 
        </void> 
        <void method="add"> 
         <double>388.438196146056</double> 
        </void> 
        <void method="add"> 
         <double>390.24068361436133</double> 
        </void> 
        <void method="add"> 
         <double>390.9310420772421</double> 
        </void> 
        <void method="add"> 
         <double>392.21563557032243</double> 
        </void> 
        <void method="add"> 
         <double>344.4142096554712</double> 
        </void> 
        <void method="add"> 
         <double>362.9438103018702</double> 
        </void> 
        <void method="add"> 
         <double>364.1638786811814</double> 
        </void> 
        <void method="add"> 
         <double>376.78698038119796</double> 
        </void> 
        <void method="add"> 
         <double>381.44969319136084</double> 
        </void> 
       </object> 
      </void> 
      <void property="stdev"> 
       <double>10.332050522665748</double> 
      </void> 
     </object> 
    </void> 
    <void index="10"> 
     <object class="jmbench.tools.EvaluationMetrics"> 
      <void property="max"> 
       <double>85.55727055724368</double> 
      </void> 
      <void property="mean"> 
       <double>83.84802071013645</double> 
      </void> 
      <void property="median"> 
       <double>84.02247943306368</double> 
      </void> 
      <void property="min"> 
       <double>78.11507256663539</double> 
      </void> 
      <void property="rawResults"> 
       <object class="java.util.ArrayList"> 
        <void method="add"> 
         <double>78.11507256663539</double> 
        </void> 
        <void method="add"> 
         <double>81.61627707240997</double> 
        </void> 
        <void method="add"> 
         <double>83.6146211309682</double> 
        </void> 
        <void method="add"> 
         <double>83.63697213335271</double> 
        </void> 
        <void method="add"> 
         <double>83.65661372166286</double> 
        </void> 
        <void method="add"> 
         <double>83.70748865444479</double> 
        </void> 
        <void method="add"> 
         <double>83.7111403676527</double> 
        </void> 
        <void method="add"> 
         <double>83.8330366660919</double> 
        </void> 
        <void method="add"> 
         <double>83.86863789436426</double> 
        </void> 
        <void method="add"> 
         <double>83.91625352076159</double> 
        </void> 
        <void method="add"> 
         <double>83.95688270510351</double> 
        </void> 
        <void method="add"> 
         <double>84.02247943306368</double> 
        </void> 
        <void method="add"> 
         <double>84.10077857009445</double> 
        </void> 
        <void method="add"> 
         <double>84.12392590422367</double> 
        </void> 
        <void method="add"> 
         <double>84.26567104531536</double> 
        </void> 
        <void method="add"> 
         <double>84.44163884573346</double> 
        </void> 
        <void method="add"> 
         <double>84.45733291718878</double> 
        </void> 
        <void method="add"> 
         <double>84.58265281988</double> 
        </void> 
        <void method="add"> 
         <double>84.77570070540075</double> 
        </void> 
        <void method="add"> 
         <double>84.93638914233402</double> 
        </void> 
        <void method="add"> 
         <double>84.14798023381117</double> 
        </void> 
        <void method="add"> 
         <double>85.55727055724368</double> 
        </void> 
        <void method="add"> 
         <double>85.08288742283142</double> 
        </void> 
        <void method="add"> 
         <double>84.27155336301618</double> 
        </void> 
        <void method="add"> 
         <double>83.80126035982647</double> 
        </void> 
       </object> 
      </void> 
      <void property="stdev"> 
       <double>1.3624974770163845</double> 
      </void> 
     </object> 
    </void> 
    <void index="11"> 
     <object class="jmbench.tools.EvaluationMetrics"> 
      <void property="max"> 
       <double>20.313240088569056</double> 
      </void> 
      <void property="mean"> 
       <double>19.719793082019795</double> 
      </void> 
      <void property="median"> 
       <double>19.76310270738943</double> 
      </void> 
      <void property="min"> 
       <double>18.29224609220566</double> 
      </void> 
      <void property="rawResults"> 
       <object class="java.util.ArrayList"> 
        <void method="add"> 
         <double>18.29224609220566</double> 
        </void> 
        <void method="add"> 
         <double>19.013515101899554</double> 
        </void> 
        <void method="add"> 
         <double>19.025858194831866</double> 
        </void> 
        <void method="add"> 
         <double>19.49891401755915</double> 
        </void> 
        <void method="add"> 
         <double>19.54704528430616</double> 
        </void> 
        <void method="add"> 
         <double>19.559435560497924</double> 
        </void> 
        <void method="add"> 
         <double>19.60915619624271</double> 
        </void> 
        <void method="add"> 
         <double>19.625778411297045</double> 
        </void> 
        <void method="add"> 
         <double>19.62789573002956</double> 
        </void> 
        <void method="add"> 
         <double>19.628616200838195</double> 
        </void> 
        <void method="add"> 
         <double>19.720903093708397</double> 
        </void> 
        <void method="add"> 
         <double>19.76310270738943</double> 
        </void> 
        <void method="add"> 
         <double>19.87905004041402</double> 
        </void> 
        <void method="add"> 
         <double>19.881002474793057</double> 
        </void> 
        <void method="add"> 
         <double>19.995182828333277</double> 
        </void> 
        <void method="add"> 
         <double>20.059850958918148</double> 
        </void> 
        <void method="add"> 
         <double>20.083233053183747</double> 
        </void> 
        <void method="add"> 
         <double>20.133889464029554</double> 
        </void> 
        <void method="add"> 
         <double>20.149093627998614</double> 
        </void> 
        <void method="add"> 
         <double>20.313240088569056</double> 
        </void> 
        <void method="add"> 
         <double>19.663711667259076</double> 
        </void> 
        <void method="add"> 
         <double>20.012477406548996</double> 
        </void> 
        <void method="add"> 
         <double>19.790189889645863</double> 
        </void> 
        <void method="add"> 
         <double>20.196844580388944</double> 
        </void> 
        <void method="add"> 
         <double>19.924594379606987</double> 
        </void> 
       </object> 
      </void> 
      <void property="stdev"> 
       <double>0.42934753320438235</double> 
      </void> 
     </object> 
    </void> 
   </array> 
  </void> 
  <void property="opName"> 
   <string>Add c=a+b</string> 
  </void> 
 </object> 
</java> 
