<?xml version="1.0" encoding="UTF-8"?> 
<java version="1.6.0_16" class="java.beans.XMLDecoder"> 
 <object class="jmbench.tools.runtime.OperationResults"> 
  <void property="library"> 
   <object class="jmbench.impl.MatrixLibrary" method="valueOf"> 
    <string>JAMA</string> 
   </object> 
  </void> 
  <void property="matDimen"> 
   <array class="int" length="12"> 
    <void index="0"> 
     <int>2</int> 
    </void> 
    <void index="1"> 
     <int>3</int> 
    </void> 
    <void index="2"> 
     <int>4</int> 
    </void> 
    <void index="3"> 
     <int>5</int> 
    </void> 
    <void index="4"> 
     <int>10</int> 
    </void> 
    <void index="5"> 
     <int>20</int> 
    </void> 
    <void index="6"> 
     <int>50</int> 
    </void> 
    <void index="7"> 
     <int>100</int> 
    </void> 
    <void index="8"> 
     <int>200</int> 
    </void> 
    <void index="9"> 
     <int>500</int> 
    </void> 
    <void index="10"> 
     <int>1000</int> 
    </void> 
    <void index="11"> 
     <int>2000</int> 
    </void> 
   </array> 
  </void> 
  <void property="metrics"> 
   <array class="jmbench.tools.EvaluationMetrics" length="12"> 
    <void index="0"> 
     <object class="jmbench.tools.EvaluationMetrics"> 
      <void property="max"> 
       <double>3277181.0853614546</double> 
      </void> 
      <void property="mean"> 
       <double>3052172.7170272185</double> 
      </void> 
      <void property="median"> 
       <double>3103369.381084595</double> 
      </void> 
      <void property="min"> 
       <double>2617682.2885890245</double> 
      </void> 
      <void property="rawResults"> 
       <object class="java.util.ArrayList"> 
        <void method="add"> 
         <double>2617682.2885890245</double> 
        </void> 
        <void method="add"> 
         <double>2619970.993722546</double> 
        </void> 
        <void method="add"> 
         <double>2621215.8695882624</double> 
        </void> 
        <void method="add"> 
         <double>2753608.7307680445</double> 
        </void> 
        <void method="add"> 
         <double>2755493.667427817</double> 
        </void> 
        <void method="add"> 
         <double>3067989.4888235005</double> 
        </void> 
        <void method="add"> 
         <double>3093937.057824579</double> 
        </void> 
        <void method="add"> 
         <double>3095185.83939039</double> 
        </void> 
        <void method="add"> 
         <double>3097402.2940157265</double> 
        </void> 
        <void method="add"> 
         <double>3098645.610154678</double> 
        </void> 
        <void method="add"> 
         <double>3103369.381084595</double> 
        </void> 
        <void method="add"> 
         <double>3103579.2112965044</double> 
        </void> 
        <void method="add"> 
         <double>3107434.4852870298</double> 
        </void> 
        <void method="add"> 
         <double>3114452.771595275</double> 
        </void> 
        <void method="add"> 
         <double>3116135.0005189767</double> 
        </void> 
        <void method="add"> 
         <double>3118520.668743613</double> 
        </void> 
        <void method="add"> 
         <double>3123052.469108038</double> 
        </void> 
        <void method="add"> 
         <double>3238672.7781724846</double> 
        </void> 
        <void method="add"> 
         <double>3266767.6435980937</double> 
        </void> 
        <void method="add"> 
         <double>3277181.0853614546</double> 
        </void> 
        <void method="add"> 
         <double>3083854.9245456047</double> 
        </void> 
        <void method="add"> 
         <double>3097280.4169768067</double> 
        </void> 
        <void method="add"> 
         <double>3254937.016235802</double> 
        </void> 
        <void method="add"> 
         <double>3239691.5758752637</double> 
        </void> 
        <void method="add"> 
         <double>3238256.656976343</double> 
        </void> 
       </object> 
      </void> 
      <void property="stdev"> 
       <double>201755.39094950247</double> 
      </void> 
     </object> 
    </void> 
    <void index="1"> 
     <object class="jmbench.tools.EvaluationMetrics"> 
      <void property="max"> 
       <double>2256566.8853578265</double> 
      </void> 
      <void property="mean"> 
       <double>2125003.295920992</double> 
      </void> 
      <void property="median"> 
       <double>2129382.9769731485</double> 
      </void> 
      <void property="min"> 
       <double>1950697.0957163617</double> 
      </void> 
      <void property="rawResults"> 
       <object class="java.util.ArrayList"> 
        <void method="add"> 
         <double>1973063.3348708819</double> 
        </void> 
        <void method="add"> 
         <double>2017096.172183608</double> 
        </void> 
        <void method="add"> 
         <double>2044639.3023753047</double> 
        </void> 
        <void method="add"> 
         <double>2085366.993868808</double> 
        </void> 
        <void method="add"> 
         <double>2087281.994583522</double> 
        </void> 
        <void method="add"> 
         <double>2090088.558448642</double> 
        </void> 
        <void method="add"> 
         <double>2112614.9484206946</double> 
        </void> 
        <void method="add"> 
         <double>2113161.506072957</double> 
        </void> 
        <void method="add"> 
         <double>2115896.6725897593</double> 
        </void> 
        <void method="add"> 
         <double>2129382.9769731485</double> 
        </void> 
        <void method="add"> 
         <double>2130167.615749905</double> 
        </void> 
        <void method="add"> 
         <double>2157865.403982825</double> 
        </void> 
        <void method="add"> 
         <double>2159308.246692687</double> 
        </void> 
        <void method="add"> 
         <double>2162190.74274375</double> 
        </void> 
        <void method="add"> 
         <double>2172799.3821346825</double> 
        </void> 
        <void method="add"> 
         <double>2175382.780832781</double> 
        </void> 
        <void method="add"> 
         <double>2196579.224789806</double> 
        </void> 
        <void method="add"> 
         <double>2245564.218872354</double> 
        </void> 
        <void method="add"> 
         <double>2251347.6145973904</double> 
        </void> 
        <void method="add"> 
         <double>2256566.8853578265</double> 
        </void> 
        <void method="add"> 
         <double>2159160.8966374826</double> 
        </void> 
        <void method="add"> 
         <double>2159579.0945126973</double> 
        </void> 
        <void method="add"> 
         <double>2098084.7416084446</double> 
        </void> 
        <void method="add"> 
         <double>1950697.0957163617</double> 
        </void> 
        <void method="add"> 
         <double>2081195.9934084765</double> 
        </void> 
       </object> 
      </void> 
      <void property="stdev"> 
       <double>75525.94741367381</double> 
      </void> 
     </object> 
    </void> 
    <void index="2"> 
     <object class="jmbench.tools.EvaluationMetrics"> 
      <void property="max"> 
       <double>1633713.6288265418</double> 
      </void> 
      <void property="mean"> 
       <double>1565593.4682010713</double> 
      </void> 
      <void property="median"> 
       <double>1573092.0451381747</double> 
      </void> 
      <void property="min"> 
       <double>1510297.1729042195</double> 
      </void> 
      <void property="rawResults"> 
       <object class="java.util.ArrayList"> 
        <void method="add"> 
         <double>1534265.005458898</double> 
        </void> 
        <void method="add"> 
         <double>1548047.9124425268</double> 
        </void> 
        <void method="add"> 
         <double>1548467.3579945152</double> 
        </void> 
        <void method="add"> 
         <double>1549037.1302274931</double> 
        </void> 
        <void method="add"> 
         <double>1568628.4367997928</double> 
        </void> 
        <void method="add"> 
         <double>1572043.4309001283</double> 
        </void> 
        <void method="add"> 
         <double>1572975.5104420094</double> 
        </void> 
        <void method="add"> 
         <double>1573092.0451381747</double> 
        </void> 
        <void method="add"> 
         <double>1574772.7660261374</double> 
        </void> 
        <void method="add"> 
         <double>1574861.7521465558</double> 
        </void> 
        <void method="add"> 
         <double>1575169.0058135153</double> 
        </void> 
        <void method="add"> 
         <double>1575827.9080481057</double> 
        </void> 
        <void method="add"> 
         <double>1576140.3925875593</double> 
        </void> 
        <void method="add"> 
         <double>1576703.9558732316</double> 
        </void> 
        <void method="add"> 
         <double>1578036.816919311</double> 
        </void> 
        <void method="add"> 
         <double>1589318.5628829543</double> 
        </void> 
        <void method="add"> 
         <double>1593217.8607620061</double> 
        </void> 
        <void method="add"> 
         <double>1605729.5352310422</double> 
        </void> 
        <void method="add"> 
         <double>1614975.126035605</double> 
        </void> 
        <void method="add"> 
         <double>1633713.6288265418</double> 
        </void> 
        <void method="add"> 
         <double>1510297.1729042195</double> 
        </void> 
        <void method="add"> 
         <double>1535678.9042418285</double> 
        </void> 
        <void method="add"> 
         <double>1516732.4064965833</double> 
        </void> 
        <void method="add"> 
         <double>1516130.9729072507</double> 
        </void> 
        <void method="add"> 
         <double>1525973.1079207999</double> 
        </void> 
       </object> 
      </void> 
      <void property="stdev"> 
       <double>30427.91857232429</double> 
      </void> 
     </object> 
    </void> 
    <void index="3"> 
     <object class="jmbench.tools.EvaluationMetrics"> 
      <void property="max"> 
       <double>1205143.874758151</double> 
      </void> 
      <void property="mean"> 
       <double>1118494.5244770152</double> 
      </void> 
      <void property="median"> 
       <double>1114918.3346562407</double> 
      </void> 
      <void property="min"> 
       <double>1078036.6206380671</double> 
      </void> 
      <void property="rawResults"> 
       <object class="java.util.ArrayList"> 
        <void method="add"> 
         <double>1080717.5041925726</double> 
        </void> 
        <void method="add"> 
         <double>1084258.0711014587</double> 
        </void> 
        <void method="add"> 
         <double>1084510.3397583452</double> 
        </void> 
        <void method="add"> 
         <double>1084573.3654716574</double> 
        </void> 
        <void method="add"> 
         <double>1084605.6002366447</double> 
        </void> 
        <void method="add"> 
         <double>1084633.8523364689</double> 
        </void> 
        <void method="add"> 
         <double>1085475.1370111734</double> 
        </void> 
        <void method="add"> 
         <double>1086896.5686055743</double> 
        </void> 
        <void method="add"> 
         <double>1094893.262225638</double> 
        </void> 
        <void method="add"> 
         <double>1114918.3346562407</double> 
        </void> 
        <void method="add"> 
         <double>1118522.2951466376</double> 
        </void> 
        <void method="add"> 
         <double>1131762.732918662</double> 
        </void> 
        <void method="add"> 
         <double>1133887.1735395915</double> 
        </void> 
        <void method="add"> 
         <double>1154162.2237022277</double> 
        </void> 
        <void method="add"> 
         <double>1155264.3985688682</double> 
        </void> 
        <void method="add"> 
         <double>1156836.1585134426</double> 
        </void> 
        <void method="add"> 
         <double>1171596.3451176018</double> 
        </void> 
        <void method="add"> 
         <double>1177854.2091429748</double> 
        </void> 
        <void method="add"> 
         <double>1182229.147661401</double> 
        </void> 
        <void method="add"> 
         <double>1205143.874758151</double> 
        </void> 
        <void method="add"> 
         <double>1078036.6206380671</double> 
        </void> 
        <void method="add"> 
         <double>1081345.4355551407</double> 
        </void> 
        <void method="add"> 
         <double>1094581.646021426</double> 
        </void> 
        <void method="add"> 
         <double>1118372.680457982</double> 
        </void> 
        <void method="add"> 
         <double>1117286.1345874278</double> 
        </void> 
       </object> 
      </void> 
      <void property="stdev"> 
       <double>37878.429702058944</double> 
      </void> 
     </object> 
    </void> 
    <void index="4"> 
     <object class="jmbench.tools.EvaluationMetrics"> 
      <void property="max"> 
       <double>319517.59674731945</double> 
      </void> 
      <void property="mean"> 
       <double>311649.4884829984</double> 
      </void> 
      <void property="median"> 
       <double>311371.5478155154</double> 
      </void> 
      <void property="min"> 
       <double>299302.3931121223</double> 
      </void> 
      <void property="rawResults"> 
       <object class="java.util.ArrayList"> 
        <void method="add"> 
         <double>299302.3931121223</double> 
        </void> 
        <void method="add"> 
         <double>303668.22885454056</double> 
        </void> 
        <void method="add"> 
         <double>304586.52153326536</double> 
        </void> 
        <void method="add"> 
         <double>305637.90679513174</double> 
        </void> 
        <void method="add"> 
         <double>310316.2184742916</double> 
        </void> 
        <void method="add"> 
         <double>310691.03667740466</double> 
        </void> 
        <void method="add"> 
         <double>310758.60650121473</double> 
        </void> 
        <void method="add"> 
         <double>310850.4123568402</double> 
        </void> 
        <void method="add"> 
         <double>310990.4439865626</double> 
        </void> 
        <void method="add"> 
         <double>311228.76953948685</double> 
        </void> 
        <void method="add"> 
         <double>311258.15437443287</double> 
        </void> 
        <void method="add"> 
         <double>311297.3459419594</double> 
        </void> 
        <void method="add"> 
         <double>311371.5478155154</double> 
        </void> 
        <void method="add"> 
         <double>312044.11060810817</double> 
        </void> 
        <void method="add"> 
         <double>312253.14320492686</double> 
        </void> 
        <void method="add"> 
         <double>312937.1982835583</double> 
        </void> 
        <void method="add"> 
         <double>313411.4017223667</double> 
        </void> 
        <void method="add"> 
         <double>314090.0827071822</double> 
        </void> 
        <void method="add"> 
         <double>319174.079918897</double> 
        </void> 
        <void method="add"> 
         <double>319517.59674731945</double> 
        </void> 
        <void method="add"> 
         <double>313251.7754324171</double> 
        </void> 
        <void method="add"> 
         <double>314909.72372954816</double> 
        </void> 
        <void method="add"> 
         <double>317037.7441839191</double> 
        </void> 
        <void method="add"> 
         <double>313268.1452372811</double> 
        </void> 
        <void method="add"> 
         <double>317384.6243366669</double> 
        </void> 
       </object> 
      </void> 
      <void property="stdev"> 
       <double>4537.741350864695</double> 
      </void> 
     </object> 
    </void> 
    <void index="5"> 
     <object class="jmbench.tools.EvaluationMetrics"> 
      <void property="max"> 
       <double>85889.1864647267</double> 
      </void> 
      <void property="mean"> 
       <double>84201.55160786341</double> 
      </void> 
      <void property="median"> 
       <double>84273.40319499976</double> 
      </void> 
      <void property="min"> 
       <double>79851.69567858224</double> 
      </void> 
      <void property="rawResults"> 
       <object class="java.util.ArrayList"> 
        <void method="add"> 
         <double>82915.0218669753</double> 
        </void> 
        <void method="add"> 
         <double>83164.00562004077</double> 
        </void> 
        <void method="add"> 
         <double>83331.43972618299</double> 
        </void> 
        <void method="add"> 
         <double>83515.57070933763</double> 
        </void> 
        <void method="add"> 
         <double>83537.204401909</double> 
        </void> 
        <void method="add"> 
         <double>83636.11153506399</double> 
        </void> 
        <void method="add"> 
         <double>83676.0037242349</double> 
        </void> 
        <void method="add"> 
         <double>84058.56309202597</double> 
        </void> 
        <void method="add"> 
         <double>84098.19392049359</double> 
        </void> 
        <void method="add"> 
         <double>84116.03481214416</double> 
        </void> 
        <void method="add"> 
         <double>84303.83500350548</double> 
        </void> 
        <void method="add"> 
         <double>84445.6562242664</double> 
        </void> 
        <void method="add"> 
         <double>84487.44110097237</double> 
        </void> 
        <void method="add"> 
         <double>84681.56201097602</double> 
        </void> 
        <void method="add"> 
         <double>85118.81491770485</double> 
        </void> 
        <void method="add"> 
         <double>85203.99482727067</double> 
        </void> 
        <void method="add"> 
         <double>85219.02263786466</double> 
        </void> 
        <void method="add"> 
         <double>85490.42975538585</double> 
        </void> 
        <void method="add"> 
         <double>85491.35855020853</double> 
        </void> 
        <void method="add"> 
         <double>85802.64491073124</double> 
        </void> 
        <void method="add"> 
         <double>79851.69567858224</double> 
        </void> 
        <void method="add"> 
         <double>84992.28684778878</double> 
        </void> 
        <void method="add"> 
         <double>84273.40319499976</double> 
        </void> 
        <void method="add"> 
         <double>85889.1864647267</double> 
        </void> 
        <void method="add"> 
         <double>83739.30866319378</double> 
        </void> 
       </object> 
      </void> 
      <void property="stdev"> 
       <double>1213.2684829500151</double> 
      </void> 
     </object> 
    </void> 
    <void index="6"> 
     <object class="jmbench.tools.EvaluationMetrics"> 
      <void property="max"> 
       <double>10514.896213498598</double> 
      </void> 
      <void property="mean"> 
       <double>10405.023885487448</double> 
      </void> 
      <void property="median"> 
       <double>10430.01068380761</double> 
      </void> 
      <void property="min"> 
       <double>10234.03516533504</double> 
      </void> 
      <void property="rawResults"> 
       <object class="java.util.ArrayList"> 
        <void method="add"> 
         <double>10324.204996013397</double> 
        </void> 
        <void method="add"> 
         <double>10354.993364624986</double> 
        </void> 
        <void method="add"> 
         <double>10383.597198532148</double> 
        </void> 
        <void method="add"> 
         <double>10414.458087949684</double> 
        </void> 
        <void method="add"> 
         <double>10423.92741866618</double> 
        </void> 
        <void method="add"> 
         <double>10429.641754891176</double> 
        </void> 
        <void method="add"> 
         <double>10429.868375853888</double> 
        </void> 
        <void method="add"> 
         <double>10430.01068380761</double> 
        </void> 
        <void method="add"> 
         <double>10431.196640029655</double> 
        </void> 
        <void method="add"> 
         <double>10435.494110767628</double> 
        </void> 
        <void method="add"> 
         <double>10436.684272935638</double> 
        </void> 
        <void method="add"> 
         <double>10454.405982736327</double> 
        </void> 
        <void method="add"> 
         <double>10458.969052002221</double> 
        </void> 
        <void method="add"> 
         <double>10461.089154312916</double> 
        </void> 
        <void method="add"> 
         <double>10464.06113801673</double> 
        </void> 
        <void method="add"> 
         <double>10470.4260463939</double> 
        </void> 
        <void method="add"> 
         <double>10485.345784872272</double> 
        </void> 
        <void method="add"> 
         <double>10501.104348597182</double> 
        </void> 
        <void method="add"> 
         <double>10508.006141437842</double> 
        </void> 
        <void method="add"> 
         <double>10514.896213498598</double> 
        </void> 
        <void method="add"> 
         <double>10272.167093402104</double> 
        </void> 
        <void method="add"> 
         <double>10234.03516533504</double> 
        </void> 
        <void method="add"> 
         <double>10280.799311195085</double> 
        </void> 
        <void method="add"> 
         <double>10261.719084982575</double> 
        </void> 
        <void method="add"> 
         <double>10264.495716331467</double> 
        </void> 
       </object> 
      </void> 
      <void property="stdev"> 
       <double>82.85482786016294</double> 
      </void> 
     </object> 
    </void> 
    <void index="7"> 
     <object class="jmbench.tools.EvaluationMetrics"> 
      <void property="max"> 
       <double>1697.8426592742912</double> 
      </void> 
      <void property="mean"> 
       <double>1653.2911370144727</double> 
      </void> 
      <void property="median"> 
       <double>1683.9822682711874</double> 
      </void> 
      <void property="min"> 
       <double>1496.1417952667339</double> 
      </void> 
      <void property="rawResults"> 
       <object class="java.util.ArrayList"> 
        <void method="add"> 
         <double>1671.4184228474364</double> 
        </void> 
        <void method="add"> 
         <double>1676.3638379234317</double> 
        </void> 
        <void method="add"> 
         <double>1677.1198467510665</double> 
        </void> 
        <void method="add"> 
         <double>1680.3234024366582</double> 
        </void> 
        <void method="add"> 
         <double>1682.3497134462082</double> 
        </void> 
        <void method="add"> 
         <double>1682.923625426492</double> 
        </void> 
        <void method="add"> 
         <double>1683.6923830720225</double> 
        </void> 
        <void method="add"> 
         <double>1683.9822682711874</double> 
        </void> 
        <void method="add"> 
         <double>1684.0229740027523</double> 
        </void> 
        <void method="add"> 
         <double>1684.1815647825542</double> 
        </void> 
        <void method="add"> 
         <double>1684.9243972793872</double> 
        </void> 
        <void method="add"> 
         <double>1685.4861861185925</double> 
        </void> 
        <void method="add"> 
         <double>1686.4699175746555</double> 
        </void> 
        <void method="add"> 
         <double>1688.3831612167398</double> 
        </void> 
        <void method="add"> 
         <double>1689.0201511521207</double> 
        </void> 
        <void method="add"> 
         <double>1689.2717119895688</double> 
        </void> 
        <void method="add"> 
         <double>1691.8438898067116</double> 
        </void> 
        <void method="add"> 
         <double>1693.9378731171678</double> 
        </void> 
        <void method="add"> 
         <double>1697.3598247604568</double> 
        </void> 
        <void method="add"> 
         <double>1697.8426592742912</double> 
        </void> 
        <void method="add"> 
         <double>1553.9319879949117</double> 
        </void> 
        <void method="add"> 
         <double>1553.4065132745707</double> 
        </void> 
        <void method="add"> 
         <double>1500.5208655287909</double> 
        </void> 
        <void method="add"> 
         <double>1496.1417952667339</double> 
        </void> 
        <void method="add"> 
         <double>1517.3594520473148</double> 
        </void> 
       </object> 
      </void> 
      <void property="stdev"> 
       <double>65.73099486513269</double> 
      </void> 
     </object> 
    </void> 
    <void index="8"> 
     <object class="jmbench.tools.EvaluationMetrics"> 
      <void property="max"> 
       <double>255.21595693700124</double> 
      </void> 
      <void property="mean"> 
       <double>253.15981631065532</double> 
      </void> 
      <void property="median"> 
       <double>253.13488360052852</double> 
      </void> 
      <void property="min"> 
       <double>250.02989266537037</double> 
      </void> 
      <void property="rawResults"> 
       <object class="java.util.ArrayList"> 
        <void method="add"> 
         <double>250.02989266537037</double> 
        </void> 
        <void method="add"> 
         <double>251.01584307730755</double> 
        </void> 
        <void method="add"> 
         <double>252.40005091073706</double> 
        </void> 
        <void method="add"> 
         <double>252.52454436014608</double> 
        </void> 
        <void method="add"> 
         <double>252.6317354751387</double> 
        </void> 
        <void method="add"> 
         <double>252.69520585797235</double> 
        </void> 
        <void method="add"> 
         <double>252.85194279774672</double> 
        </void> 
        <void method="add"> 
         <double>252.86595103918972</double> 
        </void> 
        <void method="add"> 
         <double>252.97519392708404</double> 
        </void> 
        <void method="add"> 
         <double>253.11102847262353</double> 
        </void> 
        <void method="add"> 
         <double>253.13488360052852</double> 
        </void> 
        <void method="add"> 
         <double>253.18532634433032</double> 
        </void> 
        <void method="add"> 
         <double>253.28410357050865</double> 
        </void> 
        <void method="add"> 
         <double>253.34983947704103</double> 
        </void> 
        <void method="add"> 
         <double>253.36225686552288</double> 
        </void> 
        <void method="add"> 
         <double>254.41776105387177</double> 
        </void> 
        <void method="add"> 
         <double>254.64283820976982</double> 
        </void> 
        <void method="add"> 
         <double>254.8896819690894</double> 
        </void> 
        <void method="add"> 
         <double>254.91691510762996</double> 
        </void> 
        <void method="add"> 
         <double>255.21595693700124</double> 
        </void> 
        <void method="add"> 
         <double>252.50855952930263</double> 
        </void> 
        <void method="add"> 
         <double>252.49171044731912</double> 
        </void> 
        <void method="add"> 
         <double>253.3235516086659</double> 
        </void> 
        <void method="add"> 
         <double>253.6611742512917</double> 
        </void> 
        <void method="add"> 
         <double>253.5094602111942</double> 
        </void> 
       </object> 
      </void> 
      <void property="stdev"> 
       <double>1.123214209348601</double> 
      </void> 
     </object> 
    </void> 
    <void index="9"> 
     <object class="jmbench.tools.EvaluationMetrics"> 
      <void property="max"> 
       <double>17.876335882111068</double> 
      </void> 
      <void property="mean"> 
       <double>17.640284999079373</double> 
      </void> 
      <void property="median"> 
       <double>17.61291053140161</double> 
      </void> 
      <void property="min"> 
       <double>17.35262766218883</double> 
      </void> 
      <void property="rawResults"> 
       <object class="java.util.ArrayList"> 
        <void method="add"> 
         <double>17.35262766218883</double> 
        </void> 
        <void method="add"> 
         <double>17.505126303575214</double> 
        </void> 
        <void method="add"> 
         <double>17.537360489112693</double> 
        </void> 
        <void method="add"> 
         <double>17.545398221904268</double> 
        </void> 
        <void method="add"> 
         <double>17.545958328109947</double> 
        </void> 
        <void method="add"> 
         <double>17.55897418363141</double> 
        </void> 
        <void method="add"> 
         <double>17.56616531874842</double> 
        </void> 
        <void method="add"> 
         <double>17.579545993650274</double> 
        </void> 
        <void method="add"> 
         <double>17.580678198305854</double> 
        </void> 
        <void method="add"> 
         <double>17.605439823666785</double> 
        </void> 
        <void method="add"> 
         <double>17.605892791441796</double> 
        </void> 
        <void method="add"> 
         <double>17.61291053140161</double> 
        </void> 
        <void method="add"> 
         <double>17.61774822859608</double> 
        </void> 
        <void method="add"> 
         <double>17.62563016923858</double> 
        </void> 
        <void method="add"> 
         <double>17.722142454598963</double> 
        </void> 
        <void method="add"> 
         <double>17.770224054813653</double> 
        </void> 
        <void method="add"> 
         <double>17.806238313459225</double> 
        </void> 
        <void method="add"> 
         <double>17.81061596542412</double> 
        </void> 
        <void method="add"> 
         <double>17.86812677401401</double> 
        </void> 
        <void method="add"> 
         <double>17.876335882111068</double> 
        </void> 
        <void method="add"> 
         <double>17.70570000368579</double> 
        </void> 
        <void method="add"> 
         <double>17.54610471825537</double> 
        </void> 
        <void method="add"> 
         <double>17.66184275820149</double> 
        </void> 
        <void method="add"> 
         <double>17.648080414297546</double> 
        </void> 
        <void method="add"> 
         <double>17.752257394551336</double> 
        </void> 
       </object> 
      </void> 
      <void property="stdev"> 
       <double>0.12111279273117104</double> 
      </void> 
     </object> 
    </void> 
    <void index="10"> 
     <object class="jmbench.tools.EvaluationMetrics"> 
      <void property="max"> 
       <double>1.6678352315300227</double> 
      </void> 
      <void property="mean"> 
       <double>1.6007032498874072</double> 
      </void> 
      <void property="median"> 
       <double>1.6173482560165455</double> 
      </void> 
      <void property="min"> 
       <double>1.5037070459744193</double> 
      </void> 
      <void property="rawResults"> 
       <object class="java.util.ArrayList"> 
        <void method="add"> 
         <double>1.5037070459744193</double> 
        </void> 
        <void method="add"> 
         <double>1.5090559821219023</double> 
        </void> 
        <void method="add"> 
         <double>1.5158234502892403</double> 
        </void> 
        <void method="add"> 
         <double>1.5313546102981193</double> 
        </void> 
        <void method="add"> 
         <double>1.5384866318885755</double> 
        </void> 
        <void method="add"> 
         <double>1.6004562328823586</double> 
        </void> 
        <void method="add"> 
         <double>1.6099537832048614</double> 
        </void> 
        <void method="add"> 
         <double>1.6148798058703118</double> 
        </void> 
        <void method="add"> 
         <double>1.6173482560165455</double> 
        </void> 
        <void method="add"> 
         <double>1.6207884846505</double> 
        </void> 
        <void method="add"> 
         <double>1.6314127342135123</double> 
        </void> 
        <void method="add"> 
         <double>1.633875493524347</double> 
        </void> 
        <void method="add"> 
         <double>1.6525100187518111</double> 
        </void> 
        <void method="add"> 
         <double>1.656082315579445</double> 
        </void> 
        <void method="add"> 
         <double>1.6613046425711453</double> 
        </void> 
        <void method="add"> 
         <double>1.6621031182264177</double> 
        </void> 
        <void method="add"> 
         <double>1.6624166707409729</double> 
        </void> 
        <void method="add"> 
         <double>1.663341806077132</double> 
        </void> 
        <void method="add"> 
         <double>1.6664147714098203</double> 
        </void> 
        <void method="add"> 
         <double>1.6678352315300227</double> 
        </void> 
        <void method="add"> 
         <double>1.634191317373928</double> 
        </void> 
        <void method="add"> 
         <double>1.5743746316083407</double> 
        </void> 
        <void method="add"> 
         <double>1.509820872493347</double> 
        </void> 
        <void method="add"> 
         <double>1.5428808257780589</double> 
        </void> 
        <void method="add"> 
         <double>1.5371625141100604</double> 
        </void> 
       </object> 
      </void> 
      <void property="stdev"> 
       <double>0.05793374362203717</double> 
      </void> 
     </object> 
    </void> 
    <void index="11"> 
     <object class="jmbench.tools.EvaluationMetrics"> 
      <void property="max"> 
       <double>0.2072866374279592</double> 
      </void> 
      <void property="mean"> 
       <double>0.1998100768920779</double> 
      </void> 
      <void property="median"> 
       <double>0.20166741559525073</double> 
      </void> 
      <void property="min"> 
       <double>0.18783660082898826</double> 
      </void> 
      <void property="rawResults"> 
       <object class="java.util.ArrayList"> 
        <void method="add"> 
         <double>0.18783660082898826</double> 
        </void> 
        <void method="add"> 
         <double>0.18806855199073444</double> 
        </void> 
        <void method="add"> 
         <double>0.19261046681252444</double> 
        </void> 
        <void method="add"> 
         <double>0.1930043085859169</double> 
        </void> 
        <void method="add"> 
         <double>0.19632959054377994</double> 
        </void> 
        <void method="add"> 
         <double>0.19729184721932821</double> 
        </void> 
        <void method="add"> 
         <double>0.19735079937903374</double> 
        </void> 
        <void method="add"> 
         <double>0.19913942752693772</double> 
        </void> 
        <void method="add"> 
         <double>0.19918612664182103</double> 
        </void> 
        <void method="add"> 
         <double>0.19927928557923358</double> 
        </void> 
        <void method="add"> 
         <double>0.20166741559525073</double> 
        </void> 
        <void method="add"> 
         <double>0.2019348665485244</double> 
        </void> 
        <void method="add"> 
         <double>0.20323517432784655</double> 
        </void> 
        <void method="add"> 
         <double>0.2045303809492289</double> 
        </void> 
        <void method="add"> 
         <double>0.20467170225668035</double> 
        </void> 
        <void method="add"> 
         <double>0.2046792127459136</double> 
        </void> 
        <void method="add"> 
         <double>0.20485718319299545</double> 
        </void> 
        <void method="add"> 
         <double>0.20649864019478714</double> 
        </void> 
        <void method="add"> 
         <double>0.2067230730430661</double> 
        </void> 
        <void method="add"> 
         <double>0.2072866374279592</double> 
        </void> 
        <void method="add"> 
         <double>0.18810463969769917</double> 
        </void> 
        <void method="add"> 
         <double>0.2033729139908528</double> 
        </void> 
        <void method="add"> 
         <double>0.20454340357944942</double> 
        </void> 
        <void method="add"> 
         <double>0.20608334614383478</double> 
        </void> 
        <void method="add"> 
         <double>0.19696632749956017</double> 
        </void> 
       </object> 
      </void> 
      <void property="stdev"> 
       <double>0.005959128550528481</double> 
      </void> 
     </object> 
    </void> 
   </array> 
  </void> 
  <void property="opName"> 
   <string>Determinant</string> 
  </void> 
 </object> 
</java> 
