<?xml version="1.0" encoding="UTF-8"?> 
<java version="1.6.0_16" class="java.beans.XMLDecoder"> 
 <object class="jmbench.tools.runtime.OperationResults"> 
  <void property="library"> 
   <object class="jmbench.impl.MatrixLibrary" method="valueOf"> 
    <string>JAMA</string> 
   </object> 
  </void> 
  <void property="matDimen"> 
   <array class="int" length="12"> 
    <void index="0"> 
     <int>2</int> 
    </void> 
    <void index="1"> 
     <int>3</int> 
    </void> 
    <void index="2"> 
     <int>4</int> 
    </void> 
    <void index="3"> 
     <int>5</int> 
    </void> 
    <void index="4"> 
     <int>10</int> 
    </void> 
    <void index="5"> 
     <int>20</int> 
    </void> 
    <void index="6"> 
     <int>50</int> 
    </void> 
    <void index="7"> 
     <int>100</int> 
    </void> 
    <void index="8"> 
     <int>200</int> 
    </void> 
    <void index="9"> 
     <int>500</int> 
    </void> 
    <void index="10"> 
     <int>1000</int> 
    </void> 
    <void index="11"> 
     <int>2000</int> 
    </void> 
   </array> 
  </void> 
  <void property="metrics"> 
   <array class="jmbench.tools.EvaluationMetrics" length="12"> 
    <void index="0"> 
     <object class="jmbench.tools.EvaluationMetrics"> 
      <void property="max"> 
       <double>2182536.265873834</double> 
      </void> 
      <void property="mean"> 
       <double>2117162.0326350415</double> 
      </void> 
      <void property="median"> 
       <double>2122176.6738036484</double> 
      </void> 
      <void property="min"> 
       <double>2048548.4850059056</double> 
      </void> 
      <void property="rawResults"> 
       <object class="java.util.ArrayList"> 
        <void method="add"> 
         <double>2048548.4850059056</double> 
        </void> 
        <void method="add"> 
         <double>2062439.6860630268</double> 
        </void> 
        <void method="add"> 
         <double>2068940.4545852533</double> 
        </void> 
        <void method="add"> 
         <double>2084702.0139361091</double> 
        </void> 
        <void method="add"> 
         <double>2088515.2095367524</double> 
        </void> 
        <void method="add"> 
         <double>2093299.1491811909</double> 
        </void> 
        <void method="add"> 
         <double>2099437.1178075713</double> 
        </void> 
        <void method="add"> 
         <double>2104949.266377115</double> 
        </void> 
        <void method="add"> 
         <double>2108623.8885456696</double> 
        </void> 
        <void method="add"> 
         <double>2109347.3693823456</double> 
        </void> 
        <void method="add"> 
         <double>2111987.5119232414</double> 
        </void> 
        <void method="add"> 
         <double>2122176.6738036484</double> 
        </void> 
        <void method="add"> 
         <double>2127589.206790983</double> 
        </void> 
        <void method="add"> 
         <double>2127710.6533403043</double> 
        </void> 
        <void method="add"> 
         <double>2131493.780025656</double> 
        </void> 
        <void method="add"> 
         <double>2137293.806947797</double> 
        </void> 
        <void method="add"> 
         <double>2142063.0628050948</double> 
        </void> 
        <void method="add"> 
         <double>2154690.0020036446</double> 
        </void> 
        <void method="add"> 
         <double>2175988.19423032</double> 
        </void> 
        <void method="add"> 
         <double>2182536.265873834</double> 
        </void> 
        <void method="add"> 
         <double>2131848.723341137</double> 
        </void> 
        <void method="add"> 
         <double>2126272.2217219565</double> 
        </void> 
        <void method="add"> 
         <double>2128260.895183357</double> 
        </void> 
        <void method="add"> 
         <double>2120135.249501762</double> 
        </void> 
        <void method="add"> 
         <double>2140201.9279623637</double> 
        </void> 
       </object> 
      </void> 
      <void property="stdev"> 
       <double>31416.925846343864</double> 
      </void> 
     </object> 
    </void> 
    <void index="1"> 
     <object class="jmbench.tools.EvaluationMetrics"> 
      <void property="max"> 
       <double>1555018.407964746</double> 
      </void> 
      <void property="mean"> 
       <double>1542267.9881761714</double> 
      </void> 
      <void property="median"> 
       <double>1545299.0215017248</double> 
      </void> 
      <void property="min"> 
       <double>1513387.1448286732</double> 
      </void> 
      <void property="rawResults"> 
       <object class="java.util.ArrayList"> 
        <void method="add"> 
         <double>1513387.1448286732</double> 
        </void> 
        <void method="add"> 
         <double>1516605.161939853</double> 
        </void> 
        <void method="add"> 
         <double>1531288.3041719936</double> 
        </void> 
        <void method="add"> 
         <double>1534551.3203514148</double> 
        </void> 
        <void method="add"> 
         <double>1535594.652120324</double> 
        </void> 
        <void method="add"> 
         <double>1537367.0832926698</double> 
        </void> 
        <void method="add"> 
         <double>1537858.399912026</double> 
        </void> 
        <void method="add"> 
         <double>1537955.7323399722</double> 
        </void> 
        <void method="add"> 
         <double>1538421.2843934626</double> 
        </void> 
        <void method="add"> 
         <double>1546116.3473152185</double> 
        </void> 
        <void method="add"> 
         <double>1546985.9003542871</double> 
        </void> 
        <void method="add"> 
         <double>1547183.3008355931</double> 
        </void> 
        <void method="add"> 
         <double>1548101.242024062</double> 
        </void> 
        <void method="add"> 
         <double>1548872.3219623636</double> 
        </void> 
        <void method="add"> 
         <double>1549868.9209413512</double> 
        </void> 
        <void method="add"> 
         <double>1550030.205571274</double> 
        </void> 
        <void method="add"> 
         <double>1551883.2552275672</double> 
        </void> 
        <void method="add"> 
         <double>1552362.4397739342</double> 
        </void> 
        <void method="add"> 
         <double>1554485.5224682158</double> 
        </void> 
        <void method="add"> 
         <double>1555018.407964746</double> 
        </void> 
        <void method="add"> 
         <double>1542339.3131821472</double> 
        </void> 
        <void method="add"> 
         <double>1554346.412748854</double> 
        </void> 
        <void method="add"> 
         <double>1542708.832230189</double> 
        </void> 
        <void method="add"> 
         <double>1538069.1769523802</double> 
        </void> 
        <void method="add"> 
         <double>1545299.0215017248</double> 
        </void> 
       </object> 
      </void> 
      <void property="stdev"> 
       <double>10450.206437985187</double> 
      </void> 
     </object> 
    </void> 
    <void index="2"> 
     <object class="jmbench.tools.EvaluationMetrics"> 
      <void property="max"> 
       <double>1157735.3179870714</double> 
      </void> 
      <void property="mean"> 
       <double>1143923.4284669284</double> 
      </void> 
      <void property="median"> 
       <double>1145447.9946051836</double> 
      </void> 
      <void property="min"> 
       <double>1096810.5145129487</double> 
      </void> 
      <void property="rawResults"> 
       <object class="java.util.ArrayList"> 
        <void method="add"> 
         <double>1096810.5145129487</double> 
        </void> 
        <void method="add"> 
         <double>1136609.2107842865</double> 
        </void> 
        <void method="add"> 
         <double>1136723.7931054602</double> 
        </void> 
        <void method="add"> 
         <double>1136789.5388409197</double> 
        </void> 
        <void method="add"> 
         <double>1140767.868612553</double> 
        </void> 
        <void method="add"> 
         <double>1141891.5289190118</double> 
        </void> 
        <void method="add"> 
         <double>1142210.3510134467</double> 
        </void> 
        <void method="add"> 
         <double>1142666.7808163504</double> 
        </void> 
        <void method="add"> 
         <double>1143911.317158702</double> 
        </void> 
        <void method="add"> 
         <double>1144109.6525357184</double> 
        </void> 
        <void method="add"> 
         <double>1145447.9946051836</double> 
        </void> 
        <void method="add"> 
         <double>1145493.3596964926</double> 
        </void> 
        <void method="add"> 
         <double>1146103.4834386858</double> 
        </void> 
        <void method="add"> 
         <double>1146624.6648235042</double> 
        </void> 
        <void method="add"> 
         <double>1146899.6089208294</double> 
        </void> 
        <void method="add"> 
         <double>1149594.9648457458</double> 
        </void> 
        <void method="add"> 
         <double>1151425.360299422</double> 
        </void> 
        <void method="add"> 
         <double>1156453.9979277076</double> 
        </void> 
        <void method="add"> 
         <double>1156709.0258375301</double> 
        </void> 
        <void method="add"> 
         <double>1157735.3179870714</double> 
        </void> 
        <void method="add"> 
         <double>1156855.9881571613</double> 
        </void> 
        <void method="add"> 
         <double>1129326.6364711456</double> 
        </void> 
        <void method="add"> 
         <double>1136211.4330413057</double> 
        </void> 
        <void method="add"> 
         <double>1156569.746911214</double> 
        </void> 
        <void method="add"> 
         <double>1154143.5724108191</double> 
        </void> 
       </object> 
      </void> 
      <void property="stdev"> 
       <double>12205.008177245285</double> 
      </void> 
     </object> 
    </void> 
    <void index="3"> 
     <object class="jmbench.tools.EvaluationMetrics"> 
      <void property="max"> 
       <double>892851.4426900835</double> 
      </void> 
      <void property="mean"> 
       <double>877540.8665012753</double> 
      </void> 
      <void property="median"> 
       <double>879039.7974112201</double> 
      </void> 
      <void property="min"> 
       <double>857373.5984509005</double> 
      </void> 
      <void property="rawResults"> 
       <object class="java.util.ArrayList"> 
        <void method="add"> 
         <double>857373.5984509005</double> 
        </void> 
        <void method="add"> 
         <double>860270.1975689081</double> 
        </void> 
        <void method="add"> 
         <double>860864.0867281843</double> 
        </void> 
        <void method="add"> 
         <double>865650.339652651</double> 
        </void> 
        <void method="add"> 
         <double>869925.8083015794</double> 
        </void> 
        <void method="add"> 
         <double>873937.0591057653</double> 
        </void> 
        <void method="add"> 
         <double>874219.5369365802</double> 
        </void> 
        <void method="add"> 
         <double>876772.6064985706</double> 
        </void> 
        <void method="add"> 
         <double>878379.9987782519</double> 
        </void> 
        <void method="add"> 
         <double>880870.6471769799</double> 
        </void> 
        <void method="add"> 
         <double>880920.0603102073</double> 
        </void> 
        <void method="add"> 
         <double>881953.9346987278</double> 
        </void> 
        <void method="add"> 
         <double>882948.2019930749</double> 
        </void> 
        <void method="add"> 
         <double>883096.4865757257</double> 
        </void> 
        <void method="add"> 
         <double>883711.8360565532</double> 
        </void> 
        <void method="add"> 
         <double>883950.3311343872</double> 
        </void> 
        <void method="add"> 
         <double>884499.6276670767</double> 
        </void> 
        <void method="add"> 
         <double>884865.0768967203</double> 
        </void> 
        <void method="add"> 
         <double>890540.9716596887</double> 
        </void> 
        <void method="add"> 
         <double>892851.4426900835</double> 
        </void> 
        <void method="add"> 
         <double>880611.4745281575</double> 
        </void> 
        <void method="add"> 
         <double>877776.8188414034</double> 
        </void> 
        <void method="add"> 
         <double>875599.6472328258</double> 
        </void> 
        <void method="add"> 
         <double>879039.7974112201</double> 
        </void> 
        <void method="add"> 
         <double>877892.0756376635</double> 
        </void> 
       </object> 
      </void> 
      <void property="stdev"> 
       <double>8741.05710324213</double> 
      </void> 
     </object> 
    </void> 
    <void index="4"> 
     <object class="jmbench.tools.EvaluationMetrics"> 
      <void property="max"> 
       <double>211555.51827578</double> 
      </void> 
      <void property="mean"> 
       <double>206588.11463314784</double> 
      </void> 
      <void property="median"> 
       <double>206406.95474128405</double> 
      </void> 
      <void property="min"> 
       <double>202523.50881053635</double> 
      </void> 
      <void property="rawResults"> 
       <object class="java.util.ArrayList"> 
        <void method="add"> 
         <double>202893.5746459413</double> 
        </void> 
        <void method="add"> 
         <double>203479.2898838394</double> 
        </void> 
        <void method="add"> 
         <double>203517.77736678635</double> 
        </void> 
        <void method="add"> 
         <double>203968.7963003107</double> 
        </void> 
        <void method="add"> 
         <double>204032.51130014655</double> 
        </void> 
        <void method="add"> 
         <double>204217.59632976417</double> 
        </void> 
        <void method="add"> 
         <double>205743.48694555144</double> 
        </void> 
        <void method="add"> 
         <double>206097.24129176833</double> 
        </void> 
        <void method="add"> 
         <double>206169.9157515359</double> 
        </void> 
        <void method="add"> 
         <double>206406.95474128405</double> 
        </void> 
        <void method="add"> 
         <double>206505.16188461965</double> 
        </void> 
        <void method="add"> 
         <double>206764.54453692786</double> 
        </void> 
        <void method="add"> 
         <double>207696.36226124372</double> 
        </void> 
        <void method="add"> 
         <double>207760.72254184517</double> 
        </void> 
        <void method="add"> 
         <double>208684.68105116964</double> 
        </void> 
        <void method="add"> 
         <double>208766.26462731333</double> 
        </void> 
        <void method="add"> 
         <double>209552.7445418093</double> 
        </void> 
        <void method="add"> 
         <double>209577.69293279597</double> 
        </void> 
        <void method="add"> 
         <double>210514.9716853415</double> 
        </void> 
        <void method="add"> 
         <double>210824.78824188377</double> 
        </void> 
        <void method="add"> 
         <double>202523.50881053635</double> 
        </void> 
        <void method="add"> 
         <double>205883.64416066403</double> 
        </void> 
        <void method="add"> 
         <double>211555.51827578</double> 
        </void> 
        <void method="add"> 
         <double>206515.34501112284</double> 
        </void> 
        <void method="add"> 
         <double>205049.77070871464</double> 
        </void> 
       </object> 
      </void> 
      <void property="stdev"> 
       <double>2528.685956297086</double> 
      </void> 
     </object> 
    </void> 
    <void index="5"> 
     <object class="jmbench.tools.EvaluationMetrics"> 
      <void property="max"> 
       <double>71061.74138038489</double> 
      </void> 
      <void property="mean"> 
       <double>70378.54094653553</double> 
      </void> 
      <void property="median"> 
       <double>70308.67148077315</double> 
      </void> 
      <void property="min"> 
       <double>68528.32739041654</double> 
      </void> 
      <void property="rawResults"> 
       <object class="java.util.ArrayList"> 
        <void method="add"> 
         <double>68528.32739041654</double> 
        </void> 
        <void method="add"> 
         <double>69981.11491110943</double> 
        </void> 
        <void method="add"> 
         <double>70064.54852813117</double> 
        </void> 
        <void method="add"> 
         <double>70152.11355453036</double> 
        </void> 
        <void method="add"> 
         <double>70156.79286162528</double> 
        </void> 
        <void method="add"> 
         <double>70158.8343176518</double> 
        </void> 
        <void method="add"> 
         <double>70219.05330388501</double> 
        </void> 
        <void method="add"> 
         <double>70221.99852608841</double> 
        </void> 
        <void method="add"> 
         <double>70247.76208479913</double> 
        </void> 
        <void method="add"> 
         <double>70259.9195216768</double> 
        </void> 
        <void method="add"> 
         <double>70308.11203829358</double> 
        </void> 
        <void method="add"> 
         <double>70336.15479954961</double> 
        </void> 
        <void method="add"> 
         <double>70412.84574176547</double> 
        </void> 
        <void method="add"> 
         <double>70838.11201744713</double> 
        </void> 
        <void method="add"> 
         <double>70901.20741568995</double> 
        </void> 
        <void method="add"> 
         <double>70955.81370347383</double> 
        </void> 
        <void method="add"> 
         <double>70967.53037853072</double> 
        </void> 
        <void method="add"> 
         <double>70991.72313984827</double> 
        </void> 
        <void method="add"> 
         <double>71009.74606661554</double> 
        </void> 
        <void method="add"> 
         <double>71061.74138038489</double> 
        </void> 
        <void method="add"> 
         <double>70050.9917176309</double> 
        </void> 
        <void method="add"> 
         <double>70367.118910348</double> 
        </void> 
        <void method="add"> 
         <double>70308.67148077315</double> 
        </void> 
        <void method="add"> 
         <double>70455.32328283644</double> 
        </void> 
        <void method="add"> 
         <double>70507.96659028677</double> 
        </void> 
       </object> 
      </void> 
      <void property="stdev"> 
       <double>508.26180896731427</double> 
      </void> 
     </object> 
    </void> 
    <void index="6"> 
     <object class="jmbench.tools.EvaluationMetrics"> 
      <void property="max"> 
       <double>5992.336245485042</double> 
      </void> 
      <void property="mean"> 
       <double>5944.8576265003285</double> 
      </void> 
      <void property="median"> 
       <double>5951.248745179585</double> 
      </void> 
      <void property="min"> 
       <double>5865.050835874778</double> 
      </void> 
      <void property="rawResults"> 
       <object class="java.util.ArrayList"> 
        <void method="add"> 
         <double>5865.050835874778</double> 
        </void> 
        <void method="add"> 
         <double>5888.503807934969</double> 
        </void> 
        <void method="add"> 
         <double>5896.690066736767</double> 
        </void> 
        <void method="add"> 
         <double>5900.2364215183115</double> 
        </void> 
        <void method="add"> 
         <double>5907.121748420604</double> 
        </void> 
        <void method="add"> 
         <double>5908.328625367394</double> 
        </void> 
        <void method="add"> 
         <double>5928.0793461681515</double> 
        </void> 
        <void method="add"> 
         <double>5932.724921378841</double> 
        </void> 
        <void method="add"> 
         <double>5935.171117248936</double> 
        </void> 
        <void method="add"> 
         <double>5936.628988130659</double> 
        </void> 
        <void method="add"> 
         <double>5939.796269840314</double> 
        </void> 
        <void method="add"> 
         <double>5943.086719344138</double> 
        </void> 
        <void method="add"> 
         <double>5951.248745179585</double> 
        </void> 
        <void method="add"> 
         <double>5964.408032318809</double> 
        </void> 
        <void method="add"> 
         <double>5969.327827889735</double> 
        </void> 
        <void method="add"> 
         <double>5970.588623718919</double> 
        </void> 
        <void method="add"> 
         <double>5972.4893708811705</double> 
        </void> 
        <void method="add"> 
         <double>5974.1889138986835</double> 
        </void> 
        <void method="add"> 
         <double>5975.4417970286495</double> 
        </void> 
        <void method="add"> 
         <double>5976.83719437016</double> 
        </void> 
        <void method="add"> 
         <double>5970.397449206558</double> 
        </void> 
        <void method="add"> 
         <double>5958.343838412669</double> 
        </void> 
        <void method="add"> 
         <double>5979.427494048242</double> 
        </void> 
        <void method="add"> 
         <double>5984.986262106106</double> 
        </void> 
        <void method="add"> 
         <double>5992.336245485042</double> 
        </void> 
       </object> 
      </void> 
      <void property="stdev"> 
       <double>33.70046708351614</double> 
      </void> 
     </object> 
    </void> 
    <void index="7"> 
     <object class="jmbench.tools.EvaluationMetrics"> 
      <void property="max"> 
       <double>791.9252575263865</double> 
      </void> 
      <void property="mean"> 
       <double>787.0219456626947</double> 
      </void> 
      <void property="median"> 
       <double>785.8603300266205</double> 
      </void> 
      <void property="min"> 
       <double>781.3689910996175</double> 
      </void> 
      <void property="rawResults"> 
       <object class="java.util.ArrayList"> 
        <void method="add"> 
         <double>781.3689910996175</double> 
        </void> 
        <void method="add"> 
         <double>782.935069760675</double> 
        </void> 
        <void method="add"> 
         <double>784.2844438129774</double> 
        </void> 
        <void method="add"> 
         <double>784.2939492283789</double> 
        </void> 
        <void method="add"> 
         <double>784.3826921830043</double> 
        </void> 
        <void method="add"> 
         <double>784.9716400552335</double> 
        </void> 
        <void method="add"> 
         <double>785.4065368722564</double> 
        </void> 
        <void method="add"> 
         <double>785.8603300266205</double> 
        </void> 
        <void method="add"> 
         <double>786.3648773888737</double> 
        </void> 
        <void method="add"> 
         <double>786.3724681789677</double> 
        </void> 
        <void method="add"> 
         <double>786.5643639673416</double> 
        </void> 
        <void method="add"> 
         <double>789.1839802097912</double> 
        </void> 
        <void method="add"> 
         <double>790.0535026534095</double> 
        </void> 
        <void method="add"> 
         <double>790.1796641754134</double> 
        </void> 
        <void method="add"> 
         <double>791.3302303191267</double> 
        </void> 
        <void method="add"> 
         <double>791.6034106492817</double> 
        </void> 
        <void method="add"> 
         <double>791.683525830022</double> 
        </void> 
        <void method="add"> 
         <double>791.732758102216</double> 
        </void> 
        <void method="add"> 
         <double>791.7975094000011</double> 
        </void> 
        <void method="add"> 
         <double>791.9252575263865</double> 
        </void> 
        <void method="add"> 
         <double>783.976226997008</double> 
        </void> 
        <void method="add"> 
         <double>784.1678249840104</double> 
        </void> 
        <void method="add"> 
         <double>784.0956470221037</double> 
        </void> 
        <void method="add"> 
         <double>785.4876495889081</double> 
        </void> 
        <void method="add"> 
         <double>785.5260915357458</double> 
        </void> 
       </object> 
      </void> 
      <void property="stdev"> 
       <double>3.25281705629527</double> 
      </void> 
     </object> 
    </void> 
    <void index="8"> 
     <object class="jmbench.tools.EvaluationMetrics"> 
      <void property="max"> 
       <double>100.78463440934523</double> 
      </void> 
      <void property="mean"> 
       <double>100.20693729256013</double> 
      </void> 
      <void property="median"> 
       <double>100.41801165315646</double> 
      </void> 
      <void property="min"> 
       <double>98.80515312931384</double> 
      </void> 
      <void property="rawResults"> 
       <object class="java.util.ArrayList"> 
        <void method="add"> 
         <double>98.80515312931384</double> 
        </void> 
        <void method="add"> 
         <double>99.19415977270039</double> 
        </void> 
        <void method="add"> 
         <double>99.65600156730456</double> 
        </void> 
        <void method="add"> 
         <double>99.6657198668249</double> 
        </void> 
        <void method="add"> 
         <double>99.67574811311292</double> 
        </void> 
        <void method="add"> 
         <double>99.72331851704323</double> 
        </void> 
        <void method="add"> 
         <double>99.81329334581235</double> 
        </void> 
        <void method="add"> 
         <double>99.87533527359372</double> 
        </void> 
        <void method="add"> 
         <double>99.89612043795411</double> 
        </void> 
        <void method="add"> 
         <double>99.89676597806776</double> 
        </void> 
        <void method="add"> 
         <double>100.34709435259286</double> 
        </void> 
        <void method="add"> 
         <double>100.41801165315646</double> 
        </void> 
        <void method="add"> 
         <double>100.49315357980531</double> 
        </void> 
        <void method="add"> 
         <double>100.61085168012696</double> 
        </void> 
        <void method="add"> 
         <double>100.63092363598768</double> 
        </void> 
        <void method="add"> 
         <double>100.65512360419515</double> 
        </void> 
        <void method="add"> 
         <double>100.65576323177035</double> 
        </void> 
        <void method="add"> 
         <double>100.73447138777271</double> 
        </void> 
        <void method="add"> 
         <double>100.75973110841772</double> 
        </void> 
        <void method="add"> 
         <double>100.78463440934523</double> 
        </void> 
        <void method="add"> 
         <double>100.61407198244852</double> 
        </void> 
        <void method="add"> 
         <double>100.6976299795138</double> 
        </void> 
        <void method="add"> 
         <double>100.71648082357474</double> 
        </void> 
        <void method="add"> 
         <double>100.29972503939305</double> 
        </void> 
        <void method="add"> 
         <double>100.55414984417455</double> 
        </void> 
       </object> 
      </void> 
      <void property="stdev"> 
       <double>0.5353589630026196</double> 
      </void> 
     </object> 
    </void> 
    <void index="9"> 
     <object class="jmbench.tools.EvaluationMetrics"> 
      <void property="max"> 
       <double>6.239521474888471</double> 
      </void> 
      <void property="mean"> 
       <double>6.095795408777296</double> 
      </void> 
      <void property="median"> 
       <double>6.129160510418672</double> 
      </void> 
      <void property="min"> 
       <double>5.703362744403704</double> 
      </void> 
      <void property="rawResults"> 
       <object class="java.util.ArrayList"> 
        <void method="add"> 
         <double>5.703362744403704</double> 
        </void> 
        <void method="add"> 
         <double>5.842365744290148</double> 
        </void> 
        <void method="add"> 
         <double>5.928557639704735</double> 
        </void> 
        <void method="add"> 
         <double>5.984852227504938</double> 
        </void> 
        <void method="add"> 
         <double>5.996528246009006</double> 
        </void> 
        <void method="add"> 
         <double>6.03138323159894</double> 
        </void> 
        <void method="add"> 
         <double>6.037876464490711</double> 
        </void> 
        <void method="add"> 
         <double>6.0740556958523</double> 
        </void> 
        <void method="add"> 
         <double>6.0801987359166345</double> 
        </void> 
        <void method="add"> 
         <double>6.116477912893325</double> 
        </void> 
        <void method="add"> 
         <double>6.119839749432271</double> 
        </void> 
        <void method="add"> 
         <double>6.129160510418672</double> 
        </void> 
        <void method="add"> 
         <double>6.162056733701542</double> 
        </void> 
        <void method="add"> 
         <double>6.168539442979284</double> 
        </void> 
        <void method="add"> 
         <double>6.170722599488943</double> 
        </void> 
        <void method="add"> 
         <double>6.176126079986786</double> 
        </void> 
        <void method="add"> 
         <double>6.184024856108564</double> 
        </void> 
        <void method="add"> 
         <double>6.19945202358361</double> 
        </void> 
        <void method="add"> 
         <double>6.217864664124156</double> 
        </void> 
        <void method="add"> 
         <double>6.239521474888471</double> 
        </void> 
        <void method="add"> 
         <double>6.046193633522276</double> 
        </void> 
        <void method="add"> 
         <double>6.210558436969747</double> 
        </void> 
        <void method="add"> 
         <double>6.154957724259841</double> 
        </void> 
        <void method="add"> 
         <double>6.205333081678119</double> 
        </void> 
        <void method="add"> 
         <double>6.214875565625679</double> 
        </void> 
       </object> 
      </void> 
      <void property="stdev"> 
       <double>0.1264666878253357</double> 
      </void> 
     </object> 
    </void> 
    <void index="10"> 
     <object class="jmbench.tools.EvaluationMetrics"> 
      <void property="max"> 
       <double>0.5796264120960448</double> 
      </void> 
      <void property="mean"> 
       <double>0.5702472594306369</double> 
      </void> 
      <void property="median"> 
       <double>0.5720773087311792</double> 
      </void> 
      <void property="min"> 
       <double>0.5452886772148404</double> 
      </void> 
      <void property="rawResults"> 
       <object class="java.util.ArrayList"> 
        <void method="add"> 
         <double>0.5452886772148404</double> 
        </void> 
        <void method="add"> 
         <double>0.5608603155956341</double> 
        </void> 
        <void method="add"> 
         <double>0.5619037537423984</double> 
        </void> 
        <void method="add"> 
         <double>0.5630690345750373</double> 
        </void> 
        <void method="add"> 
         <double>0.5636662205133919</double> 
        </void> 
        <void method="add"> 
         <double>0.5650152280573578</double> 
        </void> 
        <void method="add"> 
         <double>0.5701108813156947</double> 
        </void> 
        <void method="add"> 
         <double>0.5704207038876489</double> 
        </void> 
        <void method="add"> 
         <double>0.5706394926055551</double> 
        </void> 
        <void method="add"> 
         <double>0.5714092333075185</double> 
        </void> 
        <void method="add"> 
         <double>0.5715515070954343</double> 
        </void> 
        <void method="add"> 
         <double>0.5720773087311792</double> 
        </void> 
        <void method="add"> 
         <double>0.5724839631162288</double> 
        </void> 
        <void method="add"> 
         <double>0.5737575192633414</double> 
        </void> 
        <void method="add"> 
         <double>0.574614048658717</double> 
        </void> 
        <void method="add"> 
         <double>0.575210764629999</double> 
        </void> 
        <void method="add"> 
         <double>0.575943267118544</double> 
        </void> 
        <void method="add"> 
         <double>0.5773230843259931</double> 
        </void> 
        <void method="add"> 
         <double>0.5777826128937955</double> 
        </void> 
        <void method="add"> 
         <double>0.5796264120960448</double> 
        </void> 
        <void method="add"> 
         <double>0.5744000713349746</double> 
        </void> 
        <void method="add"> 
         <double>0.574608110739491</double> 
        </void> 
        <void method="add"> 
         <double>0.574482093448872</double> 
        </void> 
        <void method="add"> 
         <double>0.5626686095568741</double> 
        </void> 
        <void method="add"> 
         <double>0.5772685719413575</double> 
        </void> 
       </object> 
      </void> 
      <void property="stdev"> 
       <double>0.007372101276971746</double> 
      </void> 
     </object> 
    </void> 
    <void index="11"> 
     <object class="jmbench.tools.EvaluationMetrics"> 
      <void property="max"> 
       <double>0.07753983231013946</double> 
      </void> 
      <void property="mean"> 
       <double>0.07551237245919294</double> 
      </void> 
      <void property="median"> 
       <double>0.07583641232731693</double> 
      </void> 
      <void property="min"> 
       <double>0.07238423556470366</double> 
      </void> 
      <void property="rawResults"> 
       <object class="java.util.ArrayList"> 
        <void method="add"> 
         <double>0.07238423556470366</double> 
        </void> 
        <void method="add"> 
         <double>0.07630781655428628</double> 
        </void> 
        <void method="add"> 
         <double>0.07583641232731693</double> 
        </void> 
        <void method="add"> 
         <double>0.07753983231013946</double> 
        </void> 
        <void method="add"> 
         <double>0.07549356553951833</double> 
        </void> 
       </object> 
      </void> 
      <void property="stdev"> 
       <double>0.0017107846575560245</double> 
      </void> 
     </object> 
    </void> 
   </array> 
  </void> 
  <void property="opName"> 
   <string>Mult c=a^t * b</string> 
  </void> 
 </object> 
</java> 
