<?xml version="1.0" encoding="UTF-8"?> 
<java version="1.6.0_16" class="java.beans.XMLDecoder"> 
 <object class="jmbench.tools.runtime.OperationResults"> 
  <void property="library"> 
   <object class="jmbench.impl.MatrixLibrary" method="valueOf"> 
    <string>JAMA</string> 
   </object> 
  </void> 
  <void property="matDimen"> 
   <array class="int" length="12"> 
    <void index="0"> 
     <int>2</int> 
    </void> 
    <void index="1"> 
     <int>3</int> 
    </void> 
    <void index="2"> 
     <int>4</int> 
    </void> 
    <void index="3"> 
     <int>5</int> 
    </void> 
    <void index="4"> 
     <int>10</int> 
    </void> 
    <void index="5"> 
     <int>20</int> 
    </void> 
    <void index="6"> 
     <int>50</int> 
    </void> 
    <void index="7"> 
     <int>100</int> 
    </void> 
    <void index="8"> 
     <int>200</int> 
    </void> 
    <void index="9"> 
     <int>500</int> 
    </void> 
    <void index="10"> 
     <int>1000</int> 
    </void> 
    <void index="11"> 
     <int>2000</int> 
    </void> 
   </array> 
  </void> 
  <void property="metrics"> 
   <array class="jmbench.tools.EvaluationMetrics" length="12"> 
    <void index="0"> 
     <object class="jmbench.tools.EvaluationMetrics"> 
      <void property="max"> 
       <double>4845029.890999504</double> 
      </void> 
      <void property="mean"> 
       <double>4768386.563365827</double> 
      </void> 
      <void property="median"> 
       <double>4824007.134153823</double> 
      </void> 
      <void property="min"> 
       <double>4433205.204545672</double> 
      </void> 
      <void property="rawResults"> 
       <object class="java.util.ArrayList"> 
        <void method="add"> 
         <double>4433205.204545672</double> 
        </void> 
        <void method="add"> 
         <double>4472631.838683797</double> 
        </void> 
        <void method="add"> 
         <double>4646355.000759799</double> 
        </void> 
        <void method="add"> 
         <double>4742069.550361012</double> 
        </void> 
        <void method="add"> 
         <double>4780251.323394027</double> 
        </void> 
        <void method="add"> 
         <double>4792614.4824235765</double> 
        </void> 
        <void method="add"> 
         <double>4796161.547402536</double> 
        </void> 
        <void method="add"> 
         <double>4809833.021854653</double> 
        </void> 
        <void method="add"> 
         <double>4816158.728431168</double> 
        </void> 
        <void method="add"> 
         <double>4824007.134153823</double> 
        </void> 
        <void method="add"> 
         <double>4826196.493005404</double> 
        </void> 
        <void method="add"> 
         <double>4826292.6477793725</double> 
        </void> 
        <void method="add"> 
         <double>4827003.9981108485</double> 
        </void> 
        <void method="add"> 
         <double>4830063.113919551</double> 
        </void> 
        <void method="add"> 
         <double>4830451.143091859</double> 
        </void> 
        <void method="add"> 
         <double>4830453.719829158</double> 
        </void> 
        <void method="add"> 
         <double>4831540.687088534</double> 
        </void> 
        <void method="add"> 
         <double>4832447.389466046</double> 
        </void> 
        <void method="add"> 
         <double>4836848.959454583</double> 
        </void> 
        <void method="add"> 
         <double>4845029.890999504</double> 
        </void> 
        <void method="add"> 
         <double>4512027.064509293</double> 
        </void> 
        <void method="add"> 
         <double>4793421.4247707</double> 
        </void> 
        <void method="add"> 
         <double>4833687.824972646</double> 
        </void> 
        <void method="add"> 
         <double>4826440.1171790855</double> 
        </void> 
        <void method="add"> 
         <double>4814471.777959029</double> 
        </void> 
       </object> 
      </void> 
      <void property="stdev"> 
       <double>116686.37827323694</double> 
      </void> 
     </object> 
    </void> 
    <void index="1"> 
     <object class="jmbench.tools.EvaluationMetrics"> 
      <void property="max"> 
       <double>3709769.239522409</double> 
      </void> 
      <void property="mean"> 
       <double>3671784.634636871</double> 
      </void> 
      <void property="median"> 
       <double>3674010.111640287</double> 
      </void> 
      <void property="min"> 
       <double>3613916.3147114497</double> 
      </void> 
      <void property="rawResults"> 
       <object class="java.util.ArrayList"> 
        <void method="add"> 
         <double>3636025.5540842633</double> 
        </void> 
        <void method="add"> 
         <double>3639935.0468011433</double> 
        </void> 
        <void method="add"> 
         <double>3649376.917751345</double> 
        </void> 
        <void method="add"> 
         <double>3654943.438737075</double> 
        </void> 
        <void method="add"> 
         <double>3656391.9623416807</double> 
        </void> 
        <void method="add"> 
         <double>3659620.1324123275</double> 
        </void> 
        <void method="add"> 
         <double>3661254.8102324097</double> 
        </void> 
        <void method="add"> 
         <double>3663320.3608758296</double> 
        </void> 
        <void method="add"> 
         <double>3670211.333525746</double> 
        </void> 
        <void method="add"> 
         <double>3673636.967133045</double> 
        </void> 
        <void method="add"> 
         <double>3674010.111640287</double> 
        </void> 
        <void method="add"> 
         <double>3674777.063753429</double> 
        </void> 
        <void method="add"> 
         <double>3675415.660155554</double> 
        </void> 
        <void method="add"> 
         <double>3691974.203558914</double> 
        </void> 
        <void method="add"> 
         <double>3692736.6658786987</double> 
        </void> 
        <void method="add"> 
         <double>3695718.5310681863</double> 
        </void> 
        <void method="add"> 
         <double>3695822.621408283</double> 
        </void> 
        <void method="add"> 
         <double>3697268.257111628</double> 
        </void> 
        <void method="add"> 
         <double>3698043.401076394</double> 
        </void> 
        <void method="add"> 
         <double>3709769.239522409</double> 
        </void> 
        <void method="add"> 
         <double>3677084.128941807</double> 
        </void> 
        <void method="add"> 
         <double>3691132.4413602105</double> 
        </void> 
        <void method="add"> 
         <double>3649106.0341087044</double> 
        </void> 
        <void method="add"> 
         <double>3613916.3147114497</double> 
        </void> 
        <void method="add"> 
         <double>3693124.6677309475</double> 
        </void> 
       </object> 
      </void> 
      <void property="stdev"> 
       <double>22960.121679747874</double> 
      </void> 
     </object> 
    </void> 
    <void index="2"> 
     <object class="jmbench.tools.EvaluationMetrics"> 
      <void property="max"> 
       <double>2951238.861787693</double> 
      </void> 
      <void property="mean"> 
       <double>2931019.656537417</double> 
      </void> 
      <void property="median"> 
       <double>2934365.244966546</double> 
      </void> 
      <void property="min"> 
       <double>2893924.8237209655</double> 
      </void> 
      <void property="rawResults"> 
       <object class="java.util.ArrayList"> 
        <void method="add"> 
         <double>2909344.6807421916</double> 
        </void> 
        <void method="add"> 
         <double>2911321.222604352</double> 
        </void> 
        <void method="add"> 
         <double>2914833.6763817607</double> 
        </void> 
        <void method="add"> 
         <double>2919793.766185555</double> 
        </void> 
        <void method="add"> 
         <double>2920340.856675123</double> 
        </void> 
        <void method="add"> 
         <double>2921086.1649907194</double> 
        </void> 
        <void method="add"> 
         <double>2929156.0183661887</double> 
        </void> 
        <void method="add"> 
         <double>2929931.3898097365</double> 
        </void> 
        <void method="add"> 
         <double>2931566.477892706</double> 
        </void> 
        <void method="add"> 
         <double>2932248.1637934404</double> 
        </void> 
        <void method="add"> 
         <double>2934365.244966546</double> 
        </void> 
        <void method="add"> 
         <double>2935853.669928132</double> 
        </void> 
        <void method="add"> 
         <double>2936213.237811986</double> 
        </void> 
        <void method="add"> 
         <double>2936785.9286746</double> 
        </void> 
        <void method="add"> 
         <double>2937112.4430893515</double> 
        </void> 
        <void method="add"> 
         <double>2939926.013276976</double> 
        </void> 
        <void method="add"> 
         <double>2943479.731530361</double> 
        </void> 
        <void method="add"> 
         <double>2944748.1772425477</double> 
        </void> 
        <void method="add"> 
         <double>2946669.0997367073</double> 
        </void> 
        <void method="add"> 
         <double>2951238.861787693</double> 
        </void> 
        <void method="add"> 
         <double>2940237.283050178</double> 
        </void> 
        <void method="add"> 
         <double>2950096.5510902493</double> 
        </void> 
        <void method="add"> 
         <double>2924109.425856289</double> 
        </void> 
        <void method="add"> 
         <double>2941108.504231063</double> 
        </void> 
        <void method="add"> 
         <double>2893924.8237209655</double> 
        </void> 
       </object> 
      </void> 
      <void property="stdev"> 
       <double>13635.464979956956</double> 
      </void> 
     </object> 
    </void> 
    <void index="3"> 
     <object class="jmbench.tools.EvaluationMetrics"> 
      <void property="max"> 
       <double>2414776.7671041223</double> 
      </void> 
      <void property="mean"> 
       <double>2381984.1446255315</double> 
      </void> 
      <void property="median"> 
       <double>2391380.0903059244</double> 
      </void> 
      <void property="min"> 
       <double>2268685.6295944406</double> 
      </void> 
      <void property="rawResults"> 
       <object class="java.util.ArrayList"> 
        <void method="add"> 
         <double>2268685.6295944406</double> 
        </void> 
        <void method="add"> 
         <double>2301862.4969411753</double> 
        </void> 
        <void method="add"> 
         <double>2318942.524169817</double> 
        </void> 
        <void method="add"> 
         <double>2369264.8547967444</double> 
        </void> 
        <void method="add"> 
         <double>2375616.8158956966</double> 
        </void> 
        <void method="add"> 
         <double>2383015.1055894215</double> 
        </void> 
        <void method="add"> 
         <double>2384326.8985946807</double> 
        </void> 
        <void method="add"> 
         <double>2386847.880078084</double> 
        </void> 
        <void method="add"> 
         <double>2389377.0802815384</double> 
        </void> 
        <void method="add"> 
         <double>2390337.803156551</double> 
        </void> 
        <void method="add"> 
         <double>2394442.913119469</double> 
        </void> 
        <void method="add"> 
         <double>2397835.3815759053</double> 
        </void> 
        <void method="add"> 
         <double>2398500.213569185</double> 
        </void> 
        <void method="add"> 
         <double>2401003.114035481</double> 
        </void> 
        <void method="add"> 
         <double>2401750.7605772787</double> 
        </void> 
        <void method="add"> 
         <double>2407240.038093802</double> 
        </void> 
        <void method="add"> 
         <double>2409588.246442709</double> 
        </void> 
        <void method="add"> 
         <double>2410615.462872411</double> 
        </void> 
        <void method="add"> 
         <double>2411706.8113307315</double> 
        </void> 
        <void method="add"> 
         <double>2414776.7671041223</double> 
        </void> 
        <void method="add"> 
         <double>2369412.9974011886</double> 
        </void> 
        <void method="add"> 
         <double>2396792.4695630963</double> 
        </void> 
        <void method="add"> 
         <double>2391380.0903059244</double> 
        </void> 
        <void method="add"> 
         <double>2370417.6264382647</double> 
        </void> 
        <void method="add"> 
         <double>2405863.6341105625</double> 
        </void> 
       </object> 
      </void> 
      <void property="stdev"> 
       <double>34852.237398650344</double> 
      </void> 
     </object> 
    </void> 
    <void index="4"> 
     <object class="jmbench.tools.EvaluationMetrics"> 
      <void property="max"> 
       <double>1168305.801627139</double> 
      </void> 
      <void property="mean"> 
       <double>1121129.9041884171</double> 
      </void> 
      <void property="median"> 
       <double>1160938.778196222</double> 
      </void> 
      <void property="min"> 
       <double>931948.8268835489</double> 
      </void> 
      <void property="rawResults"> 
       <object class="java.util.ArrayList"> 
        <void method="add"> 
         <double>931948.8268835489</double> 
        </void> 
        <void method="add"> 
         <double>984043.1092185911</double> 
        </void> 
        <void method="add"> 
         <double>984719.878356456</double> 
        </void> 
        <void method="add"> 
         <double>984882.4144981997</double> 
        </void> 
        <void method="add"> 
         <double>985502.3649856837</double> 
        </void> 
        <void method="add"> 
         <double>1105337.885167847</double> 
        </void> 
        <void method="add"> 
         <double>1135071.8898519173</double> 
        </void> 
        <void method="add"> 
         <double>1156237.2022105746</double> 
        </void> 
        <void method="add"> 
         <double>1158663.7810461237</double> 
        </void> 
        <void method="add"> 
         <double>1159297.2923688446</double> 
        </void> 
        <void method="add"> 
         <double>1160068.601395331</double> 
        </void> 
        <void method="add"> 
         <double>1160938.778196222</double> 
        </void> 
        <void method="add"> 
         <double>1161480.2736133637</double> 
        </void> 
        <void method="add"> 
         <double>1161553.7102704153</double> 
        </void> 
        <void method="add"> 
         <double>1161752.8720431472</double> 
        </void> 
        <void method="add"> 
         <double>1162165.7260845632</double> 
        </void> 
        <void method="add"> 
         <double>1163702.8385696937</double> 
        </void> 
        <void method="add"> 
         <double>1164584.890607201</double> 
        </void> 
        <void method="add"> 
         <double>1165128.5456354253</double> 
        </void> 
        <void method="add"> 
         <double>1168305.801627139</double> 
        </void> 
        <void method="add"> 
         <double>1166106.7851935443</double> 
        </void> 
        <void method="add"> 
         <double>1162316.3551058387</double> 
        </void> 
        <void method="add"> 
         <double>1159597.3405541617</double> 
        </void> 
        <void method="add"> 
         <double>1163097.4482117891</double> 
        </void> 
        <void method="add"> 
         <double>1161742.9930148018</double> 
        </void> 
       </object> 
      </void> 
      <void property="stdev"> 
       <double>75062.45225876462</double> 
      </void> 
     </object> 
    </void> 
    <void index="5"> 
     <object class="jmbench.tools.EvaluationMetrics"> 
      <void property="max"> 
       <double>449923.633632866</double> 
      </void> 
      <void property="mean"> 
       <double>444680.1457481822</double> 
      </void> 
      <void property="median"> 
       <double>444266.3155336242</double> 
      </void> 
      <void property="min"> 
       <double>425760.0264644706</double> 
      </void> 
      <void property="rawResults"> 
       <object class="java.util.ArrayList"> 
        <void method="add"> 
         <double>425760.0264644706</double> 
        </void> 
        <void method="add"> 
         <double>442201.88066952274</double> 
        </void> 
        <void method="add"> 
         <double>442407.9507767068</double> 
        </void> 
        <void method="add"> 
         <double>442635.3135549499</double> 
        </void> 
        <void method="add"> 
         <double>443017.5983429213</double> 
        </void> 
        <void method="add"> 
         <double>443118.8390250495</double> 
        </void> 
        <void method="add"> 
         <double>443334.48926072073</double> 
        </void> 
        <void method="add"> 
         <double>443701.40756159637</double> 
        </void> 
        <void method="add"> 
         <double>443886.25010547927</double> 
        </void> 
        <void method="add"> 
         <double>443955.6324412594</double> 
        </void> 
        <void method="add"> 
         <double>444121.27237078565</double> 
        </void> 
        <void method="add"> 
         <double>444186.8944305775</double> 
        </void> 
        <void method="add"> 
         <double>444266.3155336242</double> 
        </void> 
        <void method="add"> 
         <double>444326.948189991</double> 
        </void> 
        <void method="add"> 
         <double>444375.81735637033</double> 
        </void> 
        <void method="add"> 
         <double>446488.33599535347</double> 
        </void> 
        <void method="add"> 
         <double>446792.4297728638</double> 
        </void> 
        <void method="add"> 
         <double>447277.44977311656</double> 
        </void> 
        <void method="add"> 
         <double>447938.5016780479</double> 
        </void> 
        <void method="add"> 
         <double>448072.6315433636</double> 
        </void> 
        <void method="add"> 
         <double>448369.3712802501</double> 
        </void> 
        <void method="add"> 
         <double>449734.7263935378</double> 
        </void> 
        <void method="add"> 
         <double>449923.633632866</double> 
        </void> 
        <void method="add"> 
         <double>448991.42069131584</double> 
        </void> 
        <void method="add"> 
         <double>448118.5068598133</double> 
        </void> 
       </object> 
      </void> 
      <void property="stdev"> 
       <double>4548.374259635023</double> 
      </void> 
     </object> 
    </void> 
    <void index="6"> 
     <object class="jmbench.tools.EvaluationMetrics"> 
      <void property="max"> 
       <double>89885.5258074729</double> 
      </void> 
      <void property="mean"> 
       <double>87501.30591645747</double> 
      </void> 
      <void property="median"> 
       <double>88889.00554670606</double> 
      </void> 
      <void property="min"> 
       <double>79295.51884868783</double> 
      </void> 
      <void property="rawResults"> 
       <object class="java.util.ArrayList"> 
        <void method="add"> 
         <double>79295.51884868783</double> 
        </void> 
        <void method="add"> 
         <double>80985.09212850727</double> 
        </void> 
        <void method="add"> 
         <double>81508.25876453331</double> 
        </void> 
        <void method="add"> 
         <double>82261.18800441685</double> 
        </void> 
        <void method="add"> 
         <double>82798.40275622369</double> 
        </void> 
        <void method="add"> 
         <double>88347.1809528423</double> 
        </void> 
        <void method="add"> 
         <double>88520.1867418469</double> 
        </void> 
        <void method="add"> 
         <double>88748.91124058088</double> 
        </void> 
        <void method="add"> 
         <double>88876.01362366985</double> 
        </void> 
        <void method="add"> 
         <double>88889.00554670606</double> 
        </void> 
        <void method="add"> 
         <double>88910.30851621728</double> 
        </void> 
        <void method="add"> 
         <double>88981.25084182329</double> 
        </void> 
        <void method="add"> 
         <double>89009.62821615969</double> 
        </void> 
        <void method="add"> 
         <double>89067.97875981689</double> 
        </void> 
        <void method="add"> 
         <double>89235.16059745067</double> 
        </void> 
        <void method="add"> 
         <double>89347.49669862585</double> 
        </void> 
        <void method="add"> 
         <double>89376.90095720076</double> 
        </void> 
        <void method="add"> 
         <double>89486.62640763469</double> 
        </void> 
        <void method="add"> 
         <double>89737.01160693484</double> 
        </void> 
        <void method="add"> 
         <double>89885.5258074729</double> 
        </void> 
        <void method="add"> 
         <double>88659.04789111503</double> 
        </void> 
        <void method="add"> 
         <double>89279.1750162495</double> 
        </void> 
        <void method="add"> 
         <double>88661.51357427823</double> 
        </void> 
        <void method="add"> 
         <double>89111.72770493756</double> 
        </void> 
        <void method="add"> 
         <double>88553.53670750429</double> 
        </void> 
       </object> 
      </void> 
      <void property="stdev"> 
       <double>3133.2044684215352</double> 
      </void> 
     </object> 
    </void> 
    <void index="7"> 
     <object class="jmbench.tools.EvaluationMetrics"> 
      <void property="max"> 
       <double>21324.94923850024</double> 
      </void> 
      <void property="mean"> 
       <double>20567.966001663943</double> 
      </void> 
      <void property="median"> 
       <double>20759.37960429464</double> 
      </void> 
      <void property="min"> 
       <double>18783.49472134003</double> 
      </void> 
      <void property="rawResults"> 
       <object class="java.util.ArrayList"> 
        <void method="add"> 
         <double>18783.49472134003</double> 
        </void> 
        <void method="add"> 
         <double>18980.704869229452</double> 
        </void> 
        <void method="add"> 
         <double>19860.079905580616</double> 
        </void> 
        <void method="add"> 
         <double>20186.799516962215</double> 
        </void> 
        <void method="add"> 
         <double>20290.871839851006</double> 
        </void> 
        <void method="add"> 
         <double>20524.550389902484</double> 
        </void> 
        <void method="add"> 
         <double>20580.34781095685</double> 
        </void> 
        <void method="add"> 
         <double>20635.962735180747</double> 
        </void> 
        <void method="add"> 
         <double>20720.353281092608</double> 
        </void> 
        <void method="add"> 
         <double>20842.46511485571</double> 
        </void> 
        <void method="add"> 
         <double>20952.357628235866</double> 
        </void> 
        <void method="add"> 
         <double>20996.131819362523</double> 
        </void> 
        <void method="add"> 
         <double>21133.856717773404</double> 
        </void> 
        <void method="add"> 
         <double>21193.013304024662</double> 
        </void> 
        <void method="add"> 
         <double>21193.3565045545</double> 
        </void> 
        <void method="add"> 
         <double>21219.81660698692</double> 
        </void> 
        <void method="add"> 
         <double>21225.414112525013</double> 
        </void> 
        <void method="add"> 
         <double>21287.225349976125</double> 
        </void> 
        <void method="add"> 
         <double>21324.426019869406</double> 
        </void> 
        <void method="add"> 
         <double>21324.94923850024</double> 
        </void> 
        <void method="add"> 
         <double>19208.42997238341</double> 
        </void> 
        <void method="add"> 
         <double>19414.127327465474</double> 
        </void> 
        <void method="add"> 
         <double>20686.954158462217</double> 
        </void> 
        <void method="add"> 
         <double>20874.08149223252</double> 
        </void> 
        <void method="add"> 
         <double>20759.37960429464</double> 
        </void> 
       </object> 
      </void> 
      <void property="stdev"> 
       <double>743.2139943588714</double> 
      </void> 
     </object> 
    </void> 
    <void index="8"> 
     <object class="jmbench.tools.EvaluationMetrics"> 
      <void property="max"> 
       <double>4412.275052230709</double> 
      </void> 
      <void property="mean"> 
       <double>4258.952381440041</double> 
      </void> 
      <void property="median"> 
       <double>4288.180983963412</double> 
      </void> 
      <void property="min"> 
       <double>3658.363729555053</double> 
      </void> 
      <void property="rawResults"> 
       <object class="java.util.ArrayList"> 
        <void method="add"> 
         <double>3658.363729555053</double> 
        </void> 
        <void method="add"> 
         <double>3985.6484644778116</double> 
        </void> 
        <void method="add"> 
         <double>4010.9576818096252</double> 
        </void> 
        <void method="add"> 
         <double>4013.8599734154222</double> 
        </void> 
        <void method="add"> 
         <double>4206.0486913084105</double> 
        </void> 
        <void method="add"> 
         <double>4234.888538360214</double> 
        </void> 
        <void method="add"> 
         <double>4275.6185241352905</double> 
        </void> 
        <void method="add"> 
         <double>4280.0055385043</double> 
        </void> 
        <void method="add"> 
         <double>4283.091087831344</double> 
        </void> 
        <void method="add"> 
         <double>4287.725198007164</double> 
        </void> 
        <void method="add"> 
         <double>4288.180983963412</double> 
        </void> 
        <void method="add"> 
         <double>4376.04065732872</double> 
        </void> 
        <void method="add"> 
         <double>4377.235887117008</double> 
        </void> 
        <void method="add"> 
         <double>4381.121418566515</double> 
        </void> 
        <void method="add"> 
         <double>4382.512707505231</double> 
        </void> 
        <void method="add"> 
         <double>4388.008223713637</double> 
        </void> 
        <void method="add"> 
         <double>4397.856342287956</double> 
        </void> 
        <void method="add"> 
         <double>4399.802470285828</double> 
        </void> 
        <void method="add"> 
         <double>4412.201443807775</double> 
        </void> 
        <void method="add"> 
         <double>4412.275052230709</double> 
        </void> 
        <void method="add"> 
         <double>4016.839149572628</double> 
        </void> 
        <void method="add"> 
         <double>4286.296881552205</double> 
        </void> 
        <void method="add"> 
         <double>4384.765142888206</double> 
        </void> 
        <void method="add"> 
         <double>4367.770229651043</double> 
        </void> 
        <void method="add"> 
         <double>4366.695518125523</double> 
        </void> 
       </object> 
      </void> 
      <void property="stdev"> 
       <double>181.40089407481148</double> 
      </void> 
     </object> 
    </void> 
    <void index="9"> 
     <object class="jmbench.tools.EvaluationMetrics"> 
      <void property="max"> 
       <double>218.72816417437502</double> 
      </void> 
      <void property="mean"> 
       <double>213.27849694886928</double> 
      </void> 
      <void property="median"> 
       <double>214.1079385772443</double> 
      </void> 
      <void property="min"> 
       <double>199.7048195740846</double> 
      </void> 
      <void property="rawResults"> 
       <object class="java.util.ArrayList"> 
        <void method="add"> 
         <double>199.7048195740846</double> 
        </void> 
        <void method="add"> 
         <double>201.62914981335922</double> 
        </void> 
        <void method="add"> 
         <double>209.9503882591535</double> 
        </void> 
        <void method="add"> 
         <double>210.00360859602083</double> 
        </void> 
        <void method="add"> 
         <double>211.40433432910928</double> 
        </void> 
        <void method="add"> 
         <double>211.62446334637315</double> 
        </void> 
        <void method="add"> 
         <double>212.20743330683325</double> 
        </void> 
        <void method="add"> 
         <double>212.61494683710734</double> 
        </void> 
        <void method="add"> 
         <double>214.1079385772443</double> 
        </void> 
        <void method="add"> 
         <double>214.12228940870537</double> 
        </void> 
        <void method="add"> 
         <double>216.94634389342954</double> 
        </void> 
        <void method="add"> 
         <double>217.0712720768369</double> 
        </void> 
        <void method="add"> 
         <double>217.26532727405734</double> 
        </void> 
        <void method="add"> 
         <double>217.46704844369103</double> 
        </void> 
        <void method="add"> 
         <double>217.54832766932088</double> 
        </void> 
        <void method="add"> 
         <double>217.5848082011507</double> 
        </void> 
        <void method="add"> 
         <double>217.60241242524913</double> 
        </void> 
        <void method="add"> 
         <double>217.61544253034185</double> 
        </void> 
        <void method="add"> 
         <double>218.26557150588903</double> 
        </void> 
        <void method="add"> 
         <double>218.72816417437502</double> 
        </void> 
        <void method="add"> 
         <double>208.03089017035</double> 
        </void> 
        <void method="add"> 
         <double>212.100788291007</double> 
        </void> 
        <void method="add"> 
         <double>211.00413794616858</double> 
        </void> 
        <void method="add"> 
         <double>212.997593509178</double> 
        </void> 
        <void method="add"> 
         <double>214.36492356269656</double> 
        </void> 
       </object> 
      </void> 
      <void property="stdev"> 
       <double>4.801971223441278</double> 
      </void> 
     </object> 
    </void> 
    <void index="10"> 
     <object class="jmbench.tools.EvaluationMetrics"> 
      <void property="max"> 
       <double>40.41230104217723</double> 
      </void> 
      <void property="mean"> 
       <double>39.233573231800634</double> 
      </void> 
      <void property="median"> 
       <double>39.361637514190924</double> 
      </void> 
      <void property="min"> 
       <double>36.711832722724736</double> 
      </void> 
      <void property="rawResults"> 
       <object class="java.util.ArrayList"> 
        <void method="add"> 
         <double>36.711832722724736</double> 
        </void> 
        <void method="add"> 
         <double>38.032513662266474</double> 
        </void> 
        <void method="add"> 
         <double>38.32636739750694</double> 
        </void> 
        <void method="add"> 
         <double>38.88354488203274</double> 
        </void> 
        <void method="add"> 
         <double>38.92684019002472</double> 
        </void> 
        <void method="add"> 
         <double>39.02482280612925</double> 
        </void> 
        <void method="add"> 
         <double>39.02515457703036</double> 
        </void> 
        <void method="add"> 
         <double>39.09072504374113</double> 
        </void> 
        <void method="add"> 
         <double>39.31776860638598</double> 
        </void> 
        <void method="add"> 
         <double>39.361637514190924</double> 
        </void> 
        <void method="add"> 
         <double>39.37985539173382</double> 
        </void> 
        <void method="add"> 
         <double>39.52641411122075</double> 
        </void> 
        <void method="add"> 
         <double>39.541963350032006</double> 
        </void> 
        <void method="add"> 
         <double>39.65614783423811</double> 
        </void> 
        <void method="add"> 
         <double>39.70469965288026</double> 
        </void> 
        <void method="add"> 
         <double>39.788256136932795</double> 
        </void> 
        <void method="add"> 
         <double>39.83447511780249</double> 
        </void> 
        <void method="add"> 
         <double>40.16457090327259</double> 
        </void> 
        <void method="add"> 
         <double>40.23391631302368</double> 
        </void> 
        <void method="add"> 
         <double>40.41230104217723</double> 
        </void> 
        <void method="add"> 
         <double>39.69818905416831</double> 
        </void> 
        <void method="add"> 
         <double>38.97677940437666</double> 
        </void> 
        <void method="add"> 
         <double>38.61536775506709</double> 
        </void> 
        <void method="add"> 
         <double>39.1196111281332</double> 
        </void> 
        <void method="add"> 
         <double>39.485576197923606</double> 
        </void> 
       </object> 
      </void> 
      <void property="stdev"> 
       <double>0.7547483031956731</double> 
      </void> 
     </object> 
    </void> 
    <void index="11"> 
     <object class="jmbench.tools.EvaluationMetrics"> 
      <void property="max"> 
       <double>9.1062286052551</double> 
      </void> 
      <void property="mean"> 
       <double>8.724632794548203</double> 
      </void> 
      <void property="median"> 
       <double>8.721847672282344</double> 
      </void> 
      <void property="min"> 
       <double>8.270082075522605</double> 
      </void> 
      <void property="rawResults"> 
       <object class="java.util.ArrayList"> 
        <void method="add"> 
         <double>8.270082075522605</double> 
        </void> 
        <void method="add"> 
         <double>8.27453112109674</double> 
        </void> 
        <void method="add"> 
         <double>8.34691884284719</double> 
        </void> 
        <void method="add"> 
         <double>8.367379317446602</double> 
        </void> 
        <void method="add"> 
         <double>8.52659361057576</double> 
        </void> 
        <void method="add"> 
         <double>8.63056602631986</double> 
        </void> 
        <void method="add"> 
         <double>8.691207201742875</double> 
        </void> 
        <void method="add"> 
         <double>8.705618925481955</double> 
        </void> 
        <void method="add"> 
         <double>8.711524216622788</double> 
        </void> 
        <void method="add"> 
         <double>8.713283943143955</double> 
        </void> 
        <void method="add"> 
         <double>8.721847672282344</double> 
        </void> 
        <void method="add"> 
         <double>8.767022324514725</double> 
        </void> 
        <void method="add"> 
         <double>8.84857831566296</double> 
        </void> 
        <void method="add"> 
         <double>8.890732749295852</double> 
        </void> 
        <void method="add"> 
         <double>8.9877066597693</double> 
        </void> 
        <void method="add"> 
         <double>9.024548683457434</double> 
        </void> 
        <void method="add"> 
         <double>9.039716696854214</double> 
        </void> 
        <void method="add"> 
         <double>9.091053126884733</double> 
        </void> 
        <void method="add"> 
         <double>9.1041719510627</double> 
        </void> 
        <void method="add"> 
         <double>9.1062286052551</double> 
        </void> 
        <void method="add"> 
         <double>8.793984607325394</double> 
        </void> 
        <void method="add"> 
         <double>8.378684306871385</double> 
        </void> 
        <void method="add"> 
         <double>8.571421400633943</double> 
        </void> 
        <void method="add"> 
         <double>8.8030896821428</double> 
        </void> 
        <void method="add"> 
         <double>8.749327800891841</double> 
        </void> 
       </object> 
      </void> 
      <void property="stdev"> 
       <double>0.25386635188421247</double> 
      </void> 
     </object> 
    </void> 
   </array> 
  </void> 
  <void property="opName"> 
   <string>Transpose b=a^T</string> 
  </void> 
 </object> 
</java> 
