<?xml version="1.0" encoding="UTF-8"?> 
<java version="1.6.0_16" class="java.beans.XMLDecoder"> 
 <object class="jmbench.tools.runtime.OperationResults"> 
  <void property="library"> 
   <object class="jmbench.impl.MatrixLibrary" method="valueOf"> 
    <string>JSCIENCE</string> 
   </object> 
  </void> 
  <void property="matDimen"> 
   <array class="int" length="12"> 
    <void index="0"> 
     <int>2</int> 
    </void> 
    <void index="1"> 
     <int>3</int> 
    </void> 
    <void index="2"> 
     <int>4</int> 
    </void> 
    <void index="3"> 
     <int>5</int> 
    </void> 
    <void index="4"> 
     <int>10</int> 
    </void> 
    <void index="5"> 
     <int>20</int> 
    </void> 
    <void index="6"> 
     <int>50</int> 
    </void> 
    <void index="7"> 
     <int>100</int> 
    </void> 
    <void index="8"> 
     <int>200</int> 
    </void> 
    <void index="9"> 
     <int>500</int> 
    </void> 
    <void index="10"> 
     <int>1000</int> 
    </void> 
    <void index="11"> 
     <int>2000</int> 
    </void> 
   </array> 
  </void> 
  <void property="metrics"> 
   <array class="jmbench.tools.EvaluationMetrics" length="12"> 
    <void index="0"> 
     <object class="jmbench.tools.EvaluationMetrics"> 
      <void property="max"> 
       <double>1519312.8918008518</double> 
      </void> 
      <void property="mean"> 
       <double>1207387.1209303525</double> 
      </void> 
      <void property="median"> 
       <double>1236998.0712367347</double> 
      </void> 
      <void property="min"> 
       <double>1041010.833821428</double> 
      </void> 
      <void property="rawResults"> 
       <object class="java.util.ArrayList"> 
        <void method="add"> 
         <double>1042377.5379585836</double> 
        </void> 
        <void method="add"> 
         <double>1051196.0383887128</double> 
        </void> 
        <void method="add"> 
         <double>1054875.7046285542</double> 
        </void> 
        <void method="add"> 
         <double>1059583.4325072686</double> 
        </void> 
        <void method="add"> 
         <double>1060259.0828646738</double> 
        </void> 
        <void method="add"> 
         <double>1060471.7838798396</double> 
        </void> 
        <void method="add"> 
         <double>1065106.8766420726</double> 
        </void> 
        <void method="add"> 
         <double>1068825.8571451593</double> 
        </void> 
        <void method="add"> 
         <double>1232389.493662509</double> 
        </void> 
        <void method="add"> 
         <double>1244193.0444772632</double> 
        </void> 
        <void method="add"> 
         <double>1256083.825164204</double> 
        </void> 
        <void method="add"> 
         <double>1261385.0159393458</double> 
        </void> 
        <void method="add"> 
         <double>1262632.9158195949</double> 
        </void> 
        <void method="add"> 
         <double>1264878.0315966548</double> 
        </void> 
        <void method="add"> 
         <double>1268708.6790611004</double> 
        </void> 
        <void method="add"> 
         <double>1269714.76424583</double> 
        </void> 
        <void method="add"> 
         <double>1272654.9814836418</double> 
        </void> 
        <void method="add"> 
         <double>1510243.8802852302</double> 
        </void> 
        <void method="add"> 
         <double>1517561.589685893</double> 
        </void> 
        <void method="add"> 
         <double>1519312.8918008518</double> 
        </void> 
        <void method="add"> 
         <double>1079644.9267814152</double> 
        </void> 
        <void method="add"> 
         <double>1041010.833821428</double> 
        </void> 
        <void method="add"> 
         <double>1234344.3383200658</double> 
        </void> 
        <void method="add"> 
         <double>1236998.0712367347</double> 
        </void> 
        <void method="add"> 
         <double>1250224.4258621773</double> 
        </void> 
       </object> 
      </void> 
      <void property="stdev"> 
       <double>146642.1663719721</double> 
      </void> 
     </object> 
    </void> 
    <void index="1"> 
     <object class="jmbench.tools.EvaluationMetrics"> 
      <void property="max"> 
       <double>651710.3950939255</double> 
      </void> 
      <void property="mean"> 
       <double>582393.0992192555</double> 
      </void> 
      <void property="median"> 
       <double>575664.9172335262</double> 
      </void> 
      <void property="min"> 
       <double>518851.3583456845</double> 
      </void> 
      <void property="rawResults"> 
       <object class="java.util.ArrayList"> 
        <void method="add"> 
         <double>518851.3583456845</double> 
        </void> 
        <void method="add"> 
         <double>519447.45280483656</double> 
        </void> 
        <void method="add"> 
         <double>521654.4059988565</double> 
        </void> 
        <void method="add"> 
         <double>524638.8810394017</double> 
        </void> 
        <void method="add"> 
         <double>525527.9060932797</double> 
        </void> 
        <void method="add"> 
         <double>526478.885353444</double> 
        </void> 
        <void method="add"> 
         <double>526647.3114894211</double> 
        </void> 
        <void method="add"> 
         <double>549237.4765305554</double> 
        </void> 
        <void method="add"> 
         <double>571156.0405940847</double> 
        </void> 
        <void method="add"> 
         <double>572085.9962388441</double> 
        </void> 
        <void method="add"> 
         <double>572601.1193332006</double> 
        </void> 
        <void method="add"> 
         <double>575242.3398346049</double> 
        </void> 
        <void method="add"> 
         <double>575664.9172335262</double> 
        </void> 
        <void method="add"> 
         <double>576884.7224940076</double> 
        </void> 
        <void method="add"> 
         <double>583423.8462134771</double> 
        </void> 
        <void method="add"> 
         <double>620428.4351816608</double> 
        </void> 
        <void method="add"> 
         <double>635710.4026606863</double> 
        </void> 
        <void method="add"> 
         <double>640030.1379030345</double> 
        </void> 
        <void method="add"> 
         <double>645589.3372338496</double> 
        </void> 
        <void method="add"> 
         <double>647867.5967792935</double> 
        </void> 
        <void method="add"> 
         <double>649803.7462673596</double> 
        </void> 
        <void method="add"> 
         <double>650793.5713236054</double> 
        </void> 
        <void method="add"> 
         <double>651710.3950939255</double> 
        </void> 
        <void method="add"> 
         <double>585407.5102132409</double> 
        </void> 
        <void method="add"> 
         <double>592943.6882275041</double> 
        </void> 
       </object> 
      </void> 
      <void property="stdev"> 
       <double>47365.73185932639</double> 
      </void> 
     </object> 
    </void> 
    <void index="2"> 
     <object class="jmbench.tools.EvaluationMetrics"> 
      <void property="max"> 
       <double>377189.0567325354</double> 
      </void> 
      <void property="mean"> 
       <double>345099.5697686282</double> 
      </void> 
      <void property="median"> 
       <double>346403.30749778287</double> 
      </void> 
      <void property="min"> 
       <double>304131.23835230415</double> 
      </void> 
      <void property="rawResults"> 
       <object class="java.util.ArrayList"> 
        <void method="add"> 
         <double>304131.23835230415</double> 
        </void> 
        <void method="add"> 
         <double>304292.84876774374</double> 
        </void> 
        <void method="add"> 
         <double>304771.0320430851</double> 
        </void> 
        <void method="add"> 
         <double>322574.146374926</double> 
        </void> 
        <void method="add"> 
         <double>341261.7834733616</double> 
        </void> 
        <void method="add"> 
         <double>341268.9854212214</double> 
        </void> 
        <void method="add"> 
         <double>341832.1882534486</double> 
        </void> 
        <void method="add"> 
         <double>342432.8901330275</double> 
        </void> 
        <void method="add"> 
         <double>343652.1823726236</double> 
        </void> 
        <void method="add"> 
         <double>346403.30749778287</double> 
        </void> 
        <void method="add"> 
         <double>348778.1669526745</double> 
        </void> 
        <void method="add"> 
         <double>352970.13202998444</double> 
        </void> 
        <void method="add"> 
         <double>353075.5439580641</double> 
        </void> 
        <void method="add"> 
         <double>353206.2893526364</double> 
        </void> 
        <void method="add"> 
         <double>354118.95547667885</double> 
        </void> 
        <void method="add"> 
         <double>355442.7219322389</double> 
        </void> 
        <void method="add"> 
         <double>362171.6717749586</double> 
        </void> 
        <void method="add"> 
         <double>362693.3632391354</double> 
        </void> 
        <void method="add"> 
         <double>374368.4633760864</double> 
        </void> 
        <void method="add"> 
         <double>377131.1843050952</double> 
        </void> 
        <void method="add"> 
         <double>323109.27398176986</double> 
        </void> 
        <void method="add"> 
         <double>370485.9831695764</double> 
        </void> 
        <void method="add"> 
         <double>335438.42738009524</double> 
        </void> 
        <void method="add"> 
         <double>334689.4078646517</double> 
        </void> 
        <void method="add"> 
         <double>377189.0567325354</double> 
        </void> 
       </object> 
      </void> 
      <void property="stdev"> 
       <double>20750.59809785562</double> 
      </void> 
     </object> 
    </void> 
    <void index="3"> 
     <object class="jmbench.tools.EvaluationMetrics"> 
      <void property="max"> 
       <double>205002.03857697704</double> 
      </void> 
      <void property="mean"> 
       <double>190529.5330542598</double> 
      </void> 
      <void property="median"> 
       <double>190008.69832780003</double> 
      </void> 
      <void property="min"> 
       <double>181020.7312081251</double> 
      </void> 
      <void property="rawResults"> 
       <object class="java.util.ArrayList"> 
        <void method="add"> 
         <double>182263.78174512484</double> 
        </void> 
        <void method="add"> 
         <double>184257.46413111305</double> 
        </void> 
        <void method="add"> 
         <double>184480.11457212552</double> 
        </void> 
        <void method="add"> 
         <double>184484.47765034268</double> 
        </void> 
        <void method="add"> 
         <double>185064.12240588744</double> 
        </void> 
        <void method="add"> 
         <double>186228.4216144894</double> 
        </void> 
        <void method="add"> 
         <double>186262.87732201617</double> 
        </void> 
        <void method="add"> 
         <double>187949.62029783273</double> 
        </void> 
        <void method="add"> 
         <double>190041.85646981036</double> 
        </void> 
        <void method="add"> 
         <double>190237.29640317446</double> 
        </void> 
        <void method="add"> 
         <double>190920.2593042643</double> 
        </void> 
        <void method="add"> 
         <double>191532.23976690744</double> 
        </void> 
        <void method="add"> 
         <double>194838.1692205272</double> 
        </void> 
        <void method="add"> 
         <double>195193.81892036018</double> 
        </void> 
        <void method="add"> 
         <double>195732.83918733057</double> 
        </void> 
        <void method="add"> 
         <double>195864.16314054097</double> 
        </void> 
        <void method="add"> 
         <double>196168.5531250377</double> 
        </void> 
        <void method="add"> 
         <double>199813.71554494806</double> 
        </void> 
        <void method="add"> 
         <double>204086.7837025105</double> 
        </void> 
        <void method="add"> 
         <double>205002.03857697704</double> 
        </void> 
        <void method="add"> 
         <double>181020.7312081251</double> 
        </void> 
        <void method="add"> 
         <double>183189.3185987642</double> 
        </void> 
        <void method="add"> 
         <double>189583.58772595986</double> 
        </void> 
        <void method="add"> 
         <double>189013.37739452568</double> 
        </void> 
        <void method="add"> 
         <double>190008.69832780003</double> 
        </void> 
       </object> 
      </void> 
      <void property="stdev"> 
       <double>6357.270008763129</double> 
      </void> 
     </object> 
    </void> 
    <void index="4"> 
     <object class="jmbench.tools.EvaluationMetrics"> 
      <void property="max"> 
       <double>33314.66051432505</double> 
      </void> 
      <void property="mean"> 
       <double>31542.322675388827</double> 
      </void> 
      <void property="median"> 
       <double>31501.085869662307</double> 
      </void> 
      <void property="min"> 
       <double>30248.527877964567</double> 
      </void> 
      <void property="rawResults"> 
       <object class="java.util.ArrayList"> 
        <void method="add"> 
         <double>30419.579786081224</double> 
        </void> 
        <void method="add"> 
         <double>30643.4594356346</double> 
        </void> 
        <void method="add"> 
         <double>30662.757500517495</double> 
        </void> 
        <void method="add"> 
         <double>30714.399574115218</double> 
        </void> 
        <void method="add"> 
         <double>30977.341718044067</double> 
        </void> 
        <void method="add"> 
         <double>31055.93670585091</double> 
        </void> 
        <void method="add"> 
         <double>31446.105123231984</double> 
        </void> 
        <void method="add"> 
         <double>31501.085869662307</double> 
        </void> 
        <void method="add"> 
         <double>31733.25884874812</double> 
        </void> 
        <void method="add"> 
         <double>31751.925447452242</double> 
        </void> 
        <void method="add"> 
         <double>31790.206812564647</double> 
        </void> 
        <void method="add"> 
         <double>31811.52587306016</double> 
        </void> 
        <void method="add"> 
         <double>32036.11129557273</double> 
        </void> 
        <void method="add"> 
         <double>32132.83691296973</double> 
        </void> 
        <void method="add"> 
         <double>32147.25682358843</double> 
        </void> 
        <void method="add"> 
         <double>32163.141495393265</double> 
        </void> 
        <void method="add"> 
         <double>32522.158403961927</double> 
        </void> 
        <void method="add"> 
         <double>32653.592885705963</double> 
        </void> 
        <void method="add"> 
         <double>32897.85242267049</double> 
        </void> 
        <void method="add"> 
         <double>33314.66051432505</double> 
        </void> 
        <void method="add"> 
         <double>30698.586803773203</double> 
        </void> 
        <void method="add"> 
         <double>30866.976304195578</double> 
        </void> 
        <void method="add"> 
         <double>31199.129196290753</double> 
        </void> 
        <void method="add"> 
         <double>30248.527877964567</double> 
        </void> 
        <void method="add"> 
         <double>31169.65325334592</double> 
        </void> 
       </object> 
      </void> 
      <void property="stdev"> 
       <double>798.1159775361966</double> 
      </void> 
     </object> 
    </void> 
    <void index="5"> 
     <object class="jmbench.tools.EvaluationMetrics"> 
      <void property="max"> 
       <double>4480.204727004675</double> 
      </void> 
      <void property="mean"> 
       <double>4370.138776671044</double> 
      </void> 
      <void property="median"> 
       <double>4412.4282043275325</double> 
      </void> 
      <void property="min"> 
       <double>4002.856037241889</double> 
      </void> 
      <void property="rawResults"> 
       <object class="java.util.ArrayList"> 
        <void method="add"> 
         <double>4353.1593784957095</double> 
        </void> 
        <void method="add"> 
         <double>4377.189993302358</double> 
        </void> 
        <void method="add"> 
         <double>4391.702456134405</double> 
        </void> 
        <void method="add"> 
         <double>4399.275030048647</double> 
        </void> 
        <void method="add"> 
         <double>4402.842969437694</double> 
        </void> 
        <void method="add"> 
         <double>4408.750758702205</double> 
        </void> 
        <void method="add"> 
         <double>4412.129207379679</double> 
        </void> 
        <void method="add"> 
         <double>4412.4282043275325</double> 
        </void> 
        <void method="add"> 
         <double>4412.595231992198</double> 
        </void> 
        <void method="add"> 
         <double>4416.457997562528</double> 
        </void> 
        <void method="add"> 
         <double>4418.900467726891</double> 
        </void> 
        <void method="add"> 
         <double>4419.560893176917</double> 
        </void> 
        <void method="add"> 
         <double>4420.1325410293875</double> 
        </void> 
        <void method="add"> 
         <double>4422.375146988945</double> 
        </void> 
        <void method="add"> 
         <double>4424.034678211304</double> 
        </void> 
        <void method="add"> 
         <double>4430.100558919049</double> 
        </void> 
        <void method="add"> 
         <double>4434.663667103004</double> 
        </void> 
        <void method="add"> 
         <double>4439.66773672133</double> 
        </void> 
        <void method="add"> 
         <double>4447.2946670788</double> 
        </void> 
        <void method="add"> 
         <double>4480.204727004675</double> 
        </void> 
        <void method="add"> 
         <double>4002.856037241889</double> 
        </void> 
        <void method="add"> 
         <double>4247.686154232025</double> 
        </void> 
        <void method="add"> 
         <double>4226.867013304057</double> 
        </void> 
        <void method="add"> 
         <double>4276.72745892709</double> 
        </void> 
        <void method="add"> 
         <double>4175.86644172779</double> 
        </void> 
       </object> 
      </void> 
      <void property="stdev"> 
       <double>104.3477249300742</double> 
      </void> 
     </object> 
    </void> 
    <void index="6"> 
     <object class="jmbench.tools.EvaluationMetrics"> 
      <void property="max"> 
       <double>294.6542680199811</double> 
      </void> 
      <void property="mean"> 
       <double>286.75821573033835</double> 
      </void> 
      <void property="median"> 
       <double>284.2692272202722</double> 
      </void> 
      <void property="min"> 
       <double>275.87507708807084</double> 
      </void> 
      <void property="rawResults"> 
       <object class="java.util.ArrayList"> 
        <void method="add"> 
         <double>280.11079034907635</double> 
        </void> 
        <void method="add"> 
         <double>280.3856112962173</double> 
        </void> 
        <void method="add"> 
         <double>281.09361049274213</double> 
        </void> 
        <void method="add"> 
         <double>281.53881385036146</double> 
        </void> 
        <void method="add"> 
         <double>282.1524495545003</double> 
        </void> 
        <void method="add"> 
         <double>282.18309061534745</double> 
        </void> 
        <void method="add"> 
         <double>283.3539825889164</double> 
        </void> 
        <void method="add"> 
         <double>283.71482173416007</double> 
        </void> 
        <void method="add"> 
         <double>284.5303427272553</double> 
        </void> 
        <void method="add"> 
         <double>291.8778032739577</double> 
        </void> 
        <void method="add"> 
         <double>292.53846196384416</double> 
        </void> 
        <void method="add"> 
         <double>292.6711567299962</double> 
        </void> 
        <void method="add"> 
         <double>292.7925389748135</double> 
        </void> 
        <void method="add"> 
         <double>293.01000023596805</double> 
        </void> 
        <void method="add"> 
         <double>293.1064709723175</double> 
        </void> 
        <void method="add"> 
         <double>293.3609829378315</double> 
        </void> 
        <void method="add"> 
         <double>294.2839597940412</double> 
        </void> 
        <void method="add"> 
         <double>294.3598667530081</double> 
        </void> 
        <void method="add"> 
         <double>294.5485666473046</double> 
        </void> 
        <void method="add"> 
         <double>294.6542680199811</double> 
        </void> 
        <void method="add"> 
         <double>284.2692272202722</double> 
        </void> 
        <void method="add"> 
         <double>282.1362594707726</double> 
        </void> 
        <void method="add"> 
         <double>275.87507708807084</double> 
        </void> 
        <void method="add"> 
         <double>277.02928559653367</double> 
        </void> 
        <void method="add"> 
         <double>283.3779543711684</double> 
        </void> 
       </object> 
      </void> 
      <void property="stdev"> 
       <double>6.18256985509339</double> 
      </void> 
     </object> 
    </void> 
    <void index="7"> 
     <object class="jmbench.tools.EvaluationMetrics"> 
      <void property="max"> 
       <double>30.2526324899138</double> 
      </void> 
      <void property="mean"> 
       <double>29.33944219428754</double> 
      </void> 
      <void property="median"> 
       <double>29.328655749043282</double> 
      </void> 
      <void property="min"> 
       <double>27.944420082216038</double> 
      </void> 
      <void property="rawResults"> 
       <object class="java.util.ArrayList"> 
        <void method="add"> 
         <double>27.944420082216038</double> 
        </void> 
        <void method="add"> 
         <double>28.749697258252606</double> 
        </void> 
        <void method="add"> 
         <double>28.849904928229368</double> 
        </void> 
        <void method="add"> 
         <double>28.908669155917487</double> 
        </void> 
        <void method="add"> 
         <double>29.00314443391009</double> 
        </void> 
        <void method="add"> 
         <double>29.148303574925954</double> 
        </void> 
        <void method="add"> 
         <double>29.180389454053014</double> 
        </void> 
        <void method="add"> 
         <double>29.223327125300187</double> 
        </void> 
        <void method="add"> 
         <double>29.31531792025684</double> 
        </void> 
        <void method="add"> 
         <double>29.328655749043282</double> 
        </void> 
        <void method="add"> 
         <double>29.387490216616477</double> 
        </void> 
        <void method="add"> 
         <double>29.405957307311652</double> 
        </void> 
        <void method="add"> 
         <double>29.685264800057546</double> 
        </void> 
        <void method="add"> 
         <double>29.696718544652793</double> 
        </void> 
        <void method="add"> 
         <double>29.713375716924247</double> 
        </void> 
        <void method="add"> 
         <double>29.74811515297848</double> 
        </void> 
        <void method="add"> 
         <double>29.893128230291914</double> 
        </void> 
        <void method="add"> 
         <double>29.945075590795174</double> 
        </void> 
        <void method="add"> 
         <double>30.090521918899064</double> 
        </void> 
        <void method="add"> 
         <double>30.2526324899138</double> 
        </void> 
        <void method="add"> 
         <double>28.861990208444396</double> 
        </void> 
        <void method="add"> 
         <double>28.647029861324114</double> 
        </void> 
        <void method="add"> 
         <double>29.042818300147683</double> 
        </void> 
        <void method="add"> 
         <double>29.700914354157497</double> 
        </void> 
        <void method="add"> 
         <double>29.763192482568936</double> 
        </void> 
       </object> 
      </void> 
      <void property="stdev"> 
       <double>0.5155976728822275</double> 
      </void> 
     </object> 
    </void> 
    <void index="8"> 
     <object class="jmbench.tools.EvaluationMetrics"> 
      <void property="max"> 
       <double>2.531050855969508</double> 
      </void> 
      <void property="mean"> 
       <double>2.4765885922742323</double> 
      </void> 
      <void property="median"> 
       <double>2.481324661969622</double> 
      </void> 
      <void property="min"> 
       <double>2.4322293517171425</double> 
      </void> 
      <void property="rawResults"> 
       <object class="java.util.ArrayList"> 
        <void method="add"> 
         <double>2.4322293517171425</double> 
        </void> 
        <void method="add"> 
         <double>2.4325322383261896</double> 
        </void> 
        <void method="add"> 
         <double>2.4326926985809965</double> 
        </void> 
        <void method="add"> 
         <double>2.4401016929095216</double> 
        </void> 
        <void method="add"> 
         <double>2.4437103949097243</double> 
        </void> 
        <void method="add"> 
         <double>2.4606868942749305</double> 
        </void> 
        <void method="add"> 
         <double>2.462856845479493</double> 
        </void> 
        <void method="add"> 
         <double>2.4696256824502254</double> 
        </void> 
        <void method="add"> 
         <double>2.4716435846870133</double> 
        </void> 
        <void method="add"> 
         <double>2.4770171557780927</double> 
        </void> 
        <void method="add"> 
         <double>2.4833029977850525</double> 
        </void> 
        <void method="add"> 
         <double>2.486670384464764</double> 
        </void> 
        <void method="add"> 
         <double>2.4918150789443523</double> 
        </void> 
        <void method="add"> 
         <double>2.493793027863989</double> 
        </void> 
        <void method="add"> 
         <double>2.4956064793339934</double> 
        </void> 
        <void method="add"> 
         <double>2.4956598190657924</double> 
        </void> 
        <void method="add"> 
         <double>2.496669086103375</double> 
        </void> 
        <void method="add"> 
         <double>2.508223380441676</double> 
        </void> 
        <void method="add"> 
         <double>2.508690038793163</double> 
        </void> 
        <void method="add"> 
         <double>2.531050855969508</double> 
        </void> 
        <void method="add"> 
         <double>2.456236454468094</double> 
        </void> 
        <void method="add"> 
         <double>2.4628210479682404</double> 
        </void> 
        <void method="add"> 
         <double>2.481324661969622</double> 
        </void> 
        <void method="add"> 
         <double>2.5012778755088707</double> 
        </void> 
        <void method="add"> 
         <double>2.4984770790620026</double> 
        </void> 
       </object> 
      </void> 
      <void property="stdev"> 
       <double>0.026289010827270125</double> 
      </void> 
     </object> 
    </void> 
    <void index="9"> 
     <object class="jmbench.tools.EvaluationMetrics"> 
      <void property="max"> 
       <double>0.09693173287283895</double> 
      </void> 
      <void property="mean"> 
       <double>0.08721558239439867</double> 
      </void> 
      <void property="median"> 
       <double>0.09328665046326866</double> 
      </void> 
      <void property="min"> 
       <double>0.06048019905755986</double> 
      </void> 
      <void property="rawResults"> 
       <object class="java.util.ArrayList"> 
        <void method="add"> 
         <double>0.06048019905755986</double> 
        </void> 
        <void method="add"> 
         <double>0.06093753296834792</double> 
        </void> 
        <void method="add"> 
         <double>0.061499173716658674</double> 
        </void> 
        <void method="add"> 
         <double>0.06157835890750633</double> 
        </void> 
        <void method="add"> 
         <double>0.08868362763718675</double> 
        </void> 
        <void method="add"> 
         <double>0.08907143665748628</double> 
        </void> 
        <void method="add"> 
         <double>0.08991913364598018</double> 
        </void> 
        <void method="add"> 
         <double>0.09140758382946094</double> 
        </void> 
        <void method="add"> 
         <double>0.09277129434629917</double> 
        </void> 
        <void method="add"> 
         <double>0.09306870770514623</double> 
        </void> 
        <void method="add"> 
         <double>0.09328665046326866</double> 
        </void> 
        <void method="add"> 
         <double>0.09415266621478759</double> 
        </void> 
        <void method="add"> 
         <double>0.09464821008511129</double> 
        </void> 
        <void method="add"> 
         <double>0.0947659644702085</double> 
        </void> 
        <void method="add"> 
         <double>0.09506979474684296</double> 
        </void> 
        <void method="add"> 
         <double>0.0954219397456379</double> 
        </void> 
        <void method="add"> 
         <double>0.09614073461912331</double> 
        </void> 
        <void method="add"> 
         <double>0.09630227778984692</double> 
        </void> 
        <void method="add"> 
         <double>0.09657387019809445</double> 
        </void> 
        <void method="add"> 
         <double>0.09693173287283895</double> 
        </void> 
        <void method="add"> 
         <double>0.06167980790100648</double> 
        </void> 
        <void method="add"> 
         <double>0.09095060828253859</double> 
        </void> 
        <void method="add"> 
         <double>0.09571405305666758</double> 
        </void> 
        <void method="add"> 
         <double>0.0940984362231992</double> 
        </void> 
        <void method="add"> 
         <double>0.09523576471916176</double> 
        </void> 
       </object> 
      </void> 
      <void property="stdev"> 
       <double>0.01317565151350575</double> 
      </void> 
     </object> 
    </void> 
   </array> 
  </void> 
  <void property="opName"> 
   <string>Determinant</string> 
  </void> 
 </object> 
</java> 
