<?xml version="1.0" encoding="UTF-8"?> 
<java version="1.6.0_16" class="java.beans.XMLDecoder"> 
 <object class="jmbench.tools.runtime.OperationResults"> 
  <void property="library"> 
   <object class="jmbench.impl.MatrixLibrary" method="valueOf"> 
    <string>JSCIENCE</string> 
   </object> 
  </void> 
  <void property="matDimen"> 
   <array class="int" length="12"> 
    <void index="0"> 
     <int>2</int> 
    </void> 
    <void index="1"> 
     <int>3</int> 
    </void> 
    <void index="2"> 
     <int>4</int> 
    </void> 
    <void index="3"> 
     <int>5</int> 
    </void> 
    <void index="4"> 
     <int>10</int> 
    </void> 
    <void index="5"> 
     <int>20</int> 
    </void> 
    <void index="6"> 
     <int>50</int> 
    </void> 
    <void index="7"> 
     <int>100</int> 
    </void> 
    <void index="8"> 
     <int>200</int> 
    </void> 
    <void index="9"> 
     <int>500</int> 
    </void> 
    <void index="10"> 
     <int>1000</int> 
    </void> 
    <void index="11"> 
     <int>2000</int> 
    </void> 
   </array> 
  </void> 
  <void property="metrics"> 
   <array class="jmbench.tools.EvaluationMetrics" length="12"> 
    <void index="0"> 
     <object class="jmbench.tools.EvaluationMetrics"> 
      <void property="max"> 
       <double>1566015.3184195762</double> 
      </void> 
      <void property="mean"> 
       <double>1258235.7305410213</double> 
      </void> 
      <void property="median"> 
       <double>1247998.0174285506</double> 
      </void> 
      <void property="min"> 
       <double>1088976.9862470203</double> 
      </void> 
      <void property="rawResults"> 
       <object class="java.util.ArrayList"> 
        <void method="add"> 
         <double>1088976.9862470203</double> 
        </void> 
        <void method="add"> 
         <double>1091320.3432671048</double> 
        </void> 
        <void method="add"> 
         <double>1096177.602398288</double> 
        </void> 
        <void method="add"> 
         <double>1098211.5612064286</double> 
        </void> 
        <void method="add"> 
         <double>1108608.2934776053</double> 
        </void> 
        <void method="add"> 
         <double>1110354.5272465874</double> 
        </void> 
        <void method="add"> 
         <double>1111363.5354647194</double> 
        </void> 
        <void method="add"> 
         <double>1119849.7305935044</double> 
        </void> 
        <void method="add"> 
         <double>1127577.9851913818</double> 
        </void> 
        <void method="add"> 
         <double>1132298.4077955368</double> 
        </void> 
        <void method="add"> 
         <double>1137609.81731074</double> 
        </void> 
        <void method="add"> 
         <double>1141135.1674835593</double> 
        </void> 
        <void method="add"> 
         <double>1247998.0174285506</double> 
        </void> 
        <void method="add"> 
         <double>1285399.3323852117</double> 
        </void> 
        <void method="add"> 
         <double>1304191.3980610538</double> 
        </void> 
        <void method="add"> 
         <double>1307413.3437748214</double> 
        </void> 
        <void method="add"> 
         <double>1308262.6828950206</double> 
        </void> 
        <void method="add"> 
         <double>1310663.6867533757</double> 
        </void> 
        <void method="add"> 
         <double>1438035.309283142</double> 
        </void> 
        <void method="add"> 
         <double>1566015.3184195762</double> 
        </void> 
        <void method="add"> 
         <double>1308932.2427453569</double> 
        </void> 
        <void method="add"> 
         <double>1320761.2289509114</double> 
        </void> 
        <void method="add"> 
         <double>1565868.6601626123</double> 
        </void> 
        <void method="add"> 
         <double>1564898.2404049286</double> 
        </void> 
        <void method="add"> 
         <double>1563969.8445784997</double> 
        </void> 
       </object> 
      </void> 
      <void property="stdev"> 
       <double>165029.3811462344</double> 
      </void> 
     </object> 
    </void> 
    <void index="1"> 
     <object class="jmbench.tools.EvaluationMetrics"> 
      <void property="max"> 
       <double>768779.2807494523</double> 
      </void> 
      <void property="mean"> 
       <double>621971.594013003</double> 
      </void> 
      <void property="median"> 
       <double>597805.1042710161</double> 
      </void> 
      <void property="min"> 
       <double>534351.1811989882</double> 
      </void> 
      <void property="rawResults"> 
       <object class="java.util.ArrayList"> 
        <void method="add"> 
         <double>562544.3960917776</double> 
        </void> 
        <void method="add"> 
         <double>579596.134797637</double> 
        </void> 
        <void method="add"> 
         <double>583358.767024655</double> 
        </void> 
        <void method="add"> 
         <double>585802.934031597</double> 
        </void> 
        <void method="add"> 
         <double>587234.1498569794</double> 
        </void> 
        <void method="add"> 
         <double>587494.3489322611</double> 
        </void> 
        <void method="add"> 
         <double>588537.9531319843</double> 
        </void> 
        <void method="add"> 
         <double>589204.5096755271</double> 
        </void> 
        <void method="add"> 
         <double>592103.6790530906</double> 
        </void> 
        <void method="add"> 
         <double>593536.416281272</double> 
        </void> 
        <void method="add"> 
         <double>602562.8579340188</double> 
        </void> 
        <void method="add"> 
         <double>618003.3432032176</double> 
        </void> 
        <void method="add"> 
         <double>626632.120164668</double> 
        </void> 
        <void method="add"> 
         <double>649757.9904925928</double> 
        </void> 
        <void method="add"> 
         <double>656405.1941691731</double> 
        </void> 
        <void method="add"> 
         <double>678628.5088607458</double> 
        </void> 
        <void method="add"> 
         <double>680455.6832450173</double> 
        </void> 
        <void method="add"> 
         <double>765262.1394608719</double> 
        </void> 
        <void method="add"> 
         <double>768248.0073184259</double> 
        </void> 
        <void method="add"> 
         <double>768779.2807494523</double> 
        </void> 
        <void method="add"> 
         <double>601042.4587184524</double> 
        </void> 
        <void method="add"> 
         <double>597805.1042710161</double> 
        </void> 
        <void method="add"> 
         <double>607251.2269725957</double> 
        </void> 
        <void method="add"> 
         <double>534351.1811989882</double> 
        </void> 
        <void method="add"> 
         <double>544691.4646890567</double> 
        </void> 
       </object> 
      </void> 
      <void property="stdev"> 
       <double>63807.83105924674</double> 
      </void> 
     </object> 
    </void> 
    <void index="2"> 
     <object class="jmbench.tools.EvaluationMetrics"> 
      <void property="max"> 
       <double>422088.760285174</double> 
      </void> 
      <void property="mean"> 
       <double>354963.6978227141</double> 
      </void> 
      <void property="median"> 
       <double>351789.96300047706</double> 
      </void> 
      <void property="min"> 
       <double>303825.7143264365</double> 
      </void> 
      <void property="rawResults"> 
       <object class="java.util.ArrayList"> 
        <void method="add"> 
         <double>303825.7143264365</double> 
        </void> 
        <void method="add"> 
         <double>306152.1396271608</double> 
        </void> 
        <void method="add"> 
         <double>306395.36940856546</double> 
        </void> 
        <void method="add"> 
         <double>318955.8092076041</double> 
        </void> 
        <void method="add"> 
         <double>320713.9472643618</double> 
        </void> 
        <void method="add"> 
         <double>334396.25107693044</double> 
        </void> 
        <void method="add"> 
         <double>336086.5378534901</double> 
        </void> 
        <void method="add"> 
         <double>337366.8089910137</double> 
        </void> 
        <void method="add"> 
         <double>339551.26144967135</double> 
        </void> 
        <void method="add"> 
         <double>340067.86645766464</double> 
        </void> 
        <void method="add"> 
         <double>351555.5748503604</double> 
        </void> 
        <void method="add"> 
         <double>366427.8732805355</double> 
        </void> 
        <void method="add"> 
         <double>367908.81556831184</double> 
        </void> 
        <void method="add"> 
         <double>368176.1741794218</double> 
        </void> 
        <void method="add"> 
         <double>368676.62443827896</double> 
        </void> 
        <void method="add"> 
         <double>371629.1006250291</double> 
        </void> 
        <void method="add"> 
         <double>372713.12072192266</double> 
        </void> 
        <void method="add"> 
         <double>393292.5399684269</double> 
        </void> 
        <void method="add"> 
         <double>396363.88264693937</double> 
        </void> 
        <void method="add"> 
         <double>422088.760285174</double> 
        </void> 
        <void method="add"> 
         <double>352649.30876798986</double> 
        </void> 
        <void method="add"> 
         <double>397576.67702295596</double> 
        </void> 
        <void method="add"> 
         <double>351389.025500208</double> 
        </void> 
        <void method="add"> 
         <double>351789.96300047706</double> 
        </void> 
        <void method="add"> 
         <double>398343.2990489217</double> 
        </void> 
       </object> 
      </void> 
      <void property="stdev"> 
       <double>31019.559532043473</double> 
      </void> 
     </object> 
    </void> 
    <void index="3"> 
     <object class="jmbench.tools.EvaluationMetrics"> 
      <void property="max"> 
       <double>217421.28460849807</double> 
      </void> 
      <void property="mean"> 
       <double>203406.7173766485</double> 
      </void> 
      <void property="median"> 
       <double>202159.23274459728</double> 
      </void> 
      <void property="min"> 
       <double>190721.5093705408</double> 
      </void> 
      <void property="rawResults"> 
       <object class="java.util.ArrayList"> 
        <void method="add"> 
         <double>190721.5093705408</double> 
        </void> 
        <void method="add"> 
         <double>191222.85494826696</double> 
        </void> 
        <void method="add"> 
         <double>191365.4822150428</double> 
        </void> 
        <void method="add"> 
         <double>192700.37161848287</double> 
        </void> 
        <void method="add"> 
         <double>196838.66978357648</double> 
        </void> 
        <void method="add"> 
         <double>199786.69266980336</double> 
        </void> 
        <void method="add"> 
         <double>200081.36679056822</double> 
        </void> 
        <void method="add"> 
         <double>200336.47891226286</double> 
        </void> 
        <void method="add"> 
         <double>200524.386932548</double> 
        </void> 
        <void method="add"> 
         <double>200984.52171484363</double> 
        </void> 
        <void method="add"> 
         <double>202159.23274459728</double> 
        </void> 
        <void method="add"> 
         <double>202359.50455135832</double> 
        </void> 
        <void method="add"> 
         <double>202787.70561800103</double> 
        </void> 
        <void method="add"> 
         <double>207700.99957057275</double> 
        </void> 
        <void method="add"> 
         <double>207795.69717601666</double> 
        </void> 
        <void method="add"> 
         <double>208012.2601328568</double> 
        </void> 
        <void method="add"> 
         <double>211157.56337164174</double> 
        </void> 
        <void method="add"> 
         <double>211421.26282473077</double> 
        </void> 
        <void method="add"> 
         <double>216638.7996026648</double> 
        </void> 
        <void method="add"> 
         <double>217421.28460849807</double> 
        </void> 
        <void method="add"> 
         <double>201169.8671984311</double> 
        </void> 
        <void method="add"> 
         <double>201052.91951302718</double> 
        </void> 
        <void method="add"> 
         <double>210471.60605472163</double> 
        </void> 
        <void method="add"> 
         <double>210454.11184738105</double> 
        </void> 
        <void method="add"> 
         <double>210002.7846457787</double> 
        </void> 
       </object> 
      </void> 
      <void property="stdev"> 
       <double>7406.125326898925</double> 
      </void> 
     </object> 
    </void> 
    <void index="4"> 
     <object class="jmbench.tools.EvaluationMetrics"> 
      <void property="max"> 
       <double>33689.518884983125</double> 
      </void> 
      <void property="mean"> 
       <double>32049.897585075876</double> 
      </void> 
      <void property="median"> 
       <double>32343.722897614865</double> 
      </void> 
      <void property="min"> 
       <double>30553.627730143508</double> 
      </void> 
      <void property="rawResults"> 
       <object class="java.util.ArrayList"> 
        <void method="add"> 
         <double>30553.627730143508</double> 
        </void> 
        <void method="add"> 
         <double>30575.845408548037</double> 
        </void> 
        <void method="add"> 
         <double>31163.399280644062</double> 
        </void> 
        <void method="add"> 
         <double>31286.072902938868</double> 
        </void> 
        <void method="add"> 
         <double>31461.566317244073</double> 
        </void> 
        <void method="add"> 
         <double>32121.70912628879</double> 
        </void> 
        <void method="add"> 
         <double>32156.682888826457</double> 
        </void> 
        <void method="add"> 
         <double>32343.722897614865</double> 
        </void> 
        <void method="add"> 
         <double>32354.179170518695</double> 
        </void> 
        <void method="add"> 
         <double>32374.721594838604</double> 
        </void> 
        <void method="add"> 
         <double>32400.886929137858</double> 
        </void> 
        <void method="add"> 
         <double>32402.358723827223</double> 
        </void> 
        <void method="add"> 
         <double>32423.862898545227</double> 
        </void> 
        <void method="add"> 
         <double>32456.604701749857</double> 
        </void> 
        <void method="add"> 
         <double>32565.81662858636</double> 
        </void> 
        <void method="add"> 
         <double>32795.267335593846</double> 
        </void> 
        <void method="add"> 
         <double>32806.24266012852</double> 
        </void> 
        <void method="add"> 
         <double>33013.75156532712</double> 
        </void> 
        <void method="add"> 
         <double>33637.62195492589</double> 
        </void> 
        <void method="add"> 
         <double>33689.518884983125</double> 
        </void> 
        <void method="add"> 
         <double>31215.116658873245</double> 
        </void> 
        <void method="add"> 
         <double>31639.084311356233</double> 
        </void> 
        <void method="add"> 
         <double>31315.45854780756</double> 
        </void> 
        <void method="add"> 
         <double>30876.494771242742</double> 
        </void> 
        <void method="add"> 
         <double>31617.82573720622</double> 
        </void> 
       </object> 
      </void> 
      <void property="stdev"> 
       <double>836.2153782011508</double> 
      </void> 
     </object> 
    </void> 
    <void index="5"> 
     <object class="jmbench.tools.EvaluationMetrics"> 
      <void property="max"> 
       <double>4461.748434062003</double> 
      </void> 
      <void property="mean"> 
       <double>4312.543731322727</double> 
      </void> 
      <void property="median"> 
       <double>4277.305069040043</double> 
      </void> 
      <void property="min"> 
       <double>4182.74202997675</double> 
      </void> 
      <void property="rawResults"> 
       <object class="java.util.ArrayList"> 
        <void method="add"> 
         <double>4182.74202997675</double> 
        </void> 
        <void method="add"> 
         <double>4208.444338640306</double> 
        </void> 
        <void method="add"> 
         <double>4217.994684383016</double> 
        </void> 
        <void method="add"> 
         <double>4224.049967027337</double> 
        </void> 
        <void method="add"> 
         <double>4231.199413277286</double> 
        </void> 
        <void method="add"> 
         <double>4254.731360744735</double> 
        </void> 
        <void method="add"> 
         <double>4255.489424896408</double> 
        </void> 
        <void method="add"> 
         <double>4277.305069040043</double> 
        </void> 
        <void method="add"> 
         <double>4277.626806927611</double> 
        </void> 
        <void method="add"> 
         <double>4289.319839428547</double> 
        </void> 
        <void method="add"> 
         <double>4374.780635824967</double> 
        </void> 
        <void method="add"> 
         <double>4406.896567120786</double> 
        </void> 
        <void method="add"> 
         <double>4412.855731433516</double> 
        </void> 
        <void method="add"> 
         <double>4420.966872777438</double> 
        </void> 
        <void method="add"> 
         <double>4427.552342802981</double> 
        </void> 
        <void method="add"> 
         <double>4429.663662429526</double> 
        </void> 
        <void method="add"> 
         <double>4439.573157379918</double> 
        </void> 
        <void method="add"> 
         <double>4456.092809125608</double> 
        </void> 
        <void method="add"> 
         <double>4458.7861153339745</double> 
        </void> 
        <void method="add"> 
         <double>4461.748434062003</double> 
        </void> 
        <void method="add"> 
         <double>4207.78674765579</double> 
        </void> 
        <void method="add"> 
         <double>4241.334152189459</double> 
        </void> 
        <void method="add"> 
         <double>4208.270540053014</double> 
        </void> 
        <void method="add"> 
         <double>4259.171760096597</double> 
        </void> 
        <void method="add"> 
         <double>4189.210820440553</double> 
        </void> 
       </object> 
      </void> 
      <void property="stdev"> 
       <double>99.51432406636502</double> 
      </void> 
     </object> 
    </void> 
    <void index="6"> 
     <object class="jmbench.tools.EvaluationMetrics"> 
      <void property="max"> 
       <double>295.7763776892043</double> 
      </void> 
      <void property="mean"> 
       <double>290.23348177953955</double> 
      </void> 
      <void property="median"> 
       <double>292.05539969671304</double> 
      </void> 
      <void property="min"> 
       <double>282.40009149311123</double> 
      </void> 
      <void property="rawResults"> 
       <object class="java.util.ArrayList"> 
        <void method="add"> 
         <double>282.40009149311123</double> 
        </void> 
        <void method="add"> 
         <double>282.62807482317066</double> 
        </void> 
        <void method="add"> 
         <double>283.1228646530873</double> 
        </void> 
        <void method="add"> 
         <double>283.2476984562771</double> 
        </void> 
        <void method="add"> 
         <double>283.2485267893814</double> 
        </void> 
        <void method="add"> 
         <double>283.48430210724973</double> 
        </void> 
        <void method="add"> 
         <double>283.6697188143435</double> 
        </void> 
        <void method="add"> 
         <double>291.7893564854482</double> 
        </void> 
        <void method="add"> 
         <double>291.8136012544068</double> 
        </void> 
        <void method="add"> 
         <double>291.8760367473435</double> 
        </void> 
        <void method="add"> 
         <double>291.91952264960986</double> 
        </void> 
        <void method="add"> 
         <double>291.9854763738052</double> 
        </void> 
        <void method="add"> 
         <double>292.05539969671304</double> 
        </void> 
        <void method="add"> 
         <double>292.14613246928155</double> 
        </void> 
        <void method="add"> 
         <double>292.4086912442582</double> 
        </void> 
        <void method="add"> 
         <double>292.6685502321762</double> 
        </void> 
        <void method="add"> 
         <double>292.94432261145204</double> 
        </void> 
        <void method="add"> 
         <double>294.7531236444852</double> 
        </void> 
        <void method="add"> 
         <double>295.2605098241204</double> 
        </void> 
        <void method="add"> 
         <double>295.7763776892043</double> 
        </void> 
        <void method="add"> 
         <double>293.9247145850579</double> 
        </void> 
        <void method="add"> 
         <double>293.04947390864675</double> 
        </void> 
        <void method="add"> 
         <double>292.99703290161966</double> 
        </void> 
        <void method="add"> 
         <double>293.17378345092106</double> 
        </void> 
        <void method="add"> 
         <double>293.49366158331475</double> 
        </void> 
       </object> 
      </void> 
      <void property="stdev"> 
       <double>4.558041729216574</double> 
      </void> 
     </object> 
    </void> 
    <void index="7"> 
     <object class="jmbench.tools.EvaluationMetrics"> 
      <void property="max"> 
       <double>30.045066327583566</double> 
      </void> 
      <void property="mean"> 
       <double>29.071324005777974</double> 
      </void> 
      <void property="median"> 
       <double>28.92567032052971</double> 
      </void> 
      <void property="min"> 
       <double>28.38788020468389</double> 
      </void> 
      <void property="rawResults"> 
       <object class="java.util.ArrayList"> 
        <void method="add"> 
         <double>28.391572706747667</double> 
        </void> 
        <void method="add"> 
         <double>28.678883856685353</double> 
        </void> 
        <void method="add"> 
         <double>28.703483258752776</double> 
        </void> 
        <void method="add"> 
         <double>28.717222350657032</double> 
        </void> 
        <void method="add"> 
         <double>28.78063301741267</double> 
        </void> 
        <void method="add"> 
         <double>28.79939195464457</double> 
        </void> 
        <void method="add"> 
         <double>28.884880867087787</double> 
        </void> 
        <void method="add"> 
         <double>28.904982544486334</double> 
        </void> 
        <void method="add"> 
         <double>28.92567032052971</double> 
        </void> 
        <void method="add"> 
         <double>29.03917975562205</double> 
        </void> 
        <void method="add"> 
         <double>29.065855788357336</double> 
        </void> 
        <void method="add"> 
         <double>29.071361121288092</double> 
        </void> 
        <void method="add"> 
         <double>29.39992401072606</double> 
        </void> 
        <void method="add"> 
         <double>29.501059939439155</double> 
        </void> 
        <void method="add"> 
         <double>29.569962117220488</double> 
        </void> 
        <void method="add"> 
         <double>29.59701268569432</double> 
        </void> 
        <void method="add"> 
         <double>29.687636568340228</double> 
        </void> 
        <void method="add"> 
         <double>29.799403030332865</double> 
        </void> 
        <void method="add"> 
         <double>29.837036847907058</double> 
        </void> 
        <void method="add"> 
         <double>30.045066327583566</double> 
        </void> 
        <void method="add"> 
         <double>28.38788020468389</double> 
        </void> 
        <void method="add"> 
         <double>28.540201419086515</double> 
        </void> 
        <void method="add"> 
         <double>28.706379531412498</double> 
        </void> 
        <void method="add"> 
         <double>28.931649720115235</double> 
        </void> 
        <void method="add"> 
         <double>28.816770199635926</double> 
        </void> 
       </object> 
      </void> 
      <void property="stdev"> 
       <double>0.46254385776637075</double> 
      </void> 
     </object> 
    </void> 
    <void index="8"> 
     <object class="jmbench.tools.EvaluationMetrics"> 
      <void property="max"> 
       <double>2.5984899211677956</double> 
      </void> 
      <void property="mean"> 
       <double>2.4927404405837446</double> 
      </void> 
      <void property="median"> 
       <double>2.4913104609265195</double> 
      </void> 
      <void property="min"> 
       <double>2.4283255572698073</double> 
      </void> 
      <void property="rawResults"> 
       <object class="java.util.ArrayList"> 
        <void method="add"> 
         <double>2.429334773710214</double> 
        </void> 
        <void method="add"> 
         <double>2.4381919283347173</double> 
        </void> 
        <void method="add"> 
         <double>2.4521849318405144</double> 
        </void> 
        <void method="add"> 
         <double>2.460879217740611</double> 
        </void> 
        <void method="add"> 
         <double>2.469726321655256</double> 
        </void> 
        <void method="add"> 
         <double>2.4702802459479067</double> 
        </void> 
        <void method="add"> 
         <double>2.4717995395316152</double> 
        </void> 
        <void method="add"> 
         <double>2.474018210211432</double> 
        </void> 
        <void method="add"> 
         <double>2.4925301084769416</double> 
        </void> 
        <void method="add"> 
         <double>2.4933022079957556</double> 
        </void> 
        <void method="add"> 
         <double>2.4986319146978757</double> 
        </void> 
        <void method="add"> 
         <double>2.5014743564783366</double> 
        </void> 
        <void method="add"> 
         <double>2.5136703684976975</double> 
        </void> 
        <void method="add"> 
         <double>2.5176231844842523</double> 
        </void> 
        <void method="add"> 
         <double>2.520848000637966</double> 
        </void> 
        <void method="add"> 
         <double>2.5289741901739236</double> 
        </void> 
        <void method="add"> 
         <double>2.532881001565838</double> 
        </void> 
        <void method="add"> 
         <double>2.5710764276186286</double> 
        </void> 
        <void method="add"> 
         <double>2.58121198128638</double> 
        </void> 
        <void method="add"> 
         <double>2.5984899211677956</double> 
        </void> 
        <void method="add"> 
         <double>2.446581084073754</double> 
        </void> 
        <void method="add"> 
         <double>2.4283255572698073</double> 
        </void> 
        <void method="add"> 
         <double>2.4470419703195314</double> 
        </void> 
        <void method="add"> 
         <double>2.4881231099503465</double> 
        </void> 
        <void method="add"> 
         <double>2.4913104609265195</double> 
        </void> 
       </object> 
      </void> 
      <void property="stdev"> 
       <double>0.04467660578346421</double> 
      </void> 
     </object> 
    </void> 
    <void index="9"> 
     <object class="jmbench.tools.EvaluationMetrics"> 
      <void property="max"> 
       <double>0.10041564245564841</double> 
      </void> 
      <void property="mean"> 
       <double>0.08775092003924219</double> 
      </void> 
      <void property="median"> 
       <double>0.09375587931692698</double> 
      </void> 
      <void property="min"> 
       <double>0.05980392969592287</double> 
      </void> 
      <void property="rawResults"> 
       <object class="java.util.ArrayList"> 
        <void method="add"> 
         <double>0.06122634825424569</double> 
        </void> 
        <void method="add"> 
         <double>0.061396727370904035</double> 
        </void> 
        <void method="add"> 
         <double>0.06149700538533489</double> 
        </void> 
        <void method="add"> 
         <double>0.061547101975138484</double> 
        </void> 
        <void method="add"> 
         <double>0.08996763969891941</double> 
        </void> 
        <void method="add"> 
         <double>0.09104810722325579</double> 
        </void> 
        <void method="add"> 
         <double>0.09115161326662553</double> 
        </void> 
        <void method="add"> 
         <double>0.09149286308494219</double> 
        </void> 
        <void method="add"> 
         <double>0.09163565702974699</double> 
        </void> 
        <void method="add"> 
         <double>0.09266316423213744</double> 
        </void> 
        <void method="add"> 
         <double>0.09422089972125837</double> 
        </void> 
        <void method="add"> 
         <double>0.09426353741821414</double> 
        </void> 
        <void method="add"> 
         <double>0.09514321775082096</double> 
        </void> 
        <void method="add"> 
         <double>0.09576200342221818</double> 
        </void> 
        <void method="add"> 
         <double>0.09588303269649175</double> 
        </void> 
        <void method="add"> 
         <double>0.09594045447250404</double> 
        </void> 
        <void method="add"> 
         <double>0.09601771886096068</double> 
        </void> 
        <void method="add"> 
         <double>0.09726833620961525</double> 
        </void> 
        <void method="add"> 
         <double>0.09728070157559428</double> 
        </void> 
        <void method="add"> 
         <double>0.10041564245564841</double> 
        </void> 
        <void method="add"> 
         <double>0.05980392969592287</double> 
        </void> 
        <void method="add"> 
         <double>0.09295276844127587</double> 
        </void> 
        <void method="add"> 
         <double>0.09375587931692698</double> 
        </void> 
        <void method="add"> 
         <double>0.09390031226293434</double> 
        </void> 
        <void method="add"> 
         <double>0.0975383391594183</double> 
        </void> 
       </object> 
      </void> 
      <void property="stdev"> 
       <double>0.01353332297645706</double> 
      </void> 
     </object> 
    </void> 
   </array> 
  </void> 
  <void property="opName"> 
   <string>LU</string> 
  </void> 
 </object> 
</java> 
