<?xml version="1.0" encoding="UTF-8"?> 
<java version="1.6.0_16" class="java.beans.XMLDecoder"> 
 <object class="jmbench.tools.runtime.OperationResults"> 
  <void property="library"> 
   <object class="jmbench.impl.MatrixLibrary" method="valueOf"> 
    <string>JSCIENCE</string> 
   </object> 
  </void> 
  <void property="matDimen"> 
   <array class="int" length="12"> 
    <void index="0"> 
     <int>2</int> 
    </void> 
    <void index="1"> 
     <int>3</int> 
    </void> 
    <void index="2"> 
     <int>4</int> 
    </void> 
    <void index="3"> 
     <int>5</int> 
    </void> 
    <void index="4"> 
     <int>10</int> 
    </void> 
    <void index="5"> 
     <int>20</int> 
    </void> 
    <void index="6"> 
     <int>50</int> 
    </void> 
    <void index="7"> 
     <int>100</int> 
    </void> 
    <void index="8"> 
     <int>200</int> 
    </void> 
    <void index="9"> 
     <int>500</int> 
    </void> 
    <void index="10"> 
     <int>1000</int> 
    </void> 
    <void index="11"> 
     <int>2000</int> 
    </void> 
   </array> 
  </void> 
  <void property="metrics"> 
   <array class="jmbench.tools.EvaluationMetrics" length="12"> 
    <void index="0"> 
     <object class="jmbench.tools.EvaluationMetrics"> 
      <void property="max"> 
       <double>1474738.1449977416</double> 
      </void> 
      <void property="mean"> 
       <double>1395798.8180946177</double> 
      </void> 
      <void property="median"> 
       <double>1404254.4478620063</double> 
      </void> 
      <void property="min"> 
       <double>1270007.285939453</double> 
      </void> 
      <void property="rawResults"> 
       <object class="java.util.ArrayList"> 
        <void method="add"> 
         <double>1270007.285939453</double> 
        </void> 
        <void method="add"> 
         <double>1345179.2310387208</double> 
        </void> 
        <void method="add"> 
         <double>1354155.7637552335</double> 
        </void> 
        <void method="add"> 
         <double>1356833.340748806</double> 
        </void> 
        <void method="add"> 
         <double>1360152.3218658965</double> 
        </void> 
        <void method="add"> 
         <double>1362401.8423160394</double> 
        </void> 
        <void method="add"> 
         <double>1363050.838230569</double> 
        </void> 
        <void method="add"> 
         <double>1366510.227748516</double> 
        </void> 
        <void method="add"> 
         <double>1384673.9271760338</double> 
        </void> 
        <void method="add"> 
         <double>1389690.8850793408</double> 
        </void> 
        <void method="add"> 
         <double>1398546.8271302779</double> 
        </void> 
        <void method="add"> 
         <double>1404254.4478620063</double> 
        </void> 
        <void method="add"> 
         <double>1406577.9769953883</double> 
        </void> 
        <void method="add"> 
         <double>1407485.6271875754</double> 
        </void> 
        <void method="add"> 
         <double>1408128.3644314413</double> 
        </void> 
        <void method="add"> 
         <double>1411892.8294485032</double> 
        </void> 
        <void method="add"> 
         <double>1413055.7130952359</double> 
        </void> 
        <void method="add"> 
         <double>1414015.6790288165</double> 
        </void> 
        <void method="add"> 
         <double>1416057.3829208903</double> 
        </void> 
        <void method="add"> 
         <double>1432099.502891757</double> 
        </void> 
        <void method="add"> 
         <double>1460095.6048488051</double> 
        </void> 
        <void method="add"> 
         <double>1464754.7992570263</double> 
        </void> 
        <void method="add"> 
         <double>1474738.1449977416</double> 
        </void> 
        <void method="add"> 
         <double>1471147.4688129888</double> 
        </void> 
        <void method="add"> 
         <double>1359464.4195583765</double> 
        </void> 
       </object> 
      </void> 
      <void property="stdev"> 
       <double>45314.168054165464</double> 
      </void> 
     </object> 
    </void> 
    <void index="1"> 
     <object class="jmbench.tools.EvaluationMetrics"> 
      <void property="max"> 
       <double>912279.9584930567</double> 
      </void> 
      <void property="mean"> 
       <double>890086.08757578</double> 
      </void> 
      <void property="median"> 
       <double>896730.032601932</double> 
      </void> 
      <void property="min"> 
       <double>827990.2366613513</double> 
      </void> 
      <void property="rawResults"> 
       <object class="java.util.ArrayList"> 
        <void method="add"> 
         <double>827990.2366613513</double> 
        </void> 
        <void method="add"> 
         <double>848204.0257183554</double> 
        </void> 
        <void method="add"> 
         <double>873412.658578034</double> 
        </void> 
        <void method="add"> 
         <double>874164.5315007761</double> 
        </void> 
        <void method="add"> 
         <double>877387.1702991421</double> 
        </void> 
        <void method="add"> 
         <double>881199.6010775048</double> 
        </void> 
        <void method="add"> 
         <double>883910.0629449474</double> 
        </void> 
        <void method="add"> 
         <double>896730.032601932</double> 
        </void> 
        <void method="add"> 
         <double>896883.1706439203</double> 
        </void> 
        <void method="add"> 
         <double>898953.071798755</double> 
        </void> 
        <void method="add"> 
         <double>900305.9849341253</double> 
        </void> 
        <void method="add"> 
         <double>900602.362274595</double> 
        </void> 
        <void method="add"> 
         <double>906368.8821083781</double> 
        </void> 
        <void method="add"> 
         <double>906762.7036979283</double> 
        </void> 
        <void method="add"> 
         <double>908570.4058248099</double> 
        </void> 
        <void method="add"> 
         <double>908961.6564078368</double> 
        </void> 
        <void method="add"> 
         <double>909067.3914309513</double> 
        </void> 
        <void method="add"> 
         <double>909568.7930284721</double> 
        </void> 
        <void method="add"> 
         <double>911945.4829791177</double> 
        </void> 
        <void method="add"> 
         <double>912279.9584930567</double> 
        </void> 
        <void method="add"> 
         <double>884409.0549028814</double> 
        </void> 
        <void method="add"> 
         <double>889148.2927863705</double> 
        </void> 
        <void method="add"> 
         <double>881796.2845039861</double> 
        </void> 
        <void method="add"> 
         <double>879882.4072551891</double> 
        </void> 
        <void method="add"> 
         <double>883647.9669420813</double> 
        </void> 
       </object> 
      </void> 
      <void property="stdev"> 
       <double>20002.73662023358</double> 
      </void> 
     </object> 
    </void> 
    <void index="2"> 
     <object class="jmbench.tools.EvaluationMetrics"> 
      <void property="max"> 
       <double>601066.0810844242</double> 
      </void> 
      <void property="mean"> 
       <double>588156.5373704423</double> 
      </void> 
      <void property="median"> 
       <double>592531.4924274511</double> 
      </void> 
      <void property="min"> 
       <double>540453.7385670604</double> 
      </void> 
      <void property="rawResults"> 
       <object class="java.util.ArrayList"> 
        <void method="add"> 
         <double>540453.7385670604</double> 
        </void> 
        <void method="add"> 
         <double>561931.5823023537</double> 
        </void> 
        <void method="add"> 
         <double>575484.8644071826</double> 
        </void> 
        <void method="add"> 
         <double>581634.9789549676</double> 
        </void> 
        <void method="add"> 
         <double>582250.897875831</double> 
        </void> 
        <void method="add"> 
         <double>583447.7863742419</double> 
        </void> 
        <void method="add"> 
         <double>583496.8296497184</double> 
        </void> 
        <void method="add"> 
         <double>583944.536646405</double> 
        </void> 
        <void method="add"> 
         <double>585108.2324714755</double> 
        </void> 
        <void method="add"> 
         <double>585417.446321463</double> 
        </void> 
        <void method="add"> 
         <double>588287.1047924202</double> 
        </void> 
        <void method="add"> 
         <double>589350.0426625944</double> 
        </void> 
        <void method="add"> 
         <double>592531.4924274511</double> 
        </void> 
        <void method="add"> 
         <double>595687.7010867227</double> 
        </void> 
        <void method="add"> 
         <double>596296.3707715013</double> 
        </void> 
        <void method="add"> 
         <double>598662.0858744682</double> 
        </void> 
        <void method="add"> 
         <double>598687.8821058979</double> 
        </void> 
        <void method="add"> 
         <double>598757.5201443541</double> 
        </void> 
        <void method="add"> 
         <double>599742.3978225522</double> 
        </void> 
        <void method="add"> 
         <double>601066.0810844242</double> 
        </void> 
        <void method="add"> 
         <double>597527.3335143015</double> 
        </void> 
        <void method="add"> 
         <double>594781.9477976003</double> 
        </void> 
        <void method="add"> 
         <double>598659.6781785904</double> 
        </void> 
        <void method="add"> 
         <double>595024.3352638367</double> 
        </void> 
        <void method="add"> 
         <double>595680.5671636474</double> 
        </void> 
       </object> 
      </void> 
      <void property="stdev"> 
       <double>13271.938041870813</double> 
      </void> 
     </object> 
    </void> 
    <void index="3"> 
     <object class="jmbench.tools.EvaluationMetrics"> 
      <void property="max"> 
       <double>402151.39927446924</double> 
      </void> 
      <void property="mean"> 
       <double>391369.97773267375</double> 
      </void> 
      <void property="median"> 
       <double>391142.8417924979</double> 
      </void> 
      <void property="min"> 
       <double>363612.37611398107</double> 
      </void> 
      <void property="rawResults"> 
       <object class="java.util.ArrayList"> 
        <void method="add"> 
         <double>363612.37611398107</double> 
        </void> 
        <void method="add"> 
         <double>379047.4537119886</double> 
        </void> 
        <void method="add"> 
         <double>388075.0585614337</double> 
        </void> 
        <void method="add"> 
         <double>389816.83962555655</double> 
        </void> 
        <void method="add"> 
         <double>389888.31347774435</double> 
        </void> 
        <void method="add"> 
         <double>389940.6366661127</double> 
        </void> 
        <void method="add"> 
         <double>390206.8639512511</double> 
        </void> 
        <void method="add"> 
         <double>390482.4853506674</double> 
        </void> 
        <void method="add"> 
         <double>391241.6007113846</double> 
        </void> 
        <void method="add"> 
         <double>391287.2523219797</double> 
        </void> 
        <void method="add"> 
         <double>391413.62597298564</double> 
        </void> 
        <void method="add"> 
         <double>392008.3344498258</double> 
        </void> 
        <void method="add"> 
         <double>392651.5884874475</double> 
        </void> 
        <void method="add"> 
         <double>392737.71550217486</double> 
        </void> 
        <void method="add"> 
         <double>393383.02503216587</double> 
        </void> 
        <void method="add"> 
         <double>400232.0105752481</double> 
        </void> 
        <void method="add"> 
         <double>400839.1093488462</double> 
        </void> 
        <void method="add"> 
         <double>400858.5669282331</double> 
        </void> 
        <void method="add"> 
         <double>401444.99474507157</double> 
        </void> 
        <void method="add"> 
         <double>402151.39927446924</double> 
        </void> 
        <void method="add"> 
         <double>390954.0239870995</double> 
        </void> 
        <void method="add"> 
         <double>390241.56141406775</double> 
        </void> 
        <void method="add"> 
         <double>390645.0754188497</double> 
        </void> 
        <void method="add"> 
         <double>389946.6898957596</double> 
        </void> 
        <void method="add"> 
         <double>391142.8417924979</double> 
        </void> 
       </object> 
      </void> 
      <void property="stdev"> 
       <double>7563.074783024453</double> 
      </void> 
     </object> 
    </void> 
    <void index="4"> 
     <object class="jmbench.tools.EvaluationMetrics"> 
      <void property="max"> 
       <double>94141.63755090337</double> 
      </void> 
      <void property="mean"> 
       <double>92222.7832354616</double> 
      </void> 
      <void property="median"> 
       <double>92227.15530647482</double> 
      </void> 
      <void property="min"> 
       <double>88932.33735871849</double> 
      </void> 
      <void property="rawResults"> 
       <object class="java.util.ArrayList"> 
        <void method="add"> 
         <double>88932.33735871849</double> 
        </void> 
        <void method="add"> 
         <double>91162.52415916395</double> 
        </void> 
        <void method="add"> 
         <double>91320.26442123124</double> 
        </void> 
        <void method="add"> 
         <double>91574.84973323903</double> 
        </void> 
        <void method="add"> 
         <double>91670.06810893206</double> 
        </void> 
        <void method="add"> 
         <double>91812.03294644562</double> 
        </void> 
        <void method="add"> 
         <double>91864.25522473628</double> 
        </void> 
        <void method="add"> 
         <double>91901.1788201842</double> 
        </void> 
        <void method="add"> 
         <double>91938.09468773486</double> 
        </void> 
        <void method="add"> 
         <double>92041.04095674491</double> 
        </void> 
        <void method="add"> 
         <double>92227.15530647482</double> 
        </void> 
        <void method="add"> 
         <double>92377.2499002717</double> 
        </void> 
        <void method="add"> 
         <double>92998.74243748453</double> 
        </void> 
        <void method="add"> 
         <double>93063.00490641619</double> 
        </void> 
        <void method="add"> 
         <double>93102.33955753165</double> 
        </void> 
        <void method="add"> 
         <double>93118.04931287347</double> 
        </void> 
        <void method="add"> 
         <double>93151.43558638328</double> 
        </void> 
        <void method="add"> 
         <double>93290.8705913079</double> 
        </void> 
        <void method="add"> 
         <double>93643.62507453604</double> 
        </void> 
        <void method="add"> 
         <double>94141.63755090337</double> 
        </void> 
        <void method="add"> 
         <double>93374.6175558654</double> 
        </void> 
        <void method="add"> 
         <double>93664.7634235331</double> 
        </void> 
        <void method="add"> 
         <double>89053.2920367341</double> 
        </void> 
        <void method="add"> 
         <double>90528.51178840993</double> 
        </void> 
        <void method="add"> 
         <double>93617.6394406837</double> 
        </void> 
       </object> 
      </void> 
      <void property="stdev"> 
       <double>1309.729255313257</double> 
      </void> 
     </object> 
    </void> 
    <void index="5"> 
     <object class="jmbench.tools.EvaluationMetrics"> 
      <void property="max"> 
       <double>26327.508154426665</double> 
      </void> 
      <void property="mean"> 
       <double>26002.43465271762</double> 
      </void> 
      <void property="median"> 
       <double>26125.24104913288</double> 
      </void> 
      <void property="min"> 
       <double>24433.141254800066</double> 
      </void> 
      <void property="rawResults"> 
       <object class="java.util.ArrayList"> 
        <void method="add"> 
         <double>24433.141254800066</double> 
        </void> 
        <void method="add"> 
         <double>25448.52191849634</double> 
        </void> 
        <void method="add"> 
         <double>25786.0390267834</double> 
        </void> 
        <void method="add"> 
         <double>25830.64593340977</double> 
        </void> 
        <void method="add"> 
         <double>25899.722332092377</double> 
        </void> 
        <void method="add"> 
         <double>25907.522940152954</double> 
        </void> 
        <void method="add"> 
         <double>25932.442827636598</double> 
        </void> 
        <void method="add"> 
         <double>26125.24104913288</double> 
        </void> 
        <void method="add"> 
         <double>26183.9533872717</double> 
        </void> 
        <void method="add"> 
         <double>26193.07526138598</double> 
        </void> 
        <void method="add"> 
         <double>26194.03217264901</double> 
        </void> 
        <void method="add"> 
         <double>26210.022039182997</double> 
        </void> 
        <void method="add"> 
         <double>26221.22449991647</double> 
        </void> 
        <void method="add"> 
         <double>26251.703958427832</double> 
        </void> 
        <void method="add"> 
         <double>26254.692211211397</double> 
        </void> 
        <void method="add"> 
         <double>26256.20177121738</double> 
        </void> 
        <void method="add"> 
         <double>26273.176422763227</double> 
        </void> 
        <void method="add"> 
         <double>26276.03709476509</double> 
        </void> 
        <void method="add"> 
         <double>26283.143204202323</double> 
        </void> 
        <void method="add"> 
         <double>26327.508154426665</double> 
        </void> 
        <void method="add"> 
         <double>25868.814809749732</double> 
        </void> 
        <void method="add"> 
         <double>26004.888579947703</double> 
        </void> 
        <void method="add"> 
         <double>25885.497572758053</double> 
        </void> 
        <void method="add"> 
         <double>25970.36948555366</double> 
        </void> 
        <void method="add"> 
         <double>26043.248410006818</double> 
        </void> 
       </object> 
      </void> 
      <void property="stdev"> 
       <double>381.54248258166245</double> 
      </void> 
     </object> 
    </void> 
    <void index="6"> 
     <object class="jmbench.tools.EvaluationMetrics"> 
      <void property="max"> 
       <double>2574.657398628245</double> 
      </void> 
      <void property="mean"> 
       <double>2397.5154599929256</double> 
      </void> 
      <void property="median"> 
       <double>2391.1660352314334</double> 
      </void> 
      <void property="min"> 
       <double>2268.131857053661</double> 
      </void> 
      <void property="rawResults"> 
       <object class="java.util.ArrayList"> 
        <void method="add"> 
         <double>2324.7479135506014</double> 
        </void> 
        <void method="add"> 
         <double>2334.5910525716395</double> 
        </void> 
        <void method="add"> 
         <double>2347.4944604572943</double> 
        </void> 
        <void method="add"> 
         <double>2365.439172781524</double> 
        </void> 
        <void method="add"> 
         <double>2375.647950852977</double> 
        </void> 
        <void method="add"> 
         <double>2389.099734733029</double> 
        </void> 
        <void method="add"> 
         <double>2390.1160759587233</double> 
        </void> 
        <void method="add"> 
         <double>2391.1660352314334</double> 
        </void> 
        <void method="add"> 
         <double>2393.5720775402547</double> 
        </void> 
        <void method="add"> 
         <double>2398.0037488181483</double> 
        </void> 
        <void method="add"> 
         <double>2400.357051605766</double> 
        </void> 
        <void method="add"> 
         <double>2407.6878515147505</double> 
        </void> 
        <void method="add"> 
         <double>2415.72845657147</double> 
        </void> 
        <void method="add"> 
         <double>2428.505518040519</double> 
        </void> 
        <void method="add"> 
         <double>2445.9557912386167</double> 
        </void> 
        <void method="add"> 
         <double>2471.406658006074</double> 
        </void> 
        <void method="add"> 
         <double>2506.134691051873</double> 
        </void> 
        <void method="add"> 
         <double>2516.556892559689</double> 
        </void> 
        <void method="add"> 
         <double>2528.424695109594</double> 
        </void> 
        <void method="add"> 
         <double>2574.657398628245</double> 
        </void> 
        <void method="add"> 
         <double>2308.51685852491</double> 
        </void> 
        <void method="add"> 
         <double>2268.131857053661</double> 
        </void> 
        <void method="add"> 
         <double>2322.8944935279123</double> 
        </void> 
        <void method="add"> 
         <double>2317.4002525688943</double> 
        </void> 
        <void method="add"> 
         <double>2315.6498113255625</double> 
        </void> 
       </object> 
      </void> 
      <void property="stdev"> 
       <double>74.96414027370051</double> 
      </void> 
     </object> 
    </void> 
    <void index="7"> 
     <object class="jmbench.tools.EvaluationMetrics"> 
      <void property="max"> 
       <double>335.47777531179156</double> 
      </void> 
      <void property="mean"> 
       <double>324.26945136173265</double> 
      </void> 
      <void property="median"> 
       <double>326.3376619482693</double> 
      </void> 
      <void property="min"> 
       <double>309.60773302030316</double> 
      </void> 
      <void property="rawResults"> 
       <object class="java.util.ArrayList"> 
        <void method="add"> 
         <double>309.60773302030316</double> 
        </void> 
        <void method="add"> 
         <double>310.42184790052147</double> 
        </void> 
        <void method="add"> 
         <double>311.50847012720874</double> 
        </void> 
        <void method="add"> 
         <double>314.1315067099772</double> 
        </void> 
        <void method="add"> 
         <double>315.8817355844295</double> 
        </void> 
        <void method="add"> 
         <double>317.40047861621713</double> 
        </void> 
        <void method="add"> 
         <double>317.8616839538294</double> 
        </void> 
        <void method="add"> 
         <double>318.63853015944517</double> 
        </void> 
        <void method="add"> 
         <double>324.6452630518885</double> 
        </void> 
        <void method="add"> 
         <double>325.9964505223278</double> 
        </void> 
        <void method="add"> 
         <double>326.2318960903909</double> 
        </void> 
        <void method="add"> 
         <double>326.3376619482693</double> 
        </void> 
        <void method="add"> 
         <double>327.8888281038136</double> 
        </void> 
        <void method="add"> 
         <double>327.9941521678038</double> 
        </void> 
        <void method="add"> 
         <double>328.17263364869734</double> 
        </void> 
        <void method="add"> 
         <double>328.2255153535306</double> 
        </void> 
        <void method="add"> 
         <double>328.7367125117188</double> 
        </void> 
        <void method="add"> 
         <double>329.85683933957745</double> 
        </void> 
        <void method="add"> 
         <double>330.2323321769275</double> 
        </void> 
        <void method="add"> 
         <double>332.97030161651656</double> 
        </void> 
        <void method="add"> 
         <double>325.8219199132037</double> 
        </void> 
        <void method="add"> 
         <double>329.72325288655844</double> 
        </void> 
        <void method="add"> 
         <double>331.1434845916204</double> 
        </void> 
        <void method="add"> 
         <double>331.8292787367477</double> 
        </void> 
        <void method="add"> 
         <double>335.47777531179156</double> 
        </void> 
       </object> 
      </void> 
      <void property="stdev"> 
       <double>7.365804831220593</double> 
      </void> 
     </object> 
    </void> 
    <void index="8"> 
     <object class="jmbench.tools.EvaluationMetrics"> 
      <void property="max"> 
       <double>34.2293554735892</double> 
      </void> 
      <void property="mean"> 
       <double>33.047640721423804</double> 
      </void> 
      <void property="median"> 
       <double>33.348590357014594</double> 
      </void> 
      <void property="min"> 
       <double>31.349513906663674</double> 
      </void> 
      <void property="rawResults"> 
       <object class="java.util.ArrayList"> 
        <void method="add"> 
         <double>31.349513906663674</double> 
        </void> 
        <void method="add"> 
         <double>31.351565272669525</double> 
        </void> 
        <void method="add"> 
         <double>31.430996374843172</double> 
        </void> 
        <void method="add"> 
         <double>31.641744890083856</double> 
        </void> 
        <void method="add"> 
         <double>31.693218458571216</double> 
        </void> 
        <void method="add"> 
         <double>31.841751285112384</double> 
        </void> 
        <void method="add"> 
         <double>32.624582547260324</double> 
        </void> 
        <void method="add"> 
         <double>32.70300838459044</double> 
        </void> 
        <void method="add"> 
         <double>33.03671032644132</double> 
        </void> 
        <void method="add"> 
         <double>33.157707582057995</double> 
        </void> 
        <void method="add"> 
         <double>33.17739643666026</double> 
        </void> 
        <void method="add"> 
         <double>33.348590357014594</double> 
        </void> 
        <void method="add"> 
         <double>33.52931664854318</double> 
        </void> 
        <void method="add"> 
         <double>33.59557085163507</double> 
        </void> 
        <void method="add"> 
         <double>33.67568217822326</double> 
        </void> 
        <void method="add"> 
         <double>33.75479941278627</double> 
        </void> 
        <void method="add"> 
         <double>33.82674199231921</double> 
        </void> 
        <void method="add"> 
         <double>33.827441222695555</double> 
        </void> 
        <void method="add"> 
         <double>33.999434026275885</double> 
        </void> 
        <void method="add"> 
         <double>34.2293554735892</double> 
        </void> 
        <void method="add"> 
         <double>33.478828316868</double> 
        </void> 
        <void method="add"> 
         <double>33.19045979601649</double> 
        </void> 
        <void method="add"> 
         <double>33.8669747119987</double> 
        </void> 
        <void method="add"> 
         <double>33.879140367751454</double> 
        </void> 
        <void method="add"> 
         <double>33.98048721492414</double> 
        </void> 
       </object> 
      </void> 
      <void property="stdev"> 
       <double>0.9260632301568901</double> 
      </void> 
     </object> 
    </void> 
    <void index="9"> 
     <object class="jmbench.tools.EvaluationMetrics"> 
      <void property="max"> 
       <double>2.8166434955906783</double> 
      </void> 
      <void property="mean"> 
       <double>2.7043363738215587</double> 
      </void> 
      <void property="median"> 
       <double>2.7270486184172658</double> 
      </void> 
      <void property="min"> 
       <double>2.484842454041726</double> 
      </void> 
      <void property="rawResults"> 
       <object class="java.util.ArrayList"> 
        <void method="add"> 
         <double>2.484842454041726</double> 
        </void> 
        <void method="add"> 
         <double>2.577262186610114</double> 
        </void> 
        <void method="add"> 
         <double>2.602884023544162</double> 
        </void> 
        <void method="add"> 
         <double>2.645935749485703</double> 
        </void> 
        <void method="add"> 
         <double>2.654814486913106</double> 
        </void> 
        <void method="add"> 
         <double>2.683271666036073</double> 
        </void> 
        <void method="add"> 
         <double>2.697713209211099</double> 
        </void> 
        <void method="add"> 
         <double>2.7000077884424667</double> 
        </void> 
        <void method="add"> 
         <double>2.7102173057452914</double> 
        </void> 
        <void method="add"> 
         <double>2.711527730424126</double> 
        </void> 
        <void method="add"> 
         <double>2.7177434835310152</double> 
        </void> 
        <void method="add"> 
         <double>2.7270486184172658</double> 
        </void> 
        <void method="add"> 
         <double>2.729464675160967</double> 
        </void> 
        <void method="add"> 
         <double>2.736462551314176</double> 
        </void> 
        <void method="add"> 
         <double>2.7404389578060586</double> 
        </void> 
        <void method="add"> 
         <double>2.7457409025840316</double> 
        </void> 
        <void method="add"> 
         <double>2.745835097569249</double> 
        </void> 
        <void method="add"> 
         <double>2.7601956658682414</double> 
        </void> 
        <void method="add"> 
         <double>2.7624298250973633</double> 
        </void> 
        <void method="add"> 
         <double>2.8166434955906783</double> 
        </void> 
        <void method="add"> 
         <double>2.6736218717583617</double> 
        </void> 
        <void method="add"> 
         <double>2.746349893108629</double> 
        </void> 
        <void method="add"> 
         <double>2.757815966141367</double> 
        </void> 
        <void method="add"> 
         <double>2.74741304068886</double> 
        </void> 
        <void method="add"> 
         <double>2.732728700448835</double> 
        </void> 
       </object> 
      </void> 
      <void property="stdev"> 
       <double>0.0679738144481283</double> 
      </void> 
     </object> 
    </void> 
    <void index="10"> 
     <object class="jmbench.tools.EvaluationMetrics"> 
      <void property="max"> 
       <double>0.3432178412733835</double> 
      </void> 
      <void property="mean"> 
       <double>0.3159798949751673</double> 
      </void> 
      <void property="median"> 
       <double>0.31332833574220054</double> 
      </void> 
      <void property="min"> 
       <double>0.2903866632957925</double> 
      </void> 
      <void property="rawResults"> 
       <object class="java.util.ArrayList"> 
        <void method="add"> 
         <double>0.2903866632957925</double> 
        </void> 
        <void method="add"> 
         <double>0.2967065038951916</double> 
        </void> 
        <void method="add"> 
         <double>0.3022652870834433</double> 
        </void> 
        <void method="add"> 
         <double>0.3031148095102821</double> 
        </void> 
        <void method="add"> 
         <double>0.30444172086415816</double> 
        </void> 
        <void method="add"> 
         <double>0.3053596774248035</double> 
        </void> 
        <void method="add"> 
         <double>0.30547064861415535</double> 
        </void> 
        <void method="add"> 
         <double>0.30754235675777025</double> 
        </void> 
        <void method="add"> 
         <double>0.31275927558244965</double> 
        </void> 
        <void method="add"> 
         <double>0.3129215252432499</double> 
        </void> 
        <void method="add"> 
         <double>0.3133261005178066</double> 
        </void> 
        <void method="add"> 
         <double>0.31388929974033714</double> 
        </void> 
        <void method="add"> 
         <double>0.3204130703784009</double> 
        </void> 
        <void method="add"> 
         <double>0.32173106477966934</double> 
        </void> 
        <void method="add"> 
         <double>0.3231153106323306</double> 
        </void> 
        <void method="add"> 
         <double>0.3252553665099376</double> 
        </void> 
        <void method="add"> 
         <double>0.33064374031818405</double> 
        </void> 
        <void method="add"> 
         <double>0.33637270130825914</double> 
        </void> 
        <void method="add"> 
         <double>0.337394879168033</double> 
        </void> 
        <void method="add"> 
         <double>0.3432178412733835</double> 
        </void> 
        <void method="add"> 
         <double>0.3089449818721249</double> 
        </void> 
        <void method="add"> 
         <double>0.3309309744514348</double> 
        </void> 
        <void method="add"> 
         <double>0.3195848476244806</double> 
        </void> 
        <void method="add"> 
         <double>0.31332833574220054</double> 
        </void> 
        <void method="add"> 
         <double>0.32038039179130373</double> 
        </void> 
       </object> 
      </void> 
      <void property="stdev"> 
       <double>0.012918618087448984</double> 
      </void> 
     </object> 
    </void> 
    <void index="11"> 
     <object class="jmbench.tools.EvaluationMetrics"> 
      <void property="max"> 
       <double>0.045536896122384235</double> 
      </void> 
      <void property="mean"> 
       <double>0.0431612880874455</double> 
      </void> 
      <void property="median"> 
       <double>0.04239129466860334</double> 
      </void> 
      <void property="min"> 
       <double>0.04155567347134891</double> 
      </void> 
      <void property="rawResults"> 
       <object class="java.util.ArrayList"> 
        <void method="add"> 
         <double>0.04155567347134891</double> 
        </void> 
        <void method="add"> 
         <double>0.04239129466860334</double> 
        </void> 
        <void method="add"> 
         <double>0.045536896122384235</double> 
        </void> 
       </object> 
      </void> 
      <void property="stdev"> 
       <double>0.0017140985673864367</double> 
      </void> 
     </object> 
    </void> 
   </array> 
  </void> 
  <void property="opName"> 
   <string>Mult c=a^t * b</string> 
  </void> 
 </object> 
</java> 
