<?xml version="1.0" encoding="UTF-8"?> 
<java version="1.6.0_16" class="java.beans.XMLDecoder"> 
 <object class="jmbench.tools.runtime.OperationResults"> 
  <void property="library"> 
   <object class="jmbench.impl.MatrixLibrary" method="valueOf"> 
    <string>OJALGO</string> 
   </object> 
  </void> 
  <void property="matDimen"> 
   <array class="int" length="12"> 
    <void index="0"> 
     <int>2</int> 
    </void> 
    <void index="1"> 
     <int>3</int> 
    </void> 
    <void index="2"> 
     <int>4</int> 
    </void> 
    <void index="3"> 
     <int>5</int> 
    </void> 
    <void index="4"> 
     <int>10</int> 
    </void> 
    <void index="5"> 
     <int>20</int> 
    </void> 
    <void index="6"> 
     <int>50</int> 
    </void> 
    <void index="7"> 
     <int>100</int> 
    </void> 
    <void index="8"> 
     <int>200</int> 
    </void> 
    <void index="9"> 
     <int>500</int> 
    </void> 
    <void index="10"> 
     <int>1000</int> 
    </void> 
    <void index="11"> 
     <int>2000</int> 
    </void> 
   </array> 
  </void> 
  <void property="metrics"> 
   <array class="jmbench.tools.EvaluationMetrics" length="12"> 
    <void index="0"> 
     <object class="jmbench.tools.EvaluationMetrics"> 
      <void property="max"> 
       <double>6.206818713338019E7</double> 
      </void> 
      <void property="mean"> 
       <double>6.10556434424643E7</double> 
      </void> 
      <void property="median"> 
       <double>6.195981744403011E7</double> 
      </void> 
      <void property="min"> 
       <double>5.782222265337734E7</double> 
      </void> 
      <void property="rawResults"> 
       <object class="java.util.ArrayList"> 
        <void method="add"> 
         <double>5.782222265337734E7</double> 
        </void> 
        <void method="add"> 
         <double>5.826082305392903E7</double> 
        </void> 
        <void method="add"> 
         <double>5.905309253669875E7</double> 
        </void> 
        <void method="add"> 
         <double>5.9057626911866605E7</double> 
        </void> 
        <void method="add"> 
         <double>5.9075112084402025E7</double> 
        </void> 
        <void method="add"> 
         <double>6.002925312457789E7</double> 
        </void> 
        <void method="add"> 
         <double>6.0969036772742435E7</double> 
        </void> 
        <void method="add"> 
         <double>6.1689315371755235E7</double> 
        </void> 
        <void method="add"> 
         <double>6.1783390962165E7</double> 
        </void> 
        <void method="add"> 
         <double>6.1957525067459874E7</double> 
        </void> 
        <void method="add"> 
         <double>6.195981744403011E7</double> 
        </void> 
        <void method="add"> 
         <double>6.197378653191144E7</double> 
        </void> 
        <void method="add"> 
         <double>6.1978250473524086E7</double> 
        </void> 
        <void method="add"> 
         <double>6.198067505483481E7</double> 
        </void> 
        <void method="add"> 
         <double>6.198875972140992E7</double> 
        </void> 
        <void method="add"> 
         <double>6.199098595775224E7</double> 
        </void> 
        <void method="add"> 
         <double>6.1991531214204095E7</double> 
        </void> 
        <void method="add"> 
         <double>6.200248757699372E7</double> 
        </void> 
        <void method="add"> 
         <double>6.203775062445991E7</double> 
        </void> 
        <void method="add"> 
         <double>6.206818713338019E7</double> 
        </void> 
        <void method="add"> 
         <double>6.20221856899364E7</double> 
        </void> 
        <void method="add"> 
         <double>6.196002336735623E7</double> 
        </void> 
        <void method="add"> 
         <double>6.1713840922130354E7</double> 
        </void> 
        <void method="add"> 
         <double>5.904552646211934E7</double> 
        </void> 
        <void method="add"> 
         <double>6.1979879348590575E7</double> 
        </void> 
       </object> 
      </void> 
      <void property="stdev"> 
       <double>1399308.5266624792</double> 
      </void> 
     </object> 
    </void> 
    <void index="1"> 
     <object class="jmbench.tools.EvaluationMetrics"> 
      <void property="max"> 
       <double>4.5026017889792316E7</double> 
      </void> 
      <void property="mean"> 
       <double>4.420148893754859E7</double> 
      </void> 
      <void property="median"> 
       <double>4.4286272933299296E7</double> 
      </void> 
      <void property="min"> 
       <double>4.1010711299990706E7</double> 
      </void> 
      <void property="rawResults"> 
       <object class="java.util.ArrayList"> 
        <void method="add"> 
         <double>4.381880477337227E7</double> 
        </void> 
        <void method="add"> 
         <double>4.3972084124203995E7</double> 
        </void> 
        <void method="add"> 
         <double>4.408822719385919E7</double> 
        </void> 
        <void method="add"> 
         <double>4.413676625264637E7</double> 
        </void> 
        <void method="add"> 
         <double>4.415407665552356E7</double> 
        </void> 
        <void method="add"> 
         <double>4.418479644701687E7</double> 
        </void> 
        <void method="add"> 
         <double>4.426178231696076E7</double> 
        </void> 
        <void method="add"> 
         <double>4.42753377150035E7</double> 
        </void> 
        <void method="add"> 
         <double>4.4286272933299296E7</double> 
        </void> 
        <void method="add"> 
         <double>4.434490888015632E7</double> 
        </void> 
        <void method="add"> 
         <double>4.434838549735747E7</double> 
        </void> 
        <void method="add"> 
         <double>4.4408684444870405E7</double> 
        </void> 
        <void method="add"> 
         <double>4.4491697967956886E7</double> 
        </void> 
        <void method="add"> 
         <double>4.451081279519332E7</double> 
        </void> 
        <void method="add"> 
         <double>4.46328649101042E7</double> 
        </void> 
        <void method="add"> 
         <double>4.465441379357261E7</double> 
        </void> 
        <void method="add"> 
         <double>4.46751114121643E7</double> 
        </void> 
        <void method="add"> 
         <double>4.470187380860341E7</double> 
        </void> 
        <void method="add"> 
         <double>4.4721286036352985E7</double> 
        </void> 
        <void method="add"> 
         <double>4.5026017889792316E7</double> 
        </void> 
        <void method="add"> 
         <double>4.413105897119936E7</double> 
        </void> 
        <void method="add"> 
         <double>4.454991670804013E7</double> 
        </void> 
        <void method="add"> 
         <double>4.404161157677725E7</double> 
        </void> 
        <void method="add"> 
         <double>4.3609719034697555E7</double> 
        </void> 
        <void method="add"> 
         <double>4.1010711299990706E7</double> 
        </void> 
       </object> 
      </void> 
      <void property="stdev"> 
       <double>721083.0257063454</double> 
      </void> 
     </object> 
    </void> 
    <void index="2"> 
     <object class="jmbench.tools.EvaluationMetrics"> 
      <void property="max"> 
       <double>3.6246076331891835E7</double> 
      </void> 
      <void property="mean"> 
       <double>3.605212081176937E7</double> 
      </void> 
      <void property="median"> 
       <double>3.607961262567795E7</double> 
      </void> 
      <void property="min"> 
       <double>3.581075833706849E7</double> 
      </void> 
      <void property="rawResults"> 
       <object class="java.util.ArrayList"> 
        <void method="add"> 
         <double>3.581075833706849E7</double> 
        </void> 
        <void method="add"> 
         <double>3.588754671703546E7</double> 
        </void> 
        <void method="add"> 
         <double>3.593913189207786E7</double> 
        </void> 
        <void method="add"> 
         <double>3.597494243320653E7</double> 
        </void> 
        <void method="add"> 
         <double>3.5985191814868964E7</double> 
        </void> 
        <void method="add"> 
         <double>3.602100071979283E7</double> 
        </void> 
        <void method="add"> 
         <double>3.6049492209106326E7</double> 
        </void> 
        <void method="add"> 
         <double>3.607792595127006E7</double> 
        </void> 
        <void method="add"> 
         <double>3.607961262567795E7</double> 
        </void> 
        <void method="add"> 
         <double>3.6094693541229405E7</double> 
        </void> 
        <void method="add"> 
         <double>3.6100216414850034E7</double> 
        </void> 
        <void method="add"> 
         <double>3.610293090965336E7</double> 
        </void> 
        <void method="add"> 
         <double>3.610998588955848E7</double> 
        </void> 
        <void method="add"> 
         <double>3.6116217374922566E7</double> 
        </void> 
        <void method="add"> 
         <double>3.611734820516326E7</double> 
        </void> 
        <void method="add"> 
         <double>3.61480805894695E7</double> 
        </void> 
        <void method="add"> 
         <double>3.61499434685036E7</double> 
        </void> 
        <void method="add"> 
         <double>3.614997199841008E7</double> 
        </void> 
        <void method="add"> 
         <double>3.617369600839993E7</double> 
        </void> 
        <void method="add"> 
         <double>3.6246076331891835E7</double> 
        </void> 
        <void method="add"> 
         <double>3.6043417800774574E7</double> 
        </void> 
        <void method="add"> 
         <double>3.592819645361424E7</double> 
        </void> 
        <void method="add"> 
         <double>3.586484742702624E7</double> 
        </void> 
        <void method="add"> 
         <double>3.598752155828349E7</double> 
        </void> 
        <void method="add"> 
         <double>3.614427362237933E7</double> 
        </void> 
       </object> 
      </void> 
      <void property="stdev"> 
       <double>104552.35470319132</double> 
      </void> 
     </object> 
    </void> 
    <void index="3"> 
     <object class="jmbench.tools.EvaluationMetrics"> 
      <void property="max"> 
       <double>3.092623709530925E7</double> 
      </void> 
      <void property="mean"> 
       <double>3.0336733402981557E7</double> 
      </void> 
      <void property="median"> 
       <double>3.0794385796573497E7</double> 
      </void> 
      <void property="min"> 
       <double>2.8623527643109336E7</double> 
      </void> 
      <void property="rawResults"> 
       <object class="java.util.ArrayList"> 
        <void method="add"> 
         <double>2.8623527643109336E7</double> 
        </void> 
        <void method="add"> 
         <double>2.862453269419478E7</double> 
        </void> 
        <void method="add"> 
         <double>2.8625143456679724E7</double> 
        </void> 
        <void method="add"> 
         <double>2.8628366067226302E7</double> 
        </void> 
        <void method="add"> 
         <double>3.027559815694105E7</double> 
        </void> 
        <void method="add"> 
         <double>3.0630490530091316E7</double> 
        </void> 
        <void method="add"> 
         <double>3.0731943764893748E7</double> 
        </void> 
        <void method="add"> 
         <double>3.0740679515478544E7</double> 
        </void> 
        <void method="add"> 
         <double>3.0794385796573497E7</double> 
        </void> 
        <void method="add"> 
         <double>3.0799304053404115E7</double> 
        </void> 
        <void method="add"> 
         <double>3.0823290872876998E7</double> 
        </void> 
        <void method="add"> 
         <double>3.0835796303011704E7</double> 
        </void> 
        <void method="add"> 
         <double>3.0843476489953432E7</double> 
        </void> 
        <void method="add"> 
         <double>3.084396362297679E7</double> 
        </void> 
        <void method="add"> 
         <double>3.086307763794437E7</double> 
        </void> 
        <void method="add"> 
         <double>3.0863573873451374E7</double> 
        </void> 
        <void method="add"> 
         <double>3.0864462493601106E7</double> 
        </void> 
        <void method="add"> 
         <double>3.0877219487678524E7</double> 
        </void> 
        <void method="add"> 
         <double>3.0908745648144975E7</double> 
        </void> 
        <void method="add"> 
         <double>3.0914646047677692E7</double> 
        </void> 
        <void method="add"> 
         <double>3.0398417577033162E7</double> 
        </void> 
        <void method="add"> 
         <double>3.092623709530925E7</double> 
        </void> 
        <void method="add"> 
         <double>2.8626786958918188E7</double> 
        </void> 
        <void method="add"> 
         <double>3.068294949836434E7</double> 
        </void> 
        <void method="add"> 
         <double>3.067171978900469E7</double> 
        </void> 
       </object> 
      </void> 
      <void property="stdev"> 
       <double>868128.3393136936</double> 
      </void> 
     </object> 
    </void> 
    <void index="4"> 
     <object class="jmbench.tools.EvaluationMetrics"> 
      <void property="max"> 
       <double>9704594.835872572</double> 
      </void> 
      <void property="mean"> 
       <double>9469564.03635364</double> 
      </void> 
      <void property="median"> 
       <double>9524712.74101841</double> 
      </void> 
      <void property="min"> 
       <double>8999453.43391525</double> 
      </void> 
      <void property="rawResults"> 
       <object class="java.util.ArrayList"> 
        <void method="add"> 
         <double>8999453.43391525</double> 
        </void> 
        <void method="add"> 
         <double>9109923.308962846</double> 
        </void> 
        <void method="add"> 
         <double>9127257.035134528</double> 
        </void> 
        <void method="add"> 
         <double>9270686.770451944</double> 
        </void> 
        <void method="add"> 
         <double>9373164.952078696</double> 
        </void> 
        <void method="add"> 
         <double>9380408.880051486</double> 
        </void> 
        <void method="add"> 
         <double>9391925.504547153</double> 
        </void> 
        <void method="add"> 
         <double>9450149.894304724</double> 
        </void> 
        <void method="add"> 
         <double>9502606.780746512</double> 
        </void> 
        <void method="add"> 
         <double>9511848.890205419</double> 
        </void> 
        <void method="add"> 
         <double>9515590.69998004</double> 
        </void> 
        <void method="add"> 
         <double>9524712.74101841</double> 
        </void> 
        <void method="add"> 
         <double>9543858.941283943</double> 
        </void> 
        <void method="add"> 
         <double>9547068.301639667</double> 
        </void> 
        <void method="add"> 
         <double>9577479.438705573</double> 
        </void> 
        <void method="add"> 
         <double>9588147.016067857</double> 
        </void> 
        <void method="add"> 
         <double>9633326.733594118</double> 
        </void> 
        <void method="add"> 
         <double>9640497.210034462</double> 
        </void> 
        <void method="add"> 
         <double>9701070.63668773</double> 
        </void> 
        <void method="add"> 
         <double>9704594.835872572</double> 
        </void> 
        <void method="add"> 
         <double>9274703.004810229</double> 
        </void> 
        <void method="add"> 
         <double>9572836.82453577</double> 
        </void> 
        <void method="add"> 
         <double>9601989.090171248</double> 
        </void> 
        <void method="add"> 
         <double>9555097.780158121</double> 
        </void> 
        <void method="add"> 
         <double>9640702.203882748</double> 
        </void> 
       </object> 
      </void> 
      <void property="stdev"> 
       <double>183699.71759880247</double> 
      </void> 
     </object> 
    </void> 
    <void index="5"> 
     <object class="jmbench.tools.EvaluationMetrics"> 
      <void property="max"> 
       <double>2641037.80455486</double> 
      </void> 
      <void property="mean"> 
       <double>2608374.3331281296</double> 
      </void> 
      <void property="median"> 
       <double>2616473.445657081</double> 
      </void> 
      <void property="min"> 
       <double>2560704.791082727</double> 
      </void> 
      <void property="rawResults"> 
       <object class="java.util.ArrayList"> 
        <void method="add"> 
         <double>2570701.0369680757</double> 
        </void> 
        <void method="add"> 
         <double>2583968.705770365</double> 
        </void> 
        <void method="add"> 
         <double>2587577.1993684904</double> 
        </void> 
        <void method="add"> 
         <double>2592713.7112716916</double> 
        </void> 
        <void method="add"> 
         <double>2596525.592163768</double> 
        </void> 
        <void method="add"> 
         <double>2597670.993040479</double> 
        </void> 
        <void method="add"> 
         <double>2598017.3267069664</double> 
        </void> 
        <void method="add"> 
         <double>2599630.594983284</double> 
        </void> 
        <void method="add"> 
         <double>2602621.127602664</double> 
        </void> 
        <void method="add"> 
         <double>2603633.169554681</double> 
        </void> 
        <void method="add"> 
         <double>2616473.445657081</double> 
        </void> 
        <void method="add"> 
         <double>2617028.403529738</double> 
        </void> 
        <void method="add"> 
         <double>2619196.6689121886</double> 
        </void> 
        <void method="add"> 
         <double>2619568.3360362854</double> 
        </void> 
        <void method="add"> 
         <double>2620587.3397579556</double> 
        </void> 
        <void method="add"> 
         <double>2620850.6404048284</double> 
        </void> 
        <void method="add"> 
         <double>2622002.5676441086</double> 
        </void> 
        <void method="add"> 
         <double>2627572.065742312</double> 
        </void> 
        <void method="add"> 
         <double>2634004.153838538</double> 
        </void> 
        <void method="add"> 
         <double>2641037.80455486</double> 
        </void> 
        <void method="add"> 
         <double>2625843.47993556</double> 
        </void> 
        <void method="add"> 
         <double>2560704.791082727</double> 
        </void> 
        <void method="add"> 
         <double>2602741.528796649</double> 
        </void> 
        <void method="add"> 
         <double>2623571.2931925515</double> 
        </void> 
        <void method="add"> 
         <double>2625116.3516873904</double> 
        </void> 
       </object> 
      </void> 
      <void property="stdev"> 
       <double>19259.566770236772</double> 
      </void> 
     </object> 
    </void> 
    <void index="6"> 
     <object class="jmbench.tools.EvaluationMetrics"> 
      <void property="max"> 
       <double>293641.0786821237</double> 
      </void> 
      <void property="mean"> 
       <double>291119.0308426346</double> 
      </void> 
      <void property="median"> 
       <double>291507.5276614822</double> 
      </void> 
      <void property="min"> 
       <double>288227.76525373146</double> 
      </void> 
      <void property="rawResults"> 
       <object class="java.util.ArrayList"> 
        <void method="add"> 
         <double>288738.36386016227</double> 
        </void> 
        <void method="add"> 
         <double>288956.90324261505</double> 
        </void> 
        <void method="add"> 
         <double>289154.7538505344</double> 
        </void> 
        <void method="add"> 
         <double>289349.30156110524</double> 
        </void> 
        <void method="add"> 
         <double>290056.5043171127</double> 
        </void> 
        <void method="add"> 
         <double>290059.2997938915</double> 
        </void> 
        <void method="add"> 
         <double>290363.85408714635</double> 
        </void> 
        <void method="add"> 
         <double>290707.5646580305</double> 
        </void> 
        <void method="add"> 
         <double>290771.4378940905</double> 
        </void> 
        <void method="add"> 
         <double>291507.5276614822</double> 
        </void> 
        <void method="add"> 
         <double>291507.99101819133</double> 
        </void> 
        <void method="add"> 
         <double>291600.66509103327</double> 
        </void> 
        <void method="add"> 
         <double>291854.6026373733</double> 
        </void> 
        <void method="add"> 
         <double>291910.04447485413</double> 
        </void> 
        <void method="add"> 
         <double>291946.0288125226</double> 
        </void> 
        <void method="add"> 
         <double>292212.13900691137</double> 
        </void> 
        <void method="add"> 
         <double>292736.79139637965</double> 
        </void> 
        <void method="add"> 
         <double>293379.4482788333</double> 
        </void> 
        <void method="add"> 
         <double>293459.8693600161</double> 
        </void> 
        <void method="add"> 
         <double>293641.0786821237</double> 
        </void> 
        <void method="add"> 
         <double>290315.7343445306</double> 
        </void> 
        <void method="add"> 
         <double>290756.14267511433</double> 
        </void> 
        <void method="add"> 
         <double>291902.4406865914</double> 
        </void> 
        <void method="add"> 
         <double>288227.76525373146</double> 
        </void> 
        <void method="add"> 
         <double>292859.518421486</double> 
        </void> 
       </object> 
      </void> 
      <void property="stdev"> 
       <double>1501.6148870557179</double> 
      </void> 
     </object> 
    </void> 
    <void index="7"> 
     <object class="jmbench.tools.EvaluationMetrics"> 
      <void property="max"> 
       <double>42544.088232275746</double> 
      </void> 
      <void property="mean"> 
       <double>40450.579112785505</double> 
      </void> 
      <void property="median"> 
       <double>40945.19990614152</double> 
      </void> 
      <void property="min"> 
       <double>35713.80422065662</double> 
      </void> 
      <void property="rawResults"> 
       <object class="java.util.ArrayList"> 
        <void method="add"> 
         <double>35713.80422065662</double> 
        </void> 
        <void method="add"> 
         <double>37867.20766393386</double> 
        </void> 
        <void method="add"> 
         <double>37997.943853706085</double> 
        </void> 
        <void method="add"> 
         <double>38084.889168100184</double> 
        </void> 
        <void method="add"> 
         <double>39261.27340643961</double> 
        </void> 
        <void method="add"> 
         <double>39261.70139508159</double> 
        </void> 
        <void method="add"> 
         <double>39619.64968121152</double> 
        </void> 
        <void method="add"> 
         <double>39705.86567163604</double> 
        </void> 
        <void method="add"> 
         <double>40376.51055152996</double> 
        </void> 
        <void method="add"> 
         <double>40588.25397486984</double> 
        </void> 
        <void method="add"> 
         <double>40945.19990614152</double> 
        </void> 
        <void method="add"> 
         <double>40985.885375333004</double> 
        </void> 
        <void method="add"> 
         <double>41190.63410839609</double> 
        </void> 
        <void method="add"> 
         <double>41544.03134054566</double> 
        </void> 
        <void method="add"> 
         <double>41622.27124680605</double> 
        </void> 
        <void method="add"> 
         <double>42013.8461099191</double> 
        </void> 
        <void method="add"> 
         <double>42209.62992919468</double> 
        </void> 
        <void method="add"> 
         <double>42469.891934658874</double> 
        </void> 
        <void method="add"> 
         <double>42483.466251631435</double> 
        </void> 
        <void method="add"> 
         <double>42544.088232275746</double> 
        </void> 
        <void method="add"> 
         <double>42378.18360039029</double> 
        </void> 
        <void method="add"> 
         <double>42028.49847902357</double> 
        </void> 
        <void method="add"> 
         <double>40687.92571986258</double> 
        </void> 
        <void method="add"> 
         <double>38038.26281583433</double> 
        </void> 
        <void method="add"> 
         <double>41645.563182459526</double> 
        </void> 
       </object> 
      </void> 
      <void property="stdev"> 
       <double>1790.057820162001</double> 
      </void> 
     </object> 
    </void> 
    <void index="8"> 
     <object class="jmbench.tools.EvaluationMetrics"> 
      <void property="max"> 
       <double>10540.456976281741</double> 
      </void> 
      <void property="mean"> 
       <double>10243.023791160093</double> 
      </void> 
      <void property="median"> 
       <double>10338.504634642282</double> 
      </void> 
      <void property="min"> 
       <double>9558.333673001107</double> 
      </void> 
      <void property="rawResults"> 
       <object class="java.util.ArrayList"> 
        <void method="add"> 
         <double>9558.333673001107</double> 
        </void> 
        <void method="add"> 
         <double>9809.769220204327</double> 
        </void> 
        <void method="add"> 
         <double>9849.37908698409</double> 
        </void> 
        <void method="add"> 
         <double>10032.46619554113</double> 
        </void> 
        <void method="add"> 
         <double>10250.136214069978</double> 
        </void> 
        <void method="add"> 
         <double>10268.748948395812</double> 
        </void> 
        <void method="add"> 
         <double>10302.510437405312</double> 
        </void> 
        <void method="add"> 
         <double>10313.308468892012</double> 
        </void> 
        <void method="add"> 
         <double>10337.758321662795</double> 
        </void> 
        <void method="add"> 
         <double>10338.504634642282</double> 
        </void> 
        <void method="add"> 
         <double>10350.078259302321</double> 
        </void> 
        <void method="add"> 
         <double>10358.49424821707</double> 
        </void> 
        <void method="add"> 
         <double>10416.679091690843</double> 
        </void> 
        <void method="add"> 
         <double>10434.409020119792</double> 
        </void> 
        <void method="add"> 
         <double>10458.345996901955</double> 
        </void> 
        <void method="add"> 
         <double>10462.158074170171</double> 
        </void> 
        <void method="add"> 
         <double>10488.867976899866</double> 
        </void> 
        <void method="add"> 
         <double>10491.227543667159</double> 
        </void> 
        <void method="add"> 
         <double>10510.20453364506</double> 
        </void> 
        <void method="add"> 
         <double>10540.456976281741</double> 
        </void> 
        <void method="add"> 
         <double>9562.970335465465</double> 
        </void> 
        <void method="add"> 
         <double>9968.537102291195</double> 
        </void> 
        <void method="add"> 
         <double>10402.619791371511</double> 
        </void> 
        <void method="add"> 
         <double>10207.545404283355</double> 
        </void> 
        <void method="add"> 
         <double>10362.08522389589</double> 
        </void> 
       </object> 
      </void> 
      <void property="stdev"> 
       <double>277.82457419476947</double> 
      </void> 
     </object> 
    </void> 
    <void index="9"> 
     <object class="jmbench.tools.EvaluationMetrics"> 
      <void property="max"> 
       <double>1003.1100157893777</double> 
      </void> 
      <void property="mean"> 
       <double>963.2632933536091</double> 
      </void> 
      <void property="median"> 
       <double>977.1503012162308</double> 
      </void> 
      <void property="min"> 
       <double>818.1404131367789</double> 
      </void> 
      <void property="rawResults"> 
       <object class="java.util.ArrayList"> 
        <void method="add"> 
         <double>818.1404131367789</double> 
        </void> 
        <void method="add"> 
         <double>874.7313156557786</double> 
        </void> 
        <void method="add"> 
         <double>929.9224553602987</double> 
        </void> 
        <void method="add"> 
         <double>931.6089215863419</double> 
        </void> 
        <void method="add"> 
         <double>962.741180466956</double> 
        </void> 
        <void method="add"> 
         <double>963.1356777286076</double> 
        </void> 
        <void method="add"> 
         <double>966.6534139002398</double> 
        </void> 
        <void method="add"> 
         <double>968.5009916824567</double> 
        </void> 
        <void method="add"> 
         <double>970.5745331043595</double> 
        </void> 
        <void method="add"> 
         <double>975.1222820306729</double> 
        </void> 
        <void method="add"> 
         <double>977.1503012162308</double> 
        </void> 
        <void method="add"> 
         <double>980.4922266333092</double> 
        </void> 
        <void method="add"> 
         <double>982.8657657236126</double> 
        </void> 
        <void method="add"> 
         <double>983.743876715987</double> 
        </void> 
        <void method="add"> 
         <double>984.964111884621</double> 
        </void> 
        <void method="add"> 
         <double>985.8686065611209</double> 
        </void> 
        <void method="add"> 
         <double>989.0007879494324</double> 
        </void> 
        <void method="add"> 
         <double>989.3058532505312</double> 
        </void> 
        <void method="add"> 
         <double>994.0314473086115</double> 
        </void> 
        <void method="add"> 
         <double>1002.5249661964814</double> 
        </void> 
        <void method="add"> 
         <double>947.1217726620362</double> 
        </void> 
        <void method="add"> 
         <double>919.4945171876534</double> 
        </void> 
        <void method="add"> 
         <double>984.2092599487679</double> 
        </void> 
        <void method="add"> 
         <double>996.5676401599693</double> 
        </void> 
        <void method="add"> 
         <double>1003.1100157893777</double> 
        </void> 
       </object> 
      </void> 
      <void property="stdev"> 
       <double>41.30933063511947</double> 
      </void> 
     </object> 
    </void> 
    <void index="10"> 
     <object class="jmbench.tools.EvaluationMetrics"> 
      <void property="max"> 
       <double>192.6065000287085</double> 
      </void> 
      <void property="mean"> 
       <double>189.6181587732182</double> 
      </void> 
      <void property="median"> 
       <double>189.68113614807817</double> 
      </void> 
      <void property="min"> 
       <double>184.6068307362641</double> 
      </void> 
      <void property="rawResults"> 
       <object class="java.util.ArrayList"> 
        <void method="add"> 
         <double>188.48322436043304</double> 
        </void> 
        <void method="add"> 
         <double>188.7781741684317</double> 
        </void> 
        <void method="add"> 
         <double>188.9352521103024</double> 
        </void> 
        <void method="add"> 
         <double>189.0520027374984</double> 
        </void> 
        <void method="add"> 
         <double>189.07925195916653</double> 
        </void> 
        <void method="add"> 
         <double>189.33864043231176</double> 
        </void> 
        <void method="add"> 
         <double>189.4811775937957</double> 
        </void> 
        <void method="add"> 
         <double>189.53444339555247</double> 
        </void> 
        <void method="add"> 
         <double>189.5806469102276</double> 
        </void> 
        <void method="add"> 
         <double>189.7037160378953</double> 
        </void> 
        <void method="add"> 
         <double>189.76348998213217</double> 
        </void> 
        <void method="add"> 
         <double>189.8329728165525</double> 
        </void> 
        <void method="add"> 
         <double>190.24929950233002</double> 
        </void> 
        <void method="add"> 
         <double>190.6120925653778</double> 
        </void> 
        <void method="add"> 
         <double>190.70881136967978</double> 
        </void> 
        <void method="add"> 
         <double>190.96095997572888</double> 
        </void> 
        <void method="add"> 
         <double>191.12383292998348</double> 
        </void> 
        <void method="add"> 
         <double>191.12736764496435</double> 
        </void> 
        <void method="add"> 
         <double>191.84842915146814</double> 
        </void> 
        <void method="add"> 
         <double>192.6065000287085</double> 
        </void> 
        <void method="add"> 
         <double>184.6068307362641</double> 
        </void> 
        <void method="add"> 
         <double>185.3818715957198</double> 
        </void> 
        <void method="add"> 
         <double>189.68113614807817</double> 
        </void> 
        <void method="add"> 
         <double>190.3495014810674</double> 
        </void> 
        <void method="add"> 
         <double>189.63434369678413</double> 
        </void> 
       </object> 
      </void> 
      <void property="stdev"> 
       <double>1.6694601004362322</double> 
      </void> 
     </object> 
    </void> 
    <void index="11"> 
     <object class="jmbench.tools.EvaluationMetrics"> 
      <void property="max"> 
       <double>45.59965648907307</double> 
      </void> 
      <void property="mean"> 
       <double>44.83337910948561</double> 
      </void> 
      <void property="median"> 
       <double>44.95597082648275</double> 
      </void> 
      <void property="min"> 
       <double>43.10113491517975</double> 
      </void> 
      <void property="rawResults"> 
       <object class="java.util.ArrayList"> 
        <void method="add"> 
         <double>43.10113491517975</double> 
        </void> 
        <void method="add"> 
         <double>43.494051930612585</double> 
        </void> 
        <void method="add"> 
         <double>44.15817119644388</double> 
        </void> 
        <void method="add"> 
         <double>44.356710262369546</double> 
        </void> 
        <void method="add"> 
         <double>44.5176748339186</double> 
        </void> 
        <void method="add"> 
         <double>44.60107970503637</double> 
        </void> 
        <void method="add"> 
         <double>44.66797347507228</double> 
        </void> 
        <void method="add"> 
         <double>44.84985294588379</double> 
        </void> 
        <void method="add"> 
         <double>44.85050059147521</double> 
        </void> 
        <void method="add"> 
         <double>44.95597082648275</double> 
        </void> 
        <void method="add"> 
         <double>45.04971062656252</double> 
        </void> 
        <void method="add"> 
         <double>45.165586651084695</double> 
        </void> 
        <void method="add"> 
         <double>45.215919570208285</double> 
        </void> 
        <void method="add"> 
         <double>45.23260346155163</double> 
        </void> 
        <void method="add"> 
         <double>45.25492162022685</double> 
        </void> 
        <void method="add"> 
         <double>45.28317709769862</double> 
        </void> 
        <void method="add"> 
         <double>45.359602167579034</double> 
        </void> 
        <void method="add"> 
         <double>45.38601872448298</double> 
        </void> 
        <void method="add"> 
         <double>45.464924294262175</double> 
        </void> 
        <void method="add"> 
         <double>45.59965648907307</double> 
        </void> 
        <void method="add"> 
         <double>43.974338738096854</double> 
        </void> 
        <void method="add"> 
         <double>44.90409836814254</double> 
        </void> 
        <void method="add"> 
         <double>45.08183665233847</double> 
        </void> 
        <void method="add"> 
         <double>44.90236117425317</double> 
        </void> 
        <void method="add"> 
         <double>45.40660141910475</double> 
        </void> 
       </object> 
      </void> 
      <void property="stdev"> 
       <double>0.6074024065080376</double> 
      </void> 
     </object> 
    </void> 
   </array> 
  </void> 
  <void property="opName"> 
   <string>Add c=a+b</string> 
  </void> 
 </object> 
</java> 
