<?xml version="1.0" encoding="UTF-8"?> 
<java version="1.6.0_16" class="java.beans.XMLDecoder"> 
 <object class="jmbench.tools.runtime.OperationResults"> 
  <void property="library"> 
   <object class="jmbench.impl.MatrixLibrary" method="valueOf"> 
    <string>OJALGO</string> 
   </object> 
  </void> 
  <void property="matDimen"> 
   <array class="int" length="12"> 
    <void index="0"> 
     <int>2</int> 
    </void> 
    <void index="1"> 
     <int>3</int> 
    </void> 
    <void index="2"> 
     <int>4</int> 
    </void> 
    <void index="3"> 
     <int>5</int> 
    </void> 
    <void index="4"> 
     <int>10</int> 
    </void> 
    <void index="5"> 
     <int>20</int> 
    </void> 
    <void index="6"> 
     <int>50</int> 
    </void> 
    <void index="7"> 
     <int>100</int> 
    </void> 
    <void index="8"> 
     <int>200</int> 
    </void> 
    <void index="9"> 
     <int>500</int> 
    </void> 
    <void index="10"> 
     <int>1000</int> 
    </void> 
    <void index="11"> 
     <int>2000</int> 
    </void> 
   </array> 
  </void> 
  <void property="metrics"> 
   <array class="jmbench.tools.EvaluationMetrics" length="12"> 
    <void index="0"> 
     <object class="jmbench.tools.EvaluationMetrics"> 
      <void property="max"> 
       <double>8377868.571455751</double> 
      </void> 
      <void property="mean"> 
       <double>7912548.7830479145</double> 
      </void> 
      <void property="median"> 
       <double>7949048.342021554</double> 
      </void> 
      <void property="min"> 
       <double>7401736.063396639</double> 
      </void> 
      <void property="rawResults"> 
       <object class="java.util.ArrayList"> 
        <void method="add"> 
         <double>7401736.063396639</double> 
        </void> 
        <void method="add"> 
         <double>7402099.560459608</double> 
        </void> 
        <void method="add"> 
         <double>7411952.98602178</double> 
        </void> 
        <void method="add"> 
         <double>7417033.061186336</double> 
        </void> 
        <void method="add"> 
         <double>7426333.13835432</double> 
        </void> 
        <void method="add"> 
         <double>7660584.239463523</double> 
        </void> 
        <void method="add"> 
         <double>7666254.376113274</double> 
        </void> 
        <void method="add"> 
         <double>7671309.816613029</double> 
        </void> 
        <void method="add"> 
         <double>7695782.833994404</double> 
        </void> 
        <void method="add"> 
         <double>7750085.674556563</double> 
        </void> 
        <void method="add"> 
         <double>7767736.777664826</double> 
        </void> 
        <void method="add"> 
         <double>7833556.660199353</double> 
        </void> 
        <void method="add"> 
         <double>7952666.097186351</double> 
        </void> 
        <void method="add"> 
         <double>8052693.702382521</double> 
        </void> 
        <void method="add"> 
         <double>8237692.912554862</double> 
        </void> 
        <void method="add"> 
         <double>8263049.793712571</double> 
        </void> 
        <void method="add"> 
         <double>8276606.593280003</double> 
        </void> 
        <void method="add"> 
         <double>8288118.0715192165</double> 
        </void> 
        <void method="add"> 
         <double>8345961.28286486</double> 
        </void> 
        <void method="add"> 
         <double>8377868.571455751</double> 
        </void> 
        <void method="add"> 
         <double>8317454.256510603</double> 
        </void> 
        <void method="add"> 
         <double>8338746.661392631</double> 
        </void> 
        <void method="add"> 
         <double>7976061.045331339</double> 
        </void> 
        <void method="add"> 
         <double>7949048.342021554</double> 
        </void> 
        <void method="add"> 
         <double>8333287.057961905</double> 
        </void> 
       </object> 
      </void> 
      <void property="stdev"> 
       <double>345989.5796639516</double> 
      </void> 
     </object> 
    </void> 
    <void index="1"> 
     <object class="jmbench.tools.EvaluationMetrics"> 
      <void property="max"> 
       <double>4727324.457066956</double> 
      </void> 
      <void property="mean"> 
       <double>4556901.30034653</double> 
      </void> 
      <void property="median"> 
       <double>4659396.766619737</double> 
      </void> 
      <void property="min"> 
       <double>4279299.353843967</double> 
      </void> 
      <void property="rawResults"> 
       <object class="java.util.ArrayList"> 
        <void method="add"> 
         <double>4279299.353843967</double> 
        </void> 
        <void method="add"> 
         <double>4301397.001186415</double> 
        </void> 
        <void method="add"> 
         <double>4304491.945152986</double> 
        </void> 
        <void method="add"> 
         <double>4311316.739495677</double> 
        </void> 
        <void method="add"> 
         <double>4324976.764083349</double> 
        </void> 
        <void method="add"> 
         <double>4330563.998932179</double> 
        </void> 
        <void method="add"> 
         <double>4412043.436933947</double> 
        </void> 
        <void method="add"> 
         <double>4419223.808982782</double> 
        </void> 
        <void method="add"> 
         <double>4458846.450622491</double> 
        </void> 
        <void method="add"> 
         <double>4469136.2721684985</double> 
        </void> 
        <void method="add"> 
         <double>4498727.6775878575</double> 
        </void> 
        <void method="add"> 
         <double>4629704.571364822</double> 
        </void> 
        <void method="add"> 
         <double>4659396.766619737</double> 
        </void> 
        <void method="add"> 
         <double>4692949.4327806905</double> 
        </void> 
        <void method="add"> 
         <double>4703302.08183087</double> 
        </void> 
        <void method="add"> 
         <double>4704685.002618123</double> 
        </void> 
        <void method="add"> 
         <double>4709595.78954937</double> 
        </void> 
        <void method="add"> 
         <double>4717229.983191835</double> 
        </void> 
        <void method="add"> 
         <double>4722583.930434147</double> 
        </void> 
        <void method="add"> 
         <double>4727324.457066956</double> 
        </void> 
        <void method="add"> 
         <double>4702825.054620415</double> 
        </void> 
        <void method="add"> 
         <double>4714584.42623633</double> 
        </void> 
        <void method="add"> 
         <double>4719854.632943358</double> 
        </void> 
        <void method="add"> 
         <double>4721115.438970938</double> 
        </void> 
        <void method="add"> 
         <double>4687357.491445503</double> 
        </void> 
       </object> 
      </void> 
      <void property="stdev"> 
       <double>171093.64103630354</double> 
      </void> 
     </object> 
    </void> 
    <void index="2"> 
     <object class="jmbench.tools.EvaluationMetrics"> 
      <void property="max"> 
       <double>3285631.5828640633</double> 
      </void> 
      <void property="mean"> 
       <double>3229090.199045819</double> 
      </void> 
      <void property="median"> 
       <double>3232658.2668706113</double> 
      </void> 
      <void property="min"> 
       <double>3150558.328756885</double> 
      </void> 
      <void property="rawResults"> 
       <object class="java.util.ArrayList"> 
        <void method="add"> 
         <double>3150558.328756885</double> 
        </void> 
        <void method="add"> 
         <double>3165815.4472775063</double> 
        </void> 
        <void method="add"> 
         <double>3195455.836065131</double> 
        </void> 
        <void method="add"> 
         <double>3199118.5192370554</double> 
        </void> 
        <void method="add"> 
         <double>3217773.9022058425</double> 
        </void> 
        <void method="add"> 
         <double>3221389.2065820764</double> 
        </void> 
        <void method="add"> 
         <double>3224161.2501296033</double> 
        </void> 
        <void method="add"> 
         <double>3232658.2668706113</double> 
        </void> 
        <void method="add"> 
         <double>3239661.1605194528</double> 
        </void> 
        <void method="add"> 
         <double>3242818.663488973</double> 
        </void> 
        <void method="add"> 
         <double>3245444.031631429</double> 
        </void> 
        <void method="add"> 
         <double>3250565.1669037375</double> 
        </void> 
        <void method="add"> 
         <double>3256487.7498307037</double> 
        </void> 
        <void method="add"> 
         <double>3257824.6984994537</double> 
        </void> 
        <void method="add"> 
         <double>3258180.481400146</double> 
        </void> 
        <void method="add"> 
         <double>3261680.851230753</double> 
        </void> 
        <void method="add"> 
         <double>3271130.7809873656</double> 
        </void> 
        <void method="add"> 
         <double>3276821.42207936</double> 
        </void> 
        <void method="add"> 
         <double>3280330.532803713</double> 
        </void> 
        <void method="add"> 
         <double>3285631.5828640633</double> 
        </void> 
        <void method="add"> 
         <double>3184354.2576254704</double> 
        </void> 
        <void method="add"> 
         <double>3200338.6144298613</double> 
        </void> 
        <void method="add"> 
         <double>3209221.030964733</double> 
        </void> 
        <void method="add"> 
         <double>3210266.372415635</double> 
        </void> 
        <void method="add"> 
         <double>3189566.82134592</double> 
        </void> 
       </object> 
      </void> 
      <void property="stdev"> 
       <double>35746.7741647568</double> 
      </void> 
     </object> 
    </void> 
    <void index="3"> 
     <object class="jmbench.tools.EvaluationMetrics"> 
      <void property="max"> 
       <double>2267799.577343502</double> 
      </void> 
      <void property="mean"> 
       <double>2209245.575983498</double> 
      </void> 
      <void property="median"> 
       <double>2233547.508560971</double> 
      </void> 
      <void property="min"> 
       <double>2049672.1397035096</double> 
      </void> 
      <void property="rawResults"> 
       <object class="java.util.ArrayList"> 
        <void method="add"> 
         <double>2049672.1397035096</double> 
        </void> 
        <void method="add"> 
         <double>2070129.8537152137</double> 
        </void> 
        <void method="add"> 
         <double>2070901.2264424316</double> 
        </void> 
        <void method="add"> 
         <double>2089245.696101486</double> 
        </void> 
        <void method="add"> 
         <double>2100024.7060788805</double> 
        </void> 
        <void method="add"> 
         <double>2216165.6359679545</double> 
        </void> 
        <void method="add"> 
         <double>2230798.341943667</double> 
        </void> 
        <void method="add"> 
         <double>2233506.329676019</double> 
        </void> 
        <void method="add"> 
         <double>2233547.508560971</double> 
        </void> 
        <void method="add"> 
         <double>2234443.785549518</double> 
        </void> 
        <void method="add"> 
         <double>2234871.8841011864</double> 
        </void> 
        <void method="add"> 
         <double>2248827.976487392</double> 
        </void> 
        <void method="add"> 
         <double>2254141.9320016163</double> 
        </void> 
        <void method="add"> 
         <double>2254577.421744125</double> 
        </void> 
        <void method="add"> 
         <double>2257294.2580086784</double> 
        </void> 
        <void method="add"> 
         <double>2261046.945801403</double> 
        </void> 
        <void method="add"> 
         <double>2261119.350726632</double> 
        </void> 
        <void method="add"> 
         <double>2264159.433536877</double> 
        </void> 
        <void method="add"> 
         <double>2266973.7949898415</double> 
        </void> 
        <void method="add"> 
         <double>2267799.577343502</double> 
        </void> 
        <void method="add"> 
         <double>2235223.1675232467</double> 
        </void> 
        <void method="add"> 
         <double>2225140.240135009</double> 
        </void> 
        <void method="add"> 
         <double>2229048.41022952</double> 
        </void> 
        <void method="add"> 
         <double>2226693.4937006105</double> 
        </void> 
        <void method="add"> 
         <double>2215786.2895181603</double> 
        </void> 
       </object> 
      </void> 
      <void property="stdev"> 
       <double>68711.65528775706</double> 
      </void> 
     </object> 
    </void> 
    <void index="4"> 
     <object class="jmbench.tools.EvaluationMetrics"> 
      <void property="max"> 
       <double>542788.0940196338</double> 
      </void> 
      <void property="mean"> 
       <double>529503.8006276956</double> 
      </void> 
      <void property="median"> 
       <double>530531.6156155589</double> 
      </void> 
      <void property="min"> 
       <double>506626.2781518454</double> 
      </void> 
      <void property="rawResults"> 
       <object class="java.util.ArrayList"> 
        <void method="add"> 
         <double>506626.2781518454</double> 
        </void> 
        <void method="add"> 
         <double>510453.8334104755</double> 
        </void> 
        <void method="add"> 
         <double>518543.4736155214</double> 
        </void> 
        <void method="add"> 
         <double>519632.7101263524</double> 
        </void> 
        <void method="add"> 
         <double>520480.59562039026</double> 
        </void> 
        <void method="add"> 
         <double>520983.804145041</double> 
        </void> 
        <void method="add"> 
         <double>524643.955695037</double> 
        </void> 
        <void method="add"> 
         <double>525505.4919912408</double> 
        </void> 
        <void method="add"> 
         <double>527082.1296395629</double> 
        </void> 
        <void method="add"> 
         <double>527675.0232913127</double> 
        </void> 
        <void method="add"> 
         <double>527739.1852099482</double> 
        </void> 
        <void method="add"> 
         <double>528445.4649299298</double> 
        </void> 
        <void method="add"> 
         <double>535674.1059209083</double> 
        </void> 
        <void method="add"> 
         <double>536864.952581724</double> 
        </void> 
        <void method="add"> 
         <double>537753.3070744054</double> 
        </void> 
        <void method="add"> 
         <double>538118.6418643604</double> 
        </void> 
        <void method="add"> 
         <double>539363.4982114455</double> 
        </void> 
        <void method="add"> 
         <double>539848.7703226989</double> 
        </void> 
        <void method="add"> 
         <double>542185.0631707489</double> 
        </void> 
        <void method="add"> 
         <double>542788.0940196338</double> 
        </void> 
        <void method="add"> 
         <double>533728.6885168556</double> 
        </void> 
        <void method="add"> 
         <double>533204.3922843976</double> 
        </void> 
        <void method="add"> 
         <double>537238.1924566684</double> 
        </void> 
        <void method="add"> 
         <double>530531.6156155589</double> 
        </void> 
        <void method="add"> 
         <double>532483.747826328</double> 
        </void> 
       </object> 
      </void> 
      <void property="stdev"> 
       <double>9355.757185261868</double> 
      </void> 
     </object> 
    </void> 
    <void index="5"> 
     <object class="jmbench.tools.EvaluationMetrics"> 
      <void property="max"> 
       <double>127929.54736322344</double> 
      </void> 
      <void property="mean"> 
       <double>127084.65935754606</double> 
      </void> 
      <void property="median"> 
       <double>127342.84212870953</double> 
      </void> 
      <void property="min"> 
       <double>124697.10259959374</double> 
      </void> 
      <void property="rawResults"> 
       <object class="java.util.ArrayList"> 
        <void method="add"> 
         <double>125122.35539546167</double> 
        </void> 
        <void method="add"> 
         <double>125773.18351544943</double> 
        </void> 
        <void method="add"> 
         <double>125945.4639335564</double> 
        </void> 
        <void method="add"> 
         <double>125951.98572333658</double> 
        </void> 
        <void method="add"> 
         <double>126078.20547792685</double> 
        </void> 
        <void method="add"> 
         <double>127109.86885964844</double> 
        </void> 
        <void method="add"> 
         <double>127250.33977631028</double> 
        </void> 
        <void method="add"> 
         <double>127281.35209755073</double> 
        </void> 
        <void method="add"> 
         <double>127306.67574617571</double> 
        </void> 
        <void method="add"> 
         <double>127449.09832789312</double> 
        </void> 
        <void method="add"> 
         <double>127506.72755408708</double> 
        </void> 
        <void method="add"> 
         <double>127558.87608670088</double> 
        </void> 
        <void method="add"> 
         <double>127812.91075120459</double> 
        </void> 
        <void method="add"> 
         <double>127835.164664135</double> 
        </void> 
        <void method="add"> 
         <double>127856.62706338428</double> 
        </void> 
        <void method="add"> 
         <double>127886.93770366558</double> 
        </void> 
        <void method="add"> 
         <double>127888.06637306028</double> 
        </void> 
        <void method="add"> 
         <double>127916.85729267992</double> 
        </void> 
        <void method="add"> 
         <double>127927.56967430416</double> 
        </void> 
        <void method="add"> 
         <double>127929.54736322344</double> 
        </void> 
        <void method="add"> 
         <double>126880.62734828325</double> 
        </void> 
        <void method="add"> 
         <double>127223.26832633045</double> 
        </void> 
        <void method="add"> 
         <double>127342.84212870953</double> 
        </void> 
        <void method="add"> 
         <double>127584.83015597983</double> 
        </void> 
        <void method="add"> 
         <double>124697.10259959374</double> 
        </void> 
       </object> 
      </void> 
      <void property="stdev"> 
       <double>916.292863572323</double> 
      </void> 
     </object> 
    </void> 
    <void index="6"> 
     <object class="jmbench.tools.EvaluationMetrics"> 
      <void property="max"> 
       <double>15007.311850959044</double> 
      </void> 
      <void property="mean"> 
       <double>14932.821712563706</double> 
      </void> 
      <void property="median"> 
       <double>14940.257711822745</double> 
      </void> 
      <void property="min"> 
       <double>14829.59178002478</double> 
      </void> 
      <void property="rawResults"> 
       <object class="java.util.ArrayList"> 
        <void method="add"> 
         <double>14829.59178002478</double> 
        </void> 
        <void method="add"> 
         <double>14843.793947396853</double> 
        </void> 
        <void method="add"> 
         <double>14849.984110030096</double> 
        </void> 
        <void method="add"> 
         <double>14860.77071900071</double> 
        </void> 
        <void method="add"> 
         <double>14869.029824544506</double> 
        </void> 
        <void method="add"> 
         <double>14877.832408537879</double> 
        </void> 
        <void method="add"> 
         <double>14881.499192066334</double> 
        </void> 
        <void method="add"> 
         <double>14883.3242032546</double> 
        </void> 
        <void method="add"> 
         <double>14887.106521291567</double> 
        </void> 
        <void method="add"> 
         <double>14896.195520458014</double> 
        </void> 
        <void method="add"> 
         <double>14900.280982101682</double> 
        </void> 
        <void method="add"> 
         <double>14926.815224819507</double> 
        </void> 
        <void method="add"> 
         <double>14940.257711822745</double> 
        </void> 
        <void method="add"> 
         <double>14967.086216668115</double> 
        </void> 
        <void method="add"> 
         <double>14967.43825018399</double> 
        </void> 
        <void method="add"> 
         <double>14973.867375362453</double> 
        </void> 
        <void method="add"> 
         <double>14983.693602667869</double> 
        </void> 
        <void method="add"> 
         <double>14988.642267280695</double> 
        </void> 
        <void method="add"> 
         <double>15003.170263650689</double> 
        </void> 
        <void method="add"> 
         <double>15007.311850959044</double> 
        </void> 
        <void method="add"> 
         <double>14979.33001572402</double> 
        </void> 
        <void method="add"> 
         <double>15002.011739461772</double> 
        </void> 
        <void method="add"> 
         <double>15005.963030693063</double> 
        </void> 
        <void method="add"> 
         <double>14993.040335785274</double> 
        </void> 
        <void method="add"> 
         <double>15002.505720306506</double> 
        </void> 
       </object> 
      </void> 
      <void property="stdev"> 
       <double>59.476181829487984</double> 
      </void> 
     </object> 
    </void> 
    <void index="7"> 
     <object class="jmbench.tools.EvaluationMetrics"> 
      <void property="max"> 
       <double>2430.053523918001</double> 
      </void> 
      <void property="mean"> 
       <double>2370.396612404118</double> 
      </void> 
      <void property="median"> 
       <double>2371.9555413025278</double> 
      </void> 
      <void property="min"> 
       <double>2304.13496062386</double> 
      </void> 
      <void property="rawResults"> 
       <object class="java.util.ArrayList"> 
        <void method="add"> 
         <double>2304.13496062386</double> 
        </void> 
        <void method="add"> 
         <double>2314.7531101585637</double> 
        </void> 
        <void method="add"> 
         <double>2326.4610575474317</double> 
        </void> 
        <void method="add"> 
         <double>2345.027183337669</double> 
        </void> 
        <void method="add"> 
         <double>2347.1603731388127</double> 
        </void> 
        <void method="add"> 
         <double>2348.4311027554545</double> 
        </void> 
        <void method="add"> 
         <double>2348.986630748592</double> 
        </void> 
        <void method="add"> 
         <double>2359.5238204514408</double> 
        </void> 
        <void method="add"> 
         <double>2366.9720956546207</double> 
        </void> 
        <void method="add"> 
         <double>2369.5388161917285</double> 
        </void> 
        <void method="add"> 
         <double>2371.9555413025278</double> 
        </void> 
        <void method="add"> 
         <double>2372.5462637511023</double> 
        </void> 
        <void method="add"> 
         <double>2377.273274707773</double> 
        </void> 
        <void method="add"> 
         <double>2385.487031513</double> 
        </void> 
        <void method="add"> 
         <double>2387.091068949274</double> 
        </void> 
        <void method="add"> 
         <double>2403.8512223277025</double> 
        </void> 
        <void method="add"> 
         <double>2421.624011149231</double> 
        </void> 
        <void method="add"> 
         <double>2424.802114512884</double> 
        </void> 
        <void method="add"> 
         <double>2429.163136982288</double> 
        </void> 
        <void method="add"> 
         <double>2430.053523918001</double> 
        </void> 
        <void method="add"> 
         <double>2327.994935579983</double> 
        </void> 
        <void method="add"> 
         <double>2366.61219702893</double> 
        </void> 
        <void method="add"> 
         <double>2374.9514123408558</double> 
        </void> 
        <void method="add"> 
         <double>2377.5560875667006</double> 
        </void> 
        <void method="add"> 
         <double>2377.9643378645164</double> 
        </void> 
       </object> 
      </void> 
      <void property="stdev"> 
       <double>33.40081006426052</double> 
      </void> 
     </object> 
    </void> 
    <void index="8"> 
     <object class="jmbench.tools.EvaluationMetrics"> 
      <void property="max"> 
       <double>242.17511158682436</double> 
      </void> 
      <void property="mean"> 
       <double>237.26817098071018</double> 
      </void> 
      <void property="median"> 
       <double>237.8568324113234</double> 
      </void> 
      <void property="min"> 
       <double>227.5815404758672</double> 
      </void> 
      <void property="rawResults"> 
       <object class="java.util.ArrayList"> 
        <void method="add"> 
         <double>235.20971323945363</double> 
        </void> 
        <void method="add"> 
         <double>235.70428672605487</double> 
        </void> 
        <void method="add"> 
         <double>236.11404641048713</double> 
        </void> 
        <void method="add"> 
         <double>236.68982697796466</double> 
        </void> 
        <void method="add"> 
         <double>237.2415079010181</double> 
        </void> 
        <void method="add"> 
         <double>237.5134763605497</double> 
        </void> 
        <void method="add"> 
         <double>237.6202207532509</double> 
        </void> 
        <void method="add"> 
         <double>237.8568324113234</double> 
        </void> 
        <void method="add"> 
         <double>238.24150291213817</double> 
        </void> 
        <void method="add"> 
         <double>238.2905057237335</double> 
        </void> 
        <void method="add"> 
         <double>239.40381843130277</double> 
        </void> 
        <void method="add"> 
         <double>239.45570684676522</double> 
        </void> 
        <void method="add"> 
         <double>239.66640726180339</double> 
        </void> 
        <void method="add"> 
         <double>239.77630155604348</double> 
        </void> 
        <void method="add"> 
         <double>239.84039042315354</double> 
        </void> 
        <void method="add"> 
         <double>240.0240423290241</double> 
        </void> 
        <void method="add"> 
         <double>241.23437798645267</double> 
        </void> 
        <void method="add"> 
         <double>241.37466361992563</double> 
        </void> 
        <void method="add"> 
         <double>241.82970756881184</double> 
        </void> 
        <void method="add"> 
         <double>242.17511158682436</double> 
        </void> 
        <void method="add"> 
         <double>227.5815404758672</double> 
        </void> 
        <void method="add"> 
         <double>231.54969225583034</double> 
        </void> 
        <void method="add"> 
         <double>232.2442475819972</double> 
        </void> 
        <void method="add"> 
         <double>233.20453572851412</double> 
        </void> 
        <void method="add"> 
         <double>231.86181144946417</double> 
        </void> 
       </object> 
      </void> 
      <void property="stdev"> 
       <double>3.585896204129247</double> 
      </void> 
     </object> 
    </void> 
    <void index="9"> 
     <object class="jmbench.tools.EvaluationMetrics"> 
      <void property="max"> 
       <double>15.114358745787575</double> 
      </void> 
      <void property="mean"> 
       <double>14.797292245948652</double> 
      </void> 
      <void property="median"> 
       <double>14.823507572681489</double> 
      </void> 
      <void property="min"> 
       <double>13.965170738491665</double> 
      </void> 
      <void property="rawResults"> 
       <object class="java.util.ArrayList"> 
        <void method="add"> 
         <double>13.965170738491665</double> 
        </void> 
        <void method="add"> 
         <double>14.281323983272541</double> 
        </void> 
        <void method="add"> 
         <double>14.606703842929143</double> 
        </void> 
        <void method="add"> 
         <double>14.75210892444393</double> 
        </void> 
        <void method="add"> 
         <double>14.758400962598865</double> 
        </void> 
        <void method="add"> 
         <double>14.774770987700743</double> 
        </void> 
        <void method="add"> 
         <double>14.795963354624497</double> 
        </void> 
        <void method="add"> 
         <double>14.80015153605466</double> 
        </void> 
        <void method="add"> 
         <double>14.823507572681489</double> 
        </void> 
        <void method="add"> 
         <double>14.83566104563921</double> 
        </void> 
        <void method="add"> 
         <double>14.855672392347982</double> 
        </void> 
        <void method="add"> 
         <double>14.878170823093424</double> 
        </void> 
        <void method="add"> 
         <double>14.892213267875618</double> 
        </void> 
        <void method="add"> 
         <double>14.960166974639046</double> 
        </void> 
        <void method="add"> 
         <double>14.972058361148703</double> 
        </void> 
        <void method="add"> 
         <double>14.987488052747816</double> 
        </void> 
        <void method="add"> 
         <double>15.00886914601785</double> 
        </void> 
        <void method="add"> 
         <double>15.032602427536261</double> 
        </void> 
        <void method="add"> 
         <double>15.051781930415567</double> 
        </void> 
        <void method="add"> 
         <double>15.114358745787575</double> 
        </void> 
        <void method="add"> 
         <double>14.498732718109999</double> 
        </void> 
        <void method="add"> 
         <double>14.81597033578745</double> 
        </void> 
        <void method="add"> 
         <double>14.820463624156936</double> 
        </void> 
        <void method="add"> 
         <double>14.904242986162696</double> 
        </void> 
        <void method="add"> 
         <double>14.745751414452782</double> 
        </void> 
       </object> 
      </void> 
      <void property="stdev"> 
       <double>0.24355366880976873</double> 
      </void> 
     </object> 
    </void> 
    <void index="10"> 
     <object class="jmbench.tools.EvaluationMetrics"> 
      <void property="max"> 
       <double>2.6688244895519877</double> 
      </void> 
      <void property="mean"> 
       <double>2.5706684972558866</double> 
      </void> 
      <void property="median"> 
       <double>2.598511555236096</double> 
      </void> 
      <void property="min"> 
       <double>2.178583255036564</double> 
      </void> 
      <void property="rawResults"> 
       <object class="java.util.ArrayList"> 
        <void method="add"> 
         <double>2.4218733012288705</double> 
        </void> 
        <void method="add"> 
         <double>2.460260327532188</double> 
        </void> 
        <void method="add"> 
         <double>2.485640464799867</double> 
        </void> 
        <void method="add"> 
         <double>2.5437638634434996</double> 
        </void> 
        <void method="add"> 
         <double>2.554100135754285</double> 
        </void> 
        <void method="add"> 
         <double>2.585978459072903</double> 
        </void> 
        <void method="add"> 
         <double>2.5909673856289923</double> 
        </void> 
        <void method="add"> 
         <double>2.59483685052662</double> 
        </void> 
        <void method="add"> 
         <double>2.598511555236096</double> 
        </void> 
        <void method="add"> 
         <double>2.6084692747502576</double> 
        </void> 
        <void method="add"> 
         <double>2.614920515369167</double> 
        </void> 
        <void method="add"> 
         <double>2.634101635169231</double> 
        </void> 
        <void method="add"> 
         <double>2.636077225854117</double> 
        </void> 
        <void method="add"> 
         <double>2.641001855206416</double> 
        </void> 
        <void method="add"> 
         <double>2.647640985077095</double> 
        </void> 
        <void method="add"> 
         <double>2.6500594902745394</double> 
        </void> 
        <void method="add"> 
         <double>2.6564952518443086</double> 
        </void> 
        <void method="add"> 
         <double>2.6629583852709247</double> 
        </void> 
        <void method="add"> 
         <double>2.6684331133506096</double> 
        </void> 
        <void method="add"> 
         <double>2.6688244895519877</double> 
        </void> 
        <void method="add"> 
         <double>2.178583255036564</double> 
        </void> 
        <void method="add"> 
         <double>2.4534806925802646</double> 
        </void> 
        <void method="add"> 
         <double>2.4795159047448974</double> 
        </void> 
        <void method="add"> 
         <double>2.6362428520742425</double> 
        </void> 
        <void method="add"> 
         <double>2.5939751620192264</double> 
        </void> 
       </object> 
      </void> 
      <void property="stdev"> 
       <double>0.10753967821250876</double> 
      </void> 
     </object> 
    </void> 
    <void index="11"> 
     <object class="jmbench.tools.EvaluationMetrics"> 
      <void property="max"> 
       <double>0.276861149498594</double> 
      </void> 
      <void property="mean"> 
       <double>0.264573389375208</double> 
      </void> 
      <void property="median"> 
       <double>0.2697993193703502</double> 
      </void> 
      <void property="min"> 
       <double>0.23130693368192592</double> 
      </void> 
      <void property="rawResults"> 
       <object class="java.util.ArrayList"> 
        <void method="add"> 
         <double>0.232031212946428</double> 
        </void> 
        <void method="add"> 
         <double>0.24345722464110228</double> 
        </void> 
        <void method="add"> 
         <double>0.25366552524629615</double> 
        </void> 
        <void method="add"> 
         <double>0.25626141242261924</double> 
        </void> 
        <void method="add"> 
         <double>0.2604264249940138</double> 
        </void> 
        <void method="add"> 
         <double>0.2632186620205688</double> 
        </void> 
        <void method="add"> 
         <double>0.2643732644815536</double> 
        </void> 
        <void method="add"> 
         <double>0.2648306342971816</double> 
        </void> 
        <void method="add"> 
         <double>0.2667994373790026</double> 
        </void> 
        <void method="add"> 
         <double>0.2697993193703502</double> 
        </void> 
        <void method="add"> 
         <double>0.2705685238773972</double> 
        </void> 
        <void method="add"> 
         <double>0.2710423356820449</double> 
        </void> 
        <void method="add"> 
         <double>0.27221747586553474</double> 
        </void> 
        <void method="add"> 
         <double>0.2722480659385774</double> 
        </void> 
        <void method="add"> 
         <double>0.2729883501986783</double> 
        </void> 
        <void method="add"> 
         <double>0.27390745051320187</double> 
        </void> 
        <void method="add"> 
         <double>0.2739395693802556</double> 
        </void> 
        <void method="add"> 
         <double>0.27568887710610557</double> 
        </void> 
        <void method="add"> 
         <double>0.275721362003388</double> 
        </void> 
        <void method="add"> 
         <double>0.276861149498594</double> 
        </void> 
        <void method="add"> 
         <double>0.23130693368192592</double> 
        </void> 
        <void method="add"> 
         <double>0.2575638646852827</double> 
        </void> 
        <void method="add"> 
         <double>0.26855189048223166</double> 
        </void> 
        <void method="add"> 
         <double>0.27162519517995093</double> 
        </void> 
        <void method="add"> 
         <double>0.2752405724879169</double> 
        </void> 
       </object> 
      </void> 
      <void property="stdev"> 
       <double>0.012520543031886856</double> 
      </void> 
     </object> 
    </void> 
   </array> 
  </void> 
  <void property="opName"> 
   <string>Cholesky</string> 
  </void> 
 </object> 
</java> 
