<?xml version="1.0" encoding="UTF-8"?> 
<java version="1.6.0_16" class="java.beans.XMLDecoder"> 
 <object class="jmbench.tools.runtime.OperationResults"> 
  <void property="library"> 
   <object class="jmbench.impl.MatrixLibrary" method="valueOf"> 
    <string>OJALGO</string> 
   </object> 
  </void> 
  <void property="matDimen"> 
   <array class="int" length="12"> 
    <void index="0"> 
     <int>2</int> 
    </void> 
    <void index="1"> 
     <int>3</int> 
    </void> 
    <void index="2"> 
     <int>4</int> 
    </void> 
    <void index="3"> 
     <int>5</int> 
    </void> 
    <void index="4"> 
     <int>10</int> 
    </void> 
    <void index="5"> 
     <int>20</int> 
    </void> 
    <void index="6"> 
     <int>50</int> 
    </void> 
    <void index="7"> 
     <int>100</int> 
    </void> 
    <void index="8"> 
     <int>200</int> 
    </void> 
    <void index="9"> 
     <int>500</int> 
    </void> 
    <void index="10"> 
     <int>1000</int> 
    </void> 
    <void index="11"> 
     <int>2000</int> 
    </void> 
   </array> 
  </void> 
  <void property="metrics"> 
   <array class="jmbench.tools.EvaluationMetrics" length="12"> 
    <void index="0"> 
     <object class="jmbench.tools.EvaluationMetrics"> 
      <void property="max"> 
       <double>5319050.823484118</double> 
      </void> 
      <void property="mean"> 
       <double>4750537.686485786</double> 
      </void> 
      <void property="median"> 
       <double>4598133.340525328</double> 
      </void> 
      <void property="min"> 
       <double>4183995.1590248835</double> 
      </void> 
      <void property="rawResults"> 
       <object class="java.util.ArrayList"> 
        <void method="add"> 
         <double>4219760.3433142025</double> 
        </void> 
        <void method="add"> 
         <double>4223596.289875761</double> 
        </void> 
        <void method="add"> 
         <double>4229026.886970215</double> 
        </void> 
        <void method="add"> 
         <double>4406039.639511006</double> 
        </void> 
        <void method="add"> 
         <double>4476381.277613365</double> 
        </void> 
        <void method="add"> 
         <double>4482448.696769255</double> 
        </void> 
        <void method="add"> 
         <double>4492874.650217236</double> 
        </void> 
        <void method="add"> 
         <double>4493999.809025285</double> 
        </void> 
        <void method="add"> 
         <double>4598133.340525328</double> 
        </void> 
        <void method="add"> 
         <double>4624119.183222277</double> 
        </void> 
        <void method="add"> 
         <double>4984479.531039841</double> 
        </void> 
        <void method="add"> 
         <double>4994444.87775747</double> 
        </void> 
        <void method="add"> 
         <double>4995859.898437046</double> 
        </void> 
        <void method="add"> 
         <double>5251600.44234916</double> 
        </void> 
        <void method="add"> 
         <double>5254636.811737046</double> 
        </void> 
        <void method="add"> 
         <double>5288745.688603702</double> 
        </void> 
        <void method="add"> 
         <double>5296081.884896603</double> 
        </void> 
        <void method="add"> 
         <double>5300112.385787338</double> 
        </void> 
        <void method="add"> 
         <double>5301326.928551779</double> 
        </void> 
        <void method="add"> 
         <double>5319050.823484118</double> 
        </void> 
        <void method="add"> 
         <double>4183995.1590248835</double> 
        </void> 
        <void method="add"> 
         <double>4589639.976439163</double> 
        </void> 
        <void method="add"> 
         <double>4582991.150732553</double> 
        </void> 
        <void method="add"> 
         <double>4671984.593117423</double> 
        </void> 
        <void method="add"> 
         <double>4502111.893142619</double> 
        </void> 
       </object> 
      </void> 
      <void property="stdev"> 
       <double>395311.6037534</double> 
      </void> 
     </object> 
    </void> 
    <void index="1"> 
     <object class="jmbench.tools.EvaluationMetrics"> 
      <void property="max"> 
       <double>3735998.26000203</double> 
      </void> 
      <void property="mean"> 
       <double>3311091.637942211</double> 
      </void> 
      <void property="median"> 
       <double>3306368.708951763</double> 
      </void> 
      <void property="min"> 
       <double>2749623.38507541</double> 
      </void> 
      <void property="rawResults"> 
       <object class="java.util.ArrayList"> 
        <void method="add"> 
         <double>2852164.250199989</double> 
        </void> 
        <void method="add"> 
         <double>2898280.8874539128</double> 
        </void> 
        <void method="add"> 
         <double>3110163.6025696592</double> 
        </void> 
        <void method="add"> 
         <double>3165605.0232134224</double> 
        </void> 
        <void method="add"> 
         <double>3296786.0319495928</double> 
        </void> 
        <void method="add"> 
         <double>3304460.304321116</double> 
        </void> 
        <void method="add"> 
         <double>3305014.7782058385</double> 
        </void> 
        <void method="add"> 
         <double>3306368.708951763</double> 
        </void> 
        <void method="add"> 
         <double>3315655.713988327</double> 
        </void> 
        <void method="add"> 
         <double>3355571.536042616</double> 
        </void> 
        <void method="add"> 
         <double>3363810.2017907975</double> 
        </void> 
        <void method="add"> 
         <double>3516643.2758546863</double> 
        </void> 
        <void method="add"> 
         <double>3557701.1154749566</double> 
        </void> 
        <void method="add"> 
         <double>3638279.312505033</double> 
        </void> 
        <void method="add"> 
         <double>3680312.8597802534</double> 
        </void> 
        <void method="add"> 
         <double>3694250.8077095025</double> 
        </void> 
        <void method="add"> 
         <double>3699320.415337599</double> 
        </void> 
        <void method="add"> 
         <double>3710636.684527543</double> 
        </void> 
        <void method="add"> 
         <double>3710695.647194067</double> 
        </void> 
        <void method="add"> 
         <double>3735998.26000203</double> 
        </void> 
        <void method="add"> 
         <double>2749623.38507541</double> 
        </void> 
        <void method="add"> 
         <double>3151709.5934313815</double> 
        </void> 
        <void method="add"> 
         <double>2827116.492655645</double> 
        </void> 
        <void method="add"> 
         <double>2799971.030590895</double> 
        </void> 
        <void method="add"> 
         <double>3031151.029729228</double> 
        </void> 
       </object> 
      </void> 
      <void property="stdev"> 
       <double>316606.1061741222</double> 
      </void> 
     </object> 
    </void> 
    <void index="2"> 
     <object class="jmbench.tools.EvaluationMetrics"> 
      <void property="max"> 
       <double>2400565.7701095236</double> 
      </void> 
      <void property="mean"> 
       <double>2125036.252011174</double> 
      </void> 
      <void property="median"> 
       <double>2108464.2559533836</double> 
      </void> 
      <void property="min"> 
       <double>1961868.8254776134</double> 
      </void> 
      <void property="rawResults"> 
       <object class="java.util.ArrayList"> 
        <void method="add"> 
         <double>1961868.8254776134</double> 
        </void> 
        <void method="add"> 
         <double>1962345.1100190068</double> 
        </void> 
        <void method="add"> 
         <double>1977454.0979762753</double> 
        </void> 
        <void method="add"> 
         <double>1990051.3039433395</double> 
        </void> 
        <void method="add"> 
         <double>2015727.1844497942</double> 
        </void> 
        <void method="add"> 
         <double>2063852.912113897</double> 
        </void> 
        <void method="add"> 
         <double>2086059.8206112639</double> 
        </void> 
        <void method="add"> 
         <double>2090763.592381573</double> 
        </void> 
        <void method="add"> 
         <double>2092136.7345816595</double> 
        </void> 
        <void method="add"> 
         <double>2095362.9810337028</double> 
        </void> 
        <void method="add"> 
         <double>2100683.5778185143</double> 
        </void> 
        <void method="add"> 
         <double>2108464.2559533836</double> 
        </void> 
        <void method="add"> 
         <double>2115387.473526119</double> 
        </void> 
        <void method="add"> 
         <double>2123177.2278751126</double> 
        </void> 
        <void method="add"> 
         <double>2195179.021776904</double> 
        </void> 
        <void method="add"> 
         <double>2206803.5851442027</double> 
        </void> 
        <void method="add"> 
         <double>2240974.998342102</double> 
        </void> 
        <void method="add"> 
         <double>2254369.6949197617</double> 
        </void> 
        <void method="add"> 
         <double>2347414.175468455</double> 
        </void> 
        <void method="add"> 
         <double>2400565.7701095236</double> 
        </void> 
        <void method="add"> 
         <double>2020386.1859448764</double> 
        </void> 
        <void method="add"> 
         <double>2234943.118037816</double> 
        </void> 
        <void method="add"> 
         <double>2119673.7427239968</double> 
        </void> 
        <void method="add"> 
         <double>2212696.5961379963</double> 
        </void> 
        <void method="add"> 
         <double>2109564.313912451</double> 
        </void> 
       </object> 
      </void> 
      <void property="stdev"> 
       <double>111809.32664753021</double> 
      </void> 
     </object> 
    </void> 
    <void index="3"> 
     <object class="jmbench.tools.EvaluationMetrics"> 
      <void property="max"> 
       <double>1603406.9065703705</double> 
      </void> 
      <void property="mean"> 
       <double>1481812.7971442572</double> 
      </void> 
      <void property="median"> 
       <double>1482904.0407943358</double> 
      </void> 
      <void property="min"> 
       <double>1358675.015885968</double> 
      </void> 
      <void property="rawResults"> 
       <object class="java.util.ArrayList"> 
        <void method="add"> 
         <double>1358675.015885968</double> 
        </void> 
        <void method="add"> 
         <double>1375158.8710125173</double> 
        </void> 
        <void method="add"> 
         <double>1386917.0860180457</double> 
        </void> 
        <void method="add"> 
         <double>1428337.671398574</double> 
        </void> 
        <void method="add"> 
         <double>1450613.975308539</double> 
        </void> 
        <void method="add"> 
         <double>1452102.5604994858</double> 
        </void> 
        <void method="add"> 
         <double>1455631.6809668145</double> 
        </void> 
        <void method="add"> 
         <double>1462025.5609949327</double> 
        </void> 
        <void method="add"> 
         <double>1462219.7788994173</double> 
        </void> 
        <void method="add"> 
         <double>1464711.485466233</double> 
        </void> 
        <void method="add"> 
         <double>1482904.0407943358</double> 
        </void> 
        <void method="add"> 
         <double>1484494.0288804949</double> 
        </void> 
        <void method="add"> 
         <double>1488171.0106237403</double> 
        </void> 
        <void method="add"> 
         <double>1488681.852470876</double> 
        </void> 
        <void method="add"> 
         <double>1491140.80255963</double> 
        </void> 
        <void method="add"> 
         <double>1522549.1989882926</double> 
        </void> 
        <void method="add"> 
         <double>1543297.797108368</double> 
        </void> 
        <void method="add"> 
         <double>1583561.7657902753</double> 
        </void> 
        <void method="add"> 
         <double>1601505.7704579055</double> 
        </void> 
        <void method="add"> 
         <double>1603406.9065703705</double> 
        </void> 
        <void method="add"> 
         <double>1504400.9599361124</double> 
        </void> 
        <void method="add"> 
         <double>1530025.3069109325</double> 
        </void> 
        <void method="add"> 
         <double>1406200.8451524186</double> 
        </void> 
        <void method="add"> 
         <double>1541975.486596462</double> 
        </void> 
        <void method="add"> 
         <double>1476610.4693156898</double> 
        </void> 
       </object> 
      </void> 
      <void property="stdev"> 
       <double>63023.12318756588</double> 
      </void> 
     </object> 
    </void> 
    <void index="4"> 
     <object class="jmbench.tools.EvaluationMetrics"> 
      <void property="max"> 
       <double>426787.2761174033</double> 
      </void> 
      <void property="mean"> 
       <double>401491.8291538527</double> 
      </void> 
      <void property="median"> 
       <double>402664.5564762713</double> 
      </void> 
      <void property="min"> 
       <double>384599.2119856506</double> 
      </void> 
      <void property="rawResults"> 
       <object class="java.util.ArrayList"> 
        <void method="add"> 
         <double>384599.2119856506</double> 
        </void> 
        <void method="add"> 
         <double>384726.8532912797</double> 
        </void> 
        <void method="add"> 
         <double>388620.953430942</double> 
        </void> 
        <void method="add"> 
         <double>390124.7423213567</double> 
        </void> 
        <void method="add"> 
         <double>393526.19237667456</double> 
        </void> 
        <void method="add"> 
         <double>394063.5919925854</double> 
        </void> 
        <void method="add"> 
         <double>394210.0439847295</double> 
        </void> 
        <void method="add"> 
         <double>394543.8970847683</double> 
        </void> 
        <void method="add"> 
         <double>394939.816294494</double> 
        </void> 
        <void method="add"> 
         <double>402664.5564762713</double> 
        </void> 
        <void method="add"> 
         <double>405265.561869952</double> 
        </void> 
        <void method="add"> 
         <double>406101.70223180007</double> 
        </void> 
        <void method="add"> 
         <double>407299.1632913944</double> 
        </void> 
        <void method="add"> 
         <double>407458.6065262409</double> 
        </void> 
        <void method="add"> 
         <double>409383.8965098354</double> 
        </void> 
        <void method="add"> 
         <double>412118.9732412905</double> 
        </void> 
        <void method="add"> 
         <double>412907.7038689525</double> 
        </void> 
        <void method="add"> 
         <double>417385.92986907315</double> 
        </void> 
        <void method="add"> 
         <double>417741.02455989155</double> 
        </void> 
        <void method="add"> 
         <double>426787.2761174033</double> 
        </void> 
        <void method="add"> 
         <double>385170.87990655965</double> 
        </void> 
        <void method="add"> 
         <double>389233.4884335487</double> 
        </void> 
        <void method="add"> 
         <double>418132.4423189395</double> 
        </void> 
        <void method="add"> 
         <double>386026.87515450123</double> 
        </void> 
        <void method="add"> 
         <double>414262.3457081837</double> 
        </void> 
       </object> 
      </void> 
      <void property="stdev"> 
       <double>12309.686792075205</double> 
      </void> 
     </object> 
    </void> 
    <void index="5"> 
     <object class="jmbench.tools.EvaluationMetrics"> 
      <void property="max"> 
       <double>100072.66939031874</double> 
      </void> 
      <void property="mean"> 
       <double>96335.87312651533</double> 
      </void> 
      <void property="median"> 
       <double>96191.62841943977</double> 
      </void> 
      <void property="min"> 
       <double>93313.69593747897</double> 
      </void> 
      <void property="rawResults"> 
       <object class="java.util.ArrayList"> 
        <void method="add"> 
         <double>93313.69593747897</double> 
        </void> 
        <void method="add"> 
         <double>93831.66909221585</double> 
        </void> 
        <void method="add"> 
         <double>94037.1032668854</double> 
        </void> 
        <void method="add"> 
         <double>95046.43475524952</double> 
        </void> 
        <void method="add"> 
         <double>95624.74451217258</double> 
        </void> 
        <void method="add"> 
         <double>95902.88374228402</double> 
        </void> 
        <void method="add"> 
         <double>96128.87335127336</double> 
        </void> 
        <void method="add"> 
         <double>96150.05148494305</double> 
        </void> 
        <void method="add"> 
         <double>96191.62841943977</double> 
        </void> 
        <void method="add"> 
         <double>96208.02975374651</double> 
        </void> 
        <void method="add"> 
         <double>96466.07142704703</double> 
        </void> 
        <void method="add"> 
         <double>96570.38153600473</double> 
        </void> 
        <void method="add"> 
         <double>96616.87334852641</double> 
        </void> 
        <void method="add"> 
         <double>96910.66467502603</double> 
        </void> 
        <void method="add"> 
         <double>97031.34309703954</double> 
        </void> 
        <void method="add"> 
         <double>97574.35716049338</double> 
        </void> 
        <void method="add"> 
         <double>97792.69744822336</double> 
        </void> 
        <void method="add"> 
         <double>99073.57995082064</double> 
        </void> 
        <void method="add"> 
         <double>99786.89085483798</double> 
        </void> 
        <void method="add"> 
         <double>100072.66939031874</double> 
        </void> 
        <void method="add"> 
         <double>96173.66585160191</double> 
        </void> 
        <void method="add"> 
         <double>95614.86740617268</double> 
        </void> 
        <void method="add"> 
         <double>97541.89487379255</double> 
        </void> 
        <void method="add"> 
         <double>93578.85441389761</double> 
        </void> 
        <void method="add"> 
         <double>95156.90241339194</double> 
        </void> 
       </object> 
      </void> 
      <void property="stdev"> 
       <double>1698.7104714265636</double> 
      </void> 
     </object> 
    </void> 
    <void index="6"> 
     <object class="jmbench.tools.EvaluationMetrics"> 
      <void property="max"> 
       <double>11712.067332205746</double> 
      </void> 
      <void property="mean"> 
       <double>11595.62860169585</double> 
      </void> 
      <void property="median"> 
       <double>11580.730719613768</double> 
      </void> 
      <void property="min"> 
       <double>11488.752690120065</double> 
      </void> 
      <void property="rawResults"> 
       <object class="java.util.ArrayList"> 
        <void method="add"> 
         <double>11488.752690120065</double> 
        </void> 
        <void method="add"> 
         <double>11496.207935691004</double> 
        </void> 
        <void method="add"> 
         <double>11496.560739548639</double> 
        </void> 
        <void method="add"> 
         <double>11520.748585719317</double> 
        </void> 
        <void method="add"> 
         <double>11530.965627865213</double> 
        </void> 
        <void method="add"> 
         <double>11555.55858308792</double> 
        </void> 
        <void method="add"> 
         <double>11561.088527809368</double> 
        </void> 
        <void method="add"> 
         <double>11562.155192682907</double> 
        </void> 
        <void method="add"> 
         <double>11568.00103407556</double> 
        </void> 
        <void method="add"> 
         <double>11568.96157495229</double> 
        </void> 
        <void method="add"> 
         <double>11578.413747078519</double> 
        </void> 
        <void method="add"> 
         <double>11594.086375500441</double> 
        </void> 
        <void method="add"> 
         <double>11598.344818912272</double> 
        </void> 
        <void method="add"> 
         <double>11638.001446777933</double> 
        </void> 
        <void method="add"> 
         <double>11659.343797851436</double> 
        </void> 
        <void method="add"> 
         <double>11670.801085695166</double> 
        </void> 
        <void method="add"> 
         <double>11670.968817439256</double> 
        </void> 
        <void method="add"> 
         <double>11678.954988747464</double> 
        </void> 
        <void method="add"> 
         <double>11709.783225064712</double> 
        </void> 
        <void method="add"> 
         <double>11712.067332205746</double> 
        </void> 
        <void method="add"> 
         <double>11600.584832558337</double> 
        </void> 
        <void method="add"> 
         <double>11666.297933948148</double> 
        </void> 
        <void method="add"> 
         <double>11639.960701531782</double> 
        </void> 
        <void method="add"> 
         <double>11580.730719613768</double> 
        </void> 
        <void method="add"> 
         <double>11543.374727918965</double> 
        </void> 
       </object> 
      </void> 
      <void property="stdev"> 
       <double>65.50128109225116</double> 
      </void> 
     </object> 
    </void> 
    <void index="7"> 
     <object class="jmbench.tools.EvaluationMetrics"> 
      <void property="max"> 
       <double>1759.947625773311</double> 
      </void> 
      <void property="mean"> 
       <double>1723.9229403119766</double> 
      </void> 
      <void property="median"> 
       <double>1725.269584528219</double> 
      </void> 
      <void property="min"> 
       <double>1678.0618568664624</double> 
      </void> 
      <void property="rawResults"> 
       <object class="java.util.ArrayList"> 
        <void method="add"> 
         <double>1678.0618568664624</double> 
        </void> 
        <void method="add"> 
         <double>1687.21251415072</double> 
        </void> 
        <void method="add"> 
         <double>1692.8182104537725</double> 
        </void> 
        <void method="add"> 
         <double>1694.737904226536</double> 
        </void> 
        <void method="add"> 
         <double>1696.3816363930437</double> 
        </void> 
        <void method="add"> 
         <double>1697.293298437442</double> 
        </void> 
        <void method="add"> 
         <double>1701.9738286858465</double> 
        </void> 
        <void method="add"> 
         <double>1714.1483779162681</double> 
        </void> 
        <void method="add"> 
         <double>1715.7809771389618</double> 
        </void> 
        <void method="add"> 
         <double>1723.4289871785636</double> 
        </void> 
        <void method="add"> 
         <double>1724.0779737438756</double> 
        </void> 
        <void method="add"> 
         <double>1725.269584528219</double> 
        </void> 
        <void method="add"> 
         <double>1727.5585312233552</double> 
        </void> 
        <void method="add"> 
         <double>1731.2950463840946</double> 
        </void> 
        <void method="add"> 
         <double>1737.3776794823693</double> 
        </void> 
        <void method="add"> 
         <double>1739.076108423008</double> 
        </void> 
        <void method="add"> 
         <double>1744.3574026008453</double> 
        </void> 
        <void method="add"> 
         <double>1746.3120337683051</double> 
        </void> 
        <void method="add"> 
         <double>1746.5354046195691</double> 
        </void> 
        <void method="add"> 
         <double>1746.6489652460446</double> 
        </void> 
        <void method="add"> 
         <double>1713.9485703945995</double> 
        </void> 
        <void method="add"> 
         <double>1737.764932934957</double> 
        </void> 
        <void method="add"> 
         <double>1758.6445501650733</double> 
        </void> 
        <void method="add"> 
         <double>1759.947625773311</double> 
        </void> 
        <void method="add"> 
         <double>1757.421507064185</double> 
        </void> 
       </object> 
      </void> 
      <void property="stdev"> 
       <double>23.43071847123021</double> 
      </void> 
     </object> 
    </void> 
    <void index="8"> 
     <object class="jmbench.tools.EvaluationMetrics"> 
      <void property="max"> 
       <double>122.75623030624432</double> 
      </void> 
      <void property="mean"> 
       <double>120.02842390779342</double> 
      </void> 
      <void property="median"> 
       <double>119.94561117857823</double> 
      </void> 
      <void property="min"> 
       <double>118.14525679102796</double> 
      </void> 
      <void property="rawResults"> 
       <object class="java.util.ArrayList"> 
        <void method="add"> 
         <double>118.14525679102796</double> 
        </void> 
        <void method="add"> 
         <double>118.43668280729106</double> 
        </void> 
        <void method="add"> 
         <double>118.87649685075316</double> 
        </void> 
        <void method="add"> 
         <double>119.06583782174631</double> 
        </void> 
        <void method="add"> 
         <double>119.13864688218615</double> 
        </void> 
        <void method="add"> 
         <double>119.45199715594156</double> 
        </void> 
        <void method="add"> 
         <double>119.55268757377026</double> 
        </void> 
        <void method="add"> 
         <double>119.70027692625631</double> 
        </void> 
        <void method="add"> 
         <double>119.78249342309947</double> 
        </void> 
        <void method="add"> 
         <double>119.85659808689007</double> 
        </void> 
        <void method="add"> 
         <double>119.94561117857823</double> 
        </void> 
        <void method="add"> 
         <double>120.1140661703075</double> 
        </void> 
        <void method="add"> 
         <double>120.24212387200241</double> 
        </void> 
        <void method="add"> 
         <double>120.3755713009567</double> 
        </void> 
        <void method="add"> 
         <double>120.41752660388717</double> 
        </void> 
        <void method="add"> 
         <double>120.41827883572905</double> 
        </void> 
        <void method="add"> 
         <double>120.51148424131274</double> 
        </void> 
        <void method="add"> 
         <double>121.34792420729059</double> 
        </void> 
        <void method="add"> 
         <double>122.21064029018673</double> 
        </void> 
        <void method="add"> 
         <double>122.75623030624432</double> 
        </void> 
        <void method="add"> 
         <double>118.51670636052945</double> 
        </void> 
        <void method="add"> 
         <double>119.95220900478827</double> 
        </void> 
        <void method="add"> 
         <double>119.92182036699666</double> 
        </void> 
        <void method="add"> 
         <double>121.91805507540445</double> 
        </void> 
        <void method="add"> 
         <double>120.05537556165903</double> 
        </void> 
       </object> 
      </void> 
      <void property="stdev"> 
       <double>1.1030236160674383</double> 
      </void> 
     </object> 
    </void> 
    <void index="9"> 
     <object class="jmbench.tools.EvaluationMetrics"> 
      <void property="max"> 
       <double>10.643148660718309</double> 
      </void> 
      <void property="mean"> 
       <double>10.382510465394999</double> 
      </void> 
      <void property="median"> 
       <double>10.456637532568694</double> 
      </void> 
      <void property="min"> 
       <double>10.027373425894146</double> 
      </void> 
      <void property="rawResults"> 
       <object class="java.util.ArrayList"> 
        <void method="add"> 
         <double>10.027373425894146</double> 
        </void> 
        <void method="add"> 
         <double>10.094619238356637</double> 
        </void> 
        <void method="add"> 
         <double>10.11885802899156</double> 
        </void> 
        <void method="add"> 
         <double>10.183300686919607</double> 
        </void> 
        <void method="add"> 
         <double>10.21564771636488</double> 
        </void> 
        <void method="add"> 
         <double>10.237369626152505</double> 
        </void> 
        <void method="add"> 
         <double>10.319181813777556</double> 
        </void> 
        <void method="add"> 
         <double>10.374373108425493</double> 
        </void> 
        <void method="add"> 
         <double>10.413334708028021</double> 
        </void> 
        <void method="add"> 
         <double>10.4449252521344</double> 
        </void> 
        <void method="add"> 
         <double>10.456637532568694</double> 
        </void> 
        <void method="add"> 
         <double>10.463737171818327</double> 
        </void> 
        <void method="add"> 
         <double>10.46534877105187</double> 
        </void> 
        <void method="add"> 
         <double>10.483558393103614</double> 
        </void> 
        <void method="add"> 
         <double>10.520062214399104</double> 
        </void> 
        <void method="add"> 
         <double>10.523472254363838</double> 
        </void> 
        <void method="add"> 
         <double>10.524498776304029</double> 
        </void> 
        <void method="add"> 
         <double>10.54030435092581</double> 
        </void> 
        <void method="add"> 
         <double>10.636986545487792</double> 
        </void> 
        <void method="add"> 
         <double>10.643148660718309</double> 
        </void> 
        <void method="add"> 
         <double>10.10996462416408</double> 
        </void> 
        <void method="add"> 
         <double>10.222207194185374</double> 
        </void> 
        <void method="add"> 
         <double>10.529813596898707</double> 
        </void> 
        <void method="add"> 
         <double>10.543740871610128</double> 
        </void> 
        <void method="add"> 
         <double>10.470297072230453</double> 
        </void> 
       </object> 
      </void> 
      <void property="stdev"> 
       <double>0.1763084530155401</double> 
      </void> 
     </object> 
    </void> 
    <void index="10"> 
     <object class="jmbench.tools.EvaluationMetrics"> 
      <void property="max"> 
       <double>1.4007313177308518</double> 
      </void> 
      <void property="mean"> 
       <double>1.3290764089546947</double> 
      </void> 
      <void property="median"> 
       <double>1.337478923710367</double> 
      </void> 
      <void property="min"> 
       <double>1.217580638190003</double> 
      </void> 
      <void property="rawResults"> 
       <object class="java.util.ArrayList"> 
        <void method="add"> 
         <double>1.217580638190003</double> 
        </void> 
        <void method="add"> 
         <double>1.2602420612711718</double> 
        </void> 
        <void method="add"> 
         <double>1.288911921014534</double> 
        </void> 
        <void method="add"> 
         <double>1.3079100662923864</double> 
        </void> 
        <void method="add"> 
         <double>1.309859449031766</double> 
        </void> 
        <void method="add"> 
         <double>1.3148271158199016</double> 
        </void> 
        <void method="add"> 
         <double>1.3310358270680878</double> 
        </void> 
        <void method="add"> 
         <double>1.337478923710367</double> 
        </void> 
        <void method="add"> 
         <double>1.3409059508501993</double> 
        </void> 
        <void method="add"> 
         <double>1.3464657259384596</double> 
        </void> 
        <void method="add"> 
         <double>1.3604364959191138</double> 
        </void> 
        <void method="add"> 
         <double>1.3618727273118998</double> 
        </void> 
        <void method="add"> 
         <double>1.3620024879933712</double> 
        </void> 
        <void method="add"> 
         <double>1.362455707082696</double> 
        </void> 
        <void method="add"> 
         <double>1.3665017055324185</double> 
        </void> 
        <void method="add"> 
         <double>1.3697006771496347</double> 
        </void> 
        <void method="add"> 
         <double>1.374917532996338</double> 
        </void> 
        <void method="add"> 
         <double>1.378725520364316</double> 
        </void> 
        <void method="add"> 
         <double>1.3796477248336982</double> 
        </void> 
        <void method="add"> 
         <double>1.4007313177308518</double> 
        </void> 
        <void method="add"> 
         <double>1.3118928261749827</double> 
        </void> 
        <void method="add"> 
         <double>1.3221682408731734</double> 
        </void> 
        <void method="add"> 
         <double>1.279338476385524</double> 
        </void> 
        <void method="add"> 
         <double>1.2388031742906718</double> 
        </void> 
        <void method="add"> 
         <double>1.3024979300417974</double> 
        </void> 
       </object> 
      </void> 
      <void property="stdev"> 
       <double>0.0454132040972693</double> 
      </void> 
     </object> 
    </void> 
    <void index="11"> 
     <object class="jmbench.tools.EvaluationMetrics"> 
      <void property="max"> 
       <double>0.14427236198166457</double> 
      </void> 
      <void property="mean"> 
       <double>0.14010110603781303</double> 
      </void> 
      <void property="median"> 
       <double>0.14216428049954352</double> 
      </void> 
      <void property="min"> 
       <double>0.12622665010545078</double> 
      </void> 
      <void property="rawResults"> 
       <object class="java.util.ArrayList"> 
        <void method="add"> 
         <double>0.12622665010545078</double> 
        </void> 
        <void method="add"> 
         <double>0.12884173314382047</double> 
        </void> 
        <void method="add"> 
         <double>0.1316256594271627</double> 
        </void> 
        <void method="add"> 
         <double>0.13802429449056816</double> 
        </void> 
        <void method="add"> 
         <double>0.13896596858295876</double> 
        </void> 
        <void method="add"> 
         <double>0.1397676549577728</double> 
        </void> 
        <void method="add"> 
         <double>0.1404892270402144</double> 
        </void> 
        <void method="add"> 
         <double>0.14085460169633582</double> 
        </void> 
        <void method="add"> 
         <double>0.1415743604715071</double> 
        </void> 
        <void method="add"> 
         <double>0.14216428049954352</double> 
        </void> 
        <void method="add"> 
         <double>0.14216501447448404</double> 
        </void> 
        <void method="add"> 
         <double>0.14230594815071138</double> 
        </void> 
        <void method="add"> 
         <double>0.1423642576019381</double> 
        </void> 
        <void method="add"> 
         <double>0.14261087020306032</double> 
        </void> 
        <void method="add"> 
         <double>0.14261881935307702</double> 
        </void> 
        <void method="add"> 
         <double>0.14266592571957795</double> 
        </void> 
        <void method="add"> 
         <double>0.14278087702280462</double> 
        </void> 
        <void method="add"> 
         <double>0.14295193900531128</double> 
        </void> 
        <void method="add"> 
         <double>0.1431409246889249</double> 
        </void> 
        <void method="add"> 
         <double>0.14427236198166457</double> 
        </void> 
        <void method="add"> 
         <double>0.13718506493920365</double> 
        </void> 
        <void method="add"> 
         <double>0.14017200565405707</double> 
        </void> 
        <void method="add"> 
         <double>0.14208595919570563</double> 
        </void> 
        <void method="add"> 
         <double>0.14312062740059645</double> 
        </void> 
        <void method="add"> 
         <double>0.1435526251388744</double> 
        </void> 
       </object> 
      </void> 
      <void property="stdev"> 
       <double>0.004529244464500428</double> 
      </void> 
     </object> 
    </void> 
   </array> 
  </void> 
  <void property="opName"> 
   <string>Determinant</string> 
  </void> 
 </object> 
</java> 
