<?xml version="1.0" encoding="UTF-8"?> 
<java version="1.6.0_16" class="java.beans.XMLDecoder"> 
 <object class="jmbench.tools.runtime.OperationResults"> 
  <void property="library"> 
   <object class="jmbench.impl.MatrixLibrary" method="valueOf"> 
    <string>OJALGO</string> 
   </object> 
  </void> 
  <void property="matDimen"> 
   <array class="int" length="12"> 
    <void index="0"> 
     <int>2</int> 
    </void> 
    <void index="1"> 
     <int>3</int> 
    </void> 
    <void index="2"> 
     <int>4</int> 
    </void> 
    <void index="3"> 
     <int>5</int> 
    </void> 
    <void index="4"> 
     <int>10</int> 
    </void> 
    <void index="5"> 
     <int>20</int> 
    </void> 
    <void index="6"> 
     <int>50</int> 
    </void> 
    <void index="7"> 
     <int>100</int> 
    </void> 
    <void index="8"> 
     <int>200</int> 
    </void> 
    <void index="9"> 
     <int>500</int> 
    </void> 
    <void index="10"> 
     <int>1000</int> 
    </void> 
    <void index="11"> 
     <int>2000</int> 
    </void> 
   </array> 
  </void> 
  <void property="metrics"> 
   <array class="jmbench.tools.EvaluationMetrics" length="12"> 
    <void index="0"> 
     <object class="jmbench.tools.EvaluationMetrics"> 
      <void property="max"> 
       <double>468977.14205325214</double> 
      </void> 
      <void property="mean"> 
       <double>452311.50054647354</double> 
      </void> 
      <void property="median"> 
       <double>453266.35129445157</double> 
      </void> 
      <void property="min"> 
       <double>430305.6260975484</double> 
      </void> 
      <void property="rawResults"> 
       <object class="java.util.ArrayList"> 
        <void method="add"> 
         <double>430305.6260975484</double> 
        </void> 
        <void method="add"> 
         <double>441478.3712244634</double> 
        </void> 
        <void method="add"> 
         <double>443746.9381806867</double> 
        </void> 
        <void method="add"> 
         <double>444138.3372349328</double> 
        </void> 
        <void method="add"> 
         <double>445293.0930182183</double> 
        </void> 
        <void method="add"> 
         <double>445328.8390135061</double> 
        </void> 
        <void method="add"> 
         <double>447304.52248839056</double> 
        </void> 
        <void method="add"> 
         <double>449280.8625800818</double> 
        </void> 
        <void method="add"> 
         <double>455054.61275829794</double> 
        </void> 
        <void method="add"> 
         <double>457401.8816565917</double> 
        </void> 
        <void method="add"> 
         <double>459170.66623538</double> 
        </void> 
        <void method="add"> 
         <double>461183.25459287205</double> 
        </void> 
        <void method="add"> 
         <double>461626.63005416724</double> 
        </void> 
        <void method="add"> 
         <double>463109.406623933</double> 
        </void> 
        <void method="add"> 
         <double>463474.1550387594</double> 
        </void> 
        <void method="add"> 
         <double>463557.6807655664</double> 
        </void> 
        <void method="add"> 
         <double>465349.4426121652</double> 
        </void> 
        <void method="add"> 
         <double>466633.93487548904</double> 
        </void> 
        <void method="add"> 
         <double>468843.93027628097</double> 
        </void> 
        <void method="add"> 
         <double>468977.14205325214</double> 
        </void> 
        <void method="add"> 
         <double>453266.35129445157</double> 
        </void> 
        <void method="add"> 
         <double>438635.21983530786</double> 
        </void> 
        <void method="add"> 
         <double>435006.7277587806</double> 
        </void> 
        <void method="add"> 
         <double>441332.01150942896</double> 
        </void> 
        <void method="add"> 
         <double>438287.8758832871</double> 
        </void> 
       </object> 
      </void> 
      <void property="stdev"> 
       <double>11346.333448793388</double> 
      </void> 
     </object> 
    </void> 
    <void index="1"> 
     <object class="jmbench.tools.EvaluationMetrics"> 
      <void property="max"> 
       <double>103164.82311539016</double> 
      </void> 
      <void property="mean"> 
       <double>90442.67000663167</double> 
      </void> 
      <void property="median"> 
       <double>98089.48589914205</double> 
      </void> 
      <void property="min"> 
       <double>66437.06415484904</double> 
      </void> 
      <void property="rawResults"> 
       <object class="java.util.ArrayList"> 
        <void method="add"> 
         <double>66437.06415484904</double> 
        </void> 
        <void method="add"> 
         <double>77896.37078953114</double> 
        </void> 
        <void method="add"> 
         <double>78743.32492805235</double> 
        </void> 
        <void method="add"> 
         <double>79739.73294783186</double> 
        </void> 
        <void method="add"> 
         <double>79902.77781319949</double> 
        </void> 
        <void method="add"> 
         <double>80484.82647402113</double> 
        </void> 
        <void method="add"> 
         <double>80507.41580004306</double> 
        </void> 
        <void method="add"> 
         <double>80596.16254087552</double> 
        </void> 
        <void method="add"> 
         <double>80664.21931856507</double> 
        </void> 
        <void method="add"> 
         <double>80678.390834726</double> 
        </void> 
        <void method="add"> 
         <double>80873.01089379369</double> 
        </void> 
        <void method="add"> 
         <double>99090.57187369719</double> 
        </void> 
        <void method="add"> 
         <double>100829.83787956349</double> 
        </void> 
        <void method="add"> 
         <double>101363.65436946381</double> 
        </void> 
        <void method="add"> 
         <double>101710.1865832302</double> 
        </void> 
        <void method="add"> 
         <double>101760.05965960014</double> 
        </void> 
        <void method="add"> 
         <double>102041.37016245018</double> 
        </void> 
        <void method="add"> 
         <double>102284.59031813961</double> 
        </void> 
        <void method="add"> 
         <double>102388.81332526871</double> 
        </void> 
        <void method="add"> 
         <double>103164.82311539016</double> 
        </void> 
        <void method="add"> 
         <double>101344.24285386046</double> 
        </void> 
        <void method="add"> 
         <double>98089.48589914205</double> 
        </void> 
        <void method="add"> 
         <double>100495.81803931418</double> 
        </void> 
        <void method="add"> 
         <double>99085.70614241839</double> 
        </void> 
        <void method="add"> 
         <double>80894.29344876476</double> 
        </void> 
       </object> 
      </void> 
      <void property="stdev"> 
       <double>11408.986520633254</double> 
      </void> 
     </object> 
    </void> 
    <void index="2"> 
     <object class="jmbench.tools.EvaluationMetrics"> 
      <void property="max"> 
       <double>55479.48620062261</double> 
      </void> 
      <void property="mean"> 
       <double>46968.99102133004</double> 
      </void> 
      <void property="median"> 
       <double>46878.30759417463</double> 
      </void> 
      <void property="min"> 
       <double>39879.751588102845</double> 
      </void> 
      <void property="rawResults"> 
       <object class="java.util.ArrayList"> 
        <void method="add"> 
         <double>39879.751588102845</double> 
        </void> 
        <void method="add"> 
         <double>39925.398014701794</double> 
        </void> 
        <void method="add"> 
         <double>40472.1079648187</double> 
        </void> 
        <void method="add"> 
         <double>41653.30609578086</double> 
        </void> 
        <void method="add"> 
         <double>42175.47318512868</double> 
        </void> 
        <void method="add"> 
         <double>46474.35503369811</double> 
        </void> 
        <void method="add"> 
         <double>46590.472329479715</double> 
        </void> 
        <void method="add"> 
         <double>46592.09174460384</double> 
        </void> 
        <void method="add"> 
         <double>46772.41913067011</double> 
        </void> 
        <void method="add"> 
         <double>46878.30759417463</double> 
        </void> 
        <void method="add"> 
         <double>48071.895931154184</double> 
        </void> 
        <void method="add"> 
         <double>48098.86963069985</double> 
        </void> 
        <void method="add"> 
         <double>48102.35216790688</double> 
        </void> 
        <void method="add"> 
         <double>48218.54798702702</double> 
        </void> 
        <void method="add"> 
         <double>48443.670788263844</double> 
        </void> 
        <void method="add"> 
         <double>48654.41695062672</double> 
        </void> 
        <void method="add"> 
         <double>48713.821584973564</double> 
        </void> 
        <void method="add"> 
         <double>54593.68664667531</double> 
        </void> 
        <void method="add"> 
         <double>55341.773782449985</double> 
        </void> 
        <void method="add"> 
         <double>55479.48620062261</double> 
        </void> 
        <void method="add"> 
         <double>46818.99690785609</double> 
        </void> 
        <void method="add"> 
         <double>46929.93851074112</double> 
        </void> 
        <void method="add"> 
         <double>46325.98593643162</double> 
        </void> 
        <void method="add"> 
         <double>46952.83886699095</double> 
        </void> 
        <void method="add"> 
         <double>46064.810959671646</double> 
        </void> 
       </object> 
      </void> 
      <void property="stdev"> 
       <double>4045.798655886835</double> 
      </void> 
     </object> 
    </void> 
    <void index="3"> 
     <object class="jmbench.tools.EvaluationMetrics"> 
      <void property="max"> 
       <double>34855.657953699505</double> 
      </void> 
      <void property="mean"> 
       <double>29906.113053499044</double> 
      </void> 
      <void property="median"> 
       <double>29279.844294038987</double> 
      </void> 
      <void property="min"> 
       <double>25831.66914458814</double> 
      </void> 
      <void property="rawResults"> 
       <object class="java.util.ArrayList"> 
        <void method="add"> 
         <double>25831.66914458814</double> 
        </void> 
        <void method="add"> 
         <double>26187.99724771491</double> 
        </void> 
        <void method="add"> 
         <double>27267.131890819917</double> 
        </void> 
        <void method="add"> 
         <double>27548.881115276246</double> 
        </void> 
        <void method="add"> 
         <double>28536.218090132596</double> 
        </void> 
        <void method="add"> 
         <double>28626.73936204014</double> 
        </void> 
        <void method="add"> 
         <double>28639.29790038432</double> 
        </void> 
        <void method="add"> 
         <double>28959.73221929115</double> 
        </void> 
        <void method="add"> 
         <double>29149.587596693327</double> 
        </void> 
        <void method="add"> 
         <double>29279.844294038987</double> 
        </void> 
        <void method="add"> 
         <double>30024.079980992832</double> 
        </void> 
        <void method="add"> 
         <double>30608.531544107056</double> 
        </void> 
        <void method="add"> 
         <double>31289.611897055976</double> 
        </void> 
        <void method="add"> 
         <double>31305.104762724826</double> 
        </void> 
        <void method="add"> 
         <double>31761.650449604615</double> 
        </void> 
        <void method="add"> 
         <double>31785.000759893774</double> 
        </void> 
        <void method="add"> 
         <double>32333.48243753362</double> 
        </void> 
        <void method="add"> 
         <double>32345.10870899718</double> 
        </void> 
        <void method="add"> 
         <double>34544.857586375176</double> 
        </void> 
        <void method="add"> 
         <double>34855.657953699505</double> 
        </void> 
        <void method="add"> 
         <double>27322.849238754243</double> 
        </void> 
        <void method="add"> 
         <double>32167.12885209445</double> 
        </void> 
        <void method="add"> 
         <double>31436.20808159133</double> 
        </void> 
        <void method="add"> 
         <double>28189.72493066082</double> 
        </void> 
        <void method="add"> 
         <double>27656.7302924109</double> 
        </void> 
       </object> 
      </void> 
      <void property="stdev"> 
       <double>2377.103772929052</double> 
      </void> 
     </object> 
    </void> 
    <void index="4"> 
     <object class="jmbench.tools.EvaluationMetrics"> 
      <void property="max"> 
       <double>8440.968632868327</double> 
      </void> 
      <void property="mean"> 
       <double>7648.904860935809</double> 
      </void> 
      <void property="median"> 
       <double>7648.396045809358</double> 
      </void> 
      <void property="min"> 
       <double>6795.151472564706</double> 
      </void> 
      <void property="rawResults"> 
       <object class="java.util.ArrayList"> 
        <void method="add"> 
         <double>6795.151472564706</double> 
        </void> 
        <void method="add"> 
         <double>6862.7362919829775</double> 
        </void> 
        <void method="add"> 
         <double>7197.5711628435565</double> 
        </void> 
        <void method="add"> 
         <double>7235.321459575775</double> 
        </void> 
        <void method="add"> 
         <double>7331.041852019129</double> 
        </void> 
        <void method="add"> 
         <double>7382.398523771128</double> 
        </void> 
        <void method="add"> 
         <double>7427.2250554908715</double> 
        </void> 
        <void method="add"> 
         <double>7436.279925857627</double> 
        </void> 
        <void method="add"> 
         <double>7557.79401699494</double> 
        </void> 
        <void method="add"> 
         <double>7573.535383886765</double> 
        </void> 
        <void method="add"> 
         <double>7628.4223263996555</double> 
        </void> 
        <void method="add"> 
         <double>7643.341609089333</double> 
        </void> 
        <void method="add"> 
         <double>7724.659447806613</double> 
        </void> 
        <void method="add"> 
         <double>7740.549829669259</double> 
        </void> 
        <void method="add"> 
         <double>7848.332583585837</double> 
        </void> 
        <void method="add"> 
         <double>7976.956968632721</double> 
        </void> 
        <void method="add"> 
         <double>7987.087169017111</double> 
        </void> 
        <void method="add"> 
         <double>8013.809231184799</double> 
        </void> 
        <void method="add"> 
         <double>8110.725997213655</double> 
        </void> 
        <void method="add"> 
         <double>8440.968632868327</double> 
        </void> 
        <void method="add"> 
         <double>7648.396045809358</double> 
        </void> 
        <void method="add"> 
         <double>7733.5289900214975</double> 
        </void> 
        <void method="add"> 
         <double>7798.277142203327</double> 
        </void> 
        <void method="add"> 
         <double>7919.087295750266</double> 
        </void> 
        <void method="add"> 
         <double>8209.423109155976</double> 
        </void> 
       </object> 
      </void> 
      <void property="stdev"> 
       <double>383.0875356712588</double> 
      </void> 
     </object> 
    </void> 
    <void index="5"> 
     <object class="jmbench.tools.EvaluationMetrics"> 
      <void property="max"> 
       <double>2068.0878095611884</double> 
      </void> 
      <void property="mean"> 
       <double>1952.433647339729</double> 
      </void> 
      <void property="median"> 
       <double>1954.8513761834195</double> 
      </void> 
      <void property="min"> 
       <double>1821.6341469047945</double> 
      </void> 
      <void property="rawResults"> 
       <object class="java.util.ArrayList"> 
        <void method="add"> 
         <double>1821.6341469047945</double> 
        </void> 
        <void method="add"> 
         <double>1877.0371929261291</double> 
        </void> 
        <void method="add"> 
         <double>1882.2212943011532</double> 
        </void> 
        <void method="add"> 
         <double>1910.9609282475676</double> 
        </void> 
        <void method="add"> 
         <double>1911.083345522534</double> 
        </void> 
        <void method="add"> 
         <double>1911.6807675976222</double> 
        </void> 
        <void method="add"> 
         <double>1918.8981983293884</double> 
        </void> 
        <void method="add"> 
         <double>1926.9948936616431</double> 
        </void> 
        <void method="add"> 
         <double>1943.4663856389727</double> 
        </void> 
        <void method="add"> 
         <double>1954.8513761834195</double> 
        </void> 
        <void method="add"> 
         <double>1966.0155841908095</double> 
        </void> 
        <void method="add"> 
         <double>1967.603424048774</double> 
        </void> 
        <void method="add"> 
         <double>1970.8667833233196</double> 
        </void> 
        <void method="add"> 
         <double>1990.565689175457</double> 
        </void> 
        <void method="add"> 
         <double>1996.9857259366001</double> 
        </void> 
        <void method="add"> 
         <double>2001.796187038951</double> 
        </void> 
        <void method="add"> 
         <double>2011.0423975338522</double> 
        </void> 
        <void method="add"> 
         <double>2029.3458884228426</double> 
        </void> 
        <void method="add"> 
         <double>2040.2293388187575</double> 
        </void> 
        <void method="add"> 
         <double>2068.0878095611884</double> 
        </void> 
        <void method="add"> 
         <double>1862.697991377046</double> 
        </void> 
        <void method="add"> 
         <double>1940.446908747287</double> 
        </void> 
        <void method="add"> 
         <double>2057.633370603287</double> 
        </void> 
        <void method="add"> 
         <double>1982.4727092423068</double> 
        </void> 
        <void method="add"> 
         <double>1866.2228461595198</double> 
        </void> 
       </object> 
      </void> 
      <void property="stdev"> 
       <double>63.034521491931095</double> 
      </void> 
     </object> 
    </void> 
    <void index="6"> 
     <object class="jmbench.tools.EvaluationMetrics"> 
      <void property="max"> 
       <double>318.10082867667427</double> 
      </void> 
      <void property="mean"> 
       <double>301.04383567162637</double> 
      </void> 
      <void property="median"> 
       <double>300.22110162579827</double> 
      </void> 
      <void property="min"> 
       <double>288.9076148000127</double> 
      </void> 
      <void property="rawResults"> 
       <object class="java.util.ArrayList"> 
        <void method="add"> 
         <double>288.9076148000127</double> 
        </void> 
        <void method="add"> 
         <double>291.24516010375794</double> 
        </void> 
        <void method="add"> 
         <double>291.28729771336754</double> 
        </void> 
        <void method="add"> 
         <double>292.6461536273746</double> 
        </void> 
        <void method="add"> 
         <double>296.3501790125977</double> 
        </void> 
        <void method="add"> 
         <double>297.3743956720115</double> 
        </void> 
        <void method="add"> 
         <double>297.78759943191466</double> 
        </void> 
        <void method="add"> 
         <double>299.9107203752864</double> 
        </void> 
        <void method="add"> 
         <double>299.9412230405179</double> 
        </void> 
        <void method="add"> 
         <double>300.22110162579827</double> 
        </void> 
        <void method="add"> 
         <double>301.71733947014343</double> 
        </void> 
        <void method="add"> 
         <double>302.2190654585498</double> 
        </void> 
        <void method="add"> 
         <double>303.86944095912895</double> 
        </void> 
        <void method="add"> 
         <double>303.93785082090176</double> 
        </void> 
        <void method="add"> 
         <double>304.04649752682025</double> 
        </void> 
        <void method="add"> 
         <double>304.0695852098733</double> 
        </void> 
        <void method="add"> 
         <double>306.40641697866346</double> 
        </void> 
        <void method="add"> 
         <double>307.004204246213</double> 
        </void> 
        <void method="add"> 
         <double>313.18489522805237</double> 
        </void> 
        <void method="add"> 
         <double>318.10082867667427</double> 
        </void> 
        <void method="add"> 
         <double>296.1310581441257</double> 
        </void> 
        <void method="add"> 
         <double>306.66520940555</double> 
        </void> 
        <void method="add"> 
         <double>297.7611389802699</double> 
        </void> 
        <void method="add"> 
         <double>298.1268311040005</double> 
        </void> 
        <void method="add"> 
         <double>307.18408417905425</double> 
        </void> 
       </object> 
      </void> 
      <void property="stdev"> 
       <double>6.6633494573885015</double> 
      </void> 
     </object> 
    </void> 
    <void index="7"> 
     <object class="jmbench.tools.EvaluationMetrics"> 
      <void property="max"> 
       <double>64.04064387544331</double> 
      </void> 
      <void property="mean"> 
       <double>62.7935543109565</double> 
      </void> 
      <void property="median"> 
       <double>63.00566507002848</double> 
      </void> 
      <void property="min"> 
       <double>60.96271284815852</double> 
      </void> 
      <void property="rawResults"> 
       <object class="java.util.ArrayList"> 
        <void method="add"> 
         <double>60.96271284815852</double> 
        </void> 
        <void method="add"> 
         <double>61.721943013159155</double> 
        </void> 
        <void method="add"> 
         <double>61.79051321723485</double> 
        </void> 
        <void method="add"> 
         <double>62.021320387074944</double> 
        </void> 
        <void method="add"> 
         <double>62.18670130127686</double> 
        </void> 
        <void method="add"> 
         <double>62.39507022319154</double> 
        </void> 
        <void method="add"> 
         <double>62.57366328895561</double> 
        </void> 
        <void method="add"> 
         <double>62.57879091935257</double> 
        </void> 
        <void method="add"> 
         <double>62.85672920315186</double> 
        </void> 
        <void method="add"> 
         <double>62.953672680867044</double> 
        </void> 
        <void method="add"> 
         <double>63.00566507002848</double> 
        </void> 
        <void method="add"> 
         <double>63.01633802336935</double> 
        </void> 
        <void method="add"> 
         <double>63.05399453411082</double> 
        </void> 
        <void method="add"> 
         <double>63.06514319908149</double> 
        </void> 
        <void method="add"> 
         <double>63.30616833996781</double> 
        </void> 
        <void method="add"> 
         <double>63.324213342677915</double> 
        </void> 
        <void method="add"> 
         <double>63.33645965017933</double> 
        </void> 
        <void method="add"> 
         <double>63.34887286379064</double> 
        </void> 
        <void method="add"> 
         <double>63.41344783090916</double> 
        </void> 
        <void method="add"> 
         <double>64.04064387544331</double> 
        </void> 
        <void method="add"> 
         <double>63.85869436303566</double> 
        </void> 
        <void method="add"> 
         <double>63.30146151452884</double> 
        </void> 
        <void method="add"> 
         <double>62.70187323915464</double> 
        </void> 
        <void method="add"> 
         <double>61.72988554673026</double> 
        </void> 
        <void method="add"> 
         <double>63.29487929848235</double> 
        </void> 
       </object> 
      </void> 
      <void property="stdev"> 
       <double>0.717238020324248</double> 
      </void> 
     </object> 
    </void> 
    <void index="8"> 
     <object class="jmbench.tools.EvaluationMetrics"> 
      <void property="max"> 
       <double>11.057903004213106</double> 
      </void> 
      <void property="mean"> 
       <double>10.932995517910108</double> 
      </void> 
      <void property="median"> 
       <double>10.95121983183638</double> 
      </void> 
      <void property="min"> 
       <double>10.67538227293732</double> 
      </void> 
      <void property="rawResults"> 
       <object class="java.util.ArrayList"> 
        <void method="add"> 
         <double>10.67538227293732</double> 
        </void> 
        <void method="add"> 
         <double>10.768510025575345</double> 
        </void> 
        <void method="add"> 
         <double>10.836334903967915</double> 
        </void> 
        <void method="add"> 
         <double>10.83973923823818</double> 
        </void> 
        <void method="add"> 
         <double>10.888340776706473</double> 
        </void> 
        <void method="add"> 
         <double>10.89568817169629</double> 
        </void> 
        <void method="add"> 
         <double>10.906089578476145</double> 
        </void> 
        <void method="add"> 
         <double>10.909639098036475</double> 
        </void> 
        <void method="add"> 
         <double>10.92364227310174</double> 
        </void> 
        <void method="add"> 
         <double>10.938233650429666</double> 
        </void> 
        <void method="add"> 
         <double>10.95121983183638</double> 
        </void> 
        <void method="add"> 
         <double>10.965800275147014</double> 
        </void> 
        <void method="add"> 
         <double>10.983465432559344</double> 
        </void> 
        <void method="add"> 
         <double>10.985924412515583</double> 
        </void> 
        <void method="add"> 
         <double>10.987069881459432</double> 
        </void> 
        <void method="add"> 
         <double>10.989604343476072</double> 
        </void> 
        <void method="add"> 
         <double>11.004227534440739</double> 
        </void> 
        <void method="add"> 
         <double>11.041713473493873</double> 
        </void> 
        <void method="add"> 
         <double>11.047169643146704</double> 
        </void> 
        <void method="add"> 
         <double>11.057903004213106</double> 
        </void> 
        <void method="add"> 
         <double>10.885478869619046</double> 
        </void> 
        <void method="add"> 
         <double>10.958321703676063</double> 
        </void> 
        <void method="add"> 
         <double>10.972492732451732</double> 
        </void> 
        <void method="add"> 
         <double>10.924909423123669</double> 
        </void> 
        <void method="add"> 
         <double>10.98798739742841</double> 
        </void> 
       </object> 
      </void> 
      <void property="stdev"> 
       <double>0.08536881266877686</double> 
      </void> 
     </object> 
    </void> 
    <void index="9"> 
     <object class="jmbench.tools.EvaluationMetrics"> 
      <void property="max"> 
       <double>0.7591957743806996</double> 
      </void> 
      <void property="mean"> 
       <double>0.7086155678385793</double> 
      </void> 
      <void property="median"> 
       <double>0.7045307345980092</double> 
      </void> 
      <void property="min"> 
       <double>0.6754591300202</double> 
      </void> 
      <void property="rawResults"> 
       <object class="java.util.ArrayList"> 
        <void method="add"> 
         <double>0.6754591300202</double> 
        </void> 
        <void method="add"> 
         <double>0.6812062531572334</double> 
        </void> 
        <void method="add"> 
         <double>0.6854139290272857</double> 
        </void> 
        <void method="add"> 
         <double>0.687293049848416</double> 
        </void> 
        <void method="add"> 
         <double>0.6881203273004243</double> 
        </void> 
        <void method="add"> 
         <double>0.6952569147546453</double> 
        </void> 
        <void method="add"> 
         <double>0.6986620840470393</double> 
        </void> 
        <void method="add"> 
         <double>0.7020531273888068</double> 
        </void> 
        <void method="add"> 
         <double>0.7043406392829342</double> 
        </void> 
        <void method="add"> 
         <double>0.7045307345980092</double> 
        </void> 
        <void method="add"> 
         <double>0.7089695118031311</double> 
        </void> 
        <void method="add"> 
         <double>0.7116641487581854</double> 
        </void> 
        <void method="add"> 
         <double>0.7136727302425401</double> 
        </void> 
        <void method="add"> 
         <double>0.7141670749807808</double> 
        </void> 
        <void method="add"> 
         <double>0.7154615146411463</double> 
        </void> 
        <void method="add"> 
         <double>0.7179800373179841</double> 
        </void> 
        <void method="add"> 
         <double>0.744352405142733</double> 
        </void> 
        <void method="add"> 
         <double>0.7459565655610301</double> 
        </void> 
        <void method="add"> 
         <double>0.753429262483578</double> 
        </void> 
        <void method="add"> 
         <double>0.7591957743806996</double> 
        </void> 
        <void method="add"> 
         <double>0.683241058652468</double> 
        </void> 
        <void method="add"> 
         <double>0.7015717613377391</double> 
        </void> 
        <void method="add"> 
         <double>0.7006638280388066</double> 
        </void> 
        <void method="add"> 
         <double>0.7067011435373838</double> 
        </void> 
        <void method="add"> 
         <double>0.7160261896612782</double> 
        </void> 
       </object> 
      </void> 
      <void property="stdev"> 
       <double>0.021792618638288054</double> 
      </void> 
     </object> 
    </void> 
    <void index="10"> 
     <object class="jmbench.tools.EvaluationMetrics"> 
      <void property="max"> 
       <double>0.07508219267528946</double> 
      </void> 
      <void property="mean"> 
       <double>0.074112847580045</double> 
      </void> 
      <void property="median"> 
       <double>0.07444773466604857</double> 
      </void> 
      <void property="min"> 
       <double>0.07301920940518483</double> 
      </void> 
      <void property="rawResults"> 
       <object class="java.util.ArrayList"> 
        <void method="add"> 
         <double>0.07301920940518483</double> 
        </void> 
        <void method="add"> 
         <double>0.07313511615974695</double> 
        </void> 
        <void method="add"> 
         <double>0.07508219267528946</double> 
        </void> 
        <void method="add"> 
         <double>0.07487998499395516</double> 
        </void> 
        <void method="add"> 
         <double>0.07444773466604857</double> 
        </void> 
       </object> 
      </void> 
      <void property="stdev"> 
       <double>8.708940548214502E-4</double> 
      </void> 
     </object> 
    </void> 
   </array> 
  </void> 
  <void property="opName"> 
   <string>Eigen for Symm Matrices</string> 
  </void> 
 </object> 
</java> 
