<?xml version="1.0" encoding="UTF-8"?> 
<java version="1.6.0_16" class="java.beans.XMLDecoder"> 
 <object class="jmbench.tools.runtime.OperationResults"> 
  <void property="library"> 
   <object class="jmbench.impl.MatrixLibrary" method="valueOf"> 
    <string>OJALGO</string> 
   </object> 
  </void> 
  <void property="matDimen"> 
   <array class="int" length="12"> 
    <void index="0"> 
     <int>2</int> 
    </void> 
    <void index="1"> 
     <int>3</int> 
    </void> 
    <void index="2"> 
     <int>4</int> 
    </void> 
    <void index="3"> 
     <int>5</int> 
    </void> 
    <void index="4"> 
     <int>10</int> 
    </void> 
    <void index="5"> 
     <int>20</int> 
    </void> 
    <void index="6"> 
     <int>50</int> 
    </void> 
    <void index="7"> 
     <int>100</int> 
    </void> 
    <void index="8"> 
     <int>200</int> 
    </void> 
    <void index="9"> 
     <int>500</int> 
    </void> 
    <void index="10"> 
     <int>1000</int> 
    </void> 
    <void index="11"> 
     <int>2000</int> 
    </void> 
   </array> 
  </void> 
  <void property="metrics"> 
   <array class="jmbench.tools.EvaluationMetrics" length="12"> 
    <void index="0"> 
     <object class="jmbench.tools.EvaluationMetrics"> 
      <void property="max"> 
       <double>1955692.855113924</double> 
      </void> 
      <void property="mean"> 
       <double>1860364.4567442746</double> 
      </void> 
      <void property="median"> 
       <double>1850384.7680498054</double> 
      </void> 
      <void property="min"> 
       <double>1704909.4689396785</double> 
      </void> 
      <void property="rawResults"> 
       <object class="java.util.ArrayList"> 
        <void method="add"> 
         <double>1704909.4689396785</double> 
        </void> 
        <void method="add"> 
         <double>1710070.157590513</double> 
        </void> 
        <void method="add"> 
         <double>1755161.880881916</double> 
        </void> 
        <void method="add"> 
         <double>1804786.8551857795</double> 
        </void> 
        <void method="add"> 
         <double>1828240.5062617841</double> 
        </void> 
        <void method="add"> 
         <double>1828580.5345645742</double> 
        </void> 
        <void method="add"> 
         <double>1829935.1437640532</double> 
        </void> 
        <void method="add"> 
         <double>1831851.388213074</double> 
        </void> 
        <void method="add"> 
         <double>1840879.752392506</double> 
        </void> 
        <void method="add"> 
         <double>1847664.3414840053</double> 
        </void> 
        <void method="add"> 
         <double>1850384.7680498054</double> 
        </void> 
        <void method="add"> 
         <double>1876718.9406070018</double> 
        </void> 
        <void method="add"> 
         <double>1901675.964746724</double> 
        </void> 
        <void method="add"> 
         <double>1913174.3705468758</double> 
        </void> 
        <void method="add"> 
         <double>1931085.2340857384</double> 
        </void> 
        <void method="add"> 
         <double>1948980.539539514</double> 
        </void> 
        <void method="add"> 
         <double>1949165.637699017</double> 
        </void> 
        <void method="add"> 
         <double>1950114.8168914781</double> 
        </void> 
        <void method="add"> 
         <double>1950237.0254761379</double> 
        </void> 
        <void method="add"> 
         <double>1955692.855113924</double> 
        </void> 
        <void method="add"> 
         <double>1751391.4883540033</double> 
        </void> 
        <void method="add"> 
         <double>1816211.4267153419</double> 
        </void> 
        <void method="add"> 
         <double>1916537.1120910372</double> 
        </void> 
        <void method="add"> 
         <double>1906123.5880030114</double> 
        </void> 
        <void method="add"> 
         <double>1909537.6214093652</double> 
        </void> 
       </object> 
      </void> 
      <void property="stdev"> 
       <double>74174.70833339347</double> 
      </void> 
     </object> 
    </void> 
    <void index="1"> 
     <object class="jmbench.tools.EvaluationMetrics"> 
      <void property="max"> 
       <double>1070134.0081976752</double> 
      </void> 
      <void property="mean"> 
       <double>1037764.8586360564</double> 
      </void> 
      <void property="median"> 
       <double>1039401.9198263362</double> 
      </void> 
      <void property="min"> 
       <double>977608.0606358377</double> 
      </void> 
      <void property="rawResults"> 
       <object class="java.util.ArrayList"> 
        <void method="add"> 
         <double>977608.0606358377</double> 
        </void> 
        <void method="add"> 
         <double>985172.1564670203</double> 
        </void> 
        <void method="add"> 
         <double>1026276.0161294902</double> 
        </void> 
        <void method="add"> 
         <double>1032844.6921900776</double> 
        </void> 
        <void method="add"> 
         <double>1033614.4136115009</double> 
        </void> 
        <void method="add"> 
         <double>1033825.4172686879</double> 
        </void> 
        <void method="add"> 
         <double>1037606.8036121808</double> 
        </void> 
        <void method="add"> 
         <double>1038100.1682940489</double> 
        </void> 
        <void method="add"> 
         <double>1039401.9198263362</double> 
        </void> 
        <void method="add"> 
         <double>1042564.7517875639</double> 
        </void> 
        <void method="add"> 
         <double>1045495.3492835265</double> 
        </void> 
        <void method="add"> 
         <double>1045825.416480573</double> 
        </void> 
        <void method="add"> 
         <double>1053032.4843299473</double> 
        </void> 
        <void method="add"> 
         <double>1054644.2969372869</double> 
        </void> 
        <void method="add"> 
         <double>1055924.6081311048</double> 
        </void> 
        <void method="add"> 
         <double>1056538.487549687</double> 
        </void> 
        <void method="add"> 
         <double>1058391.2089241839</double> 
        </void> 
        <void method="add"> 
         <double>1066518.2130335013</double> 
        </void> 
        <void method="add"> 
         <double>1067505.9962290071</double> 
        </void> 
        <void method="add"> 
         <double>1070134.0081976752</double> 
        </void> 
        <void method="add"> 
         <double>1011264.9005865349</double> 
        </void> 
        <void method="add"> 
         <double>1067692.4874596694</double> 
        </void> 
        <void method="add"> 
         <double>1019986.44803153</double> 
        </void> 
        <void method="add"> 
         <double>996064.0162370714</double> 
        </void> 
        <void method="add"> 
         <double>1028089.1446673695</double> 
        </void> 
       </object> 
      </void> 
      <void property="stdev"> 
       <double>24376.768990224788</double> 
      </void> 
     </object> 
    </void> 
    <void index="2"> 
     <object class="jmbench.tools.EvaluationMetrics"> 
      <void property="max"> 
       <double>668026.9036413967</double> 
      </void> 
      <void property="mean"> 
       <double>622751.1190124305</double> 
      </void> 
      <void property="median"> 
       <double>619460.6087874847</double> 
      </void> 
      <void property="min"> 
       <double>586253.1790517536</double> 
      </void> 
      <void property="rawResults"> 
       <object class="java.util.ArrayList"> 
        <void method="add"> 
         <double>586253.1790517536</double> 
        </void> 
        <void method="add"> 
         <double>590270.2092706544</double> 
        </void> 
        <void method="add"> 
         <double>594542.8382667718</double> 
        </void> 
        <void method="add"> 
         <double>606116.0161129534</double> 
        </void> 
        <void method="add"> 
         <double>607280.0825923824</double> 
        </void> 
        <void method="add"> 
         <double>607384.9489380013</double> 
        </void> 
        <void method="add"> 
         <double>609394.8906660414</double> 
        </void> 
        <void method="add"> 
         <double>612634.9656077166</double> 
        </void> 
        <void method="add"> 
         <double>615856.2059697773</double> 
        </void> 
        <void method="add"> 
         <double>617710.1278241543</double> 
        </void> 
        <void method="add"> 
         <double>618417.7161606749</double> 
        </void> 
        <void method="add"> 
         <double>619460.6087874847</double> 
        </void> 
        <void method="add"> 
         <double>619584.5002114786</double> 
        </void> 
        <void method="add"> 
         <double>623085.315879148</double> 
        </void> 
        <void method="add"> 
         <double>626574.1087856878</double> 
        </void> 
        <void method="add"> 
         <double>643510.23331276</double> 
        </void> 
        <void method="add"> 
         <double>647383.7927759667</double> 
        </void> 
        <void method="add"> 
         <double>654293.2461689787</double> 
        </void> 
        <void method="add"> 
         <double>656105.7743441893</double> 
        </void> 
        <void method="add"> 
         <double>668026.9036413967</double> 
        </void> 
        <void method="add"> 
         <double>623456.6421770316</double> 
        </void> 
        <void method="add"> 
         <double>639386.5759163743</double> 
        </void> 
        <void method="add"> 
         <double>632170.5585884446</double> 
        </void> 
        <void method="add"> 
         <double>641256.4066033608</double> 
        </void> 
        <void method="add"> 
         <double>608622.1276575829</double> 
        </void> 
       </object> 
      </void> 
      <void property="stdev"> 
       <double>20441.265241335634</double> 
      </void> 
     </object> 
    </void> 
    <void index="3"> 
     <object class="jmbench.tools.EvaluationMetrics"> 
      <void property="max"> 
       <double>383163.2297196968</double> 
      </void> 
      <void property="mean"> 
       <double>371625.0966312879</double> 
      </void> 
      <void property="median"> 
       <double>374135.3349663544</double> 
      </void> 
      <void property="min"> 
       <double>355503.05425965553</double> 
      </void> 
      <void property="rawResults"> 
       <object class="java.util.ArrayList"> 
        <void method="add"> 
         <double>355503.05425965553</double> 
        </void> 
        <void method="add"> 
         <double>357923.22503091313</double> 
        </void> 
        <void method="add"> 
         <double>358094.5545154422</double> 
        </void> 
        <void method="add"> 
         <double>358168.02083111636</double> 
        </void> 
        <void method="add"> 
         <double>359163.48964491993</double> 
        </void> 
        <void method="add"> 
         <double>366980.43581079034</double> 
        </void> 
        <void method="add"> 
         <double>370635.99615481804</double> 
        </void> 
        <void method="add"> 
         <double>370850.95722917374</double> 
        </void> 
        <void method="add"> 
         <double>372585.1824232966</double> 
        </void> 
        <void method="add"> 
         <double>374135.3349663544</double> 
        </void> 
        <void method="add"> 
         <double>374272.9823888229</double> 
        </void> 
        <void method="add"> 
         <double>374279.00968328497</double> 
        </void> 
        <void method="add"> 
         <double>374313.7304774076</double> 
        </void> 
        <void method="add"> 
         <double>374534.069542772</double> 
        </void> 
        <void method="add"> 
         <double>375729.10250710684</double> 
        </void> 
        <void method="add"> 
         <double>378856.5318981911</double> 
        </void> 
        <void method="add"> 
         <double>379301.889130171</double> 
        </void> 
        <void method="add"> 
         <double>379910.9149266903</double> 
        </void> 
        <void method="add"> 
         <double>383074.88972354535</double> 
        </void> 
        <void method="add"> 
         <double>383163.2297196968</double> 
        </void> 
        <void method="add"> 
         <double>371284.0350926928</double> 
        </void> 
        <void method="add"> 
         <double>371704.4057749097</double> 
        </void> 
        <void method="add"> 
         <double>371429.83768211916</double> 
        </void> 
        <void method="add"> 
         <double>379430.84279170696</double> 
        </void> 
        <void method="add"> 
         <double>375301.69357659994</double> 
        </void> 
       </object> 
      </void> 
      <void property="stdev"> 
       <double>7906.450838207898</double> 
      </void> 
     </object> 
    </void> 
    <void index="4"> 
     <object class="jmbench.tools.EvaluationMetrics"> 
      <void property="max"> 
       <double>84889.58028546434</double> 
      </void> 
      <void property="mean"> 
       <double>82987.58047731365</double> 
      </void> 
      <void property="median"> 
       <double>83142.51556670967</double> 
      </void> 
      <void property="min"> 
       <double>81514.8986364527</double> 
      </void> 
      <void property="rawResults"> 
       <object class="java.util.ArrayList"> 
        <void method="add"> 
         <double>81642.80178347618</double> 
        </void> 
        <void method="add"> 
         <double>81800.66863044274</double> 
        </void> 
        <void method="add"> 
         <double>81911.44436869946</double> 
        </void> 
        <void method="add"> 
         <double>82568.2256141039</double> 
        </void> 
        <void method="add"> 
         <double>82595.8243160455</double> 
        </void> 
        <void method="add"> 
         <double>83001.32661024288</double> 
        </void> 
        <void method="add"> 
         <double>83003.85426990698</double> 
        </void> 
        <void method="add"> 
         <double>83127.23509299847</double> 
        </void> 
        <void method="add"> 
         <double>83142.51556670967</double> 
        </void> 
        <void method="add"> 
         <double>83154.9189616485</double> 
        </void> 
        <void method="add"> 
         <double>83267.27900695302</double> 
        </void> 
        <void method="add"> 
         <double>83289.07733512296</double> 
        </void> 
        <void method="add"> 
         <double>83303.53076564598</double> 
        </void> 
        <void method="add"> 
         <double>83323.77860572035</double> 
        </void> 
        <void method="add"> 
         <double>83325.29008509826</double> 
        </void> 
        <void method="add"> 
         <double>83474.3625613955</double> 
        </void> 
        <void method="add"> 
         <double>83829.93399811453</double> 
        </void> 
        <void method="add"> 
         <double>84109.33074374661</double> 
        </void> 
        <void method="add"> 
         <double>84213.64920166768</double> 
        </void> 
        <void method="add"> 
         <double>84889.58028546434</double> 
        </void> 
        <void method="add"> 
         <double>81758.83669618767</double> 
        </void> 
        <void method="add"> 
         <double>81514.8986364527</double> 
        </void> 
        <void method="add"> 
         <double>83366.20766527137</double> 
        </void> 
        <void method="add"> 
         <double>82162.40355333363</double> 
        </void> 
        <void method="add"> 
         <double>82912.53757839264</double> 
        </void> 
       </object> 
      </void> 
      <void property="stdev"> 
       <double>827.2069856683236</double> 
      </void> 
     </object> 
    </void> 
    <void index="5"> 
     <object class="jmbench.tools.EvaluationMetrics"> 
      <void property="max"> 
       <double>17582.84065582783</double> 
      </void> 
      <void property="mean"> 
       <double>17353.648892349775</double> 
      </void> 
      <void property="median"> 
       <double>17338.70225836381</double> 
      </void> 
      <void property="min"> 
       <double>17040.66018675304</double> 
      </void> 
      <void property="rawResults"> 
       <object class="java.util.ArrayList"> 
        <void method="add"> 
         <double>17040.66018675304</double> 
        </void> 
        <void method="add"> 
         <double>17195.743375087684</double> 
        </void> 
        <void method="add"> 
         <double>17236.250291830765</double> 
        </void> 
        <void method="add"> 
         <double>17251.49364501451</double> 
        </void> 
        <void method="add"> 
         <double>17259.837817539945</double> 
        </void> 
        <void method="add"> 
         <double>17283.87356370293</double> 
        </void> 
        <void method="add"> 
         <double>17289.42867677139</double> 
        </void> 
        <void method="add"> 
         <double>17309.587381319066</double> 
        </void> 
        <void method="add"> 
         <double>17324.472872426606</double> 
        </void> 
        <void method="add"> 
         <double>17332.88846815336</double> 
        </void> 
        <void method="add"> 
         <double>17338.70225836381</double> 
        </void> 
        <void method="add"> 
         <double>17378.51537881591</double> 
        </void> 
        <void method="add"> 
         <double>17392.968819378548</double> 
        </void> 
        <void method="add"> 
         <double>17405.285892770655</double> 
        </void> 
        <void method="add"> 
         <double>17441.10960088726</double> 
        </void> 
        <void method="add"> 
         <double>17476.506142976854</double> 
        </void> 
        <void method="add"> 
         <double>17498.603866705533</double> 
        </void> 
        <void method="add"> 
         <double>17537.43388359335</double> 
        </void> 
        <void method="add"> 
         <double>17557.650046926112</double> 
        </void> 
        <void method="add"> 
         <double>17582.84065582783</double> 
        </void> 
        <void method="add"> 
         <double>17382.365858487665</double> 
        </void> 
        <void method="add"> 
         <double>17398.217286067447</double> 
        </void> 
        <void method="add"> 
         <double>17452.557311937857</double> 
        </void> 
        <void method="add"> 
         <double>17212.648328837313</double> 
        </void> 
        <void method="add"> 
         <double>17261.580698568858</double> 
        </void> 
       </object> 
      </void> 
      <void property="stdev"> 
       <double>124.22793024615098</double> 
      </void> 
     </object> 
    </void> 
    <void index="6"> 
     <object class="jmbench.tools.EvaluationMetrics"> 
      <void property="max"> 
       <double>1908.9165810927825</double> 
      </void> 
      <void property="mean"> 
       <double>1891.3871846965378</double> 
      </void> 
      <void property="median"> 
       <double>1893.3178000892515</double> 
      </void> 
      <void property="min"> 
       <double>1867.4262379270474</double> 
      </void> 
      <void property="rawResults"> 
       <object class="java.util.ArrayList"> 
        <void method="add"> 
         <double>1873.1495577585501</double> 
        </void> 
        <void method="add"> 
         <double>1877.3947601616676</double> 
        </void> 
        <void method="add"> 
         <double>1881.158303883943</double> 
        </void> 
        <void method="add"> 
         <double>1884.001505548982</double> 
        </void> 
        <void method="add"> 
         <double>1884.728704006104</double> 
        </void> 
        <void method="add"> 
         <double>1888.4940839501417</double> 
        </void> 
        <void method="add"> 
         <double>1889.2041987375098</double> 
        </void> 
        <void method="add"> 
         <double>1890.9925955062108</double> 
        </void> 
        <void method="add"> 
         <double>1891.3764573442324</double> 
        </void> 
        <void method="add"> 
         <double>1892.9917934439877</double> 
        </void> 
        <void method="add"> 
         <double>1893.3178000892515</double> 
        </void> 
        <void method="add"> 
         <double>1894.0829346469416</double> 
        </void> 
        <void method="add"> 
         <double>1894.2387159206933</double> 
        </void> 
        <void method="add"> 
         <double>1895.0532154056968</double> 
        </void> 
        <void method="add"> 
         <double>1895.7213258101149</double> 
        </void> 
        <void method="add"> 
         <double>1900.112134272812</double> 
        </void> 
        <void method="add"> 
         <double>1903.1270427220913</double> 
        </void> 
        <void method="add"> 
         <double>1903.1523354367062</double> 
        </void> 
        <void method="add"> 
         <double>1908.1416531245698</double> 
        </void> 
        <void method="add"> 
         <double>1908.9165810927825</double> 
        </void> 
        <void method="add"> 
         <double>1867.4262379270474</double> 
        </void> 
        <void method="add"> 
         <double>1883.6379651623113</double> 
        </void> 
        <void method="add"> 
         <double>1895.790455164393</double> 
        </void> 
        <void method="add"> 
         <double>1893.7083925436127</double> 
        </void> 
        <void method="add"> 
         <double>1894.7608677530984</double> 
        </void> 
       </object> 
      </void> 
      <void property="stdev"> 
       <double>9.817992514021087</double> 
      </void> 
     </object> 
    </void> 
    <void index="7"> 
     <object class="jmbench.tools.EvaluationMetrics"> 
      <void property="max"> 
       <double>652.4912078851925</double> 
      </void> 
      <void property="mean"> 
       <double>635.1208179139071</double> 
      </void> 
      <void property="median"> 
       <double>646.9285818879167</double> 
      </void> 
      <void property="min"> 
       <double>530.3921057009561</double> 
      </void> 
      <void property="rawResults"> 
       <object class="java.util.ArrayList"> 
        <void method="add"> 
         <double>530.3921057009561</double> 
        </void> 
        <void method="add"> 
         <double>601.9234939012879</double> 
        </void> 
        <void method="add"> 
         <double>608.3725896616536</double> 
        </void> 
        <void method="add"> 
         <double>608.8427941307859</double> 
        </void> 
        <void method="add"> 
         <double>610.8991125630619</double> 
        </void> 
        <void method="add"> 
         <double>612.0581290600076</double> 
        </void> 
        <void method="add"> 
         <double>641.6212483182225</double> 
        </void> 
        <void method="add"> 
         <double>643.2756874714954</double> 
        </void> 
        <void method="add"> 
         <double>645.3698875046454</double> 
        </void> 
        <void method="add"> 
         <double>646.3019448615154</double> 
        </void> 
        <void method="add"> 
         <double>646.8406334270747</double> 
        </void> 
        <void method="add"> 
         <double>646.9285818879167</double> 
        </void> 
        <void method="add"> 
         <double>647.5867748802848</double> 
        </void> 
        <void method="add"> 
         <double>647.6854694076338</double> 
        </void> 
        <void method="add"> 
         <double>647.9341968359176</double> 
        </void> 
        <void method="add"> 
         <double>648.0399043531904</double> 
        </void> 
        <void method="add"> 
         <double>648.5913684909796</double> 
        </void> 
        <void method="add"> 
         <double>649.2703949182168</double> 
        </void> 
        <void method="add"> 
         <double>650.4512520641208</double> 
        </void> 
        <void method="add"> 
         <double>651.1150168709422</double> 
        </void> 
        <void method="add"> 
         <double>645.5234317942535</double> 
        </void> 
        <void method="add"> 
         <double>646.9711963116034</double> 
        </void> 
        <void method="add"> 
         <double>652.4912078851925</double> 
        </void> 
        <void method="add"> 
         <double>651.138766945474</double> 
        </void> 
        <void method="add"> 
         <double>648.395258601243</double> 
        </void> 
       </object> 
      </void> 
      <void property="stdev"> 
       <double>26.6160574850914</double> 
      </void> 
     </object> 
    </void> 
    <void index="8"> 
     <object class="jmbench.tools.EvaluationMetrics"> 
      <void property="max"> 
       <double>72.43581707262511</double> 
      </void> 
      <void property="mean"> 
       <double>70.511794615569</double> 
      </void> 
      <void property="median"> 
       <double>71.49575980310512</double> 
      </void> 
      <void property="min"> 
       <double>59.25315973582864</double> 
      </void> 
      <void property="rawResults"> 
       <object class="java.util.ArrayList"> 
        <void method="add"> 
         <double>64.27218085986023</double> 
        </void> 
        <void method="add"> 
         <double>70.3517071009659</double> 
        </void> 
        <void method="add"> 
         <double>70.59744942211722</double> 
        </void> 
        <void method="add"> 
         <double>70.61697478121945</double> 
        </void> 
        <void method="add"> 
         <double>71.09731615613954</double> 
        </void> 
        <void method="add"> 
         <double>71.22037680516392</double> 
        </void> 
        <void method="add"> 
         <double>71.3000336383373</double> 
        </void> 
        <void method="add"> 
         <double>71.30468400866138</double> 
        </void> 
        <void method="add"> 
         <double>71.34929262419202</double> 
        </void> 
        <void method="add"> 
         <double>71.47303524207356</double> 
        </void> 
        <void method="add"> 
         <double>71.50193828468632</double> 
        </void> 
        <void method="add"> 
         <double>71.51068995725845</double> 
        </void> 
        <void method="add"> 
         <double>71.56942748888562</double> 
        </void> 
        <void method="add"> 
         <double>71.7241933124873</double> 
        </void> 
        <void method="add"> 
         <double>71.96642519023213</double> 
        </void> 
        <void method="add"> 
         <double>72.0964171527349</double> 
        </void> 
        <void method="add"> 
         <double>72.16694016035815</double> 
        </void> 
        <void method="add"> 
         <double>72.22809258437579</double> 
        </void> 
        <void method="add"> 
         <double>72.24782673494884</double> 
        </void> 
        <void method="add"> 
         <double>72.36155727064194</double> 
        </void> 
        <void method="add"> 
         <double>64.53530941327463</double> 
        </void> 
        <void method="add"> 
         <double>59.25315973582864</double> 
        </void> 
        <void method="add"> 
         <double>72.11826058905157</double> 
        </void> 
        <void method="add"> 
         <double>72.43581707262511</double> 
        </void> 
        <void method="add"> 
         <double>71.49575980310512</double> 
        </void> 
       </object> 
      </void> 
      <void property="stdev"> 
       <double>3.0576945424354136</double> 
      </void> 
     </object> 
    </void> 
    <void index="9"> 
     <object class="jmbench.tools.EvaluationMetrics"> 
      <void property="max"> 
       <double>5.940537151804829</double> 
      </void> 
      <void property="mean"> 
       <double>5.706616072735589</double> 
      </void> 
      <void property="median"> 
       <double>5.810169431616121</double> 
      </void> 
      <void property="min"> 
       <double>4.529931403168821</double> 
      </void> 
      <void property="rawResults"> 
       <object class="java.util.ArrayList"> 
        <void method="add"> 
         <double>4.529931403168821</double> 
        </void> 
        <void method="add"> 
         <double>4.916359756712192</double> 
        </void> 
        <void method="add"> 
         <double>5.272790717554951</double> 
        </void> 
        <void method="add"> 
         <double>5.437466628907932</double> 
        </void> 
        <void method="add"> 
         <double>5.7406372828880805</double> 
        </void> 
        <void method="add"> 
         <double>5.774899294095945</double> 
        </void> 
        <void method="add"> 
         <double>5.775174634495118</double> 
        </void> 
        <void method="add"> 
         <double>5.785992334128546</double> 
        </void> 
        <void method="add"> 
         <double>5.810169431616121</double> 
        </void> 
        <void method="add"> 
         <double>5.81610407175326</double> 
        </void> 
        <void method="add"> 
         <double>5.817243688332612</double> 
        </void> 
        <void method="add"> 
         <double>5.824093939477291</double> 
        </void> 
        <void method="add"> 
         <double>5.824802773188875</double> 
        </void> 
        <void method="add"> 
         <double>5.824878848255843</double> 
        </void> 
        <void method="add"> 
         <double>5.8522069951285856</double> 
        </void> 
        <void method="add"> 
         <double>5.8763458850030155</double> 
        </void> 
        <void method="add"> 
         <double>5.881763309781824</double> 
        </void> 
        <void method="add"> 
         <double>5.901260434971383</double> 
        </void> 
        <void method="add"> 
         <double>5.937597126822084</double> 
        </void> 
        <void method="add"> 
         <double>5.940537151804829</double> 
        </void> 
        <void method="add"> 
         <double>5.8077947504485214</double> 
        </void> 
        <void method="add"> 
         <double>5.784448316023549</double> 
        </void> 
        <void method="add"> 
         <double>5.7960473843914055</double> 
        </void> 
        <void method="add"> 
         <double>5.806296206448761</double> 
        </void> 
        <void method="add"> 
         <double>5.930559452990184</double> 
        </void> 
       </object> 
      </void> 
      <void property="stdev"> 
       <double>0.32706465302881005</double> 
      </void> 
     </object> 
    </void> 
    <void index="10"> 
     <object class="jmbench.tools.EvaluationMetrics"> 
      <void property="max"> 
       <double>0.3477337826265227</double> 
      </void> 
      <void property="mean"> 
       <double>0.32712321793111054</double> 
      </void> 
      <void property="median"> 
       <double>0.3308436953757932</double> 
      </void> 
      <void property="min"> 
       <double>0.28321084033536337</double> 
      </void> 
      <void property="rawResults"> 
       <object class="java.util.ArrayList"> 
        <void method="add"> 
         <double>0.28321084033536337</double> 
        </void> 
        <void method="add"> 
         <double>0.28483343489885976</double> 
        </void> 
        <void method="add"> 
         <double>0.306002988067158</double> 
        </void> 
        <void method="add"> 
         <double>0.30688851897535674</double> 
        </void> 
        <void method="add"> 
         <double>0.3089342498022733</double> 
        </void> 
        <void method="add"> 
         <double>0.32467472392167157</double> 
        </void> 
        <void method="add"> 
         <double>0.3266931432837789</double> 
        </void> 
        <void method="add"> 
         <double>0.3267174005033745</double> 
        </void> 
        <void method="add"> 
         <double>0.3296563535088499</double> 
        </void> 
        <void method="add"> 
         <double>0.33063462387953446</double> 
        </void> 
        <void method="add"> 
         <double>0.3308436953757932</double> 
        </void> 
        <void method="add"> 
         <double>0.33157475247138174</double> 
        </void> 
        <void method="add"> 
         <double>0.3338643352102839</double> 
        </void> 
        <void method="add"> 
         <double>0.3339205593505961</double> 
        </void> 
        <void method="add"> 
         <double>0.3373486300124882</double> 
        </void> 
        <void method="add"> 
         <double>0.33908107366860385</double> 
        </void> 
        <void method="add"> 
         <double>0.3406114586364809</double> 
        </void> 
        <void method="add"> 
         <double>0.34458844824029233</double> 
        </void> 
        <void method="add"> 
         <double>0.3448070253639741</double> 
        </void> 
        <void method="add"> 
         <double>0.3477337826265227</double> 
        </void> 
        <void method="add"> 
         <double>0.3106019916940859</double> 
        </void> 
        <void method="add"> 
         <double>0.3305533465235512</double> 
        </void> 
        <void method="add"> 
         <double>0.3372418159070884</double> 
        </void> 
        <void method="add"> 
         <double>0.34349121834249813</double> 
        </void> 
        <void method="add"> 
         <double>0.343572037677901</double> 
        </void> 
       </object> 
      </void> 
      <void property="stdev"> 
       <double>0.017263917333875462</double> 
      </void> 
     </object> 
    </void> 
    <void index="11"> 
     <object class="jmbench.tools.EvaluationMetrics"> 
      <void property="max"> 
       <double>0.038709985275122635</double> 
      </void> 
      <void property="mean"> 
       <double>0.037856786503139506</double> 
      </void> 
      <void property="median"> 
       <double>0.03859378864764507</double> 
      </void> 
      <void property="min"> 
       <double>0.036266585586650815</double> 
      </void> 
      <void property="rawResults"> 
       <object class="java.util.ArrayList"> 
        <void method="add"> 
         <double>0.036266585586650815</double> 
        </void> 
        <void method="add"> 
         <double>0.03859378864764507</double> 
        </void> 
        <void method="add"> 
         <double>0.038709985275122635</double> 
        </void> 
       </object> 
      </void> 
      <void property="stdev"> 
       <double>0.0011254420258015362</double> 
      </void> 
     </object> 
    </void> 
   </array> 
  </void> 
  <void property="opName"> 
   <string>Solve m=n</string> 
  </void> 
 </object> 
</java> 
