<?xml version="1.0" encoding="UTF-8"?> 
<java version="1.6.0_16" class="java.beans.XMLDecoder"> 
 <object class="jmbench.tools.runtime.OperationResults"> 
  <void property="library"> 
   <object class="jmbench.impl.MatrixLibrary" method="valueOf"> 
    <string>OJALGO</string> 
   </object> 
  </void> 
  <void property="matDimen"> 
   <array class="int" length="12"> 
    <void index="0"> 
     <int>2</int> 
    </void> 
    <void index="1"> 
     <int>3</int> 
    </void> 
    <void index="2"> 
     <int>4</int> 
    </void> 
    <void index="3"> 
     <int>5</int> 
    </void> 
    <void index="4"> 
     <int>10</int> 
    </void> 
    <void index="5"> 
     <int>20</int> 
    </void> 
    <void index="6"> 
     <int>50</int> 
    </void> 
    <void index="7"> 
     <int>100</int> 
    </void> 
    <void index="8"> 
     <int>200</int> 
    </void> 
    <void index="9"> 
     <int>500</int> 
    </void> 
    <void index="10"> 
     <int>1000</int> 
    </void> 
    <void index="11"> 
     <int>2000</int> 
    </void> 
   </array> 
  </void> 
  <void property="metrics"> 
   <array class="jmbench.tools.EvaluationMetrics" length="12"> 
    <void index="0"> 
     <object class="jmbench.tools.EvaluationMetrics"> 
      <void property="max"> 
       <double>314494.12508184364</double> 
      </void> 
      <void property="mean"> 
       <double>296800.315301312</double> 
      </void> 
      <void property="median"> 
       <double>296508.78923766164</double> 
      </void> 
      <void property="min"> 
       <double>280249.52949136717</double> 
      </void> 
      <void property="rawResults"> 
       <object class="java.util.ArrayList"> 
        <void method="add"> 
         <double>280249.52949136717</double> 
        </void> 
        <void method="add"> 
         <double>281841.3154224453</double> 
        </void> 
        <void method="add"> 
         <double>287379.221593742</double> 
        </void> 
        <void method="add"> 
         <double>289976.0916534296</double> 
        </void> 
        <void method="add"> 
         <double>293162.9751424016</double> 
        </void> 
        <void method="add"> 
         <double>293868.69264180906</double> 
        </void> 
        <void method="add"> 
         <double>294286.598223533</double> 
        </void> 
        <void method="add"> 
         <double>296305.3941939689</double> 
        </void> 
        <void method="add"> 
         <double>296508.78923766164</double> 
        </void> 
        <void method="add"> 
         <double>297877.27076498733</double> 
        </void> 
        <void method="add"> 
         <double>299323.1695294908</double> 
        </void> 
        <void method="add"> 
         <double>300637.48901548656</double> 
        </void> 
        <void method="add"> 
         <double>302654.5634606174</double> 
        </void> 
        <void method="add"> 
         <double>302930.72760115826</double> 
        </void> 
        <void method="add"> 
         <double>303132.2450052269</double> 
        </void> 
        <void method="add"> 
         <double>303948.8765368568</double> 
        </void> 
        <void method="add"> 
         <double>304854.0128793755</double> 
        </void> 
        <void method="add"> 
         <double>309790.152074225</double> 
        </void> 
        <void method="add"> 
         <double>312094.81399451033</double> 
        </void> 
        <void method="add"> 
         <double>314494.12508184364</double> 
        </void> 
        <void method="add"> 
         <double>295492.09860048606</double> 
        </void> 
        <void method="add"> 
         <double>300009.45336885436</double> 
        </void> 
        <void method="add"> 
         <double>289872.92040530563</double> 
        </void> 
        <void method="add"> 
         <double>283741.4827536063</double> 
        </void> 
        <void method="add"> 
         <double>285575.8738604127</double> 
        </void> 
       </object> 
      </void> 
      <void property="stdev"> 
       <double>8908.218773470002</double> 
      </void> 
     </object> 
    </void> 
    <void index="1"> 
     <object class="jmbench.tools.EvaluationMetrics"> 
      <void property="max"> 
       <double>108896.95752421625</double> 
      </void> 
      <void property="mean"> 
       <double>79350.78687927958</double> 
      </void> 
      <void property="median"> 
       <double>81264.59643655593</double> 
      </void> 
      <void property="min"> 
       <double>60552.63542755247</double> 
      </void> 
      <void property="rawResults"> 
       <object class="java.util.ArrayList"> 
        <void method="add"> 
         <double>60552.63542755247</double> 
        </void> 
        <void method="add"> 
         <double>67177.96910667157</double> 
        </void> 
        <void method="add"> 
         <double>69302.4619467427</double> 
        </void> 
        <void method="add"> 
         <double>70035.32391984004</double> 
        </void> 
        <void method="add"> 
         <double>70459.99761112109</double> 
        </void> 
        <void method="add"> 
         <double>70813.67090648753</double> 
        </void> 
        <void method="add"> 
         <double>70865.6106783154</double> 
        </void> 
        <void method="add"> 
         <double>70928.76830064168</double> 
        </void> 
        <void method="add"> 
         <double>81264.59643655593</double> 
        </void> 
        <void method="add"> 
         <double>81902.96663370056</double> 
        </void> 
        <void method="add"> 
         <double>81928.9073035432</double> 
        </void> 
        <void method="add"> 
         <double>82974.01203076438</double> 
        </void> 
        <void method="add"> 
         <double>83257.85320588067</double> 
        </void> 
        <void method="add"> 
         <double>83974.18879924316</double> 
        </void> 
        <void method="add"> 
         <double>84649.86776060275</double> 
        </void> 
        <void method="add"> 
         <double>84761.31913634209</double> 
        </void> 
        <void method="add"> 
         <double>85111.66569856371</double> 
        </void> 
        <void method="add"> 
         <double>85365.3702619952</double> 
        </void> 
        <void method="add"> 
         <double>107674.57621187085</double> 
        </void> 
        <void method="add"> 
         <double>108896.95752421625</double> 
        </void> 
        <void method="add"> 
         <double>69150.81849539433</double> 
        </void> 
        <void method="add"> 
         <double>69165.02316233615</double> 
        </void> 
        <void method="add"> 
         <double>69997.61066393155</double> 
        </void> 
        <void method="add"> 
         <double>68494.56519176703</double> 
        </void> 
        <void method="add"> 
         <double>105062.93556790912</double> 
        </void> 
       </object> 
      </void> 
      <void property="stdev"> 
       <double>12533.023603313739</double> 
      </void> 
     </object> 
    </void> 
    <void index="2"> 
     <object class="jmbench.tools.EvaluationMetrics"> 
      <void property="max"> 
       <double>45744.98509170022</double> 
      </void> 
      <void property="mean"> 
       <double>39723.41216278195</double> 
      </void> 
      <void property="median"> 
       <double>40791.90053105556</double> 
      </void> 
      <void property="min"> 
       <double>34840.11980629268</double> 
      </void> 
      <void property="rawResults"> 
       <object class="java.util.ArrayList"> 
        <void method="add"> 
         <double>35188.46890753914</double> 
        </void> 
        <void method="add"> 
         <double>36222.646201063275</double> 
        </void> 
        <void method="add"> 
         <double>36424.931286833154</double> 
        </void> 
        <void method="add"> 
         <double>36912.253965706055</double> 
        </void> 
        <void method="add"> 
         <double>38689.855803745</double> 
        </void> 
        <void method="add"> 
         <double>38970.97522315804</double> 
        </void> 
        <void method="add"> 
         <double>39988.1218301784</double> 
        </void> 
        <void method="add"> 
         <double>40683.65434448577</double> 
        </void> 
        <void method="add"> 
         <double>40791.90053105556</double> 
        </void> 
        <void method="add"> 
         <double>40849.41510327312</double> 
        </void> 
        <void method="add"> 
         <double>40907.81545264997</double> 
        </void> 
        <void method="add"> 
         <double>41072.19868963667</double> 
        </void> 
        <void method="add"> 
         <double>41187.127337994636</double> 
        </void> 
        <void method="add"> 
         <double>41212.68691029523</double> 
        </void> 
        <void method="add"> 
         <double>41357.498332863084</double> 
        </void> 
        <void method="add"> 
         <double>41436.99173882741</double> 
        </void> 
        <void method="add"> 
         <double>41721.67876882732</double> 
        </void> 
        <void method="add"> 
         <double>42429.871906079716</double> 
        </void> 
        <void method="add"> 
         <double>42433.42579754653</double> 
        </void> 
        <void method="add"> 
         <double>45744.98509170022</double> 
        </void> 
        <void method="add"> 
         <double>40902.48434891365</double> 
        </void> 
        <void method="add"> 
         <double>40726.78253103954</double> 
        </void> 
        <void method="add"> 
         <double>34840.11980629268</double> 
        </void> 
        <void method="add"> 
         <double>35445.20138242491</double> 
        </void> 
        <void method="add"> 
         <double>36944.21277741962</double> 
        </void> 
       </object> 
      </void> 
      <void property="stdev"> 
       <double>2660.9834887958145</double> 
      </void> 
     </object> 
    </void> 
    <void index="3"> 
     <object class="jmbench.tools.EvaluationMetrics"> 
      <void property="max"> 
       <double>27947.93536328355</double> 
      </void> 
      <void property="mean"> 
       <double>26058.268830879413</double> 
      </void> 
      <void property="median"> 
       <double>26621.77516578006</double> 
      </void> 
      <void property="min"> 
       <double>23607.469270650043</double> 
      </void> 
      <void property="rawResults"> 
       <object class="java.util.ArrayList"> 
        <void method="add"> 
         <double>23607.469270650043</double> 
        </void> 
        <void method="add"> 
         <double>23878.65915294009</double> 
        </void> 
        <void method="add"> 
         <double>23968.365177146083</double> 
        </void> 
        <void method="add"> 
         <double>24124.78703210052</double> 
        </void> 
        <void method="add"> 
         <double>24239.06231232506</double> 
        </void> 
        <void method="add"> 
         <double>24711.611519896196</double> 
        </void> 
        <void method="add"> 
         <double>24983.294154909876</double> 
        </void> 
        <void method="add"> 
         <double>25730.127206937723</double> 
        </void> 
        <void method="add"> 
         <double>25758.880266731983</double> 
        </void> 
        <void method="add"> 
         <double>26002.269307122424</double> 
        </void> 
        <void method="add"> 
         <double>26478.68910688675</double> 
        </void> 
        <void method="add"> 
         <double>26621.77516578006</double> 
        </void> 
        <void method="add"> 
         <double>26720.986332333257</double> 
        </void> 
        <void method="add"> 
         <double>26738.105476340887</double> 
        </void> 
        <void method="add"> 
         <double>26743.896973196257</double> 
        </void> 
        <void method="add"> 
         <double>26843.305691425157</double> 
        </void> 
        <void method="add"> 
         <double>27227.944818478605</double> 
        </void> 
        <void method="add"> 
         <double>27334.863416767446</double> 
        </void> 
        <void method="add"> 
         <double>27467.945905610854</double> 
        </void> 
        <void method="add"> 
         <double>27601.64840830084</double> 
        </void> 
        <void method="add"> 
         <double>25080.92335978911</double> 
        </void> 
        <void method="add"> 
         <double>27947.93536328355</double> 
        </void> 
        <void method="add"> 
         <double>27058.39327615076</double> 
        </void> 
        <void method="add"> 
         <double>27727.61588126785</double> 
        </void> 
        <void method="add"> 
         <double>26858.166195613765</double> 
        </void> 
       </object> 
      </void> 
      <void property="stdev"> 
       <double>1328.8206596315174</double> 
      </void> 
     </object> 
    </void> 
    <void index="4"> 
     <object class="jmbench.tools.EvaluationMetrics"> 
      <void property="max"> 
       <double>6982.625849502316</double> 
      </void> 
      <void property="mean"> 
       <double>6538.408841670648</double> 
      </void> 
      <void property="median"> 
       <double>6570.55862194594</double> 
      </void> 
      <void property="min"> 
       <double>5982.656011132849</double> 
      </void> 
      <void property="rawResults"> 
       <object class="java.util.ArrayList"> 
        <void method="add"> 
         <double>5982.656011132849</double> 
        </void> 
        <void method="add"> 
         <double>6036.153470743673</double> 
        </void> 
        <void method="add"> 
         <double>6091.345534299854</double> 
        </void> 
        <void method="add"> 
         <double>6319.592096276682</double> 
        </void> 
        <void method="add"> 
         <double>6392.958625682504</double> 
        </void> 
        <void method="add"> 
         <double>6408.327155289502</double> 
        </void> 
        <void method="add"> 
         <double>6422.97575164497</double> 
        </void> 
        <void method="add"> 
         <double>6478.242482890865</double> 
        </void> 
        <void method="add"> 
         <double>6494.564812222412</double> 
        </void> 
        <void method="add"> 
         <double>6588.026938264844</double> 
        </void> 
        <void method="add"> 
         <double>6632.162710773846</double> 
        </void> 
        <void method="add"> 
         <double>6639.293572448722</double> 
        </void> 
        <void method="add"> 
         <double>6652.831489970437</double> 
        </void> 
        <void method="add"> 
         <double>6693.224238689094</double> 
        </void> 
        <void method="add"> 
         <double>6709.208922232237</double> 
        </void> 
        <void method="add"> 
         <double>6825.711689607451</double> 
        </void> 
        <void method="add"> 
         <double>6878.0934548647865</double> 
        </void> 
        <void method="add"> 
         <double>6886.25620342995</double> 
        </void> 
        <void method="add"> 
         <double>6980.690953489153</double> 
        </void> 
        <void method="add"> 
         <double>6982.625849502316</double> 
        </void> 
        <void method="add"> 
         <double>6670.309819774943</double> 
        </void> 
        <void method="add"> 
         <double>6554.273612000125</double> 
        </void> 
        <void method="add"> 
         <double>6246.916039912031</double> 
        </void> 
        <void method="add"> 
         <double>6323.220984677014</double> 
        </void> 
        <void method="add"> 
         <double>6570.55862194594</double> 
        </void> 
       </object> 
      </void> 
      <void property="stdev"> 
       <double>269.4661555053412</double> 
      </void> 
     </object> 
    </void> 
    <void index="5"> 
     <object class="jmbench.tools.EvaluationMetrics"> 
      <void property="max"> 
       <double>1890.3059380149007</double> 
      </void> 
      <void property="mean"> 
       <double>1771.4687758551474</double> 
      </void> 
      <void property="median"> 
       <double>1793.6992706774895</double> 
      </void> 
      <void property="min"> 
       <double>1626.3318961418781</double> 
      </void> 
      <void property="rawResults"> 
       <object class="java.util.ArrayList"> 
        <void method="add"> 
         <double>1626.3318961418781</double> 
        </void> 
        <void method="add"> 
         <double>1658.915306079818</double> 
        </void> 
        <void method="add"> 
         <double>1712.8396747171387</double> 
        </void> 
        <void method="add"> 
         <double>1727.3953375907108</double> 
        </void> 
        <void method="add"> 
         <double>1732.784562636669</double> 
        </void> 
        <void method="add"> 
         <double>1734.2024498952815</double> 
        </void> 
        <void method="add"> 
         <double>1743.436310848417</double> 
        </void> 
        <void method="add"> 
         <double>1755.1355730705957</double> 
        </void> 
        <void method="add"> 
         <double>1761.9926935599801</double> 
        </void> 
        <void method="add"> 
         <double>1779.6584033980325</double> 
        </void> 
        <void method="add"> 
         <double>1788.4418640851193</double> 
        </void> 
        <void method="add"> 
         <double>1793.9425367784072</double> 
        </void> 
        <void method="add"> 
         <double>1794.7444295741611</double> 
        </void> 
        <void method="add"> 
         <double>1798.8745958705704</double> 
        </void> 
        <void method="add"> 
         <double>1801.9551896442474</double> 
        </void> 
        <void method="add"> 
         <double>1802.9873439636026</double> 
        </void> 
        <void method="add"> 
         <double>1808.798738801643</double> 
        </void> 
        <void method="add"> 
         <double>1809.7774487826537</double> 
        </void> 
        <void method="add"> 
         <double>1824.5514941754054</double> 
        </void> 
        <void method="add"> 
         <double>1890.3059380149007</double> 
        </void> 
        <void method="add"> 
         <double>1798.8937500000357</double> 
        </void> 
        <void method="add"> 
         <double>1793.6992706774895</double> 
        </void> 
        <void method="add"> 
         <double>1884.7544777233104</double> 
        </void> 
        <void method="add"> 
         <double>1805.7383162216074</double> 
        </void> 
        <void method="add"> 
         <double>1656.561794127015</double> 
        </void> 
       </object> 
      </void> 
      <void property="stdev"> 
       <double>61.79821748581757</double> 
      </void> 
     </object> 
    </void> 
    <void index="6"> 
     <object class="jmbench.tools.EvaluationMetrics"> 
      <void property="max"> 
       <double>287.32613908384315</double> 
      </void> 
      <void property="mean"> 
       <double>276.95560538498</double> 
      </void> 
      <void property="median"> 
       <double>275.8211037294041</double> 
      </void> 
      <void property="min"> 
       <double>267.6756098661819</double> 
      </void> 
      <void property="rawResults"> 
       <object class="java.util.ArrayList"> 
        <void method="add"> 
         <double>267.6756098661819</double> 
        </void> 
        <void method="add"> 
         <double>271.45270303343085</double> 
        </void> 
        <void method="add"> 
         <double>272.25163639152447</double> 
        </void> 
        <void method="add"> 
         <double>272.5611244575889</double> 
        </void> 
        <void method="add"> 
         <double>274.1509016213253</double> 
        </void> 
        <void method="add"> 
         <double>274.3166136418664</double> 
        </void> 
        <void method="add"> 
         <double>274.7978540202757</double> 
        </void> 
        <void method="add"> 
         <double>275.5849466662239</double> 
        </void> 
        <void method="add"> 
         <double>275.8211037294041</double> 
        </void> 
        <void method="add"> 
         <double>276.0587698852851</double> 
        </void> 
        <void method="add"> 
         <double>277.5835880965894</double> 
        </void> 
        <void method="add"> 
         <double>278.32377650336116</double> 
        </void> 
        <void method="add"> 
         <double>278.6134528852753</double> 
        </void> 
        <void method="add"> 
         <double>279.5652409863869</double> 
        </void> 
        <void method="add"> 
         <double>280.65734796639435</double> 
        </void> 
        <void method="add"> 
         <double>280.67167998155514</double> 
        </void> 
        <void method="add"> 
         <double>281.00608749496706</double> 
        </void> 
        <void method="add"> 
         <double>282.10463741249595</double> 
        </void> 
        <void method="add"> 
         <double>285.55480663503477</double> 
        </void> 
        <void method="add"> 
         <double>287.32613908384315</double> 
        </void> 
        <void method="add"> 
         <double>271.88293864534063</double> 
        </void> 
        <void method="add"> 
         <double>285.4256549171491</double> 
        </void> 
        <void method="add"> 
         <double>273.6978778112954</double> 
        </void> 
        <void method="add"> 
         <double>272.9380685751545</double> 
        </void> 
        <void method="add"> 
         <double>273.8675743165528</double> 
        </void> 
       </object> 
      </void> 
      <void property="stdev"> 
       <double>4.811689447378883</double> 
      </void> 
     </object> 
    </void> 
    <void index="7"> 
     <object class="jmbench.tools.EvaluationMetrics"> 
      <void property="max"> 
       <double>58.638363857589326</double> 
      </void> 
      <void property="mean"> 
       <double>57.42273411981173</double> 
      </void> 
      <void property="median"> 
       <double>57.301351674091386</double> 
      </void> 
      <void property="min"> 
       <double>56.15102010999121</double> 
      </void> 
      <void property="rawResults"> 
       <object class="java.util.ArrayList"> 
        <void method="add"> 
         <double>56.15102010999121</double> 
        </void> 
        <void method="add"> 
         <double>56.45336819878666</double> 
        </void> 
        <void method="add"> 
         <double>56.74627374207429</double> 
        </void> 
        <void method="add"> 
         <double>56.795731165213006</double> 
        </void> 
        <void method="add"> 
         <double>56.95154769863835</double> 
        </void> 
        <void method="add"> 
         <double>57.08370470220049</double> 
        </void> 
        <void method="add"> 
         <double>57.09945633931152</double> 
        </void> 
        <void method="add"> 
         <double>57.17911398833733</double> 
        </void> 
        <void method="add"> 
         <double>57.18225766778539</double> 
        </void> 
        <void method="add"> 
         <double>57.194161013719494</double> 
        </void> 
        <void method="add"> 
         <double>57.301351674091386</double> 
        </void> 
        <void method="add"> 
         <double>57.51179951515516</double> 
        </void> 
        <void method="add"> 
         <double>57.709583574057106</double> 
        </void> 
        <void method="add"> 
         <double>57.73709774453368</double> 
        </void> 
        <void method="add"> 
         <double>57.80570648864465</double> 
        </void> 
        <void method="add"> 
         <double>57.83587598803359</double> 
        </void> 
        <void method="add"> 
         <double>57.84553095668189</double> 
        </void> 
        <void method="add"> 
         <double>57.90654102393375</double> 
        </void> 
        <void method="add"> 
         <double>58.083172528039505</double> 
        </void> 
        <void method="add"> 
         <double>58.638363857589326</double> 
        </void> 
        <void method="add"> 
         <double>58.10096279453357</double> 
        </void> 
        <void method="add"> 
         <double>57.83838601067677</double> 
        </void> 
        <void method="add"> 
         <double>58.17102370163851</double> 
        </void> 
        <void method="add"> 
         <double>57.24379976589091</double> 
        </void> 
        <void method="add"> 
         <double>57.0025227457357</double> 
        </void> 
       </object> 
      </void> 
      <void property="stdev"> 
       <double>0.5750732466296405</double> 
      </void> 
     </object> 
    </void> 
    <void index="8"> 
     <object class="jmbench.tools.EvaluationMetrics"> 
      <void property="max"> 
       <double>9.358890973398388</double> 
      </void> 
      <void property="mean"> 
       <double>9.071055992123538</double> 
      </void> 
      <void property="median"> 
       <double>9.085640118762518</double> 
      </void> 
      <void property="min"> 
       <double>8.736547805062282</double> 
      </void> 
      <void property="rawResults"> 
       <object class="java.util.ArrayList"> 
        <void method="add"> 
         <double>8.833489617139449</double> 
        </void> 
        <void method="add"> 
         <double>8.877072347347987</double> 
        </void> 
        <void method="add"> 
         <double>8.930950362629897</double> 
        </void> 
        <void method="add"> 
         <double>8.935666879959049</double> 
        </void> 
        <void method="add"> 
         <double>8.952061070923385</double> 
        </void> 
        <void method="add"> 
         <double>9.023374896263606</double> 
        </void> 
        <void method="add"> 
         <double>9.053912830732013</double> 
        </void> 
        <void method="add"> 
         <double>9.075357793517698</double> 
        </void> 
        <void method="add"> 
         <double>9.085640118762518</double> 
        </void> 
        <void method="add"> 
         <double>9.118681040625964</double> 
        </void> 
        <void method="add"> 
         <double>9.12734279999336</double> 
        </void> 
        <void method="add"> 
         <double>9.15088437222287</double> 
        </void> 
        <void method="add"> 
         <double>9.172077494928615</double> 
        </void> 
        <void method="add"> 
         <double>9.182408754453284</double> 
        </void> 
        <void method="add"> 
         <double>9.191988964686336</double> 
        </void> 
        <void method="add"> 
         <double>9.193032420408944</double> 
        </void> 
        <void method="add"> 
         <double>9.206812308903958</double> 
        </void> 
        <void method="add"> 
         <double>9.219128663517145</double> 
        </void> 
        <void method="add"> 
         <double>9.231825366808488</double> 
        </void> 
        <void method="add"> 
         <double>9.358890973398388</double> 
        </void> 
        <void method="add"> 
         <double>8.825782550983783</double> 
        </void> 
        <void method="add"> 
         <double>9.078185240966985</double> 
        </void> 
        <void method="add"> 
         <double>9.228891798324861</double> 
        </void> 
        <void method="add"> 
         <double>8.986393330527639</double> 
        </void> 
        <void method="add"> 
         <double>8.736547805062282</double> 
        </void> 
       </object> 
      </void> 
      <void property="stdev"> 
       <double>0.15048440763124107</double> 
      </void> 
     </object> 
    </void> 
    <void index="9"> 
     <object class="jmbench.tools.EvaluationMetrics"> 
      <void property="max"> 
       <double>0.9477129549147243</double> 
      </void> 
      <void property="mean"> 
       <double>0.9067809274342525</double> 
      </void> 
      <void property="median"> 
       <double>0.9080080253236029</double> 
      </void> 
      <void property="min"> 
       <double>0.8470702965684055</double> 
      </void> 
      <void property="rawResults"> 
       <object class="java.util.ArrayList"> 
        <void method="add"> 
         <double>0.852824315384386</double> 
        </void> 
        <void method="add"> 
         <double>0.8832264828211351</double> 
        </void> 
        <void method="add"> 
         <double>0.8855992657347707</double> 
        </void> 
        <void method="add"> 
         <double>0.891798027859708</double> 
        </void> 
        <void method="add"> 
         <double>0.893864004839773</double> 
        </void> 
        <void method="add"> 
         <double>0.8970905323024466</double> 
        </void> 
        <void method="add"> 
         <double>0.901797456558189</double> 
        </void> 
        <void method="add"> 
         <double>0.9032261511149424</double> 
        </void> 
        <void method="add"> 
         <double>0.9067616157307762</double> 
        </void> 
        <void method="add"> 
         <double>0.9080080253236029</double> 
        </void> 
        <void method="add"> 
         <double>0.9109473718028729</double> 
        </void> 
        <void method="add"> 
         <double>0.9246488867845223</double> 
        </void> 
        <void method="add"> 
         <double>0.9274409941063925</double> 
        </void> 
        <void method="add"> 
         <double>0.9330175701651574</double> 
        </void> 
        <void method="add"> 
         <double>0.9375845332075043</double> 
        </void> 
        <void method="add"> 
         <double>0.9399806465254065</double> 
        </void> 
        <void method="add"> 
         <double>0.9437278010232074</double> 
        </void> 
        <void method="add"> 
         <double>0.9441507994534896</double> 
        </void> 
        <void method="add"> 
         <double>0.9473744665981357</double> 
        </void> 
        <void method="add"> 
         <double>0.9477129549147243</double> 
        </void> 
        <void method="add"> 
         <double>0.862728581264051</double> 
        </void> 
        <void method="add"> 
         <double>0.8470702965684055</double> 
        </void> 
        <void method="add"> 
         <double>0.909902330210369</double> 
        </void> 
        <void method="add"> 
         <double>0.8597793799462097</double> 
        </void> 
        <void method="add"> 
         <double>0.9092606956161351</double> 
        </void> 
       </object> 
      </void> 
      <void property="stdev"> 
       <double>0.02950102657027472</double> 
      </void> 
     </object> 
    </void> 
    <void index="10"> 
     <object class="jmbench.tools.EvaluationMetrics"> 
      <void property="max"> 
       <double>0.1258762157626063</double> 
      </void> 
      <void property="mean"> 
       <double>0.12185561133044882</double> 
      </void> 
      <void property="median"> 
       <double>0.12340076689131727</double> 
      </void> 
      <void property="min"> 
       <double>0.11069674787117297</double> 
      </void> 
      <void property="rawResults"> 
       <object class="java.util.ArrayList"> 
        <void method="add"> 
         <double>0.11069674787117297</double> 
        </void> 
        <void method="add"> 
         <double>0.11643637322264222</double> 
        </void> 
        <void method="add"> 
         <double>0.11778501604785215</double> 
        </void> 
        <void method="add"> 
         <double>0.11821771734422232</double> 
        </void> 
        <void method="add"> 
         <double>0.11929544385714672</double> 
        </void> 
        <void method="add"> 
         <double>0.1200061016526356</double> 
        </void> 
        <void method="add"> 
         <double>0.12244296416391658</double> 
        </void> 
        <void method="add"> 
         <double>0.12264348218792667</double> 
        </void> 
        <void method="add"> 
         <double>0.12295768757959513</double> 
        </void> 
        <void method="add"> 
         <double>0.12319731013890643</double> 
        </void> 
        <void method="add"> 
         <double>0.12340076689131727</double> 
        </void> 
        <void method="add"> 
         <double>0.12343193498519456</double> 
        </void> 
        <void method="add"> 
         <double>0.12364736701645368</double> 
        </void> 
        <void method="add"> 
         <double>0.12379634790129682</double> 
        </void> 
        <void method="add"> 
         <double>0.12405449384872634</double> 
        </void> 
        <void method="add"> 
         <double>0.12408580921649195</double> 
        </void> 
        <void method="add"> 
         <double>0.12416911457818812</double> 
        </void> 
        <void method="add"> 
         <double>0.12481535853386168</double> 
        </void> 
        <void method="add"> 
         <double>0.12485183187003754</double> 
        </void> 
        <void method="add"> 
         <double>0.1258762157626063</double> 
        </void> 
        <void method="add"> 
         <double>0.11502563892447652</double> 
        </void> 
        <void method="add"> 
         <double>0.12341820267578626</double> 
        </void> 
        <void method="add"> 
         <double>0.12259870154472041</double> 
        </void> 
        <void method="add"> 
         <double>0.1244963257440467</double> 
        </void> 
        <void method="add"> 
         <double>0.12504332970200002</double> 
        </void> 
       </object> 
      </void> 
      <void property="stdev"> 
       <double>0.003607427460573966</double> 
      </void> 
     </object> 
    </void> 
    <void index="11"> 
     <object class="jmbench.tools.EvaluationMetrics"> 
      <void property="max"> 
       <double>0.013929746118305613</double> 
      </void> 
      <void property="mean"> 
       <double>0.013929746118305613</double> 
      </void> 
      <void property="median"> 
       <double>0.013929746118305613</double> 
      </void> 
      <void property="min"> 
       <double>0.013929746118305613</double> 
      </void> 
      <void property="rawResults"> 
       <object class="java.util.ArrayList"> 
        <void method="add"> 
         <double>0.013929746118305613</double> 
        </void> 
       </object> 
      </void> 
     </object> 
    </void> 
   </array> 
  </void> 
  <void property="opName"> 
   <string>SVD</string> 
  </void> 
 </object> 
</java> 
