<?xml version="1.0" encoding="UTF-8"?> 
<java version="1.6.0_16" class="java.beans.XMLDecoder"> 
 <object class="jmbench.tools.runtime.OperationResults"> 
  <void property="library"> 
   <object class="jmbench.impl.MatrixLibrary" method="valueOf"> 
    <string>OJALGO</string> 
   </object> 
  </void> 
  <void property="matDimen"> 
   <array class="int" length="12"> 
    <void index="0"> 
     <int>2</int> 
    </void> 
    <void index="1"> 
     <int>3</int> 
    </void> 
    <void index="2"> 
     <int>4</int> 
    </void> 
    <void index="3"> 
     <int>5</int> 
    </void> 
    <void index="4"> 
     <int>10</int> 
    </void> 
    <void index="5"> 
     <int>20</int> 
    </void> 
    <void index="6"> 
     <int>50</int> 
    </void> 
    <void index="7"> 
     <int>100</int> 
    </void> 
    <void index="8"> 
     <int>200</int> 
    </void> 
    <void index="9"> 
     <int>500</int> 
    </void> 
    <void index="10"> 
     <int>1000</int> 
    </void> 
    <void index="11"> 
     <int>2000</int> 
    </void> 
   </array> 
  </void> 
  <void property="metrics"> 
   <array class="jmbench.tools.EvaluationMetrics" length="12"> 
    <void index="0"> 
     <object class="jmbench.tools.EvaluationMetrics"> 
      <void property="max"> 
       <double>1.6435182650272544E7</double> 
      </void> 
      <void property="mean"> 
       <double>1.5173880353514101E7</double> 
      </void> 
      <void property="median"> 
       <double>1.6278477182569617E7</double> 
      </void> 
      <void property="min"> 
       <double>1.2772855130469829E7</double> 
      </void> 
      <void property="rawResults"> 
       <object class="java.util.ArrayList"> 
        <void method="add"> 
         <double>1.2772855130469829E7</double> 
        </void> 
        <void method="add"> 
         <double>1.2774819689369759E7</double> 
        </void> 
        <void method="add"> 
         <double>1.280471249033451E7</double> 
        </void> 
        <void method="add"> 
         <double>1.2924901241453232E7</double> 
        </void> 
        <void method="add"> 
         <double>1.3035899619992036E7</double> 
        </void> 
        <void method="add"> 
         <double>1.3895497721656874E7</double> 
        </void> 
        <void method="add"> 
         <double>1.3954078467972893E7</double> 
        </void> 
        <void method="add"> 
         <double>1.3980107637654472E7</double> 
        </void> 
        <void method="add"> 
         <double>1.4064655447238265E7</double> 
        </void> 
        <void method="add"> 
         <double>1.4104465129270496E7</double> 
        </void> 
        <void method="add"> 
         <double>1.6243202664663555E7</double> 
        </void> 
        <void method="add"> 
         <double>1.6256795940440001E7</double> 
        </void> 
        <void method="add"> 
         <double>1.6278477182569617E7</double> 
        </void> 
        <void method="add"> 
         <double>1.6283095154783022E7</double> 
        </void> 
        <void method="add"> 
         <double>1.6287980329276234E7</double> 
        </void> 
        <void method="add"> 
         <double>1.634191792918681E7</double> 
        </void> 
        <void method="add"> 
         <double>1.6348079778809646E7</double> 
        </void> 
        <void method="add"> 
         <double>1.6372279571590122E7</double> 
        </void> 
        <void method="add"> 
         <double>1.6381377757558193E7</double> 
        </void> 
        <void method="add"> 
         <double>1.6385158679936795E7</double> 
        </void> 
        <void method="add"> 
         <double>1.6321070032281144E7</double> 
        </void> 
        <void method="add"> 
         <double>1.633602600870704E7</double> 
        </void> 
        <void method="add"> 
         <double>1.6382419724132523E7</double> 
        </void> 
        <void method="add"> 
         <double>1.6435182650272544E7</double> 
        </void> 
        <void method="add"> 
         <double>1.6381952858232873E7</double> 
        </void> 
       </object> 
      </void> 
      <void property="stdev"> 
       <double>1469331.6243380718</double> 
      </void> 
     </object> 
    </void> 
    <void index="1"> 
     <object class="jmbench.tools.EvaluationMetrics"> 
      <void property="max"> 
       <double>1.06859855695489E7</double> 
      </void> 
      <void property="mean"> 
       <double>1.0366951587542381E7</double> 
      </void> 
      <void property="median"> 
       <double>1.0623264879739676E7</double> 
      </void> 
      <void property="min"> 
       <double>9107817.966891583</double> 
      </void> 
      <void property="rawResults"> 
       <object class="java.util.ArrayList"> 
        <void method="add"> 
         <double>9107817.966891583</double> 
        </void> 
        <void method="add"> 
         <double>9519294.264753917</double> 
        </void> 
        <void method="add"> 
         <double>9546547.457428178</double> 
        </void> 
        <void method="add"> 
         <double>9678914.714733714</double> 
        </void> 
        <void method="add"> 
         <double>9748249.383427147</double> 
        </void> 
        <void method="add"> 
         <double>9750588.43917711</double> 
        </void> 
        <void method="add"> 
         <double>1.032939809616239E7</double> 
        </void> 
        <void method="add"> 
         <double>1.0623264879739676E7</double> 
        </void> 
        <void method="add"> 
         <double>1.0627703471986106E7</double> 
        </void> 
        <void method="add"> 
         <double>1.063602613101413E7</double> 
        </void> 
        <void method="add"> 
         <double>1.0636473187079549E7</double> 
        </void> 
        <void method="add"> 
         <double>1.0641846133607998E7</double> 
        </void> 
        <void method="add"> 
         <double>1.0641939108215876E7</double> 
        </void> 
        <void method="add"> 
         <double>1.0658654268918976E7</double> 
        </void> 
        <void method="add"> 
         <double>1.0660748074944833E7</double> 
        </void> 
        <void method="add"> 
         <double>1.0660793230939485E7</double> 
        </void> 
        <void method="add"> 
         <double>1.066356534484683E7</double> 
        </void> 
        <void method="add"> 
         <double>1.0670664777664188E7</double> 
        </void> 
        <void method="add"> 
         <double>1.068586319332984E7</double> 
        </void> 
        <void method="add"> 
         <double>1.06859855695489E7</double> 
        </void> 
        <void method="add"> 
         <double>1.0588154948175507E7</double> 
        </void> 
        <void method="add"> 
         <double>1.0590777636629269E7</double> 
        </void> 
        <void method="add"> 
         <double>1.0618740938708933E7</double> 
        </void> 
        <void method="add"> 
         <double>1.061935287649339E7</double> 
        </void> 
        <void method="add"> 
         <double>1.0582425594141966E7</double> 
        </void> 
       </object> 
      </void> 
      <void property="stdev"> 
       <double>471526.9375131767</double> 
      </void> 
     </object> 
    </void> 
    <void index="2"> 
     <object class="jmbench.tools.EvaluationMetrics"> 
      <void property="max"> 
       <double>8401809.979614414</double> 
      </void> 
      <void property="mean"> 
       <double>8093274.456187091</double> 
      </void> 
      <void property="median"> 
       <double>8047354.819399776</double> 
      </void> 
      <void property="min"> 
       <double>7375621.607744931</double> 
      </void> 
      <void property="rawResults"> 
       <object class="java.util.ArrayList"> 
        <void method="add"> 
         <double>7375621.607744931</double> 
        </void> 
        <void method="add"> 
         <double>7876695.144108761</double> 
        </void> 
        <void method="add"> 
         <double>7926672.075741314</double> 
        </void> 
        <void method="add"> 
         <double>7949006.690047395</double> 
        </void> 
        <void method="add"> 
         <double>7974987.457010695</double> 
        </void> 
        <void method="add"> 
         <double>7997739.645644196</double> 
        </void> 
        <void method="add"> 
         <double>8010441.456225627</double> 
        </void> 
        <void method="add"> 
         <double>8018974.059825136</double> 
        </void> 
        <void method="add"> 
         <double>8024848.5427096775</double> 
        </void> 
        <void method="add"> 
         <double>8025855.37484001</double> 
        </void> 
        <void method="add"> 
         <double>8029017.792997475</double> 
        </void> 
        <void method="add"> 
         <double>8041419.759002025</double> 
        </void> 
        <void method="add"> 
         <double>8047354.819399776</double> 
        </void> 
        <void method="add"> 
         <double>8048965.843982968</double> 
        </void> 
        <void method="add"> 
         <double>8064714.705302493</double> 
        </void> 
        <void method="add"> 
         <double>8069111.493742034</double> 
        </void> 
        <void method="add"> 
         <double>8093557.543218277</double> 
        </void> 
        <void method="add"> 
         <double>8389506.950254586</double> 
        </void> 
        <void method="add"> 
         <double>8399064.391941655</double> 
        </void> 
        <void method="add"> 
         <double>8401809.979614414</double> 
        </void> 
        <void method="add"> 
         <double>8297380.077623454</double> 
        </void> 
        <void method="add"> 
         <double>8277170.754592124</double> 
        </void> 
        <void method="add"> 
         <double>8289795.441052695</double> 
        </void> 
        <void method="add"> 
         <double>8357234.82718103</double> 
        </void> 
        <void method="add"> 
         <double>8344914.970874557</double> 
        </void> 
       </object> 
      </void> 
      <void property="stdev"> 
       <double>218272.29436486887</double> 
      </void> 
     </object> 
    </void> 
    <void index="3"> 
     <object class="jmbench.tools.EvaluationMetrics"> 
      <void property="max"> 
       <double>6288274.357421677</double> 
      </void> 
      <void property="mean"> 
       <double>5896927.955857115</double> 
      </void> 
      <void property="median"> 
       <double>5787275.1714180885</double> 
      </void> 
      <void property="min"> 
       <double>5371490.836704211</double> 
      </void> 
      <void property="rawResults"> 
       <object class="java.util.ArrayList"> 
        <void method="add"> 
         <double>5371490.836704211</double> 
        </void> 
        <void method="add"> 
         <double>5545973.994910011</double> 
        </void> 
        <void method="add"> 
         <double>5563033.789426391</double> 
        </void> 
        <void method="add"> 
         <double>5566478.805134504</double> 
        </void> 
        <void method="add"> 
         <double>5570042.437976882</double> 
        </void> 
        <void method="add"> 
         <double>5592728.323109334</double> 
        </void> 
        <void method="add"> 
         <double>5598075.177399499</double> 
        </void> 
        <void method="add"> 
         <double>5608152.522627766</double> 
        </void> 
        <void method="add"> 
         <double>5618926.915949561</double> 
        </void> 
        <void method="add"> 
         <double>5639657.8886632705</double> 
        </void> 
        <void method="add"> 
         <double>5730945.80354305</double> 
        </void> 
        <void method="add"> 
         <double>5765689.365688189</double> 
        </void> 
        <void method="add"> 
         <double>5862390.7360563595</double> 
        </void> 
        <void method="add"> 
         <double>6181861.506854422</double> 
        </void> 
        <void method="add"> 
         <double>6182692.740685537</double> 
        </void> 
        <void method="add"> 
         <double>6209207.780526146</double> 
        </void> 
        <void method="add"> 
         <double>6211788.623117887</double> 
        </void> 
        <void method="add"> 
         <double>6215145.259900185</double> 
        </void> 
        <void method="add"> 
         <double>6284296.716569184</double> 
        </void> 
        <void method="add"> 
         <double>6288274.357421677</double> 
        </void> 
        <void method="add"> 
         <double>6281616.785331412</double> 
        </void> 
        <void method="add"> 
         <double>6245429.615142588</double> 
        </void> 
        <void method="add"> 
         <double>6269457.907449988</double> 
        </void> 
        <void method="add"> 
         <double>6232565.834821705</double> 
        </void> 
        <void method="add"> 
         <double>5787275.1714180885</double> 
        </void> 
       </object> 
      </void> 
      <void property="stdev"> 
       <double>314854.68998472614</double> 
      </void> 
     </object> 
    </void> 
    <void index="4"> 
     <object class="jmbench.tools.EvaluationMetrics"> 
      <void property="max"> 
       <double>1848326.8052373275</double> 
      </void> 
      <void property="mean"> 
       <double>1641571.8133609078</double> 
      </void> 
      <void property="median"> 
       <double>1631867.436556422</double> 
      </void> 
      <void property="min"> 
       <double>1508719.5994874926</double> 
      </void> 
      <void property="rawResults"> 
       <object class="java.util.ArrayList"> 
        <void method="add"> 
         <double>1508719.5994874926</double> 
        </void> 
        <void method="add"> 
         <double>1513563.955508587</double> 
        </void> 
        <void method="add"> 
         <double>1520011.9199513306</double> 
        </void> 
        <void method="add"> 
         <double>1525461.8301082316</double> 
        </void> 
        <void method="add"> 
         <double>1526026.064258918</double> 
        </void> 
        <void method="add"> 
         <double>1527726.0407983335</double> 
        </void> 
        <void method="add"> 
         <double>1530549.2791115316</double> 
        </void> 
        <void method="add"> 
         <double>1530714.147830417</double> 
        </void> 
        <void method="add"> 
         <double>1536026.3064937845</double> 
        </void> 
        <void method="add"> 
         <double>1542997.1082684458</double> 
        </void> 
        <void method="add"> 
         <double>1631867.436556422</double> 
        </void> 
        <void method="add"> 
         <double>1684887.0463684201</double> 
        </void> 
        <void method="add"> 
         <double>1733962.4648572004</double> 
        </void> 
        <void method="add"> 
         <double>1739848.366928386</double> 
        </void> 
        <void method="add"> 
         <double>1758911.857381048</double> 
        </void> 
        <void method="add"> 
         <double>1758919.5360343142</double> 
        </void> 
        <void method="add"> 
         <double>1785600.687205801</double> 
        </void> 
        <void method="add"> 
         <double>1801647.277410251</double> 
        </void> 
        <void method="add"> 
         <double>1838661.2549903966</double> 
        </void> 
        <void method="add"> 
         <double>1848326.8052373275</double> 
        </void> 
        <void method="add"> 
         <double>1611016.007749542</double> 
        </void> 
        <void method="add"> 
         <double>1572185.7655658734</double> 
        </void> 
        <void method="add"> 
         <double>1657498.8078727433</double> 
        </void> 
        <void method="add"> 
         <double>1719978.3064617522</double> 
        </void> 
        <void method="add"> 
         <double>1634187.4615861347</double> 
        </void> 
       </object> 
      </void> 
      <void property="stdev"> 
       <double>113480.58229487995</double> 
      </void> 
     </object> 
    </void> 
    <void index="5"> 
     <object class="jmbench.tools.EvaluationMetrics"> 
      <void property="max"> 
       <double>578318.1274166967</double> 
      </void> 
      <void property="mean"> 
       <double>559961.2467688489</double> 
      </void> 
      <void property="median"> 
       <double>559648.4812049805</double> 
      </void> 
      <void property="min"> 
       <double>538675.3377904008</double> 
      </void> 
      <void property="rawResults"> 
       <object class="java.util.ArrayList"> 
        <void method="add"> 
         <double>538675.3377904008</double> 
        </void> 
        <void method="add"> 
         <double>539009.0486148954</double> 
        </void> 
        <void method="add"> 
         <double>543669.010115696</double> 
        </void> 
        <void method="add"> 
         <double>545694.4292012727</double> 
        </void> 
        <void method="add"> 
         <double>546207.361591298</double> 
        </void> 
        <void method="add"> 
         <double>551175.7806597751</double> 
        </void> 
        <void method="add"> 
         <double>551325.4650768874</double> 
        </void> 
        <void method="add"> 
         <double>552504.2151059464</double> 
        </void> 
        <void method="add"> 
         <double>554391.3276568042</double> 
        </void> 
        <void method="add"> 
         <double>559648.4812049805</double> 
        </void> 
        <void method="add"> 
         <double>562646.3567491303</double> 
        </void> 
        <void method="add"> 
         <double>563350.8023719604</double> 
        </void> 
        <void method="add"> 
         <double>563838.8640918413</double> 
        </void> 
        <void method="add"> 
         <double>565336.9883329559</double> 
        </void> 
        <void method="add"> 
         <double>573529.7512180308</double> 
        </void> 
        <void method="add"> 
         <double>575282.0319279822</double> 
        </void> 
        <void method="add"> 
         <double>576671.8676506849</double> 
        </void> 
        <void method="add"> 
         <double>577693.5474408737</double> 
        </void> 
        <void method="add"> 
         <double>578080.9834230142</double> 
        </void> 
        <void method="add"> 
         <double>578318.1274166967</double> 
        </void> 
        <void method="add"> 
         <double>548716.3556424835</double> 
        </void> 
        <void method="add"> 
         <double>558941.4424667592</double> 
        </void> 
        <void method="add"> 
         <double>558676.6647224245</double> 
        </void> 
        <void method="add"> 
         <double>573536.03557268</double> 
        </void> 
        <void method="add"> 
         <double>562110.8931757442</double> 
        </void> 
       </object> 
      </void> 
      <void property="stdev"> 
       <double>12405.16065897988</double> 
      </void> 
     </object> 
    </void> 
    <void index="6"> 
     <object class="jmbench.tools.EvaluationMetrics"> 
      <void property="max"> 
       <double>91375.76760877145</double> 
      </void> 
      <void property="mean"> 
       <double>88312.23190127361</double> 
      </void> 
      <void property="median"> 
       <double>89199.57043801475</double> 
      </void> 
      <void property="min"> 
       <double>84226.25353249956</double> 
      </void> 
      <void property="rawResults"> 
       <object class="java.util.ArrayList"> 
        <void method="add"> 
         <double>84226.25353249956</double> 
        </void> 
        <void method="add"> 
         <double>84609.01123281721</double> 
        </void> 
        <void method="add"> 
         <double>85744.86673499152</double> 
        </void> 
        <void method="add"> 
         <double>86116.06524730656</double> 
        </void> 
        <void method="add"> 
         <double>86796.25110907624</double> 
        </void> 
        <void method="add"> 
         <double>87490.75524438523</double> 
        </void> 
        <void method="add"> 
         <double>87525.39888990768</double> 
        </void> 
        <void method="add"> 
         <double>89199.57043801475</double> 
        </void> 
        <void method="add"> 
         <double>89380.23266387948</double> 
        </void> 
        <void method="add"> 
         <double>89402.40166056564</double> 
        </void> 
        <void method="add"> 
         <double>89736.8946535382</double> 
        </void> 
        <void method="add"> 
         <double>89783.67343292569</double> 
        </void> 
        <void method="add"> 
         <double>90085.67374895075</double> 
        </void> 
        <void method="add"> 
         <double>90202.90856719454</double> 
        </void> 
        <void method="add"> 
         <double>90330.98409860377</double> 
        </void> 
        <void method="add"> 
         <double>90468.35278586847</double> 
        </void> 
        <void method="add"> 
         <double>90932.76948656386</double> 
        </void> 
        <void method="add"> 
         <double>91038.65037069525</double> 
        </void> 
        <void method="add"> 
         <double>91334.60226488119</double> 
        </void> 
        <void method="add"> 
         <double>91375.76760877145</double> 
        </void> 
        <void method="add"> 
         <double>86174.54543263538</double> 
        </void> 
        <void method="add"> 
         <double>86314.23779618254</double> 
        </void> 
        <void method="add"> 
         <double>87360.803088012</double> 
        </void> 
        <void method="add"> 
         <double>86523.91772447422</double> 
        </void> 
        <void method="add"> 
         <double>85651.20971909947</double> 
        </void> 
       </object> 
      </void> 
      <void property="stdev"> 
       <double>2197.61233735446</double> 
      </void> 
     </object> 
    </void> 
    <void index="7"> 
     <object class="jmbench.tools.EvaluationMetrics"> 
      <void property="max"> 
       <double>15637.621175394052</double> 
      </void> 
      <void property="mean"> 
       <double>14487.752071487494</double> 
      </void> 
      <void property="median"> 
       <double>14433.551418296585</double> 
      </void> 
      <void property="min"> 
       <double>12514.842507440535</double> 
      </void> 
      <void property="rawResults"> 
       <object class="java.util.ArrayList"> 
        <void method="add"> 
         <double>12514.842507440535</double> 
        </void> 
        <void method="add"> 
         <double>13406.837883851184</double> 
        </void> 
        <void method="add"> 
         <double>13516.476460649286</double> 
        </void> 
        <void method="add"> 
         <double>13788.163342638916</double> 
        </void> 
        <void method="add"> 
         <double>13932.183089372182</double> 
        </void> 
        <void method="add"> 
         <double>14049.33005335158</double> 
        </void> 
        <void method="add"> 
         <double>14349.29722692032</double> 
        </void> 
        <void method="add"> 
         <double>14353.015733124568</double> 
        </void> 
        <void method="add"> 
         <double>14424.618678530582</double> 
        </void> 
        <void method="add"> 
         <double>14433.551418296585</double> 
        </void> 
        <void method="add"> 
         <double>14584.04575844504</double> 
        </void> 
        <void method="add"> 
         <double>14766.419835824625</double> 
        </void> 
        <void method="add"> 
         <double>14897.073721834862</double> 
        </void> 
        <void method="add"> 
         <double>14918.171221582428</double> 
        </void> 
        <void method="add"> 
         <double>14942.161798360476</double> 
        </void> 
        <void method="add"> 
         <double>15086.282271182085</double> 
        </void> 
        <void method="add"> 
         <double>15193.138507379468</double> 
        </void> 
        <void method="add"> 
         <double>15308.50580644194</double> 
        </void> 
        <void method="add"> 
         <double>15326.798937982834</double> 
        </void> 
        <void method="add"> 
         <double>15637.621175394052</double> 
        </void> 
        <void method="add"> 
         <double>14814.415429681649</double> 
        </void> 
        <void method="add"> 
         <double>14366.797082621626</double> 
        </void> 
        <void method="add"> 
         <double>14173.445836234449</double> 
        </void> 
        <void method="add"> 
         <double>14343.123363778881</double> 
        </void> 
        <void method="add"> 
         <double>15067.484646267285</double> 
        </void> 
       </object> 
      </void> 
      <void property="stdev"> 
       <double>687.5366467050608</double> 
      </void> 
     </object> 
    </void> 
    <void index="8"> 
     <object class="jmbench.tools.EvaluationMetrics"> 
      <void property="max"> 
       <double>3926.319745199285</double> 
      </void> 
      <void property="mean"> 
       <double>3869.969386673475</double> 
      </void> 
      <void property="median"> 
       <double>3873.8751843475447</double> 
      </void> 
      <void property="min"> 
       <double>3751.275541733498</double> 
      </void> 
      <void property="rawResults"> 
       <object class="java.util.ArrayList"> 
        <void method="add"> 
         <double>3826.732456485766</double> 
        </void> 
        <void method="add"> 
         <double>3861.1663784417547</double> 
        </void> 
        <void method="add"> 
         <double>3862.227096263132</double> 
        </void> 
        <void method="add"> 
         <double>3862.7972318389247</double> 
        </void> 
        <void method="add"> 
         <double>3863.9851625528163</double> 
        </void> 
        <void method="add"> 
         <double>3869.662032750825</double> 
        </void> 
        <void method="add"> 
         <double>3871.2399524082794</double> 
        </void> 
        <void method="add"> 
         <double>3873.8751843475447</double> 
        </void> 
        <void method="add"> 
         <double>3878.7645791151717</double> 
        </void> 
        <void method="add"> 
         <double>3882.699808923338</double> 
        </void> 
        <void method="add"> 
         <double>3883.191491265069</double> 
        </void> 
        <void method="add"> 
         <double>3883.7552877339103</double> 
        </void> 
        <void method="add"> 
         <double>3887.0803317929917</double> 
        </void> 
        <void method="add"> 
         <double>3893.4307634600286</double> 
        </void> 
        <void method="add"> 
         <double>3906.4444144399226</double> 
        </void> 
        <void method="add"> 
         <double>3909.0657937732144</double> 
        </void> 
        <void method="add"> 
         <double>3912.331951532982</double> 
        </void> 
        <void method="add"> 
         <double>3916.521066579282</double> 
        </void> 
        <void method="add"> 
         <double>3916.548923343444</double> 
        </void> 
        <void method="add"> 
         <double>3926.319745199285</double> 
        </void> 
        <void method="add"> 
         <double>3864.862192892726</double> 
        </void> 
        <void method="add"> 
         <double>3818.743853563802</double> 
        </void> 
        <void method="add"> 
         <double>3751.275541733498</double> 
        </void> 
        <void method="add"> 
         <double>3798.610914415347</double> 
        </void> 
        <void method="add"> 
         <double>3827.902511983834</double> 
        </void> 
       </object> 
      </void> 
      <void property="stdev"> 
       <double>39.66067948110028</double> 
      </void> 
     </object> 
    </void> 
    <void index="9"> 
     <object class="jmbench.tools.EvaluationMetrics"> 
      <void property="max"> 
       <double>408.71148215315907</double> 
      </void> 
      <void property="mean"> 
       <double>402.2081267986007</double> 
      </void> 
      <void property="median"> 
       <double>405.0231577049033</double> 
      </void> 
      <void property="min"> 
       <double>368.7435471493847</double> 
      </void> 
      <void property="rawResults"> 
       <object class="java.util.ArrayList"> 
        <void method="add"> 
         <double>368.7435471493847</double> 
        </void> 
        <void method="add"> 
         <double>387.62585885551596</double> 
        </void> 
        <void method="add"> 
         <double>399.6142122311988</double> 
        </void> 
        <void method="add"> 
         <double>403.3589716648973</double> 
        </void> 
        <void method="add"> 
         <double>403.98959347904054</double> 
        </void> 
        <void method="add"> 
         <double>404.08532409782947</double> 
        </void> 
        <void method="add"> 
         <double>404.1528398243311</double> 
        </void> 
        <void method="add"> 
         <double>405.0231577049033</double> 
        </void> 
        <void method="add"> 
         <double>405.3350933998916</double> 
        </void> 
        <void method="add"> 
         <double>405.6243551533641</double> 
        </void> 
        <void method="add"> 
         <double>405.8393466109632</double> 
        </void> 
        <void method="add"> 
         <double>405.87957187810764</double> 
        </void> 
        <void method="add"> 
         <double>406.01038691631607</double> 
        </void> 
        <void method="add"> 
         <double>406.1797199542574</double> 
        </void> 
        <void method="add"> 
         <double>406.36558800403674</double> 
        </void> 
        <void method="add"> 
         <double>406.610888577924</double> 
        </void> 
        <void method="add"> 
         <double>406.858139803272</double> 
        </void> 
        <void method="add"> 
         <double>406.8694010330242</double> 
        </void> 
        <void method="add"> 
         <double>408.3494530174679</double> 
        </void> 
        <void method="add"> 
         <double>408.71148215315907</double> 
        </void> 
        <void method="add"> 
         <double>396.84206681410006</double> 
        </void> 
        <void method="add"> 
         <double>398.8846071783819</double> 
        </void> 
        <void method="add"> 
         <double>400.5391572937679</double> 
        </void> 
        <void method="add"> 
         <double>401.73931411710004</double> 
        </void> 
        <void method="add"> 
         <double>401.97109305278525</double> 
        </void> 
       </object> 
      </void> 
      <void property="stdev"> 
       <double>8.100005007105013</double> 
      </void> 
     </object> 
    </void> 
    <void index="10"> 
     <object class="jmbench.tools.EvaluationMetrics"> 
      <void property="max"> 
       <double>142.34268980682447</double> 
      </void> 
      <void property="mean"> 
       <double>140.49200718697088</double> 
      </void> 
      <void property="median"> 
       <double>141.03943763560426</double> 
      </void> 
      <void property="min"> 
       <double>135.46323014626154</double> 
      </void> 
      <void property="rawResults"> 
       <object class="java.util.ArrayList"> 
        <void method="add"> 
         <double>135.46323014626154</double> 
        </void> 
        <void method="add"> 
         <double>136.07294801335763</double> 
        </void> 
        <void method="add"> 
         <double>136.57702495180058</double> 
        </void> 
        <void method="add"> 
         <double>139.1588151909278</double> 
        </void> 
        <void method="add"> 
         <double>139.16960828004537</double> 
        </void> 
        <void method="add"> 
         <double>140.59447785375585</double> 
        </void> 
        <void method="add"> 
         <double>140.67587547325388</double> 
        </void> 
        <void method="add"> 
         <double>140.8430018232634</double> 
        </void> 
        <void method="add"> 
         <double>140.91876455979423</double> 
        </void> 
        <void method="add"> 
         <double>140.93212214959385</double> 
        </void> 
        <void method="add"> 
         <double>141.03943763560426</double> 
        </void> 
        <void method="add"> 
         <double>141.194825098556</double> 
        </void> 
        <void method="add"> 
         <double>141.27926362056553</double> 
        </void> 
        <void method="add"> 
         <double>141.39844940672506</double> 
        </void> 
        <void method="add"> 
         <double>141.5184442700657</double> 
        </void> 
        <void method="add"> 
         <double>141.5449113381093</double> 
        </void> 
        <void method="add"> 
         <double>142.0946924021785</double> 
        </void> 
        <void method="add"> 
         <double>142.1308556072791</double> 
        </void> 
        <void method="add"> 
         <double>142.1556879772271</double> 
        </void> 
        <void method="add"> 
         <double>142.34268980682447</double> 
        </void> 
        <void method="add"> 
         <double>141.07343298038896</double> 
        </void> 
        <void method="add"> 
         <double>140.31941628859607</double> 
        </void> 
        <void method="add"> 
         <double>141.6157584364813</double> 
        </void> 
        <void method="add"> 
         <double>140.42983775173036</double> 
        </void> 
        <void method="add"> 
         <double>141.75660861188578</double> 
        </void> 
       </object> 
      </void> 
      <void property="stdev"> 
       <double>1.825283386091121</double> 
      </void> 
     </object> 
    </void> 
    <void index="11"> 
     <object class="jmbench.tools.EvaluationMetrics"> 
      <void property="max"> 
       <double>41.20806351251544</double> 
      </void> 
      <void property="mean"> 
       <double>39.771622351135555</double> 
      </void> 
      <void property="median"> 
       <double>40.676470662053056</double> 
      </void> 
      <void property="min"> 
       <double>36.190987070563295</double> 
      </void> 
      <void property="rawResults"> 
       <object class="java.util.ArrayList"> 
        <void method="add"> 
         <double>36.190987070563295</double> 
        </void> 
        <void method="add"> 
         <double>36.574977448752286</double> 
        </void> 
        <void method="add"> 
         <double>37.55256866064445</double> 
        </void> 
        <void method="add"> 
         <double>37.63395695091943</double> 
        </void> 
        <void method="add"> 
         <double>38.802189899696586</double> 
        </void> 
        <void method="add"> 
         <double>39.01493551776558</double> 
        </void> 
        <void method="add"> 
         <double>39.66706570000085</double> 
        </void> 
        <void method="add"> 
         <double>39.73732825444246</double> 
        </void> 
        <void method="add"> 
         <double>39.85504360847278</double> 
        </void> 
        <void method="add"> 
         <double>40.676470662053056</double> 
        </void> 
        <void method="add"> 
         <double>40.797914306993924</double> 
        </void> 
        <void method="add"> 
         <double>40.80293590915259</double> 
        </void> 
        <void method="add"> 
         <double>40.806233152512156</double> 
        </void> 
        <void method="add"> 
         <double>40.86886050446256</double> 
        </void> 
        <void method="add"> 
         <double>40.92476545269127</double> 
        </void> 
        <void method="add"> 
         <double>40.97299187972015</double> 
        </void> 
        <void method="add"> 
         <double>40.98368744048404</double> 
        </void> 
        <void method="add"> 
         <double>41.019338649244865</double> 
        </void> 
        <void method="add"> 
         <double>41.196277408856304</double> 
        </void> 
        <void method="add"> 
         <double>41.20806351251544</double> 
        </void> 
        <void method="add"> 
         <double>40.930189955293216</double> 
        </void> 
        <void method="add"> 
         <double>40.589529668013185</double> 
        </void> 
        <void method="add"> 
         <double>40.07380129204932</double> 
        </void> 
        <void method="add"> 
         <double>40.82144057789622</double> 
        </void> 
        <void method="add"> 
         <double>36.58900529519297</double> 
        </void> 
       </object> 
      </void> 
      <void property="stdev"> 
       <double>1.5811437626053564</double> 
      </void> 
     </object> 
    </void> 
   </array> 
  </void> 
  <void property="opName"> 
   <string>Transpose b=a^T</string> 
  </void> 
 </object> 
</java> 
