<?xml version="1.0" encoding="UTF-8"?> 
<java version="1.6.0_16" class="java.beans.XMLDecoder"> 
 <object class="jmbench.tools.runtime.OperationResults"> 
  <void property="library"> 
   <object class="jmbench.impl.MatrixLibrary" method="valueOf"> 
    <string>PCOLT</string> 
   </object> 
  </void> 
  <void property="matDimen"> 
   <array class="int" length="12"> 
    <void index="0"> 
     <int>2</int> 
    </void> 
    <void index="1"> 
     <int>3</int> 
    </void> 
    <void index="2"> 
     <int>4</int> 
    </void> 
    <void index="3"> 
     <int>5</int> 
    </void> 
    <void index="4"> 
     <int>10</int> 
    </void> 
    <void index="5"> 
     <int>20</int> 
    </void> 
    <void index="6"> 
     <int>50</int> 
    </void> 
    <void index="7"> 
     <int>100</int> 
    </void> 
    <void index="8"> 
     <int>200</int> 
    </void> 
    <void index="9"> 
     <int>500</int> 
    </void> 
    <void index="10"> 
     <int>1000</int> 
    </void> 
    <void index="11"> 
     <int>2000</int> 
    </void> 
   </array> 
  </void> 
  <void property="metrics"> 
   <array class="jmbench.tools.EvaluationMetrics" length="12"> 
    <void index="0"> 
     <object class="jmbench.tools.EvaluationMetrics"> 
      <void property="max"> 
       <double>2.2084020862079646E7</double> 
      </void> 
      <void property="mean"> 
       <double>2.15986994858066E7</double> 
      </void> 
      <void property="median"> 
       <double>2.177866495120929E7</double> 
      </void> 
      <void property="min"> 
       <double>2.0232145833269943E7</double> 
      </void> 
      <void property="rawResults"> 
       <object class="java.util.ArrayList"> 
        <void method="add"> 
         <double>2.0232145833269943E7</double> 
        </void> 
        <void method="add"> 
         <double>2.0502973827203702E7</double> 
        </void> 
        <void method="add"> 
         <double>2.0768625961991083E7</double> 
        </void> 
        <void method="add"> 
         <double>2.0858311140925825E7</double> 
        </void> 
        <void method="add"> 
         <double>2.107280785729681E7</double> 
        </void> 
        <void method="add"> 
         <double>2.1565171732789498E7</double> 
        </void> 
        <void method="add"> 
         <double>2.1753192487567615E7</double> 
        </void> 
        <void method="add"> 
         <double>2.1773425607644536E7</double> 
        </void> 
        <void method="add"> 
         <double>2.177866495120929E7</double> 
        </void> 
        <void method="add"> 
         <double>2.1811317301708743E7</double> 
        </void> 
        <void method="add"> 
         <double>2.1863095556833457E7</double> 
        </void> 
        <void method="add"> 
         <double>2.1883262429228283E7</double> 
        </void> 
        <void method="add"> 
         <double>2.1889976351549316E7</double> 
        </void> 
        <void method="add"> 
         <double>2.1904202335217997E7</double> 
        </void> 
        <void method="add"> 
         <double>2.1939920855837114E7</double> 
        </void> 
        <void method="add"> 
         <double>2.1949008712732114E7</double> 
        </void> 
        <void method="add"> 
         <double>2.1965856021317992E7</double> 
        </void> 
        <void method="add"> 
         <double>2.1969844019037317E7</double> 
        </void> 
        <void method="add"> 
         <double>2.198874343843123E7</double> 
        </void> 
        <void method="add"> 
         <double>2.2084020862079646E7</double> 
        </void> 
        <void method="add"> 
         <double>2.160677599877914E7</double> 
        </void> 
        <void method="add"> 
         <double>2.202326289451449E7</double> 
        </void> 
        <void method="add"> 
         <double>2.1714190251359783E7</double> 
        </void> 
        <void method="add"> 
         <double>2.150343835948775E7</double> 
        </void> 
        <void method="add"> 
         <double>2.1565252357152104E7</double> 
        </void> 
       </object> 
      </void> 
      <void property="stdev"> 
       <double>495872.40917801054</double> 
      </void> 
     </object> 
    </void> 
    <void index="1"> 
     <object class="jmbench.tools.EvaluationMetrics"> 
      <void property="max"> 
       <double>1.16550111518101E7</double> 
      </void> 
      <void property="mean"> 
       <double>1.1473071941434115E7</double> 
      </void> 
      <void property="median"> 
       <double>1.1518689860123046E7</double> 
      </void> 
      <void property="min"> 
       <double>1.1132595565934036E7</double> 
      </void> 
      <void property="rawResults"> 
       <object class="java.util.ArrayList"> 
        <void method="add"> 
         <double>1.1132595565934036E7</double> 
        </void> 
        <void method="add"> 
         <double>1.1174220000304246E7</double> 
        </void> 
        <void method="add"> 
         <double>1.119406210927843E7</double> 
        </void> 
        <void method="add"> 
         <double>1.12468256787133E7</double> 
        </void> 
        <void method="add"> 
         <double>1.1319650966949437E7</double> 
        </void> 
        <void method="add"> 
         <double>1.1416761355585497E7</double> 
        </void> 
        <void method="add"> 
         <double>1.1490937937041657E7</double> 
        </void> 
        <void method="add"> 
         <double>1.1514140803920137E7</double> 
        </void> 
        <void method="add"> 
         <double>1.1518689860123046E7</double> 
        </void> 
        <void method="add"> 
         <double>1.152036625710204E7</double> 
        </void> 
        <void method="add"> 
         <double>1.154037145589831E7</double> 
        </void> 
        <void method="add"> 
         <double>1.1565395519732263E7</double> 
        </void> 
        <void method="add"> 
         <double>1.1571859092951806E7</double> 
        </void> 
        <void method="add"> 
         <double>1.157542742073256E7</double> 
        </void> 
        <void method="add"> 
         <double>1.1587451937693499E7</double> 
        </void> 
        <void method="add"> 
         <double>1.1596306918980196E7</double> 
        </void> 
        <void method="add"> 
         <double>1.162288230940985E7</double> 
        </void> 
        <void method="add"> 
         <double>1.1628863732425017E7</double> 
        </void> 
        <void method="add"> 
         <double>1.164569329225147E7</double> 
        </void> 
        <void method="add"> 
         <double>1.16550111518101E7</double> 
        </void> 
        <void method="add"> 
         <double>1.146396229576242E7</double> 
        </void> 
        <void method="add"> 
         <double>1.1357443944445686E7</double> 
        </void> 
        <void method="add"> 
         <double>1.1427676208633797E7</double> 
        </void> 
        <void method="add"> 
         <double>1.1570774039773246E7</double> 
        </void> 
        <void method="add"> 
         <double>1.1489428680400854E7</double> 
        </void> 
       </object> 
      </void> 
      <void property="stdev"> 
       <double>150173.51286580687</double> 
      </void> 
     </object> 
    </void> 
    <void index="2"> 
     <object class="jmbench.tools.EvaluationMetrics"> 
      <void property="max"> 
       <double>8381520.254426339</double> 
      </void> 
      <void property="mean"> 
       <double>7984056.990292436</double> 
      </void> 
      <void property="median"> 
       <double>8202211.2546126265</double> 
      </void> 
      <void property="min"> 
       <double>6878639.132387081</double> 
      </void> 
      <void property="rawResults"> 
       <object class="java.util.ArrayList"> 
        <void method="add"> 
         <double>6878639.132387081</double> 
        </void> 
        <void method="add"> 
         <double>6888011.8119738195</double> 
        </void> 
        <void method="add"> 
         <double>6910422.893032735</double> 
        </void> 
        <void method="add"> 
         <double>6913004.733353078</double> 
        </void> 
        <void method="add"> 
         <double>6930048.856782113</double> 
        </void> 
        <void method="add"> 
         <double>8072457.868655693</double> 
        </void> 
        <void method="add"> 
         <double>8131055.665820005</double> 
        </void> 
        <void method="add"> 
         <double>8135630.856884637</double> 
        </void> 
        <void method="add"> 
         <double>8145268.019406876</double> 
        </void> 
        <void method="add"> 
         <double>8154112.23923241</double> 
        </void> 
        <void method="add"> 
         <double>8164379.225620784</double> 
        </void> 
        <void method="add"> 
         <double>8185964.266727141</double> 
        </void> 
        <void method="add"> 
         <double>8202211.2546126265</double> 
        </void> 
        <void method="add"> 
         <double>8226294.859678102</double> 
        </void> 
        <void method="add"> 
         <double>8269882.238738203</double> 
        </void> 
        <void method="add"> 
         <double>8291081.624005375</double> 
        </void> 
        <void method="add"> 
         <double>8342833.086714423</double> 
        </void> 
        <void method="add"> 
         <double>8353157.12158196</double> 
        </void> 
        <void method="add"> 
         <double>8378217.158952745</double> 
        </void> 
        <void method="add"> 
         <double>8381520.254426339</double> 
        </void> 
        <void method="add"> 
         <double>8318038.500107131</double> 
        </void> 
        <void method="add"> 
         <double>8300043.869988271</double> 
        </void> 
        <void method="add"> 
         <double>8329640.866042487</double> 
        </void> 
        <void method="add"> 
         <double>8369094.333433844</double> 
        </void> 
        <void method="add"> 
         <double>8330414.0191530725</double> 
        </void> 
       </object> 
      </void> 
      <void property="stdev"> 
       <double>546779.2973208303</double> 
      </void> 
     </object> 
    </void> 
    <void index="3"> 
     <object class="jmbench.tools.EvaluationMetrics"> 
      <void property="max"> 
       <double>6005521.355105061</double> 
      </void> 
      <void property="mean"> 
       <double>5919573.42924981</double> 
      </void> 
      <void property="median"> 
       <double>5915204.116820324</double> 
      </void> 
      <void property="min"> 
       <double>5812612.276667198</double> 
      </void> 
      <void property="rawResults"> 
       <object class="java.util.ArrayList"> 
        <void method="add"> 
         <double>5879442.850193319</double> 
        </void> 
        <void method="add"> 
         <double>5881045.4863007385</double> 
        </void> 
        <void method="add"> 
         <double>5883632.886740587</double> 
        </void> 
        <void method="add"> 
         <double>5889801.135466414</double> 
        </void> 
        <void method="add"> 
         <double>5895741.157725428</double> 
        </void> 
        <void method="add"> 
         <double>5901051.20375059</double> 
        </void> 
        <void method="add"> 
         <double>5903743.759791655</double> 
        </void> 
        <void method="add"> 
         <double>5915204.116820324</double> 
        </void> 
        <void method="add"> 
         <double>5915380.938320015</double> 
        </void> 
        <void method="add"> 
         <double>5915607.695151117</double> 
        </void> 
        <void method="add"> 
         <double>5919395.596285313</double> 
        </void> 
        <void method="add"> 
         <double>5935149.301664037</double> 
        </void> 
        <void method="add"> 
         <double>5941268.400131607</double> 
        </void> 
        <void method="add"> 
         <double>5958725.9589540735</double> 
        </void> 
        <void method="add"> 
         <double>5976690.889534901</double> 
        </void> 
        <void method="add"> 
         <double>5981665.451688695</double> 
        </void> 
        <void method="add"> 
         <double>5994749.968469014</double> 
        </void> 
        <void method="add"> 
         <double>6000189.561944183</double> 
        </void> 
        <void method="add"> 
         <double>6003127.085830323</double> 
        </void> 
        <void method="add"> 
         <double>6005521.355105061</double> 
        </void> 
        <void method="add"> 
         <double>5885834.012685654</double> 
        </void> 
        <void method="add"> 
         <double>5868508.011392475</double> 
        </void> 
        <void method="add"> 
         <double>5864725.405595145</double> 
        </void> 
        <void method="add"> 
         <double>5812612.276667198</double> 
        </void> 
        <void method="add"> 
         <double>5860521.225037366</double> 
        </void> 
       </object> 
      </void> 
      <void property="stdev"> 
       <double>50616.9816102496</double> 
      </void> 
     </object> 
    </void> 
    <void index="4"> 
     <object class="jmbench.tools.EvaluationMetrics"> 
      <void property="max"> 
       <double>2016606.2767641672</double> 
      </void> 
      <void property="mean"> 
       <double>1988081.9687702213</double> 
      </void> 
      <void property="median"> 
       <double>1993550.6820293511</double> 
      </void> 
      <void property="min"> 
       <double>1829148.7938113257</double> 
      </void> 
      <void property="rawResults"> 
       <object class="java.util.ArrayList"> 
        <void method="add"> 
         <double>1829148.7938113257</double> 
        </void> 
        <void method="add"> 
         <double>1954066.31997059</double> 
        </void> 
        <void method="add"> 
         <double>1976689.64767196</double> 
        </void> 
        <void method="add"> 
         <double>1977038.4265475662</double> 
        </void> 
        <void method="add"> 
         <double>1982681.193565172</double> 
        </void> 
        <void method="add"> 
         <double>1985508.0839847657</double> 
        </void> 
        <void method="add"> 
         <double>1988274.9592133448</double> 
        </void> 
        <void method="add"> 
         <double>1988297.9255097036</double> 
        </void> 
        <void method="add"> 
         <double>1990963.903341074</double> 
        </void> 
        <void method="add"> 
         <double>1991141.3939771322</double> 
        </void> 
        <void method="add"> 
         <double>1992686.3278850575</double> 
        </void> 
        <void method="add"> 
         <double>1993550.6820293511</double> 
        </void> 
        <void method="add"> 
         <double>1994489.498165492</double> 
        </void> 
        <void method="add"> 
         <double>1999157.8881201264</double> 
        </void> 
        <void method="add"> 
         <double>2001044.0175321803</double> 
        </void> 
        <void method="add"> 
         <double>2007545.7972142254</double> 
        </void> 
        <void method="add"> 
         <double>2007872.0874893817</double> 
        </void> 
        <void method="add"> 
         <double>2011738.4904726075</double> 
        </void> 
        <void method="add"> 
         <double>2013140.8266339335</double> 
        </void> 
        <void method="add"> 
         <double>2016606.2767641672</double> 
        </void> 
        <void method="add"> 
         <double>1994109.603937878</double> 
        </void> 
        <void method="add"> 
         <double>2014677.6090971422</double> 
        </void> 
        <void method="add"> 
         <double>1986242.7635695315</double> 
        </void> 
        <void method="add"> 
         <double>2004733.5577282954</double> 
        </void> 
        <void method="add"> 
         <double>2000643.145023541</double> 
        </void> 
       </object> 
      </void> 
      <void property="stdev"> 
       <double>35246.994065134975</double> 
      </void> 
     </object> 
    </void> 
    <void index="5"> 
     <object class="jmbench.tools.EvaluationMetrics"> 
      <void property="max"> 
       <double>542739.909016952</double> 
      </void> 
      <void property="mean"> 
       <double>532143.7603935039</double> 
      </void> 
      <void property="median"> 
       <double>535067.570922663</double> 
      </void> 
      <void property="min"> 
       <double>519932.7994866345</double> 
      </void> 
      <void property="rawResults"> 
       <object class="java.util.ArrayList"> 
        <void method="add"> 
         <double>519932.7994866345</double> 
        </void> 
        <void method="add"> 
         <double>522038.9857286706</double> 
        </void> 
        <void method="add"> 
         <double>522295.95635565463</double> 
        </void> 
        <void method="add"> 
         <double>522480.3547109946</double> 
        </void> 
        <void method="add"> 
         <double>523254.21940981445</double> 
        </void> 
        <void method="add"> 
         <double>523824.8826212662</double> 
        </void> 
        <void method="add"> 
         <double>523895.9374634791</double> 
        </void> 
        <void method="add"> 
         <double>524234.5238871694</double> 
        </void> 
        <void method="add"> 
         <double>532363.6318615181</double> 
        </void> 
        <void method="add"> 
         <double>535067.570922663</double> 
        </void> 
        <void method="add"> 
         <double>539028.8742422251</double> 
        </void> 
        <void method="add"> 
         <double>539494.4194043713</double> 
        </void> 
        <void method="add"> 
         <double>539842.3852387961</double> 
        </void> 
        <void method="add"> 
         <double>540313.531238704</double> 
        </void> 
        <void method="add"> 
         <double>540563.7852213591</double> 
        </void> 
        <void method="add"> 
         <double>540631.2026554265</double> 
        </void> 
        <void method="add"> 
         <double>540693.0320806279</double> 
        </void> 
        <void method="add"> 
         <double>541250.2111616135</double> 
        </void> 
        <void method="add"> 
         <double>541558.9440910368</double> 
        </void> 
        <void method="add"> 
         <double>542739.909016952</double> 
        </void> 
        <void method="add"> 
         <double>522851.8611968234</double> 
        </void> 
        <void method="add"> 
         <double>520457.66314586886</double> 
        </void> 
        <void method="add"> 
         <double>539273.9789270653</double> 
        </void> 
        <void method="add"> 
         <double>525342.2821856712</double> 
        </void> 
        <void method="add"> 
         <double>540163.0675831911</double> 
        </void> 
       </object> 
      </void> 
      <void property="stdev"> 
       <double>8580.493319688312</double> 
      </void> 
     </object> 
    </void> 
    <void index="6"> 
     <object class="jmbench.tools.EvaluationMetrics"> 
      <void property="max"> 
       <double>89464.76697695548</double> 
      </void> 
      <void property="mean"> 
       <double>88285.45381470784</double> 
      </void> 
      <void property="median"> 
       <double>88460.42175331444</double> 
      </void> 
      <void property="min"> 
       <double>86797.63150034372</double> 
      </void> 
      <void property="rawResults"> 
       <object class="java.util.ArrayList"> 
        <void method="add"> 
         <double>86797.63150034372</double> 
        </void> 
        <void method="add"> 
         <double>87290.81319644641</double> 
        </void> 
        <void method="add"> 
         <double>87566.97375611913</double> 
        </void> 
        <void method="add"> 
         <double>87569.49457814237</double> 
        </void> 
        <void method="add"> 
         <double>87888.39893524931</double> 
        </void> 
        <void method="add"> 
         <double>87898.00381734</double> 
        </void> 
        <void method="add"> 
         <double>87924.49658611098</double> 
        </void> 
        <void method="add"> 
         <double>88167.91522161553</double> 
        </void> 
        <void method="add"> 
         <double>88200.06475526035</double> 
        </void> 
        <void method="add"> 
         <double>88312.57420085999</double> 
        </void> 
        <void method="add"> 
         <double>88460.62561305746</double> 
        </void> 
        <void method="add"> 
         <double>88509.29108943023</double> 
        </void> 
        <void method="add"> 
         <double>88564.09628397237</double> 
        </void> 
        <void method="add"> 
         <double>88567.38046327009</double> 
        </void> 
        <void method="add"> 
         <double>88627.09807380903</double> 
        </void> 
        <void method="add"> 
         <double>88709.92030011566</double> 
        </void> 
        <void method="add"> 
         <double>88761.92264824349</double> 
        </void> 
        <void method="add"> 
         <double>88774.1363298959</double> 
        </void> 
        <void method="add"> 
         <double>88890.29871886745</double> 
        </void> 
        <void method="add"> 
         <double>89464.76697695548</double> 
        </void> 
        <void method="add"> 
         <double>88930.76344090683</double> 
        </void> 
        <void method="add"> 
         <double>88460.42175331444</double> 
        </void> 
        <void method="add"> 
         <double>87515.57191554364</double> 
        </void> 
        <void method="add"> 
         <double>88886.52448295418</double> 
        </void> 
        <void method="add"> 
         <double>88397.16072987222</double> 
        </void> 
       </object> 
      </void> 
      <void property="stdev"> 
       <double>595.3961621646381</double> 
      </void> 
     </object> 
    </void> 
    <void index="7"> 
     <object class="jmbench.tools.EvaluationMetrics"> 
      <void property="max"> 
       <double>35878.05343755222</double> 
      </void> 
      <void property="mean"> 
       <double>35691.489669084054</double> 
      </void> 
      <void property="median"> 
       <double>35704.91669193977</double> 
      </void> 
      <void property="min"> 
       <double>35421.746044219806</double> 
      </void> 
      <void property="rawResults"> 
       <object class="java.util.ArrayList"> 
        <void method="add"> 
         <double>35421.746044219806</double> 
        </void> 
        <void method="add"> 
         <double>35459.6990415151</double> 
        </void> 
        <void method="add"> 
         <double>35474.37434387457</double> 
        </void> 
        <void method="add"> 
         <double>35502.24436690102</double> 
        </void> 
        <void method="add"> 
         <double>35517.00911540686</double> 
        </void> 
        <void method="add"> 
         <double>35672.03433317569</double> 
        </void> 
        <void method="add"> 
         <double>35686.97477117263</double> 
        </void> 
        <void method="add"> 
         <double>35688.03446852741</double> 
        </void> 
        <void method="add"> 
         <double>35688.190213021175</double> 
        </void> 
        <void method="add"> 
         <double>35704.91669193977</double> 
        </void> 
        <void method="add"> 
         <double>35746.861857767326</double> 
        </void> 
        <void method="add"> 
         <double>35755.8459790103</double> 
        </void> 
        <void method="add"> 
         <double>35763.02096704933</double> 
        </void> 
        <void method="add"> 
         <double>35764.69799499316</double> 
        </void> 
        <void method="add"> 
         <double>35783.86890530905</double> 
        </void> 
        <void method="add"> 
         <double>35792.96773916348</double> 
        </void> 
        <void method="add"> 
         <double>35795.25767259401</double> 
        </void> 
        <void method="add"> 
         <double>35801.641489461406</double> 
        </void> 
        <void method="add"> 
         <double>35863.64178481348</double> 
        </void> 
        <void method="add"> 
         <double>35878.05343755222</double> 
        </void> 
        <void method="add"> 
         <double>35764.9405413112</double> 
        </void> 
        <void method="add"> 
         <double>35873.73897087147</double> 
        </void> 
        <void method="add"> 
         <double>35565.60715860861</double> 
        </void> 
        <void method="add"> 
         <double>35628.00867500622</double> 
        </void> 
        <void method="add"> 
         <double>35693.86516383609</double> 
        </void> 
       </object> 
      </void> 
      <void property="stdev"> 
       <double>130.05197325196994</double> 
      </void> 
     </object> 
    </void> 
    <void index="8"> 
     <object class="jmbench.tools.EvaluationMetrics"> 
      <void property="max"> 
       <double>9075.120908718347</double> 
      </void> 
      <void property="mean"> 
       <double>9019.924388811361</double> 
      </void> 
      <void property="median"> 
       <double>9024.2394191834</double> 
      </void> 
      <void property="min"> 
       <double>8909.20132613722</double> 
      </void> 
      <void property="rawResults"> 
       <object class="java.util.ArrayList"> 
        <void method="add"> 
         <double>8909.20132613722</double> 
        </void> 
        <void method="add"> 
         <double>8950.94848191248</double> 
        </void> 
        <void method="add"> 
         <double>8987.049848920842</double> 
        </void> 
        <void method="add"> 
         <double>8991.172207870639</double> 
        </void> 
        <void method="add"> 
         <double>8992.075413919529</double> 
        </void> 
        <void method="add"> 
         <double>8996.826709155635</double> 
        </void> 
        <void method="add"> 
         <double>9002.789420358886</double> 
        </void> 
        <void method="add"> 
         <double>9008.320331717954</double> 
        </void> 
        <void method="add"> 
         <double>9013.960012429025</double> 
        </void> 
        <void method="add"> 
         <double>9014.059517246658</double> 
        </void> 
        <void method="add"> 
         <double>9024.2394191834</double> 
        </void> 
        <void method="add"> 
         <double>9032.324575016004</double> 
        </void> 
        <void method="add"> 
         <double>9034.253078374213</double> 
        </void> 
        <void method="add"> 
         <double>9047.104477587362</double> 
        </void> 
        <void method="add"> 
         <double>9051.20783871923</double> 
        </void> 
        <void method="add"> 
         <double>9051.390659225053</double> 
        </void> 
        <void method="add"> 
         <double>9052.100972128712</double> 
        </void> 
        <void method="add"> 
         <double>9068.065070787856</double> 
        </void> 
        <void method="add"> 
         <double>9073.307075149674</double> 
        </void> 
        <void method="add"> 
         <double>9075.120908718347</double> 
        </void> 
        <void method="add"> 
         <double>8998.340906454203</double> 
        </void> 
        <void method="add"> 
         <double>9028.971799551435</double> 
        </void> 
        <void method="add"> 
         <double>9039.323310977577</double> 
        </void> 
        <void method="add"> 
         <double>9071.65203413286</double> 
        </void> 
        <void method="add"> 
         <double>8984.304324609166</double> 
        </void> 
       </object> 
      </void> 
      <void property="stdev"> 
       <double>38.953825121350015</double> 
      </void> 
     </object> 
    </void> 
    <void index="9"> 
     <object class="jmbench.tools.EvaluationMetrics"> 
      <void property="max"> 
       <double>947.0889764898716</double> 
      </void> 
      <void property="mean"> 
       <double>676.9170141653666</double> 
      </void> 
      <void property="median"> 
       <double>653.1797992452182</double> 
      </void> 
      <void property="min"> 
       <double>489.269871976944</double> 
      </void> 
      <void property="rawResults"> 
       <object class="java.util.ArrayList"> 
        <void method="add"> 
         <double>489.269871976944</double> 
        </void> 
        <void method="add"> 
         <double>491.2288542948805</double> 
        </void> 
        <void method="add"> 
         <double>494.28880094712895</double> 
        </void> 
        <void method="add"> 
         <double>509.8299039822461</double> 
        </void> 
        <void method="add"> 
         <double>516.1083042548706</double> 
        </void> 
        <void method="add"> 
         <double>588.6359244207442</double> 
        </void> 
        <void method="add"> 
         <double>599.1781912777778</double> 
        </void> 
        <void method="add"> 
         <double>610.1951771547054</double> 
        </void> 
        <void method="add"> 
         <double>640.664362772564</double> 
        </void> 
        <void method="add"> 
         <double>653.1797992452182</double> 
        </void> 
        <void method="add"> 
         <double>661.4184135519916</double> 
        </void> 
        <void method="add"> 
         <double>665.1246045574858</double> 
        </void> 
        <void method="add"> 
         <double>789.5213129457491</double> 
        </void> 
        <void method="add"> 
         <double>810.0316535743781</double> 
        </void> 
        <void method="add"> 
         <double>816.0528292678946</double> 
        </void> 
        <void method="add"> 
         <double>835.722041995384</double> 
        </void> 
        <void method="add"> 
         <double>838.2657154502294</double> 
        </void> 
        <void method="add"> 
         <double>847.2438262954519</double> 
        </void> 
        <void method="add"> 
         <double>862.4588104811846</double> 
        </void> 
        <void method="add"> 
         <double>879.1688474561813</double> 
        </void> 
        <void method="add"> 
         <double>732.7323707071682</double> 
        </void> 
        <void method="add"> 
         <double>947.0889764898716</double> 
        </void> 
        <void method="add"> 
         <double>646.9289385054947</double> 
        </void> 
        <void method="add"> 
         <double>499.5256103587945</double> 
        </void> 
        <void method="add"> 
         <double>499.06221216982556</double> 
        </void> 
       </object> 
      </void> 
      <void property="stdev"> 
       <double>144.6137768807728</double> 
      </void> 
     </object> 
    </void> 
    <void index="10"> 
     <object class="jmbench.tools.EvaluationMetrics"> 
      <void property="max"> 
       <double>154.51438045014265</double> 
      </void> 
      <void property="mean"> 
       <double>149.59428971033668</double> 
      </void> 
      <void property="median"> 
       <double>149.20945284386664</double> 
      </void> 
      <void property="min"> 
       <double>142.6580649962495</double> 
      </void> 
      <void property="rawResults"> 
       <object class="java.util.ArrayList"> 
        <void method="add"> 
         <double>142.6580649962495</double> 
        </void> 
        <void method="add"> 
         <double>147.05056638545872</double> 
        </void> 
        <void method="add"> 
         <double>147.8663194988811</double> 
        </void> 
        <void method="add"> 
         <double>148.0036051466437</double> 
        </void> 
        <void method="add"> 
         <double>148.7432401721381</double> 
        </void> 
        <void method="add"> 
         <double>148.9277203333586</double> 
        </void> 
        <void method="add"> 
         <double>148.99740377089842</double> 
        </void> 
        <void method="add"> 
         <double>149.1044040588786</double> 
        </void> 
        <void method="add"> 
         <double>149.16541617433498</double> 
        </void> 
        <void method="add"> 
         <double>149.20945284386664</double> 
        </void> 
        <void method="add"> 
         <double>149.52085161442722</double> 
        </void> 
        <void method="add"> 
         <double>149.53181398363571</double> 
        </void> 
        <void method="add"> 
         <double>149.74486336479137</double> 
        </void> 
        <void method="add"> 
         <double>150.00082405028596</double> 
        </void> 
        <void method="add"> 
         <double>150.29672242319424</double> 
        </void> 
        <void method="add"> 
         <double>150.52816519899397</double> 
        </void> 
        <void method="add"> 
         <double>151.4146342792909</double> 
        </void> 
        <void method="add"> 
         <double>151.5332613496928</double> 
        </void> 
        <void method="add"> 
         <double>154.00855030356044</double> 
        </void> 
        <void method="add"> 
         <double>154.51438045014265</double> 
        </void> 
        <void method="add"> 
         <double>150.1205267784895</double> 
        </void> 
        <void method="add"> 
         <double>151.62219043471777</double> 
        </void> 
        <void method="add"> 
         <double>149.03184358292174</double> 
        </void> 
        <void method="add"> 
         <double>149.10561640295603</double> 
        </void> 
        <void method="add"> 
         <double>149.1568051606092</double> 
        </void> 
       </object> 
      </void> 
      <void property="stdev"> 
       <double>2.187781237240586</double> 
      </void> 
     </object> 
    </void> 
    <void index="11"> 
     <object class="jmbench.tools.EvaluationMetrics"> 
      <void property="max"> 
       <double>35.991395795298416</double> 
      </void> 
      <void property="mean"> 
       <double>34.34745008677978</double> 
      </void> 
      <void property="median"> 
       <double>34.38573947695966</double> 
      </void> 
      <void property="min"> 
       <double>33.33086047153082</double> 
      </void> 
      <void property="rawResults"> 
       <object class="java.util.ArrayList"> 
        <void method="add"> 
         <double>33.33086047153082</double> 
        </void> 
        <void method="add"> 
         <double>33.3325658951355</double> 
        </void> 
        <void method="add"> 
         <double>33.340244049265294</double> 
        </void> 
        <void method="add"> 
         <double>33.40551865914218</double> 
        </void> 
        <void method="add"> 
         <double>33.54545190703941</double> 
        </void> 
        <void method="add"> 
         <double>33.67099209842995</double> 
        </void> 
        <void method="add"> 
         <double>34.07103388805573</double> 
        </void> 
        <void method="add"> 
         <double>34.129641277652006</double> 
        </void> 
        <void method="add"> 
         <double>34.22147800996114</double> 
        </void> 
        <void method="add"> 
         <double>34.29703580858776</double> 
        </void> 
        <void method="add"> 
         <double>34.38573947695966</double> 
        </void> 
        <void method="add"> 
         <double>34.40507288233701</double> 
        </void> 
        <void method="add"> 
         <double>34.58701657944355</double> 
        </void> 
        <void method="add"> 
         <double>34.64891649612303</double> 
        </void> 
        <void method="add"> 
         <double>34.66639918442831</double> 
        </void> 
        <void method="add"> 
         <double>34.71296860056441</double> 
        </void> 
        <void method="add"> 
         <double>34.75224037485226</double> 
        </void> 
        <void method="add"> 
         <double>35.46392769860672</double> 
        </void> 
        <void method="add"> 
         <double>35.47769643412119</double> 
        </void> 
        <void method="add"> 
         <double>35.991395795298416</double> 
        </void> 
        <void method="add"> 
         <double>35.56771233211283</double> 
        </void> 
        <void method="add"> 
         <double>33.634780759862416</double> 
        </void> 
        <void method="add"> 
         <double>34.67797791256377</double> 
        </void> 
        <void method="add"> 
         <double>33.92231317889592</double> 
        </void> 
        <void method="add"> 
         <double>34.4472723985254</double> 
        </void> 
       </object> 
      </void> 
      <void property="stdev"> 
       <double>0.7289409711111813</double> 
      </void> 
     </object> 
    </void> 
   </array> 
  </void> 
  <void property="opName"> 
   <string>Add c=a+b</string> 
  </void> 
 </object> 
</java> 
