<?xml version="1.0" encoding="UTF-8"?> 
<java version="1.6.0_16" class="java.beans.XMLDecoder"> 
 <object class="jmbench.tools.runtime.OperationResults"> 
  <void property="library"> 
   <object class="jmbench.impl.MatrixLibrary" method="valueOf"> 
    <string>PCOLT</string> 
   </object> 
  </void> 
  <void property="matDimen"> 
   <array class="int" length="12"> 
    <void index="0"> 
     <int>2</int> 
    </void> 
    <void index="1"> 
     <int>3</int> 
    </void> 
    <void index="2"> 
     <int>4</int> 
    </void> 
    <void index="3"> 
     <int>5</int> 
    </void> 
    <void index="4"> 
     <int>10</int> 
    </void> 
    <void index="5"> 
     <int>20</int> 
    </void> 
    <void index="6"> 
     <int>50</int> 
    </void> 
    <void index="7"> 
     <int>100</int> 
    </void> 
    <void index="8"> 
     <int>200</int> 
    </void> 
    <void index="9"> 
     <int>500</int> 
    </void> 
    <void index="10"> 
     <int>1000</int> 
    </void> 
    <void index="11"> 
     <int>2000</int> 
    </void> 
   </array> 
  </void> 
  <void property="metrics"> 
   <array class="jmbench.tools.EvaluationMetrics" length="12"> 
    <void index="0"> 
     <object class="jmbench.tools.EvaluationMetrics"> 
      <void property="max"> 
       <double>5941579.977613786</double> 
      </void> 
      <void property="mean"> 
       <double>5419605.706087256</double> 
      </void> 
      <void property="median"> 
       <double>5447508.959965248</double> 
      </void> 
      <void property="min"> 
       <double>4830502.861405921</double> 
      </void> 
      <void property="rawResults"> 
       <object class="java.util.ArrayList"> 
        <void method="add"> 
         <double>4830502.861405921</double> 
        </void> 
        <void method="add"> 
         <double>5045941.3356895195</double> 
        </void> 
        <void method="add"> 
         <double>5065616.96965115</double> 
        </void> 
        <void method="add"> 
         <double>5074591.403055591</double> 
        </void> 
        <void method="add"> 
         <double>5110483.1772718355</double> 
        </void> 
        <void method="add"> 
         <double>5165693.539998977</double> 
        </void> 
        <void method="add"> 
         <double>5168741.91075982</double> 
        </void> 
        <void method="add"> 
         <double>5173874.22020462</double> 
        </void> 
        <void method="add"> 
         <double>5179152.651220367</double> 
        </void> 
        <void method="add"> 
         <double>5194818.643599845</double> 
        </void> 
        <void method="add"> 
         <double>5363628.960591972</double> 
        </void> 
        <void method="add"> 
         <double>5426807.1617853455</double> 
        </void> 
        <void method="add"> 
         <double>5447508.959965248</double> 
        </void> 
        <void method="add"> 
         <double>5448817.7477474</double> 
        </void> 
        <void method="add"> 
         <double>5475227.214635414</double> 
        </void> 
        <void method="add"> 
         <double>5576189.005581328</double> 
        </void> 
        <void method="add"> 
         <double>5618606.637149196</double> 
        </void> 
        <void method="add"> 
         <double>5709798.96748672</double> 
        </void> 
        <void method="add"> 
         <double>5730356.598905125</double> 
        </void> 
        <void method="add"> 
         <double>5793945.423032828</double> 
        </void> 
        <void method="add"> 
         <double>5751599.638720354</double> 
        </void> 
        <void method="add"> 
         <double>5570581.390576738</double> 
        </void> 
        <void method="add"> 
         <double>5758813.009754756</double> 
        </void> 
        <void method="add"> 
         <double>5941579.977613786</double> 
        </void> 
        <void method="add"> 
         <double>5867265.245777552</double> 
        </void> 
       </object> 
      </void> 
      <void property="stdev"> 
       <double>299103.4795913404</double> 
      </void> 
     </object> 
    </void> 
    <void index="1"> 
     <object class="jmbench.tools.EvaluationMetrics"> 
      <void property="max"> 
       <double>2738561.214460106</double> 
      </void> 
      <void property="mean"> 
       <double>2690644.5986534534</double> 
      </void> 
      <void property="median"> 
       <double>2710667.755751141</double> 
      </void> 
      <void property="min"> 
       <double>2607661.540094073</double> 
      </void> 
      <void property="rawResults"> 
       <object class="java.util.ArrayList"> 
        <void method="add"> 
         <double>2607661.540094073</double> 
        </void> 
        <void method="add"> 
         <double>2609635.646994349</double> 
        </void> 
        <void method="add"> 
         <double>2611107.764883849</double> 
        </void> 
        <void method="add"> 
         <double>2616948.6512736096</double> 
        </void> 
        <void method="add"> 
         <double>2620659.6800643415</double> 
        </void> 
        <void method="add"> 
         <double>2622158.492530539</double> 
        </void> 
        <void method="add"> 
         <double>2667631.6557564316</double> 
        </void> 
        <void method="add"> 
         <double>2697964.147163876</double> 
        </void> 
        <void method="add"> 
         <double>2710667.755751141</double> 
        </void> 
        <void method="add"> 
         <double>2710792.387099921</double> 
        </void> 
        <void method="add"> 
         <double>2722899.744144193</double> 
        </void> 
        <void method="add"> 
         <double>2726781.9823285933</double> 
        </void> 
        <void method="add"> 
         <double>2726895.470157025</double> 
        </void> 
        <void method="add"> 
         <double>2727876.35532738</double> 
        </void> 
        <void method="add"> 
         <double>2730632.701141063</double> 
        </void> 
        <void method="add"> 
         <double>2732663.953240638</double> 
        </void> 
        <void method="add"> 
         <double>2734315.755385376</double> 
        </void> 
        <void method="add"> 
         <double>2735670.2110679206</double> 
        </void> 
        <void method="add"> 
         <double>2736266.7292436347</double> 
        </void> 
        <void method="add"> 
         <double>2738561.214460106</double> 
        </void> 
        <void method="add"> 
         <double>2677551.4832792715</double> 
        </void> 
        <void method="add"> 
         <double>2683091.6803824925</double> 
        </void> 
        <void method="add"> 
         <double>2705015.6768800253</double> 
        </void> 
        <void method="add"> 
         <double>2719241.8606329616</double> 
        </void> 
        <void method="add"> 
         <double>2693422.4270535214</double> 
        </void> 
       </object> 
      </void> 
      <void property="stdev"> 
       <double>46547.951691217786</double> 
      </void> 
     </object> 
    </void> 
    <void index="2"> 
     <object class="jmbench.tools.EvaluationMetrics"> 
      <void property="max"> 
       <double>1553702.9304354659</double> 
      </void> 
      <void property="mean"> 
       <double>1490444.2865697395</double> 
      </void> 
      <void property="median"> 
       <double>1490632.8132861666</double> 
      </void> 
      <void property="min"> 
       <double>1427538.5160930352</double> 
      </void> 
      <void property="rawResults"> 
       <object class="java.util.ArrayList"> 
        <void method="add"> 
         <double>1473352.5896302182</double> 
        </void> 
        <void method="add"> 
         <double>1475867.6642198223</double> 
        </void> 
        <void method="add"> 
         <double>1476363.9891462852</double> 
        </void> 
        <void method="add"> 
         <double>1483809.3352262168</double> 
        </void> 
        <void method="add"> 
         <double>1484217.9819598545</double> 
        </void> 
        <void method="add"> 
         <double>1485423.1974699467</double> 
        </void> 
        <void method="add"> 
         <double>1485602.690072971</double> 
        </void> 
        <void method="add"> 
         <double>1490632.8132861666</double> 
        </void> 
        <void method="add"> 
         <double>1491643.0639022838</double> 
        </void> 
        <void method="add"> 
         <double>1492360.8802509329</double> 
        </void> 
        <void method="add"> 
         <double>1493217.771322454</double> 
        </void> 
        <void method="add"> 
         <double>1494063.1645425698</double> 
        </void> 
        <void method="add"> 
         <double>1494220.8387473389</double> 
        </void> 
        <void method="add"> 
         <double>1499351.672267099</double> 
        </void> 
        <void method="add"> 
         <double>1500270.6950513567</double> 
        </void> 
        <void method="add"> 
         <double>1545197.6060194848</double> 
        </void> 
        <void method="add"> 
         <double>1549328.1670683709</double> 
        </void> 
        <void method="add"> 
         <double>1551046.7726971942</double> 
        </void> 
        <void method="add"> 
         <double>1551350.622646754</double> 
        </void> 
        <void method="add"> 
         <double>1553702.9304354659</double> 
        </void> 
        <void method="add"> 
         <double>1447374.0006474166</double> 
        </void> 
        <void method="add"> 
         <double>1436628.1859381422</double> 
        </void> 
        <void method="add"> 
         <double>1427538.5160930352</double> 
        </void> 
        <void method="add"> 
         <double>1434646.0437627798</double> 
        </void> 
        <void method="add"> 
         <double>1443895.9718393218</double> 
        </void> 
       </object> 
      </void> 
      <void property="stdev"> 
       <double>36270.14277480701</double> 
      </void> 
     </object> 
    </void> 
    <void index="3"> 
     <object class="jmbench.tools.EvaluationMetrics"> 
      <void property="max"> 
       <double>885772.0586992482</double> 
      </void> 
      <void property="mean"> 
       <double>873958.3191724109</double> 
      </void> 
      <void property="median"> 
       <double>879777.528908429</double> 
      </void> 
      <void property="min"> 
       <double>844919.856191911</double> 
      </void> 
      <void property="rawResults"> 
       <object class="java.util.ArrayList"> 
        <void method="add"> 
         <double>844919.856191911</double> 
        </void> 
        <void method="add"> 
         <double>850857.215669364</double> 
        </void> 
        <void method="add"> 
         <double>852439.3278142944</double> 
        </void> 
        <void method="add"> 
         <double>853900.3725255647</double> 
        </void> 
        <void method="add"> 
         <double>854297.9579545954</double> 
        </void> 
        <void method="add"> 
         <double>868296.4542756572</double> 
        </void> 
        <void method="add"> 
         <double>870494.072263162</double> 
        </void> 
        <void method="add"> 
         <double>877036.0594450914</double> 
        </void> 
        <void method="add"> 
         <double>878374.2161548304</double> 
        </void> 
        <void method="add"> 
         <double>878817.7045138584</double> 
        </void> 
        <void method="add"> 
         <double>879777.528908429</double> 
        </void> 
        <void method="add"> 
         <double>879960.2043599924</double> 
        </void> 
        <void method="add"> 
         <double>880557.975365492</double> 
        </void> 
        <void method="add"> 
         <double>880622.9078832978</double> 
        </void> 
        <void method="add"> 
         <double>882077.834415305</double> 
        </void> 
        <void method="add"> 
         <double>883362.3321444239</double> 
        </void> 
        <void method="add"> 
         <double>883873.6676291387</double> 
        </void> 
        <void method="add"> 
         <double>885033.8241654969</double> 
        </void> 
        <void method="add"> 
         <double>885741.0029017531</double> 
        </void> 
        <void method="add"> 
         <double>885772.0586992482</double> 
        </void> 
        <void method="add"> 
         <double>868254.5846906563</double> 
        </void> 
        <void method="add"> 
         <double>876982.2183068125</double> 
        </void> 
        <void method="add"> 
         <double>882254.1018523807</double> 
        </void> 
        <void method="add"> 
         <double>882552.6437757191</double> 
        </void> 
        <void method="add"> 
         <double>882701.8574037976</double> 
        </void> 
       </object> 
      </void> 
      <void property="stdev"> 
       <double>12325.357264093705</double> 
      </void> 
     </object> 
    </void> 
    <void index="4"> 
     <object class="jmbench.tools.EvaluationMetrics"> 
      <void property="max"> 
       <double>209259.29129468565</double> 
      </void> 
      <void property="mean"> 
       <double>208264.91977787958</double> 
      </void> 
      <void property="median"> 
       <double>208247.17669898662</double> 
      </void> 
      <void property="min"> 
       <double>206890.33536220886</double> 
      </void> 
      <void property="rawResults"> 
       <object class="java.util.ArrayList"> 
        <void method="add"> 
         <double>206890.33536220886</double> 
        </void> 
        <void method="add"> 
         <double>207091.42427292452</double> 
        </void> 
        <void method="add"> 
         <double>207181.18888005364</double> 
        </void> 
        <void method="add"> 
         <double>207325.7026513347</double> 
        </void> 
        <void method="add"> 
         <double>207505.5997570383</double> 
        </void> 
        <void method="add"> 
         <double>207518.93750155135</double> 
        </void> 
        <void method="add"> 
         <double>207795.41316306198</double> 
        </void> 
        <void method="add"> 
         <double>207883.9753636332</double> 
        </void> 
        <void method="add"> 
         <double>208041.88897943168</double> 
        </void> 
        <void method="add"> 
         <double>208173.4303455666</double> 
        </void> 
        <void method="add"> 
         <double>208223.32505103352</double> 
        </void> 
        <void method="add"> 
         <double>208247.17669898662</double> 
        </void> 
        <void method="add"> 
         <double>208679.31860853266</double> 
        </void> 
        <void method="add"> 
         <double>208734.0625766204</double> 
        </void> 
        <void method="add"> 
         <double>208833.43311646773</double> 
        </void> 
        <void method="add"> 
         <double>209029.4593169803</double> 
        </void> 
        <void method="add"> 
         <double>209063.05003221415</double> 
        </void> 
        <void method="add"> 
         <double>209112.58238463735</double> 
        </void> 
        <void method="add"> 
         <double>209191.15777730313</double> 
        </void> 
        <void method="add"> 
         <double>209259.29129468565</double> 
        </void> 
        <void method="add"> 
         <double>207670.86514008706</double> 
        </void> 
        <void method="add"> 
         <double>208630.87749504516</double> 
        </void> 
        <void method="add"> 
         <double>208903.4211330388</double> 
        </void> 
        <void method="add"> 
         <double>208920.92820123682</double> 
        </void> 
        <void method="add"> 
         <double>208716.14934331455</double> 
        </void> 
       </object> 
      </void> 
      <void property="stdev"> 
       <double>718.670855796897</double> 
      </void> 
     </object> 
    </void> 
    <void index="5"> 
     <object class="jmbench.tools.EvaluationMetrics"> 
      <void property="max"> 
       <double>31750.32507208388</double> 
      </void> 
      <void property="mean"> 
       <double>31598.82632060188</double> 
      </void> 
      <void property="median"> 
       <double>31647.722398996462</double> 
      </void> 
      <void property="min"> 
       <double>31418.800811860616</double> 
      </void> 
      <void property="rawResults"> 
       <object class="java.util.ArrayList"> 
        <void method="add"> 
         <double>31432.021701248595</double> 
        </void> 
        <void method="add"> 
         <double>31440.422807399704</double> 
        </void> 
        <void method="add"> 
         <double>31445.39477728587</double> 
        </void> 
        <void method="add"> 
         <double>31505.99270422726</double> 
        </void> 
        <void method="add"> 
         <double>31530.48327311932</double> 
        </void> 
        <void method="add"> 
         <double>31621.08297710754</double> 
        </void> 
        <void method="add"> 
         <double>31621.515077315322</double> 
        </void> 
        <void method="add"> 
         <double>31647.722398996462</double> 
        </void> 
        <void method="add"> 
         <double>31651.195845635677</double> 
        </void> 
        <void method="add"> 
         <double>31656.16056467647</double> 
        </void> 
        <void method="add"> 
         <double>31670.464697426258</double> 
        </void> 
        <void method="add"> 
         <double>31677.655470324833</double> 
        </void> 
        <void method="add"> 
         <double>31680.560044071455</double> 
        </void> 
        <void method="add"> 
         <double>31681.46498465527</double> 
        </void> 
        <void method="add"> 
         <double>31687.66493038689</double> 
        </void> 
        <void method="add"> 
         <double>31693.12988890353</double> 
        </void> 
        <void method="add"> 
         <double>31703.14496075974</double> 
        </void> 
        <void method="add"> 
         <double>31724.329001856026</double> 
        </void> 
        <void method="add"> 
         <double>31729.868805418722</double> 
        </void> 
        <void method="add"> 
         <double>31750.32507208388</double> 
        </void> 
        <void method="add"> 
         <double>31418.800811860616</double> 
        </void> 
        <void method="add"> 
         <double>31449.237131116686</double> 
        </void> 
        <void method="add"> 
         <double>31512.541767340193</double> 
        </void> 
        <void method="add"> 
         <double>31582.69784609876</double> 
        </void> 
        <void method="add"> 
         <double>31456.780475731823</double> 
        </void> 
       </object> 
      </void> 
      <void property="stdev"> 
       <double>107.74840804460588</double> 
      </void> 
     </object> 
    </void> 
    <void index="6"> 
     <object class="jmbench.tools.EvaluationMetrics"> 
      <void property="max"> 
       <double>2883.852080163591</double> 
      </void> 
      <void property="mean"> 
       <double>2866.688766080107</double> 
      </void> 
      <void property="median"> 
       <double>2864.9078475081533</double> 
      </void> 
      <void property="min"> 
       <double>2815.6231248104773</double> 
      </void> 
      <void property="rawResults"> 
       <object class="java.util.ArrayList"> 
        <void method="add"> 
         <double>2815.6231248104773</double> 
        </void> 
        <void method="add"> 
         <double>2844.5118846064324</double> 
        </void> 
        <void method="add"> 
         <double>2860.5921492437587</double> 
        </void> 
        <void method="add"> 
         <double>2861.3552113701608</double> 
        </void> 
        <void method="add"> 
         <double>2862.4735019604686</double> 
        </void> 
        <void method="add"> 
         <double>2864.096442201012</double> 
        </void> 
        <void method="add"> 
         <double>2864.418464879221</double> 
        </void> 
        <void method="add"> 
         <double>2864.9078475081533</double> 
        </void> 
        <void method="add"> 
         <double>2865.391529203915</double> 
        </void> 
        <void method="add"> 
         <double>2872.651805170916</double> 
        </void> 
        <void method="add"> 
         <double>2875.227435616116</double> 
        </void> 
        <void method="add"> 
         <double>2878.016234279171</double> 
        </void> 
        <void method="add"> 
         <double>2878.788803051375</double> 
        </void> 
        <void method="add"> 
         <double>2879.072051649451</double> 
        </void> 
        <void method="add"> 
         <double>2879.518862921519</double> 
        </void> 
        <void method="add"> 
         <double>2880.1736921721354</double> 
        </void> 
        <void method="add"> 
         <double>2881.4937343797114</double> 
        </void> 
        <void method="add"> 
         <double>2881.699228990316</double> 
        </void> 
        <void method="add"> 
         <double>2882.465977528283</double> 
        </void> 
        <void method="add"> 
         <double>2883.852080163591</double> 
        </void> 
        <void method="add"> 
         <double>2845.0084231112855</double> 
        </void> 
        <void method="add"> 
         <double>2856.339685132205</double> 
        </void> 
        <void method="add"> 
         <double>2863.1698081115787</double> 
        </void> 
        <void method="add"> 
         <double>2863.683339393002</double> 
        </void> 
        <void method="add"> 
         <double>2862.6878345484242</double> 
        </void> 
       </object> 
      </void> 
      <void property="stdev"> 
       <double>15.080027720154877</double> 
      </void> 
     </object> 
    </void> 
    <void index="7"> 
     <object class="jmbench.tools.EvaluationMetrics"> 
      <void property="max"> 
       <double>315.39478602685426</double> 
      </void> 
      <void property="mean"> 
       <double>313.8442520606949</double> 
      </void> 
      <void property="median"> 
       <double>314.38973849778824</double> 
      </void> 
      <void property="min"> 
       <double>310.6565902976053</double> 
      </void> 
      <void property="rawResults"> 
       <object class="java.util.ArrayList"> 
        <void method="add"> 
         <double>310.6565902976053</double> 
        </void> 
        <void method="add"> 
         <double>311.0929951143824</double> 
        </void> 
        <void method="add"> 
         <double>311.71776599177554</double> 
        </void> 
        <void method="add"> 
         <double>311.8565683282897</double> 
        </void> 
        <void method="add"> 
         <double>312.02717507073123</double> 
        </void> 
        <void method="add"> 
         <double>312.5868151644797</double> 
        </void> 
        <void method="add"> 
         <double>313.45727451363314</double> 
        </void> 
        <void method="add"> 
         <double>313.63300733642154</double> 
        </void> 
        <void method="add"> 
         <double>313.95331209930316</double> 
        </void> 
        <void method="add"> 
         <double>314.0232532803457</double> 
        </void> 
        <void method="add"> 
         <double>314.04900501277916</double> 
        </void> 
        <void method="add"> 
         <double>314.51634946378715</double> 
        </void> 
        <void method="add"> 
         <double>314.73422237118444</double> 
        </void> 
        <void method="add"> 
         <double>314.85551754087413</double> 
        </void> 
        <void method="add"> 
         <double>314.8905344488906</double> 
        </void> 
        <void method="add"> 
         <double>314.945342612427</double> 
        </void> 
        <void method="add"> 
         <double>315.1215234726574</double> 
        </void> 
        <void method="add"> 
         <double>315.18496345272587</double> 
        </void> 
        <void method="add"> 
         <double>315.1909877250299</double> 
        </void> 
        <void method="add"> 
         <double>315.39478602685426</double> 
        </void> 
        <void method="add"> 
         <double>314.80287131121673</double> 
        </void> 
        <void method="add"> 
         <double>314.91053675070395</double> 
        </void> 
        <void method="add"> 
         <double>314.38973849778824</double> 
        </void> 
        <void method="add"> 
         <double>315.1018574130943</double> 
        </void> 
        <void method="add"> 
         <double>313.0133082203925</double> 
        </void> 
       </object> 
      </void> 
      <void property="stdev"> 
       <double>1.3887030031089551</double> 
      </void> 
     </object> 
    </void> 
    <void index="8"> 
     <object class="jmbench.tools.EvaluationMetrics"> 
      <void property="max"> 
       <double>48.605095788936964</double> 
      </void> 
      <void property="mean"> 
       <double>48.41569158363297</double> 
      </void> 
      <void property="median"> 
       <double>48.43537975265521</double> 
      </void> 
      <void property="min"> 
       <double>47.95507311579031</double> 
      </void> 
      <void property="rawResults"> 
       <object class="java.util.ArrayList"> 
        <void method="add"> 
         <double>47.95507311579031</double> 
        </void> 
        <void method="add"> 
         <double>48.142466107454844</double> 
        </void> 
        <void method="add"> 
         <double>48.18192236503006</double> 
        </void> 
        <void method="add"> 
         <double>48.209469245760765</double> 
        </void> 
        <void method="add"> 
         <double>48.24982003738564</double> 
        </void> 
        <void method="add"> 
         <double>48.34349278622192</double> 
        </void> 
        <void method="add"> 
         <double>48.405085953280796</double> 
        </void> 
        <void method="add"> 
         <double>48.42788100539769</double> 
        </void> 
        <void method="add"> 
         <double>48.43537975265521</double> 
        </void> 
        <void method="add"> 
         <double>48.494986910661225</double> 
        </void> 
        <void method="add"> 
         <double>48.49789598647761</double> 
        </void> 
        <void method="add"> 
         <double>48.54059425228057</double> 
        </void> 
        <void method="add"> 
         <double>48.54112062422062</double> 
        </void> 
        <void method="add"> 
         <double>48.544222716095256</double> 
        </void> 
        <void method="add"> 
         <double>48.549210348340665</double> 
        </void> 
        <void method="add"> 
         <double>48.55389846431724</double> 
        </void> 
        <void method="add"> 
         <double>48.57363452355397</double> 
        </void> 
        <void method="add"> 
         <double>48.57529595207726</double> 
        </void> 
        <void method="add"> 
         <double>48.5779870008461</double> 
        </void> 
        <void method="add"> 
         <double>48.605095788936964</double> 
        </void> 
        <void method="add"> 
         <double>48.362407245268955</double> 
        </void> 
        <void method="add"> 
         <double>48.35490561757827</double> 
        </void> 
        <void method="add"> 
         <double>48.433180265696485</double> 
        </void> 
        <void method="add"> 
         <double>48.25988946348656</double> 
        </void> 
        <void method="add"> 
         <double>48.577374062009476</double> 
        </void> 
       </object> 
      </void> 
      <void property="stdev"> 
       <double>0.16554006868792986</double> 
      </void> 
     </object> 
    </void> 
    <void index="9"> 
     <object class="jmbench.tools.EvaluationMetrics"> 
      <void property="max"> 
       <double>12.448166334945856</double> 
      </void> 
      <void property="mean"> 
       <double>12.25009972259158</double> 
      </void> 
      <void property="median"> 
       <double>12.347074363582724</double> 
      </void> 
      <void property="min"> 
       <double>10.919051861447942</double> 
      </void> 
      <void property="rawResults"> 
       <object class="java.util.ArrayList"> 
        <void method="add"> 
         <double>10.919051861447942</double> 
        </void> 
        <void method="add"> 
         <double>11.286393334488901</double> 
        </void> 
        <void method="add"> 
         <double>12.188806650547694</double> 
        </void> 
        <void method="add"> 
         <double>12.251086704194558</double> 
        </void> 
        <void method="add"> 
         <double>12.253629307754322</double> 
        </void> 
        <void method="add"> 
         <double>12.283079830860371</double> 
        </void> 
        <void method="add"> 
         <double>12.307188619804373</double> 
        </void> 
        <void method="add"> 
         <double>12.324608890594988</double> 
        </void> 
        <void method="add"> 
         <double>12.328401635702742</double> 
        </void> 
        <void method="add"> 
         <double>12.330027056479235</double> 
        </void> 
        <void method="add"> 
         <double>12.334164973170399</double> 
        </void> 
        <void method="add"> 
         <double>12.347074363582724</double> 
        </void> 
        <void method="add"> 
         <double>12.35379791844475</double> 
        </void> 
        <void method="add"> 
         <double>12.357213190172867</double> 
        </void> 
        <void method="add"> 
         <double>12.366803088303042</double> 
        </void> 
        <void method="add"> 
         <double>12.409464791767048</double> 
        </void> 
        <void method="add"> 
         <double>12.415461797394691</double> 
        </void> 
        <void method="add"> 
         <double>12.428379204016558</double> 
        </void> 
        <void method="add"> 
         <double>12.432765552810405</double> 
        </void> 
        <void method="add"> 
         <double>12.435554811147245</double> 
        </void> 
        <void method="add"> 
         <double>12.265562909213571</double> 
        </void> 
        <void method="add"> 
         <double>12.35353548169106</double> 
        </void> 
        <void method="add"> 
         <double>12.448166334945856</double> 
        </void> 
        <void method="add"> 
         <double>12.409244382988756</double> 
        </void> 
        <void method="add"> 
         <double>12.423030373265401</double> 
        </void> 
       </object> 
      </void> 
      <void property="stdev"> 
       <double>0.3485174500016458</double> 
      </void> 
     </object> 
    </void> 
    <void index="10"> 
     <object class="jmbench.tools.EvaluationMetrics"> 
      <void property="max"> 
       <double>1.4023837601916456</double> 
      </void> 
      <void property="mean"> 
       <double>1.353537223226258</double> 
      </void> 
      <void property="median"> 
       <double>1.3482924173024367</double> 
      </void> 
      <void property="min"> 
       <double>1.2635551160315588</double> 
      </void> 
      <void property="rawResults"> 
       <object class="java.util.ArrayList"> 
        <void method="add"> 
         <double>1.2635551160315588</double> 
        </void> 
        <void method="add"> 
         <double>1.3138940393380119</double> 
        </void> 
        <void method="add"> 
         <double>1.3167634253751563</double> 
        </void> 
        <void method="add"> 
         <double>1.3317493546461654</double> 
        </void> 
        <void method="add"> 
         <double>1.332359216642263</double> 
        </void> 
        <void method="add"> 
         <double>1.3422688301795578</double> 
        </void> 
        <void method="add"> 
         <double>1.344491729474618</double> 
        </void> 
        <void method="add"> 
         <double>1.3460154382983787</double> 
        </void> 
        <void method="add"> 
         <double>1.3472749096679928</double> 
        </void> 
        <void method="add"> 
         <double>1.3478524847646403</double> 
        </void> 
        <void method="add"> 
         <double>1.3526569317090287</double> 
        </void> 
        <void method="add"> 
         <double>1.3590824355862885</double> 
        </void> 
        <void method="add"> 
         <double>1.3643822085041366</double> 
        </void> 
        <void method="add"> 
         <double>1.3727215483661024</double> 
        </void> 
        <void method="add"> 
         <double>1.3774574942630555</double> 
        </void> 
        <void method="add"> 
         <double>1.3891585793637318</double> 
        </void> 
        <void method="add"> 
         <double>1.3930009425434418</double> 
        </void> 
        <void method="add"> 
         <double>1.393390302058676</double> 
        </void> 
        <void method="add"> 
         <double>1.3991848673014318</double> 
        </void> 
        <void method="add"> 
         <double>1.4023837601916456</double> 
        </void> 
        <void method="add"> 
         <double>1.3439158255847308</double> 
        </void> 
        <void method="add"> 
         <double>1.3702342728560573</double> 
        </void> 
        <void method="add"> 
         <double>1.350897510030708</double> 
        </void> 
        <void method="add"> 
         <double>1.3354469405766345</double> 
        </void> 
        <void method="add"> 
         <double>1.3482924173024367</double> 
        </void> 
       </object> 
      </void> 
      <void property="stdev"> 
       <double>0.030323244701202467</double> 
      </void> 
     </object> 
    </void> 
    <void index="11"> 
     <object class="jmbench.tools.EvaluationMetrics"> 
      <void property="max"> 
       <double>0.1576054973586767</double> 
      </void> 
      <void property="mean"> 
       <double>0.11133056653487822</double> 
      </void> 
      <void property="median"> 
       <double>0.15003558138072942</double> 
      </void> 
      <void property="min"> 
       <double>0.04562039007768824</double> 
      </void> 
      <void property="rawResults"> 
       <object class="java.util.ArrayList"> 
        <void method="add"> 
         <double>0.04562039007768824</double> 
        </void> 
        <void method="add"> 
         <double>0.048416267432415505</double> 
        </void> 
        <void method="add"> 
         <double>0.15003558138072942</double> 
        </void> 
        <void method="add"> 
         <double>0.15497509642488122</double> 
        </void> 
        <void method="add"> 
         <double>0.1576054973586767</double> 
        </void> 
       </object> 
      </void> 
      <void property="stdev"> 
       <double>0.052574382940503345</double> 
      </void> 
     </object> 
    </void> 
   </array> 
  </void> 
  <void property="opName"> 
   <string>Mult c=a^t * b</string> 
  </void> 
 </object> 
</java> 
