<?xml version="1.0" encoding="UTF-8"?> 
<java version="1.6.0_16" class="java.beans.XMLDecoder"> 
 <object class="jmbench.tools.runtime.OperationResults"> 
  <void property="library"> 
   <object class="jmbench.impl.MatrixLibrary" method="valueOf"> 
    <string>PCOLT</string> 
   </object> 
  </void> 
  <void property="matDimen"> 
   <array class="int" length="12"> 
    <void index="0"> 
     <int>2</int> 
    </void> 
    <void index="1"> 
     <int>3</int> 
    </void> 
    <void index="2"> 
     <int>4</int> 
    </void> 
    <void index="3"> 
     <int>5</int> 
    </void> 
    <void index="4"> 
     <int>10</int> 
    </void> 
    <void index="5"> 
     <int>20</int> 
    </void> 
    <void index="6"> 
     <int>50</int> 
    </void> 
    <void index="7"> 
     <int>100</int> 
    </void> 
    <void index="8"> 
     <int>200</int> 
    </void> 
    <void index="9"> 
     <int>500</int> 
    </void> 
    <void index="10"> 
     <int>1000</int> 
    </void> 
    <void index="11"> 
     <int>2000</int> 
    </void> 
   </array> 
  </void> 
  <void property="metrics"> 
   <array class="jmbench.tools.EvaluationMetrics" length="12"> 
    <void index="0"> 
     <object class="jmbench.tools.EvaluationMetrics"> 
      <void property="max"> 
       <double>2.653094320926735E7</double> 
      </void> 
      <void property="mean"> 
       <double>2.535970823116719E7</double> 
      </void> 
      <void property="median"> 
       <double>2.555105776260936E7</double> 
      </void> 
      <void property="min"> 
       <double>2.318802322609148E7</double> 
      </void> 
      <void property="rawResults"> 
       <object class="java.util.ArrayList"> 
        <void method="add"> 
         <double>2.318802322609148E7</double> 
        </void> 
        <void method="add"> 
         <double>2.3960793504030306E7</double> 
        </void> 
        <void method="add"> 
         <double>2.4134433669712286E7</double> 
        </void> 
        <void method="add"> 
         <double>2.4210645034868516E7</double> 
        </void> 
        <void method="add"> 
         <double>2.440996760073693E7</double> 
        </void> 
        <void method="add"> 
         <double>2.4474454294192683E7</double> 
        </void> 
        <void method="add"> 
         <double>2.5373552680919115E7</double> 
        </void> 
        <void method="add"> 
         <double>2.5379698255728297E7</double> 
        </void> 
        <void method="add"> 
         <double>2.549641723059158E7</double> 
        </void> 
        <void method="add"> 
         <double>2.55335498014317E7</double> 
        </void> 
        <void method="add"> 
         <double>2.5627471814484965E7</double> 
        </void> 
        <void method="add"> 
         <double>2.5746138516414303E7</double> 
        </void> 
        <void method="add"> 
         <double>2.5806841430261467E7</double> 
        </void> 
        <void method="add"> 
         <double>2.5860166799705498E7</double> 
        </void> 
        <void method="add"> 
         <double>2.5883751555838816E7</double> 
        </void> 
        <void method="add"> 
         <double>2.5956283255904082E7</double> 
        </void> 
        <void method="add"> 
         <double>2.6031776742280636E7</double> 
        </void> 
        <void method="add"> 
         <double>2.610366503507881E7</double> 
        </void> 
        <void method="add"> 
         <double>2.6228399730379794E7</double> 
        </void> 
        <void method="add"> 
         <double>2.653094320926735E7</double> 
        </void> 
        <void method="add"> 
         <double>2.5166183794534165E7</double> 
        </void> 
        <void method="add"> 
         <double>2.6043799410157274E7</double> 
        </void> 
        <void method="add"> 
         <double>2.6164924682126746E7</double> 
        </void> 
        <void method="add"> 
         <double>2.555105776260936E7</double> 
        </void> 
        <void method="add"> 
         <double>2.5129766741833676E7</double> 
        </void> 
       </object> 
      </void> 
      <void property="stdev"> 
       <double>822357.5628057974</double> 
      </void> 
     </object> 
    </void> 
    <void index="1"> 
     <object class="jmbench.tools.EvaluationMetrics"> 
      <void property="max"> 
       <double>2.102891009032634E7</double> 
      </void> 
      <void property="mean"> 
       <double>1.996749818453555E7</double> 
      </void> 
      <void property="median"> 
       <double>2.0004886440130692E7</double> 
      </void> 
      <void property="min"> 
       <double>1.798148561287395E7</double> 
      </void> 
      <void property="rawResults"> 
       <object class="java.util.ArrayList"> 
        <void method="add"> 
         <double>1.890613657573135E7</double> 
        </void> 
        <void method="add"> 
         <double>1.9025970339268737E7</double> 
        </void> 
        <void method="add"> 
         <double>1.934263076596577E7</double> 
        </void> 
        <void method="add"> 
         <double>1.9448488672618337E7</double> 
        </void> 
        <void method="add"> 
         <double>1.972412777371182E7</double> 
        </void> 
        <void method="add"> 
         <double>1.987299519602217E7</double> 
        </void> 
        <void method="add"> 
         <double>1.9930361400113314E7</double> 
        </void> 
        <void method="add"> 
         <double>1.995751837239627E7</double> 
        </void> 
        <void method="add"> 
         <double>2.0004886440130692E7</double> 
        </void> 
        <void method="add"> 
         <double>2.005950566828976E7</double> 
        </void> 
        <void method="add"> 
         <double>2.007461679045869E7</double> 
        </void> 
        <void method="add"> 
         <double>2.0114385622623105E7</double> 
        </void> 
        <void method="add"> 
         <double>2.0116512348513894E7</double> 
        </void> 
        <void method="add"> 
         <double>2.0146767882414386E7</double> 
        </void> 
        <void method="add"> 
         <double>2.024552527494022E7</double> 
        </void> 
        <void method="add"> 
         <double>2.0918073792672027E7</double> 
        </void> 
        <void method="add"> 
         <double>2.093721283187289E7</double> 
        </void> 
        <void method="add"> 
         <double>2.0990345196004968E7</double> 
        </void> 
        <void method="add"> 
         <double>2.1019387918719247E7</double> 
        </void> 
        <void method="add"> 
         <double>2.102891009032634E7</double> 
        </void> 
        <void method="add"> 
         <double>1.9777084242428143E7</double> 
        </void> 
        <void method="add"> 
         <double>1.9765552042931676E7</double> 
        </void> 
        <void method="add"> 
         <double>1.798148561287395E7</double> 
        </void> 
        <void method="add"> 
         <double>1.978769524238475E7</double> 
        </void> 
        <void method="add"> 
         <double>2.0011278519976333E7</double> 
        </void> 
       </object> 
      </void> 
      <void property="stdev"> 
       <double>695578.6859175733</double> 
      </void> 
     </object> 
    </void> 
    <void index="2"> 
     <object class="jmbench.tools.EvaluationMetrics"> 
      <void property="max"> 
       <double>1.6633773690299524E7</double> 
      </void> 
      <void property="mean"> 
       <double>1.5215422491782958E7</double> 
      </void> 
      <void property="median"> 
       <double>1.5058599018730594E7</double> 
      </void> 
      <void property="min"> 
       <double>1.2718368702214235E7</double> 
      </void> 
      <void property="rawResults"> 
       <object class="java.util.ArrayList"> 
        <void method="add"> 
         <double>1.2718368702214235E7</double> 
        </void> 
        <void method="add"> 
         <double>1.2801914605895981E7</double> 
        </void> 
        <void method="add"> 
         <double>1.392896739437213E7</double> 
        </void> 
        <void method="add"> 
         <double>1.4454959874340951E7</double> 
        </void> 
        <void method="add"> 
         <double>1.4480907970524654E7</double> 
        </void> 
        <void method="add"> 
         <double>1.490800430821755E7</double> 
        </void> 
        <void method="add"> 
         <double>1.4943191806862816E7</double> 
        </void> 
        <void method="add"> 
         <double>1.4974559845051253E7</double> 
        </void> 
        <void method="add"> 
         <double>1.5003781521860164E7</double> 
        </void> 
        <void method="add"> 
         <double>1.5058599018730594E7</double> 
        </void> 
        <void method="add"> 
         <double>1.5472650819652017E7</double> 
        </void> 
        <void method="add"> 
         <double>1.5491641490687925E7</double> 
        </void> 
        <void method="add"> 
         <double>1.5494618699406112E7</double> 
        </void> 
        <void method="add"> 
         <double>1.554478045204069E7</double> 
        </void> 
        <void method="add"> 
         <double>1.5689693475802647E7</double> 
        </void> 
        <void method="add"> 
         <double>1.60451336126387E7</double> 
        </void> 
        <void method="add"> 
         <double>1.6104715568881134E7</double> 
        </void> 
        <void method="add"> 
         <double>1.6520316662744366E7</double> 
        </void> 
        <void method="add"> 
         <double>1.660094936357702E7</double> 
        </void> 
        <void method="add"> 
         <double>1.6622968228742883E7</double> 
        </void> 
        <void method="add"> 
         <double>1.466796589874706E7</double> 
        </void> 
        <void method="add"> 
         <double>1.6225111808439713E7</double> 
        </void> 
        <void method="add"> 
         <double>1.5004534940260759E7</double> 
        </void> 
        <void method="add"> 
         <double>1.4993452534583071E7</double> 
        </void> 
        <void method="add"> 
         <double>1.6633773690299524E7</double> 
        </void> 
       </object> 
      </void> 
      <void property="stdev"> 
       <double>1023532.0366932059</double> 
      </void> 
     </object> 
    </void> 
    <void index="3"> 
     <object class="jmbench.tools.EvaluationMetrics"> 
      <void property="max"> 
       <double>1.1142143997237712E7</double> 
      </void> 
      <void property="mean"> 
       <double>1.0774933667344868E7</double> 
      </void> 
      <void property="median"> 
       <double>1.0721631744183248E7</double> 
      </void> 
      <void property="min"> 
       <double>1.0437741987741204E7</double> 
      </void> 
      <void property="rawResults"> 
       <object class="java.util.ArrayList"> 
        <void method="add"> 
         <double>1.0437741987741204E7</double> 
        </void> 
        <void method="add"> 
         <double>1.0512688788464656E7</double> 
        </void> 
        <void method="add"> 
         <double>1.0520383603120908E7</double> 
        </void> 
        <void method="add"> 
         <double>1.0528009869716875E7</double> 
        </void> 
        <void method="add"> 
         <double>1.0534051521385284E7</double> 
        </void> 
        <void method="add"> 
         <double>1.0549575573375078E7</double> 
        </void> 
        <void method="add"> 
         <double>1.0579891403667044E7</double> 
        </void> 
        <void method="add"> 
         <double>1.0592695152077315E7</double> 
        </void> 
        <void method="add"> 
         <double>1.065699242071005E7</double> 
        </void> 
        <void method="add"> 
         <double>1.0658256284005627E7</double> 
        </void> 
        <void method="add"> 
         <double>1.0763683078419685E7</double> 
        </void> 
        <void method="add"> 
         <double>1.0886457898931913E7</double> 
        </void> 
        <void method="add"> 
         <double>1.089102741531434E7</double> 
        </void> 
        <void method="add"> 
         <double>1.0892679865351466E7</double> 
        </void> 
        <void method="add"> 
         <double>1.0896542201505963E7</double> 
        </void> 
        <void method="add"> 
         <double>1.0906279541649342E7</double> 
        </void> 
        <void method="add"> 
         <double>1.0946283022165416E7</double> 
        </void> 
        <void method="add"> 
         <double>1.1066493945183763E7</double> 
        </void> 
        <void method="add"> 
         <double>1.1109559419776548E7</double> 
        </void> 
        <void method="add"> 
         <double>1.1118928824791515E7</double> 
        </void> 
        <void method="add"> 
         <double>1.0688164500236021E7</double> 
        </void> 
        <void method="add"> 
         <double>1.1064845351888854E7</double> 
        </void> 
        <void method="add"> 
         <double>1.1142143997237712E7</double> 
        </void> 
        <void method="add"> 
         <double>1.0708334272721825E7</double> 
        </void> 
        <void method="add"> 
         <double>1.0721631744183248E7</double> 
        </void> 
       </object> 
      </void> 
      <void property="stdev"> 
       <double>215976.2537702347</double> 
      </void> 
     </object> 
    </void> 
    <void index="4"> 
     <object class="jmbench.tools.EvaluationMetrics"> 
      <void property="max"> 
       <double>4168873.4665112</double> 
      </void> 
      <void property="mean"> 
       <double>4131824.958211679</double> 
      </void> 
      <void property="median"> 
       <double>4112158.5043467935</double> 
      </void> 
      <void property="min"> 
       <double>4095996.0929941526</double> 
      </void> 
      <void property="rawResults"> 
       <object class="java.util.ArrayList"> 
        <void method="add"> 
         <double>4095996.0929941526</double> 
        </void> 
        <void method="add"> 
         <double>4100132.381888469</double> 
        </void> 
        <void method="add"> 
         <double>4101138.7784506255</double> 
        </void> 
        <void method="add"> 
         <double>4102115.924546147</double> 
        </void> 
        <void method="add"> 
         <double>4105985.7140575335</double> 
        </void> 
        <void method="add"> 
         <double>4106751.022940777</double> 
        </void> 
        <void method="add"> 
         <double>4108003.6111710123</double> 
        </void> 
        <void method="add"> 
         <double>4108729.99916551</double> 
        </void> 
        <void method="add"> 
         <double>4112158.5043467935</double> 
        </void> 
        <void method="add"> 
         <double>4112650.4601973686</double> 
        </void> 
        <void method="add"> 
         <double>4158911.598066264</double> 
        </void> 
        <void method="add"> 
         <double>4159547.9670571047</double> 
        </void> 
        <void method="add"> 
         <double>4161771.534312879</double> 
        </void> 
        <void method="add"> 
         <double>4162146.605717075</double> 
        </void> 
        <void method="add"> 
         <double>4162566.391633388</double> 
        </void> 
        <void method="add"> 
         <double>4165447.8979434757</double> 
        </void> 
        <void method="add"> 
         <double>4166120.124341515</double> 
        </void> 
        <void method="add"> 
         <double>4168104.777253982</double> 
        </void> 
        <void method="add"> 
         <double>4168655.6840413944</double> 
        </void> 
        <void method="add"> 
         <double>4168873.4665112</double> 
        </void> 
        <void method="add"> 
         <double>4105192.0609405497</double> 
        </void> 
        <void method="add"> 
         <double>4110513.808620487</double> 
        </void> 
        <void method="add"> 
         <double>4168536.3183328947</double> 
        </void> 
        <void method="add"> 
         <double>4108201.2223867467</double> 
        </void> 
        <void method="add"> 
         <double>4107372.0083746263</double> 
        </void> 
       </object> 
      </void> 
      <void property="stdev"> 
       <double>29357.604332384482</double> 
      </void> 
     </object> 
    </void> 
    <void index="5"> 
     <object class="jmbench.tools.EvaluationMetrics"> 
      <void property="max"> 
       <double>1323497.274444562</double> 
      </void> 
      <void property="mean"> 
       <double>1317038.619310907</double> 
      </void> 
      <void property="median"> 
       <double>1318085.9021287952</double> 
      </void> 
      <void property="min"> 
       <double>1301906.658082906</double> 
      </void> 
      <void property="rawResults"> 
       <object class="java.util.ArrayList"> 
        <void method="add"> 
         <double>1301906.658082906</double> 
        </void> 
        <void method="add"> 
         <double>1303777.7940460625</double> 
        </void> 
        <void method="add"> 
         <double>1312675.7652695249</double> 
        </void> 
        <void method="add"> 
         <double>1313347.5553748826</double> 
        </void> 
        <void method="add"> 
         <double>1317278.4948185536</double> 
        </void> 
        <void method="add"> 
         <double>1317520.3449471917</double> 
        </void> 
        <void method="add"> 
         <double>1317953.0712752999</double> 
        </void> 
        <void method="add"> 
         <double>1318085.9021287952</double> 
        </void> 
        <void method="add"> 
         <double>1318468.1448936414</double> 
        </void> 
        <void method="add"> 
         <double>1319542.1121728637</double> 
        </void> 
        <void method="add"> 
         <double>1319848.824559539</double> 
        </void> 
        <void method="add"> 
         <double>1319960.1185744072</double> 
        </void> 
        <void method="add"> 
         <double>1321765.4128297204</double> 
        </void> 
        <void method="add"> 
         <double>1322099.8432367328</double> 
        </void> 
        <void method="add"> 
         <double>1322103.4404632773</double> 
        </void> 
        <void method="add"> 
         <double>1322280.4516132318</double> 
        </void> 
        <void method="add"> 
         <double>1322397.443497832</double> 
        </void> 
        <void method="add"> 
         <double>1322679.4218867172</double> 
        </void> 
        <void method="add"> 
         <double>1323067.354407976</double> 
        </void> 
        <void method="add"> 
         <double>1323497.274444562</double> 
        </void> 
        <void method="add"> 
         <double>1311058.6824102788</double> 
        </void> 
        <void method="add"> 
         <double>1310328.2225251044</double> 
        </void> 
        <void method="add"> 
         <double>1314613.7045142404</double> 
        </void> 
        <void method="add"> 
         <double>1314021.2388870388</double> 
        </void> 
        <void method="add"> 
         <double>1315688.2059122932</double> 
        </void> 
       </object> 
      </void> 
      <void property="stdev"> 
       <double>5662.971060730442</double> 
      </void> 
     </object> 
    </void> 
    <void index="6"> 
     <object class="jmbench.tools.EvaluationMetrics"> 
      <void property="max"> 
       <double>197673.690590642</double> 
      </void> 
      <void property="mean"> 
       <double>195395.17221863254</double> 
      </void> 
      <void property="median"> 
       <double>195188.9220359238</double> 
      </void> 
      <void property="min"> 
       <double>192813.85766473413</double> 
      </void> 
      <void property="rawResults"> 
       <object class="java.util.ArrayList"> 
        <void method="add"> 
         <double>193594.99075093534</double> 
        </void> 
        <void method="add"> 
         <double>193822.01425859903</double> 
        </void> 
        <void method="add"> 
         <double>193903.33690175228</double> 
        </void> 
        <void method="add"> 
         <double>194238.28929616403</double> 
        </void> 
        <void method="add"> 
         <double>194428.316152695</double> 
        </void> 
        <void method="add"> 
         <double>194671.89549188496</double> 
        </void> 
        <void method="add"> 
         <double>194720.64639944883</double> 
        </void> 
        <void method="add"> 
         <double>194854.53628489035</double> 
        </void> 
        <void method="add"> 
         <double>194938.0633051178</double> 
        </void> 
        <void method="add"> 
         <double>194992.87842622976</double> 
        </void> 
        <void method="add"> 
         <double>195188.9220359238</double> 
        </void> 
        <void method="add"> 
         <double>195402.44275243185</double> 
        </void> 
        <void method="add"> 
         <double>195458.37660408314</double> 
        </void> 
        <void method="add"> 
         <double>195974.23169556007</double> 
        </void> 
        <void method="add"> 
         <double>195999.8055630607</double> 
        </void> 
        <void method="add"> 
         <double>196387.30487646384</double> 
        </void> 
        <void method="add"> 
         <double>196498.18922855053</double> 
        </void> 
        <void method="add"> 
         <double>196767.48269822678</double> 
        </void> 
        <void method="add"> 
         <double>197239.82701337954</double> 
        </void> 
        <void method="add"> 
         <double>197354.21499277343</double> 
        </void> 
        <void method="add"> 
         <double>192813.85766473413</double> 
        </void> 
        <void method="add"> 
         <double>197203.18716190825</double> 
        </void> 
        <void method="add"> 
         <double>195001.91492038668</double> 
        </void> 
        <void method="add"> 
         <double>197673.690590642</double> 
        </void> 
        <void method="add"> 
         <double>195750.8903999703</double> 
        </void> 
       </object> 
      </void> 
      <void property="stdev"> 
       <double>1254.3150229231649</double> 
      </void> 
     </object> 
    </void> 
    <void index="7"> 
     <object class="jmbench.tools.EvaluationMetrics"> 
      <void property="max"> 
       <double>45048.443069204346</double> 
      </void> 
      <void property="mean"> 
       <double>44646.42382373993</double> 
      </void> 
      <void property="median"> 
       <double>44760.54830079268</double> 
      </void> 
      <void property="min"> 
       <double>44023.42767489377</double> 
      </void> 
      <void property="rawResults"> 
       <object class="java.util.ArrayList"> 
        <void method="add"> 
         <double>44285.04656177264</double> 
        </void> 
        <void method="add"> 
         <double>44306.4652519716</double> 
        </void> 
        <void method="add"> 
         <double>44420.11030375472</double> 
        </void> 
        <void method="add"> 
         <double>44504.34064314582</double> 
        </void> 
        <void method="add"> 
         <double>44508.71591125684</double> 
        </void> 
        <void method="add"> 
         <double>44546.7110608005</double> 
        </void> 
        <void method="add"> 
         <double>44612.23749066246</double> 
        </void> 
        <void method="add"> 
         <double>44645.481188868995</double> 
        </void> 
        <void method="add"> 
         <double>44671.21966731718</double> 
        </void> 
        <void method="add"> 
         <double>44766.94507302439</double> 
        </void> 
        <void method="add"> 
         <double>44772.54745181191</double> 
        </void> 
        <void method="add"> 
         <double>44780.826875044426</double> 
        </void> 
        <void method="add"> 
         <double>44797.15467444179</double> 
        </void> 
        <void method="add"> 
         <double>44820.37174496853</double> 
        </void> 
        <void method="add"> 
         <double>44822.02842640648</double> 
        </void> 
        <void method="add"> 
         <double>44823.91901702201</double> 
        </void> 
        <void method="add"> 
         <double>44829.86326793024</double> 
        </void> 
        <void method="add"> 
         <double>44833.17509195426</double> 
        </void> 
        <void method="add"> 
         <double>44872.36986771511</double> 
        </void> 
        <void method="add"> 
         <double>45048.443069204346</double> 
        </void> 
        <void method="add"> 
         <double>44023.42767489377</double> 
        </void> 
        <void method="add"> 
         <double>44411.87538461088</double> 
        </void> 
        <void method="add"> 
         <double>44760.54830079268</double> 
        </void> 
        <void method="add"> 
         <double>44851.91997599679</double> 
        </void> 
        <void method="add"> 
         <double>44444.851618129906</double> 
        </void> 
       </object> 
      </void> 
      <void property="stdev"> 
       <double>230.85025299534465</double> 
      </void> 
     </object> 
    </void> 
    <void index="8"> 
     <object class="jmbench.tools.EvaluationMetrics"> 
      <void property="max"> 
       <double>11521.910498041323</double> 
      </void> 
      <void property="mean"> 
       <double>11348.691279209248</double> 
      </void> 
      <void property="median"> 
       <double>11357.322253500372</double> 
      </void> 
      <void property="min"> 
       <double>11198.215386739068</double> 
      </void> 
      <void property="rawResults"> 
       <object class="java.util.ArrayList"> 
        <void method="add"> 
         <double>11198.215386739068</double> 
        </void> 
        <void method="add"> 
         <double>11239.724905372583</double> 
        </void> 
        <void method="add"> 
         <double>11247.877257532666</double> 
        </void> 
        <void method="add"> 
         <double>11264.596395984714</double> 
        </void> 
        <void method="add"> 
         <double>11278.533729152976</double> 
        </void> 
        <void method="add"> 
         <double>11297.35062318762</double> 
        </void> 
        <void method="add"> 
         <double>11307.525143268978</double> 
        </void> 
        <void method="add"> 
         <double>11326.663506721721</double> 
        </void> 
        <void method="add"> 
         <double>11346.244323806546</double> 
        </void> 
        <void method="add"> 
         <double>11357.322253500372</double> 
        </void> 
        <void method="add"> 
         <double>11358.737066959671</double> 
        </void> 
        <void method="add"> 
         <double>11367.542129480533</double> 
        </void> 
        <void method="add"> 
         <double>11371.840267291016</double> 
        </void> 
        <void method="add"> 
         <double>11375.140614784435</double> 
        </void> 
        <void method="add"> 
         <double>11379.111507804328</double> 
        </void> 
        <void method="add"> 
         <double>11399.241485732746</double> 
        </void> 
        <void method="add"> 
         <double>11423.143839126333</double> 
        </void> 
        <void method="add"> 
         <double>11431.905367620255</double> 
        </void> 
        <void method="add"> 
         <double>11514.781342712753</double> 
        </void> 
        <void method="add"> 
         <double>11521.910498041323</double> 
        </void> 
        <void method="add"> 
         <double>11373.944079592315</double> 
        </void> 
        <void method="add"> 
         <double>11445.399484612608</double> 
        </void> 
        <void method="add"> 
         <double>11251.454607348553</double> 
        </void> 
        <void method="add"> 
         <double>11342.49100934031</double> 
        </void> 
        <void method="add"> 
         <double>11296.585154516728</double> 
        </void> 
       </object> 
      </void> 
      <void property="stdev"> 
       <double>79.74961514731726</double> 
      </void> 
     </object> 
    </void> 
    <void index="9"> 
     <object class="jmbench.tools.EvaluationMetrics"> 
      <void property="max"> 
       <double>770.7763896955722</double> 
      </void> 
      <void property="mean"> 
       <double>741.7819335007796</double> 
      </void> 
      <void property="median"> 
       <double>743.6882013415817</double> 
      </void> 
      <void property="min"> 
       <double>711.9763723191885</double> 
      </void> 
      <void property="rawResults"> 
       <object class="java.util.ArrayList"> 
        <void method="add"> 
         <double>711.9763723191885</double> 
        </void> 
        <void method="add"> 
         <double>715.2434744641439</double> 
        </void> 
        <void method="add"> 
         <double>715.9893214628968</double> 
        </void> 
        <void method="add"> 
         <double>727.5880510029941</double> 
        </void> 
        <void method="add"> 
         <double>729.2813761578426</double> 
        </void> 
        <void method="add"> 
         <double>729.7369310104364</double> 
        </void> 
        <void method="add"> 
         <double>732.1288611547756</double> 
        </void> 
        <void method="add"> 
         <double>736.3402378090655</double> 
        </void> 
        <void method="add"> 
         <double>743.6882013415817</double> 
        </void> 
        <void method="add"> 
         <double>746.6474789860606</double> 
        </void> 
        <void method="add"> 
         <double>748.1743924101629</double> 
        </void> 
        <void method="add"> 
         <double>748.1896302487378</double> 
        </void> 
        <void method="add"> 
         <double>749.5528201525668</double> 
        </void> 
        <void method="add"> 
         <double>749.9405203848944</double> 
        </void> 
        <void method="add"> 
         <double>754.1904213746492</double> 
        </void> 
        <void method="add"> 
         <double>757.0993210224394</double> 
        </void> 
        <void method="add"> 
         <double>757.2447280308106</double> 
        </void> 
        <void method="add"> 
         <double>763.196471183608</double> 
        </void> 
        <void method="add"> 
         <double>763.5627644288797</double> 
        </void> 
        <void method="add"> 
         <double>770.7763896955722</double> 
        </void> 
        <void method="add"> 
         <double>726.4770409995841</double> 
        </void> 
        <void method="add"> 
         <double>752.6490270544523</double> 
        </void> 
        <void method="add"> 
         <double>739.6217042391348</double> 
        </void> 
        <void method="add"> 
         <double>743.6304646723148</double> 
        </void> 
        <void method="add"> 
         <double>731.6223359126967</double> 
        </void> 
       </object> 
      </void> 
      <void property="stdev"> 
       <double>15.472163404437477</double> 
      </void> 
     </object> 
    </void> 
    <void index="10"> 
     <object class="jmbench.tools.EvaluationMetrics"> 
      <void property="max"> 
       <double>177.20211683991295</double> 
      </void> 
      <void property="mean"> 
       <double>174.1641065739332</double> 
      </void> 
      <void property="median"> 
       <double>175.13786645534552</double> 
      </void> 
      <void property="min"> 
       <double>165.03578163074675</double> 
      </void> 
      <void property="rawResults"> 
       <object class="java.util.ArrayList"> 
        <void method="add"> 
         <double>165.03578163074675</double> 
        </void> 
        <void method="add"> 
         <double>168.4262708135483</double> 
        </void> 
        <void method="add"> 
         <double>170.4987180384776</double> 
        </void> 
        <void method="add"> 
         <double>171.1964363059884</double> 
        </void> 
        <void method="add"> 
         <double>171.77177466001024</double> 
        </void> 
        <void method="add"> 
         <double>172.42381152146254</double> 
        </void> 
        <void method="add"> 
         <double>173.7909463627223</double> 
        </void> 
        <void method="add"> 
         <double>174.08579749714556</double> 
        </void> 
        <void method="add"> 
         <double>174.15247519004802</double> 
        </void> 
        <void method="add"> 
         <double>174.86303306280996</double> 
        </void> 
        <void method="add"> 
         <double>175.13786645534552</double> 
        </void> 
        <void method="add"> 
         <double>175.2167392715465</double> 
        </void> 
        <void method="add"> 
         <double>175.60681252182775</double> 
        </void> 
        <void method="add"> 
         <double>175.70564979108838</double> 
        </void> 
        <void method="add"> 
         <double>175.80562657779794</double> 
        </void> 
        <void method="add"> 
         <double>176.08501214813322</double> 
        </void> 
        <void method="add"> 
         <double>176.23195570135462</double> 
        </void> 
        <void method="add"> 
         <double>176.45087743587808</double> 
        </void> 
        <void method="add"> 
         <double>176.62432428935227</double> 
        </void> 
        <void method="add"> 
         <double>177.20211683991295</double> 
        </void> 
        <void method="add"> 
         <double>174.11493169010188</double> 
        </void> 
        <void method="add"> 
         <double>176.33804188475443</double> 
        </void> 
        <void method="add"> 
         <double>174.48572411829994</double> 
        </void> 
        <void method="add"> 
         <double>176.3069318008574</double> 
        </void> 
        <void method="add"> 
         <double>176.54500873911977</double> 
        </void> 
       </object> 
      </void> 
      <void property="stdev"> 
       <double>2.8330571405596947</double> 
      </void> 
     </object> 
    </void> 
    <void index="11"> 
     <object class="jmbench.tools.EvaluationMetrics"> 
      <void property="max"> 
       <double>44.29683061083189</double> 
      </void> 
      <void property="mean"> 
       <double>43.50865596384497</double> 
      </void> 
      <void property="median"> 
       <double>43.64088947431688</double> 
      </void> 
      <void property="min"> 
       <double>42.17754944107992</double> 
      </void> 
      <void property="rawResults"> 
       <object class="java.util.ArrayList"> 
        <void method="add"> 
         <double>42.78282216208399</double> 
        </void> 
        <void method="add"> 
         <double>42.82552613126356</double> 
        </void> 
        <void method="add"> 
         <double>42.94039131075585</double> 
        </void> 
        <void method="add"> 
         <double>43.081203637367175</double> 
        </void> 
        <void method="add"> 
         <double>43.30340848696148</double> 
        </void> 
        <void method="add"> 
         <double>43.519228430271816</double> 
        </void> 
        <void method="add"> 
         <double>43.52098997407764</double> 
        </void> 
        <void method="add"> 
         <double>43.52570967306491</double> 
        </void> 
        <void method="add"> 
         <double>43.611862953105216</double> 
        </void> 
        <void method="add"> 
         <double>43.61810219582916</double> 
        </void> 
        <void method="add"> 
         <double>43.64088947431688</double> 
        </void> 
        <void method="add"> 
         <double>43.699589184333405</double> 
        </void> 
        <void method="add"> 
         <double>43.70520773283233</double> 
        </void> 
        <void method="add"> 
         <double>43.71102586887819</double> 
        </void> 
        <void method="add"> 
         <double>43.723088426557304</double> 
        </void> 
        <void method="add"> 
         <double>43.73455751136111</double> 
        </void> 
        <void method="add"> 
         <double>43.74174891209562</double> 
        </void> 
        <void method="add"> 
         <double>43.74464509819665</double> 
        </void> 
        <void method="add"> 
         <double>43.89161788085269</double> 
        </void> 
        <void method="add"> 
         <double>44.29683061083189</double> 
        </void> 
        <void method="add"> 
         <double>42.17754944107992</double> 
        </void> 
        <void method="add"> 
         <double>43.50701225743131</double> 
        </void> 
        <void method="add"> 
         <double>43.66676730400972</double> 
        </void> 
        <void method="add"> 
         <double>44.01538171799773</double> 
        </void> 
        <void method="add"> 
         <double>43.73124272056885</double> 
        </void> 
       </object> 
      </void> 
      <void property="stdev"> 
       <double>0.43708385885109635</double> 
      </void> 
     </object> 
    </void> 
   </array> 
  </void> 
  <void property="opName"> 
   <string>Scale b=alpha*a</string> 
  </void> 
 </object> 
</java> 
