<?xml version="1.0" encoding="UTF-8"?> 
<java version="1.6.0_16" class="java.beans.XMLDecoder"> 
 <object class="jmbench.tools.runtime.OperationResults"> 
  <void property="library"> 
   <object class="jmbench.impl.MatrixLibrary" method="valueOf"> 
    <string>PCOLT</string> 
   </object> 
  </void> 
  <void property="matDimen"> 
   <array class="int" length="12"> 
    <void index="0"> 
     <int>2</int> 
    </void> 
    <void index="1"> 
     <int>3</int> 
    </void> 
    <void index="2"> 
     <int>4</int> 
    </void> 
    <void index="3"> 
     <int>5</int> 
    </void> 
    <void index="4"> 
     <int>10</int> 
    </void> 
    <void index="5"> 
     <int>20</int> 
    </void> 
    <void index="6"> 
     <int>50</int> 
    </void> 
    <void index="7"> 
     <int>100</int> 
    </void> 
    <void index="8"> 
     <int>200</int> 
    </void> 
    <void index="9"> 
     <int>500</int> 
    </void> 
    <void index="10"> 
     <int>1000</int> 
    </void> 
    <void index="11"> 
     <int>2000</int> 
    </void> 
   </array> 
  </void> 
  <void property="metrics"> 
   <array class="jmbench.tools.EvaluationMetrics" length="12"> 
    <void index="0"> 
     <object class="jmbench.tools.EvaluationMetrics"> 
      <void property="max"> 
       <double>61.53082183068778</double> 
      </void> 
      <void property="mean"> 
       <double>61.23932068715521</double> 
      </void> 
      <void property="median"> 
       <double>61.31657334731858</double> 
      </void> 
      <void property="min"> 
       <double>60.91621973233567</double> 
      </void> 
      <void property="rawResults"> 
       <object class="java.util.ArrayList"> 
        <void method="add"> 
         <double>61.53082183068778</double> 
        </void> 
        <void method="add"> 
         <double>61.41972966720184</double> 
        </void> 
        <void method="add"> 
         <double>61.01325885823216</double> 
        </void> 
        <void method="add"> 
         <double>61.31657334731858</double> 
        </void> 
        <void method="add"> 
         <double>60.91621973233567</double> 
        </void> 
       </object> 
      </void> 
      <void property="stdev"> 
       <double>0.23621450749939552</double> 
      </void> 
     </object> 
    </void> 
   </array> 
  </void> 
  <void property="opName"> 
   <string>Solve m&gt;n</string> 
  </void> 
 </object> 
</java> 
