<jmbench.tools.stability.StabilityTrialResults>
  <breakingPoints>
    <double>1.0000000000000086E-154</double>
    <double>1.0000000000000086E-154</double>
    <double>1.0000000000000086E-154</double>
    <double>1.0000000000000086E-154</double>
    <double>1.0000000000000085E-155</double>
    <double>1.0000000000000086E-154</double>
    <double>1.0000000000000086E-154</double>
  </breakingPoints>
  <numFinished>0</numFinished>
  <numLargeError>0</numLargeError>
  <numUncountable>0</numUncountable>
  <numGraceful>7</numGraceful>
  <numUnexpectedException>0</numUnexpectedException>
  <libraryName>CommMath</libraryName>
  <benchmarkName>Eigenvalue Symmetric Underflow</benchmarkName>
  <unexpectedExceptions/>
  <durationMilli>73012</durationMilli>
  <memoryBytes>227</memoryBytes>
</jmbench.tools.stability.StabilityTrialResults>