<jmbench.tools.stability.StabilityTrialResults>
  <breakingPoints>
    <double>4.375978063528412E-15</double>
    <double>4.390106488916246E-15</double>
    <double>4.672326011798511E-15</double>
    <double>4.059958448669359E-15</double>
    <double>3.962902757521083E-15</double>
    <double>3.8886542346007155E-15</double>
    <double>4.744552275334978E-15</double>
    <double>4.582978107302653E-15</double>
    <double>4.555881973119283E-15</double>
    <double>4.594071635002305E-15</double>
    <double>4.353151832754665E-15</double>
    <double>4.494233112721946E-15</double>
    <double>4.260780328594437E-15</double>
    <double>4.0266737082586E-15</double>
    <double>3.9772397082346294E-15</double>
    <double>4.2228346527972305E-15</double>
    <double>4.504437640060836E-15</double>
    <double>4.564125092827364E-15</double>
    <double>3.894943882977417E-15</double>
    <double>4.482136618173697E-15</double>
    <double>4.299569586980509E-15</double>
    <double>3.786562380197094E-15</double>
    <double>3.910940973047167E-15</double>
    <double>3.99019811422815E-15</double>
    <double>4.227902154509944E-15</double>
    <double>4.419113610446789E-15</double>
    <double>3.774267585056381E-15</double>
    <double>4.499332508755961E-15</double>
    <double>3.696943392343134E-15</double>
    <double>4.706354105293209E-15</double>
    <double>4.543871848828189E-15</double>
    <double>4.070815796723087E-15</double>
    <double>4.430939142878499E-15</double>
    <double>4.163445863188924E-15</double>
    <double>4.184383952364969E-15</double>
    <double>3.8135497497148235E-15</double>
    <double>3.836520929670063E-15</double>
    <double>3.9408149539940565E-15</double>
    <double>4.05342397550035E-15</double>
    <double>4.2283330790712654E-15</double>
    <double>4.088155592625001E-15</double>
    <double>4.1733344209495E-15</double>
    <double>4.368502404655168E-15</double>
    <double>4.209990954199242E-15</double>
    <double>4.16161268184083E-15</double>
    <double>4.4263551694444215E-15</double>
    <double>4.317271056515387E-15</double>
    <double>4.367554639153356E-15</double>
  </breakingPoints>
  <numFinished>48</numFinished>
  <numLargeError>0</numLargeError>
  <numUncountable>0</numUncountable>
  <numGraceful>0</numGraceful>
  <numUnexpectedException>0</numUnexpectedException>
  <libraryName>CommMath</libraryName>
  <benchmarkName>Invert Symmetric Pos. Def. Accuracy</benchmarkName>
  <unexpectedExceptions/>
  <durationMilli>12502</durationMilli>
  <memoryBytes>227</memoryBytes>
</jmbench.tools.stability.StabilityTrialResults>