<jmbench.tools.stability.StabilityTrialResults>
  <breakingPoints>
    <double>1.0000000000000006E-11</double>
    <double>1.0000000000000006E-11</double>
    <double>1.0000000000000006E-11</double>
    <double>1.0000000000000006E-11</double>
    <double>1.0000000000000006E-11</double>
    <double>1.0000000000000006E-11</double>
    <double>1.0000000000000006E-11</double>
    <double>1.0000000000000006E-11</double>
    <double>1.0000000000000006E-11</double>
    <double>1.0000000000000006E-11</double>
    <double>1.0000000000000006E-11</double>
    <double>1.0000000000000006E-11</double>
  </breakingPoints>
  <numFinished>0</numFinished>
  <numLargeError>0</numLargeError>
  <numUncountable>0</numUncountable>
  <numGraceful>12</numGraceful>
  <numUnexpectedException>0</numUnexpectedException>
  <libraryName>CommMath</libraryName>
  <benchmarkName>Inverse Symmetric Underflow</benchmarkName>
  <unexpectedExceptions/>
  <durationMilli>7501</durationMilli>
  <memoryBytes>227</memoryBytes>
</jmbench.tools.stability.StabilityTrialResults>