<jmbench.tools.stability.StabilityTrialResults>
  <breakingPoints>
    <double>Infinity</double>
    <double>Infinity</double>
    <double>Infinity</double>
    <double>Infinity</double>
    <double>Infinity</double>
    <double>Infinity</double>
    <double>Infinity</double>
    <double>Infinity</double>
    <double>Infinity</double>
    <double>Infinity</double>
    <double>Infinity</double>
    <double>Infinity</double>
  </breakingPoints>
  <numFinished>12</numFinished>
  <numLargeError>0</numLargeError>
  <numUncountable>0</numUncountable>
  <numGraceful>0</numGraceful>
  <numUnexpectedException>0</numUnexpectedException>
  <libraryName>CommMath</libraryName>
  <benchmarkName>Inverse Symmetric Overflow</benchmarkName>
  <unexpectedExceptions/>
  <durationMilli>411559</durationMilli>
  <memoryBytes>227</memoryBytes>
</jmbench.tools.stability.StabilityTrialResults>