<jmbench.tools.stability.StabilityTrialResults>
  <breakingPoints>
    <double>2.3543543712633865E-15</double>
    <double>2.405050350571078E-15</double>
    <double>2.3805848350498253E-15</double>
    <double>2.2815834474512958E-15</double>
    <double>2.1644739002277697E-15</double>
    <double>2.4890665647303514E-15</double>
    <double>2.34496343204049E-15</double>
    <double>2.1666340711160476E-15</double>
    <double>2.4591783892722566E-15</double>
    <double>2.369175765998528E-15</double>
    <double>2.2615358313574135E-15</double>
    <double>2.228415228196058E-15</double>
    <double>2.316790019739162E-15</double>
    <double>2.2720260712533563E-15</double>
    <double>2.3365103647935998E-15</double>
    <double>2.4384497735747276E-15</double>
    <double>2.4633544294792896E-15</double>
    <double>2.325379906274492E-15</double>
    <double>2.6088862270309346E-15</double>
    <double>2.184540075545649E-15</double>
    <double>2.3263753624008775E-15</double>
    <double>2.2755954386615754E-15</double>
    <double>2.4808928715689286E-15</double>
    <double>2.438987317680995E-15</double>
    <double>2.3580080186499125E-15</double>
    <double>2.3691133619167578E-15</double>
    <double>2.4670027252631048E-15</double>
    <double>2.4365554087049092E-15</double>
    <double>2.2949183156431703E-15</double>
    <double>2.1639207273262125E-15</double>
    <double>2.3221974700504688E-15</double>
    <double>2.493553985408774E-15</double>
    <double>2.6482301965529713E-15</double>
    <double>2.335958682163294E-15</double>
    <double>2.466989258722652E-15</double>
    <double>2.3066451854884637E-15</double>
    <double>2.260296876582126E-15</double>
    <double>2.2312529273330936E-15</double>
    <double>2.3417433293813937E-15</double>
    <double>2.40500547854871E-15</double>
    <double>2.275437786051375E-15</double>
    <double>2.4478488554422334E-15</double>
    <double>2.5012790020689566E-15</double>
    <double>2.474373100324088E-15</double>
    <double>2.5711145800919836E-15</double>
    <double>2.3146072194166157E-15</double>
    <double>2.6327687382264397E-15</double>
    <double>2.3886951908354522E-15</double>
  </breakingPoints>
  <numFinished>48</numFinished>
  <numLargeError>0</numLargeError>
  <numUncountable>0</numUncountable>
  <numGraceful>0</numGraceful>
  <numUnexpectedException>0</numUnexpectedException>
  <libraryName>CommMath</libraryName>
  <benchmarkName>Least squares accuracy</benchmarkName>
  <unexpectedExceptions/>
  <durationMilli>130520</durationMilli>
  <memoryBytes>227</memoryBytes>
</jmbench.tools.stability.StabilityTrialResults>