<jmbench.tools.stability.StabilityTrialResults>
  <breakingPoints>
    <double>1.793856592038439E-14</double>
    <double>1.7306424035870125E-14</double>
    <double>1.7579008886746087E-14</double>
    <double>1.8811256681306415E-14</double>
    <double>2.4109592569106505E-14</double>
    <double>1.5800923590819244E-14</double>
    <double>2.2480946023491195E-14</double>
    <double>1.7839689686959538E-14</double>
    <double>1.840782050265344E-14</double>
    <double>1.6723512269575884E-14</double>
    <double>2.078618083406697E-14</double>
    <double>2.419490364271165E-14</double>
    <double>2.023902904364555E-14</double>
    <double>2.631937047708913E-14</double>
    <double>2.0629854741023847E-14</double>
    <double>2.3357164939113882E-14</double>
    <double>1.8190547024261605E-14</double>
    <double>1.527454844706887E-14</double>
    <double>1.8757502229686646E-14</double>
    <double>1.88640653337998E-14</double>
    <double>1.8766138456283322E-14</double>
    <double>1.4184343522789721E-14</double>
    <double>2.124953889353651E-14</double>
    <double>2.0855358928436105E-14</double>
    <double>1.9781160781517457E-14</double>
    <double>1.8507935885554752E-14</double>
    <double>2.200339655626111E-14</double>
    <double>1.649068656293351E-14</double>
    <double>1.8063443221717555E-14</double>
    <double>2.385280882561019E-14</double>
    <double>1.902413294313625E-14</double>
    <double>1.9538751270522457E-14</double>
    <double>2.215074926064532E-14</double>
    <double>1.9090292685310556E-14</double>
    <double>2.0405210094145465E-14</double>
    <double>1.9342161702202517E-14</double>
    <double>1.9204451060037464E-14</double>
    <double>1.9481483144635054E-14</double>
    <double>1.6778391864640087E-14</double>
    <double>1.851105661242242E-14</double>
    <double>2.247760337803105E-14</double>
    <double>1.7305386007050607E-14</double>
    <double>2.1629020259985672E-14</double>
    <double>1.9183657801832336E-14</double>
    <double>1.8513013613269197E-14</double>
    <double>1.9589972105618066E-14</double>
    <double>2.383572312127074E-14</double>
    <double>1.771270973392817E-14</double>
  </breakingPoints>
  <numFinished>48</numFinished>
  <numLargeError>0</numLargeError>
  <numUncountable>0</numUncountable>
  <numGraceful>0</numGraceful>
  <numUnexpectedException>0</numUnexpectedException>
  <libraryName>CommMath</libraryName>
  <benchmarkName>Linear accuracy</benchmarkName>
  <unexpectedExceptions/>
  <durationMilli>137522</durationMilli>
  <memoryBytes>227</memoryBytes>
</jmbench.tools.stability.StabilityTrialResults>