<jmbench.tools.stability.StabilityTrialResults>
  <breakingPoints>
    <double>1.0E-313</double>
    <double>1.0E-313</double>
    <double>1.0E-313</double>
    <double>1.0E-313</double>
    <double>1.0E-313</double>
    <double>1.0E-313</double>
    <double>1.0E-313</double>
  </breakingPoints>
  <numFinished>0</numFinished>
  <numLargeError>7</numLargeError>
  <numUncountable>0</numUncountable>
  <numGraceful>0</numGraceful>
  <numUnexpectedException>0</numUnexpectedException>
  <libraryName>MTJ</libraryName>
  <benchmarkName>SVD Underflow</benchmarkName>
  <unexpectedExceptions/>
  <durationMilli>309046</durationMilli>
  <memoryBytes>227</memoryBytes>
</jmbench.tools.stability.StabilityTrialResults>