<jmbench.tools.stability.StabilityTrialResults>
  <breakingPoints/>
  <numFinished>0</numFinished>
  <numLargeError>0</numLargeError>
  <numUncountable>0</numUncountable>
  <numGraceful>0</numGraceful>
  <numUnexpectedException>0</numUnexpectedException>
  <libraryName>la4j</libraryName>
  <benchmarkName>Eigenvalue Symmetric Overflow</benchmarkName>
  <fatalError>FROZE</fatalError>
  <unexpectedExceptions/>
  <durationMilli>900161</durationMilli>
  <memoryBytes>227</memoryBytes>
</jmbench.tools.stability.StabilityTrialResults>