<jmbench.tools.stability.StabilityTrialResults>
  <breakingPoints>
    <double>2.4854199690786496E-15</double>
    <double>2.4501453232880814E-15</double>
    <double>2.681037523813253E-15</double>
    <double>2.4886914487861615E-15</double>
    <double>2.441902073177757E-15</double>
    <double>2.6029153678163523E-15</double>
    <double>2.6684461040760775E-15</double>
    <double>2.8340153801259873E-15</double>
    <double>2.6869603961235207E-15</double>
    <double>2.536032255543085E-15</double>
    <double>2.300199923435036E-15</double>
    <double>2.3937687221915263E-15</double>
    <double>2.4621678418403343E-15</double>
    <double>2.586155924569726E-15</double>
    <double>2.33256140833754E-15</double>
    <double>2.5597748132512485E-15</double>
    <double>2.606720313710305E-15</double>
    <double>2.630163085235613E-15</double>
    <double>2.5312949959974945E-15</double>
    <double>2.5557736892299844E-15</double>
    <double>2.8257489730209503E-15</double>
    <double>2.4717921153815435E-15</double>
    <double>2.6125740781770326E-15</double>
    <double>2.5427459799066494E-15</double>
    <double>2.6369454145309145E-15</double>
    <double>2.67633318307198E-15</double>
    <double>2.539256608515854E-15</double>
    <double>2.4889558389784355E-15</double>
    <double>2.538064568462061E-15</double>
    <double>2.478467092619145E-15</double>
    <double>2.5107650918737025E-15</double>
    <double>1.5907399272532207E-14</double>
    <double>2.5302963549362857E-15</double>
    <double>2.7826217240915655E-15</double>
    <double>2.4261249585363123E-15</double>
    <double>2.8621587545039723E-15</double>
    <double>2.3811737923327628E-15</double>
    <double>2.5676619305858496E-15</double>
    <double>2.6539994480623334E-15</double>
    <double>2.5888410919147724E-15</double>
    <double>2.4597761063338835E-15</double>
    <double>2.6719139088802993E-15</double>
    <double>2.5319932625788346E-15</double>
    <double>2.610394869479372E-15</double>
    <double>2.6683901705050007E-15</double>
    <double>2.5280382857541174E-15</double>
    <double>2.572610032247073E-15</double>
    <double>2.7389933379149347E-15</double>
  </breakingPoints>
  <numFinished>48</numFinished>
  <numLargeError>0</numLargeError>
  <numUncountable>0</numUncountable>
  <numGraceful>0</numGraceful>
  <numUnexpectedException>0</numUnexpectedException>
  <libraryName>la4j</libraryName>
  <benchmarkName>Least squares accuracy</benchmarkName>
  <unexpectedExceptions/>
  <durationMilli>174027</durationMilli>
  <memoryBytes>227</memoryBytes>
</jmbench.tools.stability.StabilityTrialResults>