<jmbench.tools.stability.StabilityTrialResults>
  <breakingPoints>
    <double>1.0000000000000008E-14</double>
    <double>1.0000000000000008E-14</double>
    <double>1.0000000000000008E-14</double>
    <double>1.0000000000000008E-14</double>
    <double>1.0000000000000008E-14</double>
    <double>1.0000000000000008E-14</double>
    <double>1.0000000000000008E-14</double>
    <double>1.0000000000000008E-14</double>
    <double>1.0000000000000008E-14</double>
    <double>1.0000000000000008E-14</double>
    <double>1.0000000000000008E-14</double>
    <double>1.0000000000000008E-14</double>
  </breakingPoints>
  <numFinished>0</numFinished>
  <numLargeError>12</numLargeError>
  <numUncountable>0</numUncountable>
  <numGraceful>0</numGraceful>
  <numUnexpectedException>0</numUnexpectedException>
  <libraryName>la4j</libraryName>
  <benchmarkName>Least Squares Underflow</benchmarkName>
  <unexpectedExceptions/>
  <durationMilli>83516</durationMilli>
  <memoryBytes>227</memoryBytes>
</jmbench.tools.stability.StabilityTrialResults>