<jmbench.tools.stability.StabilityTrialResults>
  <breakingPoints>
    <double>1.3480674533377557E-8</double>
    <double>3.131637955275979E-8</double>
    <double>5.89272930631242E-8</double>
    <double>7.960203505214115E-9</double>
    <double>1.368914790585889E-7</double>
    <double>7.274974452237555E-8</double>
    <double>1.368914790585889E-7</double>
    <double>1.368914790585889E-7</double>
    <double>8.981449941034017E-8</double>
    <double>1.4978527259308396E-8</double>
    <double>5.3034563756811777E-8</double>
    <double>1.521016433984321E-7</double>
  </breakingPoints>
  <numFinished>0</numFinished>
  <numLargeError>12</numLargeError>
  <numUncountable>0</numUncountable>
  <numGraceful>0</numGraceful>
  <numUnexpectedException>0</numUnexpectedException>
  <libraryName>la4j</libraryName>
  <benchmarkName>Least Squares singular</benchmarkName>
  <unexpectedExceptions/>
  <durationMilli>240047</durationMilli>
  <memoryBytes>227</memoryBytes>
</jmbench.tools.stability.StabilityTrialResults>