<jmbench.tools.stability.StabilityTrialResults>
  <breakingPoints>
    <double>1.0</double>
    <double>1.0</double>
    <double>Infinity</double>
    <double>1.0</double>
    <double>1.0</double>
    <double>Infinity</double>
    <double>1.0</double>
  </breakingPoints>
  <numFinished>2</numFinished>
  <numLargeError>5</numLargeError>
  <numUncountable>0</numUncountable>
  <numGraceful>0</numGraceful>
  <numUnexpectedException>0</numUnexpectedException>
  <libraryName>la4j</libraryName>
  <benchmarkName>SVD Overflow</benchmarkName>
  <unexpectedExceptions/>
  <durationMilli>340058</durationMilli>
  <memoryBytes>227</memoryBytes>
</jmbench.tools.stability.StabilityTrialResults>