<?xml version="1.0" encoding="UTF-8"?> 
<java version="1.6.0_16" class="java.beans.XMLDecoder"> 
 <object class="jmbench.tools.runtime.OperationResults"> 
  <void property="library"> 
   <object class="jmbench.impl.MatrixLibrary" method="valueOf"> 
    <string>CM</string> 
   </object> 
  </void> 
  <void property="matDimen"> 
   <array class="int" length="12"> 
    <void index="0"> 
     <int>2</int> 
    </void> 
    <void index="1"> 
     <int>3</int> 
    </void> 
    <void index="2"> 
     <int>4</int> 
    </void> 
    <void index="3"> 
     <int>5</int> 
    </void> 
    <void index="4"> 
     <int>10</int> 
    </void> 
    <void index="5"> 
     <int>20</int> 
    </void> 
    <void index="6"> 
     <int>50</int> 
    </void> 
    <void index="7"> 
     <int>100</int> 
    </void> 
    <void index="8"> 
     <int>200</int> 
    </void> 
    <void index="9"> 
     <int>500</int> 
    </void> 
    <void index="10"> 
     <int>1000</int> 
    </void> 
    <void index="11"> 
     <int>2000</int> 
    </void> 
   </array> 
  </void> 
  <void property="metrics"> 
   <array class="jmbench.tools.EvaluationMetrics" length="12"> 
    <void index="0"> 
     <object class="jmbench.tools.EvaluationMetrics"> 
      <void property="max"> 
       <double>1.096080786538185E7</double> 
      </void> 
      <void property="mean"> 
       <double>1.0708203821789794E7</double> 
      </void> 
      <void property="median"> 
       <double>1.0742986044106187E7</double> 
      </void> 
      <void property="min"> 
       <double>1.047707150996943E7</double> 
      </void> 
      <void property="rawResults"> 
       <object class="java.util.ArrayList"> 
        <void method="add"> 
         <double>1.047707150996943E7</double> 
        </void> 
        <void method="add"> 
         <double>1.0484781371207073E7</double> 
        </void> 
        <void method="add"> 
         <double>1.0500712331422385E7</double> 
        </void> 
        <void method="add"> 
         <double>1.0507968431887722E7</double> 
        </void> 
        <void method="add"> 
         <double>1.0523411548906036E7</double> 
        </void> 
        <void method="add"> 
         <double>1.0554068842375828E7</double> 
        </void> 
        <void method="add"> 
         <double>1.0560931580656942E7</double> 
        </void> 
        <void method="add"> 
         <double>1.0592470695746139E7</double> 
        </void> 
        <void method="add"> 
         <double>1.0613108633180736E7</double> 
        </void> 
        <void method="add"> 
         <double>1.0619805868769083E7</double> 
        </void> 
        <void method="add"> 
         <double>1.0632079673129013E7</double> 
        </void> 
        <void method="add"> 
         <double>1.066798204433147E7</double> 
        </void> 
        <void method="add"> 
         <double>1.0742986044106187E7</double> 
        </void> 
        <void method="add"> 
         <double>1.0752682251517324E7</double> 
        </void> 
        <void method="add"> 
         <double>1.076427166045371E7</double> 
        </void> 
        <void method="add"> 
         <double>1.0809412557281915E7</double> 
        </void> 
        <void method="add"> 
         <double>1.0823399165511122E7</double> 
        </void> 
        <void method="add"> 
         <double>1.08249745345912E7</double> 
        </void> 
        <void method="add"> 
         <double>1.0845521412989056E7</double> 
        </void> 
        <void method="add"> 
         <double>1.0866131474726755E7</double> 
        </void> 
        <void method="add"> 
         <double>1.0785577861629486E7</double> 
        </void> 
        <void method="add"> 
         <double>1.096080786538185E7</double> 
        </void> 
        <void method="add"> 
         <double>1.0934975418191604E7</double> 
        </void> 
        <void method="add"> 
         <double>1.0939892875016665E7</double> 
        </void> 
        <void method="add"> 
         <double>1.0920069891766082E7</double> 
        </void> 
       </object> 
      </void> 
      <void property="stdev"> 
       <double>156308.82367526332</double> 
      </void> 
     </object> 
    </void> 
    <void index="1"> 
     <object class="jmbench.tools.EvaluationMetrics"> 
      <void property="max"> 
       <double>9671852.891995395</double> 
      </void> 
      <void property="mean"> 
       <double>9093967.821509378</double> 
      </void> 
      <void property="median"> 
       <double>9101036.601459198</double> 
      </void> 
      <void property="min"> 
       <double>8097435.97303749</double> 
      </void> 
      <void property="rawResults"> 
       <object class="java.util.ArrayList"> 
        <void method="add"> 
         <double>8097435.97303749</double> 
        </void> 
        <void method="add"> 
         <double>8403872.14262941</double> 
        </void> 
        <void method="add"> 
         <double>8440835.620795034</double> 
        </void> 
        <void method="add"> 
         <double>8478272.167201363</double> 
        </void> 
        <void method="add"> 
         <double>8660634.401670156</double> 
        </void> 
        <void method="add"> 
         <double>8687558.777874038</double> 
        </void> 
        <void method="add"> 
         <double>8710987.994326744</double> 
        </void> 
        <void method="add"> 
         <double>8787583.665095627</double> 
        </void> 
        <void method="add"> 
         <double>8937220.047440827</double> 
        </void> 
        <void method="add"> 
         <double>8940623.195590662</double> 
        </void> 
        <void method="add"> 
         <double>8967420.996996507</double> 
        </void> 
        <void method="add"> 
         <double>9026903.256769096</double> 
        </void> 
        <void method="add"> 
         <double>9101036.601459198</double> 
        </void> 
        <void method="add"> 
         <double>9209319.613499552</double> 
        </void> 
        <void method="add"> 
         <double>9350112.134758499</double> 
        </void> 
        <void method="add"> 
         <double>9539918.58965995</double> 
        </void> 
        <void method="add"> 
         <double>9549748.499420237</double> 
        </void> 
        <void method="add"> 
         <double>9567799.422298595</double> 
        </void> 
        <void method="add"> 
         <double>9573123.978971796</double> 
        </void> 
        <void method="add"> 
         <double>9576591.501503693</double> 
        </void> 
        <void method="add"> 
         <double>9307354.313774586</double> 
        </void> 
        <void method="add"> 
         <double>9611634.806391185</double> 
        </void> 
        <void method="add"> 
         <double>9517991.62705311</double> 
        </void> 
        <void method="add"> 
         <double>9671852.891995395</double> 
        </void> 
        <void method="add"> 
         <double>9633363.317521706</double> 
        </void> 
       </object> 
      </void> 
      <void property="stdev"> 
       <double>457290.81057830533</double> 
      </void> 
     </object> 
    </void> 
    <void index="2"> 
     <object class="jmbench.tools.EvaluationMetrics"> 
      <void property="max"> 
       <double>8782591.602802685</double> 
      </void> 
      <void property="mean"> 
       <double>8406913.495022897</double> 
      </void> 
      <void property="median"> 
       <double>8675371.974046446</double> 
      </void> 
      <void property="min"> 
       <double>7875289.782599265</double> 
      </void> 
      <void property="rawResults"> 
       <object class="java.util.ArrayList"> 
        <void method="add"> 
         <double>7875289.782599265</double> 
        </void> 
        <void method="add"> 
         <double>7953139.110943713</double> 
        </void> 
        <void method="add"> 
         <double>8011179.696875825</double> 
        </void> 
        <void method="add"> 
         <double>8011728.255493136</double> 
        </void> 
        <void method="add"> 
         <double>8012884.620422843</double> 
        </void> 
        <void method="add"> 
         <double>8027815.9105098</double> 
        </void> 
        <void method="add"> 
         <double>8037162.821181948</double> 
        </void> 
        <void method="add"> 
         <double>8039528.802362074</double> 
        </void> 
        <void method="add"> 
         <double>8056088.493435958</double> 
        </void> 
        <void method="add"> 
         <double>8077478.089098736</double> 
        </void> 
        <void method="add"> 
         <double>8090633.677576172</double> 
        </void> 
        <void method="add"> 
         <double>8366002.191950369</double> 
        </void> 
        <void method="add"> 
         <double>8675371.974046446</double> 
        </void> 
        <void method="add"> 
         <double>8691289.511617279</double> 
        </void> 
        <void method="add"> 
         <double>8732256.588577759</double> 
        </void> 
        <void method="add"> 
         <double>8734148.42533519</double> 
        </void> 
        <void method="add"> 
         <double>8736226.495343633</double> 
        </void> 
        <void method="add"> 
         <double>8757722.992102033</double> 
        </void> 
        <void method="add"> 
         <double>8760061.023534955</double> 
        </void> 
        <void method="add"> 
         <double>8765449.860925071</double> 
        </void> 
        <void method="add"> 
         <double>8736477.673866838</double> 
        </void> 
        <void method="add"> 
         <double>8746205.52103429</double> 
        </void> 
        <void method="add"> 
         <double>8769918.081044635</double> 
        </void> 
        <void method="add"> 
         <double>8726186.17289181</double> 
        </void> 
        <void method="add"> 
         <double>8782591.602802685</double> 
        </void> 
       </object> 
      </void> 
      <void property="stdev"> 
       <double>355218.48529773654</double> 
      </void> 
     </object> 
    </void> 
    <void index="3"> 
     <object class="jmbench.tools.EvaluationMetrics"> 
      <void property="max"> 
       <double>7370790.73212265</double> 
      </void> 
      <void property="mean"> 
       <double>7241162.354542115</double> 
      </void> 
      <void property="median"> 
       <double>7290485.432382832</double> 
      </void> 
      <void property="min"> 
       <double>6629167.06510625</double> 
      </void> 
      <void property="rawResults"> 
       <object class="java.util.ArrayList"> 
        <void method="add"> 
         <double>6629167.06510625</double> 
        </void> 
        <void method="add"> 
         <double>6701178.562991954</double> 
        </void> 
        <void method="add"> 
         <double>6987007.05151987</double> 
        </void> 
        <void method="add"> 
         <double>7213674.913152297</double> 
        </void> 
        <void method="add"> 
         <double>7275031.277713354</double> 
        </void> 
        <void method="add"> 
         <double>7279527.67049365</double> 
        </void> 
        <void method="add"> 
         <double>7282599.767237867</double> 
        </void> 
        <void method="add"> 
         <double>7283693.310909914</double> 
        </void> 
        <void method="add"> 
         <double>7284663.475521493</double> 
        </void> 
        <void method="add"> 
         <double>7287275.211882565</double> 
        </void> 
        <void method="add"> 
         <double>7290211.907901702</double> 
        </void> 
        <void method="add"> 
         <double>7306740.420174598</double> 
        </void> 
        <void method="add"> 
         <double>7307552.382069002</double> 
        </void> 
        <void method="add"> 
         <double>7310117.623406997</double> 
        </void> 
        <void method="add"> 
         <double>7315129.366325329</double> 
        </void> 
        <void method="add"> 
         <double>7316305.7728902325</double> 
        </void> 
        <void method="add"> 
         <double>7327981.566757001</double> 
        </void> 
        <void method="add"> 
         <double>7329761.442691374</double> 
        </void> 
        <void method="add"> 
         <double>7331591.256666249</double> 
        </void> 
        <void method="add"> 
         <double>7331921.661350923</double> 
        </void> 
        <void method="add"> 
         <double>7339690.7909155525</double> 
        </void> 
        <void method="add"> 
         <double>7370790.73212265</double> 
        </void> 
        <void method="add"> 
         <double>7362506.271101717</double> 
        </void> 
        <void method="add"> 
         <double>7274453.9302674895</double> 
        </void> 
        <void method="add"> 
         <double>7290485.432382832</double> 
        </void> 
       </object> 
      </void> 
      <void property="stdev"> 
       <double>183869.5378347234</double> 
      </void> 
     </object> 
    </void> 
    <void index="4"> 
     <object class="jmbench.tools.EvaluationMetrics"> 
      <void property="max"> 
       <double>2946957.2969069043</double> 
      </void> 
      <void property="mean"> 
       <double>2855641.390485681</double> 
      </void> 
      <void property="median"> 
       <double>2912467.049785701</double> 
      </void> 
      <void property="min"> 
       <double>2531083.9976560366</double> 
      </void> 
      <void property="rawResults"> 
       <object class="java.util.ArrayList"> 
        <void method="add"> 
         <double>2531083.9976560366</double> 
        </void> 
        <void method="add"> 
         <double>2679035.111918808</double> 
        </void> 
        <void method="add"> 
         <double>2716041.550653973</double> 
        </void> 
        <void method="add"> 
         <double>2866248.234114203</double> 
        </void> 
        <void method="add"> 
         <double>2904763.581203299</double> 
        </void> 
        <void method="add"> 
         <double>2911415.2082922035</double> 
        </void> 
        <void method="add"> 
         <double>2912210.1774087744</double> 
        </void> 
        <void method="add"> 
         <double>2912467.049785701</double> 
        </void> 
        <void method="add"> 
         <double>2919778.8341438887</double> 
        </void> 
        <void method="add"> 
         <double>2923142.051208221</double> 
        </void> 
        <void method="add"> 
         <double>2926234.4936668607</double> 
        </void> 
        <void method="add"> 
         <double>2926434.4465308515</double> 
        </void> 
        <void method="add"> 
         <double>2930927.6036134157</double> 
        </void> 
        <void method="add"> 
         <double>2936799.9345836323</double> 
        </void> 
        <void method="add"> 
         <double>2941615.91937897</double> 
        </void> 
        <void method="add"> 
         <double>2943137.0642854883</double> 
        </void> 
        <void method="add"> 
         <double>2945922.0004312936</double> 
        </void> 
        <void method="add"> 
         <double>2946292.465266638</double> 
        </void> 
        <void method="add"> 
         <double>2946666.5242838445</double> 
        </void> 
        <void method="add"> 
         <double>2946957.2969069043</double> 
        </void> 
        <void method="add"> 
         <double>2748589.2521065073</double> 
        </void> 
        <void method="add"> 
         <double>2732580.268629921</double> 
        </void> 
        <void method="add"> 
         <double>2765920.1540267393</double> 
        </void> 
        <void method="add"> 
         <double>2739746.813298974</double> 
        </void> 
        <void method="add"> 
         <double>2737024.7287468826</double> 
        </void> 
       </object> 
      </void> 
      <void property="stdev"> 
       <double>111210.71205252572</double> 
      </void> 
     </object> 
    </void> 
    <void index="5"> 
     <object class="jmbench.tools.EvaluationMetrics"> 
      <void property="max"> 
       <double>798669.4692834711</double> 
      </void> 
      <void property="mean"> 
       <double>752132.6910722117</double> 
      </void> 
      <void property="median"> 
       <double>750310.4527825009</double> 
      </void> 
      <void property="min"> 
       <double>696491.7609469418</double> 
      </void> 
      <void property="rawResults"> 
       <object class="java.util.ArrayList"> 
        <void method="add"> 
         <double>696491.7609469418</double> 
        </void> 
        <void method="add"> 
         <double>704045.8576330009</double> 
        </void> 
        <void method="add"> 
         <double>716494.5638834748</double> 
        </void> 
        <void method="add"> 
         <double>717264.2079374618</double> 
        </void> 
        <void method="add"> 
         <double>718738.9444675721</double> 
        </void> 
        <void method="add"> 
         <double>723099.165737415</double> 
        </void> 
        <void method="add"> 
         <double>724412.1776434773</double> 
        </void> 
        <void method="add"> 
         <double>736374.2696699844</double> 
        </void> 
        <void method="add"> 
         <double>738284.6685966748</double> 
        </void> 
        <void method="add"> 
         <double>740235.6631150951</double> 
        </void> 
        <void method="add"> 
         <double>748105.9150870935</double> 
        </void> 
        <void method="add"> 
         <double>750310.4527825009</double> 
        </void> 
        <void method="add"> 
         <double>768015.4698284892</double> 
        </void> 
        <void method="add"> 
         <double>769560.7167960209</double> 
        </void> 
        <void method="add"> 
         <double>773041.1649893684</double> 
        </void> 
        <void method="add"> 
         <double>789474.1635694448</double> 
        </void> 
        <void method="add"> 
         <double>791914.1111617038</double> 
        </void> 
        <void method="add"> 
         <double>791974.5841238003</double> 
        </void> 
        <void method="add"> 
         <double>792497.8785795871</double> 
        </void> 
        <void method="add"> 
         <double>798669.4692834711</double> 
        </void> 
        <void method="add"> 
         <double>772164.7334387939</double> 
        </void> 
        <void method="add"> 
         <double>769214.233432628</double> 
        </void> 
        <void method="add"> 
         <double>764240.7105784606</double> 
        </void> 
        <void method="add"> 
         <double>743936.5367595677</double> 
        </void> 
        <void method="add"> 
         <double>764755.8567632651</double> 
        </void> 
       </object> 
      </void> 
      <void property="stdev"> 
       <double>29421.436189092557</double> 
      </void> 
     </object> 
    </void> 
    <void index="6"> 
     <object class="jmbench.tools.EvaluationMetrics"> 
      <void property="max"> 
       <double>100519.64821160852</double> 
      </void> 
      <void property="mean"> 
       <double>96625.37918896186</double> 
      </void> 
      <void property="median"> 
       <double>97252.85233042069</double> 
      </void> 
      <void property="min"> 
       <double>87484.9899414727</double> 
      </void> 
      <void property="rawResults"> 
       <object class="java.util.ArrayList"> 
        <void method="add"> 
         <double>93258.7584135846</double> 
        </void> 
        <void method="add"> 
         <double>93602.81115956653</double> 
        </void> 
        <void method="add"> 
         <double>93664.60375591689</double> 
        </void> 
        <void method="add"> 
         <double>93780.6782422476</double> 
        </void> 
        <void method="add"> 
         <double>95354.46868770295</double> 
        </void> 
        <void method="add"> 
         <double>96587.54478661656</double> 
        </void> 
        <void method="add"> 
         <double>96639.4414729278</double> 
        </void> 
        <void method="add"> 
         <double>96734.00629460477</double> 
        </void> 
        <void method="add"> 
         <double>96745.15324677568</double> 
        </void> 
        <void method="add"> 
         <double>97025.97453127688</double> 
        </void> 
        <void method="add"> 
         <double>97252.85233042069</double> 
        </void> 
        <void method="add"> 
         <double>97449.52666720626</double> 
        </void> 
        <void method="add"> 
         <double>97710.15035854516</double> 
        </void> 
        <void method="add"> 
         <double>97717.69023615979</double> 
        </void> 
        <void method="add"> 
         <double>97756.37338673064</double> 
        </void> 
        <void method="add"> 
         <double>98375.4911448886</double> 
        </void> 
        <void method="add"> 
         <double>98552.70983997012</double> 
        </void> 
        <void method="add"> 
         <double>98642.885271274</double> 
        </void> 
        <void method="add"> 
         <double>99530.7535142238</double> 
        </void> 
        <void method="add"> 
         <double>100519.64821160852</double> 
        </void> 
        <void method="add"> 
         <double>98628.5971978347</double> 
        </void> 
        <void method="add"> 
         <double>97760.47472581152</double> 
        </void> 
        <void method="add"> 
         <double>98932.19717748009</double> 
        </void> 
        <void method="add"> 
         <double>95926.69912919955</double> 
        </void> 
        <void method="add"> 
         <double>87484.9899414727</double> 
        </void> 
       </object> 
      </void> 
      <void property="stdev"> 
       <double>2630.3304292249095</double> 
      </void> 
     </object> 
    </void> 
    <void index="7"> 
     <object class="jmbench.tools.EvaluationMetrics"> 
      <void property="max"> 
       <double>22608.744409428415</double> 
      </void> 
      <void property="mean"> 
       <double>21910.499845372855</double> 
      </void> 
      <void property="median"> 
       <double>22155.34403963122</double> 
      </void> 
      <void property="min"> 
       <double>19639.561625066202</double> 
      </void> 
      <void property="rawResults"> 
       <object class="java.util.ArrayList"> 
        <void method="add"> 
         <double>19639.561625066202</double> 
        </void> 
        <void method="add"> 
         <double>20772.688872490748</double> 
        </void> 
        <void method="add"> 
         <double>20986.16631659726</double> 
        </void> 
        <void method="add"> 
         <double>21594.690193713333</double> 
        </void> 
        <void method="add"> 
         <double>21616.95386129287</double> 
        </void> 
        <void method="add"> 
         <double>21632.182519085778</double> 
        </void> 
        <void method="add"> 
         <double>21664.83421340102</double> 
        </void> 
        <void method="add"> 
         <double>21711.337060463924</double> 
        </void> 
        <void method="add"> 
         <double>21987.786653349005</double> 
        </void> 
        <void method="add"> 
         <double>22035.66363647486</double> 
        </void> 
        <void method="add"> 
         <double>22040.78500518119</double> 
        </void> 
        <void method="add"> 
         <double>22114.38660164754</double> 
        </void> 
        <void method="add"> 
         <double>22228.90000477134</double> 
        </void> 
        <void method="add"> 
         <double>22239.433996324853</double> 
        </void> 
        <void method="add"> 
         <double>22262.767936357264</double> 
        </void> 
        <void method="add"> 
         <double>22309.667864074818</double> 
        </void> 
        <void method="add"> 
         <double>22313.733388433484</double> 
        </void> 
        <void method="add"> 
         <double>22369.989569047902</double> 
        </void> 
        <void method="add"> 
         <double>22415.450808380687</double> 
        </void> 
        <void method="add"> 
         <double>22608.744409428415</double> 
        </void> 
        <void method="add"> 
         <double>22374.179060425562</double> 
        </void> 
        <void method="add"> 
         <double>22233.37671166498</double> 
        </void> 
        <void method="add"> 
         <double>22276.40483296944</double> 
        </void> 
        <void method="add"> 
         <double>22155.34403963122</double> 
        </void> 
        <void method="add"> 
         <double>22177.466954047737</double> 
        </void> 
       </object> 
      </void> 
      <void property="stdev"> 
       <double>630.6612602570581</double> 
      </void> 
     </object> 
    </void> 
    <void index="8"> 
     <object class="jmbench.tools.EvaluationMetrics"> 
      <void property="max"> 
       <double>5343.255441933617</double> 
      </void> 
      <void property="mean"> 
       <double>5231.835279261941</double> 
      </void> 
      <void property="median"> 
       <double>5297.706815971352</double> 
      </void> 
      <void property="min"> 
       <double>4972.678981275528</double> 
      </void> 
      <void property="rawResults"> 
       <object class="java.util.ArrayList"> 
        <void method="add"> 
         <double>4972.678981275528</double> 
        </void> 
        <void method="add"> 
         <double>5003.953971147455</double> 
        </void> 
        <void method="add"> 
         <double>5088.610674961711</double> 
        </void> 
        <void method="add"> 
         <double>5120.637826975187</double> 
        </void> 
        <void method="add"> 
         <double>5179.116201590757</double> 
        </void> 
        <void method="add"> 
         <double>5191.271596910604</double> 
        </void> 
        <void method="add"> 
         <double>5277.71006914693</double> 
        </void> 
        <void method="add"> 
         <double>5297.706815971352</double> 
        </void> 
        <void method="add"> 
         <double>5304.033982210888</double> 
        </void> 
        <void method="add"> 
         <double>5306.329975891152</double> 
        </void> 
        <void method="add"> 
         <double>5307.996585055731</double> 
        </void> 
        <void method="add"> 
         <double>5315.981250202796</double> 
        </void> 
        <void method="add"> 
         <double>5317.646357346604</double> 
        </void> 
        <void method="add"> 
         <double>5322.603711610616</double> 
        </void> 
        <void method="add"> 
         <double>5323.02920176536</double> 
        </void> 
        <void method="add"> 
         <double>5326.6104133077015</double> 
        </void> 
        <void method="add"> 
         <double>5326.72750636681</double> 
        </void> 
        <void method="add"> 
         <double>5327.537905292517</double> 
        </void> 
        <void method="add"> 
         <double>5337.058996642854</double> 
        </void> 
        <void method="add"> 
         <double>5343.255441933617</double> 
        </void> 
        <void method="add"> 
         <double>5220.165569259322</double> 
        </void> 
        <void method="add"> 
         <double>5252.552964194619</double> 
        </void> 
        <void method="add"> 
         <double>5251.374562454658</double> 
        </void> 
        <void method="add"> 
         <double>5078.101779086319</double> 
        </void> 
        <void method="add"> 
         <double>5003.18964094744</double> 
        </void> 
       </object> 
      </void> 
      <void property="stdev"> 
       <double>116.25706543227271</double> 
      </void> 
     </object> 
    </void> 
    <void index="9"> 
     <object class="jmbench.tools.EvaluationMetrics"> 
      <void property="max"> 
       <double>522.1837634664489</double> 
      </void> 
      <void property="mean"> 
       <double>517.9977499199006</double> 
      </void> 
      <void property="median"> 
       <double>517.8062044126924</double> 
      </void> 
      <void property="min"> 
       <double>514.7317568640724</double> 
      </void> 
      <void property="rawResults"> 
       <object class="java.util.ArrayList"> 
        <void method="add"> 
         <double>514.7317568640724</double> 
        </void> 
        <void method="add"> 
         <double>515.4192327422662</double> 
        </void> 
        <void method="add"> 
         <double>516.0316278736332</double> 
        </void> 
        <void method="add"> 
         <double>516.130421229747</double> 
        </void> 
        <void method="add"> 
         <double>516.2623494985229</double> 
        </void> 
        <void method="add"> 
         <double>517.0343554024801</double> 
        </void> 
        <void method="add"> 
         <double>517.4016933592584</double> 
        </void> 
        <void method="add"> 
         <double>517.4225765015976</double> 
        </void> 
        <void method="add"> 
         <double>517.7284724018405</double> 
        </void> 
        <void method="add"> 
         <double>517.8062044126924</double> 
        </void> 
        <void method="add"> 
         <double>517.9043286139863</double> 
        </void> 
        <void method="add"> 
         <double>518.4133835232393</double> 
        </void> 
        <void method="add"> 
         <double>518.4978074857028</double> 
        </void> 
        <void method="add"> 
         <double>519.0336797578556</double> 
        </void> 
        <void method="add"> 
         <double>519.3266517840169</double> 
        </void> 
        <void method="add"> 
         <double>519.3612741215575</double> 
        </void> 
        <void method="add"> 
         <double>519.8379512306167</double> 
        </void> 
        <void method="add"> 
         <double>519.8829265080788</double> 
        </void> 
        <void method="add"> 
         <double>521.8825536076852</double> 
        </void> 
        <void method="add"> 
         <double>522.1837634664489</double> 
        </void> 
        <void method="add"> 
         <double>516.5011838838454</double> 
        </void> 
        <void method="add"> 
         <double>516.5760740317957</double> 
        </void> 
        <void method="add"> 
         <double>518.9231580080781</double> 
        </void> 
        <void method="add"> 
         <double>517.2637550660639</double> 
        </void> 
        <void method="add"> 
         <double>518.3865666224327</double> 
        </void> 
       </object> 
      </void> 
      <void property="stdev"> 
       <double>1.7876772728395833</double> 
      </void> 
     </object> 
    </void> 
    <void index="10"> 
     <object class="jmbench.tools.EvaluationMetrics"> 
      <void property="max"> 
       <double>112.86292395305642</double> 
      </void> 
      <void property="mean"> 
       <double>110.94211473251059</double> 
      </void> 
      <void property="median"> 
       <double>111.90707369427815</double> 
      </void> 
      <void property="min"> 
       <double>103.65227282795678</double> 
      </void> 
      <void property="rawResults"> 
       <object class="java.util.ArrayList"> 
        <void method="add"> 
         <double>103.65227282795678</double> 
        </void> 
        <void method="add"> 
         <double>105.74463795335662</double> 
        </void> 
        <void method="add"> 
         <double>106.12099064061559</double> 
        </void> 
        <void method="add"> 
         <double>106.41177267263454</double> 
        </void> 
        <void method="add"> 
         <double>110.77497886343055</double> 
        </void> 
        <void method="add"> 
         <double>111.04198302840659</double> 
        </void> 
        <void method="add"> 
         <double>111.59954415651625</double> 
        </void> 
        <void method="add"> 
         <double>111.67448151753284</double> 
        </void> 
        <void method="add"> 
         <double>111.68486614716541</double> 
        </void> 
        <void method="add"> 
         <double>111.84053496988834</double> 
        </void> 
        <void method="add"> 
         <double>111.90707369427815</double> 
        </void> 
        <void method="add"> 
         <double>111.98593467294187</double> 
        </void> 
        <void method="add"> 
         <double>112.07499840729622</double> 
        </void> 
        <void method="add"> 
         <double>112.11986097496022</double> 
        </void> 
        <void method="add"> 
         <double>112.16219359246108</double> 
        </void> 
        <void method="add"> 
         <double>112.28840204589018</double> 
        </void> 
        <void method="add"> 
         <double>112.30532221317233</double> 
        </void> 
        <void method="add"> 
         <double>112.44290755292012</double> 
        </void> 
        <void method="add"> 
         <double>112.44945356901553</double> 
        </void> 
        <void method="add"> 
         <double>112.86292395305642</double> 
        </void> 
        <void method="add"> 
         <double>112.24826653403635</double> 
        </void> 
        <void method="add"> 
         <double>111.84288056724617</double> 
        </void> 
        <void method="add"> 
         <double>112.49613276966083</double> 
        </void> 
        <void method="add"> 
         <double>111.75197647843605</double> 
        </void> 
        <void method="add"> 
         <double>112.06847850988949</double> 
        </void> 
       </object> 
      </void> 
      <void property="stdev"> 
       <double>2.459346778812001</double> 
      </void> 
     </object> 
    </void> 
    <void index="11"> 
     <object class="jmbench.tools.EvaluationMetrics"> 
      <void property="max"> 
       <double>30.07443799333826</double> 
      </void> 
      <void property="mean"> 
       <double>28.59610452306008</double> 
      </void> 
      <void property="median"> 
       <double>28.652348009128062</double> 
      </void> 
      <void property="min"> 
       <double>26.705803869939906</double> 
      </void> 
      <void property="rawResults"> 
       <object class="java.util.ArrayList"> 
        <void method="add"> 
         <double>26.705803869939906</double> 
        </void> 
        <void method="add"> 
         <double>27.56875484449941</double> 
        </void> 
        <void method="add"> 
         <double>28.344464506069315</double> 
        </void> 
        <void method="add"> 
         <double>28.346125336518526</double> 
        </void> 
        <void method="add"> 
         <double>28.360256991130875</double> 
        </void> 
        <void method="add"> 
         <double>28.384082930548733</double> 
        </void> 
        <void method="add"> 
         <double>28.41331288021581</double> 
        </void> 
        <void method="add"> 
         <double>28.427617325909377</double> 
        </void> 
        <void method="add"> 
         <double>28.562459617497865</double> 
        </void> 
        <void method="add"> 
         <double>28.57092142584464</double> 
        </void> 
        <void method="add"> 
         <double>28.621054493775446</double> 
        </void> 
        <void method="add"> 
         <double>28.652348009128062</double> 
        </void> 
        <void method="add"> 
         <double>28.676144476529892</double> 
        </void> 
        <void method="add"> 
         <double>28.684587467864038</double> 
        </void> 
        <void method="add"> 
         <double>28.715333110446018</double> 
        </void> 
        <void method="add"> 
         <double>28.720048147257582</double> 
        </void> 
        <void method="add"> 
         <double>28.99681731711091</double> 
        </void> 
        <void method="add"> 
         <double>29.23166379578749</double> 
        </void> 
        <void method="add"> 
         <double>29.368488383088007</double> 
        </void> 
        <void method="add"> 
         <double>30.07443799333826</double> 
        </void> 
        <void method="add"> 
         <double>28.734288534593226</double> 
        </void> 
        <void method="add"> 
         <double>28.609883035353004</double> 
        </void> 
        <void method="add"> 
         <double>28.820136632145825</double> 
        </void> 
        <void method="add"> 
         <double>28.652457410466127</double> 
        </void> 
        <void method="add"> 
         <double>28.661124541443755</double> 
        </void> 
       </object> 
      </void> 
      <void property="stdev"> 
       <double>0.5792985608131556</double> 
      </void> 
     </object> 
    </void> 
   </array> 
  </void> 
  <void property="opName"> 
   <string>Add c=a+b</string> 
  </void> 
 </object> 
</java> 
