<?xml version="1.0" encoding="UTF-8"?> 
<java version="1.6.0_16" class="java.beans.XMLDecoder"> 
 <object class="jmbench.tools.runtime.OperationResults"> 
  <void property="library"> 
   <object class="jmbench.impl.MatrixLibrary" method="valueOf"> 
    <string>CM</string> 
   </object> 
  </void> 
  <void property="matDimen"> 
   <array class="int" length="12"> 
    <void index="0"> 
     <int>2</int> 
    </void> 
    <void index="1"> 
     <int>3</int> 
    </void> 
    <void index="2"> 
     <int>4</int> 
    </void> 
    <void index="3"> 
     <int>5</int> 
    </void> 
    <void index="4"> 
     <int>10</int> 
    </void> 
    <void index="5"> 
     <int>20</int> 
    </void> 
    <void index="6"> 
     <int>50</int> 
    </void> 
    <void index="7"> 
     <int>100</int> 
    </void> 
    <void index="8"> 
     <int>200</int> 
    </void> 
    <void index="9"> 
     <int>500</int> 
    </void> 
    <void index="10"> 
     <int>1000</int> 
    </void> 
    <void index="11"> 
     <int>2000</int> 
    </void> 
   </array> 
  </void> 
  <void property="metrics"> 
   <array class="jmbench.tools.EvaluationMetrics" length="12"> 
    <void index="0"> 
     <object class="jmbench.tools.EvaluationMetrics"> 
      <void property="max"> 
       <double>3574393.427404176</double> 
      </void> 
      <void property="mean"> 
       <double>3442075.3634050284</double> 
      </void> 
      <void property="median"> 
       <double>3456736.363306469</double> 
      </void> 
      <void property="min"> 
       <double>3243227.8161311396</double> 
      </void> 
      <void property="rawResults"> 
       <object class="java.util.ArrayList"> 
        <void method="add"> 
         <double>3243227.8161311396</double> 
        </void> 
        <void method="add"> 
         <double>3293821.7272024574</double> 
        </void> 
        <void method="add"> 
         <double>3303664.67903776</double> 
        </void> 
        <void method="add"> 
         <double>3314595.810722294</double> 
        </void> 
        <void method="add"> 
         <double>3335649.26161584</double> 
        </void> 
        <void method="add"> 
         <double>3393633.040795089</double> 
        </void> 
        <void method="add"> 
         <double>3399644.245247368</double> 
        </void> 
        <void method="add"> 
         <double>3406190.971850756</double> 
        </void> 
        <void method="add"> 
         <double>3411745.2036847207</double> 
        </void> 
        <void method="add"> 
         <double>3418720.608578716</double> 
        </void> 
        <void method="add"> 
         <double>3442443.880216159</double> 
        </void> 
        <void method="add"> 
         <double>3456736.363306469</double> 
        </void> 
        <void method="add"> 
         <double>3486706.834665705</double> 
        </void> 
        <void method="add"> 
         <double>3491447.959208138</double> 
        </void> 
        <void method="add"> 
         <double>3494892.09658831</double> 
        </void> 
        <void method="add"> 
         <double>3495338.405871564</double> 
        </void> 
        <void method="add"> 
         <double>3526843.139804701</double> 
        </void> 
        <void method="add"> 
         <double>3549222.285009514</double> 
        </void> 
        <void method="add"> 
         <double>3563942.1733989525</double> 
        </void> 
        <void method="add"> 
         <double>3574393.427404176</double> 
        </void> 
        <void method="add"> 
         <double>3432954.110687796</double> 
        </void> 
        <void method="add"> 
         <double>3499021.253590924</double> 
        </void> 
        <void method="add"> 
         <double>3502989.7723627295</double> 
        </void> 
        <void method="add"> 
         <double>3524108.0471406016</double> 
        </void> 
        <void method="add"> 
         <double>3489950.971003815</double> 
        </void> 
       </object> 
      </void> 
      <void property="stdev"> 
       <double>87751.82940120334</double> 
      </void> 
     </object> 
    </void> 
    <void index="1"> 
     <object class="jmbench.tools.EvaluationMetrics"> 
      <void property="max"> 
       <double>2399969.42570175</double> 
      </void> 
      <void property="mean"> 
       <double>2313665.5556155643</double> 
      </void> 
      <void property="median"> 
       <double>2331258.2873716466</double> 
      </void> 
      <void property="min"> 
       <double>2185707.867358063</double> 
      </void> 
      <void property="rawResults"> 
       <object class="java.util.ArrayList"> 
        <void method="add"> 
         <double>2198538.9707432506</double> 
        </void> 
        <void method="add"> 
         <double>2248836.9410823435</double> 
        </void> 
        <void method="add"> 
         <double>2281805.416848546</double> 
        </void> 
        <void method="add"> 
         <double>2285263.1656745686</double> 
        </void> 
        <void method="add"> 
         <double>2320588.0829986962</double> 
        </void> 
        <void method="add"> 
         <double>2330352.9605655856</double> 
        </void> 
        <void method="add"> 
         <double>2330652.9721324863</double> 
        </void> 
        <void method="add"> 
         <double>2331258.2873716466</double> 
        </void> 
        <void method="add"> 
         <double>2333848.418920794</double> 
        </void> 
        <void method="add"> 
         <double>2333866.9862449234</double> 
        </void> 
        <void method="add"> 
         <double>2338123.2363305404</double> 
        </void> 
        <void method="add"> 
         <double>2358667.5011785594</double> 
        </void> 
        <void method="add"> 
         <double>2360057.3399367095</double> 
        </void> 
        <void method="add"> 
         <double>2363496.699873497</double> 
        </void> 
        <void method="add"> 
         <double>2371971.824175888</double> 
        </void> 
        <void method="add"> 
         <double>2375195.313467371</double> 
        </void> 
        <void method="add"> 
         <double>2381388.114183065</double> 
        </void> 
        <void method="add"> 
         <double>2397923.712148403</double> 
        </void> 
        <void method="add"> 
         <double>2398663.0993490517</double> 
        </void> 
        <void method="add"> 
         <double>2399969.42570175</double> 
        </void> 
        <void method="add"> 
         <double>2185707.867358063</double> 
        </void> 
        <void method="add"> 
         <double>2258077.165507748</double> 
        </void> 
        <void method="add"> 
         <double>2239262.427158968</double> 
        </void> 
        <void method="add"> 
         <double>2227355.791324425</double> 
        </void> 
        <void method="add"> 
         <double>2190767.170112221</double> 
        </void> 
       </object> 
      </void> 
      <void property="stdev"> 
       <double>66143.4678793872</double> 
      </void> 
     </object> 
    </void> 
    <void index="2"> 
     <object class="jmbench.tools.EvaluationMetrics"> 
      <void property="max"> 
       <double>1723415.3077951698</double> 
      </void> 
      <void property="mean"> 
       <double>1654236.2941235949</double> 
      </void> 
      <void property="median"> 
       <double>1667105.2491228129</double> 
      </void> 
      <void property="min"> 
       <double>1563185.8089309852</double> 
      </void> 
      <void property="rawResults"> 
       <object class="java.util.ArrayList"> 
        <void method="add"> 
         <double>1563185.8089309852</double> 
        </void> 
        <void method="add"> 
         <double>1585474.354982606</double> 
        </void> 
        <void method="add"> 
         <double>1588133.0251059302</double> 
        </void> 
        <void method="add"> 
         <double>1605313.7324409096</double> 
        </void> 
        <void method="add"> 
         <double>1612079.271615739</double> 
        </void> 
        <void method="add"> 
         <double>1621916.6218930336</double> 
        </void> 
        <void method="add"> 
         <double>1645751.401325192</double> 
        </void> 
        <void method="add"> 
         <double>1646652.9762721786</double> 
        </void> 
        <void method="add"> 
         <double>1647664.2479891265</double> 
        </void> 
        <void method="add"> 
         <double>1653978.706480128</double> 
        </void> 
        <void method="add"> 
         <double>1666640.8508209824</double> 
        </void> 
        <void method="add"> 
         <double>1667105.2491228129</double> 
        </void> 
        <void method="add"> 
         <double>1667764.3604876653</double> 
        </void> 
        <void method="add"> 
         <double>1669540.7309331538</double> 
        </void> 
        <void method="add"> 
         <double>1671243.11449465</double> 
        </void> 
        <void method="add"> 
         <double>1671479.6193492373</double> 
        </void> 
        <void method="add"> 
         <double>1673377.126819581</double> 
        </void> 
        <void method="add"> 
         <double>1695412.4704160963</double> 
        </void> 
        <void method="add"> 
         <double>1708680.2488169698</double> 
        </void> 
        <void method="add"> 
         <double>1723415.3077951698</double> 
        </void> 
        <void method="add"> 
         <double>1678306.4449877243</double> 
        </void> 
        <void method="add"> 
         <double>1712352.936605789</double> 
        </void> 
        <void method="add"> 
         <double>1608790.9939527784</double> 
        </void> 
        <void method="add"> 
         <double>1692943.6754912671</double> 
        </void> 
        <void method="add"> 
         <double>1678704.0759601656</double> 
        </void> 
       </object> 
      </void> 
      <void property="stdev"> 
       <double>41002.49962647984</double> 
      </void> 
     </object> 
    </void> 
    <void index="3"> 
     <object class="jmbench.tools.EvaluationMetrics"> 
      <void property="max"> 
       <double>1250163.59917226</double> 
      </void> 
      <void property="mean"> 
       <double>1196564.8200039375</double> 
      </void> 
      <void property="median"> 
       <double>1195356.0339582216</double> 
      </void> 
      <void property="min"> 
       <double>1158612.2802034556</double> 
      </void> 
      <void property="rawResults"> 
       <object class="java.util.ArrayList"> 
        <void method="add"> 
         <double>1159782.940629213</double> 
        </void> 
        <void method="add"> 
         <double>1166663.0941414642</double> 
        </void> 
        <void method="add"> 
         <double>1166838.766764038</double> 
        </void> 
        <void method="add"> 
         <double>1167717.807558676</double> 
        </void> 
        <void method="add"> 
         <double>1170274.9220594175</double> 
        </void> 
        <void method="add"> 
         <double>1170448.2817007944</double> 
        </void> 
        <void method="add"> 
         <double>1173452.6581725026</double> 
        </void> 
        <void method="add"> 
         <double>1183226.8152018853</double> 
        </void> 
        <void method="add"> 
         <double>1195356.0339582216</double> 
        </void> 
        <void method="add"> 
         <double>1198899.9375850023</double> 
        </void> 
        <void method="add"> 
         <double>1206921.4557367596</double> 
        </void> 
        <void method="add"> 
         <double>1210407.729483409</double> 
        </void> 
        <void method="add"> 
         <double>1211300.1462183453</double> 
        </void> 
        <void method="add"> 
         <double>1220256.7716892282</double> 
        </void> 
        <void method="add"> 
         <double>1224491.4232151376</double> 
        </void> 
        <void method="add"> 
         <double>1228828.916223152</double> 
        </void> 
        <void method="add"> 
         <double>1231356.5091356593</double> 
        </void> 
        <void method="add"> 
         <double>1236500.4831221113</double> 
        </void> 
        <void method="add"> 
         <double>1242110.4749702478</double> 
        </void> 
        <void method="add"> 
         <double>1250163.59917226</double> 
        </void> 
        <void method="add"> 
         <double>1222356.6505977947</double> 
        </void> 
        <void method="add"> 
         <double>1192274.2558194236</double> 
        </void> 
        <void method="add"> 
         <double>1160138.779560904</double> 
        </void> 
        <void method="add"> 
         <double>1165739.767179339</double> 
        </void> 
        <void method="add"> 
         <double>1158612.2802034556</double> 
        </void> 
       </object> 
      </void> 
      <void property="stdev"> 
       <double>29056.385243003788</double> 
      </void> 
     </object> 
    </void> 
    <void index="4"> 
     <object class="jmbench.tools.EvaluationMetrics"> 
      <void property="max"> 
       <double>387158.8138842702</double> 
      </void> 
      <void property="mean"> 
       <double>374800.4365607344</double> 
      </void> 
      <void property="median"> 
       <double>373194.3279898713</double> 
      </void> 
      <void property="min"> 
       <double>362997.49192127027</double> 
      </void> 
      <void property="rawResults"> 
       <object class="java.util.ArrayList"> 
        <void method="add"> 
         <double>362997.49192127027</double> 
        </void> 
        <void method="add"> 
         <double>367808.1632245246</double> 
        </void> 
        <void method="add"> 
         <double>368033.9995275675</double> 
        </void> 
        <void method="add"> 
         <double>368207.7569350587</double> 
        </void> 
        <void method="add"> 
         <double>368599.85932450136</double> 
        </void> 
        <void method="add"> 
         <double>369169.0582793804</double> 
        </void> 
        <void method="add"> 
         <double>370766.7410851356</double> 
        </void> 
        <void method="add"> 
         <double>371556.74467885727</double> 
        </void> 
        <void method="add"> 
         <double>372396.13167251204</double> 
        </void> 
        <void method="add"> 
         <double>373194.3279898713</double> 
        </void> 
        <void method="add"> 
         <double>374280.547237974</double> 
        </void> 
        <void method="add"> 
         <double>375092.22996730317</double> 
        </void> 
        <void method="add"> 
         <double>377272.1079869272</double> 
        </void> 
        <void method="add"> 
         <double>378635.06628194463</double> 
        </void> 
        <void method="add"> 
         <double>378811.9613615063</double> 
        </void> 
        <void method="add"> 
         <double>379401.91983775183</double> 
        </void> 
        <void method="add"> 
         <double>380425.4555408195</double> 
        </void> 
        <void method="add"> 
         <double>385371.81843067525</double> 
        </void> 
        <void method="add"> 
         <double>385421.3338239691</double> 
        </void> 
        <void method="add"> 
         <double>387158.8138842702</double> 
        </void> 
        <void method="add"> 
         <double>366173.6208653352</double> 
        </void> 
        <void method="add"> 
         <double>371806.41890089633</double> 
        </void> 
        <void method="add"> 
         <double>385075.03968504467</double> 
        </void> 
        <void method="add"> 
         <double>379732.9711709003</double> 
        </void> 
        <void method="add"> 
         <double>372621.33440436155</double> 
        </void> 
       </object> 
      </void> 
      <void property="stdev"> 
       <double>6536.53230473235</double> 
      </void> 
     </object> 
    </void> 
    <void index="5"> 
     <object class="jmbench.tools.EvaluationMetrics"> 
      <void property="max"> 
       <double>83097.23196645327</double> 
      </void> 
      <void property="mean"> 
       <double>81807.86536853632</double> 
      </void> 
      <void property="median"> 
       <double>81886.50063169752</double> 
      </void> 
      <void property="min"> 
       <double>79970.72906626602</double> 
      </void> 
      <void property="rawResults"> 
       <object class="java.util.ArrayList"> 
        <void method="add"> 
         <double>79970.72906626602</double> 
        </void> 
        <void method="add"> 
         <double>80280.37690046865</double> 
        </void> 
        <void method="add"> 
         <double>80797.37857654046</double> 
        </void> 
        <void method="add"> 
         <double>81117.10702998767</double> 
        </void> 
        <void method="add"> 
         <double>81183.37994464414</double> 
        </void> 
        <void method="add"> 
         <double>81518.1213970034</double> 
        </void> 
        <void method="add"> 
         <double>81522.26432710362</double> 
        </void> 
        <void method="add"> 
         <double>81735.09816128427</double> 
        </void> 
        <void method="add"> 
         <double>81747.22240933083</double> 
        </void> 
        <void method="add"> 
         <double>81790.51358859823</double> 
        </void> 
        <void method="add"> 
         <double>81886.50063169752</double> 
        </void> 
        <void method="add"> 
         <double>81953.89421099095</double> 
        </void> 
        <void method="add"> 
         <double>82092.62746047166</double> 
        </void> 
        <void method="add"> 
         <double>82365.425712496</double> 
        </void> 
        <void method="add"> 
         <double>82412.54978238727</double> 
        </void> 
        <void method="add"> 
         <double>82520.38909936504</double> 
        </void> 
        <void method="add"> 
         <double>82755.60919024573</double> 
        </void> 
        <void method="add"> 
         <double>82838.80981800867</double> 
        </void> 
        <void method="add"> 
         <double>82863.52447706996</double> 
        </void> 
        <void method="add"> 
         <double>82985.53529582011</double> 
        </void> 
        <void method="add"> 
         <double>81089.3018241037</double> 
        </void> 
        <void method="add"> 
         <double>82265.07869887157</double> 
        </void> 
        <void method="add"> 
         <double>81907.5789933527</double> 
        </void> 
        <void method="add"> 
         <double>80500.3856508466</double> 
        </void> 
        <void method="add"> 
         <double>83097.23196645327</double> 
        </void> 
       </object> 
      </void> 
      <void property="stdev"> 
       <double>839.8518493481554</double> 
      </void> 
     </object> 
    </void> 
    <void index="6"> 
     <object class="jmbench.tools.EvaluationMetrics"> 
      <void property="max"> 
       <double>8228.27432113414</double> 
      </void> 
      <void property="mean"> 
       <double>8177.304521906671</double> 
      </void> 
      <void property="median"> 
       <double>8169.812028338079</double> 
      </void> 
      <void property="min"> 
       <double>8116.034676035845</double> 
      </void> 
      <void property="rawResults"> 
       <object class="java.util.ArrayList"> 
        <void method="add"> 
         <double>8116.034676035845</double> 
        </void> 
        <void method="add"> 
         <double>8120.711087962426</double> 
        </void> 
        <void method="add"> 
         <double>8126.6684986325035</double> 
        </void> 
        <void method="add"> 
         <double>8133.342936502071</double> 
        </void> 
        <void method="add"> 
         <double>8134.699109648995</double> 
        </void> 
        <void method="add"> 
         <double>8147.208899413974</double> 
        </void> 
        <void method="add"> 
         <double>8150.298540782721</double> 
        </void> 
        <void method="add"> 
         <double>8154.232865246616</double> 
        </void> 
        <void method="add"> 
         <double>8155.140366096143</double> 
        </void> 
        <void method="add"> 
         <double>8156.242637782046</double> 
        </void> 
        <void method="add"> 
         <double>8163.853131832465</double> 
        </void> 
        <void method="add"> 
         <double>8167.670422567216</double> 
        </void> 
        <void method="add"> 
         <double>8169.812028338079</double> 
        </void> 
        <void method="add"> 
         <double>8197.162939451902</double> 
        </void> 
        <void method="add"> 
         <double>8213.624899826305</double> 
        </void> 
        <void method="add"> 
         <double>8215.08868042984</double> 
        </void> 
        <void method="add"> 
         <double>8216.702767361156</double> 
        </void> 
        <void method="add"> 
         <double>8218.936616454495</double> 
        </void> 
        <void method="add"> 
         <double>8219.965603438228</double> 
        </void> 
        <void method="add"> 
         <double>8228.27432113414</double> 
        </void> 
        <void method="add"> 
         <double>8201.275502110397</double> 
        </void> 
        <void method="add"> 
         <double>8202.899835646347</double> 
        </void> 
        <void method="add"> 
         <double>8212.891329816955</double> 
        </void> 
        <void method="add"> 
         <double>8195.888716424586</double> 
        </void> 
        <void method="add"> 
         <double>8213.98663473131</double> 
        </void> 
       </object> 
      </void> 
      <void property="stdev"> 
       <double>35.62717264484125</double> 
      </void> 
     </object> 
    </void> 
    <void index="7"> 
     <object class="jmbench.tools.EvaluationMetrics"> 
      <void property="max"> 
       <double>1168.3384150636152</double> 
      </void> 
      <void property="mean"> 
       <double>1155.762147035477</double> 
      </void> 
      <void property="median"> 
       <double>1153.722174397121</double> 
      </void> 
      <void property="min"> 
       <double>1147.6412657789085</double> 
      </void> 
      <void property="rawResults"> 
       <object class="java.util.ArrayList"> 
        <void method="add"> 
         <double>1147.6412657789085</double> 
        </void> 
        <void method="add"> 
         <double>1147.6944107100949</double> 
        </void> 
        <void method="add"> 
         <double>1150.0202035776101</double> 
        </void> 
        <void method="add"> 
         <double>1150.5076133325204</double> 
        </void> 
        <void method="add"> 
         <double>1150.5107348019608</double> 
        </void> 
        <void method="add"> 
         <double>1150.6791181323174</double> 
        </void> 
        <void method="add"> 
         <double>1151.7314567395524</double> 
        </void> 
        <void method="add"> 
         <double>1151.8351665844414</double> 
        </void> 
        <void method="add"> 
         <double>1152.2955591751575</double> 
        </void> 
        <void method="add"> 
         <double>1153.722174397121</double> 
        </void> 
        <void method="add"> 
         <double>1153.7629105066703</double> 
        </void> 
        <void method="add"> 
         <double>1155.4599072204142</double> 
        </void> 
        <void method="add"> 
         <double>1158.3915532611431</double> 
        </void> 
        <void method="add"> 
         <double>1158.756496110416</double> 
        </void> 
        <void method="add"> 
         <double>1158.871537827911</double> 
        </void> 
        <void method="add"> 
         <double>1161.6787338908127</double> 
        </void> 
        <void method="add"> 
         <double>1162.390248709875</double> 
        </void> 
        <void method="add"> 
         <double>1167.9037914726468</double> 
        </void> 
        <void method="add"> 
         <double>1168.125469464162</double> 
        </void> 
        <void method="add"> 
         <double>1168.3384150636152</double> 
        </void> 
        <void method="add"> 
         <double>1150.7479205176583</double> 
        </void> 
        <void method="add"> 
         <double>1149.7767081022173</double> 
        </void> 
        <void method="add"> 
         <double>1152.2566016055453</double> 
        </void> 
        <void method="add"> 
         <double>1159.0881735047421</double> 
        </void> 
        <void method="add"> 
         <double>1161.867505399421</double> 
        </void> 
       </object> 
      </void> 
      <void property="stdev"> 
       <double>6.265718387192851</double> 
      </void> 
     </object> 
    </void> 
    <void index="8"> 
     <object class="jmbench.tools.EvaluationMetrics"> 
      <void property="max"> 
       <double>157.43380543636746</double> 
      </void> 
      <void property="mean"> 
       <double>156.2887282942251</double> 
      </void> 
      <void property="median"> 
       <double>156.22925633084026</double> 
      </void> 
      <void property="min"> 
       <double>154.69398810187067</double> 
      </void> 
      <void property="rawResults"> 
       <object class="java.util.ArrayList"> 
        <void method="add"> 
         <double>154.69398810187067</double> 
        </void> 
        <void method="add"> 
         <double>155.79719374759432</double> 
        </void> 
        <void method="add"> 
         <double>155.8038790104316</double> 
        </void> 
        <void method="add"> 
         <double>155.8841369288612</double> 
        </void> 
        <void method="add"> 
         <double>156.0055640424453</double> 
        </void> 
        <void method="add"> 
         <double>156.03106101615202</double> 
        </void> 
        <void method="add"> 
         <double>156.04218259127</double> 
        </void> 
        <void method="add"> 
         <double>156.17471195112867</double> 
        </void> 
        <void method="add"> 
         <double>156.22925633084026</double> 
        </void> 
        <void method="add"> 
         <double>156.32799567592755</double> 
        </void> 
        <void method="add"> 
         <double>156.6404688231805</double> 
        </void> 
        <void method="add"> 
         <double>156.67712943619807</double> 
        </void> 
        <void method="add"> 
         <double>156.77252317339043</double> 
        </void> 
        <void method="add"> 
         <double>156.83463005390584</double> 
        </void> 
        <void method="add"> 
         <double>156.89326280476877</double> 
        </void> 
        <void method="add"> 
         <double>157.0137843448035</double> 
        </void> 
        <void method="add"> 
         <double>157.07163436196151</double> 
        </void> 
        <void method="add"> 
         <double>157.12813478703077</double> 
        </void> 
        <void method="add"> 
         <double>157.22923857311545</double> 
        </void> 
        <void method="add"> 
         <double>157.43380543636746</double> 
        </void> 
        <void method="add"> 
         <double>154.98257438680966</double> 
        </void> 
        <void method="add"> 
         <double>156.36255839679615</double> 
        </void> 
        <void method="add"> 
         <double>155.40571248584217</double> 
        </void> 
        <void method="add"> 
         <double>155.9155207788179</double> 
        </void> 
        <void method="add"> 
         <double>155.8672601161169</double> 
        </void> 
       </object> 
      </void> 
      <void property="stdev"> 
       <double>0.6761140762269484</double> 
      </void> 
     </object> 
    </void> 
    <void index="9"> 
     <object class="jmbench.tools.EvaluationMetrics"> 
      <void property="max"> 
       <double>5.441080032295626</double> 
      </void> 
      <void property="mean"> 
       <double>5.268436064868883</double> 
      </void> 
      <void property="median"> 
       <double>5.2585549138313485</double> 
      </void> 
      <void property="min"> 
       <double>5.162321942189872</double> 
      </void> 
      <void property="rawResults"> 
       <object class="java.util.ArrayList"> 
        <void method="add"> 
         <double>5.162321942189872</double> 
        </void> 
        <void method="add"> 
         <double>5.166758875175113</double> 
        </void> 
        <void method="add"> 
         <double>5.193285771898456</double> 
        </void> 
        <void method="add"> 
         <double>5.19954364498526</double> 
        </void> 
        <void method="add"> 
         <double>5.200653018833811</double> 
        </void> 
        <void method="add"> 
         <double>5.21755080941307</double> 
        </void> 
        <void method="add"> 
         <double>5.222871964215015</double> 
        </void> 
        <void method="add"> 
         <double>5.225418615143622</double> 
        </void> 
        <void method="add"> 
         <double>5.22729841781092</double> 
        </void> 
        <void method="add"> 
         <double>5.252921140253482</double> 
        </void> 
        <void method="add"> 
         <double>5.2585549138313485</double> 
        </void> 
        <void method="add"> 
         <double>5.265222164922163</double> 
        </void> 
        <void method="add"> 
         <double>5.271590341436809</double> 
        </void> 
        <void method="add"> 
         <double>5.273377865833886</double> 
        </void> 
        <void method="add"> 
         <double>5.29446778890006</double> 
        </void> 
        <void method="add"> 
         <double>5.313180634005175</double> 
        </void> 
        <void method="add"> 
         <double>5.323471017691249</double> 
        </void> 
        <void method="add"> 
         <double>5.347608882196535</double> 
        </void> 
        <void method="add"> 
         <double>5.434546277925533</double> 
        </void> 
        <void method="add"> 
         <double>5.441080032295626</double> 
        </void> 
        <void method="add"> 
         <double>5.193817896446052</double> 
        </void> 
        <void method="add"> 
         <double>5.330753495633026</double> 
        </void> 
        <void method="add"> 
         <double>5.204732119542267</double> 
        </void> 
        <void method="add"> 
         <double>5.33167876412582</double> 
        </void> 
        <void method="add"> 
         <double>5.35819522701788</double> 
        </void> 
       </object> 
      </void> 
      <void property="stdev"> 
       <double>0.07486502720249391</double> 
      </void> 
     </object> 
    </void> 
    <void index="10"> 
     <object class="jmbench.tools.EvaluationMetrics"> 
      <void property="max"> 
       <double>0.3977905482979158</double> 
      </void> 
      <void property="mean"> 
       <double>0.3757112289195286</double> 
      </void> 
      <void property="median"> 
       <double>0.38393835864123305</double> 
      </void> 
      <void property="min"> 
       <double>0.32368373589224375</double> 
      </void> 
      <void property="rawResults"> 
       <object class="java.util.ArrayList"> 
        <void method="add"> 
         <double>0.32368373589224375</double> 
        </void> 
        <void method="add"> 
         <double>0.3358008805870362</double> 
        </void> 
        <void method="add"> 
         <double>0.339235771204937</double> 
        </void> 
        <void method="add"> 
         <double>0.3443044469433434</double> 
        </void> 
        <void method="add"> 
         <double>0.36111777887504415</double> 
        </void> 
        <void method="add"> 
         <double>0.3646948634237229</double> 
        </void> 
        <void method="add"> 
         <double>0.37619691869706495</double> 
        </void> 
        <void method="add"> 
         <double>0.3802888802225321</double> 
        </void> 
        <void method="add"> 
         <double>0.38373979475146747</double> 
        </void> 
        <void method="add"> 
         <double>0.38381498967894817</double> 
        </void> 
        <void method="add"> 
         <double>0.38393835864123305</double> 
        </void> 
        <void method="add"> 
         <double>0.38565876497274987</double> 
        </void> 
        <void method="add"> 
         <double>0.38663471004487476</double> 
        </void> 
        <void method="add"> 
         <double>0.392102984104701</double> 
        </void> 
        <void method="add"> 
         <double>0.3927649911005266</double> 
        </void> 
        <void method="add"> 
         <double>0.3947197210854243</double> 
        </void> 
        <void method="add"> 
         <double>0.3961952890953823</double> 
        </void> 
        <void method="add"> 
         <double>0.3973336742604596</double> 
        </void> 
        <void method="add"> 
         <double>0.3976664676377146</double> 
        </void> 
        <void method="add"> 
         <double>0.3977905482979158</double> 
        </void> 
        <void method="add"> 
         <double>0.3667845209947829</double> 
        </void> 
        <void method="add"> 
         <double>0.3318374722831134</double> 
        </void> 
        <void method="add"> 
         <double>0.3860143460363395</double> 
        </void> 
        <void method="add"> 
         <double>0.39537830172902644</double> 
        </void> 
        <void method="add"> 
         <double>0.3950825124276296</double> 
        </void> 
       </object> 
      </void> 
      <void property="stdev"> 
       <double>0.022837195393337225</double> 
      </void> 
     </object> 
    </void> 
    <void index="11"> 
     <object class="jmbench.tools.EvaluationMetrics"> 
      <void property="max"> 
       <double>0.03857274429159363</double> 
      </void> 
      <void property="mean"> 
       <double>0.03828397795970038</double> 
      </void> 
      <void property="median"> 
       <double>0.038369859923731764</double> 
      </void> 
      <void property="min"> 
       <double>0.037909329663775734</double> 
      </void> 
      <void property="rawResults"> 
       <object class="java.util.ArrayList"> 
        <void method="add"> 
         <double>0.03857274429159363</double> 
        </void> 
        <void method="add"> 
         <double>0.038369859923731764</double> 
        </void> 
        <void method="add"> 
         <double>0.037909329663775734</double> 
        </void> 
       </object> 
      </void> 
      <void property="stdev"> 
       <double>2.775626366667601E-4</double> 
      </void> 
     </object> 
    </void> 
   </array> 
  </void> 
  <void property="opName"> 
   <string>Determinant</string> 
  </void> 
 </object> 
</java> 
