<?xml version="1.0" encoding="UTF-8"?> 
<java version="1.6.0_16" class="java.beans.XMLDecoder"> 
 <object class="jmbench.tools.runtime.OperationResults"> 
  <void property="library"> 
   <object class="jmbench.impl.MatrixLibrary" method="valueOf"> 
    <string>CM</string> 
   </object> 
  </void> 
  <void property="matDimen"> 
   <array class="int" length="12"> 
    <void index="0"> 
     <int>2</int> 
    </void> 
    <void index="1"> 
     <int>3</int> 
    </void> 
    <void index="2"> 
     <int>4</int> 
    </void> 
    <void index="3"> 
     <int>5</int> 
    </void> 
    <void index="4"> 
     <int>10</int> 
    </void> 
    <void index="5"> 
     <int>20</int> 
    </void> 
    <void index="6"> 
     <int>50</int> 
    </void> 
    <void index="7"> 
     <int>100</int> 
    </void> 
    <void index="8"> 
     <int>200</int> 
    </void> 
    <void index="9"> 
     <int>500</int> 
    </void> 
    <void index="10"> 
     <int>1000</int> 
    </void> 
    <void index="11"> 
     <int>2000</int> 
    </void> 
   </array> 
  </void> 
  <void property="metrics"> 
   <array class="jmbench.tools.EvaluationMetrics" length="12"> 
    <void index="0"> 
     <object class="jmbench.tools.EvaluationMetrics"> 
      <void property="max"> 
       <double>3243550.48133773</double> 
      </void> 
      <void property="mean"> 
       <double>3182750.81659183</double> 
      </void> 
      <void property="median"> 
       <double>3202547.060040634</double> 
      </void> 
      <void property="min"> 
       <double>3085537.868803218</double> 
      </void> 
      <void property="rawResults"> 
       <object class="java.util.ArrayList"> 
        <void method="add"> 
         <double>3085537.868803218</double> 
        </void> 
        <void method="add"> 
         <double>3104170.1069395975</double> 
        </void> 
        <void method="add"> 
         <double>3106793.5109903393</double> 
        </void> 
        <void method="add"> 
         <double>3108037.086686598</double> 
        </void> 
        <void method="add"> 
         <double>3111794.345789545</double> 
        </void> 
        <void method="add"> 
         <double>3113553.4384026797</double> 
        </void> 
        <void method="add"> 
         <double>3130212.5073807463</double> 
        </void> 
        <void method="add"> 
         <double>3132786.7501392616</double> 
        </void> 
        <void method="add"> 
         <double>3134678.4793109465</double> 
        </void> 
        <void method="add"> 
         <double>3138108.0842783726</double> 
        </void> 
        <void method="add"> 
         <double>3202547.060040634</double> 
        </void> 
        <void method="add"> 
         <double>3208538.4191760505</double> 
        </void> 
        <void method="add"> 
         <double>3222164.603947586</double> 
        </void> 
        <void method="add"> 
         <double>3234980.0658694054</double> 
        </void> 
        <void method="add"> 
         <double>3235616.3698513657</double> 
        </void> 
        <void method="add"> 
         <double>3238563.8675757376</double> 
        </void> 
        <void method="add"> 
         <double>3239746.612333341</double> 
        </void> 
        <void method="add"> 
         <double>3239810.6039832057</double> 
        </void> 
        <void method="add"> 
         <double>3241143.340054852</double> 
        </void> 
        <void method="add"> 
         <double>3243550.48133773</double> 
        </void> 
        <void method="add"> 
         <double>3194936.4856892913</double> 
        </void> 
        <void method="add"> 
         <double>3221761.1617874294</double> 
        </void> 
        <void method="add"> 
         <double>3241402.913577693</double> 
        </void> 
        <void method="add"> 
         <double>3201303.5138030485</double> 
        </void> 
        <void method="add"> 
         <double>3237032.7370470753</double> 
        </void> 
       </object> 
      </void> 
      <void property="stdev"> 
       <double>56434.195161697426</double> 
      </void> 
     </object> 
    </void> 
    <void index="1"> 
     <object class="jmbench.tools.EvaluationMetrics"> 
      <void property="max"> 
       <double>2289618.411077036</double> 
      </void> 
      <void property="mean"> 
       <double>2246920.0280897273</double> 
      </void> 
      <void property="median"> 
       <double>2278714.0016034115</double> 
      </void> 
      <void property="min"> 
       <double>2141021.4833391206</double> 
      </void> 
      <void property="rawResults"> 
       <object class="java.util.ArrayList"> 
        <void method="add"> 
         <double>2141021.4833391206</double> 
        </void> 
        <void method="add"> 
         <double>2177628.730000272</double> 
        </void> 
        <void method="add"> 
         <double>2186961.274010707</double> 
        </void> 
        <void method="add"> 
         <double>2198037.4001732995</double> 
        </void> 
        <void method="add"> 
         <double>2201289.1624205173</double> 
        </void> 
        <void method="add"> 
         <double>2202834.820262583</double> 
        </void> 
        <void method="add"> 
         <double>2203098.7455379902</double> 
        </void> 
        <void method="add"> 
         <double>2203412.090623153</double> 
        </void> 
        <void method="add"> 
         <double>2204012.5841218634</double> 
        </void> 
        <void method="add"> 
         <double>2209804.490094653</double> 
        </void> 
        <void method="add"> 
         <double>2281926.6167114433</double> 
        </void> 
        <void method="add"> 
         <double>2282357.6474714098</double> 
        </void> 
        <void method="add"> 
         <double>2282975.1749500586</double> 
        </void> 
        <void method="add"> 
         <double>2283470.255580114</double> 
        </void> 
        <void method="add"> 
         <double>2284498.8235692433</double> 
        </void> 
        <void method="add"> 
         <double>2286609.1681527426</double> 
        </void> 
        <void method="add"> 
         <double>2287461.0699253622</double> 
        </void> 
        <void method="add"> 
         <double>2287516.4144172296</double> 
        </void> 
        <void method="add"> 
         <double>2287525.348693066</double> 
        </void> 
        <void method="add"> 
         <double>2289618.411077036</double> 
        </void> 
        <void method="add"> 
         <double>2274099.2149336147</double> 
        </void> 
        <void method="add"> 
         <double>2276922.950037521</double> 
        </void> 
        <void method="add"> 
         <double>2278714.0016034115</double> 
        </void> 
        <void method="add"> 
         <double>2282123.5558745223</double> 
        </void> 
        <void method="add"> 
         <double>2279081.2686622604</double> 
        </void> 
       </object> 
      </void> 
      <void property="stdev"> 
       <double>45978.00399908323</double> 
      </void> 
     </object> 
    </void> 
    <void index="2"> 
     <object class="jmbench.tools.EvaluationMetrics"> 
      <void property="max"> 
       <double>1617651.3894778353</double> 
      </void> 
      <void property="mean"> 
       <double>1594690.4111314893</double> 
      </void> 
      <void property="median"> 
       <double>1610913.5700778905</double> 
      </void> 
      <void property="min"> 
       <double>1537081.3439499503</double> 
      </void> 
      <void property="rawResults"> 
       <object class="java.util.ArrayList"> 
        <void method="add"> 
         <double>1537081.3439499503</double> 
        </void> 
        <void method="add"> 
         <double>1556653.043053513</double> 
        </void> 
        <void method="add"> 
         <double>1562619.660041234</double> 
        </void> 
        <void method="add"> 
         <double>1565855.3272623492</double> 
        </void> 
        <void method="add"> 
         <double>1567725.4563077579</double> 
        </void> 
        <void method="add"> 
         <double>1589161.837441364</double> 
        </void> 
        <void method="add"> 
         <double>1610899.6182898716</double> 
        </void> 
        <void method="add"> 
         <double>1610913.5700778905</double> 
        </void> 
        <void method="add"> 
         <double>1612512.9828432582</double> 
        </void> 
        <void method="add"> 
         <double>1612868.8151774104</double> 
        </void> 
        <void method="add"> 
         <double>1612906.6377653147</double> 
        </void> 
        <void method="add"> 
         <double>1614715.129355784</double> 
        </void> 
        <void method="add"> 
         <double>1615233.7258513104</double> 
        </void> 
        <void method="add"> 
         <double>1615571.4274881054</double> 
        </void> 
        <void method="add"> 
         <double>1615736.0364431571</double> 
        </void> 
        <void method="add"> 
         <double>1616752.1726068773</double> 
        </void> 
        <void method="add"> 
         <double>1616958.4620213718</double> 
        </void> 
        <void method="add"> 
         <double>1617598.3653311257</double> 
        </void> 
        <void method="add"> 
         <double>1617637.3265383092</double> 
        </void> 
        <void method="add"> 
         <double>1617651.3894778353</double> 
        </void> 
        <void method="add"> 
         <double>1588973.9289880341</double> 
        </void> 
        <void method="add"> 
         <double>1581027.4807828038</double> 
        </void> 
        <void method="add"> 
         <double>1582713.7881152711</double> 
        </void> 
        <void method="add"> 
         <double>1584534.5647207687</double> 
        </void> 
        <void method="add"> 
         <double>1542958.1883565648</double> 
        </void> 
       </object> 
      </void> 
      <void property="stdev"> 
       <double>25529.913933252068</double> 
      </void> 
     </object> 
    </void> 
    <void index="3"> 
     <object class="jmbench.tools.EvaluationMetrics"> 
      <void property="max"> 
       <double>1118100.262749504</double> 
      </void> 
      <void property="mean"> 
       <double>1095107.82591998</double> 
      </void> 
      <void property="median"> 
       <double>1108999.276776268</double> 
      </void> 
      <void property="min"> 
       <double>1064749.6201663753</double> 
      </void> 
      <void property="rawResults"> 
       <object class="java.util.ArrayList"> 
        <void method="add"> 
         <double>1064749.6201663753</double> 
        </void> 
        <void method="add"> 
         <double>1066214.9901850885</double> 
        </void> 
        <void method="add"> 
         <double>1070137.382114221</double> 
        </void> 
        <void method="add"> 
         <double>1070920.3155807792</double> 
        </void> 
        <void method="add"> 
         <double>1075793.8786253738</double> 
        </void> 
        <void method="add"> 
         <double>1088758.737907443</double> 
        </void> 
        <void method="add"> 
         <double>1102517.4049662326</double> 
        </void> 
        <void method="add"> 
         <double>1108999.276776268</double> 
        </void> 
        <void method="add"> 
         <double>1111093.3999532913</double> 
        </void> 
        <void method="add"> 
         <double>1111632.2875002285</double> 
        </void> 
        <void method="add"> 
         <double>1112820.752604621</double> 
        </void> 
        <void method="add"> 
         <double>1113282.3791064855</double> 
        </void> 
        <void method="add"> 
         <double>1113402.4320363202</double> 
        </void> 
        <void method="add"> 
         <double>1113442.0313977364</double> 
        </void> 
        <void method="add"> 
         <double>1114751.8850425314</double> 
        </void> 
        <void method="add"> 
         <double>1114905.6826671406</double> 
        </void> 
        <void method="add"> 
         <double>1115983.0502805398</double> 
        </void> 
        <void method="add"> 
         <double>1116617.4835874923</double> 
        </void> 
        <void method="add"> 
         <double>1116641.9019026253</double> 
        </void> 
        <void method="add"> 
         <double>1118100.262749504</double> 
        </void> 
        <void method="add"> 
         <double>1074147.1887204014</double> 
        </void> 
        <void method="add"> 
         <double>1075622.420767266</double> 
        </void> 
        <void method="add"> 
         <double>1065327.5563581875</double> 
        </void> 
        <void method="add"> 
         <double>1071207.036476027</double> 
        </void> 
        <void method="add"> 
         <double>1070626.2905273223</double> 
        </void> 
       </object> 
      </void> 
      <void property="stdev"> 
       <double>20990.305929083173</double> 
      </void> 
     </object> 
    </void> 
    <void index="4"> 
     <object class="jmbench.tools.EvaluationMetrics"> 
      <void property="max"> 
       <double>205904.83007241585</double> 
      </void> 
      <void property="mean"> 
       <double>204414.20368222767</double> 
      </void> 
      <void property="median"> 
       <double>204726.80142776165</double> 
      </void> 
      <void property="min"> 
       <double>201303.4392954337</double> 
      </void> 
      <void property="rawResults"> 
       <object class="java.util.ArrayList"> 
        <void method="add"> 
         <double>201303.4392954337</double> 
        </void> 
        <void method="add"> 
         <double>201726.23715658477</double> 
        </void> 
        <void method="add"> 
         <double>202930.23133917744</double> 
        </void> 
        <void method="add"> 
         <double>203381.36527245177</double> 
        </void> 
        <void method="add"> 
         <double>203514.63600682124</double> 
        </void> 
        <void method="add"> 
         <double>203529.84189130418</double> 
        </void> 
        <void method="add"> 
         <double>203970.00052045842</double> 
        </void> 
        <void method="add"> 
         <double>204113.3746671536</double> 
        </void> 
        <void method="add"> 
         <double>204228.58030505286</double> 
        </void> 
        <void method="add"> 
         <double>204573.50915585228</double> 
        </void> 
        <void method="add"> 
         <double>204591.25533881274</double> 
        </void> 
        <void method="add"> 
         <double>204617.36607156578</double> 
        </void> 
        <void method="add"> 
         <double>204726.80142776165</double> 
        </void> 
        <void method="add"> 
         <double>204822.243345951</double> 
        </void> 
        <void method="add"> 
         <double>204896.02615458413</double> 
        </void> 
        <void method="add"> 
         <double>204950.73004709982</double> 
        </void> 
        <void method="add"> 
         <double>205016.1673819923</double> 
        </void> 
        <void method="add"> 
         <double>205119.66810658033</double> 
        </void> 
        <void method="add"> 
         <double>205469.138579552</double> 
        </void> 
        <void method="add"> 
         <double>205496.69336858514</double> 
        </void> 
        <void method="add"> 
         <double>204987.31957935676</double> 
        </void> 
        <void method="add"> 
         <double>205544.35950680377</double> 
        </void> 
        <void method="add"> 
         <double>205590.83476129317</double> 
        </void> 
        <void method="add"> 
         <double>205350.44270304654</double> 
        </void> 
        <void method="add"> 
         <double>205904.83007241585</double> 
        </void> 
       </object> 
      </void> 
      <void property="stdev"> 
       <double>1134.9037204557098</double> 
      </void> 
     </object> 
    </void> 
    <void index="5"> 
     <object class="jmbench.tools.EvaluationMetrics"> 
      <void property="max"> 
       <double>63793.98885170451</double> 
      </void> 
      <void property="mean"> 
       <double>63290.574551411926</double> 
      </void> 
      <void property="median"> 
       <double>63423.96215628814</double> 
      </void> 
      <void property="min"> 
       <double>62127.86341262789</double> 
      </void> 
      <void property="rawResults"> 
       <object class="java.util.ArrayList"> 
        <void method="add"> 
         <double>62127.86341262789</double> 
        </void> 
        <void method="add"> 
         <double>62886.39780739812</double> 
        </void> 
        <void method="add"> 
         <double>62903.47419509891</double> 
        </void> 
        <void method="add"> 
         <double>62915.28655857473</double> 
        </void> 
        <void method="add"> 
         <double>62923.31906290123</double> 
        </void> 
        <void method="add"> 
         <double>62998.83585579193</double> 
        </void> 
        <void method="add"> 
         <double>63020.909843031965</double> 
        </void> 
        <void method="add"> 
         <double>63033.74942848184</double> 
        </void> 
        <void method="add"> 
         <double>63059.100678148374</double> 
        </void> 
        <void method="add"> 
         <double>63109.97161259703</double> 
        </void> 
        <void method="add"> 
         <double>63218.4667049382</double> 
        </void> 
        <void method="add"> 
         <double>63260.68703625557</double> 
        </void> 
        <void method="add"> 
         <double>63423.96215628814</double> 
        </void> 
        <void method="add"> 
         <double>63458.45273378677</double> 
        </void> 
        <void method="add"> 
         <double>63555.95864946407</double> 
        </void> 
        <void method="add"> 
         <double>63579.84371272316</double> 
        </void> 
        <void method="add"> 
         <double>63599.016975262166</double> 
        </void> 
        <void method="add"> 
         <double>63617.47756712906</double> 
        </void> 
        <void method="add"> 
         <double>63752.189609442576</double> 
        </void> 
        <void method="add"> 
         <double>63793.98885170451</double> 
        </void> 
        <void method="add"> 
         <double>63596.638046531945</double> 
        </void> 
        <void method="add"> 
         <double>63615.21310951183</double> 
        </void> 
        <void method="add"> 
         <double>63507.3866106037</double> 
        </void> 
        <void method="add"> 
         <double>63695.33226658727</double> 
        </void> 
        <void method="add"> 
         <double>63610.84130041705</double> 
        </void> 
       </object> 
      </void> 
      <void property="stdev"> 
       <double>381.46926451390823</double> 
      </void> 
     </object> 
    </void> 
    <void index="6"> 
     <object class="jmbench.tools.EvaluationMetrics"> 
      <void property="max"> 
       <double>5071.430171584743</double> 
      </void> 
      <void property="mean"> 
       <double>5013.01615189711</double> 
      </void> 
      <void property="median"> 
       <double>5010.340011408513</double> 
      </void> 
      <void property="min"> 
       <double>4945.823512709417</double> 
      </void> 
      <void property="rawResults"> 
       <object class="java.util.ArrayList"> 
        <void method="add"> 
         <double>4945.823512709417</double> 
        </void> 
        <void method="add"> 
         <double>4950.476713749575</double> 
        </void> 
        <void method="add"> 
         <double>4961.171111364511</double> 
        </void> 
        <void method="add"> 
         <double>4964.797893206116</double> 
        </void> 
        <void method="add"> 
         <double>4964.99110108095</double> 
        </void> 
        <void method="add"> 
         <double>5002.530842137283</double> 
        </void> 
        <void method="add"> 
         <double>5008.642036964472</double> 
        </void> 
        <void method="add"> 
         <double>5010.340011408513</double> 
        </void> 
        <void method="add"> 
         <double>5016.6674752578765</double> 
        </void> 
        <void method="add"> 
         <double>5019.765193490949</double> 
        </void> 
        <void method="add"> 
         <double>5033.691114472956</double> 
        </void> 
        <void method="add"> 
         <double>5037.644985368691</double> 
        </void> 
        <void method="add"> 
         <double>5038.091424822235</double> 
        </void> 
        <void method="add"> 
         <double>5045.234132485344</double> 
        </void> 
        <void method="add"> 
         <double>5058.152214587723</double> 
        </void> 
        <void method="add"> 
         <double>5058.705076831543</double> 
        </void> 
        <void method="add"> 
         <double>5060.1808998236</double> 
        </void> 
        <void method="add"> 
         <double>5069.36495837818</double> 
        </void> 
        <void method="add"> 
         <double>5070.125017343202</double> 
        </void> 
        <void method="add"> 
         <double>5071.430171584743</double> 
        </void> 
        <void method="add"> 
         <double>4980.058416728664</double> 
        </void> 
        <void method="add"> 
         <double>4995.083610436524</double> 
        </void> 
        <void method="add"> 
         <double>4972.084378902277</double> 
        </void> 
        <void method="add"> 
         <double>4997.429762608806</double> 
        </void> 
        <void method="add"> 
         <double>4992.921741683585</double> 
        </void> 
       </object> 
      </void> 
      <void property="stdev"> 
       <double>39.278110114435776</double> 
      </void> 
     </object> 
    </void> 
    <void index="7"> 
     <object class="jmbench.tools.EvaluationMetrics"> 
      <void property="max"> 
       <double>681.6919193432092</double> 
      </void> 
      <void property="mean"> 
       <double>678.7124553310501</double> 
      </void> 
      <void property="median"> 
       <double>678.6862948676501</double> 
      </void> 
      <void property="min"> 
       <double>674.5603984619279</double> 
      </void> 
      <void property="rawResults"> 
       <object class="java.util.ArrayList"> 
        <void method="add"> 
         <double>675.4736978534493</double> 
        </void> 
        <void method="add"> 
         <double>675.9574628912451</double> 
        </void> 
        <void method="add"> 
         <double>676.1432186741142</double> 
        </void> 
        <void method="add"> 
         <double>676.8493863183415</double> 
        </void> 
        <void method="add"> 
         <double>677.0749371626143</double> 
        </void> 
        <void method="add"> 
         <double>677.1240000821128</double> 
        </void> 
        <void method="add"> 
         <double>677.5082625707246</double> 
        </void> 
        <void method="add"> 
         <double>677.549186434456</double> 
        </void> 
        <void method="add"> 
         <double>677.6424161281541</double> 
        </void> 
        <void method="add"> 
         <double>678.0266377889352</double> 
        </void> 
        <void method="add"> 
         <double>678.2757657224604</double> 
        </void> 
        <void method="add"> 
         <double>678.6862948676501</double> 
        </void> 
        <void method="add"> 
         <double>679.6449470195535</double> 
        </void> 
        <void method="add"> 
         <double>680.4946602402601</double> 
        </void> 
        <void method="add"> 
         <double>680.560068488652</double> 
        </void> 
        <void method="add"> 
         <double>680.6878537568027</double> 
        </void> 
        <void method="add"> 
         <double>680.7859061547499</double> 
        </void> 
        <void method="add"> 
         <double>680.8519780329798</double> 
        </void> 
        <void method="add"> 
         <double>681.4351361944032</double> 
        </void> 
        <void method="add"> 
         <double>681.6919193432092</double> 
        </void> 
        <void method="add"> 
         <double>679.9305197182217</double> 
        </void> 
        <void method="add"> 
         <double>674.5603984619279</double> 
        </void> 
        <void method="add"> 
         <double>678.9221021997856</double> 
        </void> 
        <void method="add"> 
         <double>681.124519099841</double> 
        </void> 
        <void method="add"> 
         <double>680.81010807161</double> 
        </void> 
       </object> 
      </void> 
      <void property="stdev"> 
       <double>2.0345044347950947</double> 
      </void> 
     </object> 
    </void> 
    <void index="8"> 
     <object class="jmbench.tools.EvaluationMetrics"> 
      <void property="max"> 
       <double>86.93716897209389</double> 
      </void> 
      <void property="mean"> 
       <double>86.71984716143892</double> 
      </void> 
      <void property="median"> 
       <double>86.83172194633416</double> 
      </void> 
      <void property="min"> 
       <double>85.91531217443013</double> 
      </void> 
      <void property="rawResults"> 
       <object class="java.util.ArrayList"> 
        <void method="add"> 
         <double>85.91531217443013</double> 
        </void> 
        <void method="add"> 
         <double>85.94389220303776</double> 
        </void> 
        <void method="add"> 
         <double>86.51024666324236</double> 
        </void> 
        <void method="add"> 
         <double>86.57344463427</double> 
        </void> 
        <void method="add"> 
         <double>86.61951937243427</double> 
        </void> 
        <void method="add"> 
         <double>86.62703489556056</double> 
        </void> 
        <void method="add"> 
         <double>86.78174527022605</double> 
        </void> 
        <void method="add"> 
         <double>86.79415672293693</double> 
        </void> 
        <void method="add"> 
         <double>86.80632215345462</double> 
        </void> 
        <void method="add"> 
         <double>86.82848210720543</double> 
        </void> 
        <void method="add"> 
         <double>86.83172194633416</double> 
        </void> 
        <void method="add"> 
         <double>86.83388079450235</double> 
        </void> 
        <void method="add"> 
         <double>86.86054844429135</double> 
        </void> 
        <void method="add"> 
         <double>86.87562830031295</double> 
        </void> 
        <void method="add"> 
         <double>86.88223521963975</double> 
        </void> 
        <void method="add"> 
         <double>86.88844057146393</double> 
        </void> 
        <void method="add"> 
         <double>86.88861429941372</double> 
        </void> 
        <void method="add"> 
         <double>86.92374962494658</double> 
        </void> 
        <void method="add"> 
         <double>86.93539512972168</double> 
        </void> 
        <void method="add"> 
         <double>86.93716897209389</double> 
        </void> 
        <void method="add"> 
         <double>86.83613183553182</double> 
        </void> 
        <void method="add"> 
         <double>86.8719749462103</double> 
        </void> 
        <void method="add"> 
         <double>86.66957464452598</double> 
        </void> 
        <void method="add"> 
         <double>86.49769181505927</double> 
        </void> 
        <void method="add"> 
         <double>86.86326629512756</double> 
        </void> 
       </object> 
      </void> 
      <void property="stdev"> 
       <double>0.26527734499469946</double> 
      </void> 
     </object> 
    </void> 
    <void index="9"> 
     <object class="jmbench.tools.EvaluationMetrics"> 
      <void property="max"> 
       <double>5.890591530190715</double> 
      </void> 
      <void property="mean"> 
       <double>5.837619642229305</double> 
      </void> 
      <void property="median"> 
       <double>5.856533502215631</double> 
      </void> 
      <void property="min"> 
       <double>5.565070716902545</double> 
      </void> 
      <void property="rawResults"> 
       <object class="java.util.ArrayList"> 
        <void method="add"> 
         <double>5.565070716902545</double> 
        </void> 
        <void method="add"> 
         <double>5.779621370678533</double> 
        </void> 
        <void method="add"> 
         <double>5.80171209136219</double> 
        </void> 
        <void method="add"> 
         <double>5.808868529444386</double> 
        </void> 
        <void method="add"> 
         <double>5.822567109419705</double> 
        </void> 
        <void method="add"> 
         <double>5.825953158553985</double> 
        </void> 
        <void method="add"> 
         <double>5.8465143888032935</double> 
        </void> 
        <void method="add"> 
         <double>5.84752611519457</double> 
        </void> 
        <void method="add"> 
         <double>5.858127867124808</double> 
        </void> 
        <void method="add"> 
         <double>5.858658269826723</double> 
        </void> 
        <void method="add"> 
         <double>5.858834738005942</double> 
        </void> 
        <void method="add"> 
         <double>5.860041261130013</double> 
        </void> 
        <void method="add"> 
         <double>5.863709042577487</double> 
        </void> 
        <void method="add"> 
         <double>5.873707442708621</double> 
        </void> 
        <void method="add"> 
         <double>5.881669987707801</double> 
        </void> 
        <void method="add"> 
         <double>5.8851755771625776</double> 
        </void> 
        <void method="add"> 
         <double>5.886317955333016</double> 
        </void> 
        <void method="add"> 
         <double>5.88683546049505</double> 
        </void> 
        <void method="add"> 
         <double>5.889091002383033</double> 
        </void> 
        <void method="add"> 
         <double>5.890591530190715</double> 
        </void> 
        <void method="add"> 
         <double>5.852597707096322</double> 
        </void> 
        <void method="add"> 
         <double>5.822955318379225</double> 
        </void> 
        <void method="add"> 
         <double>5.856533502215631</double> 
        </void> 
        <void method="add"> 
         <double>5.793500465009361</double> 
        </void> 
        <void method="add"> 
         <double>5.824310448027115</double> 
        </void> 
       </object> 
      </void> 
      <void property="stdev"> 
       <double>0.06370979244387458</double> 
      </void> 
     </object> 
    </void> 
    <void index="10"> 
     <object class="jmbench.tools.EvaluationMetrics"> 
      <void property="max"> 
       <double>0.7278571759403311</double> 
      </void> 
      <void property="mean"> 
       <double>0.7082871309779422</double> 
      </void> 
      <void property="median"> 
       <double>0.7230862578498181</double> 
      </void> 
      <void property="min"> 
       <double>0.6375072152070512</double> 
      </void> 
      <void property="rawResults"> 
       <object class="java.util.ArrayList"> 
        <void method="add"> 
         <double>0.6375072152070512</double> 
        </void> 
        <void method="add"> 
         <double>0.6399020003908285</double> 
        </void> 
        <void method="add"> 
         <double>0.6441176732071593</double> 
        </void> 
        <void method="add"> 
         <double>0.6459702966456417</double> 
        </void> 
        <void method="add"> 
         <double>0.7200616134256685</double> 
        </void> 
        <void method="add"> 
         <double>0.7213525305702482</double> 
        </void> 
        <void method="add"> 
         <double>0.7220089162801616</double> 
        </void> 
        <void method="add"> 
         <double>0.7220242929540288</double> 
        </void> 
        <void method="add"> 
         <double>0.7228579052980586</double> 
        </void> 
        <void method="add"> 
         <double>0.7230522380549761</double> 
        </void> 
        <void method="add"> 
         <double>0.7233677899589567</double> 
        </void> 
        <void method="add"> 
         <double>0.7234834374308876</double> 
        </void> 
        <void method="add"> 
         <double>0.725761870519423</double> 
        </void> 
        <void method="add"> 
         <double>0.7263572985530576</double> 
        </void> 
        <void method="add"> 
         <double>0.7266080859097107</double> 
        </void> 
        <void method="add"> 
         <double>0.7266083319388327</double> 
        </void> 
        <void method="add"> 
         <double>0.7270839530118388</double> 
        </void> 
        <void method="add"> 
         <double>0.7272431326203117</double> 
        </void> 
        <void method="add"> 
         <double>0.7275724594341655</double> 
        </void> 
        <void method="add"> 
         <double>0.7278571759403311</double> 
        </void> 
        <void method="add"> 
         <double>0.6456888087063917</double> 
        </void> 
        <void method="add"> 
         <double>0.7273730169353037</double> 
        </void> 
        <void method="add"> 
         <double>0.7272418151762067</double> 
        </void> 
        <void method="add"> 
         <double>0.7229901584294985</double> 
        </void> 
        <void method="add"> 
         <double>0.7230862578498181</double> 
        </void> 
       </object> 
      </void> 
      <void property="stdev"> 
       <double>0.03293054281173504</double> 
      </void> 
     </object> 
    </void> 
    <void index="11"> 
     <object class="jmbench.tools.EvaluationMetrics"> 
      <void property="max"> 
       <double>0.0917001988113313</double> 
      </void> 
      <void property="mean"> 
       <double>0.08335748634362551</double> 
      </void> 
      <void property="median"> 
       <double>0.08991719790141324</double> 
      </void> 
      <void property="min"> 
       <double>0.07125220406945582</double> 
      </void> 
      <void property="rawResults"> 
       <object class="java.util.ArrayList"> 
        <void method="add"> 
         <double>0.07125220406945582</double> 
        </void> 
        <void method="add"> 
         <double>0.07298246691532864</double> 
        </void> 
        <void method="add"> 
         <double>0.0917001988113313</double> 
        </void> 
        <void method="add"> 
         <double>0.09093536402059856</double> 
        </void> 
        <void method="add"> 
         <double>0.08991719790141324</double> 
        </void> 
       </object> 
      </void> 
      <void property="stdev"> 
       <double>0.009211229930929078</double> 
      </void> 
     </object> 
    </void> 
   </array> 
  </void> 
  <void property="opName"> 
   <string>Mult c=a^t * b</string> 
  </void> 
 </object> 
</java> 
