<?xml version="1.0" encoding="UTF-8"?> 
<java version="1.6.0_16" class="java.beans.XMLDecoder"> 
 <object class="jmbench.tools.runtime.OperationResults"> 
  <void property="library"> 
   <object class="jmbench.impl.MatrixLibrary" method="valueOf"> 
    <string>CM</string> 
   </object> 
  </void> 
  <void property="matDimen"> 
   <array class="int" length="12"> 
    <void index="0"> 
     <int>2</int> 
    </void> 
    <void index="1"> 
     <int>3</int> 
    </void> 
    <void index="2"> 
     <int>4</int> 
    </void> 
    <void index="3"> 
     <int>5</int> 
    </void> 
    <void index="4"> 
     <int>10</int> 
    </void> 
    <void index="5"> 
     <int>20</int> 
    </void> 
    <void index="6"> 
     <int>50</int> 
    </void> 
    <void index="7"> 
     <int>100</int> 
    </void> 
    <void index="8"> 
     <int>200</int> 
    </void> 
    <void index="9"> 
     <int>500</int> 
    </void> 
    <void index="10"> 
     <int>1000</int> 
    </void> 
    <void index="11"> 
     <int>2000</int> 
    </void> 
   </array> 
  </void> 
  <void property="metrics"> 
   <array class="jmbench.tools.EvaluationMetrics" length="12"> 
    <void index="0"> 
     <object class="jmbench.tools.EvaluationMetrics"> 
      <void property="max"> 
       <double>5478916.4975098865</double> 
      </void> 
      <void property="mean"> 
       <double>5373720.384414174</double> 
      </void> 
      <void property="median"> 
       <double>5409202.850385312</double> 
      </void> 
      <void property="min"> 
       <double>5101959.341305403</double> 
      </void> 
      <void property="rawResults"> 
       <object class="java.util.ArrayList"> 
        <void method="add"> 
         <double>5101959.341305403</double> 
        </void> 
        <void method="add"> 
         <double>5172935.322815964</double> 
        </void> 
        <void method="add"> 
         <double>5199370.199354792</double> 
        </void> 
        <void method="add"> 
         <double>5229655.824988393</double> 
        </void> 
        <void method="add"> 
         <double>5284116.643085021</double> 
        </void> 
        <void method="add"> 
         <double>5303705.434803363</double> 
        </void> 
        <void method="add"> 
         <double>5315714.567235422</double> 
        </void> 
        <void method="add"> 
         <double>5403594.678047758</double> 
        </void> 
        <void method="add"> 
         <double>5409202.850385312</double> 
        </void> 
        <void method="add"> 
         <double>5411728.490590282</double> 
        </void> 
        <void method="add"> 
         <double>5424358.871727481</double> 
        </void> 
        <void method="add"> 
         <double>5426227.736632889</double> 
        </void> 
        <void method="add"> 
         <double>5441983.245625001</double> 
        </void> 
        <void method="add"> 
         <double>5442150.370213666</double> 
        </void> 
        <void method="add"> 
         <double>5459766.749703963</double> 
        </void> 
        <void method="add"> 
         <double>5460520.862570705</double> 
        </void> 
        <void method="add"> 
         <double>5463736.521438055</double> 
        </void> 
        <void method="add"> 
         <double>5466581.115226454</double> 
        </void> 
        <void method="add"> 
         <double>5473467.2243144885</double> 
        </void> 
        <void method="add"> 
         <double>5478916.4975098865</double> 
        </void> 
        <void method="add"> 
         <double>5403065.779731803</double> 
        </void> 
        <void method="add"> 
         <double>5420029.213577198</double> 
        </void> 
        <void method="add"> 
         <double>5386296.373943837</double> 
        </void> 
        <void method="add"> 
         <double>5391042.0397744635</double> 
        </void> 
        <void method="add"> 
         <double>5372883.6557527445</double> 
        </void> 
       </object> 
      </void> 
      <void property="stdev"> 
       <double>101197.08940795805</double> 
      </void> 
     </object> 
    </void> 
    <void index="1"> 
     <object class="jmbench.tools.EvaluationMetrics"> 
      <void property="max"> 
       <double>3554064.748803995</double> 
      </void> 
      <void property="mean"> 
       <double>3501820.5140624004</double> 
      </void> 
      <void property="median"> 
       <double>3536353.041854687</double> 
      </void> 
      <void property="min"> 
       <double>3384319.6818533177</double> 
      </void> 
      <void property="rawResults"> 
       <object class="java.util.ArrayList"> 
        <void method="add"> 
         <double>3384319.6818533177</double> 
        </void> 
        <void method="add"> 
         <double>3393731.3406442297</double> 
        </void> 
        <void method="add"> 
         <double>3402346.3317489503</double> 
        </void> 
        <void method="add"> 
         <double>3436784.426088677</double> 
        </void> 
        <void method="add"> 
         <double>3442453.9877212984</double> 
        </void> 
        <void method="add"> 
         <double>3443149.3125969926</double> 
        </void> 
        <void method="add"> 
         <double>3464558.5023655193</double> 
        </void> 
        <void method="add"> 
         <double>3465119.2472277763</double> 
        </void> 
        <void method="add"> 
         <double>3475079.561549687</double> 
        </void> 
        <void method="add"> 
         <double>3497699.288206231</double> 
        </void> 
        <void method="add"> 
         <double>3516780.6334244157</double> 
        </void> 
        <void method="add"> 
         <double>3528856.0008039945</double> 
        </void> 
        <void method="add"> 
         <double>3536353.041854687</double> 
        </void> 
        <void method="add"> 
         <double>3538093.9428086122</double> 
        </void> 
        <void method="add"> 
         <double>3541786.2501817266</double> 
        </void> 
        <void method="add"> 
         <double>3545560.5167079507</double> 
        </void> 
        <void method="add"> 
         <double>3545651.041504656</double> 
        </void> 
        <void method="add"> 
         <double>3547988.662785878</double> 
        </void> 
        <void method="add"> 
         <double>3548884.7570251403</double> 
        </void> 
        <void method="add"> 
         <double>3550592.9890867807</double> 
        </void> 
        <void method="add"> 
         <double>3546457.572950264</double> 
        </void> 
        <void method="add"> 
         <double>3539197.8457948384</double> 
        </void> 
        <void method="add"> 
         <double>3554064.748803995</double> 
        </void> 
        <void method="add"> 
         <double>3549715.220382288</double> 
        </void> 
        <void method="add"> 
         <double>3550287.947442083</double> 
        </void> 
       </object> 
      </void> 
      <void property="stdev"> 
       <double>55292.14904472958</double> 
      </void> 
     </object> 
    </void> 
    <void index="2"> 
     <object class="jmbench.tools.EvaluationMetrics"> 
      <void property="max"> 
       <double>2645616.0874697547</double> 
      </void> 
      <void property="mean"> 
       <double>2516297.3498551887</double> 
      </void> 
      <void property="median"> 
       <double>2521906.9459405704</double> 
      </void> 
      <void property="min"> 
       <double>2406581.656816126</double> 
      </void> 
      <void property="rawResults"> 
       <object class="java.util.ArrayList"> 
        <void method="add"> 
         <double>2406581.656816126</double> 
        </void> 
        <void method="add"> 
         <double>2412066.8784983573</double> 
        </void> 
        <void method="add"> 
         <double>2414498.3726940197</double> 
        </void> 
        <void method="add"> 
         <double>2414542.4057347467</double> 
        </void> 
        <void method="add"> 
         <double>2416770.247024331</double> 
        </void> 
        <void method="add"> 
         <double>2444431.4310886017</double> 
        </void> 
        <void method="add"> 
         <double>2478363.44687163</double> 
        </void> 
        <void method="add"> 
         <double>2487761.9810898285</double> 
        </void> 
        <void method="add"> 
         <double>2490970.849641471</double> 
        </void> 
        <void method="add"> 
         <double>2492594.912508187</double> 
        </void> 
        <void method="add"> 
         <double>2517129.8716428783</double> 
        </void> 
        <void method="add"> 
         <double>2517252.010365858</double> 
        </void> 
        <void method="add"> 
         <double>2521906.9459405704</double> 
        </void> 
        <void method="add"> 
         <double>2522369.7658801666</double> 
        </void> 
        <void method="add"> 
         <double>2524920.3013273315</double> 
        </void> 
        <void method="add"> 
         <double>2525680.69105303</double> 
        </void> 
        <void method="add"> 
         <double>2527135.52317599</double> 
        </void> 
        <void method="add"> 
         <double>2529850.8557393663</double> 
        </void> 
        <void method="add"> 
         <double>2532538.6853819666</double> 
        </void> 
        <void method="add"> 
         <double>2534876.564307418</double> 
        </void> 
        <void method="add"> 
         <double>2631919.1426847116</double> 
        </void> 
        <void method="add"> 
         <double>2637714.753133651</double> 
        </void> 
        <void method="add"> 
         <double>2645616.0874697547</double> 
        </void> 
        <void method="add"> 
         <double>2637424.052019661</double> 
        </void> 
        <void method="add"> 
         <double>2642516.314290057</double> 
        </void> 
       </object> 
      </void> 
      <void property="stdev"> 
       <double>74491.5487234028</double> 
      </void> 
     </object> 
    </void> 
    <void index="3"> 
     <object class="jmbench.tools.EvaluationMetrics"> 
      <void property="max"> 
       <double>1512823.0011324135</double> 
      </void> 
      <void property="mean"> 
       <double>1498146.922591681</double> 
      </void> 
      <void property="median"> 
       <double>1507419.8993000397</double> 
      </void> 
      <void property="min"> 
       <double>1462525.0792104932</double> 
      </void> 
      <void property="rawResults"> 
       <object class="java.util.ArrayList"> 
        <void method="add"> 
         <double>1462525.0792104932</double> 
        </void> 
        <void method="add"> 
         <double>1467172.7770883911</double> 
        </void> 
        <void method="add"> 
         <double>1470418.162090525</double> 
        </void> 
        <void method="add"> 
         <double>1471039.7578803273</double> 
        </void> 
        <void method="add"> 
         <double>1473286.5597690665</double> 
        </void> 
        <void method="add"> 
         <double>1503759.125873555</double> 
        </void> 
        <void method="add"> 
         <double>1505379.9586579711</double> 
        </void> 
        <void method="add"> 
         <double>1506958.4220777706</double> 
        </void> 
        <void method="add"> 
         <double>1507419.8993000397</double> 
        </void> 
        <void method="add"> 
         <double>1507443.352265851</double> 
        </void> 
        <void method="add"> 
         <double>1507491.0233447426</double> 
        </void> 
        <void method="add"> 
         <double>1507824.4245205722</double> 
        </void> 
        <void method="add"> 
         <double>1508093.6646808155</double> 
        </void> 
        <void method="add"> 
         <double>1508442.922013564</double> 
        </void> 
        <void method="add"> 
         <double>1509176.6413987137</double> 
        </void> 
        <void method="add"> 
         <double>1509266.7805149676</double> 
        </void> 
        <void method="add"> 
         <double>1509327.6217732367</double> 
        </void> 
        <void method="add"> 
         <double>1511436.6145549086</double> 
        </void> 
        <void method="add"> 
         <double>1512596.8689060751</double> 
        </void> 
        <void method="add"> 
         <double>1512823.0011324135</double> 
        </void> 
        <void method="add"> 
         <double>1505187.055954626</double> 
        </void> 
        <void method="add"> 
         <double>1507809.2754474862</double> 
        </void> 
        <void method="add"> 
         <double>1492905.8000410215</double> 
        </void> 
        <void method="add"> 
         <double>1476528.2375572214</double> 
        </void> 
        <void method="add"> 
         <double>1499360.0387376698</double> 
        </void> 
       </object> 
      </void> 
      <void property="stdev"> 
       <double>16346.454309186567</double> 
      </void> 
     </object> 
    </void> 
    <void index="4"> 
     <object class="jmbench.tools.EvaluationMetrics"> 
      <void property="max"> 
       <double>236373.31003295776</double> 
      </void> 
      <void property="mean"> 
       <double>234815.58918107042</double> 
      </void> 
      <void property="median"> 
       <double>235173.7004637861</double> 
      </void> 
      <void property="min"> 
       <double>232828.04816456442</double> 
      </void> 
      <void property="rawResults"> 
       <object class="java.util.ArrayList"> 
        <void method="add"> 
         <double>232828.04816456442</double> 
        </void> 
        <void method="add"> 
         <double>232959.51446664613</double> 
        </void> 
        <void method="add"> 
         <double>233179.30729296926</double> 
        </void> 
        <void method="add"> 
         <double>233205.03809957427</double> 
        </void> 
        <void method="add"> 
         <double>233326.03623621818</double> 
        </void> 
        <void method="add"> 
         <double>233432.10609346483</double> 
        </void> 
        <void method="add"> 
         <double>233812.05603503736</double> 
        </void> 
        <void method="add"> 
         <double>233824.51317910402</double> 
        </void> 
        <void method="add"> 
         <double>234773.9511298262</double> 
        </void> 
        <void method="add"> 
         <double>235012.85366470725</double> 
        </void> 
        <void method="add"> 
         <double>235173.7004637861</double> 
        </void> 
        <void method="add"> 
         <double>235309.9065308556</double> 
        </void> 
        <void method="add"> 
         <double>235554.97649754028</double> 
        </void> 
        <void method="add"> 
         <double>235872.83832642672</double> 
        </void> 
        <void method="add"> 
         <double>236027.91481943228</double> 
        </void> 
        <void method="add"> 
         <double>236100.3959162516</double> 
        </void> 
        <void method="add"> 
         <double>236119.4908799278</double> 
        </void> 
        <void method="add"> 
         <double>236184.04890153647</double> 
        </void> 
        <void method="add"> 
         <double>236239.15452498264</double> 
        </void> 
        <void method="add"> 
         <double>236373.31003295776</double> 
        </void> 
        <void method="add"> 
         <double>235598.56767670563</double> 
        </void> 
        <void method="add"> 
         <double>234156.1663364443</double> 
        </void> 
        <void method="add"> 
         <double>235419.24189678876</double> 
        </void> 
        <void method="add"> 
         <double>235411.30447385338</double> 
        </void> 
        <void method="add"> 
         <double>234495.2878871599</double> 
        </void> 
       </object> 
      </void> 
      <void property="stdev"> 
       <double>1164.1741349805557</double> 
      </void> 
     </object> 
    </void> 
    <void index="5"> 
     <object class="jmbench.tools.EvaluationMetrics"> 
      <void property="max"> 
       <double>71206.81285344037</double> 
      </void> 
      <void property="mean"> 
       <double>70801.5007120172</double> 
      </void> 
      <void property="median"> 
       <double>70764.7416425065</double> 
      </void> 
      <void property="min"> 
       <double>70433.8810294115</double> 
      </void> 
      <void property="rawResults"> 
       <object class="java.util.ArrayList"> 
        <void method="add"> 
         <double>70551.10497763299</double> 
        </void> 
        <void method="add"> 
         <double>70564.28787405521</double> 
        </void> 
        <void method="add"> 
         <double>70616.85094205946</double> 
        </void> 
        <void method="add"> 
         <double>70655.22749264777</double> 
        </void> 
        <void method="add"> 
         <double>70663.54555384285</double> 
        </void> 
        <void method="add"> 
         <double>70666.69104036393</double> 
        </void> 
        <void method="add"> 
         <double>70677.04511639125</double> 
        </void> 
        <void method="add"> 
         <double>70696.54705341165</double> 
        </void> 
        <void method="add"> 
         <double>70738.74225973686</double> 
        </void> 
        <void method="add"> 
         <double>70764.7416425065</double> 
        </void> 
        <void method="add"> 
         <double>70847.39859461949</double> 
        </void> 
        <void method="add"> 
         <double>70932.82168722535</double> 
        </void> 
        <void method="add"> 
         <double>70936.46425181265</double> 
        </void> 
        <void method="add"> 
         <double>70941.32903321368</double> 
        </void> 
        <void method="add"> 
         <double>70943.90867986994</double> 
        </void> 
        <void method="add"> 
         <double>70960.92459716872</double> 
        </void> 
        <void method="add"> 
         <double>70985.77547443144</double> 
        </void> 
        <void method="add"> 
         <double>71099.13956104053</double> 
        </void> 
        <void method="add"> 
         <double>71174.06825686478</double> 
        </void> 
        <void method="add"> 
         <double>71206.81285344037</double> 
        </void> 
        <void method="add"> 
         <double>70433.8810294115</double> 
        </void> 
        <void method="add"> 
         <double>70538.03876356427</double> 
        </void> 
        <void method="add"> 
         <double>70862.0968209475</double> 
        </void> 
        <void method="add"> 
         <double>70709.30296352245</double> 
        </void> 
        <void method="add"> 
         <double>70870.77128064896</double> 
        </void> 
       </object> 
      </void> 
      <void property="stdev"> 
       <double>199.3420785845925</double> 
      </void> 
     </object> 
    </void> 
    <void index="6"> 
     <object class="jmbench.tools.EvaluationMetrics"> 
      <void property="max"> 
       <double>5347.382885498744</double> 
      </void> 
      <void property="mean"> 
       <double>5309.327147832448</double> 
      </void> 
      <void property="median"> 
       <double>5326.240889945056</double> 
      </void> 
      <void property="min"> 
       <double>5260.702289215998</double> 
      </void> 
      <void property="rawResults"> 
       <object class="java.util.ArrayList"> 
        <void method="add"> 
         <double>5260.702289215998</double> 
        </void> 
        <void method="add"> 
         <double>5265.523362550936</double> 
        </void> 
        <void method="add"> 
         <double>5267.666826680001</double> 
        </void> 
        <void method="add"> 
         <double>5275.478207904538</double> 
        </void> 
        <void method="add"> 
         <double>5277.098870619535</double> 
        </void> 
        <void method="add"> 
         <double>5291.517696010812</double> 
        </void> 
        <void method="add"> 
         <double>5321.518869504843</double> 
        </void> 
        <void method="add"> 
         <double>5326.240889945056</double> 
        </void> 
        <void method="add"> 
         <double>5326.673415690739</double> 
        </void> 
        <void method="add"> 
         <double>5327.079417441143</double> 
        </void> 
        <void method="add"> 
         <double>5327.945412353563</double> 
        </void> 
        <void method="add"> 
         <double>5328.460773015602</double> 
        </void> 
        <void method="add"> 
         <double>5329.0421688640645</double> 
        </void> 
        <void method="add"> 
         <double>5334.231997040874</double> 
        </void> 
        <void method="add"> 
         <double>5335.555598852881</double> 
        </void> 
        <void method="add"> 
         <double>5339.959036550254</double> 
        </void> 
        <void method="add"> 
         <double>5342.439082150662</double> 
        </void> 
        <void method="add"> 
         <double>5343.8955799717</double> 
        </void> 
        <void method="add"> 
         <double>5347.101016456173</double> 
        </void> 
        <void method="add"> 
         <double>5347.382885498744</double> 
        </void> 
        <void method="add"> 
         <double>5288.265207198288</double> 
        </void> 
        <void method="add"> 
         <double>5280.679678148668</double> 
        </void> 
        <void method="add"> 
         <double>5285.654207050975</double> 
        </void> 
        <void method="add"> 
         <double>5283.361912743953</double> 
        </void> 
        <void method="add"> 
         <double>5279.704294351193</double> 
        </void> 
       </object> 
      </void> 
      <void property="stdev"> 
       <double>29.29973441688585</double> 
      </void> 
     </object> 
    </void> 
    <void index="7"> 
     <object class="jmbench.tools.EvaluationMetrics"> 
      <void property="max"> 
       <double>704.2192774521063</double> 
      </void> 
      <void property="mean"> 
       <double>699.8766360776533</double> 
      </void> 
      <void property="median"> 
       <double>701.0634166571914</double> 
      </void> 
      <void property="min"> 
       <double>696.3488745361715</double> 
      </void> 
      <void property="rawResults"> 
       <object class="java.util.ArrayList"> 
        <void method="add"> 
         <double>696.3488745361715</double> 
        </void> 
        <void method="add"> 
         <double>696.4878641156613</double> 
        </void> 
        <void method="add"> 
         <double>696.8025214826457</double> 
        </void> 
        <void method="add"> 
         <double>697.1609249464689</double> 
        </void> 
        <void method="add"> 
         <double>697.1623997980586</double> 
        </void> 
        <void method="add"> 
         <double>697.2913054944772</double> 
        </void> 
        <void method="add"> 
         <double>698.3317719698559</double> 
        </void> 
        <void method="add"> 
         <double>701.0634166571914</double> 
        </void> 
        <void method="add"> 
         <double>701.1453717350169</double> 
        </void> 
        <void method="add"> 
         <double>701.525506480572</double> 
        </void> 
        <void method="add"> 
         <double>701.5497758461147</double> 
        </void> 
        <void method="add"> 
         <double>701.6310902830539</double> 
        </void> 
        <void method="add"> 
         <double>701.8841290032241</double> 
        </void> 
        <void method="add"> 
         <double>702.3697721656101</double> 
        </void> 
        <void method="add"> 
         <double>702.3726187415833</double> 
        </void> 
        <void method="add"> 
         <double>702.4415765650668</double> 
        </void> 
        <void method="add"> 
         <double>702.4457013050006</double> 
        </void> 
        <void method="add"> 
         <double>703.3670772576429</double> 
        </void> 
        <void method="add"> 
         <double>703.3812010474444</double> 
        </void> 
        <void method="add"> 
         <double>704.2192774521063</double> 
        </void> 
        <void method="add"> 
         <double>698.3508831792253</double> 
        </void> 
        <void method="add"> 
         <double>697.0142116279411</double> 
        </void> 
        <void method="add"> 
         <double>698.1958838300211</double> 
        </void> 
        <void method="add"> 
         <double>697.9905008736922</double> 
        </void> 
        <void method="add"> 
         <double>696.3822455474846</double> 
        </void> 
       </object> 
      </void> 
      <void property="stdev"> 
       <double>2.614568151600893</double> 
      </void> 
     </object> 
    </void> 
    <void index="8"> 
     <object class="jmbench.tools.EvaluationMetrics"> 
      <void property="max"> 
       <double>88.71132329626431</double> 
      </void> 
      <void property="mean"> 
       <double>88.24594824072757</double> 
      </void> 
      <void property="median"> 
       <double>88.36109708830394</double> 
      </void> 
      <void property="min"> 
       <double>87.51521650675481</double> 
      </void> 
      <void property="rawResults"> 
       <object class="java.util.ArrayList"> 
        <void method="add"> 
         <double>87.55548788723247</double> 
        </void> 
        <void method="add"> 
         <double>87.72685011193292</double> 
        </void> 
        <void method="add"> 
         <double>87.768242776622</double> 
        </void> 
        <void method="add"> 
         <double>87.8408226046281</double> 
        </void> 
        <void method="add"> 
         <double>87.9013387469393</double> 
        </void> 
        <void method="add"> 
         <double>87.9386848692265</double> 
        </void> 
        <void method="add"> 
         <double>87.94451788501993</double> 
        </void> 
        <void method="add"> 
         <double>88.03629704247085</double> 
        </void> 
        <void method="add"> 
         <double>88.0881998957332</double> 
        </void> 
        <void method="add"> 
         <double>88.18574097399973</double> 
        </void> 
        <void method="add"> 
         <double>88.27825627805682</double> 
        </void> 
        <void method="add"> 
         <double>88.4902326941976</double> 
        </void> 
        <void method="add"> 
         <double>88.50896849470796</double> 
        </void> 
        <void method="add"> 
         <double>88.51274495047818</double> 
        </void> 
        <void method="add"> 
         <double>88.53515979528241</double> 
        </void> 
        <void method="add"> 
         <double>88.58320103526614</double> 
        </void> 
        <void method="add"> 
         <double>88.6540892223746</double> 
        </void> 
        <void method="add"> 
         <double>88.6548362697987</double> 
        </void> 
        <void method="add"> 
         <double>88.68671606747492</double> 
        </void> 
        <void method="add"> 
         <double>88.71132329626431</double> 
        </void> 
        <void method="add"> 
         <double>88.53928133872813</double> 
        </void> 
        <void method="add"> 
         <double>88.54908095479786</double> 
        </void> 
        <void method="add"> 
         <double>87.51521650675481</double> 
        </void> 
        <void method="add"> 
         <double>88.36109708830394</double> 
        </void> 
        <void method="add"> 
         <double>88.58231923189773</double> 
        </void> 
       </object> 
      </void> 
      <void property="stdev"> 
       <double>0.37397353438492875</double> 
      </void> 
     </object> 
    </void> 
    <void index="9"> 
     <object class="jmbench.tools.EvaluationMetrics"> 
      <void property="max"> 
       <double>5.9873645811225344</double> 
      </void> 
      <void property="mean"> 
       <double>5.8614239460101265</double> 
      </void> 
      <void property="median"> 
       <double>5.949807906402567</double> 
      </void> 
      <void property="min"> 
       <double>5.389968530392896</double> 
      </void> 
      <void property="rawResults"> 
       <object class="java.util.ArrayList"> 
        <void method="add"> 
         <double>5.389968530392896</double> 
        </void> 
        <void method="add"> 
         <double>5.483131505552088</double> 
        </void> 
        <void method="add"> 
         <double>5.505109736155119</double> 
        </void> 
        <void method="add"> 
         <double>5.576033697845184</double> 
        </void> 
        <void method="add"> 
         <double>5.6309048201851635</double> 
        </void> 
        <void method="add"> 
         <double>5.862978720331112</double> 
        </void> 
        <void method="add"> 
         <double>5.884061715002218</double> 
        </void> 
        <void method="add"> 
         <double>5.886231379032115</double> 
        </void> 
        <void method="add"> 
         <double>5.910706711372323</double> 
        </void> 
        <void method="add"> 
         <double>5.919592727600378</double> 
        </void> 
        <void method="add"> 
         <double>5.941320890799075</double> 
        </void> 
        <void method="add"> 
         <double>5.946317967419048</double> 
        </void> 
        <void method="add"> 
         <double>5.949807906402567</double> 
        </void> 
        <void method="add"> 
         <double>5.9531696528652</double> 
        </void> 
        <void method="add"> 
         <double>5.9671858918216465</double> 
        </void> 
        <void method="add"> 
         <double>5.967269340691866</double> 
        </void> 
        <void method="add"> 
         <double>5.96911507435267</double> 
        </void> 
        <void method="add"> 
         <double>5.976580680945199</double> 
        </void> 
        <void method="add"> 
         <double>5.983317292785425</double> 
        </void> 
        <void method="add"> 
         <double>5.9873645811225344</double> 
        </void> 
        <void method="add"> 
         <double>5.978818844458555</double> 
        </void> 
        <void method="add"> 
         <double>5.958600908086409</double> 
        </void> 
        <void method="add"> 
         <double>5.9660675671212005</double> 
        </void> 
        <void method="add"> 
         <double>5.957225538000902</double> 
        </void> 
        <void method="add"> 
         <double>5.984716969912237</double> 
        </void> 
       </object> 
      </void> 
      <void property="stdev"> 
       <double>0.17890832430848394</double> 
      </void> 
     </object> 
    </void> 
    <void index="10"> 
     <object class="jmbench.tools.EvaluationMetrics"> 
      <void property="max"> 
       <double>0.7358155452175646</double> 
      </void> 
      <void property="mean"> 
       <double>0.7131355426982007</double> 
      </void> 
      <void property="median"> 
       <double>0.7279490406378883</double> 
      </void> 
      <void property="min"> 
       <double>0.6445193899683399</double> 
      </void> 
      <void property="rawResults"> 
       <object class="java.util.ArrayList"> 
        <void method="add"> 
         <double>0.6445193899683399</double> 
        </void> 
        <void method="add"> 
         <double>0.6460318966607481</double> 
        </void> 
        <void method="add"> 
         <double>0.6482054479492523</double> 
        </void> 
        <void method="add"> 
         <double>0.648337851533366</double> 
        </void> 
        <void method="add"> 
         <double>0.7238325595808168</double> 
        </void> 
        <void method="add"> 
         <double>0.7259008438364295</double> 
        </void> 
        <void method="add"> 
         <double>0.7265725788615526</double> 
        </void> 
        <void method="add"> 
         <double>0.7266069062745397</double> 
        </void> 
        <void method="add"> 
         <double>0.7277170460735356</double> 
        </void> 
        <void method="add"> 
         <double>0.7278134256891792</double> 
        </void> 
        <void method="add"> 
         <double>0.7279490406378883</double> 
        </void> 
        <void method="add"> 
         <double>0.7292449577976317</double> 
        </void> 
        <void method="add"> 
         <double>0.7303260375443555</double> 
        </void> 
        <void method="add"> 
         <double>0.7308416789549493</double> 
        </void> 
        <void method="add"> 
         <double>0.7311940883757394</double> 
        </void> 
        <void method="add"> 
         <double>0.7314143130345504</double> 
        </void> 
        <void method="add"> 
         <double>0.731648802121839</double> 
        </void> 
        <void method="add"> 
         <double>0.7320262787771334</double> 
        </void> 
        <void method="add"> 
         <double>0.7357471212972355</double> 
        </void> 
        <void method="add"> 
         <double>0.7358155452175646</double> 
        </void> 
        <void method="add"> 
         <double>0.645561967103787</double> 
        </void> 
        <void method="add"> 
         <double>0.7272018079080499</double> 
        </void> 
        <void method="add"> 
         <double>0.7329344692550445</double> 
        </void> 
        <void method="add"> 
         <double>0.7297491052982245</double> 
        </void> 
        <void method="add"> 
         <double>0.7311954077032586</double> 
        </void> 
       </object> 
      </void> 
      <void property="stdev"> 
       <double>0.0334214805350953</double> 
      </void> 
     </object> 
    </void> 
    <void index="11"> 
     <object class="jmbench.tools.EvaluationMetrics"> 
      <void property="max"> 
       <double>0.09109167507918174</double> 
      </void> 
      <void property="mean"> 
       <double>0.08368871304636398</double> 
      </void> 
      <void property="median"> 
       <double>0.09095774204713276</double> 
      </void> 
      <void property="min"> 
       <double>0.07246593889615552</double> 
      </void> 
      <void property="rawResults"> 
       <object class="java.util.ArrayList"> 
        <void method="add"> 
         <double>0.07246593889615552</double> 
        </void> 
        <void method="add"> 
         <double>0.0728396390958286</double> 
        </void> 
        <void method="add"> 
         <double>0.09095774204713276</double> 
        </void> 
        <void method="add"> 
         <double>0.09108857011352132</double> 
        </void> 
        <void method="add"> 
         <double>0.09109167507918174</double> 
        </void> 
       </object> 
      </void> 
      <void property="stdev"> 
       <double>0.009011698833166696</double> 
      </void> 
     </object> 
    </void> 
   </array> 
  </void> 
  <void property="opName"> 
   <string>Mult c=a*b</string> 
  </void> 
 </object> 
</java> 
