<?xml version="1.0" encoding="UTF-8"?> 
<java version="1.6.0_16" class="java.beans.XMLDecoder"> 
 <object class="jmbench.tools.runtime.OperationResults"> 
  <void property="library"> 
   <object class="jmbench.impl.MatrixLibrary" method="valueOf"> 
    <string>CM</string> 
   </object> 
  </void> 
  <void property="matDimen"> 
   <array class="int" length="12"> 
    <void index="0"> 
     <int>2</int> 
    </void> 
    <void index="1"> 
     <int>3</int> 
    </void> 
    <void index="2"> 
     <int>4</int> 
    </void> 
    <void index="3"> 
     <int>5</int> 
    </void> 
    <void index="4"> 
     <int>10</int> 
    </void> 
    <void index="5"> 
     <int>20</int> 
    </void> 
    <void index="6"> 
     <int>50</int> 
    </void> 
    <void index="7"> 
     <int>100</int> 
    </void> 
    <void index="8"> 
     <int>200</int> 
    </void> 
    <void index="9"> 
     <int>500</int> 
    </void> 
    <void index="10"> 
     <int>1000</int> 
    </void> 
    <void index="11"> 
     <int>2000</int> 
    </void> 
   </array> 
  </void> 
  <void property="metrics"> 
   <array class="jmbench.tools.EvaluationMetrics" length="12"> 
    <void index="0"> 
     <object class="jmbench.tools.EvaluationMetrics"> 
      <void property="max"> 
       <double>2298847.4655873156</double> 
      </void> 
      <void property="mean"> 
       <double>2246915.1788691357</double> 
      </void> 
      <void property="median"> 
       <double>2256486.2162594222</double> 
      </void> 
      <void property="min"> 
       <double>2173620.4847708214</double> 
      </void> 
      <void property="rawResults"> 
       <object class="java.util.ArrayList"> 
        <void method="add"> 
         <double>2173620.4847708214</double> 
        </void> 
        <void method="add"> 
         <double>2177060.5867089536</double> 
        </void> 
        <void method="add"> 
         <double>2179109.565462412</double> 
        </void> 
        <void method="add"> 
         <double>2179142.794721813</double> 
        </void> 
        <void method="add"> 
         <double>2180000.7584237405</double> 
        </void> 
        <void method="add"> 
         <double>2189449.6156638335</double> 
        </void> 
        <void method="add"> 
         <double>2204115.661548338</double> 
        </void> 
        <void method="add"> 
         <double>2245645.9326906</double> 
        </void> 
        <void method="add"> 
         <double>2249422.444098192</double> 
        </void> 
        <void method="add"> 
         <double>2253584.6380103463</double> 
        </void> 
        <void method="add"> 
         <double>2253844.4568784884</double> 
        </void> 
        <void method="add"> 
         <double>2257164.326678758</double> 
        </void> 
        <void method="add"> 
         <double>2260947.9022810687</double> 
        </void> 
        <void method="add"> 
         <double>2265528.5479116845</double> 
        </void> 
        <void method="add"> 
         <double>2277348.4423879115</double> 
        </void> 
        <void method="add"> 
         <double>2288040.0298662</double> 
        </void> 
        <void method="add"> 
         <double>2288957.0253219977</double> 
        </void> 
        <void method="add"> 
         <double>2291208.741763835</double> 
        </void> 
        <void method="add"> 
         <double>2291964.219624651</double> 
        </void> 
        <void method="add"> 
         <double>2292896.1160193617</double> 
        </void> 
        <void method="add"> 
         <double>2296349.602761571</double> 
        </void> 
        <void method="add"> 
         <double>2298847.4655873156</double> 
        </void> 
        <void method="add"> 
         <double>2296665.8241814757</double> 
        </void> 
        <void method="add"> 
         <double>2225478.0721056033</double> 
        </void> 
        <void method="add"> 
         <double>2256486.2162594222</double> 
        </void> 
       </object> 
      </void> 
      <void property="stdev"> 
       <double>44027.47251477194</double> 
      </void> 
     </object> 
    </void> 
    <void index="1"> 
     <object class="jmbench.tools.EvaluationMetrics"> 
      <void property="max"> 
       <double>1613374.3278900243</double> 
      </void> 
      <void property="mean"> 
       <double>1592664.9259943278</double> 
      </void> 
      <void property="median"> 
       <double>1598593.4483684853</double> 
      </void> 
      <void property="min"> 
       <double>1534261.602460617</double> 
      </void> 
      <void property="rawResults"> 
       <object class="java.util.ArrayList"> 
        <void method="add"> 
         <double>1534261.602460617</double> 
        </void> 
        <void method="add"> 
         <double>1542175.8097167448</double> 
        </void> 
        <void method="add"> 
         <double>1546381.6386614179</double> 
        </void> 
        <void method="add"> 
         <double>1579227.616414797</double> 
        </void> 
        <void method="add"> 
         <double>1585170.1125138213</double> 
        </void> 
        <void method="add"> 
         <double>1589229.3357173286</double> 
        </void> 
        <void method="add"> 
         <double>1594055.597607506</double> 
        </void> 
        <void method="add"> 
         <double>1598593.4483684853</double> 
        </void> 
        <void method="add"> 
         <double>1600297.5456282145</double> 
        </void> 
        <void method="add"> 
         <double>1603494.339189661</double> 
        </void> 
        <void method="add"> 
         <double>1603575.577075669</double> 
        </void> 
        <void method="add"> 
         <double>1605059.4347507479</double> 
        </void> 
        <void method="add"> 
         <double>1605229.216550711</double> 
        </void> 
        <void method="add"> 
         <double>1605594.2145085598</double> 
        </void> 
        <void method="add"> 
         <double>1606010.8426092989</double> 
        </void> 
        <void method="add"> 
         <double>1607043.9972370681</double> 
        </void> 
        <void method="add"> 
         <double>1608073.5018675672</double> 
        </void> 
        <void method="add"> 
         <double>1608081.7579087126</double> 
        </void> 
        <void method="add"> 
         <double>1608735.5746600174</double> 
        </void> 
        <void method="add"> 
         <double>1613374.3278900243</double> 
        </void> 
        <void method="add"> 
         <double>1597413.5514035225</double> 
        </void> 
        <void method="add"> 
         <double>1590470.875341535</double> 
        </void> 
        <void method="add"> 
         <double>1591700.945521427</double> 
        </void> 
        <void method="add"> 
         <double>1595361.4009207825</double> 
        </void> 
        <void method="add"> 
         <double>1598010.8853339534</double> 
        </void> 
       </object> 
      </void> 
      <void property="stdev"> 
       <double>20757.985459223994</double> 
      </void> 
     </object> 
    </void> 
    <void index="2"> 
     <object class="jmbench.tools.EvaluationMetrics"> 
      <void property="max"> 
       <double>1099644.4781459586</double> 
      </void> 
      <void property="mean"> 
       <double>1085628.8549780927</double> 
      </void> 
      <void property="median"> 
       <double>1090160.1321163583</double> 
      </void> 
      <void property="min"> 
       <double>1049546.042502935</double> 
      </void> 
      <void property="rawResults"> 
       <object class="java.util.ArrayList"> 
        <void method="add"> 
         <double>1049546.042502935</double> 
        </void> 
        <void method="add"> 
         <double>1059316.7396411584</double> 
        </void> 
        <void method="add"> 
         <double>1063919.2637802104</double> 
        </void> 
        <void method="add"> 
         <double>1067927.5140826367</double> 
        </void> 
        <void method="add"> 
         <double>1073664.9814224972</double> 
        </void> 
        <void method="add"> 
         <double>1077856.356280961</double> 
        </void> 
        <void method="add"> 
         <double>1085538.4415745644</double> 
        </void> 
        <void method="add"> 
         <double>1085995.0632354515</double> 
        </void> 
        <void method="add"> 
         <double>1088471.3409138958</double> 
        </void> 
        <void method="add"> 
         <double>1088793.4869116207</double> 
        </void> 
        <void method="add"> 
         <double>1088839.9456138797</double> 
        </void> 
        <void method="add"> 
         <double>1089755.9396941075</double> 
        </void> 
        <void method="add"> 
         <double>1090160.1321163583</double> 
        </void> 
        <void method="add"> 
         <double>1091098.4486566114</double> 
        </void> 
        <void method="add"> 
         <double>1091274.016675102</double> 
        </void> 
        <void method="add"> 
         <double>1092969.233228464</double> 
        </void> 
        <void method="add"> 
         <double>1093002.5802485642</double> 
        </void> 
        <void method="add"> 
         <double>1097008.0017673636</double> 
        </void> 
        <void method="add"> 
         <double>1097280.6411439618</double> 
        </void> 
        <void method="add"> 
         <double>1099354.7811002487</double> 
        </void> 
        <void method="add"> 
         <double>1099644.4781459586</double> 
        </void> 
        <void method="add"> 
         <double>1091999.646664347</double> 
        </void> 
        <void method="add"> 
         <double>1094631.5506031488</double> 
        </void> 
        <void method="add"> 
         <double>1090460.8596122651</double> 
        </void> 
        <void method="add"> 
         <double>1092211.8888360006</double> 
        </void> 
       </object> 
      </void> 
      <void property="stdev"> 
       <double>12738.987634537241</double> 
      </void> 
     </object> 
    </void> 
    <void index="3"> 
     <object class="jmbench.tools.EvaluationMetrics"> 
      <void property="max"> 
       <double>790158.132636287</double> 
      </void> 
      <void property="mean"> 
       <double>779343.473125647</double> 
      </void> 
      <void property="median"> 
       <double>783525.612854591</double> 
      </void> 
      <void property="min"> 
       <double>750076.9967352194</double> 
      </void> 
      <void property="rawResults"> 
       <object class="java.util.ArrayList"> 
        <void method="add"> 
         <double>750076.9967352194</double> 
        </void> 
        <void method="add"> 
         <double>752703.3193191226</double> 
        </void> 
        <void method="add"> 
         <double>762178.0720013628</double> 
        </void> 
        <void method="add"> 
         <double>763795.1754411589</double> 
        </void> 
        <void method="add"> 
         <double>768997.7702645774</double> 
        </void> 
        <void method="add"> 
         <double>774525.8052318227</double> 
        </void> 
        <void method="add"> 
         <double>780762.4566716285</double> 
        </void> 
        <void method="add"> 
         <double>780937.8042721173</double> 
        </void> 
        <void method="add"> 
         <double>781551.7199957276</double> 
        </void> 
        <void method="add"> 
         <double>781880.5376908947</double> 
        </void> 
        <void method="add"> 
         <double>783525.612854591</double> 
        </void> 
        <void method="add"> 
         <double>784115.4036777705</double> 
        </void> 
        <void method="add"> 
         <double>784829.6101267892</double> 
        </void> 
        <void method="add"> 
         <double>784957.4327345744</double> 
        </void> 
        <void method="add"> 
         <double>785118.5486812983</double> 
        </void> 
        <void method="add"> 
         <double>785155.993603376</double> 
        </void> 
        <void method="add"> 
         <double>787649.8814718626</double> 
        </void> 
        <void method="add"> 
         <double>789116.8894189089</double> 
        </void> 
        <void method="add"> 
         <double>789170.6946678564</double> 
        </void> 
        <void method="add"> 
         <double>790158.132636287</double> 
        </void> 
        <void method="add"> 
         <double>786975.5783977412</double> 
        </void> 
        <void method="add"> 
         <double>783398.4219182865</double> 
        </void> 
        <void method="add"> 
         <double>785942.0687281772</double> 
        </void> 
        <void method="add"> 
         <double>782019.1421904988</double> 
        </void> 
        <void method="add"> 
         <double>784043.759409529</double> 
        </void> 
       </object> 
      </void> 
      <void property="stdev"> 
       <double>10850.4044492042</double> 
      </void> 
     </object> 
    </void> 
    <void index="4"> 
     <object class="jmbench.tools.EvaluationMetrics"> 
      <void property="max"> 
       <double>251700.43357278118</double> 
      </void> 
      <void property="mean"> 
       <double>249411.7101808159</double> 
      </void> 
      <void property="median"> 
       <double>250339.70643404342</double> 
      </void> 
      <void property="min"> 
       <double>244394.11704988914</double> 
      </void> 
      <void property="rawResults"> 
       <object class="java.util.ArrayList"> 
        <void method="add"> 
         <double>244394.11704988914</double> 
        </void> 
        <void method="add"> 
         <double>244502.28745197528</double> 
        </void> 
        <void method="add"> 
         <double>245105.2227347811</double> 
        </void> 
        <void method="add"> 
         <double>245887.21139056195</double> 
        </void> 
        <void method="add"> 
         <double>245888.59029128746</double> 
        </void> 
        <void method="add"> 
         <double>249151.32522181878</double> 
        </void> 
        <void method="add"> 
         <double>249605.44147121045</double> 
        </void> 
        <void method="add"> 
         <double>249618.12003146898</double> 
        </void> 
        <void method="add"> 
         <double>250029.194897313</double> 
        </void> 
        <void method="add"> 
         <double>250112.8313344298</double> 
        </void> 
        <void method="add"> 
         <double>250339.70643404342</double> 
        </void> 
        <void method="add"> 
         <double>250382.63848221645</double> 
        </void> 
        <void method="add"> 
         <double>250620.91844440266</double> 
        </void> 
        <void method="add"> 
         <double>250671.94461655495</double> 
        </void> 
        <void method="add"> 
         <double>250675.18965861746</double> 
        </void> 
        <void method="add"> 
         <double>251050.54458922977</double> 
        </void> 
        <void method="add"> 
         <double>251329.29383141128</double> 
        </void> 
        <void method="add"> 
         <double>251335.60201403612</double> 
        </void> 
        <void method="add"> 
         <double>251484.05607230595</double> 
        </void> 
        <void method="add"> 
         <double>251700.43357278118</double> 
        </void> 
        <void method="add"> 
         <double>249843.7748178204</double> 
        </void> 
        <void method="add"> 
         <double>250513.09383574294</double> 
        </void> 
        <void method="add"> 
         <double>250378.6152832703</double> 
        </void> 
        <void method="add"> 
         <double>250369.42227648795</double> 
        </void> 
        <void method="add"> 
         <double>250303.17871673853</double> 
        </void> 
       </object> 
      </void> 
      <void property="stdev"> 
       <double>2225.0761716899847</double> 
      </void> 
     </object> 
    </void> 
    <void index="5"> 
     <object class="jmbench.tools.EvaluationMetrics"> 
      <void property="max"> 
       <double>74198.80923047377</double> 
      </void> 
      <void property="mean"> 
       <double>71233.22487941914</double> 
      </void> 
      <void property="median"> 
       <double>70833.66470544135</double> 
      </void> 
      <void property="min"> 
       <double>69269.97275267841</double> 
      </void> 
      <void property="rawResults"> 
       <object class="java.util.ArrayList"> 
        <void method="add"> 
         <double>69269.97275267841</double> 
        </void> 
        <void method="add"> 
         <double>69654.5383503621</double> 
        </void> 
        <void method="add"> 
         <double>69748.53694701237</double> 
        </void> 
        <void method="add"> 
         <double>69753.63414847133</double> 
        </void> 
        <void method="add"> 
         <double>69880.7457806453</double> 
        </void> 
        <void method="add"> 
         <double>70109.5898715401</double> 
        </void> 
        <void method="add"> 
         <double>70221.03988499496</double> 
        </void> 
        <void method="add"> 
         <double>70630.20151497972</double> 
        </void> 
        <void method="add"> 
         <double>70689.83581602723</double> 
        </void> 
        <void method="add"> 
         <double>70771.35984454496</double> 
        </void> 
        <void method="add"> 
         <double>70799.46764477895</double> 
        </void> 
        <void method="add"> 
         <double>70833.66470544135</double> 
        </void> 
        <void method="add"> 
         <double>70840.02046215735</double> 
        </void> 
        <void method="add"> 
         <double>70897.43753859721</double> 
        </void> 
        <void method="add"> 
         <double>71167.98748533396</double> 
        </void> 
        <void method="add"> 
         <double>74110.4853698629</double> 
        </void> 
        <void method="add"> 
         <double>74115.65492200032</double> 
        </void> 
        <void method="add"> 
         <double>74145.94851463826</double> 
        </void> 
        <void method="add"> 
         <double>74181.14727484931</double> 
        </void> 
        <void method="add"> 
         <double>74198.80923047377</double> 
        </void> 
        <void method="add"> 
         <double>70803.1827178422</double> 
        </void> 
        <void method="add"> 
         <double>71218.19723171498</double> 
        </void> 
        <void method="add"> 
         <double>71027.13427781245</double> 
        </void> 
        <void method="add"> 
         <double>70900.12768018892</double> 
        </void> 
        <void method="add"> 
         <double>70861.9020185307</double> 
        </void> 
       </object> 
      </void> 
      <void property="stdev"> 
       <double>1541.1736846210413</double> 
      </void> 
     </object> 
    </void> 
    <void index="6"> 
     <object class="jmbench.tools.EvaluationMetrics"> 
      <void property="max"> 
       <double>7620.721756003865</double> 
      </void> 
      <void property="mean"> 
       <double>7518.59521244868</double> 
      </void> 
      <void property="median"> 
       <double>7520.701881622578</double> 
      </void> 
      <void property="min"> 
       <double>7419.1123707116685</double> 
      </void> 
      <void property="rawResults"> 
       <object class="java.util.ArrayList"> 
        <void method="add"> 
         <double>7419.1123707116685</double> 
        </void> 
        <void method="add"> 
         <double>7443.943664169377</double> 
        </void> 
        <void method="add"> 
         <double>7446.234848393361</double> 
        </void> 
        <void method="add"> 
         <double>7476.503513235392</double> 
        </void> 
        <void method="add"> 
         <double>7478.861812633722</double> 
        </void> 
        <void method="add"> 
         <double>7485.114832124155</double> 
        </void> 
        <void method="add"> 
         <double>7499.9837713195975</double> 
        </void> 
        <void method="add"> 
         <double>7512.374968417706</double> 
        </void> 
        <void method="add"> 
         <double>7519.81557750858</double> 
        </void> 
        <void method="add"> 
         <double>7525.103357030448</double> 
        </void> 
        <void method="add"> 
         <double>7528.138108755062</double> 
        </void> 
        <void method="add"> 
         <double>7530.193120321114</double> 
        </void> 
        <void method="add"> 
         <double>7534.367737794289</double> 
        </void> 
        <void method="add"> 
         <double>7548.6979035571685</double> 
        </void> 
        <void method="add"> 
         <double>7557.748679773114</double> 
        </void> 
        <void method="add"> 
         <double>7573.115191018739</double> 
        </void> 
        <void method="add"> 
         <double>7579.67470647678</double> 
        </void> 
        <void method="add"> 
         <double>7594.649263157332</double> 
        </void> 
        <void method="add"> 
         <double>7616.915995661494</double> 
        </void> 
        <void method="add"> 
         <double>7620.721756003865</double> 
        </void> 
        <void method="add"> 
         <double>7432.705347669589</double> 
        </void> 
        <void method="add"> 
         <double>7489.689122428212</double> 
        </void> 
        <void method="add"> 
         <double>7520.701881622578</double> 
        </void> 
        <void method="add"> 
         <double>7530.735272675418</double> 
        </void> 
        <void method="add"> 
         <double>7499.777508758257</double> 
        </void> 
       </object> 
      </void> 
      <void property="stdev"> 
       <double>52.84780250247768</double> 
      </void> 
     </object> 
    </void> 
    <void index="7"> 
     <object class="jmbench.tools.EvaluationMetrics"> 
      <void property="max"> 
       <double>1123.9061128965154</double> 
      </void> 
      <void property="mean"> 
       <double>1117.521113253312</double> 
      </void> 
      <void property="median"> 
       <double>1118.4654528936342</double> 
      </void> 
      <void property="min"> 
       <double>1106.1041004022939</double> 
      </void> 
      <void property="rawResults"> 
       <object class="java.util.ArrayList"> 
        <void method="add"> 
         <double>1106.1041004022939</double> 
        </void> 
        <void method="add"> 
         <double>1109.4145477386603</double> 
        </void> 
        <void method="add"> 
         <double>1109.894680983827</double> 
        </void> 
        <void method="add"> 
         <double>1111.4250870293906</double> 
        </void> 
        <void method="add"> 
         <double>1113.9383265267365</double> 
        </void> 
        <void method="add"> 
         <double>1114.2586229575038</double> 
        </void> 
        <void method="add"> 
         <double>1114.7093029385128</double> 
        </void> 
        <void method="add"> 
         <double>1116.6338303324856</double> 
        </void> 
        <void method="add"> 
         <double>1116.7663980008183</double> 
        </void> 
        <void method="add"> 
         <double>1117.6022418238965</double> 
        </void> 
        <void method="add"> 
         <double>1118.4654528936342</double> 
        </void> 
        <void method="add"> 
         <double>1118.7304452624203</double> 
        </void> 
        <void method="add"> 
         <double>1119.1925696061835</double> 
        </void> 
        <void method="add"> 
         <double>1119.2832149548126</double> 
        </void> 
        <void method="add"> 
         <double>1120.934809158729</double> 
        </void> 
        <void method="add"> 
         <double>1120.9658773837807</double> 
        </void> 
        <void method="add"> 
         <double>1121.762009856233</double> 
        </void> 
        <void method="add"> 
         <double>1121.901239951827</double> 
        </void> 
        <void method="add"> 
         <double>1122.3368746504984</double> 
        </void> 
        <void method="add"> 
         <double>1123.9002029046183</double> 
        </void> 
        <void method="add"> 
         <double>1115.8176447966891</double> 
        </void> 
        <void method="add"> 
         <double>1117.2022377136366</double> 
        </void> 
        <void method="add"> 
         <double>1121.7035978602412</double> 
        </void> 
        <void method="add"> 
         <double>1121.1784027088518</double> 
        </void> 
        <void method="add"> 
         <double>1123.9061128965154</double> 
        </void> 
       </object> 
      </void> 
      <void property="stdev"> 
       <double>4.611320753370464</double> 
      </void> 
     </object> 
    </void> 
    <void index="8"> 
     <object class="jmbench.tools.EvaluationMetrics"> 
      <void property="max"> 
       <double>157.7745774829921</double> 
      </void> 
      <void property="mean"> 
       <double>156.75938085071567</double> 
      </void> 
      <void property="median"> 
       <double>156.70358571805468</double> 
      </void> 
      <void property="min"> 
       <double>155.7628656628973</double> 
      </void> 
      <void property="rawResults"> 
       <object class="java.util.ArrayList"> 
        <void method="add"> 
         <double>155.7628656628973</double> 
        </void> 
        <void method="add"> 
         <double>156.1901082424474</double> 
        </void> 
        <void method="add"> 
         <double>156.25625025001</double> 
        </void> 
        <void method="add"> 
         <double>156.29694672684857</double> 
        </void> 
        <void method="add"> 
         <double>156.4573094795357</double> 
        </void> 
        <void method="add"> 
         <double>156.50504442896835</double> 
        </void> 
        <void method="add"> 
         <double>156.63054987829275</double> 
        </void> 
        <void method="add"> 
         <double>156.6510605979903</double> 
        </void> 
        <void method="add"> 
         <double>156.70358571805468</double> 
        </void> 
        <void method="add"> 
         <double>156.78579669595084</double> 
        </void> 
        <void method="add"> 
         <double>156.88251347282826</double> 
        </void> 
        <void method="add"> 
         <double>156.91259487266967</double> 
        </void> 
        <void method="add"> 
         <double>157.0827479174926</double> 
        </void> 
        <void method="add"> 
         <double>157.1333367941868</double> 
        </void> 
        <void method="add"> 
         <double>157.17777931064174</double> 
        </void> 
        <void method="add"> 
         <double>157.3618606782464</double> 
        </void> 
        <void method="add"> 
         <double>157.39340270671724</double> 
        </void> 
        <void method="add"> 
         <double>157.5663498701867</double> 
        </void> 
        <void method="add"> 
         <double>157.59191840335853</double> 
        </void> 
        <void method="add"> 
         <double>157.7745774829921</double> 
        </void> 
        <void method="add"> 
         <double>156.13999564547666</double> 
        </void> 
        <void method="add"> 
         <double>155.96952516170185</double> 
        </void> 
        <void method="add"> 
         <double>156.60605787468222</double> 
        </void> 
        <void method="add"> 
         <double>156.77777915497606</double> 
        </void> 
        <void method="add"> 
         <double>156.3745642407379</double> 
        </void> 
       </object> 
      </void> 
      <void property="stdev"> 
       <double>0.5196008449097649</double> 
      </void> 
     </object> 
    </void> 
    <void index="9"> 
     <object class="jmbench.tools.EvaluationMetrics"> 
      <void property="max"> 
       <double>10.379306020157756</double> 
      </void> 
      <void property="mean"> 
       <double>10.29692086395304</double> 
      </void> 
      <void property="median"> 
       <double>10.32733088895894</double> 
      </void> 
      <void property="min"> 
       <double>10.06693895777283</double> 
      </void> 
      <void property="rawResults"> 
       <object class="java.util.ArrayList"> 
        <void method="add"> 
         <double>10.106041085180276</double> 
        </void> 
        <void method="add"> 
         <double>10.191057246801831</double> 
        </void> 
        <void method="add"> 
         <double>10.210146143546021</double> 
        </void> 
        <void method="add"> 
         <double>10.277188967784813</double> 
        </void> 
        <void method="add"> 
         <double>10.287365287428598</double> 
        </void> 
        <void method="add"> 
         <double>10.291532562007822</double> 
        </void> 
        <void method="add"> 
         <double>10.29648969940798</double> 
        </void> 
        <void method="add"> 
         <double>10.316934336760731</double> 
        </void> 
        <void method="add"> 
         <double>10.324157459638828</double> 
        </void> 
        <void method="add"> 
         <double>10.32733088895894</double> 
        </void> 
        <void method="add"> 
         <double>10.328986720128729</double> 
        </void> 
        <void method="add"> 
         <double>10.329607170507542</double> 
        </void> 
        <void method="add"> 
         <double>10.33194882980425</double> 
        </void> 
        <void method="add"> 
         <double>10.332451978623707</double> 
        </void> 
        <void method="add"> 
         <double>10.343126360518367</double> 
        </void> 
        <void method="add"> 
         <double>10.344080807108465</double> 
        </void> 
        <void method="add"> 
         <double>10.348949196853482</double> 
        </void> 
        <void method="add"> 
         <double>10.353357672678962</double> 
        </void> 
        <void method="add"> 
         <double>10.35648171275826</double> 
        </void> 
        <void method="add"> 
         <double>10.379306020157756</double> 
        </void> 
        <void method="add"> 
         <double>10.330533643143196</double> 
        </void> 
        <void method="add"> 
         <double>10.307207623249061</double> 
        </void> 
        <void method="add"> 
         <double>10.06693895777283</double> 
        </void> 
        <void method="add"> 
         <double>10.289452918696988</double> 
        </void> 
        <void method="add"> 
         <double>10.352348309308557</double> 
        </void> 
       </object> 
      </void> 
      <void property="stdev"> 
       <double>0.07488024041799077</double> 
      </void> 
     </object> 
    </void> 
    <void index="10"> 
     <object class="jmbench.tools.EvaluationMetrics"> 
      <void property="max"> 
       <double>0.8339326693920751</double> 
      </void> 
      <void property="mean"> 
       <double>0.8181035142555757</double> 
      </void> 
      <void property="median"> 
       <double>0.8183374634379574</double> 
      </void> 
      <void property="min"> 
       <double>0.801668922700635</double> 
      </void> 
      <void property="rawResults"> 
       <object class="java.util.ArrayList"> 
        <void method="add"> 
         <double>0.801668922700635</double> 
        </void> 
        <void method="add"> 
         <double>0.8032010958533053</double> 
        </void> 
        <void method="add"> 
         <double>0.8037024256084797</double> 
        </void> 
        <void method="add"> 
         <double>0.8065332993329364</double> 
        </void> 
        <void method="add"> 
         <double>0.8106332212283252</double> 
        </void> 
        <void method="add"> 
         <double>0.8119980322559365</double> 
        </void> 
        <void method="add"> 
         <double>0.8135930494648153</double> 
        </void> 
        <void method="add"> 
         <double>0.8136761491589142</double> 
        </void> 
        <void method="add"> 
         <double>0.814038784144693</double> 
        </void> 
        <void method="add"> 
         <double>0.8168650369405022</double> 
        </void> 
        <void method="add"> 
         <double>0.8183374634379574</double> 
        </void> 
        <void method="add"> 
         <double>0.8198166005280489</double> 
        </void> 
        <void method="add"> 
         <double>0.8222990988492427</double> 
        </void> 
        <void method="add"> 
         <double>0.822839093359715</double> 
        </void> 
        <void method="add"> 
         <double>0.8235656215551306</double> 
        </void> 
        <void method="add"> 
         <double>0.8247011891932192</double> 
        </void> 
        <void method="add"> 
         <double>0.8250753523786476</double> 
        </void> 
        <void method="add"> 
         <double>0.8283522066904073</double> 
        </void> 
        <void method="add"> 
         <double>0.8306271351296466</double> 
        </void> 
        <void method="add"> 
         <double>0.8327176011211244</double> 
        </void> 
        <void method="add"> 
         <double>0.8339326693920751</double> 
        </void> 
        <void method="add"> 
         <double>0.8266049763951707</double> 
        </void> 
        <void method="add"> 
         <double>0.815880511492463</double> 
        </void> 
        <void method="add"> 
         <double>0.8086534355634337</double> 
        </void> 
        <void method="add"> 
         <double>0.8232748846145671</double> 
        </void> 
       </object> 
      </void> 
      <void property="stdev"> 
       <double>0.009096781006572336</double> 
      </void> 
     </object> 
    </void> 
    <void index="11"> 
     <object class="jmbench.tools.EvaluationMetrics"> 
      <void property="max"> 
       <double>0.09490930154133834</double> 
      </void> 
      <void property="mean"> 
       <double>0.09210783506415256</double> 
      </void> 
      <void property="median"> 
       <double>0.09340775763934495</double> 
      </void> 
      <void property="min"> 
       <double>0.0882924428451197</double> 
      </void> 
      <void property="rawResults"> 
       <object class="java.util.ArrayList"> 
        <void method="add"> 
         <double>0.0882924428451197</double> 
        </void> 
        <void method="add"> 
         <double>0.08855375032539707</double> 
        </void> 
        <void method="add"> 
         <double>0.08883928258127323</double> 
        </void> 
        <void method="add"> 
         <double>0.08896085306324139</double> 
        </void> 
        <void method="add"> 
         <double>0.08914282438719898</double> 
        </void> 
        <void method="add"> 
         <double>0.08924814531082004</double> 
        </void> 
        <void method="add"> 
         <double>0.0906438674966589</double> 
        </void> 
        <void method="add"> 
         <double>0.09102597983577457</double> 
        </void> 
        <void method="add"> 
         <double>0.09322450922267324</double> 
        </void> 
        <void method="add"> 
         <double>0.09340775763934495</double> 
        </void> 
        <void method="add"> 
         <double>0.09375784879474515</double> 
        </void> 
        <void method="add"> 
         <double>0.09378763076279457</double> 
        </void> 
        <void method="add"> 
         <double>0.0940091402934298</double> 
        </void> 
        <void method="add"> 
         <double>0.09419433495330534</double> 
        </void> 
        <void method="add"> 
         <double>0.09438256137342924</double> 
        </void> 
        <void method="add"> 
         <double>0.0945299584989169</double> 
        </void> 
        <void method="add"> 
         <double>0.09454812753997884</double> 
        </void> 
        <void method="add"> 
         <double>0.0945586425182915</double> 
        </void> 
        <void method="add"> 
         <double>0.09464537781140216</double> 
        </void> 
        <void method="add"> 
         <double>0.09490930154133834</double> 
        </void> 
        <void method="add"> 
         <double>0.0888368176028228</double> 
        </void> 
        <void method="add"> 
         <double>0.08917835788302157</double> 
        </void> 
        <void method="add"> 
         <double>0.09094702823826958</double> 
        </void> 
        <void method="add"> 
         <double>0.09438851884168449</double> 
        </void> 
        <void method="add"> 
         <double>0.09468281724288141</double> 
        </void> 
       </object> 
      </void> 
      <void property="stdev"> 
       <double>0.0024840181540546403</double> 
      </void> 
     </object> 
    </void> 
   </array> 
  </void> 
  <void property="opName"> 
   <string>QR</string> 
  </void> 
 </object> 
</java> 
