<?xml version="1.0" encoding="UTF-8"?> 
<java version="1.6.0_16" class="java.beans.XMLDecoder"> 
 <object class="jmbench.tools.runtime.OperationResults"> 
  <void property="library"> 
   <object class="jmbench.impl.MatrixLibrary" method="valueOf"> 
    <string>CM</string> 
   </object> 
  </void> 
  <void property="matDimen"> 
   <array class="int" length="12"> 
    <void index="0"> 
     <int>2</int> 
    </void> 
    <void index="1"> 
     <int>3</int> 
    </void> 
    <void index="2"> 
     <int>4</int> 
    </void> 
    <void index="3"> 
     <int>5</int> 
    </void> 
    <void index="4"> 
     <int>10</int> 
    </void> 
    <void index="5"> 
     <int>20</int> 
    </void> 
    <void index="6"> 
     <int>50</int> 
    </void> 
    <void index="7"> 
     <int>100</int> 
    </void> 
    <void index="8"> 
     <int>200</int> 
    </void> 
    <void index="9"> 
     <int>500</int> 
    </void> 
    <void index="10"> 
     <int>1000</int> 
    </void> 
    <void index="11"> 
     <int>2000</int> 
    </void> 
   </array> 
  </void> 
  <void property="metrics"> 
   <array class="jmbench.tools.EvaluationMetrics" length="12"> 
    <void index="0"> 
     <object class="jmbench.tools.EvaluationMetrics"> 
      <void property="max"> 
       <double>1.1179307356930913E7</double> 
      </void> 
      <void property="mean"> 
       <double>1.091072280991945E7</double> 
      </void> 
      <void property="median"> 
       <double>1.1075147448333623E7</double> 
      </void> 
      <void property="min"> 
       <double>1.0335165995705143E7</double> 
      </void> 
      <void property="rawResults"> 
       <object class="java.util.ArrayList"> 
        <void method="add"> 
         <double>1.0335165995705143E7</double> 
        </void> 
        <void method="add"> 
         <double>1.0346525640108433E7</double> 
        </void> 
        <void method="add"> 
         <double>1.0372761234172722E7</double> 
        </void> 
        <void method="add"> 
         <double>1.04273412356708E7</double> 
        </void> 
        <void method="add"> 
         <double>1.045498214554049E7</double> 
        </void> 
        <void method="add"> 
         <double>1.0486626917700369E7</double> 
        </void> 
        <void method="add"> 
         <double>1.0652456438285626E7</double> 
        </void> 
        <void method="add"> 
         <double>1.1030971105743673E7</double> 
        </void> 
        <void method="add"> 
         <double>1.1040010438177802E7</double> 
        </void> 
        <void method="add"> 
         <double>1.1059247059566464E7</double> 
        </void> 
        <void method="add"> 
         <double>1.1064192079360353E7</double> 
        </void> 
        <void method="add"> 
         <double>1.1067029845071957E7</double> 
        </void> 
        <void method="add"> 
         <double>1.1075147448333623E7</double> 
        </void> 
        <void method="add"> 
         <double>1.1083298149996517E7</double> 
        </void> 
        <void method="add"> 
         <double>1.1094318249051584E7</double> 
        </void> 
        <void method="add"> 
         <double>1.110911568626637E7</double> 
        </void> 
        <void method="add"> 
         <double>1.1134391044781277E7</double> 
        </void> 
        <void method="add"> 
         <double>1.1139370439307807E7</double> 
        </void> 
        <void method="add"> 
         <double>1.1140363036121503E7</double> 
        </void> 
        <void method="add"> 
         <double>1.1179307356930913E7</double> 
        </void> 
        <void method="add"> 
         <double>1.1087855680487208E7</double> 
        </void> 
        <void method="add"> 
         <double>1.1086224085642146E7</double> 
        </void> 
        <void method="add"> 
         <double>1.1121875821398642E7</double> 
        </void> 
        <void method="add"> 
         <double>1.1089057667695073E7</double> 
        </void> 
        <void method="add"> 
         <double>1.1090435446869748E7</double> 
        </void> 
       </object> 
      </void> 
      <void property="stdev"> 
       <double>300402.9649401364</double> 
      </void> 
     </object> 
    </void> 
    <void index="1"> 
     <object class="jmbench.tools.EvaluationMetrics"> 
      <void property="max"> 
       <double>1.0375012594982553E7</double> 
      </void> 
      <void property="mean"> 
       <double>9653762.883880798</double> 
      </void> 
      <void property="median"> 
       <double>9938162.23331151</double> 
      </void> 
      <void property="min"> 
       <double>8599426.444734277</double> 
      </void> 
      <void property="rawResults"> 
       <object class="java.util.ArrayList"> 
        <void method="add"> 
         <double>8599426.444734277</double> 
        </void> 
        <void method="add"> 
         <double>8982483.12033456</double> 
        </void> 
        <void method="add"> 
         <double>9113868.50507042</double> 
        </void> 
        <void method="add"> 
         <double>9272518.83360514</double> 
        </void> 
        <void method="add"> 
         <double>9330827.877452308</double> 
        </void> 
        <void method="add"> 
         <double>9698735.462862628</double> 
        </void> 
        <void method="add"> 
         <double>9792972.890160818</double> 
        </void> 
        <void method="add"> 
         <double>9938162.23331151</double> 
        </void> 
        <void method="add"> 
         <double>9981600.536613317</double> 
        </void> 
        <void method="add"> 
         <double>1.0012294878235161E7</double> 
        </void> 
        <void method="add"> 
         <double>1.0054911454293424E7</double> 
        </void> 
        <void method="add"> 
         <double>1.0087430501844138E7</double> 
        </void> 
        <void method="add"> 
         <double>1.0120629413759591E7</double> 
        </void> 
        <void method="add"> 
         <double>1.0121933739212023E7</double> 
        </void> 
        <void method="add"> 
         <double>1.016123147748297E7</double> 
        </void> 
        <void method="add"> 
         <double>1.0171927103306476E7</double> 
        </void> 
        <void method="add"> 
         <double>1.0202126024208806E7</double> 
        </void> 
        <void method="add"> 
         <double>1.0314322388467383E7</double> 
        </void> 
        <void method="add"> 
         <double>1.0320723786150707E7</double> 
        </void> 
        <void method="add"> 
         <double>1.0375012594982553E7</double> 
        </void> 
        <void method="add"> 
         <double>8913216.451611614</double> 
        </void> 
        <void method="add"> 
         <double>8955298.578875951</double> 
        </void> 
        <void method="add"> 
         <double>8899525.568350967</double> 
        </void> 
        <void method="add"> 
         <double>8920462.759924006</double> 
        </void> 
        <void method="add"> 
         <double>9002429.47216918</double> 
        </void> 
       </object> 
      </void> 
      <void property="stdev"> 
       <double>566498.1099992575</double> 
      </void> 
     </object> 
    </void> 
    <void index="2"> 
     <object class="jmbench.tools.EvaluationMetrics"> 
      <void property="max"> 
       <double>9231151.718836224</double> 
      </void> 
      <void property="mean"> 
       <double>8955211.987394677</double> 
      </void> 
      <void property="median"> 
       <double>9125449.071017854</double> 
      </void> 
      <void property="min"> 
       <double>7890369.141616832</double> 
      </void> 
      <void property="rawResults"> 
       <object class="java.util.ArrayList"> 
        <void method="add"> 
         <double>8900713.260017337</double> 
        </void> 
        <void method="add"> 
         <double>9089408.5045888</double> 
        </void> 
        <void method="add"> 
         <double>9097221.263551997</double> 
        </void> 
        <void method="add"> 
         <double>9108396.306656009</double> 
        </void> 
        <void method="add"> 
         <double>9111816.706652746</double> 
        </void> 
        <void method="add"> 
         <double>9121253.052968862</double> 
        </void> 
        <void method="add"> 
         <double>9121292.655937886</double> 
        </void> 
        <void method="add"> 
         <double>9125449.071017854</double> 
        </void> 
        <void method="add"> 
         <double>9144357.07648944</double> 
        </void> 
        <void method="add"> 
         <double>9151371.913582733</double> 
        </void> 
        <void method="add"> 
         <double>9153481.689712416</double> 
        </void> 
        <void method="add"> 
         <double>9154865.009831343</double> 
        </void> 
        <void method="add"> 
         <double>9157435.664145393</double> 
        </void> 
        <void method="add"> 
         <double>9158081.10337205</double> 
        </void> 
        <void method="add"> 
         <double>9175645.648817703</double> 
        </void> 
        <void method="add"> 
         <double>9178216.976573678</double> 
        </void> 
        <void method="add"> 
         <double>9179604.77696244</double> 
        </void> 
        <void method="add"> 
         <double>9187778.263988804</double> 
        </void> 
        <void method="add"> 
         <double>9210143.51221629</double> 
        </void> 
        <void method="add"> 
         <double>9231151.718836224</double> 
        </void> 
        <void method="add"> 
         <double>8308477.010387353</double> 
        </void> 
        <void method="add"> 
         <double>8291206.807591568</double> 
        </void> 
        <void method="add"> 
         <double>8463607.335477578</double> 
        </void> 
        <void method="add"> 
         <double>8168955.213873588</double> 
        </void> 
        <void method="add"> 
         <double>7890369.141616832</double> 
        </void> 
       </object> 
      </void> 
      <void property="stdev"> 
       <double>379767.0061936803</double> 
      </void> 
     </object> 
    </void> 
    <void index="3"> 
     <object class="jmbench.tools.EvaluationMetrics"> 
      <void property="max"> 
       <double>7923964.6034708675</double> 
      </void> 
      <void property="mean"> 
       <double>7320535.099502036</double> 
      </void> 
      <void property="median"> 
       <double>7167215.515034203</double> 
      </void> 
      <void property="min"> 
       <double>6951097.441856933</double> 
      </void> 
      <void property="rawResults"> 
       <object class="java.util.ArrayList"> 
        <void method="add"> 
         <double>6951097.441856933</double> 
        </void> 
        <void method="add"> 
         <double>6982805.761944492</double> 
        </void> 
        <void method="add"> 
         <double>6988775.359971682</double> 
        </void> 
        <void method="add"> 
         <double>7004433.608701868</double> 
        </void> 
        <void method="add"> 
         <double>7021562.289074071</double> 
        </void> 
        <void method="add"> 
         <double>7025661.482956612</double> 
        </void> 
        <void method="add"> 
         <double>7035446.538010299</double> 
        </void> 
        <void method="add"> 
         <double>7076179.084636986</double> 
        </void> 
        <void method="add"> 
         <double>7109448.536924896</double> 
        </void> 
        <void method="add"> 
         <double>7114440.230630414</double> 
        </void> 
        <void method="add"> 
         <double>7162201.905028079</double> 
        </void> 
        <void method="add"> 
         <double>7167215.515034203</double> 
        </void> 
        <void method="add"> 
         <double>7175138.764115024</double> 
        </void> 
        <void method="add"> 
         <double>7196648.1840455895</double> 
        </void> 
        <void method="add"> 
         <double>7199776.284865584</double> 
        </void> 
        <void method="add"> 
         <double>7656608.562598663</double> 
        </void> 
        <void method="add"> 
         <double>7678465.5801884495</double> 
        </void> 
        <void method="add"> 
         <double>7761326.734385101</double> 
        </void> 
        <void method="add"> 
         <double>7767116.974862834</double> 
        </void> 
        <void method="add"> 
         <double>7791928.08337618</double> 
        </void> 
        <void method="add"> 
         <double>7923964.6034708675</double> 
        </void> 
        <void method="add"> 
         <double>7883202.081838397</double> 
        </void> 
        <void method="add"> 
         <double>7418561.561264401</double> 
        </void> 
        <void method="add"> 
         <double>7046495.036267638</double> 
        </void> 
        <void method="add"> 
         <double>7874877.281501638</double> 
        </void> 
       </object> 
      </void> 
      <void property="stdev"> 
       <double>340250.3471571648</double> 
      </void> 
     </object> 
    </void> 
    <void index="4"> 
     <object class="jmbench.tools.EvaluationMetrics"> 
      <void property="max"> 
       <double>3270471.2859403063</double> 
      </void> 
      <void property="mean"> 
       <double>3049249.198478188</double> 
      </void> 
      <void property="median"> 
       <double>2981031.35538236</double> 
      </void> 
      <void property="min"> 
       <double>2733265.8085843106</double> 
      </void> 
      <void property="rawResults"> 
       <object class="java.util.ArrayList"> 
        <void method="add"> 
         <double>2805344.771700285</double> 
        </void> 
        <void method="add"> 
         <double>2840715.2311546765</double> 
        </void> 
        <void method="add"> 
         <double>2922036.6702711135</double> 
        </void> 
        <void method="add"> 
         <double>2944833.9804940876</double> 
        </void> 
        <void method="add"> 
         <double>2951908.129109727</double> 
        </void> 
        <void method="add"> 
         <double>2951994.512877144</double> 
        </void> 
        <void method="add"> 
         <double>2969009.7276490442</double> 
        </void> 
        <void method="add"> 
         <double>2981031.35538236</double> 
        </void> 
        <void method="add"> 
         <double>3125164.6056498163</double> 
        </void> 
        <void method="add"> 
         <double>3145918.5778030236</double> 
        </void> 
        <void method="add"> 
         <double>3147486.8413632233</double> 
        </void> 
        <void method="add"> 
         <double>3154042.165099728</double> 
        </void> 
        <void method="add"> 
         <double>3170402.7352905516</double> 
        </void> 
        <void method="add"> 
         <double>3198804.2632310465</double> 
        </void> 
        <void method="add"> 
         <double>3233232.891656076</double> 
        </void> 
        <void method="add"> 
         <double>3237597.345689</double> 
        </void> 
        <void method="add"> 
         <double>3238000.8385874564</double> 
        </void> 
        <void method="add"> 
         <double>3240538.9656227664</double> 
        </void> 
        <void method="add"> 
         <double>3250934.3362936205</double> 
        </void> 
        <void method="add"> 
         <double>3270471.2859403063</double> 
        </void> 
        <void method="add"> 
         <double>2944760.2822877835</double> 
        </void> 
        <void method="add"> 
         <double>2971940.719440962</double> 
        </void> 
        <void method="add"> 
         <double>2832321.956344375</double> 
        </void> 
        <void method="add"> 
         <double>2733265.8085843106</double> 
        </void> 
        <void method="add"> 
         <double>2969471.9644322083</double> 
        </void> 
       </object> 
      </void> 
      <void property="stdev"> 
       <double>159272.63790890627</double> 
      </void> 
     </object> 
    </void> 
    <void index="5"> 
     <object class="jmbench.tools.EvaluationMetrics"> 
      <void property="max"> 
       <double>819589.9733288233</double> 
      </void> 
      <void property="mean"> 
       <double>788509.3713417618</double> 
      </void> 
      <void property="median"> 
       <double>798121.2775534387</double> 
      </void> 
      <void property="min"> 
       <double>723967.6350309933</double> 
      </void> 
      <void property="rawResults"> 
       <object class="java.util.ArrayList"> 
        <void method="add"> 
         <double>749827.5224628461</double> 
        </void> 
        <void method="add"> 
         <double>786617.7585622778</double> 
        </void> 
        <void method="add"> 
         <double>789826.2976931179</double> 
        </void> 
        <void method="add"> 
         <double>791172.6456186643</double> 
        </void> 
        <void method="add"> 
         <double>791357.2600043474</double> 
        </void> 
        <void method="add"> 
         <double>797979.197924876</double> 
        </void> 
        <void method="add"> 
         <double>798098.4809403123</double> 
        </void> 
        <void method="add"> 
         <double>798121.2775534387</double> 
        </void> 
        <void method="add"> 
         <double>799547.5470318476</double> 
        </void> 
        <void method="add"> 
         <double>800901.476404074</double> 
        </void> 
        <void method="add"> 
         <double>801709.6348928894</double> 
        </void> 
        <void method="add"> 
         <double>801909.4586586253</double> 
        </void> 
        <void method="add"> 
         <double>809015.7092080818</double> 
        </void> 
        <void method="add"> 
         <double>812968.1793594273</double> 
        </void> 
        <void method="add"> 
         <double>814657.2742771064</double> 
        </void> 
        <void method="add"> 
         <double>816958.3102129482</double> 
        </void> 
        <void method="add"> 
         <double>818064.3459669322</double> 
        </void> 
        <void method="add"> 
         <double>818810.1458711195</double> 
        </void> 
        <void method="add"> 
         <double>819552.9438645048</double> 
        </void> 
        <void method="add"> 
         <double>819589.9733288233</double> 
        </void> 
        <void method="add"> 
         <double>730216.4860404767</double> 
        </void> 
        <void method="add"> 
         <double>724162.4319345783</double> 
        </void> 
        <void method="add"> 
         <double>746014.213506672</double> 
        </void> 
        <void method="add"> 
         <double>751688.0771950659</double> 
        </void> 
        <void method="add"> 
         <double>723967.6350309933</double> 
        </void> 
       </object> 
      </void> 
      <void property="stdev"> 
       <double>30671.839501522343</double> 
      </void> 
     </object> 
    </void> 
    <void index="6"> 
     <object class="jmbench.tools.EvaluationMetrics"> 
      <void property="max"> 
       <double>108485.12716417409</double> 
      </void> 
      <void property="mean"> 
       <double>104564.45833669174</double> 
      </void> 
      <void property="median"> 
       <double>106209.38468178122</double> 
      </void> 
      <void property="min"> 
       <double>91939.57858293115</double> 
      </void> 
      <void property="rawResults"> 
       <object class="java.util.ArrayList"> 
        <void method="add"> 
         <double>91939.57858293115</double> 
        </void> 
        <void method="add"> 
         <double>95193.55847553209</double> 
        </void> 
        <void method="add"> 
         <double>98367.22957499222</double> 
        </void> 
        <void method="add"> 
         <double>98639.20269290805</double> 
        </void> 
        <void method="add"> 
         <double>99788.70866472152</double> 
        </void> 
        <void method="add"> 
         <double>105099.73317880061</double> 
        </void> 
        <void method="add"> 
         <double>105379.50937675653</double> 
        </void> 
        <void method="add"> 
         <double>105386.97558296971</double> 
        </void> 
        <void method="add"> 
         <double>105494.32870937759</double> 
        </void> 
        <void method="add"> 
         <double>105993.4914149403</double> 
        </void> 
        <void method="add"> 
         <double>106176.485343464</double> 
        </void> 
        <void method="add"> 
         <double>106225.64872142237</double> 
        </void> 
        <void method="add"> 
         <double>106663.13427730842</double> 
        </void> 
        <void method="add"> 
         <double>106948.79487356842</double> 
        </void> 
        <void method="add"> 
         <double>107002.27168259672</double> 
        </void> 
        <void method="add"> 
         <double>107223.89187868335</double> 
        </void> 
        <void method="add"> 
         <double>107322.58129098931</double> 
        </void> 
        <void method="add"> 
         <double>107462.32772964067</double> 
        </void> 
        <void method="add"> 
         <double>107874.28422826022</double> 
        </void> 
        <void method="add"> 
         <double>108485.12716417409</double> 
        </void> 
        <void method="add"> 
         <double>105426.71119499557</double> 
        </void> 
        <void method="add"> 
         <double>106427.75121314332</double> 
        </void> 
        <void method="add"> 
         <double>107123.43821935751</double> 
        </void> 
        <void method="add"> 
         <double>106257.3096639783</double> 
        </void> 
        <void method="add"> 
         <double>106209.38468178122</double> 
        </void> 
       </object> 
      </void> 
      <void property="stdev"> 
       <double>4172.229750141682</double> 
      </void> 
     </object> 
    </void> 
    <void index="7"> 
     <object class="jmbench.tools.EvaluationMetrics"> 
      <void property="max"> 
       <double>26546.071229659436</double> 
      </void> 
      <void property="mean"> 
       <double>25093.41756082115</double> 
      </void> 
      <void property="median"> 
       <double>25386.5132903708</double> 
      </void> 
      <void property="min"> 
       <double>23344.307782607455</double> 
      </void> 
      <void property="rawResults"> 
       <object class="java.util.ArrayList"> 
        <void method="add"> 
         <double>23344.307782607455</double> 
        </void> 
        <void method="add"> 
         <double>23387.341749524272</double> 
        </void> 
        <void method="add"> 
         <double>23520.357824376704</double> 
        </void> 
        <void method="add"> 
         <double>23626.08135955297</double> 
        </void> 
        <void method="add"> 
         <double>23918.287121423567</double> 
        </void> 
        <void method="add"> 
         <double>23965.744321260456</double> 
        </void> 
        <void method="add"> 
         <double>24637.91324075494</double> 
        </void> 
        <void method="add"> 
         <double>24645.545700724946</double> 
        </void> 
        <void method="add"> 
         <double>24681.22406316032</double> 
        </void> 
        <void method="add"> 
         <double>24763.70064180648</double> 
        </void> 
        <void method="add"> 
         <double>24804.412524796193</double> 
        </void> 
        <void method="add"> 
         <double>24824.720223027274</double> 
        </void> 
        <void method="add"> 
         <double>25386.5132903708</double> 
        </void> 
        <void method="add"> 
         <double>25750.264380482364</double> 
        </void> 
        <void method="add"> 
         <double>25775.12551062288</double> 
        </void> 
        <void method="add"> 
         <double>25829.737858524924</double> 
        </void> 
        <void method="add"> 
         <double>25877.6471638693</double> 
        </void> 
        <void method="add"> 
         <double>25883.84853976046</double> 
        </void> 
        <void method="add"> 
         <double>25907.83449959215</double> 
        </void> 
        <void method="add"> 
         <double>25918.36951434224</double> 
        </void> 
        <void method="add"> 
         <double>25916.427744287263</double> 
        </void> 
        <void method="add"> 
         <double>26205.646878197815</double> 
        </void> 
        <void method="add"> 
         <double>26546.071229659436</double> 
        </void> 
        <void method="add"> 
         <double>25877.190394835718</double> 
        </void> 
        <void method="add"> 
         <double>26341.125462967877</double> 
        </void> 
       </object> 
      </void> 
      <void property="stdev"> 
       <double>987.8502786122971</double> 
      </void> 
     </object> 
    </void> 
    <void index="8"> 
     <object class="jmbench.tools.EvaluationMetrics"> 
      <void property="max"> 
       <double>5955.044423235021</double> 
      </void> 
      <void property="mean"> 
       <double>5791.40450777746</double> 
      </void> 
      <void property="median"> 
       <double>5825.106328540175</double> 
      </void> 
      <void property="min"> 
       <double>5540.656427974264</double> 
      </void> 
      <void property="rawResults"> 
       <object class="java.util.ArrayList"> 
        <void method="add"> 
         <double>5540.656427974264</double> 
        </void> 
        <void method="add"> 
         <double>5541.624966413306</double> 
        </void> 
        <void method="add"> 
         <double>5543.126181028675</double> 
        </void> 
        <void method="add"> 
         <double>5544.919730998738</double> 
        </void> 
        <void method="add"> 
         <double>5547.277562775146</double> 
        </void> 
        <void method="add"> 
         <double>5790.061738861254</double> 
        </void> 
        <void method="add"> 
         <double>5815.280826660672</double> 
        </void> 
        <void method="add"> 
         <double>5815.367698600082</double> 
        </void> 
        <void method="add"> 
         <double>5819.910728040401</double> 
        </void> 
        <void method="add"> 
         <double>5825.106328540175</double> 
        </void> 
        <void method="add"> 
         <double>5854.673219036987</double> 
        </void> 
        <void method="add"> 
         <double>5855.077039560233</double> 
        </void> 
        <void method="add"> 
         <double>5865.844904652074</double> 
        </void> 
        <void method="add"> 
         <double>5869.439678575557</double> 
        </void> 
        <void method="add"> 
         <double>5886.8602409890955</double> 
        </void> 
        <void method="add"> 
         <double>5906.138407432575</double> 
        </void> 
        <void method="add"> 
         <double>5907.029862728607</double> 
        </void> 
        <void method="add"> 
         <double>5926.356790471828</double> 
        </void> 
        <void method="add"> 
         <double>5947.862915057865</double> 
        </void> 
        <void method="add"> 
         <double>5955.044423235021</double> 
        </void> 
        <void method="add"> 
         <double>5774.54335427727</double> 
        </void> 
        <void method="add"> 
         <double>5790.385867714452</double> 
        </void> 
        <void method="add"> 
         <double>5841.571363785393</double> 
        </void> 
        <void method="add"> 
         <double>5791.793337318048</double> 
        </void> 
        <void method="add"> 
         <double>5829.1590997088</double> 
        </void> 
       </object> 
      </void> 
      <void property="stdev"> 
       <double>132.57203975390098</double> 
      </void> 
     </object> 
    </void> 
    <void index="9"> 
     <object class="jmbench.tools.EvaluationMetrics"> 
      <void property="max"> 
       <double>573.5122325029795</double> 
      </void> 
      <void property="mean"> 
       <double>537.4462916905577</double> 
      </void> 
      <void property="median"> 
       <double>547.7215545790978</double> 
      </void> 
      <void property="min"> 
       <double>443.60094875229606</double> 
      </void> 
      <void property="rawResults"> 
       <object class="java.util.ArrayList"> 
        <void method="add"> 
         <double>489.36143625316055</double> 
        </void> 
        <void method="add"> 
         <double>491.51035126243426</double> 
        </void> 
        <void method="add"> 
         <double>499.7361603595507</double> 
        </void> 
        <void method="add"> 
         <double>507.66767548081316</double> 
        </void> 
        <void method="add"> 
         <double>509.4818623705399</double> 
        </void> 
        <void method="add"> 
         <double>523.7019020603875</double> 
        </void> 
        <void method="add"> 
         <double>528.4880333073419</double> 
        </void> 
        <void method="add"> 
         <double>528.6485976653986</double> 
        </void> 
        <void method="add"> 
         <double>539.127318713477</double> 
        </void> 
        <void method="add"> 
         <double>540.9941235796987</double> 
        </void> 
        <void method="add"> 
         <double>547.7215545790978</double> 
        </void> 
        <void method="add"> 
         <double>555.6930106160842</double> 
        </void> 
        <void method="add"> 
         <double>559.4731052722849</double> 
        </void> 
        <void method="add"> 
         <double>561.4436696154735</double> 
        </void> 
        <void method="add"> 
         <double>562.0396490906669</double> 
        </void> 
        <void method="add"> 
         <double>563.3295859203662</double> 
        </void> 
        <void method="add"> 
         <double>567.5916096584175</double> 
        </void> 
        <void method="add"> 
         <double>571.6277422870487</double> 
        </void> 
        <void method="add"> 
         <double>572.9604372727931</double> 
        </void> 
        <void method="add"> 
         <double>573.5122325029795</double> 
        </void> 
        <void method="add"> 
         <double>568.737801760415</double> 
        </void> 
        <void method="add"> 
         <double>491.33565055995535</double> 
        </void> 
        <void method="add"> 
         <double>443.60094875229606</double> 
        </void> 
        <void method="add"> 
         <double>571.0201119287926</double> 
        </void> 
        <void method="add"> 
         <double>567.3527213944668</double> 
        </void> 
       </object> 
      </void> 
      <void property="stdev"> 
       <double>34.189140615377134</double> 
      </void> 
     </object> 
    </void> 
    <void index="10"> 
     <object class="jmbench.tools.EvaluationMetrics"> 
      <void property="max"> 
       <double>113.66728588815108</double> 
      </void> 
      <void property="mean"> 
       <double>111.99886232980768</double> 
      </void> 
      <void property="median"> 
       <double>112.24039748131047</double> 
      </void> 
      <void property="min"> 
       <double>106.49196682020309</double> 
      </void> 
      <void property="rawResults"> 
       <object class="java.util.ArrayList"> 
        <void method="add"> 
         <double>110.8933308491191</double> 
        </void> 
        <void method="add"> 
         <double>111.05499458683661</double> 
        </void> 
        <void method="add"> 
         <double>111.32221785159923</double> 
        </void> 
        <void method="add"> 
         <double>111.34423235365307</double> 
        </void> 
        <void method="add"> 
         <double>111.95886723442678</double> 
        </void> 
        <void method="add"> 
         <double>112.00365452230781</double> 
        </void> 
        <void method="add"> 
         <double>112.1795094473051</double> 
        </void> 
        <void method="add"> 
         <double>112.18875441404741</double> 
        </void> 
        <void method="add"> 
         <double>112.19274023502796</double> 
        </void> 
        <void method="add"> 
         <double>112.24039748131047</double> 
        </void> 
        <void method="add"> 
         <double>112.49991248325638</double> 
        </void> 
        <void method="add"> 
         <double>112.6841923576112</double> 
        </void> 
        <void method="add"> 
         <double>112.76990019832895</double> 
        </void> 
        <void method="add"> 
         <double>112.81577892486038</double> 
        </void> 
        <void method="add"> 
         <double>113.0831644501943</double> 
        </void> 
        <void method="add"> 
         <double>113.43521769449066</double> 
        </void> 
        <void method="add"> 
         <double>113.44443349382021</double> 
        </void> 
        <void method="add"> 
         <double>113.47500903038836</double> 
        </void> 
        <void method="add"> 
         <double>113.55328662450644</double> 
        </void> 
        <void method="add"> 
         <double>113.66728588815108</double> 
        </void> 
        <void method="add"> 
         <double>109.30945017564152</double> 
        </void> 
        <void method="add"> 
         <double>106.49196682020309</double> 
        </void> 
        <void method="add"> 
         <double>109.78529769297784</double> 
        </void> 
        <void method="add"> 
         <double>112.4484682787766</double> 
        </void> 
        <void method="add"> 
         <double>113.12949515635113</double> 
        </void> 
       </object> 
      </void> 
      <void property="stdev"> 
       <double>1.572194175240943</double> 
      </void> 
     </object> 
    </void> 
    <void index="11"> 
     <object class="jmbench.tools.EvaluationMetrics"> 
      <void property="max"> 
       <double>24.783433967137427</double> 
      </void> 
      <void property="mean"> 
       <double>23.725380683206353</double> 
      </void> 
      <void property="median"> 
       <double>23.945828184297817</double> 
      </void> 
      <void property="min"> 
       <double>20.89036997750811</double> 
      </void> 
      <void property="rawResults"> 
       <object class="java.util.ArrayList"> 
        <void method="add"> 
         <double>20.89036997750811</double> 
        </void> 
        <void method="add"> 
         <double>22.276707413119823</double> 
        </void> 
        <void method="add"> 
         <double>22.796033349621627</double> 
        </void> 
        <void method="add"> 
         <double>23.200270698401656</double> 
        </void> 
        <void method="add"> 
         <double>23.325643250943614</double> 
        </void> 
        <void method="add"> 
         <double>23.36624007153605</double> 
        </void> 
        <void method="add"> 
         <double>23.49656842227237</double> 
        </void> 
        <void method="add"> 
         <double>23.667641379030794</double> 
        </void> 
        <void method="add"> 
         <double>23.74832922940191</double> 
        </void> 
        <void method="add"> 
         <double>23.837137069694897</double> 
        </void> 
        <void method="add"> 
         <double>23.866370881687082</double> 
        </void> 
        <void method="add"> 
         <double>23.945828184297817</double> 
        </void> 
        <void method="add"> 
         <double>24.03273926396813</double> 
        </void> 
        <void method="add"> 
         <double>24.05639670020716</double> 
        </void> 
        <void method="add"> 
         <double>24.076392290064785</double> 
        </void> 
        <void method="add"> 
         <double>24.134702966089105</double> 
        </void> 
        <void method="add"> 
         <double>24.18586803304594</double> 
        </void> 
        <void method="add"> 
         <double>24.20133254572561</double> 
        </void> 
        <void method="add"> 
         <double>24.699856378380257</double> 
        </void> 
        <void method="add"> 
         <double>24.783433967137427</double> 
        </void> 
        <void method="add"> 
         <double>23.2706837692052</double> 
        </void> 
        <void method="add"> 
         <double>24.482993611959916</double> 
        </void> 
        <void method="add"> 
         <double>24.13464583234016</double> 
        </void> 
        <void method="add"> 
         <double>24.428819734903275</double> 
        </void> 
        <void method="add"> 
         <double>24.22951205961621</double> 
        </void> 
       </object> 
      </void> 
      <void property="stdev"> 
       <double>0.809962269949144</double> 
      </void> 
     </object> 
    </void> 
   </array> 
  </void> 
  <void property="opName"> 
   <string>Scale b=alpha*a</string> 
  </void> 
 </object> 
</java> 
