<?xml version="1.0" encoding="UTF-8"?> 
<java version="1.6.0_16" class="java.beans.XMLDecoder"> 
 <object class="jmbench.tools.runtime.OperationResults"> 
  <void property="library"> 
   <object class="jmbench.impl.MatrixLibrary" method="valueOf"> 
    <string>CM</string> 
   </object> 
  </void> 
  <void property="matDimen"> 
   <array class="int" length="12"> 
    <void index="0"> 
     <int>2</int> 
    </void> 
    <void index="1"> 
     <int>3</int> 
    </void> 
    <void index="2"> 
     <int>4</int> 
    </void> 
    <void index="3"> 
     <int>5</int> 
    </void> 
    <void index="4"> 
     <int>10</int> 
    </void> 
    <void index="5"> 
     <int>20</int> 
    </void> 
    <void index="6"> 
     <int>50</int> 
    </void> 
    <void index="7"> 
     <int>100</int> 
    </void> 
    <void index="8"> 
     <int>200</int> 
    </void> 
    <void index="9"> 
     <int>500</int> 
    </void> 
    <void index="10"> 
     <int>1000</int> 
    </void> 
    <void index="11"> 
     <int>2000</int> 
    </void> 
   </array> 
  </void> 
  <void property="metrics"> 
   <array class="jmbench.tools.EvaluationMetrics" length="12"> 
    <void index="0"> 
     <object class="jmbench.tools.EvaluationMetrics"> 
      <void property="max"> 
       <double>380021.9577537959</double> 
      </void> 
      <void property="mean"> 
       <double>367445.87699639687</double> 
      </void> 
      <void property="median"> 
       <double>375027.99070323893</double> 
      </void> 
      <void property="min"> 
       <double>337294.26582035876</double> 
      </void> 
      <void property="rawResults"> 
       <object class="java.util.ArrayList"> 
        <void method="add"> 
         <double>337294.26582035876</double> 
        </void> 
        <void method="add"> 
         <double>348489.25369545567</double> 
        </void> 
        <void method="add"> 
         <double>353565.2775674199</double> 
        </void> 
        <void method="add"> 
         <double>354057.2415994394</double> 
        </void> 
        <void method="add"> 
         <double>356259.1804917854</double> 
        </void> 
        <void method="add"> 
         <double>356337.1412180456</double> 
        </void> 
        <void method="add"> 
         <double>357281.41310908453</double> 
        </void> 
        <void method="add"> 
         <double>357442.1462116889</double> 
        </void> 
        <void method="add"> 
         <double>358612.8776387797</double> 
        </void> 
        <void method="add"> 
         <double>359743.1374871949</double> 
        </void> 
        <void method="add"> 
         <double>371246.9958522061</double> 
        </void> 
        <void method="add"> 
         <double>372269.18043833936</double> 
        </void> 
        <void method="add"> 
         <double>375027.99070323893</double> 
        </void> 
        <void method="add"> 
         <double>375428.21701123693</double> 
        </void> 
        <void method="add"> 
         <double>375616.1297609064</double> 
        </void> 
        <void method="add"> 
         <double>375707.91927540477</double> 
        </void> 
        <void method="add"> 
         <double>375708.1381178266</double> 
        </void> 
        <void method="add"> 
         <double>376449.30321499234</double> 
        </void> 
        <void method="add"> 
         <double>376907.62033433275</double> 
        </void> 
        <void method="add"> 
         <double>377554.64147068496</double> 
        </void> 
        <void method="add"> 
         <double>378527.96555239515</double> 
        </void> 
        <void method="add"> 
         <double>377623.61899902154</double> 
        </void> 
        <void method="add"> 
         <double>380021.9577537959</double> 
        </void> 
        <void method="add"> 
         <double>379286.5532589229</double> 
        </void> 
        <void method="add"> 
         <double>379688.7583273645</double> 
        </void> 
       </object> 
      </void> 
      <void property="stdev"> 
       <double>11898.419066187163</double> 
      </void> 
     </object> 
    </void> 
    <void index="1"> 
     <object class="jmbench.tools.EvaluationMetrics"> 
      <void property="max"> 
       <double>229185.70287278268</double> 
      </void> 
      <void property="mean"> 
       <double>224922.3578097809</double> 
      </void> 
      <void property="median"> 
       <double>227485.71897617562</double> 
      </void> 
      <void property="min"> 
       <double>208199.3822936832</double> 
      </void> 
      <void property="rawResults"> 
       <object class="java.util.ArrayList"> 
        <void method="add"> 
         <double>208199.3822936832</double> 
        </void> 
        <void method="add"> 
         <double>209964.39832785202</double> 
        </void> 
        <void method="add"> 
         <double>216634.13945786463</double> 
        </void> 
        <void method="add"> 
         <double>217535.63184283779</double> 
        </void> 
        <void method="add"> 
         <double>220141.2952133649</double> 
        </void> 
        <void method="add"> 
         <double>225621.44237703917</double> 
        </void> 
        <void method="add"> 
         <double>226832.5928965598</double> 
        </void> 
        <void method="add"> 
         <double>227011.4183071345</double> 
        </void> 
        <void method="add"> 
         <double>227022.77674157626</double> 
        </void> 
        <void method="add"> 
         <double>227308.7033359903</double> 
        </void> 
        <void method="add"> 
         <double>227544.43194518716</double> 
        </void> 
        <void method="add"> 
         <double>227732.58277583815</double> 
        </void> 
        <void method="add"> 
         <double>227734.87325201023</double> 
        </void> 
        <void method="add"> 
         <double>228073.3227592502</double> 
        </void> 
        <void method="add"> 
         <double>228108.5431659858</double> 
        </void> 
        <void method="add"> 
         <double>228136.76757839278</double> 
        </void> 
        <void method="add"> 
         <double>228222.2875889874</double> 
        </void> 
        <void method="add"> 
         <double>228513.26312322335</double> 
        </void> 
        <void method="add"> 
         <double>228538.706181726</double> 
        </void> 
        <void method="add"> 
         <double>229185.70287278268</double> 
        </void> 
        <void method="add"> 
         <double>225795.4591091266</double> 
        </void> 
        <void method="add"> 
         <double>227574.67272888447</double> 
        </void> 
        <void method="add"> 
         <double>227671.62436861583</double> 
        </void> 
        <void method="add"> 
         <double>226469.2080244322</double> 
        </void> 
        <void method="add"> 
         <double>227485.71897617562</double> 
        </void> 
       </object> 
      </void> 
      <void property="stdev"> 
       <double>5658.892492476207</double> 
      </void> 
     </object> 
    </void> 
    <void index="2"> 
     <object class="jmbench.tools.EvaluationMetrics"> 
      <void property="max"> 
       <double>142680.15403496244</double> 
      </void> 
      <void property="mean"> 
       <double>139303.86040956026</double> 
      </void> 
      <void property="median"> 
       <double>139800.81940354747</double> 
      </void> 
      <void property="min"> 
       <double>130973.27222065549</double> 
      </void> 
      <void property="rawResults"> 
       <object class="java.util.ArrayList"> 
        <void method="add"> 
         <double>130973.27222065549</double> 
        </void> 
        <void method="add"> 
         <double>133363.5994781211</double> 
        </void> 
        <void method="add"> 
         <double>138509.2735540824</double> 
        </void> 
        <void method="add"> 
         <double>138598.94982126655</double> 
        </void> 
        <void method="add"> 
         <double>138960.71446458242</double> 
        </void> 
        <void method="add"> 
         <double>139108.11703963057</double> 
        </void> 
        <void method="add"> 
         <double>139432.12153162324</double> 
        </void> 
        <void method="add"> 
         <double>139800.81940354747</double> 
        </void> 
        <void method="add"> 
         <double>139886.21217988638</double> 
        </void> 
        <void method="add"> 
         <double>139922.41506378652</double> 
        </void> 
        <void method="add"> 
         <double>140850.44207899476</double> 
        </void> 
        <void method="add"> 
         <double>140949.34704290668</double> 
        </void> 
        <void method="add"> 
         <double>141020.48909331867</double> 
        </void> 
        <void method="add"> 
         <double>141136.78742897982</double> 
        </void> 
        <void method="add"> 
         <double>141372.21469177183</double> 
        </void> 
        <void method="add"> 
         <double>141851.10658336655</double> 
        </void> 
        <void method="add"> 
         <double>142355.56293141647</double> 
        </void> 
        <void method="add"> 
         <double>142615.78618912166</double> 
        </void> 
        <void method="add"> 
         <double>142663.32465849127</double> 
        </void> 
        <void method="add"> 
         <double>142680.15403496244</double> 
        </void> 
        <void method="add"> 
         <double>136697.8330294277</double> 
        </void> 
        <void method="add"> 
         <double>137212.41069983778</double> 
        </void> 
        <void method="add"> 
         <double>138222.04104613644</double> 
        </void> 
        <void method="add"> 
         <double>136998.12059367442</double> 
        </void> 
        <void method="add"> 
         <double>137415.39537941804</double> 
        </void> 
       </object> 
      </void> 
      <void property="stdev"> 
       <double>2780.7418605920193</double> 
      </void> 
     </object> 
    </void> 
    <void index="3"> 
     <object class="jmbench.tools.EvaluationMetrics"> 
      <void property="max"> 
       <double>96040.1765819743</double> 
      </void> 
      <void property="mean"> 
       <double>93679.45520939167</double> 
      </void> 
      <void property="median"> 
       <double>93874.54675317854</double> 
      </void> 
      <void property="min"> 
       <double>89611.88300612142</double> 
      </void> 
      <void property="rawResults"> 
       <object class="java.util.ArrayList"> 
        <void method="add"> 
         <double>90566.57270662548</double> 
        </void> 
        <void method="add"> 
         <double>92641.68168174851</double> 
        </void> 
        <void method="add"> 
         <double>92709.00916164069</double> 
        </void> 
        <void method="add"> 
         <double>93537.71333112914</double> 
        </void> 
        <void method="add"> 
         <double>93569.42171501336</double> 
        </void> 
        <void method="add"> 
         <double>93682.79949841824</double> 
        </void> 
        <void method="add"> 
         <double>93713.72458824619</double> 
        </void> 
        <void method="add"> 
         <double>93773.65990561963</double> 
        </void> 
        <void method="add"> 
         <double>93874.54675317854</double> 
        </void> 
        <void method="add"> 
         <double>94301.35385687172</double> 
        </void> 
        <void method="add"> 
         <double>94413.40844945612</double> 
        </void> 
        <void method="add"> 
         <double>94585.60911777386</double> 
        </void> 
        <void method="add"> 
         <double>94652.54578592896</double> 
        </void> 
        <void method="add"> 
         <double>94788.7058062708</double> 
        </void> 
        <void method="add"> 
         <double>94815.99421655771</double> 
        </void> 
        <void method="add"> 
         <double>94913.4597165569</double> 
        </void> 
        <void method="add"> 
         <double>95072.31667770911</double> 
        </void> 
        <void method="add"> 
         <double>95088.62397978596</double> 
        </void> 
        <void method="add"> 
         <double>95125.36283658571</double> 
        </void> 
        <void method="add"> 
         <double>96040.1765819743</double> 
        </void> 
        <void method="add"> 
         <double>94129.92269478014</double> 
        </void> 
        <void method="add"> 
         <double>92894.03012803108</double> 
        </void> 
        <void method="add"> 
         <double>89611.88300612142</double> 
        </void> 
        <void method="add"> 
         <double>90874.45012538208</double> 
        </void> 
        <void method="add"> 
         <double>92609.40791338647</double> 
        </void> 
       </object> 
      </void> 
      <void property="stdev"> 
       <double>1503.2627457341737</double> 
      </void> 
     </object> 
    </void> 
    <void index="4"> 
     <object class="jmbench.tools.EvaluationMetrics"> 
      <void property="max"> 
       <double>31599.496813438276</double> 
      </void> 
      <void property="mean"> 
       <double>31253.582486320985</double> 
      </void> 
      <void property="median"> 
       <double>31310.67076784033</double> 
      </void> 
      <void property="min"> 
       <double>30713.048327560115</double> 
      </void> 
      <void property="rawResults"> 
       <object class="java.util.ArrayList"> 
        <void method="add"> 
         <double>30713.048327560115</double> 
        </void> 
        <void method="add"> 
         <double>30719.880210117342</double> 
        </void> 
        <void method="add"> 
         <double>30736.68103721044</double> 
        </void> 
        <void method="add"> 
         <double>30830.464896712176</double> 
        </void> 
        <void method="add"> 
         <double>31016.827102206287</double> 
        </void> 
        <void method="add"> 
         <double>31030.723052558056</double> 
        </void> 
        <void method="add"> 
         <double>31158.555875493606</double> 
        </void> 
        <void method="add"> 
         <double>31182.395985533753</double> 
        </void> 
        <void method="add"> 
         <double>31225.03299960742</double> 
        </void> 
        <void method="add"> 
         <double>31248.303497155604</double> 
        </void> 
        <void method="add"> 
         <double>31265.641008142913</double> 
        </void> 
        <void method="add"> 
         <double>31294.32326444324</double> 
        </void> 
        <void method="add"> 
         <double>31310.67076784033</double> 
        </void> 
        <void method="add"> 
         <double>31364.43366312869</double> 
        </void> 
        <void method="add"> 
         <double>31394.64027894746</double> 
        </void> 
        <void method="add"> 
         <double>31422.322138768086</double> 
        </void> 
        <void method="add"> 
         <double>31465.370775961856</double> 
        </void> 
        <void method="add"> 
         <double>31547.43730972446</double> 
        </void> 
        <void method="add"> 
         <double>31577.18931808616</double> 
        </void> 
        <void method="add"> 
         <double>31599.496813438276</double> 
        </void> 
        <void method="add"> 
         <double>31390.425082373597</double> 
        </void> 
        <void method="add"> 
         <double>31427.000343622603</double> 
        </void> 
        <void method="add"> 
         <double>31503.05148463157</double> 
        </void> 
        <void method="add"> 
         <double>31487.108383237348</double> 
        </void> 
        <void method="add"> 
         <double>31428.53854152329</double> 
        </void> 
       </object> 
      </void> 
      <void property="stdev"> 
       <double>265.43360266642264</double> 
      </void> 
     </object> 
    </void> 
    <void index="5"> 
     <object class="jmbench.tools.EvaluationMetrics"> 
      <void property="max"> 
       <double>6373.4762933715965</double> 
      </void> 
      <void property="mean"> 
       <double>6248.823805721432</double> 
      </void> 
      <void property="median"> 
       <double>6234.572722323412</double> 
      </void> 
      <void property="min"> 
       <double>6117.260497752737</double> 
      </void> 
      <void property="rawResults"> 
       <object class="java.util.ArrayList"> 
        <void method="add"> 
         <double>6117.260497752737</double> 
        </void> 
        <void method="add"> 
         <double>6143.0429148639305</double> 
        </void> 
        <void method="add"> 
         <double>6181.812173158484</double> 
        </void> 
        <void method="add"> 
         <double>6197.120817801709</double> 
        </void> 
        <void method="add"> 
         <double>6202.208765765905</double> 
        </void> 
        <void method="add"> 
         <double>6212.445589966012</double> 
        </void> 
        <void method="add"> 
         <double>6212.459497093917</double> 
        </void> 
        <void method="add"> 
         <double>6214.826329298937</double> 
        </void> 
        <void method="add"> 
         <double>6220.2927188740705</double> 
        </void> 
        <void method="add"> 
         <double>6223.919943649738</double> 
        </void> 
        <void method="add"> 
         <double>6227.640565485093</double> 
        </void> 
        <void method="add"> 
         <double>6234.078078079483</double> 
        </void> 
        <void method="add"> 
         <double>6234.572722323412</double> 
        </void> 
        <void method="add"> 
         <double>6235.848405702151</double> 
        </void> 
        <void method="add"> 
         <double>6241.271481122072</double> 
        </void> 
        <void method="add"> 
         <double>6243.248244393537</double> 
        </void> 
        <void method="add"> 
         <double>6247.37431607532</double> 
        </void> 
        <void method="add"> 
         <double>6255.150199910454</double> 
        </void> 
        <void method="add"> 
         <double>6274.4090564729095</double> 
        </void> 
        <void method="add"> 
         <double>6275.799550990346</double> 
        </void> 
        <void method="add"> 
         <double>6361.784515094998</double> 
        </void> 
        <void method="add"> 
         <double>6362.174775303252</double> 
        </void> 
        <void method="add"> 
         <double>6360.002665836419</double> 
        </void> 
        <void method="add"> 
         <double>6373.4762933715965</double> 
        </void> 
        <void method="add"> 
         <double>6368.37502464931</double> 
        </void> 
       </object> 
      </void> 
      <void property="stdev"> 
       <double>67.35613314267407</double> 
      </void> 
     </object> 
    </void> 
    <void index="6"> 
     <object class="jmbench.tools.EvaluationMetrics"> 
      <void property="max"> 
       <double>457.03138433147444</double> 
      </void> 
      <void property="mean"> 
       <double>450.6109641659239</double> 
      </void> 
      <void property="median"> 
       <double>453.5956642709202</double> 
      </void> 
      <void property="min"> 
       <double>436.82851073691194</double> 
      </void> 
      <void property="rawResults"> 
       <object class="java.util.ArrayList"> 
        <void method="add"> 
         <double>436.82851073691194</double> 
        </void> 
        <void method="add"> 
         <double>436.98798235069444</double> 
        </void> 
        <void method="add"> 
         <double>437.50107075320466</double> 
        </void> 
        <void method="add"> 
         <double>438.76725846482816</double> 
        </void> 
        <void method="add"> 
         <double>438.79542757479373</double> 
        </void> 
        <void method="add"> 
         <double>451.86963973021085</double> 
        </void> 
        <void method="add"> 
         <double>453.46502958027963</double> 
        </void> 
        <void method="add"> 
         <double>453.5956642709202</double> 
        </void> 
        <void method="add"> 
         <double>453.8209284177389</double> 
        </void> 
        <void method="add"> 
         <double>454.6736656503458</double> 
        </void> 
        <void method="add"> 
         <double>454.7792811372033</double> 
        </void> 
        <void method="add"> 
         <double>455.07202363272813</double> 
        </void> 
        <void method="add"> 
         <double>455.66237354066345</double> 
        </void> 
        <void method="add"> 
         <double>456.3140503149</double> 
        </void> 
        <void method="add"> 
         <double>456.39634280855694</double> 
        </void> 
        <void method="add"> 
         <double>456.60123426795604</double> 
        </void> 
        <void method="add"> 
         <double>456.606277746797</double> 
        </void> 
        <void method="add"> 
         <double>456.96683476155414</double> 
        </void> 
        <void method="add"> 
         <double>457.02214421320565</double> 
        </void> 
        <void method="add"> 
         <double>457.03138433147444</double> 
        </void> 
        <void method="add"> 
         <double>448.90211104232094</double> 
        </void> 
        <void method="add"> 
         <double>450.7066809228681</double> 
        </void> 
        <void method="add"> 
         <double>450.5577868437405</double> 
        </void> 
        <void method="add"> 
         <double>449.7640087414469</double> 
        </void> 
        <void method="add"> 
         <double>446.58639231275396</double> 
        </void> 
       </object> 
      </void> 
      <void property="stdev"> 
       <double>6.974018648099955</double> 
      </void> 
     </object> 
    </void> 
    <void index="7"> 
     <object class="jmbench.tools.EvaluationMetrics"> 
      <void property="max"> 
       <double>56.226931007222404</double> 
      </void> 
      <void property="mean"> 
       <double>55.89823821836238</double> 
      </void> 
      <void property="median"> 
       <double>55.955976036085964</double> 
      </void> 
      <void property="min"> 
       <double>55.34948358936754</double> 
      </void> 
      <void property="rawResults"> 
       <object class="java.util.ArrayList"> 
        <void method="add"> 
         <double>55.457495873327204</double> 
        </void> 
        <void method="add"> 
         <double>55.577208869868734</double> 
        </void> 
        <void method="add"> 
         <double>55.59831321083226</double> 
        </void> 
        <void method="add"> 
         <double>55.60137980450712</double> 
        </void> 
        <void method="add"> 
         <double>55.690432763046545</double> 
        </void> 
        <void method="add"> 
         <double>55.791041969184036</double> 
        </void> 
        <void method="add"> 
         <double>55.80222378677633</double> 
        </void> 
        <void method="add"> 
         <double>55.93206741561455</double> 
        </void> 
        <void method="add"> 
         <double>55.935492803118414</double> 
        </void> 
        <void method="add"> 
         <double>55.955440207679366</double> 
        </void> 
        <void method="add"> 
         <double>55.96380389880574</double> 
        </void> 
        <void method="add"> 
         <double>55.99593967278566</double> 
        </void> 
        <void method="add"> 
         <double>56.00880660071467</double> 
        </void> 
        <void method="add"> 
         <double>56.05621079513911</double> 
        </void> 
        <void method="add"> 
         <double>56.06095576862568</double> 
        </void> 
        <void method="add"> 
         <double>56.082354657131575</double> 
        </void> 
        <void method="add"> 
         <double>56.09274893031186</double> 
        </void> 
        <void method="add"> 
         <double>56.09617093888059</double> 
        </void> 
        <void method="add"> 
         <double>56.20343924182606</double> 
        </void> 
        <void method="add"> 
         <double>56.226931007222404</double> 
        </void> 
        <void method="add"> 
         <double>55.97517154096094</double> 
        </void> 
        <void method="add"> 
         <double>55.34948358936754</double> 
        </void> 
        <void method="add"> 
         <double>55.955976036085964</double> 
        </void> 
        <void method="add"> 
         <double>55.850063300411875</double> 
        </void> 
        <void method="add"> 
         <double>56.19680277683496</double> 
        </void> 
       </object> 
      </void> 
      <void property="stdev"> 
       <double>0.23121729439790484</double> 
      </void> 
     </object> 
    </void> 
    <void index="8"> 
     <object class="jmbench.tools.EvaluationMetrics"> 
      <void property="max"> 
       <double>7.116199211373682</double> 
      </void> 
      <void property="mean"> 
       <double>7.043719280703953</double> 
      </void> 
      <void property="median"> 
       <double>7.053069699269916</double> 
      </void> 
      <void property="min"> 
       <double>6.915444736500859</double> 
      </void> 
      <void property="rawResults"> 
       <object class="java.util.ArrayList"> 
        <void method="add"> 
         <double>6.9833412487621995</double> 
        </void> 
        <void method="add"> 
         <double>6.989636586245949</double> 
        </void> 
        <void method="add"> 
         <double>7.026579253861672</double> 
        </void> 
        <void method="add"> 
         <double>7.028157763540601</double> 
        </void> 
        <void method="add"> 
         <double>7.0325091490362786</double> 
        </void> 
        <void method="add"> 
         <double>7.045329700611039</double> 
        </void> 
        <void method="add"> 
         <double>7.04844211422108</double> 
        </void> 
        <void method="add"> 
         <double>7.0486149728532395</double> 
        </void> 
        <void method="add"> 
         <double>7.053069699269916</double> 
        </void> 
        <void method="add"> 
         <double>7.059767416540079</double> 
        </void> 
        <void method="add"> 
         <double>7.0644574183361915</double> 
        </void> 
        <void method="add"> 
         <double>7.06534824249631</double> 
        </void> 
        <void method="add"> 
         <double>7.065733514511588</double> 
        </void> 
        <void method="add"> 
         <double>7.0661882980118165</double> 
        </void> 
        <void method="add"> 
         <double>7.071372984520051</double> 
        </void> 
        <void method="add"> 
         <double>7.0727793569561435</double> 
        </void> 
        <void method="add"> 
         <double>7.0751539131153045</double> 
        </void> 
        <void method="add"> 
         <double>7.0768740943637765</double> 
        </void> 
        <void method="add"> 
         <double>7.113652674639344</double> 
        </void> 
        <void method="add"> 
         <double>7.116199211373682</double> 
        </void> 
        <void method="add"> 
         <double>7.01685991921973</double> 
        </void> 
        <void method="add"> 
         <double>6.915444736500859</double> 
        </void> 
        <void method="add"> 
         <double>7.034615330139633</double> 
        </void> 
        <void method="add"> 
         <double>6.96766650683642</double> 
        </void> 
        <void method="add"> 
         <double>7.055187911635925</double> 
        </void> 
       </object> 
      </void> 
      <void property="stdev"> 
       <double>0.04314074215504338</double> 
      </void> 
     </object> 
    </void> 
    <void index="9"> 
     <object class="jmbench.tools.EvaluationMetrics"> 
      <void property="max"> 
       <double>0.40892573295566725</double> 
      </void> 
      <void property="mean"> 
       <double>0.396949138217134</double> 
      </void> 
      <void property="median"> 
       <double>0.4062655068433492</double> 
      </void> 
      <void property="min"> 
       <double>0.36342387485074973</double> 
      </void> 
      <void property="rawResults"> 
       <object class="java.util.ArrayList"> 
        <void method="add"> 
         <double>0.36342387485074973</double> 
        </void> 
        <void method="add"> 
         <double>0.36389558670860334</double> 
        </void> 
        <void method="add"> 
         <double>0.364369331368307</double> 
        </void> 
        <void method="add"> 
         <double>0.36553650386486297</double> 
        </void> 
        <void method="add"> 
         <double>0.39789649400286453</double> 
        </void> 
        <void method="add"> 
         <double>0.3985882670022363</double> 
        </void> 
        <void method="add"> 
         <double>0.39999423960295666</double> 
        </void> 
        <void method="add"> 
         <double>0.40084459623941165</double> 
        </void> 
        <void method="add"> 
         <double>0.40148262942083834</double> 
        </void> 
        <void method="add"> 
         <double>0.40579774470339314</double> 
        </void> 
        <void method="add"> 
         <double>0.40673153535596</double> 
        </void> 
        <void method="add"> 
         <double>0.40680946964297854</double> 
        </void> 
        <void method="add"> 
         <double>0.4069007545711636</double> 
        </void> 
        <void method="add"> 
         <double>0.4069284914572403</double> 
        </void> 
        <void method="add"> 
         <double>0.4077816740342587</double> 
        </void> 
        <void method="add"> 
         <double>0.40837102147972854</double> 
        </void> 
        <void method="add"> 
         <double>0.4085084815677831</double> 
        </void> 
        <void method="add"> 
         <double>0.40855497305628263</double> 
        </void> 
        <void method="add"> 
         <double>0.40856808256692895</double> 
        </void> 
        <void method="add"> 
         <double>0.4086052590350946</double> 
        </void> 
        <void method="add"> 
         <double>0.36344710351330595</double> 
        </void> 
        <void method="add"> 
         <double>0.3985337882151496</double> 
        </void> 
        <void method="add"> 
         <double>0.4062655068433492</double> 
        </void> 
        <void method="add"> 
         <double>0.40892573295566725</double> 
        </void> 
        <void method="add"> 
         <double>0.4069673133692337</double> 
        </void> 
       </object> 
      </void> 
      <void property="stdev"> 
       <double>0.0167637469644647</double> 
      </void> 
     </object> 
    </void> 
    <void index="10"> 
     <object class="jmbench.tools.EvaluationMetrics"> 
      <void property="max"> 
       <double>0.04852271769344954</double> 
      </void> 
      <void property="mean"> 
       <double>0.04670395715061886</double> 
      </void> 
      <void property="median"> 
       <double>0.04597763748137262</double> 
      </void> 
      <void property="min"> 
       <double>0.045611516277034435</double> 
      </void> 
      <void property="rawResults"> 
       <object class="java.util.ArrayList"> 
        <void method="add"> 
         <double>0.04597763748137262</double> 
        </void> 
        <void method="add"> 
         <double>0.045611516277034435</double> 
        </void> 
        <void method="add"> 
         <double>0.04852271769344954</double> 
        </void> 
       </object> 
      </void> 
      <void property="stdev"> 
       <double>0.0012947145420734805</double> 
      </void> 
     </object> 
    </void> 
   </array> 
  </void> 
  <void property="opName"> 
   <string>Solve m&gt;n</string> 
  </void> 
 </object> 
</java> 
