<?xml version="1.0" encoding="UTF-8"?> 
<java version="1.6.0_16" class="java.beans.XMLDecoder"> 
 <object class="jmbench.tools.runtime.OperationResults"> 
  <void property="library"> 
   <object class="jmbench.impl.MatrixLibrary" method="valueOf"> 
    <string>CM</string> 
   </object> 
  </void> 
  <void property="matDimen"> 
   <array class="int" length="12"> 
    <void index="0"> 
     <int>2</int> 
    </void> 
    <void index="1"> 
     <int>3</int> 
    </void> 
    <void index="2"> 
     <int>4</int> 
    </void> 
    <void index="3"> 
     <int>5</int> 
    </void> 
    <void index="4"> 
     <int>10</int> 
    </void> 
    <void index="5"> 
     <int>20</int> 
    </void> 
    <void index="6"> 
     <int>50</int> 
    </void> 
    <void index="7"> 
     <int>100</int> 
    </void> 
    <void index="8"> 
     <int>200</int> 
    </void> 
    <void index="9"> 
     <int>500</int> 
    </void> 
    <void index="10"> 
     <int>1000</int> 
    </void> 
    <void index="11"> 
     <int>2000</int> 
    </void> 
   </array> 
  </void> 
  <void property="metrics"> 
   <array class="jmbench.tools.EvaluationMetrics" length="12"> 
    <void index="0"> 
     <object class="jmbench.tools.EvaluationMetrics"> 
      <void property="max"> 
       <double>7962925.933278552</double> 
      </void> 
      <void property="mean"> 
       <double>7902600.809739979</double> 
      </void> 
      <void property="median"> 
       <double>7904552.2351947045</double> 
      </void> 
      <void property="min"> 
       <double>7826161.308312247</double> 
      </void> 
      <void property="rawResults"> 
       <object class="java.util.ArrayList"> 
        <void method="add"> 
         <double>7826161.308312247</double> 
        </void> 
        <void method="add"> 
         <double>7830901.746757752</double> 
        </void> 
        <void method="add"> 
         <double>7833005.292874904</double> 
        </void> 
        <void method="add"> 
         <double>7868368.319085233</double> 
        </void> 
        <void method="add"> 
         <double>7872999.718021066</double> 
        </void> 
        <void method="add"> 
         <double>7879745.461716235</double> 
        </void> 
        <void method="add"> 
         <double>7881064.8656390635</double> 
        </void> 
        <void method="add"> 
         <double>7888953.1386300335</double> 
        </void> 
        <void method="add"> 
         <double>7894592.77720915</double> 
        </void> 
        <void method="add"> 
         <double>7896092.667897696</double> 
        </void> 
        <void method="add"> 
         <double>7904552.2351947045</double> 
        </void> 
        <void method="add"> 
         <double>7906324.6722697215</double> 
        </void> 
        <void method="add"> 
         <double>7907850.645676218</double> 
        </void> 
        <void method="add"> 
         <double>7907955.23619474</double> 
        </void> 
        <void method="add"> 
         <double>7932453.299584385</double> 
        </void> 
        <void method="add"> 
         <double>7935370.60412052</double> 
        </void> 
        <void method="add"> 
         <double>7949330.582381611</double> 
        </void> 
        <void method="add"> 
         <double>7954210.773202552</double> 
        </void> 
        <void method="add"> 
         <double>7957615.800747464</double> 
        </void> 
        <void method="add"> 
         <double>7962925.933278552</double> 
        </void> 
        <void method="add"> 
         <double>7933012.772838948</double> 
        </void> 
        <void method="add"> 
         <double>7930301.28898634</double> 
        </void> 
        <void method="add"> 
         <double>7894846.283945071</double> 
        </void> 
        <void method="add"> 
         <double>7921761.614261477</double> 
        </void> 
        <void method="add"> 
         <double>7894623.204673759</double> 
        </void> 
       </object> 
      </void> 
      <void property="stdev"> 
       <double>37357.390591371935</double> 
      </void> 
     </object> 
    </void> 
    <void index="1"> 
     <object class="jmbench.tools.EvaluationMetrics"> 
      <void property="max"> 
       <double>6597101.993356941</double> 
      </void> 
      <void property="mean"> 
       <double>6362422.99747503</double> 
      </void> 
      <void property="median"> 
       <double>6355785.725398973</double> 
      </void> 
      <void property="min"> 
       <double>5963975.04236624</double> 
      </void> 
      <void property="rawResults"> 
       <object class="java.util.ArrayList"> 
        <void method="add"> 
         <double>6269986.125243556</double> 
        </void> 
        <void method="add"> 
         <double>6278975.946748166</double> 
        </void> 
        <void method="add"> 
         <double>6304710.979134441</double> 
        </void> 
        <void method="add"> 
         <double>6306256.932641153</double> 
        </void> 
        <void method="add"> 
         <double>6326468.038805388</double> 
        </void> 
        <void method="add"> 
         <double>6345395.719088986</double> 
        </void> 
        <void method="add"> 
         <double>6351568.401591693</double> 
        </void> 
        <void method="add"> 
         <double>6355785.725398973</double> 
        </void> 
        <void method="add"> 
         <double>6356372.955305282</double> 
        </void> 
        <void method="add"> 
         <double>6362248.7109117005</double> 
        </void> 
        <void method="add"> 
         <double>6555381.718412829</double> 
        </void> 
        <void method="add"> 
         <double>6559021.414777049</double> 
        </void> 
        <void method="add"> 
         <double>6566094.244737294</double> 
        </void> 
        <void method="add"> 
         <double>6579708.797758101</double> 
        </void> 
        <void method="add"> 
         <double>6580603.613890424</double> 
        </void> 
        <void method="add"> 
         <double>6585188.107985112</double> 
        </void> 
        <void method="add"> 
         <double>6588998.502981998</double> 
        </void> 
        <void method="add"> 
         <double>6591324.036561118</double> 
        </void> 
        <void method="add"> 
         <double>6592691.7655277215</double> 
        </void> 
        <void method="add"> 
         <double>6597101.993356941</double> 
        </void> 
        <void method="add"> 
         <double>6005496.970654965</double> 
        </void> 
        <void method="add"> 
         <double>5963975.04236624</double> 
        </void> 
        <void method="add"> 
         <double>6030205.685396613</double> 
        </void> 
        <void method="add"> 
         <double>6020273.247493332</double> 
        </void> 
        <void method="add"> 
         <double>5986740.260106658</double> 
        </void> 
       </object> 
      </void> 
      <void property="stdev"> 
       <double>214675.57102621652</double> 
      </void> 
     </object> 
    </void> 
    <void index="2"> 
     <object class="jmbench.tools.EvaluationMetrics"> 
      <void property="max"> 
       <double>4554424.47010292</double> 
      </void> 
      <void property="mean"> 
       <double>4432251.220497227</double> 
      </void> 
      <void property="median"> 
       <double>4431818.85914251</double> 
      </void> 
      <void property="min"> 
       <double>4275893.683722105</double> 
      </void> 
      <void property="rawResults"> 
       <object class="java.util.ArrayList"> 
        <void method="add"> 
         <double>4310165.149541977</double> 
        </void> 
        <void method="add"> 
         <double>4319887.051280116</double> 
        </void> 
        <void method="add"> 
         <double>4320593.753879459</double> 
        </void> 
        <void method="add"> 
         <double>4353818.21244477</double> 
        </void> 
        <void method="add"> 
         <double>4357389.97584214</double> 
        </void> 
        <void method="add"> 
         <double>4377388.205027777</double> 
        </void> 
        <void method="add"> 
         <double>4383875.5711996425</double> 
        </void> 
        <void method="add"> 
         <double>4385355.0650950875</double> 
        </void> 
        <void method="add"> 
         <double>4389597.198303488</double> 
        </void> 
        <void method="add"> 
         <double>4411772.730460493</double> 
        </void> 
        <void method="add"> 
         <double>4427019.75011776</double> 
        </void> 
        <void method="add"> 
         <double>4431818.85914251</double> 
        </void> 
        <void method="add"> 
         <double>4487083.332748287</double> 
        </void> 
        <void method="add"> 
         <double>4490037.664864502</double> 
        </void> 
        <void method="add"> 
         <double>4491371.067133406</double> 
        </void> 
        <void method="add"> 
         <double>4493448.77153008</double> 
        </void> 
        <void method="add"> 
         <double>4494131.994211776</double> 
        </void> 
        <void method="add"> 
         <double>4514179.372728675</double> 
        </void> 
        <void method="add"> 
         <double>4524229.97965305</double> 
        </void> 
        <void method="add"> 
         <double>4526430.839629111</double> 
        </void> 
        <void method="add"> 
         <double>4491510.105375937</double> 
        </void> 
        <void method="add"> 
         <double>4275893.683722105</double> 
        </void> 
        <void method="add"> 
         <double>4455145.760536516</double> 
        </void> 
        <void method="add"> 
         <double>4539711.947859096</double> 
        </void> 
        <void method="add"> 
         <double>4554424.47010292</double> 
        </void> 
       </object> 
      </void> 
      <void property="stdev"> 
       <double>79494.5988909996</double> 
      </void> 
     </object> 
    </void> 
    <void index="3"> 
     <object class="jmbench.tools.EvaluationMetrics"> 
      <void property="max"> 
       <double>4604690.863789512</double> 
      </void> 
      <void property="mean"> 
       <double>4441828.0594596</double> 
      </void> 
      <void property="median"> 
       <double>4534320.859272134</double> 
      </void> 
      <void property="min"> 
       <double>4138179.7943523447</double> 
      </void> 
      <void property="rawResults"> 
       <object class="java.util.ArrayList"> 
        <void method="add"> 
         <double>4138179.7943523447</double> 
        </void> 
        <void method="add"> 
         <double>4208043.934010503</double> 
        </void> 
        <void method="add"> 
         <double>4223822.118498347</double> 
        </void> 
        <void method="add"> 
         <double>4258265.232176173</double> 
        </void> 
        <void method="add"> 
         <double>4267679.709303667</double> 
        </void> 
        <void method="add"> 
         <double>4276864.379059128</double> 
        </void> 
        <void method="add"> 
         <double>4277810.5212707035</double> 
        </void> 
        <void method="add"> 
         <double>4319165.578008559</double> 
        </void> 
        <void method="add"> 
         <double>4324081.510940056</double> 
        </void> 
        <void method="add"> 
         <double>4330574.876136627</double> 
        </void> 
        <void method="add"> 
         <double>4578439.691164667</double> 
        </void> 
        <void method="add"> 
         <double>4579780.674192453</double> 
        </void> 
        <void method="add"> 
         <double>4580541.832870732</double> 
        </void> 
        <void method="add"> 
         <double>4591064.805347552</double> 
        </void> 
        <void method="add"> 
         <double>4597125.474782932</double> 
        </void> 
        <void method="add"> 
         <double>4599036.497697361</double> 
        </void> 
        <void method="add"> 
         <double>4600305.150708037</double> 
        </void> 
        <void method="add"> 
         <double>4602190.157244106</double> 
        </void> 
        <void method="add"> 
         <double>4602435.242165949</double> 
        </void> 
        <void method="add"> 
         <double>4604690.863789512</double> 
        </void> 
        <void method="add"> 
         <double>4534320.859272134</double> 
        </void> 
        <void method="add"> 
         <double>4557201.035425157</double> 
        </void> 
        <void method="add"> 
         <double>4547925.2878937395</double> 
        </void> 
        <void method="add"> 
         <double>4529731.867615081</double> 
        </void> 
        <void method="add"> 
         <double>4316424.392564462</double> 
        </void> 
       </object> 
      </void> 
      <void property="stdev"> 
       <double>160196.5470880129</double> 
      </void> 
     </object> 
    </void> 
    <void index="4"> 
     <object class="jmbench.tools.EvaluationMetrics"> 
      <void property="max"> 
       <double>1677426.5538448205</double> 
      </void> 
      <void property="mean"> 
       <double>1629960.5997352859</double> 
      </void> 
      <void property="median"> 
       <double>1628558.8374928173</double> 
      </void> 
      <void property="min"> 
       <double>1540783.9561952439</double> 
      </void> 
      <void property="rawResults"> 
       <object class="java.util.ArrayList"> 
        <void method="add"> 
         <double>1622560.8754930159</double> 
        </void> 
        <void method="add"> 
         <double>1623203.4933078936</double> 
        </void> 
        <void method="add"> 
         <double>1624049.0791320838</double> 
        </void> 
        <void method="add"> 
         <double>1625594.8021796653</double> 
        </void> 
        <void method="add"> 
         <double>1625717.1314732654</double> 
        </void> 
        <void method="add"> 
         <double>1625916.2025882055</double> 
        </void> 
        <void method="add"> 
         <double>1628245.8982996447</double> 
        </void> 
        <void method="add"> 
         <double>1628558.8374928173</double> 
        </void> 
        <void method="add"> 
         <double>1629895.2677783603</double> 
        </void> 
        <void method="add"> 
         <double>1630392.2942954858</double> 
        </void> 
        <void method="add"> 
         <double>1630650.9468381887</double> 
        </void> 
        <void method="add"> 
         <double>1632031.640014313</double> 
        </void> 
        <void method="add"> 
         <double>1634963.0767984814</double> 
        </void> 
        <void method="add"> 
         <double>1636142.4524300601</double> 
        </void> 
        <void method="add"> 
         <double>1636396.538316552</double> 
        </void> 
        <void method="add"> 
         <double>1665126.8448756265</double> 
        </void> 
        <void method="add"> 
         <double>1669951.1515466857</double> 
        </void> 
        <void method="add"> 
         <double>1672682.567998324</double> 
        </void> 
        <void method="add"> 
         <double>1674887.1235089565</double> 
        </void> 
        <void method="add"> 
         <double>1677426.5538448205</double> 
        </void> 
        <void method="add"> 
         <double>1626877.0897861517</double> 
        </void> 
        <void method="add"> 
         <double>1620455.0868565685</double> 
        </void> 
        <void method="add"> 
         <double>1624311.824821491</double> 
        </void> 
        <void method="add"> 
         <double>1542194.25751024</double> 
        </void> 
        <void method="add"> 
         <double>1540783.9561952439</double> 
        </void> 
       </object> 
      </void> 
      <void property="stdev"> 
       <double>31637.29999173525</double> 
      </void> 
     </object> 
    </void> 
    <void index="5"> 
     <object class="jmbench.tools.EvaluationMetrics"> 
      <void property="max"> 
       <double>613643.1714077964</double> 
      </void> 
      <void property="mean"> 
       <double>589602.2710145923</double> 
      </void> 
      <void property="median"> 
       <double>595566.2764319958</double> 
      </void> 
      <void property="min"> 
       <double>539130.2187831093</double> 
      </void> 
      <void property="rawResults"> 
       <object class="java.util.ArrayList"> 
        <void method="add"> 
         <double>539130.2187831093</double> 
        </void> 
        <void method="add"> 
         <double>551896.883743707</double> 
        </void> 
        <void method="add"> 
         <double>564417.9624761806</double> 
        </void> 
        <void method="add"> 
         <double>565870.7255426713</double> 
        </void> 
        <void method="add"> 
         <double>573607.0935635043</double> 
        </void> 
        <void method="add"> 
         <double>577693.6935968461</double> 
        </void> 
        <void method="add"> 
         <double>578109.1201937624</double> 
        </void> 
        <void method="add"> 
         <double>588537.7382881975</double> 
        </void> 
        <void method="add"> 
         <double>594567.5209947415</double> 
        </void> 
        <void method="add"> 
         <double>594741.8870676309</double> 
        </void> 
        <void method="add"> 
         <double>595566.2764319958</double> 
        </void> 
        <void method="add"> 
         <double>595935.9037668399</double> 
        </void> 
        <void method="add"> 
         <double>598125.4915203486</double> 
        </void> 
        <void method="add"> 
         <double>598543.7336963745</double> 
        </void> 
        <void method="add"> 
         <double>610252.6416575138</double> 
        </void> 
        <void method="add"> 
         <double>611618.1597721919</double> 
        </void> 
        <void method="add"> 
         <double>613209.6375836363</double> 
        </void> 
        <void method="add"> 
         <double>613417.2820963868</double> 
        </void> 
        <void method="add"> 
         <double>613600.7940392768</double> 
        </void> 
        <void method="add"> 
         <double>613643.1714077964</double> 
        </void> 
        <void method="add"> 
         <double>603661.2591886193</double> 
        </void> 
        <void method="add"> 
         <double>599538.7571527703</double> 
        </void> 
        <void method="add"> 
         <double>562703.4889600119</double> 
        </void> 
        <void method="add"> 
         <double>576504.1191229231</double> 
        </void> 
        <void method="add"> 
         <double>605163.2147177701</double> 
        </void> 
       </object> 
      </void> 
      <void property="stdev"> 
       <double>20591.18828124324</double> 
      </void> 
     </object> 
    </void> 
    <void index="6"> 
     <object class="jmbench.tools.EvaluationMetrics"> 
      <void property="max"> 
       <double>96801.15345935097</double> 
      </void> 
      <void property="mean"> 
       <double>93671.70427261486</double> 
      </void> 
      <void property="median"> 
       <double>94548.12663528403</double> 
      </void> 
      <void property="min"> 
       <double>87119.26843160107</double> 
      </void> 
      <void property="rawResults"> 
       <object class="java.util.ArrayList"> 
        <void method="add"> 
         <double>87119.26843160107</double> 
        </void> 
        <void method="add"> 
         <double>90108.66175051537</double> 
        </void> 
        <void method="add"> 
         <double>91322.28430536148</double> 
        </void> 
        <void method="add"> 
         <double>91644.35442531458</double> 
        </void> 
        <void method="add"> 
         <double>92398.62329904869</double> 
        </void> 
        <void method="add"> 
         <double>92842.78695622012</double> 
        </void> 
        <void method="add"> 
         <double>93031.79985003694</double> 
        </void> 
        <void method="add"> 
         <double>93995.84749821224</double> 
        </void> 
        <void method="add"> 
         <double>94104.29217977058</double> 
        </void> 
        <void method="add"> 
         <double>94434.79169140781</double> 
        </void> 
        <void method="add"> 
         <double>94548.12663528403</double> 
        </void> 
        <void method="add"> 
         <double>94700.2698465067</double> 
        </void> 
        <void method="add"> 
         <double>94894.40815942334</double> 
        </void> 
        <void method="add"> 
         <double>95096.87052176925</double> 
        </void> 
        <void method="add"> 
         <double>95920.36606414805</double> 
        </void> 
        <void method="add"> 
         <double>96013.80129379773</double> 
        </void> 
        <void method="add"> 
         <double>96032.5309086957</double> 
        </void> 
        <void method="add"> 
         <double>96114.01606705545</double> 
        </void> 
        <void method="add"> 
         <double>96769.02727146694</double> 
        </void> 
        <void method="add"> 
         <double>96801.15345935097</double> 
        </void> 
        <void method="add"> 
         <double>88831.25588549688</double> 
        </void> 
        <void method="add"> 
         <double>88478.36358920256</double> 
        </void> 
        <void method="add"> 
         <double>96262.2894935736</double> 
        </void> 
        <void method="add"> 
         <double>95266.53617435886</double> 
        </void> 
        <void method="add"> 
         <double>95060.88105775311</double> 
        </void> 
       </object> 
      </void> 
      <void property="stdev"> 
       <double>2662.749756344582</double> 
      </void> 
     </object> 
    </void> 
    <void index="7"> 
     <object class="jmbench.tools.EvaluationMetrics"> 
      <void property="max"> 
       <double>23657.019942137482</double> 
      </void> 
      <void property="mean"> 
       <double>22506.112683491217</double> 
      </void> 
      <void property="median"> 
       <double>22636.682750249023</double> 
      </void> 
      <void property="min"> 
       <double>20996.668715162592</double> 
      </void> 
      <void property="rawResults"> 
       <object class="java.util.ArrayList"> 
        <void method="add"> 
         <double>20996.668715162592</double> 
        </void> 
        <void method="add"> 
         <double>21104.244276216563</double> 
        </void> 
        <void method="add"> 
         <double>21439.63619489251</double> 
        </void> 
        <void method="add"> 
         <double>21659.684622062778</double> 
        </void> 
        <void method="add"> 
         <double>21972.85994932731</double> 
        </void> 
        <void method="add"> 
         <double>22011.919663492892</double> 
        </void> 
        <void method="add"> 
         <double>22117.462058911173</double> 
        </void> 
        <void method="add"> 
         <double>22303.10172891323</double> 
        </void> 
        <void method="add"> 
         <double>22305.62836380473</double> 
        </void> 
        <void method="add"> 
         <double>22372.12572089479</double> 
        </void> 
        <void method="add"> 
         <double>22416.22895709886</double> 
        </void> 
        <void method="add"> 
         <double>22469.229786656393</double> 
        </void> 
        <void method="add"> 
         <double>22636.682750249023</double> 
        </void> 
        <void method="add"> 
         <double>22658.330667053295</double> 
        </void> 
        <void method="add"> 
         <double>22966.008180224282</double> 
        </void> 
        <void method="add"> 
         <double>23009.115412391016</double> 
        </void> 
        <void method="add"> 
         <double>23028.153583176736</double> 
        </void> 
        <void method="add"> 
         <double>23042.741993193322</double> 
        </void> 
        <void method="add"> 
         <double>23174.60549583394</double> 
        </void> 
        <void method="add"> 
         <double>23261.73850135409</double> 
        </void> 
        <void method="add"> 
         <double>22881.57354107457</double> 
        </void> 
        <void method="add"> 
         <double>23311.198064006105</double> 
        </void> 
        <void method="add"> 
         <double>22814.66827166002</double> 
        </void> 
        <void method="add"> 
         <double>23657.019942137482</double> 
        </void> 
        <void method="add"> 
         <double>23042.190647492665</double> 
        </void> 
       </object> 
      </void> 
      <void property="stdev"> 
       <double>677.2088229381725</double> 
      </void> 
     </object> 
    </void> 
    <void index="8"> 
     <object class="jmbench.tools.EvaluationMetrics"> 
      <void property="max"> 
       <double>5386.443720948672</double> 
      </void> 
      <void property="mean"> 
       <double>5320.65758714017</double> 
      </void> 
      <void property="median"> 
       <double>5352.846788092315</double> 
      </void> 
      <void property="min"> 
       <double>4946.1755693787545</double> 
      </void> 
      <void property="rawResults"> 
       <object class="java.util.ArrayList"> 
        <void method="add"> 
         <double>5311.56256833393</double> 
        </void> 
        <void method="add"> 
         <double>5312.642410472609</double> 
        </void> 
        <void method="add"> 
         <double>5313.51486233097</double> 
        </void> 
        <void method="add"> 
         <double>5322.767228602286</double> 
        </void> 
        <void method="add"> 
         <double>5326.20636113921</double> 
        </void> 
        <void method="add"> 
         <double>5327.47492586877</double> 
        </void> 
        <void method="add"> 
         <double>5331.242150149991</double> 
        </void> 
        <void method="add"> 
         <double>5347.497932091796</double> 
        </void> 
        <void method="add"> 
         <double>5349.412165643078</double> 
        </void> 
        <void method="add"> 
         <double>5361.278040808892</double> 
        </void> 
        <void method="add"> 
         <double>5362.283938477136</double> 
        </void> 
        <void method="add"> 
         <double>5362.819648765529</double> 
        </void> 
        <void method="add"> 
         <double>5365.373311302833</double> 
        </void> 
        <void method="add"> 
         <double>5368.688940897788</double> 
        </void> 
        <void method="add"> 
         <double>5370.507240963023</double> 
        </void> 
        <void method="add"> 
         <double>5372.9637077241005</double> 
        </void> 
        <void method="add"> 
         <double>5374.080001386911</double> 
        </void> 
        <void method="add"> 
         <double>5375.641830296871</double> 
        </void> 
        <void method="add"> 
         <double>5377.870346342647</double> 
        </void> 
        <void method="add"> 
         <double>5386.443720948672</double> 
        </void> 
        <void method="add"> 
         <double>5335.742917221661</double> 
        </void> 
        <void method="add"> 
         <double>5352.846788092315</double> 
        </void> 
        <void method="add"> 
         <double>5362.151394322007</double> 
        </void> 
        <void method="add"> 
         <double>4999.251676942447</double> 
        </void> 
        <void method="add"> 
         <double>4946.1755693787545</double> 
        </void> 
       </object> 
      </void> 
      <void property="stdev"> 
       <double>105.19108775268653</double> 
      </void> 
     </object> 
    </void> 
    <void index="9"> 
     <object class="jmbench.tools.EvaluationMetrics"> 
      <void property="max"> 
       <double>511.77226393706695</double> 
      </void> 
      <void property="mean"> 
       <double>477.49127159325445</double> 
      </void> 
      <void property="median"> 
       <double>482.6562228512466</double> 
      </void> 
      <void property="min"> 
       <double>404.2530754401477</double> 
      </void> 
      <void property="rawResults"> 
       <object class="java.util.ArrayList"> 
        <void method="add"> 
         <double>434.4162350035345</double> 
        </void> 
        <void method="add"> 
         <double>439.43653266348537</double> 
        </void> 
        <void method="add"> 
         <double>445.96050897956167</double> 
        </void> 
        <void method="add"> 
         <double>461.42204475890554</double> 
        </void> 
        <void method="add"> 
         <double>462.6336280245446</double> 
        </void> 
        <void method="add"> 
         <double>464.1852298923218</double> 
        </void> 
        <void method="add"> 
         <double>474.32183523257197</double> 
        </void> 
        <void method="add"> 
         <double>477.4608325559265</double> 
        </void> 
        <void method="add"> 
         <double>482.6562228512466</double> 
        </void> 
        <void method="add"> 
         <double>485.83270418492225</double> 
        </void> 
        <void method="add"> 
         <double>490.7382767439132</double> 
        </void> 
        <void method="add"> 
         <double>491.72318613778197</double> 
        </void> 
        <void method="add"> 
         <double>499.24459552576786</double> 
        </void> 
        <void method="add"> 
         <double>501.10069500626</double> 
        </void> 
        <void method="add"> 
         <double>504.544492967945</double> 
        </void> 
        <void method="add"> 
         <double>504.7765289457063</double> 
        </void> 
        <void method="add"> 
         <double>504.89966235865074</double> 
        </void> 
        <void method="add"> 
         <double>506.2073525251778</double> 
        </void> 
        <void method="add"> 
         <double>511.71071818629053</double> 
        </void> 
        <void method="add"> 
         <double>511.77226393706695</double> 
        </void> 
        <void method="add"> 
         <double>433.2517773075943</double> 
        </void> 
        <void method="add"> 
         <double>478.62575383049995</double> 
        </void> 
        <void method="add"> 
         <double>404.2530754401477</double> 
        </void> 
        <void method="add"> 
         <double>466.72524535987554</double> 
        </void> 
        <void method="add"> 
         <double>499.38239141166315</double> 
        </void> 
       </object> 
      </void> 
      <void property="stdev"> 
       <double>28.13148429171168</double> 
      </void> 
     </object> 
    </void> 
    <void index="10"> 
     <object class="jmbench.tools.EvaluationMetrics"> 
      <void property="max"> 
       <double>107.28389304821715</double> 
      </void> 
      <void property="mean"> 
       <double>103.69683302071252</double> 
      </void> 
      <void property="median"> 
       <double>105.21344673346603</double> 
      </void> 
      <void property="min"> 
       <double>95.54868833428903</double> 
      </void> 
      <void property="rawResults"> 
       <object class="java.util.ArrayList"> 
        <void method="add"> 
         <double>95.54868833428903</double> 
        </void> 
        <void method="add"> 
         <double>96.88723409769855</double> 
        </void> 
        <void method="add"> 
         <double>97.71964287846461</double> 
        </void> 
        <void method="add"> 
         <double>98.5286878997585</double> 
        </void> 
        <void method="add"> 
         <double>99.28927860898993</double> 
        </void> 
        <void method="add"> 
         <double>101.84016893483673</double> 
        </void> 
        <void method="add"> 
         <double>102.06485018077113</double> 
        </void> 
        <void method="add"> 
         <double>102.26575095382975</double> 
        </void> 
        <void method="add"> 
         <double>104.403802564925</double> 
        </void> 
        <void method="add"> 
         <double>104.80340379539676</double> 
        </void> 
        <void method="add"> 
         <double>105.12239542315179</double> 
        </void> 
        <void method="add"> 
         <double>105.38126503383727</double> 
        </void> 
        <void method="add"> 
         <double>105.56363366600569</double> 
        </void> 
        <void method="add"> 
         <double>105.657472453551</double> 
        </void> 
        <void method="add"> 
         <double>105.79153518292112</double> 
        </void> 
        <void method="add"> 
         <double>105.93258653500665</double> 
        </void> 
        <void method="add"> 
         <double>106.11313961161906</double> 
        </void> 
        <void method="add"> 
         <double>106.25106737633782</double> 
        </void> 
        <void method="add"> 
         <double>106.47599449849352</double> 
        </void> 
        <void method="add"> 
         <double>106.77229972798341</double> 
        </void> 
        <void method="add"> 
         <double>104.77740743621023</double> 
        </void> 
        <void method="add"> 
         <double>105.5608905433878</double> 
        </void> 
        <void method="add"> 
         <double>105.21344673346603</double> 
        </void> 
        <void method="add"> 
         <double>107.28389304821715</double> 
        </void> 
        <void method="add"> 
         <double>107.17228999866443</double> 
        </void> 
       </object> 
      </void> 
      <void property="stdev"> 
       <double>3.391323915737193</double> 
      </void> 
     </object> 
    </void> 
    <void index="11"> 
     <object class="jmbench.tools.EvaluationMetrics"> 
      <void property="max"> 
       <double>23.315215607762763</double> 
      </void> 
      <void property="mean"> 
       <double>22.456089753932357</double> 
      </void> 
      <void property="median"> 
       <double>22.644671761117063</double> 
      </void> 
      <void property="min"> 
       <double>19.7809227985635</double> 
      </void> 
      <void property="rawResults"> 
       <object class="java.util.ArrayList"> 
        <void method="add"> 
         <double>20.30013458110565</double> 
        </void> 
        <void method="add"> 
         <double>21.541094851197048</double> 
        </void> 
        <void method="add"> 
         <double>21.72615666396386</double> 
        </void> 
        <void method="add"> 
         <double>22.016031760275617</double> 
        </void> 
        <void method="add"> 
         <double>22.19856036789415</double> 
        </void> 
        <void method="add"> 
         <double>22.269592518767183</double> 
        </void> 
        <void method="add"> 
         <double>22.51720241559359</double> 
        </void> 
        <void method="add"> 
         <double>22.571032177144893</double> 
        </void> 
        <void method="add"> 
         <double>22.584982845926852</double> 
        </void> 
        <void method="add"> 
         <double>22.644671761117063</double> 
        </void> 
        <void method="add"> 
         <double>22.7905567255814</double> 
        </void> 
        <void method="add"> 
         <double>22.86236563491978</double> 
        </void> 
        <void method="add"> 
         <double>22.92092881952019</double> 
        </void> 
        <void method="add"> 
         <double>23.097135641752292</double> 
        </void> 
        <void method="add"> 
         <double>23.106403555777334</double> 
        </void> 
        <void method="add"> 
         <double>23.190216880463836</double> 
        </void> 
        <void method="add"> 
         <double>23.224515725574385</double> 
        </void> 
        <void method="add"> 
         <double>23.272488304772555</double> 
        </void> 
        <void method="add"> 
         <double>23.310020895965202</double> 
        </void> 
        <void method="add"> 
         <double>23.315215607762763</double> 
        </void> 
        <void method="add"> 
         <double>19.7809227985635</double> 
        </void> 
        <void method="add"> 
         <double>21.585299567441066</double> 
        </void> 
        <void method="add"> 
         <double>23.035025092318623</double> 
        </void> 
        <void method="add"> 
         <double>22.949465939568487</double> 
        </void> 
        <void method="add"> 
         <double>22.592222715341688</double> 
        </void> 
       </object> 
      </void> 
      <void property="stdev"> 
       <double>0.8828142369270038</double> 
      </void> 
     </object> 
    </void> 
   </array> 
  </void> 
  <void property="opName"> 
   <string>Transpose b=a^T</string> 
  </void> 
 </object> 
</java> 
