<?xml version="1.0" encoding="UTF-8"?> 
<java version="1.6.0_21" class="java.beans.XMLDecoder"> 
 <object class="jmbench.tools.SystemInfo"> 
  <void property="javaHome"> 
   <string>/usr/bin/ejre</string> 
  </void> 
  <void property="javaVendor"> 
   <string>Sun Microsystems Inc.</string> 
  </void> 
  <void property="javaVersion"> 
   <string>1.6.0_21</string> 
  </void> 
  <void property="javaVmName"> 
   <string>Java HotSpot(TM) Client VM</string> 
  </void> 
  <void property="javaVmVersion"> 
   <string>19.0-b02</string> 
  </void> 
  <void property="memory"> 
   <long>5111808</long> 
  </void> 
  <void property="numCPU"> 
   <int>1</int> 
  </void> 
  <void property="osArch"> 
   <string>arm</string> 
  </void> 
  <void property="osName"> 
   <string>Linux</string> 
  </void> 
  <void property="osVersion"> 
   <string>2.6.32</string> 
  </void> 
  <void property="time"> 
   <long>182352697</long> 
  </void> 
 </object> 
</java> 
