<?xml version="1.0" encoding="UTF-8"?> 
<java version="1.6.0_16" class="java.beans.XMLDecoder"> 
 <object class="jmbench.tools.runtime.OperationResults"> 
  <void property="complete"> 
   <boolean>true</boolean> 
  </void> 
  <void property="library"> 
   <object class="jmbench.impl.MatrixLibrary"> 
    <void property="dateModified"> 
     <string></string> 
    </void> 
    <void property="dirName"> 
     <string>commons-math-2.1a</string> 
    </void> 
    <void property="extraLibs"> 
     <boolean>true</boolean> 
    </void> 
    <void property="plotLineType"> 
     <int>4</int> 
    </void> 
    <void property="plotName"> 
     <string>CommMath</string> 
    </void> 
    <void property="versionName"> 
     <string>Commons Math 2.1a</string> 
    </void> 
   </object> 
  </void> 
  <void property="matDimen"> 
   <array class="int" length="13"> 
    <void index="0"> 
     <int>2</int> 
    </void> 
    <void index="1"> 
     <int>3</int> 
    </void> 
    <void index="2"> 
     <int>4</int> 
    </void> 
    <void index="3"> 
     <int>5</int> 
    </void> 
    <void index="4"> 
     <int>10</int> 
    </void> 
    <void index="5"> 
     <int>20</int> 
    </void> 
    <void index="6"> 
     <int>50</int> 
    </void> 
    <void index="7"> 
     <int>100</int> 
    </void> 
    <void index="8"> 
     <int>200</int> 
    </void> 
    <void index="9"> 
     <int>500</int> 
    </void> 
    <void index="10"> 
     <int>1000</int> 
    </void> 
    <void index="11"> 
     <int>2000</int> 
    </void> 
    <void index="12"> 
     <int>5000</int> 
    </void> 
   </array> 
  </void> 
  <void property="metrics"> 
   <array class="jmbench.tools.runtime.RuntimeEvaluationMetrics" length="13"> 
    <void index="0"> 
     <object class="jmbench.tools.runtime.RuntimeEvaluationMetrics"> 
      <void property="max"> 
       <double>4208839.28353963</double> 
      </void> 
      <void property="mean"> 
       <double>4180399.6967673185</double> 
      </void> 
      <void property="median"> 
       <double>4208839.28353963</double> 
      </void> 
      <void property="min"> 
       <double>4151960.109995008</double> 
      </void> 
      <void property="rawResults"> 
       <object class="java.util.ArrayList"> 
        <void method="add"> 
         <object class="jmbench.tools.runtime.RuntimeResults"> 
          <void property="error"> 
           <object id="OutputError0" class="jmbench.tools.OutputError" method="valueOf"> 
            <string>NO_ERROR</string> 
           </object> 
          </void> 
          <void property="opsPerSec"> 
           <double>4151960.109995008</double> 
          </void> 
         </object> 
        </void> 
        <void method="add"> 
         <object class="jmbench.tools.runtime.RuntimeResults"> 
          <void property="error"> 
           <object idref="OutputError0"/> 
          </void> 
          <void property="opsPerSec"> 
           <double>4208839.28353963</double> 
          </void> 
         </object> 
        </void> 
       </object> 
      </void> 
      <void property="stdev"> 
       <double>28439.58677231078</double> 
      </void> 
     </object> 
    </void> 
    <void index="1"> 
     <object class="jmbench.tools.runtime.RuntimeEvaluationMetrics"> 
      <void property="max"> 
       <double>3223473.675012602</double> 
      </void> 
      <void property="mean"> 
       <double>3216638.1279819156</double> 
      </void> 
      <void property="median"> 
       <double>3223473.675012602</double> 
      </void> 
      <void property="min"> 
       <double>3209802.580951229</double> 
      </void> 
      <void property="rawResults"> 
       <object class="java.util.ArrayList"> 
        <void method="add"> 
         <object class="jmbench.tools.runtime.RuntimeResults"> 
          <void property="error"> 
           <object idref="OutputError0"/> 
          </void> 
          <void property="opsPerSec"> 
           <double>3223473.675012602</double> 
          </void> 
         </object> 
        </void> 
        <void method="add"> 
         <object class="jmbench.tools.runtime.RuntimeResults"> 
          <void property="error"> 
           <object idref="OutputError0"/> 
          </void> 
          <void property="opsPerSec"> 
           <double>3209802.580951229</double> 
          </void> 
         </object> 
        </void> 
       </object> 
      </void> 
      <void property="stdev"> 
       <double>6835.547030686401</double> 
      </void> 
     </object> 
    </void> 
    <void index="2"> 
     <object class="jmbench.tools.runtime.RuntimeEvaluationMetrics"> 
      <void property="max"> 
       <double>2534662.045516602</double> 
      </void> 
      <void property="mean"> 
       <double>2531869.894510556</double> 
      </void> 
      <void property="median"> 
       <double>2534662.045516602</double> 
      </void> 
      <void property="min"> 
       <double>2529077.7435045093</double> 
      </void> 
      <void property="rawResults"> 
       <object class="java.util.ArrayList"> 
        <void method="add"> 
         <object class="jmbench.tools.runtime.RuntimeResults"> 
          <void property="error"> 
           <object idref="OutputError0"/> 
          </void> 
          <void property="opsPerSec"> 
           <double>2529077.7435045093</double> 
          </void> 
         </object> 
        </void> 
        <void method="add"> 
         <object class="jmbench.tools.runtime.RuntimeResults"> 
          <void property="error"> 
           <object idref="OutputError0"/> 
          </void> 
          <void property="opsPerSec"> 
           <double>2534662.045516602</double> 
          </void> 
         </object> 
        </void> 
       </object> 
      </void> 
      <void property="stdev"> 
       <double>2792.1510060464498</double> 
      </void> 
     </object> 
    </void> 
    <void index="3"> 
     <object class="jmbench.tools.runtime.RuntimeEvaluationMetrics"> 
      <void property="max"> 
       <double>2081505.5859496014</double> 
      </void> 
      <void property="mean"> 
       <double>2070526.380765002</double> 
      </void> 
      <void property="median"> 
       <double>2081505.5859496014</double> 
      </void> 
      <void property="min"> 
       <double>2059547.1755804026</double> 
      </void> 
      <void property="rawResults"> 
       <object class="java.util.ArrayList"> 
        <void method="add"> 
         <object class="jmbench.tools.runtime.RuntimeResults"> 
          <void property="error"> 
           <object idref="OutputError0"/> 
          </void> 
          <void property="opsPerSec"> 
           <double>2059547.1755804026</double> 
          </void> 
         </object> 
        </void> 
        <void method="add"> 
         <object class="jmbench.tools.runtime.RuntimeResults"> 
          <void property="error"> 
           <object idref="OutputError0"/> 
          </void> 
          <void property="opsPerSec"> 
           <double>2081505.5859496014</double> 
          </void> 
         </object> 
        </void> 
       </object> 
      </void> 
      <void property="stdev"> 
       <double>10979.205184599385</double> 
      </void> 
     </object> 
    </void> 
    <void index="4"> 
     <object class="jmbench.tools.runtime.RuntimeEvaluationMetrics"> 
      <void property="max"> 
       <double>967250.6518720442</double> 
      </void> 
      <void property="mean"> 
       <double>950087.5890583505</double> 
      </void> 
      <void property="median"> 
       <double>967250.6518720442</double> 
      </void> 
      <void property="min"> 
       <double>932924.5262446569</double> 
      </void> 
      <void property="rawResults"> 
       <object class="java.util.ArrayList"> 
        <void method="add"> 
         <object class="jmbench.tools.runtime.RuntimeResults"> 
          <void property="error"> 
           <object idref="OutputError0"/> 
          </void> 
          <void property="opsPerSec"> 
           <double>967250.6518720442</double> 
          </void> 
         </object> 
        </void> 
        <void method="add"> 
         <object class="jmbench.tools.runtime.RuntimeResults"> 
          <void property="error"> 
           <object idref="OutputError0"/> 
          </void> 
          <void property="opsPerSec"> 
           <double>932924.5262446569</double> 
          </void> 
         </object> 
        </void> 
       </object> 
      </void> 
      <void property="stdev"> 
       <double>17163.062813693658</double> 
      </void> 
     </object> 
    </void> 
    <void index="5"> 
     <object class="jmbench.tools.runtime.RuntimeEvaluationMetrics"> 
      <void property="max"> 
       <double>435622.3569983684</double> 
      </void> 
      <void property="mean"> 
       <double>433318.1118050239</double> 
      </void> 
      <void property="median"> 
       <double>435622.3569983684</double> 
      </void> 
      <void property="min"> 
       <double>431013.86661167943</double> 
      </void> 
      <void property="rawResults"> 
       <object class="java.util.ArrayList"> 
        <void method="add"> 
         <object class="jmbench.tools.runtime.RuntimeResults"> 
          <void property="error"> 
           <object idref="OutputError0"/> 
          </void> 
          <void property="opsPerSec"> 
           <double>431013.86661167943</double> 
          </void> 
         </object> 
        </void> 
        <void method="add"> 
         <object class="jmbench.tools.runtime.RuntimeResults"> 
          <void property="error"> 
           <object idref="OutputError0"/> 
          </void> 
          <void property="opsPerSec"> 
           <double>435622.3569983684</double> 
          </void> 
         </object> 
        </void> 
       </object> 
      </void> 
      <void property="stdev"> 
       <double>2304.2451933444827</double> 
      </void> 
     </object> 
    </void> 
    <void index="6"> 
     <object class="jmbench.tools.runtime.RuntimeEvaluationMetrics"> 
      <void property="max"> 
       <double>85489.26288078158</double> 
      </void> 
      <void property="mean"> 
       <double>84395.22410087769</double> 
      </void> 
      <void property="median"> 
       <double>85489.26288078158</double> 
      </void> 
      <void property="min"> 
       <double>83301.1853209738</double> 
      </void> 
      <void property="rawResults"> 
       <object class="java.util.ArrayList"> 
        <void method="add"> 
         <object class="jmbench.tools.runtime.RuntimeResults"> 
          <void property="error"> 
           <object idref="OutputError0"/> 
          </void> 
          <void property="opsPerSec"> 
           <double>83301.1853209738</double> 
          </void> 
         </object> 
        </void> 
        <void method="add"> 
         <object class="jmbench.tools.runtime.RuntimeResults"> 
          <void property="error"> 
           <object idref="OutputError0"/> 
          </void> 
          <void property="opsPerSec"> 
           <double>85489.26288078158</double> 
          </void> 
         </object> 
        </void> 
       </object> 
      </void> 
      <void property="stdev"> 
       <double>1094.0387799038872</double> 
      </void> 
     </object> 
    </void> 
    <void index="7"> 
     <object class="jmbench.tools.runtime.RuntimeEvaluationMetrics"> 
      <void property="max"> 
       <double>22512.8441863771</double> 
      </void> 
      <void property="mean"> 
       <double>22415.10914722982</double> 
      </void> 
      <void property="median"> 
       <double>22512.8441863771</double> 
      </void> 
      <void property="min"> 
       <double>22317.37410808254</double> 
      </void> 
      <void property="rawResults"> 
       <object class="java.util.ArrayList"> 
        <void method="add"> 
         <object class="jmbench.tools.runtime.RuntimeResults"> 
          <void property="error"> 
           <object idref="OutputError0"/> 
          </void> 
          <void property="opsPerSec"> 
           <double>22317.37410808254</double> 
          </void> 
         </object> 
        </void> 
        <void method="add"> 
         <object class="jmbench.tools.runtime.RuntimeResults"> 
          <void property="error"> 
           <object idref="OutputError0"/> 
          </void> 
          <void property="opsPerSec"> 
           <double>22512.8441863771</double> 
          </void> 
         </object> 
        </void> 
       </object> 
      </void> 
      <void property="stdev"> 
       <double>97.73503914728097</double> 
      </void> 
     </object> 
    </void> 
    <void index="8"> 
     <object class="jmbench.tools.runtime.RuntimeEvaluationMetrics"> 
      <void property="max"> 
       <double>4884.616169273204</double> 
      </void> 
      <void property="mean"> 
       <double>4882.366407400032</double> 
      </void> 
      <void property="median"> 
       <double>4884.616169273204</double> 
      </void> 
      <void property="min"> 
       <double>4880.116645526859</double> 
      </void> 
      <void property="rawResults"> 
       <object class="java.util.ArrayList"> 
        <void method="add"> 
         <object class="jmbench.tools.runtime.RuntimeResults"> 
          <void property="error"> 
           <object idref="OutputError0"/> 
          </void> 
          <void property="opsPerSec"> 
           <double>4880.116645526859</double> 
          </void> 
         </object> 
        </void> 
        <void method="add"> 
         <object class="jmbench.tools.runtime.RuntimeResults"> 
          <void property="error"> 
           <object idref="OutputError0"/> 
          </void> 
          <void property="opsPerSec"> 
           <double>4884.616169273204</double> 
          </void> 
         </object> 
        </void> 
       </object> 
      </void> 
      <void property="stdev"> 
       <double>2.249761873172247</double> 
      </void> 
     </object> 
    </void> 
    <void index="9"> 
     <object class="jmbench.tools.runtime.RuntimeEvaluationMetrics"> 
      <void property="max"> 
       <double>227.9453539210223</double> 
      </void> 
      <void property="mean"> 
       <double>227.55468199943866</double> 
      </void> 
      <void property="median"> 
       <double>227.9453539210223</double> 
      </void> 
      <void property="min"> 
       <double>227.16401007785504</double> 
      </void> 
      <void property="rawResults"> 
       <object class="java.util.ArrayList"> 
        <void method="add"> 
         <object class="jmbench.tools.runtime.RuntimeResults"> 
          <void property="error"> 
           <object idref="OutputError0"/> 
          </void> 
          <void property="opsPerSec"> 
           <double>227.9453539210223</double> 
          </void> 
         </object> 
        </void> 
        <void method="add"> 
         <object class="jmbench.tools.runtime.RuntimeResults"> 
          <void property="error"> 
           <object idref="OutputError0"/> 
          </void> 
          <void property="opsPerSec"> 
           <double>227.16401007785504</double> 
          </void> 
         </object> 
        </void> 
       </object> 
      </void> 
      <void property="stdev"> 
       <double>0.39067192158363184</double> 
      </void> 
     </object> 
    </void> 
    <void index="10"> 
     <object class="jmbench.tools.runtime.RuntimeEvaluationMetrics"> 
      <void property="max"> 
       <double>45.54230254310528</double> 
      </void> 
      <void property="mean"> 
       <double>42.792506121440454</double> 
      </void> 
      <void property="median"> 
       <double>45.54230254310528</double> 
      </void> 
      <void property="min"> 
       <double>40.042709699775635</double> 
      </void> 
      <void property="rawResults"> 
       <object class="java.util.ArrayList"> 
        <void method="add"> 
         <object class="jmbench.tools.runtime.RuntimeResults"> 
          <void property="error"> 
           <object idref="OutputError0"/> 
          </void> 
          <void property="opsPerSec"> 
           <double>40.042709699775635</double> 
          </void> 
         </object> 
        </void> 
        <void method="add"> 
         <object class="jmbench.tools.runtime.RuntimeResults"> 
          <void property="error"> 
           <object idref="OutputError0"/> 
          </void> 
          <void property="opsPerSec"> 
           <double>45.54230254310528</double> 
          </void> 
         </object> 
        </void> 
       </object> 
      </void> 
      <void property="stdev"> 
       <double>2.749796421664822</double> 
      </void> 
     </object> 
    </void> 
    <void index="11"> 
     <object class="jmbench.tools.runtime.RuntimeEvaluationMetrics"> 
      <void property="max"> 
       <double>12.401689113033601</double> 
      </void> 
      <void property="mean"> 
       <double>11.607901962972438</double> 
      </void> 
      <void property="median"> 
       <double>12.401689113033601</double> 
      </void> 
      <void property="min"> 
       <double>10.814114812911273</double> 
      </void> 
      <void property="rawResults"> 
       <object class="java.util.ArrayList"> 
        <void method="add"> 
         <object class="jmbench.tools.runtime.RuntimeResults"> 
          <void property="error"> 
           <object idref="OutputError0"/> 
          </void> 
          <void property="opsPerSec"> 
           <double>12.401689113033601</double> 
          </void> 
         </object> 
        </void> 
        <void method="add"> 
         <object class="jmbench.tools.runtime.RuntimeResults"> 
          <void property="error"> 
           <object idref="OutputError0"/> 
          </void> 
          <void property="opsPerSec"> 
           <double>10.814114812911273</double> 
          </void> 
         </object> 
        </void> 
       </object> 
      </void> 
      <void property="stdev"> 
       <double>0.7937871500611644</double> 
      </void> 
     </object> 
    </void> 
    <void index="12"> 
     <object class="jmbench.tools.runtime.RuntimeEvaluationMetrics"> 
      <void property="max"> 
       <double>0.5146631133941036</double> 
      </void> 
      <void property="mean"> 
       <double>0.45909640618351877</double> 
      </void> 
      <void property="median"> 
       <double>0.5146631133941036</double> 
      </void> 
      <void property="min"> 
       <double>0.40352969897293384</double> 
      </void> 
      <void property="rawResults"> 
       <object class="java.util.ArrayList"> 
        <void method="add"> 
         <object class="jmbench.tools.runtime.RuntimeResults"> 
          <void property="error"> 
           <object idref="OutputError0"/> 
          </void> 
          <void property="opsPerSec"> 
           <double>0.40352969897293384</double> 
          </void> 
         </object> 
        </void> 
        <void method="add"> 
         <object class="jmbench.tools.runtime.RuntimeResults"> 
          <void property="error"> 
           <object idref="OutputError0"/> 
          </void> 
          <void property="opsPerSec"> 
           <double>0.5146631133941036</double> 
          </void> 
         </object> 
        </void> 
       </object> 
      </void> 
      <void property="stdev"> 
       <double>0.055566707210584904</double> 
      </void> 
     </object> 
    </void> 
   </array> 
  </void> 
  <void property="opName"> 
   <string>Add c=a+b</string> 
  </void> 
 </object> 
</java> 
