<?xml version="1.0" encoding="UTF-8"?> 
<java version="1.6.0_16" class="java.beans.XMLDecoder"> 
 <object class="jmbench.tools.runtime.OperationResults"> 
  <void property="library"> 
   <object class="jmbench.impl.MatrixLibrary" method="valueOf"> 
    <string>PCOLT</string> 
   </object> 
  </void> 
  <void property="matDimen"> 
   <array class="int" length="12"> 
    <void index="0"> 
     <int>2</int> 
    </void> 
    <void index="1"> 
     <int>3</int> 
    </void> 
    <void index="2"> 
     <int>4</int> 
    </void> 
    <void index="3"> 
     <int>5</int> 
    </void> 
    <void index="4"> 
     <int>10</int> 
    </void> 
    <void index="5"> 
     <int>20</int> 
    </void> 
    <void index="6"> 
     <int>50</int> 
    </void> 
    <void index="7"> 
     <int>100</int> 
    </void> 
    <void index="8"> 
     <int>200</int> 
    </void> 
    <void index="9"> 
     <int>500</int> 
    </void> 
    <void index="10"> 
     <int>1000</int> 
    </void> 
    <void index="11"> 
     <int>2000</int> 
    </void> 
   </array> 
  </void> 
  <void property="metrics"> 
   <array class="jmbench.tools.EvaluationMetrics" length="12"> 
    <void index="0"> 
     <object class="jmbench.tools.EvaluationMetrics"> 
      <void property="max"> 
       <double>133.2382151995613</double> 
      </void> 
      <void property="mean"> 
       <double>131.64388004206756</double> 
      </void> 
      <void property="median"> 
       <double>131.8288874445251</double> 
      </void> 
      <void property="min"> 
       <double>129.91579920187044</double> 
      </void> 
      <void property="rawResults"> 
       <object class="java.util.ArrayList"> 
        <void method="add"> 
         <double>130.15627164610652</double> 
        </void> 
        <void method="add"> 
         <double>130.82670959347755</double> 
        </void> 
        <void method="add"> 
         <double>131.02625052941164</double> 
        </void> 
        <void method="add"> 
         <double>131.7629688618137</double> 
        </void> 
        <void method="add"> 
         <double>131.78895762431662</double> 
        </void> 
        <void method="add"> 
         <double>131.8288874445251</double> 
        </void> 
        <void method="add"> 
         <double>131.9026765187935</double> 
        </void> 
        <void method="add"> 
         <double>132.13704501127413</double> 
        </void> 
        <void method="add"> 
         <double>132.20179965316677</double> 
        </void> 
        <void method="add"> 
         <double>133.2382151995613</double> 
        </void> 
        <void method="add"> 
         <double>130.21265349746622</double> 
        </void> 
        <void method="add"> 
         <double>132.6019766157981</double> 
        </void> 
        <void method="add"> 
         <double>131.86745018281067</double> 
        </void> 
        <void method="add"> 
         <double>129.91579920187044</double> 
        </void> 
        <void method="add"> 
         <double>133.19053905062114</double> 
        </void> 
       </object> 
      </void> 
      <void property="stdev"> 
       <double>0.9963197489090156</double> 
      </void> 
     </object> 
    </void> 
   </array> 
  </void> 
  <void property="opName"> 
   <string>Cholesky</string> 
  </void> 
 </object> 
</java> 
