<?xml version="1.0" encoding="UTF-8"?> 
<java version="1.6.0_16" class="java.beans.XMLDecoder"> 
 <object class="jmbench.tools.runtime.OperationResults"> 
  <void property="library"> 
   <object class="jmbench.impl.MatrixLibrary" method="valueOf"> 
    <string>PCOLT</string> 
   </object> 
  </void> 
  <void property="matDimen"> 
   <array class="int" length="12"> 
    <void index="0"> 
     <int>2</int> 
    </void> 
    <void index="1"> 
     <int>3</int> 
    </void> 
    <void index="2"> 
     <int>4</int> 
    </void> 
    <void index="3"> 
     <int>5</int> 
    </void> 
    <void index="4"> 
     <int>10</int> 
    </void> 
    <void index="5"> 
     <int>20</int> 
    </void> 
    <void index="6"> 
     <int>50</int> 
    </void> 
    <void index="7"> 
     <int>100</int> 
    </void> 
    <void index="8"> 
     <int>200</int> 
    </void> 
    <void index="9"> 
     <int>500</int> 
    </void> 
    <void index="10"> 
     <int>1000</int> 
    </void> 
    <void index="11"> 
     <int>2000</int> 
    </void> 
   </array> 
  </void> 
  <void property="metrics"> 
   <array class="jmbench.tools.EvaluationMetrics" length="12"> 
    <void index="0"> 
     <object class="jmbench.tools.EvaluationMetrics"> 
      <void property="max"> 
       <double>1955979.8612198015</double> 
      </void> 
      <void property="mean"> 
       <double>1772763.9354139983</double> 
      </void> 
      <void property="median"> 
       <double>1731328.246234504</double> 
      </void> 
      <void property="min"> 
       <double>1516032.2323109827</double> 
      </void> 
      <void property="rawResults"> 
       <object class="java.util.ArrayList"> 
        <void method="add"> 
         <double>1516032.2323109827</double> 
        </void> 
        <void method="add"> 
         <double>1590139.3975971662</double> 
        </void> 
        <void method="add"> 
         <double>1609172.6346825873</double> 
        </void> 
        <void method="add"> 
         <double>1612392.7588330111</double> 
        </void> 
        <void method="add"> 
         <double>1625630.9140747488</double> 
        </void> 
        <void method="add"> 
         <double>1640543.4814195312</double> 
        </void> 
        <void method="add"> 
         <double>1641349.2721378433</double> 
        </void> 
        <void method="add"> 
         <double>1652138.8401967557</double> 
        </void> 
        <void method="add"> 
         <double>1680663.3986836178</double> 
        </void> 
        <void method="add"> 
         <double>1682112.0982285298</double> 
        </void> 
        <void method="add"> 
         <double>1934296.1079918486</double> 
        </void> 
        <void method="add"> 
         <double>1938263.245097504</double> 
        </void> 
        <void method="add"> 
         <double>1941511.2903165456</double> 
        </void> 
        <void method="add"> 
         <double>1941895.3264070053</double> 
        </void> 
        <void method="add"> 
         <double>1943554.7282251893</double> 
        </void> 
        <void method="add"> 
         <double>1944831.917051827</double> 
        </void> 
        <void method="add"> 
         <double>1946364.22712667</double> 
        </void> 
        <void method="add"> 
         <double>1948055.2913173642</double> 
        </void> 
        <void method="add"> 
         <double>1950821.3198454482</double> 
        </void> 
        <void method="add"> 
         <double>1955979.8612198015</double> 
        </void> 
        <void method="add"> 
         <double>1731328.246234504</double> 
        </void> 
        <void method="add"> 
         <double>1740901.3875795037</double> 
        </void> 
        <void method="add"> 
         <double>1698008.4197403195</double> 
        </void> 
        <void method="add"> 
         <double>1740142.939065995</double> 
        </void> 
        <void method="add"> 
         <double>1712969.0499656668</double> 
        </void> 
       </object> 
      </void> 
      <void property="stdev"> 
       <double>148031.3671547303</double> 
      </void> 
     </object> 
    </void> 
    <void index="1"> 
     <object class="jmbench.tools.EvaluationMetrics"> 
      <void property="max"> 
       <double>1269526.0808151893</double> 
      </void> 
      <void property="mean"> 
       <double>1225286.9541497924</double> 
      </void> 
      <void property="median"> 
       <double>1256373.2647403888</double> 
      </void> 
      <void property="min"> 
       <double>1085868.8578607773</double> 
      </void> 
      <void property="rawResults"> 
       <object class="java.util.ArrayList"> 
        <void method="add"> 
         <double>1085868.8578607773</double> 
        </void> 
        <void method="add"> 
         <double>1103865.1370793376</double> 
        </void> 
        <void method="add"> 
         <double>1104951.111007534</double> 
        </void> 
        <void method="add"> 
         <double>1106921.4157518554</double> 
        </void> 
        <void method="add"> 
         <double>1112843.5187822087</double> 
        </void> 
        <void method="add"> 
         <double>1251158.4383872775</double> 
        </void> 
        <void method="add"> 
         <double>1253101.872388407</double> 
        </void> 
        <void method="add"> 
         <double>1256373.2647403888</double> 
        </void> 
        <void method="add"> 
         <double>1256775.2585548363</double> 
        </void> 
        <void method="add"> 
         <double>1257672.5967606883</double> 
        </void> 
        <void method="add"> 
         <double>1257677.7473864385</double> 
        </void> 
        <void method="add"> 
         <double>1259224.2747029571</double> 
        </void> 
        <void method="add"> 
         <double>1260007.4849126574</double> 
        </void> 
        <void method="add"> 
         <double>1261221.9354818424</double> 
        </void> 
        <void method="add"> 
         <double>1262991.9183412786</double> 
        </void> 
        <void method="add"> 
         <double>1263603.2358683313</double> 
        </void> 
        <void method="add"> 
         <double>1265485.3761345432</double> 
        </void> 
        <void method="add"> 
         <double>1266759.7705191579</double> 
        </void> 
        <void method="add"> 
         <double>1267852.3844492054</double> 
        </void> 
        <void method="add"> 
         <double>1269526.0808151893</double> 
        </void> 
        <void method="add"> 
         <double>1241276.6020030521</double> 
        </void> 
        <void method="add"> 
         <double>1241682.6927682597</double> 
        </void> 
        <void method="add"> 
         <double>1244909.742978373</double> 
        </void> 
        <void method="add"> 
         <double>1240397.7682400062</double> 
        </void> 
        <void method="add"> 
         <double>1240025.3678302073</double> 
        </void> 
       </object> 
      </void> 
      <void property="stdev"> 
       <double>61907.18208939517</double> 
      </void> 
     </object> 
    </void> 
    <void index="2"> 
     <object class="jmbench.tools.EvaluationMetrics"> 
      <void property="max"> 
       <double>857333.4581567995</double> 
      </void> 
      <void property="mean"> 
       <double>782862.0589732389</double> 
      </void> 
      <void property="median"> 
       <double>755745.4039302351</double> 
      </void> 
      <void property="min"> 
       <double>707502.2462964493</double> 
      </void> 
      <void property="rawResults"> 
       <object class="java.util.ArrayList"> 
        <void method="add"> 
         <double>707502.2462964493</double> 
        </void> 
        <void method="add"> 
         <double>724562.1328028867</double> 
        </void> 
        <void method="add"> 
         <double>738034.803378036</double> 
        </void> 
        <void method="add"> 
         <double>744350.2071404774</double> 
        </void> 
        <void method="add"> 
         <double>744486.1460387763</double> 
        </void> 
        <void method="add"> 
         <double>749769.9335639006</double> 
        </void> 
        <void method="add"> 
         <double>750244.7598324601</double> 
        </void> 
        <void method="add"> 
         <double>751721.2531410968</double> 
        </void> 
        <void method="add"> 
         <double>756226.3815460297</double> 
        </void> 
        <void method="add"> 
         <double>757433.9224146688</double> 
        </void> 
        <void method="add"> 
         <double>830941.7243303927</double> 
        </void> 
        <void method="add"> 
         <double>837540.8686869156</double> 
        </void> 
        <void method="add"> 
         <double>838002.4527562964</double> 
        </void> 
        <void method="add"> 
         <double>838632.1960173286</double> 
        </void> 
        <void method="add"> 
         <double>839086.7401980965</double> 
        </void> 
        <void method="add"> 
         <double>854619.2236587085</double> 
        </void> 
        <void method="add"> 
         <double>855689.3197749741</double> 
        </void> 
        <void method="add"> 
         <double>856211.1183780027</double> 
        </void> 
        <void method="add"> 
         <double>856748.904981639</double> 
        </void> 
        <void method="add"> 
         <double>857333.4581567995</double> 
        </void> 
        <void method="add"> 
         <double>755745.4039302351</double> 
        </void> 
        <void method="add"> 
         <double>743022.2833629334</double> 
        </void> 
        <void method="add"> 
         <double>742446.8637591627</double> 
        </void> 
        <void method="add"> 
         <double>712301.9204429097</double> 
        </void> 
        <void method="add"> 
         <double>728897.2097418003</double> 
        </void> 
       </object> 
      </void> 
      <void property="stdev"> 
       <double>53600.975699917195</double> 
      </void> 
     </object> 
    </void> 
    <void index="3"> 
     <object class="jmbench.tools.EvaluationMetrics"> 
      <void property="max"> 
       <double>549144.4468424362</double> 
      </void> 
      <void property="mean"> 
       <double>540168.160336798</double> 
      </void> 
      <void property="median"> 
       <double>543419.175318608</double> 
      </void> 
      <void property="min"> 
       <double>530834.1188412396</double> 
      </void> 
      <void property="rawResults"> 
       <object class="java.util.ArrayList"> 
        <void method="add"> 
         <double>543419.175318608</double> 
        </void> 
        <void method="add"> 
         <double>546113.3007801177</double> 
        </void> 
        <void method="add"> 
         <double>530834.1188412396</double> 
        </void> 
        <void method="add"> 
         <double>531329.7599015889</double> 
        </void> 
        <void method="add"> 
         <double>549144.4468424362</double> 
        </void> 
       </object> 
      </void> 
      <void property="stdev"> 
       <double>7638.444417916019</double> 
      </void> 
     </object> 
    </void> 
   </array> 
  </void> 
  <void property="opName"> 
   <string>LU</string> 
  </void> 
 </object> 
</java> 
