<?xml version="1.0" encoding="UTF-8"?> 
<java version="1.6.0_16" class="java.beans.XMLDecoder"> 
 <object class="jmbench.tools.runtime.OperationResults"> 
  <void property="library"> 
   <object class="jmbench.impl.MatrixLibrary" method="valueOf"> 
    <string>PCOLT</string> 
   </object> 
  </void> 
  <void property="matDimen"> 
   <array class="int" length="12"> 
    <void index="0"> 
     <int>2</int> 
    </void> 
    <void index="1"> 
     <int>3</int> 
    </void> 
    <void index="2"> 
     <int>4</int> 
    </void> 
    <void index="3"> 
     <int>5</int> 
    </void> 
    <void index="4"> 
     <int>10</int> 
    </void> 
    <void index="5"> 
     <int>20</int> 
    </void> 
    <void index="6"> 
     <int>50</int> 
    </void> 
    <void index="7"> 
     <int>100</int> 
    </void> 
    <void index="8"> 
     <int>200</int> 
    </void> 
    <void index="9"> 
     <int>500</int> 
    </void> 
    <void index="10"> 
     <int>1000</int> 
    </void> 
    <void index="11"> 
     <int>2000</int> 
    </void> 
   </array> 
  </void> 
  <void property="metrics"> 
   <array class="jmbench.tools.EvaluationMetrics" length="12"> 
    <void index="0"> 
     <object class="jmbench.tools.EvaluationMetrics"> 
      <void property="max"> 
       <double>5937184.511705927</double> 
      </void> 
      <void property="mean"> 
       <double>5570041.844246317</double> 
      </void> 
      <void property="median"> 
       <double>5729731.4044416305</double> 
      </void> 
      <void property="min"> 
       <double>4709716.276895335</double> 
      </void> 
      <void property="rawResults"> 
       <object class="java.util.ArrayList"> 
        <void method="add"> 
         <double>5226033.549542992</double> 
        </void> 
        <void method="add"> 
         <double>5490062.207049445</double> 
        </void> 
        <void method="add"> 
         <double>5528598.43979609</double> 
        </void> 
        <void method="add"> 
         <double>5529030.130061896</double> 
        </void> 
        <void method="add"> 
         <double>5612365.534079845</double> 
        </void> 
        <void method="add"> 
         <double>5648014.214066095</double> 
        </void> 
        <void method="add"> 
         <double>5678568.180514175</double> 
        </void> 
        <void method="add"> 
         <double>5729731.4044416305</double> 
        </void> 
        <void method="add"> 
         <double>5746327.902528485</double> 
        </void> 
        <void method="add"> 
         <double>5746960.371255993</double> 
        </void> 
        <void method="add"> 
         <double>5773149.052084844</double> 
        </void> 
        <void method="add"> 
         <double>5775654.162414461</double> 
        </void> 
        <void method="add"> 
         <double>5790298.420028915</double> 
        </void> 
        <void method="add"> 
         <double>5795343.058441369</double> 
        </void> 
        <void method="add"> 
         <double>5804714.453385962</double> 
        </void> 
        <void method="add"> 
         <double>5852973.942877122</double> 
        </void> 
        <void method="add"> 
         <double>5902510.838944156</double> 
        </void> 
        <void method="add"> 
         <double>5921565.677026238</double> 
        </void> 
        <void method="add"> 
         <double>5936855.986958885</double> 
        </void> 
        <void method="add"> 
         <double>5937184.511705927</double> 
        </void> 
        <void method="add"> 
         <double>5087308.918126223</double> 
        </void> 
        <void method="add"> 
         <double>5091898.574293442</double> 
        </void> 
        <void method="add"> 
         <double>5083071.859856949</double> 
        </void> 
        <void method="add"> 
         <double>4709716.276895335</double> 
        </void> 
        <void method="add"> 
         <double>4853108.439781481</double> 
        </void> 
       </object> 
      </void> 
      <void property="stdev"> 
       <double>346986.18916002935</double> 
      </void> 
     </object> 
    </void> 
    <void index="1"> 
     <object class="jmbench.tools.EvaluationMetrics"> 
      <void property="max"> 
       <double>2734337.5828911006</double> 
      </void> 
      <void property="mean"> 
       <double>2691306.6392659973</double> 
      </void> 
      <void property="median"> 
       <double>2702853.2642016653</double> 
      </void> 
      <void property="min"> 
       <double>2595242.0271919095</double> 
      </void> 
      <void property="rawResults"> 
       <object class="java.util.ArrayList"> 
        <void method="add"> 
         <double>2595242.0271919095</double> 
        </void> 
        <void method="add"> 
         <double>2628703.7567400136</double> 
        </void> 
        <void method="add"> 
         <double>2654447.3585108356</double> 
        </void> 
        <void method="add"> 
         <double>2659900.9288091753</double> 
        </void> 
        <void method="add"> 
         <double>2660743.888699508</double> 
        </void> 
        <void method="add"> 
         <double>2662324.472406263</double> 
        </void> 
        <void method="add"> 
         <double>2666028.189378274</double> 
        </void> 
        <void method="add"> 
         <double>2668258.507145724</double> 
        </void> 
        <void method="add"> 
         <double>2677358.196355425</double> 
        </void> 
        <void method="add"> 
         <double>2679557.2942118747</double> 
        </void> 
        <void method="add"> 
         <double>2700540.9166117255</double> 
        </void> 
        <void method="add"> 
         <double>2701139.902100057</double> 
        </void> 
        <void method="add"> 
         <double>2702853.2642016653</double> 
        </void> 
        <void method="add"> 
         <double>2705495.3478191895</double> 
        </void> 
        <void method="add"> 
         <double>2708208.030984849</double> 
        </void> 
        <void method="add"> 
         <double>2712560.092280749</double> 
        </void> 
        <void method="add"> 
         <double>2713889.387141891</double> 
        </void> 
        <void method="add"> 
         <double>2716013.4380213213</double> 
        </void> 
        <void method="add"> 
         <double>2716699.430258174</double> 
        </void> 
        <void method="add"> 
         <double>2723272.600249189</double> 
        </void> 
        <void method="add"> 
         <double>2717471.4582593907</double> 
        </void> 
        <void method="add"> 
         <double>2726945.515334147</double> 
        </void> 
        <void method="add"> 
         <double>2718405.7126620323</double> 
        </void> 
        <void method="add"> 
         <double>2732268.6833854495</double> 
        </void> 
        <void method="add"> 
         <double>2734337.5828911006</double> 
        </void> 
       </object> 
      </void> 
      <void property="stdev"> 
       <double>34075.775830182894</double> 
      </void> 
     </object> 
    </void> 
    <void index="2"> 
     <object class="jmbench.tools.EvaluationMetrics"> 
      <void property="max"> 
       <double>1554775.6674703406</double> 
      </void> 
      <void property="mean"> 
       <double>1504979.616233507</double> 
      </void> 
      <void property="median"> 
       <double>1499970.1035342454</double> 
      </void> 
      <void property="min"> 
       <double>1457622.325402347</double> 
      </void> 
      <void property="rawResults"> 
       <object class="java.util.ArrayList"> 
        <void method="add"> 
         <double>1457622.325402347</double> 
        </void> 
        <void method="add"> 
         <double>1464291.3300766668</double> 
        </void> 
        <void method="add"> 
         <double>1467257.3346403635</double> 
        </void> 
        <void method="add"> 
         <double>1469225.2170443605</double> 
        </void> 
        <void method="add"> 
         <double>1470575.659494143</double> 
        </void> 
        <void method="add"> 
         <double>1480780.1938110846</double> 
        </void> 
        <void method="add"> 
         <double>1499956.8721673314</double> 
        </void> 
        <void method="add"> 
         <double>1499970.1035342454</double> 
        </void> 
        <void method="add"> 
         <double>1502494.517278323</double> 
        </void> 
        <void method="add"> 
         <double>1503144.9226507705</double> 
        </void> 
        <void method="add"> 
         <double>1504395.2855255662</double> 
        </void> 
        <void method="add"> 
         <double>1535376.4215481367</double> 
        </void> 
        <void method="add"> 
         <double>1540488.5892040299</double> 
        </void> 
        <void method="add"> 
         <double>1540802.423436253</double> 
        </void> 
        <void method="add"> 
         <double>1542843.2790156344</double> 
        </void> 
        <void method="add"> 
         <double>1549886.2807629968</double> 
        </void> 
        <void method="add"> 
         <double>1550912.7602378097</double> 
        </void> 
        <void method="add"> 
         <double>1552097.9978488616</double> 
        </void> 
        <void method="add"> 
         <double>1553938.698462821</double> 
        </void> 
        <void method="add"> 
         <double>1554775.6674703406</double> 
        </void> 
        <void method="add"> 
         <double>1481588.8140960506</double> 
        </void> 
        <void method="add"> 
         <double>1477474.6251921072</double> 
        </void> 
        <void method="add"> 
         <double>1469501.1309975234</double> 
        </void> 
        <void method="add"> 
         <double>1474266.6067606322</double> 
        </void> 
        <void method="add"> 
         <double>1480823.3491792737</double> 
        </void> 
       </object> 
      </void> 
      <void property="stdev"> 
       <double>33848.642619995684</double> 
      </void> 
     </object> 
    </void> 
    <void index="3"> 
     <object class="jmbench.tools.EvaluationMetrics"> 
      <void property="max"> 
       <double>883283.1776001283</double> 
      </void> 
      <void property="mean"> 
       <double>876197.6022041955</double> 
      </void> 
      <void property="median"> 
       <double>880996.3267670935</double> 
      </void> 
      <void property="min"> 
       <double>838041.866681317</double> 
      </void> 
      <void property="rawResults"> 
       <object class="java.util.ArrayList"> 
        <void method="add"> 
         <double>838041.866681317</double> 
        </void> 
        <void method="add"> 
         <double>860286.8464402973</double> 
        </void> 
        <void method="add"> 
         <double>870180.9461154891</double> 
        </void> 
        <void method="add"> 
         <double>870959.1199154874</double> 
        </void> 
        <void method="add"> 
         <double>871173.2600910368</double> 
        </void> 
        <void method="add"> 
         <double>871488.6829821866</double> 
        </void> 
        <void method="add"> 
         <double>872663.1622512037</double> 
        </void> 
        <void method="add"> 
         <double>873570.4899578419</double> 
        </void> 
        <void method="add"> 
         <double>874053.253145228</double> 
        </void> 
        <void method="add"> 
         <double>874809.3397237308</double> 
        </void> 
        <void method="add"> 
         <double>880107.8094387484</double> 
        </void> 
        <void method="add"> 
         <double>881483.7606919921</double> 
        </void> 
        <void method="add"> 
         <double>881532.761817818</double> 
        </void> 
        <void method="add"> 
         <double>881723.1151051923</double> 
        </void> 
        <void method="add"> 
         <double>882040.2090897011</double> 
        </void> 
        <void method="add"> 
         <double>882209.490348</double> 
        </void> 
        <void method="add"> 
         <double>882438.0080905161</double> 
        </void> 
        <void method="add"> 
         <double>882467.5502880644</double> 
        </void> 
        <void method="add"> 
         <double>882570.319915591</double> 
        </void> 
        <void method="add"> 
         <double>883283.1776001283</double> 
        </void> 
        <void method="add"> 
         <double>880996.3267670935</double> 
        </void> 
        <void method="add"> 
         <double>882669.982128293</double> 
        </void> 
        <void method="add"> 
         <double>881742.0003447471</double> 
        </void> 
        <void method="add"> 
         <double>881839.3768172875</double> 
        </void> 
        <void method="add"> 
         <double>880609.1993578867</double> 
        </void> 
       </object> 
      </void> 
      <void property="stdev"> 
       <double>9663.378882091582</double> 
      </void> 
     </object> 
    </void> 
    <void index="4"> 
     <object class="jmbench.tools.EvaluationMetrics"> 
      <void property="max"> 
       <double>208732.2726611927</double> 
      </void> 
      <void property="mean"> 
       <double>206871.4691674078</double> 
      </void> 
      <void property="median"> 
       <double>206835.01109465506</double> 
      </void> 
      <void property="min"> 
       <double>203130.41500423462</double> 
      </void> 
      <void property="rawResults"> 
       <object class="java.util.ArrayList"> 
        <void method="add"> 
         <double>204456.05305455424</double> 
        </void> 
        <void method="add"> 
         <double>204511.893657167</double> 
        </void> 
        <void method="add"> 
         <double>205226.6980650005</double> 
        </void> 
        <void method="add"> 
         <double>206144.7342305931</double> 
        </void> 
        <void method="add"> 
         <double>206536.87770669663</double> 
        </void> 
        <void method="add"> 
         <double>206562.29832559708</double> 
        </void> 
        <void method="add"> 
         <double>206688.1063000105</double> 
        </void> 
        <void method="add"> 
         <double>206835.01109465506</double> 
        </void> 
        <void method="add"> 
         <double>206970.4645219524</double> 
        </void> 
        <void method="add"> 
         <double>207020.32764750638</double> 
        </void> 
        <void method="add"> 
         <double>207963.75342428693</double> 
        </void> 
        <void method="add"> 
         <double>207982.96030018534</double> 
        </void> 
        <void method="add"> 
         <double>208235.70191300043</double> 
        </void> 
        <void method="add"> 
         <double>208258.8277796763</double> 
        </void> 
        <void method="add"> 
         <double>208374.90879105547</double> 
        </void> 
        <void method="add"> 
         <double>208414.01461723697</double> 
        </void> 
        <void method="add"> 
         <double>208459.13270035834</double> 
        </void> 
        <void method="add"> 
         <double>208605.17514255477</double> 
        </void> 
        <void method="add"> 
         <double>208687.49957908934</double> 
        </void> 
        <void method="add"> 
         <double>208732.2726611927</double> 
        </void> 
        <void method="add"> 
         <double>206750.3052255588</double> 
        </void> 
        <void method="add"> 
         <double>206658.22975572367</double> 
        </void> 
        <void method="add"> 
         <double>205236.68318367313</double> 
        </void> 
        <void method="add"> 
         <double>205344.38450363555</double> 
        </void> 
        <void method="add"> 
         <double>203130.41500423462</double> 
        </void> 
       </object> 
      </void> 
      <void property="stdev"> 
       <double>1511.4361863867794</double> 
      </void> 
     </object> 
    </void> 
    <void index="5"> 
     <object class="jmbench.tools.EvaluationMetrics"> 
      <void property="max"> 
       <double>31737.17615973765</double> 
      </void> 
      <void property="mean"> 
       <double>31552.53255907337</double> 
      </void> 
      <void property="median"> 
       <double>31598.017227297412</double> 
      </void> 
      <void property="min"> 
       <double>31330.08542456081</double> 
      </void> 
      <void property="rawResults"> 
       <object class="java.util.ArrayList"> 
        <void method="add"> 
         <double>31330.08542456081</double> 
        </void> 
        <void method="add"> 
         <double>31352.67641059255</double> 
        </void> 
        <void method="add"> 
         <double>31391.447982511836</double> 
        </void> 
        <void method="add"> 
         <double>31402.300434382636</double> 
        </void> 
        <void method="add"> 
         <double>31404.451063674154</double> 
        </void> 
        <void method="add"> 
         <double>31410.46061592494</double> 
        </void> 
        <void method="add"> 
         <double>31420.36797815993</double> 
        </void> 
        <void method="add"> 
         <double>31424.3225608025</double> 
        </void> 
        <void method="add"> 
         <double>31444.409811745638</double> 
        </void> 
        <void method="add"> 
         <double>31568.016443508208</double> 
        </void> 
        <void method="add"> 
         <double>31598.017227297412</double> 
        </void> 
        <void method="add"> 
         <double>31608.265390448123</double> 
        </void> 
        <void method="add"> 
         <double>31643.979011504744</double> 
        </void> 
        <void method="add"> 
         <double>31650.47531799452</double> 
        </void> 
        <void method="add"> 
         <double>31664.797518742023</double> 
        </void> 
        <void method="add"> 
         <double>31672.888377553103</double> 
        </void> 
        <void method="add"> 
         <double>31700.865788938023</double> 
        </void> 
        <void method="add"> 
         <double>31719.919093236087</double> 
        </void> 
        <void method="add"> 
         <double>31729.45599147575</double> 
        </void> 
        <void method="add"> 
         <double>31737.17615973765</double> 
        </void> 
        <void method="add"> 
         <double>31453.964261354562</double> 
        </void> 
        <void method="add"> 
         <double>31645.845650160987</double> 
        </void> 
        <void method="add"> 
         <double>31638.434828386737</double> 
        </void> 
        <void method="add"> 
         <double>31649.290721675647</double> 
        </void> 
        <void method="add"> 
         <double>31551.399912465964</double> 
        </void> 
       </object> 
      </void> 
      <void property="stdev"> 
       <double>130.64337365905715</double> 
      </void> 
     </object> 
    </void> 
    <void index="6"> 
     <object class="jmbench.tools.EvaluationMetrics"> 
      <void property="max"> 
       <double>2878.614195517827</double> 
      </void> 
      <void property="mean"> 
       <double>2670.7915756354346</double> 
      </void> 
      <void property="median"> 
       <double>2854.573432488149</double> 
      </void> 
      <void property="min"> 
       <double>2354.627365711515</double> 
      </void> 
      <void property="rawResults"> 
       <object class="java.util.ArrayList"> 
        <void method="add"> 
         <double>2354.627365711515</double> 
        </void> 
        <void method="add"> 
         <double>2373.8724070263565</double> 
        </void> 
        <void method="add"> 
         <double>2384.7182682431226</double> 
        </void> 
        <void method="add"> 
         <double>2385.0919208599203</double> 
        </void> 
        <void method="add"> 
         <double>2388.363626947465</double> 
        </void> 
        <void method="add"> 
         <double>2389.1805934496842</double> 
        </void> 
        <void method="add"> 
         <double>2389.359887621406</double> 
        </void> 
        <void method="add"> 
         <double>2390.748543746569</double> 
        </void> 
        <void method="add"> 
         <double>2393.9952095959293</double> 
        </void> 
        <void method="add"> 
         <double>2403.789411545678</double> 
        </void> 
        <void method="add"> 
         <double>2838.60885196299</double> 
        </void> 
        <void method="add"> 
         <double>2854.573432488149</double> 
        </void> 
        <void method="add"> 
         <double>2857.4998070412767</double> 
        </void> 
        <void method="add"> 
         <double>2857.762486129495</double> 
        </void> 
        <void method="add"> 
         <double>2859.626518373496</double> 
        </void> 
        <void method="add"> 
         <double>2860.5487817226167</double> 
        </void> 
        <void method="add"> 
         <double>2872.022210725414</double> 
        </void> 
        <void method="add"> 
         <double>2877.5682815881746</double> 
        </void> 
        <void method="add"> 
         <double>2877.750972926209</double> 
        </void> 
        <void method="add"> 
         <double>2878.614195517827</double> 
        </void> 
        <void method="add"> 
         <double>2841.1216026013844</double> 
        </void> 
        <void method="add"> 
         <double>2857.8308880234945</double> 
        </void> 
        <void method="add"> 
         <double>2858.431414478093</double> 
        </void> 
        <void method="add"> 
         <double>2861.9337901809276</double> 
        </void> 
        <void method="add"> 
         <double>2862.1489223786793</double> 
        </void> 
       </object> 
      </void> 
      <void property="stdev"> 
       <double>233.34447046511352</double> 
      </void> 
     </object> 
    </void> 
    <void index="7"> 
     <object class="jmbench.tools.EvaluationMetrics"> 
      <void property="max"> 
       <double>315.25083089985964</double> 
      </void> 
      <void property="mean"> 
       <double>313.9881016619245</double> 
      </void> 
      <void property="median"> 
       <double>313.99612375776695</double> 
      </void> 
      <void property="min"> 
       <double>311.87275913695726</double> 
      </void> 
      <void property="rawResults"> 
       <object class="java.util.ArrayList"> 
        <void method="add"> 
         <double>311.87275913695726</double> 
        </void> 
        <void method="add"> 
         <double>312.5034593991513</double> 
        </void> 
        <void method="add"> 
         <double>312.84413118086286</double> 
        </void> 
        <void method="add"> 
         <double>312.9248106905799</double> 
        </void> 
        <void method="add"> 
         <double>313.1070405380567</double> 
        </void> 
        <void method="add"> 
         <double>313.23967759330327</double> 
        </void> 
        <void method="add"> 
         <double>313.2746752671283</double> 
        </void> 
        <void method="add"> 
         <double>313.309356038333</double> 
        </void> 
        <void method="add"> 
         <double>313.434800452119</double> 
        </void> 
        <void method="add"> 
         <double>313.636031795581</double> 
        </void> 
        <void method="add"> 
         <double>313.7432892442383</double> 
        </void> 
        <void method="add"> 
         <double>313.8593849927955</double> 
        </void> 
        <void method="add"> 
         <double>313.99612375776695</double> 
        </void> 
        <void method="add"> 
         <double>314.36831727378</double> 
        </void> 
        <void method="add"> 
         <double>314.52065517031366</double> 
        </void> 
        <void method="add"> 
         <double>314.585026068476</double> 
        </void> 
        <void method="add"> 
         <double>314.8520123922125</double> 
        </void> 
        <void method="add"> 
         <double>314.8973741060525</double> 
        </void> 
        <void method="add"> 
         <double>314.9927651317186</double> 
        </void> 
        <void method="add"> 
         <double>315.20686150969345</double> 
        </void> 
        <void method="add"> 
         <double>314.86837370335417</double> 
        </void> 
        <void method="add"> 
         <double>315.2125900879834</double> 
        </void> 
        <void method="add"> 
         <double>314.512392666645</double> 
        </void> 
        <void method="add"> 
         <double>314.68980245114966</double> 
        </void> 
        <void method="add"> 
         <double>315.25083089985964</double> 
        </void> 
       </object> 
      </void> 
      <void property="stdev"> 
       <double>0.9256170491169627</double> 
      </void> 
     </object> 
    </void> 
    <void index="8"> 
     <object class="jmbench.tools.EvaluationMetrics"> 
      <void property="max"> 
       <double>48.56043399976548</double> 
      </void> 
      <void property="mean"> 
       <double>48.29416001946033</double> 
      </void> 
      <void property="median"> 
       <double>48.31955332151934</double> 
      </void> 
      <void property="min"> 
       <double>47.606364017297224</double> 
      </void> 
      <void property="rawResults"> 
       <object class="java.util.ArrayList"> 
        <void method="add"> 
         <double>47.606364017297224</double> 
        </void> 
        <void method="add"> 
         <double>48.10164118019399</double> 
        </void> 
        <void method="add"> 
         <double>48.16374666089182</double> 
        </void> 
        <void method="add"> 
         <double>48.17119692034747</double> 
        </void> 
        <void method="add"> 
         <double>48.18295726858651</double> 
        </void> 
        <void method="add"> 
         <double>48.261011247969556</double> 
        </void> 
        <void method="add"> 
         <double>48.26281976098947</double> 
        </void> 
        <void method="add"> 
         <double>48.286027013712385</double> 
        </void> 
        <void method="add"> 
         <double>48.31955332151934</double> 
        </void> 
        <void method="add"> 
         <double>48.33057557458086</double> 
        </void> 
        <void method="add"> 
         <double>48.345166459082066</double> 
        </void> 
        <void method="add"> 
         <double>48.35848399625208</double> 
        </void> 
        <void method="add"> 
         <double>48.396916450798734</double> 
        </void> 
        <void method="add"> 
         <double>48.45121072195081</double> 
        </void> 
        <void method="add"> 
         <double>48.46840613437766</double> 
        </void> 
        <void method="add"> 
         <double>48.470472846822354</double> 
        </void> 
        <void method="add"> 
         <double>48.48855036526637</double> 
        </void> 
        <void method="add"> 
         <double>48.500308831947436</double> 
        </void> 
        <void method="add"> 
         <double>48.524262158665046</double> 
        </void> 
        <void method="add"> 
         <double>48.56043399976548</double> 
        </void> 
        <void method="add"> 
         <double>48.184393804973986</double> 
        </void> 
        <void method="add"> 
         <double>48.20844681288636</double> 
        </void> 
        <void method="add"> 
         <double>48.23354030894345</double> 
        </void> 
        <void method="add"> 
         <double>48.13280826764275</double> 
        </void> 
        <void method="add"> 
         <double>48.34470636104516</double> 
        </void> 
       </object> 
      </void> 
      <void property="stdev"> 
       <double>0.19161865739231584</double> 
      </void> 
     </object> 
    </void> 
    <void index="9"> 
     <object class="jmbench.tools.EvaluationMetrics"> 
      <void property="max"> 
       <double>12.39326422024639</double> 
      </void> 
      <void property="mean"> 
       <double>12.093053984535155</double> 
      </void> 
      <void property="median"> 
       <double>12.28793753476882</double> 
      </void> 
      <void property="min"> 
       <double>9.928045648039742</double> 
      </void> 
      <void property="rawResults"> 
       <object class="java.util.ArrayList"> 
        <void method="add"> 
         <double>9.928045648039742</double> 
        </void> 
        <void method="add"> 
         <double>11.736013239959863</double> 
        </void> 
        <void method="add"> 
         <double>12.249216152592245</double> 
        </void> 
        <void method="add"> 
         <double>12.254205493956697</double> 
        </void> 
        <void method="add"> 
         <double>12.276378959620407</double> 
        </void> 
        <void method="add"> 
         <double>12.278455150484714</double> 
        </void> 
        <void method="add"> 
         <double>12.282295082896775</double> 
        </void> 
        <void method="add"> 
         <double>12.282590296699954</double> 
        </void> 
        <void method="add"> 
         <double>12.283388551392127</double> 
        </void> 
        <void method="add"> 
         <double>12.28793753476882</double> 
        </void> 
        <void method="add"> 
         <double>12.296717038304674</double> 
        </void> 
        <void method="add"> 
         <double>12.30457746606919</double> 
        </void> 
        <void method="add"> 
         <double>12.31049011508418</double> 
        </void> 
        <void method="add"> 
         <double>12.324400164415758</double> 
        </void> 
        <void method="add"> 
         <double>12.326609944185208</double> 
        </void> 
        <void method="add"> 
         <double>12.327840778934126</double> 
        </void> 
        <void method="add"> 
         <double>12.328643526636357</double> 
        </void> 
        <void method="add"> 
         <double>12.352733272114143</double> 
        </void> 
        <void method="add"> 
         <double>12.38255418848093</double> 
        </void> 
        <void method="add"> 
         <double>12.39326422024639</double> 
        </void> 
        <void method="add"> 
         <double>9.984604136584712</double> 
        </void> 
        <void method="add"> 
         <double>12.37737252813492</double> 
        </void> 
        <void method="add"> 
         <double>12.329024863019116</double> 
        </void> 
        <void method="add"> 
         <double>12.24067028417776</double> 
        </void> 
        <void method="add"> 
         <double>12.188320976580192</double> 
        </void> 
       </object> 
      </void> 
      <void property="stdev"> 
       <double>0.6414213163964413</double> 
      </void> 
     </object> 
    </void> 
    <void index="10"> 
     <object class="jmbench.tools.EvaluationMetrics"> 
      <void property="max"> 
       <double>1.3927759551910082</double> 
      </void> 
      <void property="mean"> 
       <double>1.3504646114484586</double> 
      </void> 
      <void property="median"> 
       <double>1.3871191129324891</double> 
      </void> 
      <void property="min"> 
       <double>1.138945531078318</double> 
      </void> 
      <void property="rawResults"> 
       <object class="java.util.ArrayList"> 
        <void method="add"> 
         <double>1.138945531078318</double> 
        </void> 
        <void method="add"> 
         <double>1.1583604816759077</double> 
        </void> 
        <void method="add"> 
         <double>1.176826088705925</double> 
        </void> 
        <void method="add"> 
         <double>1.3174231811358235</double> 
        </void> 
        <void method="add"> 
         <double>1.3295083940547936</double> 
        </void> 
        <void method="add"> 
         <double>1.34446874016352</double> 
        </void> 
        <void method="add"> 
         <double>1.363409377510679</double> 
        </void> 
        <void method="add"> 
         <double>1.3776418220106892</double> 
        </void> 
        <void method="add"> 
         <double>1.380284192440561</double> 
        </void> 
        <void method="add"> 
         <double>1.3818223873820557</double> 
        </void> 
        <void method="add"> 
         <double>1.3823754349699946</double> 
        </void> 
        <void method="add"> 
         <double>1.3871191129324891</double> 
        </void> 
        <void method="add"> 
         <double>1.3874449306284264</double> 
        </void> 
        <void method="add"> 
         <double>1.3875233431446532</double> 
        </void> 
        <void method="add"> 
         <double>1.3875419525806938</double> 
        </void> 
        <void method="add"> 
         <double>1.3886702385166754</double> 
        </void> 
        <void method="add"> 
         <double>1.3887601577660649</double> 
        </void> 
        <void method="add"> 
         <double>1.3890925148030568</double> 
        </void> 
        <void method="add"> 
         <double>1.39041227323988</double> 
        </void> 
        <void method="add"> 
         <double>1.3910024819988345</double> 
        </void> 
        <void method="add"> 
         <double>1.347033806284839</double> 
        </void> 
        <void method="add"> 
         <double>1.3909704827848481</double> 
        </void> 
        <void method="add"> 
         <double>1.3927759551910082</double> 
        </void> 
        <void method="add"> 
         <double>1.3900057917482525</double> 
        </void> 
        <void method="add"> 
         <double>1.392196613463472</double> 
        </void> 
       </object> 
      </void> 
      <void property="stdev"> 
       <double>0.07403322081767205</double> 
      </void> 
     </object> 
    </void> 
    <void index="11"> 
     <object class="jmbench.tools.EvaluationMetrics"> 
      <void property="max"> 
       <double>0.17284832284996646</double> 
      </void> 
      <void property="mean"> 
       <double>0.15431531832076925</double> 
      </void> 
      <void property="median"> 
       <double>0.15250451378055996</double> 
      </void> 
      <void property="min"> 
       <double>0.12907983802538378</double> 
      </void> 
      <void property="rawResults"> 
       <object class="java.util.ArrayList"> 
        <void method="add"> 
         <double>0.12907983802538378</double> 
        </void> 
        <void method="add"> 
         <double>0.13144230280410749</double> 
        </void> 
        <void method="add"> 
         <double>0.13417568137331</double> 
        </void> 
        <void method="add"> 
         <double>0.14030554751299604</double> 
        </void> 
        <void method="add"> 
         <double>0.14390153793296553</double> 
        </void> 
        <void method="add"> 
         <double>0.14843478843503216</double> 
        </void> 
        <void method="add"> 
         <double>0.14958485449818004</double> 
        </void> 
        <void method="add"> 
         <double>0.15087400238375492</double> 
        </void> 
        <void method="add"> 
         <double>0.152171021575736</double> 
        </void> 
        <void method="add"> 
         <double>0.15973541772991487</double> 
        </void> 
        <void method="add"> 
         <double>0.16428360146365223</double> 
        </void> 
        <void method="add"> 
         <double>0.1654069228556684</double> 
        </void> 
        <void method="add"> 
         <double>0.1661760696537658</double> 
        </void> 
        <void method="add"> 
         <double>0.16861311601960557</double> 
        </void> 
        <void method="add"> 
         <double>0.16928796849177524</double> 
        </void> 
        <void method="add"> 
         <double>0.17011019848378858</double> 
        </void> 
        <void method="add"> 
         <double>0.17059162059050115</double> 
        </void> 
        <void method="add"> 
         <double>0.17072245440155442</double> 
        </void> 
        <void method="add"> 
         <double>0.1718880992240939</double> 
        </void> 
        <void method="add"> 
         <double>0.17284832284996646</double> 
        </void> 
        <void method="add"> 
         <double>0.1345930867236535</double> 
        </void> 
        <void method="add"> 
         <double>0.13545654268541168</double> 
        </void> 
        <void method="add"> 
         <double>0.15250451378055996</double> 
        </void> 
        <void method="add"> 
         <double>0.1519112573566862</double> 
        </void> 
        <void method="add"> 
         <double>0.153784191167167</double> 
        </void> 
       </object> 
      </void> 
      <void property="stdev"> 
       <double>0.014077793303379606</double> 
      </void> 
     </object> 
    </void> 
   </array> 
  </void> 
  <void property="opName"> 
   <string>Mult c=a^t * b</string> 
  </void> 
 </object> 
</java> 
