<?xml version="1.0" encoding="UTF-8"?> 
<java version="1.6.0_16" class="java.beans.XMLDecoder"> 
 <object class="jmbench.tools.runtime.OperationResults"> 
  <void property="library"> 
   <object class="jmbench.impl.MatrixLibrary" method="valueOf"> 
    <string>PCOLT</string> 
   </object> 
  </void> 
  <void property="matDimen"> 
   <array class="int" length="12"> 
    <void index="0"> 
     <int>2</int> 
    </void> 
    <void index="1"> 
     <int>3</int> 
    </void> 
    <void index="2"> 
     <int>4</int> 
    </void> 
    <void index="3"> 
     <int>5</int> 
    </void> 
    <void index="4"> 
     <int>10</int> 
    </void> 
    <void index="5"> 
     <int>20</int> 
    </void> 
    <void index="6"> 
     <int>50</int> 
    </void> 
    <void index="7"> 
     <int>100</int> 
    </void> 
    <void index="8"> 
     <int>200</int> 
    </void> 
    <void index="9"> 
     <int>500</int> 
    </void> 
    <void index="10"> 
     <int>1000</int> 
    </void> 
    <void index="11"> 
     <int>2000</int> 
    </void> 
   </array> 
  </void> 
  <void property="metrics"> 
   <array class="jmbench.tools.EvaluationMetrics" length="12"> 
    <void index="0"> 
     <object class="jmbench.tools.EvaluationMetrics"> 
      <void property="max"> 
       <double>889277.0806087</double> 
      </void> 
      <void property="mean"> 
       <double>805912.5975389882</double> 
      </void> 
      <void property="median"> 
       <double>810733.6796222873</double> 
      </void> 
      <void property="min"> 
       <double>703862.2325421236</double> 
      </void> 
      <void property="rawResults"> 
       <object class="java.util.ArrayList"> 
        <void method="add"> 
         <double>703862.2325421236</double> 
        </void> 
        <void method="add"> 
         <double>706952.7572851012</double> 
        </void> 
        <void method="add"> 
         <double>709305.9612282483</double> 
        </void> 
        <void method="add"> 
         <double>709905.1992696045</double> 
        </void> 
        <void method="add"> 
         <double>714978.9732179417</double> 
        </void> 
        <void method="add"> 
         <double>801118.835865423</double> 
        </void> 
        <void method="add"> 
         <double>803787.308211403</double> 
        </void> 
        <void method="add"> 
         <double>808839.750450077</double> 
        </void> 
        <void method="add"> 
         <double>809012.8371542005</double> 
        </void> 
        <void method="add"> 
         <double>809460.0746965051</double> 
        </void> 
        <void method="add"> 
         <double>810733.6796222873</double> 
        </void> 
        <void method="add"> 
         <double>811388.0851958656</double> 
        </void> 
        <void method="add"> 
         <double>813078.5265688704</double> 
        </void> 
        <void method="add"> 
         <double>824030.7064270743</double> 
        </void> 
        <void method="add"> 
         <double>827858.9283719282</double> 
        </void> 
        <void method="add"> 
         <double>828598.2834542971</double> 
        </void> 
        <void method="add"> 
         <double>852248.1451874366</double> 
        </void> 
        <void method="add"> 
         <double>885289.9846008065</double> 
        </void> 
        <void method="add"> 
         <double>888206.0671872153</double> 
        </void> 
        <void method="add"> 
         <double>889277.0806087</double> 
        </void> 
        <void method="add"> 
         <double>812417.8986363114</double> 
        </void> 
        <void method="add"> 
         <double>764046.9177725335</double> 
        </void> 
        <void method="add"> 
         <double>803115.8099230434</double> 
        </void> 
        <void method="add"> 
         <double>874775.4255445777</double> 
        </void> 
        <void method="add"> 
         <double>885525.469453125</double> 
        </void> 
       </object> 
      </void> 
      <void property="stdev"> 
       <double>57815.80279096612</double> 
      </void> 
     </object> 
    </void> 
    <void index="1"> 
     <object class="jmbench.tools.EvaluationMetrics"> 
      <void property="max"> 
       <double>530283.7738474023</double> 
      </void> 
      <void property="mean"> 
       <double>433543.8830449955</double> 
      </void> 
      <void property="median"> 
       <double>414993.9716903783</double> 
      </void> 
      <void property="min"> 
       <double>393549.7756948581</double> 
      </void> 
      <void property="rawResults"> 
       <object class="java.util.ArrayList"> 
        <void method="add"> 
         <double>393549.7756948581</double> 
        </void> 
        <void method="add"> 
         <double>394047.47094528464</double> 
        </void> 
        <void method="add"> 
         <double>396156.37131228147</double> 
        </void> 
        <void method="add"> 
         <double>402376.78442928934</double> 
        </void> 
        <void method="add"> 
         <double>402809.2114435382</double> 
        </void> 
        <void method="add"> 
         <double>403897.0396027625</double> 
        </void> 
        <void method="add"> 
         <double>404362.79034905386</double> 
        </void> 
        <void method="add"> 
         <double>409019.65270363295</double> 
        </void> 
        <void method="add"> 
         <double>409979.30665618705</double> 
        </void> 
        <void method="add"> 
         <double>413617.1450846776</double> 
        </void> 
        <void method="add"> 
         <double>414993.9716903783</double> 
        </void> 
        <void method="add"> 
         <double>415575.6076354507</double> 
        </void> 
        <void method="add"> 
         <double>420312.9259986901</double> 
        </void> 
        <void method="add"> 
         <double>427858.25684447103</double> 
        </void> 
        <void method="add"> 
         <double>432605.3541347965</double> 
        </void> 
        <void method="add"> 
         <double>496887.1941135973</double> 
        </void> 
        <void method="add"> 
         <double>499084.871932528</double> 
        </void> 
        <void method="add"> 
         <double>527105.2404101634</double> 
        </void> 
        <void method="add"> 
         <double>527751.1350047991</double> 
        </void> 
        <void method="add"> 
         <double>530283.7738474023</double> 
        </void> 
        <void method="add"> 
         <double>437598.0829571347</double> 
        </void> 
        <void method="add"> 
         <double>442664.8519784382</double> 
        </void> 
        <void method="add"> 
         <double>421793.1494785761</double> 
        </void> 
        <void method="add"> 
         <double>400727.642455309</double> 
        </void> 
        <void method="add"> 
         <double>413539.469421585</double> 
        </void> 
       </object> 
      </void> 
      <void property="stdev"> 
       <double>43654.531762199076</double> 
      </void> 
     </object> 
    </void> 
    <void index="2"> 
     <object class="jmbench.tools.EvaluationMetrics"> 
      <void property="max"> 
       <double>334335.2891190165</double> 
      </void> 
      <void property="mean"> 
       <double>300225.2578463169</double> 
      </void> 
      <void property="median"> 
       <double>295828.44563975994</double> 
      </void> 
      <void property="min"> 
       <double>265554.3560119779</double> 
      </void> 
      <void property="rawResults"> 
       <object class="java.util.ArrayList"> 
        <void method="add"> 
         <double>281754.96989632776</double> 
        </void> 
        <void method="add"> 
         <double>288879.9478902419</double> 
        </void> 
        <void method="add"> 
         <double>289567.3969048959</double> 
        </void> 
        <void method="add"> 
         <double>290290.05761482334</double> 
        </void> 
        <void method="add"> 
         <double>290301.8601016922</double> 
        </void> 
        <void method="add"> 
         <double>292526.48030825256</double> 
        </void> 
        <void method="add"> 
         <double>292603.89425830124</double> 
        </void> 
        <void method="add"> 
         <double>295828.44563975994</double> 
        </void> 
        <void method="add"> 
         <double>296899.3694681728</double> 
        </void> 
        <void method="add"> 
         <double>303706.0399529934</double> 
        </void> 
        <void method="add"> 
         <double>305760.2848347488</double> 
        </void> 
        <void method="add"> 
         <double>307101.9449082455</double> 
        </void> 
        <void method="add"> 
         <double>318499.24907847564</double> 
        </void> 
        <void method="add"> 
         <double>318822.10586040263</double> 
        </void> 
        <void method="add"> 
         <double>319097.21045697486</double> 
        </void> 
        <void method="add"> 
         <double>320020.8017311668</double> 
        </void> 
        <void method="add"> 
         <double>320189.03114781866</double> 
        </void> 
        <void method="add"> 
         <double>322739.4739161714</double> 
        </void> 
        <void method="add"> 
         <double>333580.15349732264</double> 
        </void> 
        <void method="add"> 
         <double>334335.2891190165</double> 
        </void> 
        <void method="add"> 
         <double>269477.28376732714</double> 
        </void> 
        <void method="add"> 
         <double>290061.0866390926</double> 
        </void> 
        <void method="add"> 
         <double>267345.75646303076</double> 
        </void> 
        <void method="add"> 
         <double>265554.3560119779</double> 
        </void> 
        <void method="add"> 
         <double>290688.95669068926</double> 
        </void> 
       </object> 
      </void> 
      <void property="stdev"> 
       <double>19026.859085521697</double> 
      </void> 
     </object> 
    </void> 
    <void index="3"> 
     <object class="jmbench.tools.EvaluationMetrics"> 
      <void property="max"> 
       <double>209252.73836523638</double> 
      </void> 
      <void property="mean"> 
       <double>194069.5254893441</double> 
      </void> 
      <void property="median"> 
       <double>188915.94805651827</double> 
      </void> 
      <void property="min"> 
       <double>181585.35723797555</double> 
      </void> 
      <void property="rawResults"> 
       <object class="java.util.ArrayList"> 
        <void method="add"> 
         <double>181585.35723797555</double> 
        </void> 
        <void method="add"> 
         <double>182100.34105088384</double> 
        </void> 
        <void method="add"> 
         <double>182952.9793903456</double> 
        </void> 
        <void method="add"> 
         <double>183059.88080331287</double> 
        </void> 
        <void method="add"> 
         <double>185010.1058990555</double> 
        </void> 
        <void method="add"> 
         <double>185222.76745640291</double> 
        </void> 
        <void method="add"> 
         <double>185633.82385161408</double> 
        </void> 
        <void method="add"> 
         <double>186527.12448476584</double> 
        </void> 
        <void method="add"> 
         <double>187763.6809931219</double> 
        </void> 
        <void method="add"> 
         <double>188104.47131623153</double> 
        </void> 
        <void method="add"> 
         <double>188258.4539957898</double> 
        </void> 
        <void method="add"> 
         <double>188518.57969601505</double> 
        </void> 
        <void method="add"> 
         <double>188915.94805651827</double> 
        </void> 
        <void method="add"> 
         <double>189447.48094915596</double> 
        </void> 
        <void method="add"> 
         <double>193570.79398163536</double> 
        </void> 
        <void method="add"> 
         <double>203730.1626188425</double> 
        </void> 
        <void method="add"> 
         <double>203744.1366601599</double> 
        </void> 
        <void method="add"> 
         <double>204367.06809033715</double> 
        </void> 
        <void method="add"> 
         <double>209019.64445104508</double> 
        </void> 
        <void method="add"> 
         <double>209252.73836523638</double> 
        </void> 
        <void method="add"> 
         <double>202512.73616164608</double> 
        </void> 
        <void method="add"> 
         <double>200888.18973720173</double> 
        </void> 
        <void method="add"> 
         <double>206272.45990071882</double> 
        </void> 
        <void method="add"> 
         <double>207778.66820129025</double> 
        </void> 
        <void method="add"> 
         <double>207500.54388429914</double> 
        </void> 
       </object> 
      </void> 
      <void property="stdev"> 
       <double>9802.895754850213</double> 
      </void> 
     </object> 
    </void> 
    <void index="4"> 
     <object class="jmbench.tools.EvaluationMetrics"> 
      <void property="max"> 
       <double>51994.12806040512</double> 
      </void> 
      <void property="mean"> 
       <double>50335.34444434976</double> 
      </void> 
      <void property="median"> 
       <double>50095.142545977535</double> 
      </void> 
      <void property="min"> 
       <double>48806.437209826814</double> 
      </void> 
      <void property="rawResults"> 
       <object class="java.util.ArrayList"> 
        <void method="add"> 
         <double>49362.513787734075</double> 
        </void> 
        <void method="add"> 
         <double>49378.48855701829</double> 
        </void> 
        <void method="add"> 
         <double>49388.692142333246</double> 
        </void> 
        <void method="add"> 
         <double>49528.29738273644</double> 
        </void> 
        <void method="add"> 
         <double>49554.323199129365</double> 
        </void> 
        <void method="add"> 
         <double>49588.54035295608</double> 
        </void> 
        <void method="add"> 
         <double>49909.60121171221</double> 
        </void> 
        <void method="add"> 
         <double>50095.142545977535</double> 
        </void> 
        <void method="add"> 
         <double>50118.77257147267</double> 
        </void> 
        <void method="add"> 
         <double>50376.847749979366</double> 
        </void> 
        <void method="add"> 
         <double>51061.276870806</double> 
        </void> 
        <void method="add"> 
         <double>51075.259117366564</double> 
        </void> 
        <void method="add"> 
         <double>51181.49553917386</double> 
        </void> 
        <void method="add"> 
         <double>51207.089077386365</double> 
        </void> 
        <void method="add"> 
         <double>51221.546799864496</double> 
        </void> 
        <void method="add"> 
         <double>51255.26715666771</double> 
        </void> 
        <void method="add"> 
         <double>51587.872281277654</double> 
        </void> 
        <void method="add"> 
         <double>51608.30795907733</double> 
        </void> 
        <void method="add"> 
         <double>51713.8111609506</double> 
        </void> 
        <void method="add"> 
         <double>51994.12806040512</double> 
        </void> 
        <void method="add"> 
         <double>48806.437209826814</double> 
        </void> 
        <void method="add"> 
         <double>49872.01657610405</double> 
        </void> 
        <void method="add"> 
         <double>49740.64282602358</double> 
        </void> 
        <void method="add"> 
         <double>48833.58350419077</double> 
        </void> 
        <void method="add"> 
         <double>49923.657468573976</double> 
        </void> 
       </object> 
      </void> 
      <void property="stdev"> 
       <double>942.7275560129042</double> 
      </void> 
     </object> 
    </void> 
    <void index="5"> 
     <object class="jmbench.tools.EvaluationMetrics"> 
      <void property="max"> 
       <double>9985.272547696995</double> 
      </void> 
      <void property="mean"> 
       <double>9744.660570139293</double> 
      </void> 
      <void property="median"> 
       <double>9691.480926848513</double> 
      </void> 
      <void property="min"> 
       <double>9598.278394775103</double> 
      </void> 
      <void property="rawResults"> 
       <object class="java.util.ArrayList"> 
        <void method="add"> 
         <double>9598.278394775103</double> 
        </void> 
        <void method="add"> 
         <double>9603.527750490197</double> 
        </void> 
        <void method="add"> 
         <double>9609.861087889327</double> 
        </void> 
        <void method="add"> 
         <double>9611.877747995826</double> 
        </void> 
        <void method="add"> 
         <double>9635.686495007436</double> 
        </void> 
        <void method="add"> 
         <double>9637.182584510192</double> 
        </void> 
        <void method="add"> 
         <double>9637.37930192642</double> 
        </void> 
        <void method="add"> 
         <double>9639.67559687739</double> 
        </void> 
        <void method="add"> 
         <double>9676.564218036647</double> 
        </void> 
        <void method="add"> 
         <double>9680.441128498223</double> 
        </void> 
        <void method="add"> 
         <double>9681.516379904555</double> 
        </void> 
        <void method="add"> 
         <double>9691.480926848513</double> 
        </void> 
        <void method="add"> 
         <double>9710.53001224678</double> 
        </void> 
        <void method="add"> 
         <double>9725.646226568046</double> 
        </void> 
        <void method="add"> 
         <double>9740.623561958777</double> 
        </void> 
        <void method="add"> 
         <double>9887.296097641874</double> 
        </void> 
        <void method="add"> 
         <double>9942.796821344245</double> 
        </void> 
        <void method="add"> 
         <double>9962.13447581292</double> 
        </void> 
        <void method="add"> 
         <double>9968.378242117396</double> 
        </void> 
        <void method="add"> 
         <double>9985.272547696995</double> 
        </void> 
        <void method="add"> 
         <double>9836.503652849415</double> 
        </void> 
        <void method="add"> 
         <double>9851.432390875218</double> 
        </void> 
        <void method="add"> 
         <double>9763.166494597477</double> 
        </void> 
        <void method="add"> 
         <double>9864.758744772505</double> 
        </void> 
        <void method="add"> 
         <double>9674.503372240937</double> 
        </void> 
       </object> 
      </void> 
      <void property="stdev"> 
       <double>125.63288730035889</double> 
      </void> 
     </object> 
    </void> 
    <void index="6"> 
     <object class="jmbench.tools.EvaluationMetrics"> 
      <void property="max"> 
       <double>797.5139737915662</double> 
      </void> 
      <void property="mean"> 
       <double>791.6115383424997</double> 
      </void> 
      <void property="median"> 
       <double>792.6219324634458</double> 
      </void> 
      <void property="min"> 
       <double>786.1357234067327</double> 
      </void> 
      <void property="rawResults"> 
       <object class="java.util.ArrayList"> 
        <void method="add"> 
         <double>786.1357234067327</double> 
        </void> 
        <void method="add"> 
         <double>787.2769406148202</double> 
        </void> 
        <void method="add"> 
         <double>788.5897841107432</double> 
        </void> 
        <void method="add"> 
         <double>788.8731599045909</double> 
        </void> 
        <void method="add"> 
         <double>789.0831670146302</double> 
        </void> 
        <void method="add"> 
         <double>789.8111601340213</double> 
        </void> 
        <void method="add"> 
         <double>790.2189003575672</double> 
        </void> 
        <void method="add"> 
         <double>790.993249277801</double> 
        </void> 
        <void method="add"> 
         <double>791.2954009304493</double> 
        </void> 
        <void method="add"> 
         <double>792.6219324634458</double> 
        </void> 
        <void method="add"> 
         <double>792.6790678664571</double> 
        </void> 
        <void method="add"> 
         <double>792.7564194794935</double> 
        </void> 
        <void method="add"> 
         <double>792.8296600094484</double> 
        </void> 
        <void method="add"> 
         <double>793.4003858071586</double> 
        </void> 
        <void method="add"> 
         <double>793.7111378682408</double> 
        </void> 
        <void method="add"> 
         <double>793.8555180478645</double> 
        </void> 
        <void method="add"> 
         <double>794.078927214283</double> 
        </void> 
        <void method="add"> 
         <double>794.990160608711</double> 
        </void> 
        <void method="add"> 
         <double>795.0037900928481</double> 
        </void> 
        <void method="add"> 
         <double>797.5139737915662</double> 
        </void> 
        <void method="add"> 
         <double>789.2305485908623</double> 
        </void> 
        <void method="add"> 
         <double>788.0993864215285</double> 
        </void> 
        <void method="add"> 
         <double>791.3922985555736</double> 
        </void> 
        <void method="add"> 
         <double>792.6798425618614</double> 
        </void> 
        <void method="add"> 
         <double>793.167923431795</double> 
        </void> 
       </object> 
      </void> 
      <void property="stdev"> 
       <double>2.6871749271395546</double> 
      </void> 
     </object> 
    </void> 
    <void index="7"> 
     <object class="jmbench.tools.EvaluationMetrics"> 
      <void property="max"> 
       <double>107.28431603192108</double> 
      </void> 
      <void property="mean"> 
       <double>106.88532181983517</double> 
      </void> 
      <void property="median"> 
       <double>106.95487759888665</double> 
      </void> 
      <void property="min"> 
       <double>105.23832030525384</double> 
      </void> 
      <void property="rawResults"> 
       <object class="java.util.ArrayList"> 
        <void method="add"> 
         <double>105.23832030525384</double> 
        </void> 
        <void method="add"> 
         <double>106.30820840543541</double> 
        </void> 
        <void method="add"> 
         <double>106.78716176038525</double> 
        </void> 
        <void method="add"> 
         <double>106.86963532471164</double> 
        </void> 
        <void method="add"> 
         <double>106.8956738843245</double> 
        </void> 
        <void method="add"> 
         <double>106.90036294658037</double> 
        </void> 
        <void method="add"> 
         <double>106.9022791279938</double> 
        </void> 
        <void method="add"> 
         <double>106.92245844613143</double> 
        </void> 
        <void method="add"> 
         <double>106.92853100152068</double> 
        </void> 
        <void method="add"> 
         <double>106.95487759888665</double> 
        </void> 
        <void method="add"> 
         <double>106.97510432886693</double> 
        </void> 
        <void method="add"> 
         <double>107.00818244347968</double> 
        </void> 
        <void method="add"> 
         <double>107.03110147772696</double> 
        </void> 
        <void method="add"> 
         <double>107.03125801487954</double> 
        </void> 
        <void method="add"> 
         <double>107.03792742096806</double> 
        </void> 
        <void method="add"> 
         <double>107.03957207033208</double> 
        </void> 
        <void method="add"> 
         <double>107.07842437785808</double> 
        </void> 
        <void method="add"> 
         <double>107.12002659724186</double> 
        </void> 
        <void method="add"> 
         <double>107.14580185792997</double> 
        </void> 
        <void method="add"> 
         <double>107.28431603192108</double> 
        </void> 
        <void method="add"> 
         <double>106.97739011119434</double> 
        </void> 
        <void method="add"> 
         <double>106.94188898953117</double> 
        </void> 
        <void method="add"> 
         <double>106.96145312456152</double> 
        </void> 
        <void method="add"> 
         <double>106.88685623660199</double> 
        </void> 
        <void method="add"> 
         <double>106.90623361156163</double> 
        </void> 
       </object> 
      </void> 
      <void property="stdev"> 
       <double>0.37493359401530146</double> 
      </void> 
     </object> 
    </void> 
    <void index="8"> 
     <object class="jmbench.tools.EvaluationMetrics"> 
      <void property="max"> 
       <double>13.693388108542333</double> 
      </void> 
      <void property="mean"> 
       <double>13.571294923447349</double> 
      </void> 
      <void property="median"> 
       <double>13.567935571105767</double> 
      </void> 
      <void property="min"> 
       <double>13.395497174522903</double> 
      </void> 
      <void property="rawResults"> 
       <object class="java.util.ArrayList"> 
        <void method="add"> 
         <double>13.395497174522903</double> 
        </void> 
        <void method="add"> 
         <double>13.442202483133281</double> 
        </void> 
        <void method="add"> 
         <double>13.46143331334838</double> 
        </void> 
        <void method="add"> 
         <double>13.479964879930758</double> 
        </void> 
        <void method="add"> 
         <double>13.49034084968033</double> 
        </void> 
        <void method="add"> 
         <double>13.497901393871382</double> 
        </void> 
        <void method="add"> 
         <double>13.533739379228026</double> 
        </void> 
        <void method="add"> 
         <double>13.539295474494246</double> 
        </void> 
        <void method="add"> 
         <double>13.55449214305383</double> 
        </void> 
        <void method="add"> 
         <double>13.55596981012255</double> 
        </void> 
        <void method="add"> 
         <double>13.578081812592586</double> 
        </void> 
        <void method="add"> 
         <double>13.589875692429233</double> 
        </void> 
        <void method="add"> 
         <double>13.599681620706193</double> 
        </void> 
        <void method="add"> 
         <double>13.613598486354809</double> 
        </void> 
        <void method="add"> 
         <double>13.614838755909814</double> 
        </void> 
        <void method="add"> 
         <double>13.633329137710374</double> 
        </void> 
        <void method="add"> 
         <double>13.651739377020954</double> 
        </void> 
        <void method="add"> 
         <double>13.653638114860769</double> 
        </void> 
        <void method="add"> 
         <double>13.671745843293163</double> 
        </void> 
        <void method="add"> 
         <double>13.683616304474912</double> 
        </void> 
        <void method="add"> 
         <double>13.567935571105767</double> 
        </void> 
        <void method="add"> 
         <double>13.533679159370875</double> 
        </void> 
        <void method="add"> 
         <double>13.558198027334038</double> 
        </void> 
        <void method="add"> 
         <double>13.693388108542333</double> 
        </void> 
        <void method="add"> 
         <double>13.688190173092229</double> 
        </void> 
       </object> 
      </void> 
      <void property="stdev"> 
       <double>0.07943057681714595</double> 
      </void> 
     </object> 
    </void> 
    <void index="9"> 
     <object class="jmbench.tools.EvaluationMetrics"> 
      <void property="max"> 
       <double>0.40434278685158365</double> 
      </void> 
      <void property="mean"> 
       <double>0.39711268107945885</double> 
      </void> 
      <void property="median"> 
       <double>0.4010281854974471</double> 
      </void> 
      <void property="min"> 
       <double>0.3598942489330174</double> 
      </void> 
      <void property="rawResults"> 
       <object class="java.util.ArrayList"> 
        <void method="add"> 
         <double>0.3598942489330174</double> 
        </void> 
        <void method="add"> 
         <double>0.36474797673257775</double> 
        </void> 
        <void method="add"> 
         <double>0.37914873409821603</double> 
        </void> 
        <void method="add"> 
         <double>0.39891079609114904</double> 
        </void> 
        <void method="add"> 
         <double>0.399231559971676</double> 
        </void> 
        <void method="add"> 
         <double>0.3993485161689624</double> 
        </void> 
        <void method="add"> 
         <double>0.39959320029617373</double> 
        </void> 
        <void method="add"> 
         <double>0.39963481793949596</double> 
        </void> 
        <void method="add"> 
         <double>0.39978758310228074</double> 
        </void> 
        <void method="add"> 
         <double>0.4010281854974471</double> 
        </void> 
        <void method="add"> 
         <double>0.40122240993345804</double> 
        </void> 
        <void method="add"> 
         <double>0.40136885853809645</double> 
        </void> 
        <void method="add"> 
         <double>0.4017372293279272</double> 
        </void> 
        <void method="add"> 
         <double>0.4018575250862529</double> 
        </void> 
        <void method="add"> 
         <double>0.4020844268182667</double> 
        </void> 
        <void method="add"> 
         <double>0.402497986141073</double> 
        </void> 
        <void method="add"> 
         <double>0.40349897240866256</double> 
        </void> 
        <void method="add"> 
         <double>0.40374408002874324</double> 
        </void> 
        <void method="add"> 
         <double>0.40427200992313783</double> 
        </void> 
        <void method="add"> 
         <double>0.40434278685158365</double> 
        </void> 
        <void method="add"> 
         <double>0.3998041548952338</double> 
        </void> 
        <void method="add"> 
         <double>0.4023571515941272</double> 
        </void> 
        <void method="add"> 
         <double>0.3969282607841791</double> 
        </void> 
        <void method="add"> 
         <double>0.4013151692846539</double> 
        </void> 
        <void method="add"> 
         <double>0.39946038654008004</double> 
        </void> 
       </object> 
      </void> 
      <void property="stdev"> 
       <double>0.011281811599062115</double> 
      </void> 
     </object> 
    </void> 
    <void index="10"> 
     <object class="jmbench.tools.EvaluationMetrics"> 
      <void property="max"> 
       <double>0.041250445882979</double> 
      </void> 
      <void property="mean"> 
       <double>0.040790112630753314</double> 
      </void> 
      <void property="median"> 
       <double>0.04108787160512667</double> 
      </void> 
      <void property="min"> 
       <double>0.04003202040415427</double> 
      </void> 
      <void property="rawResults"> 
       <object class="java.util.ArrayList"> 
        <void method="add"> 
         <double>0.04108787160512667</double> 
        </void> 
        <void method="add"> 
         <double>0.041250445882979</double> 
        </void> 
        <void method="add"> 
         <double>0.04003202040415427</double> 
        </void> 
       </object> 
      </void> 
      <void property="stdev"> 
       <double>5.40145330429521E-4</double> 
      </void> 
     </object> 
    </void> 
   </array> 
  </void> 
  <void property="opName"> 
   <string>Solve m=n</string> 
  </void> 
 </object> 
</java> 
