<?xml version="1.0" encoding="UTF-8"?> 
<java version="1.6.0_16" class="java.beans.XMLDecoder"> 
 <object class="jmbench.tools.runtime.OperationResults"> 
  <void property="library"> 
   <object class="jmbench.impl.MatrixLibrary" method="valueOf"> 
    <string>PCOLT</string> 
   </object> 
  </void> 
  <void property="matDimen"> 
   <array class="int" length="12"> 
    <void index="0"> 
     <int>2</int> 
    </void> 
    <void index="1"> 
     <int>3</int> 
    </void> 
    <void index="2"> 
     <int>4</int> 
    </void> 
    <void index="3"> 
     <int>5</int> 
    </void> 
    <void index="4"> 
     <int>10</int> 
    </void> 
    <void index="5"> 
     <int>20</int> 
    </void> 
    <void index="6"> 
     <int>50</int> 
    </void> 
    <void index="7"> 
     <int>100</int> 
    </void> 
    <void index="8"> 
     <int>200</int> 
    </void> 
    <void index="9"> 
     <int>500</int> 
    </void> 
    <void index="10"> 
     <int>1000</int> 
    </void> 
    <void index="11"> 
     <int>2000</int> 
    </void> 
   </array> 
  </void> 
  <void property="metrics"> 
   <array class="jmbench.tools.EvaluationMetrics" length="12"> 
    <void index="0"> 
     <object class="jmbench.tools.EvaluationMetrics"> 
      <void property="max"> 
       <double>62.81943274151529</double> 
      </void> 
      <void property="mean"> 
       <double>61.59829766894974</double> 
      </void> 
      <void property="median"> 
       <double>61.80758024427862</double> 
      </void> 
      <void property="min"> 
       <double>59.493832023504496</double> 
      </void> 
      <void property="rawResults"> 
       <object class="java.util.ArrayList"> 
        <void method="add"> 
         <double>61.45783933428092</double> 
        </void> 
        <void method="add"> 
         <double>61.80758024427862</double> 
        </void> 
        <void method="add"> 
         <double>62.52368959825759</double> 
        </void> 
        <void method="add"> 
         <double>62.539327856322444</double> 
        </void> 
        <void method="add"> 
         <double>62.81943274151529</double> 
        </void> 
        <void method="add"> 
         <double>61.453334468460774</double> 
        </void> 
        <void method="add"> 
         <double>61.79627551769764</double> 
        </void> 
        <void method="add"> 
         <double>59.493832023504496</double> 
        </void> 
        <void method="add"> 
         <double>60.10725737124218</double> 
        </void> 
        <void method="add"> 
         <double>61.984407533937485</double> 
        </void> 
       </object> 
      </void> 
      <void property="stdev"> 
       <double>1.007861788645524</double> 
      </void> 
     </object> 
    </void> 
   </array> 
  </void> 
  <void property="opName"> 
   <string>Solve m&gt;n</string> 
  </void> 
 </object> 
</java> 
