<?xml version="1.0" encoding="UTF-8"?> 
<java version="1.6.0_16" class="java.beans.XMLDecoder"> 
 <object class="jmbench.tools.runtime.OperationResults"> 
  <void property="library"> 
   <object class="jmbench.impl.MatrixLibrary" method="valueOf"> 
    <string>PCOLT</string> 
   </object> 
  </void> 
  <void property="matDimen"> 
   <array class="int" length="12"> 
    <void index="0"> 
     <int>2</int> 
    </void> 
    <void index="1"> 
     <int>3</int> 
    </void> 
    <void index="2"> 
     <int>4</int> 
    </void> 
    <void index="3"> 
     <int>5</int> 
    </void> 
    <void index="4"> 
     <int>10</int> 
    </void> 
    <void index="5"> 
     <int>20</int> 
    </void> 
    <void index="6"> 
     <int>50</int> 
    </void> 
    <void index="7"> 
     <int>100</int> 
    </void> 
    <void index="8"> 
     <int>200</int> 
    </void> 
    <void index="9"> 
     <int>500</int> 
    </void> 
    <void index="10"> 
     <int>1000</int> 
    </void> 
    <void index="11"> 
     <int>2000</int> 
    </void> 
   </array> 
  </void> 
  <void property="metrics"> 
   <array class="jmbench.tools.EvaluationMetrics" length="12"> 
    <void index="0"> 
     <object class="jmbench.tools.EvaluationMetrics"> 
      <void property="max"> 
       <double>553469.4181829893</double> 
      </void> 
      <void property="mean"> 
       <double>544118.5974797376</double> 
      </void> 
      <void property="median"> 
       <double>546864.3326302153</double> 
      </void> 
      <void property="min"> 
       <double>519218.90892538585</double> 
      </void> 
      <void property="rawResults"> 
       <object class="java.util.ArrayList"> 
        <void method="add"> 
         <double>519218.90892538585</double> 
        </void> 
        <void method="add"> 
         <double>523985.21849020617</double> 
        </void> 
        <void method="add"> 
         <double>532031.0960199519</double> 
        </void> 
        <void method="add"> 
         <double>532190.398741105</double> 
        </void> 
        <void method="add"> 
         <double>534336.6860014761</double> 
        </void> 
        <void method="add"> 
         <double>538700.7834670261</double> 
        </void> 
        <void method="add"> 
         <double>539527.6938844604</double> 
        </void> 
        <void method="add"> 
         <double>541094.1301964868</double> 
        </void> 
        <void method="add"> 
         <double>541217.0393202303</double> 
        </void> 
        <void method="add"> 
         <double>546864.3326302153</double> 
        </void> 
        <void method="add"> 
         <double>549164.9688151994</double> 
        </void> 
        <void method="add"> 
         <double>550631.8205815456</double> 
        </void> 
        <void method="add"> 
         <double>551060.0285838317</double> 
        </void> 
        <void method="add"> 
         <double>551473.2524590453</double> 
        </void> 
        <void method="add"> 
         <double>551939.1923646465</double> 
        </void> 
        <void method="add"> 
         <double>552042.277195621</double> 
        </void> 
        <void method="add"> 
         <double>552241.5559343647</double> 
        </void> 
        <void method="add"> 
         <double>552329.2047220625</double> 
        </void> 
        <void method="add"> 
         <double>552546.5880038696</double> 
        </void> 
        <void method="add"> 
         <double>553469.4181829893</double> 
        </void> 
        <void method="add"> 
         <double>551999.3464048362</double> 
        </void> 
        <void method="add"> 
         <double>543846.8523396454</double> 
        </void> 
        <void method="add"> 
         <double>544900.9770761471</double> 
        </void> 
        <void method="add"> 
         <double>544738.1665041099</double> 
        </void> 
        <void method="add"> 
         <double>551415.0001489823</double> 
        </void> 
       </object> 
      </void> 
      <void property="stdev"> 
       <double>9353.812351499973</double> 
      </void> 
     </object> 
    </void> 
    <void index="1"> 
     <object class="jmbench.tools.EvaluationMetrics"> 
      <void property="max"> 
       <double>289119.2440095957</double> 
      </void> 
      <void property="mean"> 
       <double>259571.45255465532</double> 
      </void> 
      <void property="median"> 
       <double>258892.89669054205</double> 
      </void> 
      <void property="min"> 
       <double>232884.41091737707</double> 
      </void> 
      <void property="rawResults"> 
       <object class="java.util.ArrayList"> 
        <void method="add"> 
         <double>232884.41091737707</double> 
        </void> 
        <void method="add"> 
         <double>246402.77804617613</double> 
        </void> 
        <void method="add"> 
         <double>249228.35253323213</double> 
        </void> 
        <void method="add"> 
         <double>250780.1644274138</double> 
        </void> 
        <void method="add"> 
         <double>252493.77674798734</double> 
        </void> 
        <void method="add"> 
         <double>252691.69327566054</double> 
        </void> 
        <void method="add"> 
         <double>253153.87556390718</double> 
        </void> 
        <void method="add"> 
         <double>254119.36609729292</double> 
        </void> 
        <void method="add"> 
         <double>254854.6590720424</double> 
        </void> 
        <void method="add"> 
         <double>254861.00481663187</double> 
        </void> 
        <void method="add"> 
         <double>257737.22819226282</double> 
        </void> 
        <void method="add"> 
         <double>258423.8681885131</double> 
        </void> 
        <void method="add"> 
         <double>258892.89669054205</double> 
        </void> 
        <void method="add"> 
         <double>259249.2488630449</double> 
        </void> 
        <void method="add"> 
         <double>259728.1530559692</double> 
        </void> 
        <void method="add"> 
         <double>262397.25421783706</double> 
        </void> 
        <void method="add"> 
         <double>263191.34303906723</double> 
        </void> 
        <void method="add"> 
         <double>265358.93137999024</double> 
        </void> 
        <void method="add"> 
         <double>286438.98132938094</double> 
        </void> 
        <void method="add"> 
         <double>289119.2440095957</double> 
        </void> 
        <void method="add"> 
         <double>262505.24746315356</double> 
        </void> 
        <void method="add"> 
         <double>278872.95888702065</double> 
        </void> 
        <void method="add"> 
         <double>262243.41480661667</double> 
        </void> 
        <void method="add"> 
         <double>261196.58276340555</double> 
        </void> 
        <void method="add"> 
         <double>262460.87948226085</double> 
        </void> 
       </object> 
      </void> 
      <void property="stdev"> 
       <double>11552.877801811896</double> 
      </void> 
     </object> 
    </void> 
    <void index="2"> 
     <object class="jmbench.tools.EvaluationMetrics"> 
      <void property="max"> 
       <double>165112.44628254647</double> 
      </void> 
      <void property="mean"> 
       <double>152804.3325980914</double> 
      </void> 
      <void property="median"> 
       <double>152559.74750491715</double> 
      </void> 
      <void property="min"> 
       <double>142873.68918921883</double> 
      </void> 
      <void property="rawResults"> 
       <object class="java.util.ArrayList"> 
        <void method="add"> 
         <double>142873.68918921883</double> 
        </void> 
        <void method="add"> 
         <double>146344.50212503618</double> 
        </void> 
        <void method="add"> 
         <double>146758.88999486621</double> 
        </void> 
        <void method="add"> 
         <double>148142.78020577153</double> 
        </void> 
        <void method="add"> 
         <double>148624.58273633098</double> 
        </void> 
        <void method="add"> 
         <double>149356.15981730277</double> 
        </void> 
        <void method="add"> 
         <double>149803.48621066133</double> 
        </void> 
        <void method="add"> 
         <double>151443.68757703886</double> 
        </void> 
        <void method="add"> 
         <double>151787.10746179087</double> 
        </void> 
        <void method="add"> 
         <double>152292.70312229765</double> 
        </void> 
        <void method="add"> 
         <double>152559.74750491715</double> 
        </void> 
        <void method="add"> 
         <double>152812.3469727351</double> 
        </void> 
        <void method="add"> 
         <double>153225.91558195796</double> 
        </void> 
        <void method="add"> 
         <double>153448.39951158548</double> 
        </void> 
        <void method="add"> 
         <double>154289.5895405658</double> 
        </void> 
        <void method="add"> 
         <double>154527.70051843446</double> 
        </void> 
        <void method="add"> 
         <double>157013.12159097416</double> 
        </void> 
        <void method="add"> 
         <double>157151.21183941554</double> 
        </void> 
        <void method="add"> 
         <double>158081.22408030392</double> 
        </void> 
        <void method="add"> 
         <double>165112.44628254647</double> 
        </void> 
        <void method="add"> 
         <double>158390.29941288906</double> 
        </void> 
        <void method="add"> 
         <double>156607.86123449876</double> 
        </void> 
        <void method="add"> 
         <double>147625.4898831085</double> 
        </void> 
        <void method="add"> 
         <double>152364.74881173388</double> 
        </void> 
        <void method="add"> 
         <double>159470.62374630396</double> 
        </void> 
       </object> 
      </void> 
      <void property="stdev"> 
       <double>4812.623234151758</double> 
      </void> 
     </object> 
    </void> 
    <void index="3"> 
     <object class="jmbench.tools.EvaluationMetrics"> 
      <void property="max"> 
       <double>105057.54154829637</double> 
      </void> 
      <void property="mean"> 
       <double>98044.66018584042</double> 
      </void> 
      <void property="median"> 
       <double>98911.04912702931</double> 
      </void> 
      <void property="min"> 
       <double>86944.7738977093</double> 
      </void> 
      <void property="rawResults"> 
       <object class="java.util.ArrayList"> 
        <void method="add"> 
         <double>86944.7738977093</double> 
        </void> 
        <void method="add"> 
         <double>87668.20529127633</double> 
        </void> 
        <void method="add"> 
         <double>90836.99920700082</double> 
        </void> 
        <void method="add"> 
         <double>91062.48542560087</double> 
        </void> 
        <void method="add"> 
         <double>94493.57121397053</double> 
        </void> 
        <void method="add"> 
         <double>94727.66674175393</double> 
        </void> 
        <void method="add"> 
         <double>96076.04999317745</double> 
        </void> 
        <void method="add"> 
         <double>97097.52530778489</double> 
        </void> 
        <void method="add"> 
         <double>97159.15267537787</double> 
        </void> 
        <void method="add"> 
         <double>97330.35051859116</double> 
        </void> 
        <void method="add"> 
         <double>98911.04912702931</double> 
        </void> 
        <void method="add"> 
         <double>99823.1906036017</double> 
        </void> 
        <void method="add"> 
         <double>100652.58875340679</double> 
        </void> 
        <void method="add"> 
         <double>100891.41701751076</double> 
        </void> 
        <void method="add"> 
         <double>101157.6204119998</double> 
        </void> 
        <void method="add"> 
         <double>101241.15085814775</double> 
        </void> 
        <void method="add"> 
         <double>101911.1348441874</double> 
        </void> 
        <void method="add"> 
         <double>102683.3280713618</double> 
        </void> 
        <void method="add"> 
         <double>103174.46389171736</double> 
        </void> 
        <void method="add"> 
         <double>103854.67885392059</double> 
        </void> 
        <void method="add"> 
         <double>103466.7143235325</double> 
        </void> 
        <void method="add"> 
         <double>94676.48665591438</double> 
        </void> 
        <void method="add"> 
         <double>105057.54154829637</double> 
        </void> 
        <void method="add"> 
         <double>104259.30199993588</double> 
        </void> 
        <void method="add"> 
         <double>95959.05741320469</double> 
        </void> 
       </object> 
      </void> 
      <void property="stdev"> 
       <double>5017.646873591142</double> 
      </void> 
     </object> 
    </void> 
    <void index="4"> 
     <object class="jmbench.tools.EvaluationMetrics"> 
      <void property="max"> 
       <double>25272.068735346573</double> 
      </void> 
      <void property="mean"> 
       <double>24136.959976798462</double> 
      </void> 
      <void property="median"> 
       <double>24254.254880217562</double> 
      </void> 
      <void property="min"> 
       <double>22465.2335311985</double> 
      </void> 
      <void property="rawResults"> 
       <object class="java.util.ArrayList"> 
        <void method="add"> 
         <double>22465.2335311985</double> 
        </void> 
        <void method="add"> 
         <double>23291.692295841836</double> 
        </void> 
        <void method="add"> 
         <double>23401.20544975074</double> 
        </void> 
        <void method="add"> 
         <double>23502.280217951575</double> 
        </void> 
        <void method="add"> 
         <double>23636.59570827223</double> 
        </void> 
        <void method="add"> 
         <double>23750.117609833967</double> 
        </void> 
        <void method="add"> 
         <double>23961.40940097274</double> 
        </void> 
        <void method="add"> 
         <double>24027.857797650035</double> 
        </void> 
        <void method="add"> 
         <double>24031.630953680935</double> 
        </void> 
        <void method="add"> 
         <double>24254.254880217562</double> 
        </void> 
        <void method="add"> 
         <double>24269.661628362326</double> 
        </void> 
        <void method="add"> 
         <double>24425.013378915122</double> 
        </void> 
        <void method="add"> 
         <double>24452.545804582343</double> 
        </void> 
        <void method="add"> 
         <double>24469.05683341184</double> 
        </void> 
        <void method="add"> 
         <double>24529.732160149066</double> 
        </void> 
        <void method="add"> 
         <double>24841.446636108587</double> 
        </void> 
        <void method="add"> 
         <double>24930.57444365026</double> 
        </void> 
        <void method="add"> 
         <double>24988.245076008203</double> 
        </void> 
        <void method="add"> 
         <double>25218.914977858527</double> 
        </void> 
        <void method="add"> 
         <double>25272.068735346573</double> 
        </void> 
        <void method="add"> 
         <double>22746.443740717445</double> 
        </void> 
        <void method="add"> 
         <double>23271.11950151219</double> 
        </void> 
        <void method="add"> 
         <double>25025.553404245988</double> 
        </void> 
        <void method="add"> 
         <double>25192.467158977233</double> 
        </void> 
        <void method="add"> 
         <double>23468.87809474586</double> 
        </void> 
       </object> 
      </void> 
      <void property="stdev"> 
       <double>767.5617119167906</double> 
      </void> 
     </object> 
    </void> 
    <void index="5"> 
     <object class="jmbench.tools.EvaluationMetrics"> 
      <void property="max"> 
       <double>5408.498582735163</double> 
      </void> 
      <void property="mean"> 
       <double>5253.662910287522</double> 
      </void> 
      <void property="median"> 
       <double>5250.528007372082</double> 
      </void> 
      <void property="min"> 
       <double>4997.614260450535</double> 
      </void> 
      <void property="rawResults"> 
       <object class="java.util.ArrayList"> 
        <void method="add"> 
         <double>4997.614260450535</double> 
        </void> 
        <void method="add"> 
         <double>5136.44105440839</double> 
        </void> 
        <void method="add"> 
         <double>5153.047065090895</double> 
        </void> 
        <void method="add"> 
         <double>5171.881387747087</double> 
        </void> 
        <void method="add"> 
         <double>5174.36099229895</double> 
        </void> 
        <void method="add"> 
         <double>5194.952126222691</double> 
        </void> 
        <void method="add"> 
         <double>5215.65987013927</double> 
        </void> 
        <void method="add"> 
         <double>5218.087142483479</double> 
        </void> 
        <void method="add"> 
         <double>5232.159240563257</double> 
        </void> 
        <void method="add"> 
         <double>5234.228805387675</double> 
        </void> 
        <void method="add"> 
         <double>5235.493864475076</double> 
        </void> 
        <void method="add"> 
         <double>5251.8694237949085</double> 
        </void> 
        <void method="add"> 
         <double>5280.6358638721595</double> 
        </void> 
        <void method="add"> 
         <double>5296.8695522679245</double> 
        </void> 
        <void method="add"> 
         <double>5330.372173783574</double> 
        </void> 
        <void method="add"> 
         <double>5334.018681671395</double> 
        </void> 
        <void method="add"> 
         <double>5337.948462497773</double> 
        </void> 
        <void method="add"> 
         <double>5362.379924094802</double> 
        </void> 
        <void method="add"> 
         <double>5385.517686617892</double> 
        </void> 
        <void method="add"> 
         <double>5408.498582735163</double> 
        </void> 
        <void method="add"> 
         <double>5267.492519654723</double> 
        </void> 
        <void method="add"> 
         <double>5407.641803796625</double> 
        </void> 
        <void method="add"> 
         <double>5324.55609477299</double> 
        </void> 
        <void method="add"> 
         <double>5139.318170988743</double> 
        </void> 
        <void method="add"> 
         <double>5250.528007372082</double> 
        </void> 
       </object> 
      </void> 
      <void property="stdev"> 
       <double>95.28121631621222</double> 
      </void> 
     </object> 
    </void> 
    <void index="6"> 
     <object class="jmbench.tools.EvaluationMetrics"> 
      <void property="max"> 
       <double>490.6961906082769</double> 
      </void> 
      <void property="mean"> 
       <double>474.84860425919885</double> 
      </void> 
      <void property="median"> 
       <double>476.44828546857394</double> 
      </void> 
      <void property="min"> 
       <double>450.20623671370373</double> 
      </void> 
      <void property="rawResults"> 
       <object class="java.util.ArrayList"> 
        <void method="add"> 
         <double>450.20623671370373</double> 
        </void> 
        <void method="add"> 
         <double>458.6289988608042</double> 
        </void> 
        <void method="add"> 
         <double>460.23915635103134</double> 
        </void> 
        <void method="add"> 
         <double>467.1434398226126</double> 
        </void> 
        <void method="add"> 
         <double>470.3872478640641</double> 
        </void> 
        <void method="add"> 
         <double>471.13087114312225</double> 
        </void> 
        <void method="add"> 
         <double>471.59659276749926</double> 
        </void> 
        <void method="add"> 
         <double>473.7057794121214</double> 
        </void> 
        <void method="add"> 
         <double>474.3507724361535</double> 
        </void> 
        <void method="add"> 
         <double>476.33676872606316</double> 
        </void> 
        <void method="add"> 
         <double>476.41296882055354</double> 
        </void> 
        <void method="add"> 
         <double>477.04633743942105</double> 
        </void> 
        <void method="add"> 
         <double>477.9045183584243</double> 
        </void> 
        <void method="add"> 
         <double>478.1558203864421</double> 
        </void> 
        <void method="add"> 
         <double>478.8596651611414</double> 
        </void> 
        <void method="add"> 
         <double>479.82888064116275</double> 
        </void> 
        <void method="add"> 
         <double>480.41174808040734</double> 
        </void> 
        <void method="add"> 
         <double>483.1992171213217</double> 
        </void> 
        <void method="add"> 
         <double>485.0614824536777</double> 
        </void> 
        <void method="add"> 
         <double>490.6961906082769</double> 
        </void> 
        <void method="add"> 
         <double>480.8131180793406</double> 
        </void> 
        <void method="add"> 
         <double>484.9298307761474</double> 
        </void> 
        <void method="add"> 
         <double>476.44828546857394</double> 
        </void> 
        <void method="add"> 
         <double>477.334453111448</double> 
        </void> 
        <void method="add"> 
         <double>470.38672587645743</double> 
        </void> 
       </object> 
      </void> 
      <void property="stdev"> 
       <double>8.675541658792538</double> 
      </void> 
     </object> 
    </void> 
    <void index="7"> 
     <object class="jmbench.tools.EvaluationMetrics"> 
      <void property="max"> 
       <double>47.51473651692924</double> 
      </void> 
      <void property="mean"> 
       <double>46.27653468678688</double> 
      </void> 
      <void property="median"> 
       <double>46.36598687324006</double> 
      </void> 
      <void property="min"> 
       <double>43.87676023454736</double> 
      </void> 
      <void property="rawResults"> 
       <object class="java.util.ArrayList"> 
        <void method="add"> 
         <double>43.87676023454736</double> 
        </void> 
        <void method="add"> 
         <double>44.924346021931825</double> 
        </void> 
        <void method="add"> 
         <double>45.08730898885119</double> 
        </void> 
        <void method="add"> 
         <double>45.447524682567696</double> 
        </void> 
        <void method="add"> 
         <double>45.548521510659164</double> 
        </void> 
        <void method="add"> 
         <double>45.778314167584774</double> 
        </void> 
        <void method="add"> 
         <double>46.18159997299219</double> 
        </void> 
        <void method="add"> 
         <double>46.3544574954843</double> 
        </void> 
        <void method="add"> 
         <double>46.3582463061423</double> 
        </void> 
        <void method="add"> 
         <double>46.36237373057083</double> 
        </void> 
        <void method="add"> 
         <double>46.50267622373228</double> 
        </void> 
        <void method="add"> 
         <double>46.61953436404415</double> 
        </void> 
        <void method="add"> 
         <double>46.715973806180266</double> 
        </void> 
        <void method="add"> 
         <double>46.74686338186176</double> 
        </void> 
        <void method="add"> 
         <double>46.91608082953169</double> 
        </void> 
        <void method="add"> 
         <double>46.95422596156404</double> 
        </void> 
        <void method="add"> 
         <double>46.97445944334743</double> 
        </void> 
        <void method="add"> 
         <double>47.186969125953034</double> 
        </void> 
        <void method="add"> 
         <double>47.313267627217854</double> 
        </void> 
        <void method="add"> 
         <double>47.51473651692924</double> 
        </void> 
        <void method="add"> 
         <double>46.09740558646831</double> 
        </void> 
        <void method="add"> 
         <double>46.36598687324006</double> 
        </void> 
        <void method="add"> 
         <double>45.432971902856686</double> 
        </void> 
        <void method="add"> 
         <double>46.67395696613063</double> 
        </void> 
        <void method="add"> 
         <double>46.97880544928314</double> 
        </void> 
       </object> 
      </void> 
      <void property="stdev"> 
       <double>0.8312486374771335</double> 
      </void> 
     </object> 
    </void> 
    <void index="8"> 
     <object class="jmbench.tools.EvaluationMetrics"> 
      <void property="max"> 
       <double>4.4038009670433</double> 
      </void> 
      <void property="mean"> 
       <double>4.366334577920053</double> 
      </void> 
      <void property="median"> 
       <double>4.376113938435493</double> 
      </void> 
      <void property="min"> 
       <double>4.265886321863902</double> 
      </void> 
      <void property="rawResults"> 
       <object class="java.util.ArrayList"> 
        <void method="add"> 
         <double>4.265886321863902</double> 
        </void> 
        <void method="add"> 
         <double>4.335048505905886</double> 
        </void> 
        <void method="add"> 
         <double>4.335493987458899</double> 
        </void> 
        <void method="add"> 
         <double>4.351910634540832</double> 
        </void> 
        <void method="add"> 
         <double>4.3606567520222725</double> 
        </void> 
        <void method="add"> 
         <double>4.367205950421577</double> 
        </void> 
        <void method="add"> 
         <double>4.372538512238575</double> 
        </void> 
        <void method="add"> 
         <double>4.373546133493705</double> 
        </void> 
        <void method="add"> 
         <double>4.376113938435493</double> 
        </void> 
        <void method="add"> 
         <double>4.376961304050141</double> 
        </void> 
        <void method="add"> 
         <double>4.377511389227778</double> 
        </void> 
        <void method="add"> 
         <double>4.377793031954387</double> 
        </void> 
        <void method="add"> 
         <double>4.378487926743161</double> 
        </void> 
        <void method="add"> 
         <double>4.379050161599212</double> 
        </void> 
        <void method="add"> 
         <double>4.379179597118487</double> 
        </void> 
        <void method="add"> 
         <double>4.381148673818347</double> 
        </void> 
        <void method="add"> 
         <double>4.383438406595842</double> 
        </void> 
        <void method="add"> 
         <double>4.396613159497195</double> 
        </void> 
        <void method="add"> 
         <double>4.39835150408163</double> 
        </void> 
        <void method="add"> 
         <double>4.4038009670433</double> 
        </void> 
        <void method="add"> 
         <double>4.367627943578685</double> 
        </void> 
        <void method="add"> 
         <double>4.358066497017867</double> 
        </void> 
        <void method="add"> 
         <double>4.335169072134161</double> 
        </void> 
        <void method="add"> 
         <double>4.384823179603026</double> 
        </void> 
        <void method="add"> 
         <double>4.341940897556947</double> 
        </void> 
       </object> 
      </void> 
      <void property="stdev"> 
       <double>0.027659593204908937</double> 
      </void> 
     </object> 
    </void> 
    <void index="9"> 
     <object class="jmbench.tools.EvaluationMetrics"> 
      <void property="max"> 
       <double>0.19708035147756073</double> 
      </void> 
      <void property="mean"> 
       <double>0.18995406685381797</double> 
      </void> 
      <void property="median"> 
       <double>0.19187872711835388</double> 
      </void> 
      <void property="min"> 
       <double>0.16696456096833404</double> 
      </void> 
      <void property="rawResults"> 
       <object class="java.util.ArrayList"> 
        <void method="add"> 
         <double>0.16696456096833404</double> 
        </void> 
        <void method="add"> 
         <double>0.18106167273538468</double> 
        </void> 
        <void method="add"> 
         <double>0.1811952336919204</double> 
        </void> 
        <void method="add"> 
         <double>0.18302296110770003</double> 
        </void> 
        <void method="add"> 
         <double>0.18351836374157746</double> 
        </void> 
        <void method="add"> 
         <double>0.18355876431759785</double> 
        </void> 
        <void method="add"> 
         <double>0.18865270736429454</double> 
        </void> 
        <void method="add"> 
         <double>0.19096232224145482</double> 
        </void> 
        <void method="add"> 
         <double>0.1912565619849095</double> 
        </void> 
        <void method="add"> 
         <double>0.19137507006719753</double> 
        </void> 
        <void method="add"> 
         <double>0.19187872711835388</double> 
        </void> 
        <void method="add"> 
         <double>0.19263241013127733</double> 
        </void> 
        <void method="add"> 
         <double>0.19333497984233336</double> 
        </void> 
        <void method="add"> 
         <double>0.19421216239318592</double> 
        </void> 
        <void method="add"> 
         <double>0.194233939948187</double> 
        </void> 
        <void method="add"> 
         <double>0.19474458993472607</double> 
        </void> 
        <void method="add"> 
         <double>0.19501108317604646</double> 
        </void> 
        <void method="add"> 
         <double>0.19667381750836332</double> 
        </void> 
        <void method="add"> 
         <double>0.19696177286930483</double> 
        </void> 
        <void method="add"> 
         <double>0.19708035147756073</double> 
        </void> 
        <void method="add"> 
         <double>0.18266269595813364</double> 
        </void> 
        <void method="add"> 
         <double>0.1908663711458466</double> 
        </void> 
        <void method="add"> 
         <double>0.1956807041256736</double> 
        </void> 
        <void method="add"> 
         <double>0.19585903825788767</double> 
        </void> 
        <void method="add"> 
         <double>0.19545080923819796</double> 
        </void> 
       </object> 
      </void> 
      <void property="stdev"> 
       <double>0.007000838946774697</double> 
      </void> 
     </object> 
    </void> 
    <void index="10"> 
     <object class="jmbench.tools.EvaluationMetrics"> 
      <void property="max"> 
       <double>0.017739728898593037</double> 
      </void> 
      <void property="mean"> 
       <double>0.017739728898593037</double> 
      </void> 
      <void property="median"> 
       <double>0.017739728898593037</double> 
      </void> 
      <void property="min"> 
       <double>0.017739728898593037</double> 
      </void> 
      <void property="rawResults"> 
       <object class="java.util.ArrayList"> 
        <void method="add"> 
         <double>0.017739728898593037</double> 
        </void> 
       </object> 
      </void> 
     </object> 
    </void> 
   </array> 
  </void> 
  <void property="opName"> 
   <string>SVD</string> 
  </void> 
 </object> 
</java> 
