<?xml version="1.0" encoding="UTF-8"?> 
<java version="1.6.0_16" class="java.beans.XMLDecoder"> 
 <object class="jmbench.tools.runtime.OperationResults"> 
  <void property="library"> 
   <object class="jmbench.impl.MatrixLibrary"> 
    <void property="dateModified"> 
     <string>2010-02-13</string> 
    </void> 
    <void property="dirName"> 
     <string>ojalgo-28.37</string> 
    </void> 
    <void property="extraLibs"> 
     <boolean>true</boolean> 
    </void> 
    <void property="plotLineType"> 
     <int>6</int> 
    </void> 
    <void property="plotName"> 
     <string>ojAlgo</string> 
    </void> 
    <void property="versionName"> 
     <string>ojAlgo 28.37</string> 
    </void> 
   </object> 
  </void> 
  <void property="matDimen"> 
   <array class="int" length="12"> 
    <void index="0"> 
     <int>2</int> 
    </void> 
    <void index="1"> 
     <int>3</int> 
    </void> 
    <void index="2"> 
     <int>4</int> 
    </void> 
    <void index="3"> 
     <int>5</int> 
    </void> 
    <void index="4"> 
     <int>10</int> 
    </void> 
    <void index="5"> 
     <int>20</int> 
    </void> 
    <void index="6"> 
     <int>50</int> 
    </void> 
    <void index="7"> 
     <int>100</int> 
    </void> 
    <void index="8"> 
     <int>200</int> 
    </void> 
    <void index="9"> 
     <int>500</int> 
    </void> 
    <void index="10"> 
     <int>1000</int> 
    </void> 
    <void index="11"> 
     <int>2000</int> 
    </void> 
   </array> 
  </void> 
  <void property="metrics"> 
   <array class="jmbench.tools.runtime.RuntimeEvaluationMetrics" length="12"> 
    <void index="0"> 
     <object class="jmbench.tools.runtime.RuntimeEvaluationMetrics"> 
      <void property="max"> 
       <double>1129107.8120503065</double> 
      </void> 
      <void property="mean"> 
       <double>1121481.1513214547</double> 
      </void> 
      <void property="median"> 
       <double>1122498.5899012566</double> 
      </void> 
      <void property="min"> 
       <double>1113333.5540386168</double> 
      </void> 
      <void property="rawResults"> 
       <object class="java.util.ArrayList"> 
        <void method="add"> 
         <object class="jmbench.tools.runtime.RuntimeResults"> 
          <void property="error"> 
           <object id="OutputError0" class="jmbench.tools.OutputError" method="valueOf"> 
            <string>NO_ERROR</string> 
           </object> 
          </void> 
          <void property="opsPerSec"> 
           <double>1113333.5540386168</double> 
          </void> 
         </object> 
        </void> 
        <void method="add"> 
         <object class="jmbench.tools.runtime.RuntimeResults"> 
          <void property="error"> 
           <object idref="OutputError0"/> 
          </void> 
          <void property="opsPerSec"> 
           <double>1113954.5528706752</double> 
          </void> 
         </object> 
        </void> 
        <void method="add"> 
         <object class="jmbench.tools.runtime.RuntimeResults"> 
          <void property="error"> 
           <object idref="OutputError0"/> 
          </void> 
          <void property="opsPerSec"> 
           <double>1115680.5677533126</double> 
          </void> 
         </object> 
        </void> 
        <void method="add"> 
         <object class="jmbench.tools.runtime.RuntimeResults"> 
          <void property="error"> 
           <object idref="OutputError0"/> 
          </void> 
          <void property="opsPerSec"> 
           <double>1115749.2071682233</double> 
          </void> 
         </object> 
        </void> 
        <void method="add"> 
         <object class="jmbench.tools.runtime.RuntimeResults"> 
          <void property="error"> 
           <object idref="OutputError0"/> 
          </void> 
          <void property="opsPerSec"> 
           <double>1116224.2198665538</double> 
          </void> 
         </object> 
        </void> 
        <void method="add"> 
         <object class="jmbench.tools.runtime.RuntimeResults"> 
          <void property="error"> 
           <object idref="OutputError0"/> 
          </void> 
          <void property="opsPerSec"> 
           <double>1117815.75833671</double> 
          </void> 
         </object> 
        </void> 
        <void method="add"> 
         <object class="jmbench.tools.runtime.RuntimeResults"> 
          <void property="error"> 
           <object idref="OutputError0"/> 
          </void> 
          <void property="opsPerSec"> 
           <double>1120366.2150692735</double> 
          </void> 
         </object> 
        </void> 
        <void method="add"> 
         <object class="jmbench.tools.runtime.RuntimeResults"> 
          <void property="error"> 
           <object idref="OutputError0"/> 
          </void> 
          <void property="opsPerSec"> 
           <double>1120666.187530013</double> 
          </void> 
         </object> 
        </void> 
        <void method="add"> 
         <object class="jmbench.tools.runtime.RuntimeResults"> 
          <void property="error"> 
           <object idref="OutputError0"/> 
          </void> 
          <void property="opsPerSec"> 
           <double>1120842.2181572835</double> 
          </void> 
         </object> 
        </void> 
        <void method="add"> 
         <object class="jmbench.tools.runtime.RuntimeResults"> 
          <void property="error"> 
           <object idref="OutputError0"/> 
          </void> 
          <void property="opsPerSec"> 
           <double>1122204.5498205966</double> 
          </void> 
         </object> 
        </void> 
        <void method="add"> 
         <object class="jmbench.tools.runtime.RuntimeResults"> 
          <void property="error"> 
           <object idref="OutputError0"/> 
          </void> 
          <void property="opsPerSec"> 
           <double>1122452.1916182875</double> 
          </void> 
         </object> 
        </void> 
        <void method="add"> 
         <object class="jmbench.tools.runtime.RuntimeResults"> 
          <void property="error"> 
           <object idref="OutputError0"/> 
          </void> 
          <void property="opsPerSec"> 
           <double>1122519.5893235863</double> 
          </void> 
         </object> 
        </void> 
        <void method="add"> 
         <object class="jmbench.tools.runtime.RuntimeResults"> 
          <void property="error"> 
           <object idref="OutputError0"/> 
          </void> 
          <void property="opsPerSec"> 
           <double>1123280.996818445</double> 
          </void> 
         </object> 
        </void> 
        <void method="add"> 
         <object class="jmbench.tools.runtime.RuntimeResults"> 
          <void property="error"> 
           <object idref="OutputError0"/> 
          </void> 
          <void property="opsPerSec"> 
           <double>1123335.255758564</double> 
          </void> 
         </object> 
        </void> 
        <void method="add"> 
         <object class="jmbench.tools.runtime.RuntimeResults"> 
          <void property="error"> 
           <object idref="OutputError0"/> 
          </void> 
          <void property="opsPerSec"> 
           <double>1124138.7442974462</double> 
          </void> 
         </object> 
        </void> 
        <void method="add"> 
         <object class="jmbench.tools.runtime.RuntimeResults"> 
          <void property="error"> 
           <object idref="OutputError0"/> 
          </void> 
          <void property="opsPerSec"> 
           <double>1124245.0854218937</double> 
          </void> 
         </object> 
        </void> 
        <void method="add"> 
         <object class="jmbench.tools.runtime.RuntimeResults"> 
          <void property="error"> 
           <object idref="OutputError0"/> 
          </void> 
          <void property="opsPerSec"> 
           <double>1124689.7824404824</double> 
          </void> 
         </object> 
        </void> 
        <void method="add"> 
         <object class="jmbench.tools.runtime.RuntimeResults"> 
          <void property="error"> 
           <object idref="OutputError0"/> 
          </void> 
          <void property="opsPerSec"> 
           <double>1126759.6934844272</double> 
          </void> 
         </object> 
        </void> 
        <void method="add"> 
         <object class="jmbench.tools.runtime.RuntimeResults"> 
          <void property="error"> 
           <object idref="OutputError0"/> 
          </void> 
          <void property="opsPerSec"> 
           <double>1128133.0987645953</double> 
          </void> 
         </object> 
        </void> 
        <void method="add"> 
         <object class="jmbench.tools.runtime.RuntimeResults"> 
          <void property="error"> 
           <object idref="OutputError0"/> 
          </void> 
          <void property="opsPerSec"> 
           <double>1129107.8120503065</double> 
          </void> 
         </object> 
        </void> 
        <void method="add"> 
         <object class="jmbench.tools.runtime.RuntimeResults"> 
          <void property="error"> 
           <object idref="OutputError0"/> 
          </void> 
          <void property="opsPerSec"> 
           <double>1114639.0177124743</double> 
          </void> 
         </object> 
        </void> 
        <void method="add"> 
         <object class="jmbench.tools.runtime.RuntimeResults"> 
          <void property="error"> 
           <object idref="OutputError0"/> 
          </void> 
          <void property="opsPerSec"> 
           <double>1122498.5899012566</double> 
          </void> 
         </object> 
        </void> 
        <void method="add"> 
         <object class="jmbench.tools.runtime.RuntimeResults"> 
          <void property="error"> 
           <object idref="OutputError0"/> 
          </void> 
          <void property="opsPerSec"> 
           <double>1123669.3229714911</double> 
          </void> 
         </object> 
        </void> 
        <void method="add"> 
         <object class="jmbench.tools.runtime.RuntimeResults"> 
          <void property="error"> 
           <object idref="OutputError0"/> 
          </void> 
          <void property="opsPerSec"> 
           <double>1127238.6401751484</double> 
          </void> 
         </object> 
        </void> 
        <void method="add"> 
         <object class="jmbench.tools.runtime.RuntimeResults"> 
          <void property="error"> 
           <object idref="OutputError0"/> 
          </void> 
          <void property="opsPerSec"> 
           <double>1123483.9316867087</double> 
          </void> 
         </object> 
        </void> 
       </object> 
      </void> 
      <void property="stdev"> 
       <double>4414.5908556833865</double> 
      </void> 
     </object> 
    </void> 
    <void index="1"> 
     <object class="jmbench.tools.runtime.RuntimeEvaluationMetrics"> 
      <void property="max"> 
       <double>590115.1958548258</double> 
      </void> 
      <void property="mean"> 
       <double>585053.7934201687</double> 
      </void> 
      <void property="median"> 
       <double>585443.9582690515</double> 
      </void> 
      <void property="min"> 
       <double>578188.7452095374</double> 
      </void> 
      <void property="rawResults"> 
       <object class="java.util.ArrayList"> 
        <void method="add"> 
         <object class="jmbench.tools.runtime.RuntimeResults"> 
          <void property="error"> 
           <object idref="OutputError0"/> 
          </void> 
          <void property="opsPerSec"> 
           <double>578318.9142413656</double> 
          </void> 
         </object> 
        </void> 
        <void method="add"> 
         <object class="jmbench.tools.runtime.RuntimeResults"> 
          <void property="error"> 
           <object idref="OutputError0"/> 
          </void> 
          <void property="opsPerSec"> 
           <double>580248.7723454548</double> 
          </void> 
         </object> 
        </void> 
        <void method="add"> 
         <object class="jmbench.tools.runtime.RuntimeResults"> 
          <void property="error"> 
           <object idref="OutputError0"/> 
          </void> 
          <void property="opsPerSec"> 
           <double>580285.2199493799</double> 
          </void> 
         </object> 
        </void> 
        <void method="add"> 
         <object class="jmbench.tools.runtime.RuntimeResults"> 
          <void property="error"> 
           <object idref="OutputError0"/> 
          </void> 
          <void property="opsPerSec"> 
           <double>582172.3387574769</double> 
          </void> 
         </object> 
        </void> 
        <void method="add"> 
         <object class="jmbench.tools.runtime.RuntimeResults"> 
          <void property="error"> 
           <object idref="OutputError0"/> 
          </void> 
          <void property="opsPerSec"> 
           <double>583118.2618571674</double> 
          </void> 
         </object> 
        </void> 
        <void method="add"> 
         <object class="jmbench.tools.runtime.RuntimeResults"> 
          <void property="error"> 
           <object idref="OutputError0"/> 
          </void> 
          <void property="opsPerSec"> 
           <double>583784.1486956669</double> 
          </void> 
         </object> 
        </void> 
        <void method="add"> 
         <object class="jmbench.tools.runtime.RuntimeResults"> 
          <void property="error"> 
           <object idref="OutputError0"/> 
          </void> 
          <void property="opsPerSec"> 
           <double>583822.7110405328</double> 
          </void> 
         </object> 
        </void> 
        <void method="add"> 
         <object class="jmbench.tools.runtime.RuntimeResults"> 
          <void property="error"> 
           <object idref="OutputError0"/> 
          </void> 
          <void property="opsPerSec"> 
           <double>584242.7420715506</double> 
          </void> 
         </object> 
        </void> 
        <void method="add"> 
         <object class="jmbench.tools.runtime.RuntimeResults"> 
          <void property="error"> 
           <object idref="OutputError0"/> 
          </void> 
          <void property="opsPerSec"> 
           <double>584352.6680968178</double> 
          </void> 
         </object> 
        </void> 
        <void method="add"> 
         <object class="jmbench.tools.runtime.RuntimeResults"> 
          <void property="error"> 
           <object idref="OutputError0"/> 
          </void> 
          <void property="opsPerSec"> 
           <double>584631.1857010522</double> 
          </void> 
         </object> 
        </void> 
        <void method="add"> 
         <object class="jmbench.tools.runtime.RuntimeResults"> 
          <void property="error"> 
           <object idref="OutputError0"/> 
          </void> 
          <void property="opsPerSec"> 
           <double>584894.0761992773</double> 
          </void> 
         </object> 
        </void> 
        <void method="add"> 
         <object class="jmbench.tools.runtime.RuntimeResults"> 
          <void property="error"> 
           <object idref="OutputError0"/> 
          </void> 
          <void property="opsPerSec"> 
           <double>585443.9582690515</double> 
          </void> 
         </object> 
        </void> 
        <void method="add"> 
         <object class="jmbench.tools.runtime.RuntimeResults"> 
          <void property="error"> 
           <object idref="OutputError0"/> 
          </void> 
          <void property="opsPerSec"> 
           <double>585574.3886008575</double> 
          </void> 
         </object> 
        </void> 
        <void method="add"> 
         <object class="jmbench.tools.runtime.RuntimeResults"> 
          <void property="error"> 
           <object idref="OutputError0"/> 
          </void> 
          <void property="opsPerSec"> 
           <double>586194.8888793899</double> 
          </void> 
         </object> 
        </void> 
        <void method="add"> 
         <object class="jmbench.tools.runtime.RuntimeResults"> 
          <void property="error"> 
           <object idref="OutputError0"/> 
          </void> 
          <void property="opsPerSec"> 
           <double>586339.6166619813</double> 
          </void> 
         </object> 
        </void> 
        <void method="add"> 
         <object class="jmbench.tools.runtime.RuntimeResults"> 
          <void property="error"> 
           <object idref="OutputError0"/> 
          </void> 
          <void property="opsPerSec"> 
           <double>586547.1347127975</double> 
          </void> 
         </object> 
        </void> 
        <void method="add"> 
         <object class="jmbench.tools.runtime.RuntimeResults"> 
          <void property="error"> 
           <object idref="OutputError0"/> 
          </void> 
          <void property="opsPerSec"> 
           <double>586845.2590463577</double> 
          </void> 
         </object> 
        </void> 
        <void method="add"> 
         <object class="jmbench.tools.runtime.RuntimeResults"> 
          <void property="error"> 
           <object idref="OutputError0"/> 
          </void> 
          <void property="opsPerSec"> 
           <double>587939.1333186808</double> 
          </void> 
         </object> 
        </void> 
        <void method="add"> 
         <object class="jmbench.tools.runtime.RuntimeResults"> 
          <void property="error"> 
           <object idref="OutputError0"/> 
          </void> 
          <void property="opsPerSec"> 
           <double>590070.439819834</double> 
          </void> 
         </object> 
        </void> 
        <void method="add"> 
         <object class="jmbench.tools.runtime.RuntimeResults"> 
          <void property="error"> 
           <object idref="OutputError0"/> 
          </void> 
          <void property="opsPerSec"> 
           <double>590115.1958548258</double> 
          </void> 
         </object> 
        </void> 
        <void method="add"> 
         <object class="jmbench.tools.runtime.RuntimeResults"> 
          <void property="error"> 
           <object idref="OutputError0"/> 
          </void> 
          <void property="opsPerSec"> 
           <double>585852.2169614483</double> 
          </void> 
         </object> 
        </void> 
        <void method="add"> 
         <object class="jmbench.tools.runtime.RuntimeResults"> 
          <void property="error"> 
           <object idref="OutputError0"/> 
          </void> 
          <void property="opsPerSec"> 
           <double>589439.2460122944</double> 
          </void> 
         </object> 
        </void> 
        <void method="add"> 
         <object class="jmbench.tools.runtime.RuntimeResults"> 
          <void property="error"> 
           <object idref="OutputError0"/> 
          </void> 
          <void property="opsPerSec"> 
           <double>587867.0761756082</double> 
          </void> 
         </object> 
        </void> 
        <void method="add"> 
         <object class="jmbench.tools.runtime.RuntimeResults"> 
          <void property="error"> 
           <object idref="OutputError0"/> 
          </void> 
          <void property="opsPerSec"> 
           <double>590056.4970258113</double> 
          </void> 
         </object> 
        </void> 
        <void method="add"> 
         <object class="jmbench.tools.runtime.RuntimeResults"> 
          <void property="error"> 
           <object idref="OutputError0"/> 
          </void> 
          <void property="opsPerSec"> 
           <double>578188.7452095374</double> 
          </void> 
         </object> 
        </void> 
       </object> 
      </void> 
      <void property="stdev"> 
       <double>3320.1459194931244</double> 
      </void> 
     </object> 
    </void> 
    <void index="2"> 
     <object class="jmbench.tools.runtime.RuntimeEvaluationMetrics"> 
      <void property="max"> 
       <double>366425.3977225532</double> 
      </void> 
      <void property="mean"> 
       <double>363220.60059107176</double> 
      </void> 
      <void property="median"> 
       <double>363712.0986222849</double> 
      </void> 
      <void property="min"> 
       <double>358020.40619553655</double> 
      </void> 
      <void property="rawResults"> 
       <object class="java.util.ArrayList"> 
        <void method="add"> 
         <object class="jmbench.tools.runtime.RuntimeResults"> 
          <void property="error"> 
           <object idref="OutputError0"/> 
          </void> 
          <void property="opsPerSec"> 
           <double>358020.40619553655</double> 
          </void> 
         </object> 
        </void> 
        <void method="add"> 
         <object class="jmbench.tools.runtime.RuntimeResults"> 
          <void property="error"> 
           <object idref="OutputError0"/> 
          </void> 
          <void property="opsPerSec"> 
           <double>360493.66044002835</double> 
          </void> 
         </object> 
        </void> 
        <void method="add"> 
         <object class="jmbench.tools.runtime.RuntimeResults"> 
          <void property="error"> 
           <object idref="OutputError0"/> 
          </void> 
          <void property="opsPerSec"> 
           <double>361408.6512473669</double> 
          </void> 
         </object> 
        </void> 
        <void method="add"> 
         <object class="jmbench.tools.runtime.RuntimeResults"> 
          <void property="error"> 
           <object idref="OutputError0"/> 
          </void> 
          <void property="opsPerSec"> 
           <double>361447.7393088824</double> 
          </void> 
         </object> 
        </void> 
        <void method="add"> 
         <object class="jmbench.tools.runtime.RuntimeResults"> 
          <void property="error"> 
           <object idref="OutputError0"/> 
          </void> 
          <void property="opsPerSec"> 
           <double>361800.27272048645</double> 
          </void> 
         </object> 
        </void> 
        <void method="add"> 
         <object class="jmbench.tools.runtime.RuntimeResults"> 
          <void property="error"> 
           <object idref="OutputError0"/> 
          </void> 
          <void property="opsPerSec"> 
           <double>363152.4838860941</double> 
          </void> 
         </object> 
        </void> 
        <void method="add"> 
         <object class="jmbench.tools.runtime.RuntimeResults"> 
          <void property="error"> 
           <object idref="OutputError0"/> 
          </void> 
          <void property="opsPerSec"> 
           <double>363242.23079427704</double> 
          </void> 
         </object> 
        </void> 
        <void method="add"> 
         <object class="jmbench.tools.runtime.RuntimeResults"> 
          <void property="error"> 
           <object idref="OutputError0"/> 
          </void> 
          <void property="opsPerSec"> 
           <double>363453.9075249657</double> 
          </void> 
         </object> 
        </void> 
        <void method="add"> 
         <object class="jmbench.tools.runtime.RuntimeResults"> 
          <void property="error"> 
           <object idref="OutputError0"/> 
          </void> 
          <void property="opsPerSec"> 
           <double>363656.71961391816</double> 
          </void> 
         </object> 
        </void> 
        <void method="add"> 
         <object class="jmbench.tools.runtime.RuntimeResults"> 
          <void property="error"> 
           <object idref="OutputError0"/> 
          </void> 
          <void property="opsPerSec"> 
           <double>363712.0986222849</double> 
          </void> 
         </object> 
        </void> 
        <void method="add"> 
         <object class="jmbench.tools.runtime.RuntimeResults"> 
          <void property="error"> 
           <object idref="OutputError0"/> 
          </void> 
          <void property="opsPerSec"> 
           <double>363714.54362646997</double> 
          </void> 
         </object> 
        </void> 
        <void method="add"> 
         <object class="jmbench.tools.runtime.RuntimeResults"> 
          <void property="error"> 
           <object idref="OutputError0"/> 
          </void> 
          <void property="opsPerSec"> 
           <double>364007.3020950299</double> 
          </void> 
         </object> 
        </void> 
        <void method="add"> 
         <object class="jmbench.tools.runtime.RuntimeResults"> 
          <void property="error"> 
           <object idref="OutputError0"/> 
          </void> 
          <void property="opsPerSec"> 
           <double>364042.89314557903</double> 
          </void> 
         </object> 
        </void> 
        <void method="add"> 
         <object class="jmbench.tools.runtime.RuntimeResults"> 
          <void property="error"> 
           <object idref="OutputError0"/> 
          </void> 
          <void property="opsPerSec"> 
           <double>364409.7956739876</double> 
          </void> 
         </object> 
        </void> 
        <void method="add"> 
         <object class="jmbench.tools.runtime.RuntimeResults"> 
          <void property="error"> 
           <object idref="OutputError0"/> 
          </void> 
          <void property="opsPerSec"> 
           <double>364496.68186406547</double> 
          </void> 
         </object> 
        </void> 
        <void method="add"> 
         <object class="jmbench.tools.runtime.RuntimeResults"> 
          <void property="error"> 
           <object idref="OutputError0"/> 
          </void> 
          <void property="opsPerSec"> 
           <double>364586.8865808924</double> 
          </void> 
         </object> 
        </void> 
        <void method="add"> 
         <object class="jmbench.tools.runtime.RuntimeResults"> 
          <void property="error"> 
           <object idref="OutputError0"/> 
          </void> 
          <void property="opsPerSec"> 
           <double>364750.4951172472</double> 
          </void> 
         </object> 
        </void> 
        <void method="add"> 
         <object class="jmbench.tools.runtime.RuntimeResults"> 
          <void property="error"> 
           <object idref="OutputError0"/> 
          </void> 
          <void property="opsPerSec"> 
           <double>364854.6317061103</double> 
          </void> 
         </object> 
        </void> 
        <void method="add"> 
         <object class="jmbench.tools.runtime.RuntimeResults"> 
          <void property="error"> 
           <object idref="OutputError0"/> 
          </void> 
          <void property="opsPerSec"> 
           <double>364961.31709129055</double> 
          </void> 
         </object> 
        </void> 
        <void method="add"> 
         <object class="jmbench.tools.runtime.RuntimeResults"> 
          <void property="error"> 
           <object idref="OutputError0"/> 
          </void> 
          <void property="opsPerSec"> 
           <double>366425.3977225532</double> 
          </void> 
         </object> 
        </void> 
        <void method="add"> 
         <object class="jmbench.tools.runtime.RuntimeResults"> 
          <void property="error"> 
           <object idref="OutputError0"/> 
          </void> 
          <void property="opsPerSec"> 
           <double>362002.3028867212</double> 
          </void> 
         </object> 
        </void> 
        <void method="add"> 
         <object class="jmbench.tools.runtime.RuntimeResults"> 
          <void property="error"> 
           <object idref="OutputError0"/> 
          </void> 
          <void property="opsPerSec"> 
           <double>364921.737154149</double> 
          </void> 
         </object> 
        </void> 
        <void method="add"> 
         <object class="jmbench.tools.runtime.RuntimeResults"> 
          <void property="error"> 
           <object idref="OutputError0"/> 
          </void> 
          <void property="opsPerSec"> 
           <double>364393.9738190556</double> 
          </void> 
         </object> 
        </void> 
        <void method="add"> 
         <object class="jmbench.tools.runtime.RuntimeResults"> 
          <void property="error"> 
           <object idref="OutputError0"/> 
          </void> 
          <void property="opsPerSec"> 
           <double>359300.9582606535</double> 
          </void> 
         </object> 
        </void> 
        <void method="add"> 
         <object class="jmbench.tools.runtime.RuntimeResults"> 
          <void property="error"> 
           <object idref="OutputError0"/> 
          </void> 
          <void property="opsPerSec"> 
           <double>363257.9276791491</double> 
          </void> 
         </object> 
        </void> 
       </object> 
      </void> 
      <void property="stdev"> 
       <double>1889.8970914976617</double> 
      </void> 
     </object> 
    </void> 
    <void index="3"> 
     <object class="jmbench.tools.runtime.RuntimeEvaluationMetrics"> 
      <void property="max"> 
       <double>210575.979490411</double> 
      </void> 
      <void property="mean"> 
       <double>209442.88172853598</double> 
      </void> 
      <void property="median"> 
       <double>209407.62069925724</double> 
      </void> 
      <void property="min"> 
       <double>207743.1251289077</double> 
      </void> 
      <void property="rawResults"> 
       <object class="java.util.ArrayList"> 
        <void method="add"> 
         <object class="jmbench.tools.runtime.RuntimeResults"> 
          <void property="error"> 
           <object idref="OutputError0"/> 
          </void> 
          <void property="opsPerSec"> 
           <double>207743.1251289077</double> 
          </void> 
         </object> 
        </void> 
        <void method="add"> 
         <object class="jmbench.tools.runtime.RuntimeResults"> 
          <void property="error"> 
           <object idref="OutputError0"/> 
          </void> 
          <void property="opsPerSec"> 
           <double>208330.8937801426</double> 
          </void> 
         </object> 
        </void> 
        <void method="add"> 
         <object class="jmbench.tools.runtime.RuntimeResults"> 
          <void property="error"> 
           <object idref="OutputError0"/> 
          </void> 
          <void property="opsPerSec"> 
           <double>208906.8149834484</double> 
          </void> 
         </object> 
        </void> 
        <void method="add"> 
         <object class="jmbench.tools.runtime.RuntimeResults"> 
          <void property="error"> 
           <object idref="OutputError0"/> 
          </void> 
          <void property="opsPerSec"> 
           <double>208981.96144445604</double> 
          </void> 
         </object> 
        </void> 
        <void method="add"> 
         <object class="jmbench.tools.runtime.RuntimeResults"> 
          <void property="error"> 
           <object idref="OutputError0"/> 
          </void> 
          <void property="opsPerSec"> 
           <double>209241.77261992623</double> 
          </void> 
         </object> 
        </void> 
        <void method="add"> 
         <object class="jmbench.tools.runtime.RuntimeResults"> 
          <void property="error"> 
           <object idref="OutputError0"/> 
          </void> 
          <void property="opsPerSec"> 
           <double>209334.71188492537</double> 
          </void> 
         </object> 
        </void> 
        <void method="add"> 
         <object class="jmbench.tools.runtime.RuntimeResults"> 
          <void property="error"> 
           <object idref="OutputError0"/> 
          </void> 
          <void property="opsPerSec"> 
           <double>209345.95841614835</double> 
          </void> 
         </object> 
        </void> 
        <void method="add"> 
         <object class="jmbench.tools.runtime.RuntimeResults"> 
          <void property="error"> 
           <object idref="OutputError0"/> 
          </void> 
          <void property="opsPerSec"> 
           <double>209386.88530770593</double> 
          </void> 
         </object> 
        </void> 
        <void method="add"> 
         <object class="jmbench.tools.runtime.RuntimeResults"> 
          <void property="error"> 
           <object idref="OutputError0"/> 
          </void> 
          <void property="opsPerSec"> 
           <double>209407.62069925724</double> 
          </void> 
         </object> 
        </void> 
        <void method="add"> 
         <object class="jmbench.tools.runtime.RuntimeResults"> 
          <void property="error"> 
           <object idref="OutputError0"/> 
          </void> 
          <void property="opsPerSec"> 
           <double>209437.62898723283</double> 
          </void> 
         </object> 
        </void> 
        <void method="add"> 
         <object class="jmbench.tools.runtime.RuntimeResults"> 
          <void property="error"> 
           <object idref="OutputError0"/> 
          </void> 
          <void property="opsPerSec"> 
           <double>209493.0200798091</double> 
          </void> 
         </object> 
        </void> 
        <void method="add"> 
         <object class="jmbench.tools.runtime.RuntimeResults"> 
          <void property="error"> 
           <object idref="OutputError0"/> 
          </void> 
          <void property="opsPerSec"> 
           <double>209757.86838974938</double> 
          </void> 
         </object> 
        </void> 
        <void method="add"> 
         <object class="jmbench.tools.runtime.RuntimeResults"> 
          <void property="error"> 
           <object idref="OutputError0"/> 
          </void> 
          <void property="opsPerSec"> 
           <double>209812.0703653965</double> 
          </void> 
         </object> 
        </void> 
        <void method="add"> 
         <object class="jmbench.tools.runtime.RuntimeResults"> 
          <void property="error"> 
           <object idref="OutputError0"/> 
          </void> 
          <void property="opsPerSec"> 
           <double>209885.38064158187</double> 
          </void> 
         </object> 
        </void> 
        <void method="add"> 
         <object class="jmbench.tools.runtime.RuntimeResults"> 
          <void property="error"> 
           <object idref="OutputError0"/> 
          </void> 
          <void property="opsPerSec"> 
           <double>210121.79950493935</double> 
          </void> 
         </object> 
        </void> 
        <void method="add"> 
         <object class="jmbench.tools.runtime.RuntimeResults"> 
          <void property="error"> 
           <object idref="OutputError0"/> 
          </void> 
          <void property="opsPerSec"> 
           <double>210231.0601218754</double> 
          </void> 
         </object> 
        </void> 
        <void method="add"> 
         <object class="jmbench.tools.runtime.RuntimeResults"> 
          <void property="error"> 
           <object idref="OutputError0"/> 
          </void> 
          <void property="opsPerSec"> 
           <double>210262.84337449778</double> 
          </void> 
         </object> 
        </void> 
        <void method="add"> 
         <object class="jmbench.tools.runtime.RuntimeResults"> 
          <void property="error"> 
           <object idref="OutputError0"/> 
          </void> 
          <void property="opsPerSec"> 
           <double>210368.5927787142</double> 
          </void> 
         </object> 
        </void> 
        <void method="add"> 
         <object class="jmbench.tools.runtime.RuntimeResults"> 
          <void property="error"> 
           <object idref="OutputError0"/> 
          </void> 
          <void property="opsPerSec"> 
           <double>210424.69213036992</double> 
          </void> 
         </object> 
        </void> 
        <void method="add"> 
         <object class="jmbench.tools.runtime.RuntimeResults"> 
          <void property="error"> 
           <object idref="OutputError0"/> 
          </void> 
          <void property="opsPerSec"> 
           <double>210575.979490411</double> 
          </void> 
         </object> 
        </void> 
        <void method="add"> 
         <object class="jmbench.tools.runtime.RuntimeResults"> 
          <void property="error"> 
           <object idref="OutputError0"/> 
          </void> 
          <void property="opsPerSec"> 
           <double>208207.32988095036</double> 
          </void> 
         </object> 
        </void> 
        <void method="add"> 
         <object class="jmbench.tools.runtime.RuntimeResults"> 
          <void property="error"> 
           <object idref="OutputError0"/> 
          </void> 
          <void property="opsPerSec"> 
           <double>209063.07372138658</double> 
          </void> 
         </object> 
        </void> 
        <void method="add"> 
         <object class="jmbench.tools.runtime.RuntimeResults"> 
          <void property="error"> 
           <object idref="OutputError0"/> 
          </void> 
          <void property="opsPerSec"> 
           <double>208873.0767657779</double> 
          </void> 
         </object> 
        </void> 
        <void method="add"> 
         <object class="jmbench.tools.runtime.RuntimeResults"> 
          <void property="error"> 
           <object idref="OutputError0"/> 
          </void> 
          <void property="opsPerSec"> 
           <double>208769.29962471366</double> 
          </void> 
         </object> 
        </void> 
        <void method="add"> 
         <object class="jmbench.tools.runtime.RuntimeResults"> 
          <void property="error"> 
           <object idref="OutputError0"/> 
          </void> 
          <void property="opsPerSec"> 
           <double>210108.5830910768</double> 
          </void> 
         </object> 
        </void> 
       </object> 
      </void> 
      <void property="stdev"> 
       <double>717.6899919898534</double> 
      </void> 
     </object> 
    </void> 
    <void index="4"> 
     <object class="jmbench.tools.runtime.RuntimeEvaluationMetrics"> 
      <void property="max"> 
       <double>54007.61459990758</double> 
      </void> 
      <void property="mean"> 
       <double>53695.40030848787</double> 
      </void> 
      <void property="median"> 
       <double>53702.27885411707</double> 
      </void> 
      <void property="min"> 
       <double>53040.389682564855</double> 
      </void> 
      <void property="rawResults"> 
       <object class="java.util.ArrayList"> 
        <void method="add"> 
         <object class="jmbench.tools.runtime.RuntimeResults"> 
          <void property="error"> 
           <object idref="OutputError0"/> 
          </void> 
          <void property="opsPerSec"> 
           <double>53040.389682564855</double> 
          </void> 
         </object> 
        </void> 
        <void method="add"> 
         <object class="jmbench.tools.runtime.RuntimeResults"> 
          <void property="error"> 
           <object idref="OutputError0"/> 
          </void> 
          <void property="opsPerSec"> 
           <double>53303.90892667674</double> 
          </void> 
         </object> 
        </void> 
        <void method="add"> 
         <object class="jmbench.tools.runtime.RuntimeResults"> 
          <void property="error"> 
           <object idref="OutputError0"/> 
          </void> 
          <void property="opsPerSec"> 
           <double>53322.988951966305</double> 
          </void> 
         </object> 
        </void> 
        <void method="add"> 
         <object class="jmbench.tools.runtime.RuntimeResults"> 
          <void property="error"> 
           <object idref="OutputError0"/> 
          </void> 
          <void property="opsPerSec"> 
           <double>53351.92970062137</double> 
          </void> 
         </object> 
        </void> 
        <void method="add"> 
         <object class="jmbench.tools.runtime.RuntimeResults"> 
          <void property="error"> 
           <object idref="OutputError0"/> 
          </void> 
          <void property="opsPerSec"> 
           <double>53478.31239964367</double> 
          </void> 
         </object> 
        </void> 
        <void method="add"> 
         <object class="jmbench.tools.runtime.RuntimeResults"> 
          <void property="error"> 
           <object idref="OutputError0"/> 
          </void> 
          <void property="opsPerSec"> 
           <double>53485.06675888028</double> 
          </void> 
         </object> 
        </void> 
        <void method="add"> 
         <object class="jmbench.tools.runtime.RuntimeResults"> 
          <void property="error"> 
           <object idref="OutputError0"/> 
          </void> 
          <void property="opsPerSec"> 
           <double>53653.37934566187</double> 
          </void> 
         </object> 
        </void> 
        <void method="add"> 
         <object class="jmbench.tools.runtime.RuntimeResults"> 
          <void property="error"> 
           <object idref="OutputError0"/> 
          </void> 
          <void property="opsPerSec"> 
           <double>53658.46533942606</double> 
          </void> 
         </object> 
        </void> 
        <void method="add"> 
         <object class="jmbench.tools.runtime.RuntimeResults"> 
          <void property="error"> 
           <object idref="OutputError0"/> 
          </void> 
          <void property="opsPerSec"> 
           <double>53661.56180639182</double> 
          </void> 
         </object> 
        </void> 
        <void method="add"> 
         <object class="jmbench.tools.runtime.RuntimeResults"> 
          <void property="error"> 
           <object idref="OutputError0"/> 
          </void> 
          <void property="opsPerSec"> 
           <double>53676.17720981922</double> 
          </void> 
         </object> 
        </void> 
        <void method="add"> 
         <object class="jmbench.tools.runtime.RuntimeResults"> 
          <void property="error"> 
           <object idref="OutputError0"/> 
          </void> 
          <void property="opsPerSec"> 
           <double>53685.9823618628</double> 
          </void> 
         </object> 
        </void> 
        <void method="add"> 
         <object class="jmbench.tools.runtime.RuntimeResults"> 
          <void property="error"> 
           <object idref="OutputError0"/> 
          </void> 
          <void property="opsPerSec"> 
           <double>53743.971837080644</double> 
          </void> 
         </object> 
        </void> 
        <void method="add"> 
         <object class="jmbench.tools.runtime.RuntimeResults"> 
          <void property="error"> 
           <object idref="OutputError0"/> 
          </void> 
          <void property="opsPerSec"> 
           <double>53755.9741757163</double> 
          </void> 
         </object> 
        </void> 
        <void method="add"> 
         <object class="jmbench.tools.runtime.RuntimeResults"> 
          <void property="error"> 
           <object idref="OutputError0"/> 
          </void> 
          <void property="opsPerSec"> 
           <double>53772.50223208837</double> 
          </void> 
         </object> 
        </void> 
        <void method="add"> 
         <object class="jmbench.tools.runtime.RuntimeResults"> 
          <void property="error"> 
           <object idref="OutputError0"/> 
          </void> 
          <void property="opsPerSec"> 
           <double>53830.59759804396</double> 
          </void> 
         </object> 
        </void> 
        <void method="add"> 
         <object class="jmbench.tools.runtime.RuntimeResults"> 
          <void property="error"> 
           <object idref="OutputError0"/> 
          </void> 
          <void property="opsPerSec"> 
           <double>53938.50362430731</double> 
          </void> 
         </object> 
        </void> 
        <void method="add"> 
         <object class="jmbench.tools.runtime.RuntimeResults"> 
          <void property="error"> 
           <object idref="OutputError0"/> 
          </void> 
          <void property="opsPerSec"> 
           <double>53975.28706486501</double> 
          </void> 
         </object> 
        </void> 
        <void method="add"> 
         <object class="jmbench.tools.runtime.RuntimeResults"> 
          <void property="error"> 
           <object idref="OutputError0"/> 
          </void> 
          <void property="opsPerSec"> 
           <double>53977.41252514694</double> 
          </void> 
         </object> 
        </void> 
        <void method="add"> 
         <object class="jmbench.tools.runtime.RuntimeResults"> 
          <void property="error"> 
           <object idref="OutputError0"/> 
          </void> 
          <void property="opsPerSec"> 
           <double>53986.40061319558</double> 
          </void> 
         </object> 
        </void> 
        <void method="add"> 
         <object class="jmbench.tools.runtime.RuntimeResults"> 
          <void property="error"> 
           <object idref="OutputError0"/> 
          </void> 
          <void property="opsPerSec"> 
           <double>54007.61459990758</double> 
          </void> 
         </object> 
        </void> 
        <void method="add"> 
         <object class="jmbench.tools.runtime.RuntimeResults"> 
          <void property="error"> 
           <object idref="OutputError0"/> 
          </void> 
          <void property="opsPerSec"> 
           <double>53759.55378456608</double> 
          </void> 
         </object> 
        </void> 
        <void method="add"> 
         <object class="jmbench.tools.runtime.RuntimeResults"> 
          <void property="error"> 
           <object idref="OutputError0"/> 
          </void> 
          <void property="opsPerSec"> 
           <double>53702.27885411707</double> 
          </void> 
         </object> 
        </void> 
        <void method="add"> 
         <object class="jmbench.tools.runtime.RuntimeResults"> 
          <void property="error"> 
           <object idref="OutputError0"/> 
          </void> 
          <void property="opsPerSec"> 
           <double>53972.820407655694</double> 
          </void> 
         </object> 
        </void> 
        <void method="add"> 
         <object class="jmbench.tools.runtime.RuntimeResults"> 
          <void property="error"> 
           <object idref="OutputError0"/> 
          </void> 
          <void property="opsPerSec"> 
           <double>53681.35770105227</double> 
          </void> 
         </object> 
        </void> 
        <void method="add"> 
         <object class="jmbench.tools.runtime.RuntimeResults"> 
          <void property="error"> 
           <object idref="OutputError0"/> 
          </void> 
          <void property="opsPerSec"> 
           <double>53962.57021093901</double> 
          </void> 
         </object> 
        </void> 
       </object> 
      </void> 
      <void property="stdev"> 
       <double>246.34497603468827</double> 
      </void> 
     </object> 
    </void> 
    <void index="5"> 
     <object class="jmbench.tools.runtime.RuntimeEvaluationMetrics"> 
      <void property="max"> 
       <double>12172.194954466062</double> 
      </void> 
      <void property="mean"> 
       <double>12064.167486680188</double> 
      </void> 
      <void property="median"> 
       <double>12065.450000230663</double> 
      </void> 
      <void property="min"> 
       <double>11989.928645432768</double> 
      </void> 
      <void property="rawResults"> 
       <object class="java.util.ArrayList"> 
        <void method="add"> 
         <object class="jmbench.tools.runtime.RuntimeResults"> 
          <void property="error"> 
           <object idref="OutputError0"/> 
          </void> 
          <void property="opsPerSec"> 
           <double>11989.928645432768</double> 
          </void> 
         </object> 
        </void> 
        <void method="add"> 
         <object class="jmbench.tools.runtime.RuntimeResults"> 
          <void property="error"> 
           <object idref="OutputError0"/> 
          </void> 
          <void property="opsPerSec"> 
           <double>11992.91106534064</double> 
          </void> 
         </object> 
        </void> 
        <void method="add"> 
         <object class="jmbench.tools.runtime.RuntimeResults"> 
          <void property="error"> 
           <object idref="OutputError0"/> 
          </void> 
          <void property="opsPerSec"> 
           <double>12003.715270288661</double> 
          </void> 
         </object> 
        </void> 
        <void method="add"> 
         <object class="jmbench.tools.runtime.RuntimeResults"> 
          <void property="error"> 
           <object idref="OutputError0"/> 
          </void> 
          <void property="opsPerSec"> 
           <double>12014.983206015113</double> 
          </void> 
         </object> 
        </void> 
        <void method="add"> 
         <object class="jmbench.tools.runtime.RuntimeResults"> 
          <void property="error"> 
           <object idref="OutputError0"/> 
          </void> 
          <void property="opsPerSec"> 
           <double>12014.997935667485</double> 
          </void> 
         </object> 
        </void> 
        <void method="add"> 
         <object class="jmbench.tools.runtime.RuntimeResults"> 
          <void property="error"> 
           <object idref="OutputError0"/> 
          </void> 
          <void property="opsPerSec"> 
           <double>12036.795704080514</double> 
          </void> 
         </object> 
        </void> 
        <void method="add"> 
         <object class="jmbench.tools.runtime.RuntimeResults"> 
          <void property="error"> 
           <object idref="OutputError0"/> 
          </void> 
          <void property="opsPerSec"> 
           <double>12043.46181020251</double> 
          </void> 
         </object> 
        </void> 
        <void method="add"> 
         <object class="jmbench.tools.runtime.RuntimeResults"> 
          <void property="error"> 
           <object idref="OutputError0"/> 
          </void> 
          <void property="opsPerSec"> 
           <double>12045.611899955436</double> 
          </void> 
         </object> 
        </void> 
        <void method="add"> 
         <object class="jmbench.tools.runtime.RuntimeResults"> 
          <void property="error"> 
           <object idref="OutputError0"/> 
          </void> 
          <void property="opsPerSec"> 
           <double>12054.025541433824</double> 
          </void> 
         </object> 
        </void> 
        <void method="add"> 
         <object class="jmbench.tools.runtime.RuntimeResults"> 
          <void property="error"> 
           <object idref="OutputError0"/> 
          </void> 
          <void property="opsPerSec"> 
           <double>12058.189795044851</double> 
          </void> 
         </object> 
        </void> 
        <void method="add"> 
         <object class="jmbench.tools.runtime.RuntimeResults"> 
          <void property="error"> 
           <object idref="OutputError0"/> 
          </void> 
          <void property="opsPerSec"> 
           <double>12065.450000230663</double> 
          </void> 
         </object> 
        </void> 
        <void method="add"> 
         <object class="jmbench.tools.runtime.RuntimeResults"> 
          <void property="error"> 
           <object idref="OutputError0"/> 
          </void> 
          <void property="opsPerSec"> 
           <double>12066.388258982844</double> 
          </void> 
         </object> 
        </void> 
        <void method="add"> 
         <object class="jmbench.tools.runtime.RuntimeResults"> 
          <void property="error"> 
           <object idref="OutputError0"/> 
          </void> 
          <void property="opsPerSec"> 
           <double>12071.32529876839</double> 
          </void> 
         </object> 
        </void> 
        <void method="add"> 
         <object class="jmbench.tools.runtime.RuntimeResults"> 
          <void property="error"> 
           <object idref="OutputError0"/> 
          </void> 
          <void property="opsPerSec"> 
           <double>12091.680302088635</double> 
          </void> 
         </object> 
        </void> 
        <void method="add"> 
         <object class="jmbench.tools.runtime.RuntimeResults"> 
          <void property="error"> 
           <object idref="OutputError0"/> 
          </void> 
          <void property="opsPerSec"> 
           <double>12096.821633796757</double> 
          </void> 
         </object> 
        </void> 
        <void method="add"> 
         <object class="jmbench.tools.runtime.RuntimeResults"> 
          <void property="error"> 
           <object idref="OutputError0"/> 
          </void> 
          <void property="opsPerSec"> 
           <double>12097.435353436527</double> 
          </void> 
         </object> 
        </void> 
        <void method="add"> 
         <object class="jmbench.tools.runtime.RuntimeResults"> 
          <void property="error"> 
           <object idref="OutputError0"/> 
          </void> 
          <void property="opsPerSec"> 
           <double>12100.820573486879</double> 
          </void> 
         </object> 
        </void> 
        <void method="add"> 
         <object class="jmbench.tools.runtime.RuntimeResults"> 
          <void property="error"> 
           <object idref="OutputError0"/> 
          </void> 
          <void property="opsPerSec"> 
           <double>12143.95272029395</double> 
          </void> 
         </object> 
        </void> 
        <void method="add"> 
         <object class="jmbench.tools.runtime.RuntimeResults"> 
          <void property="error"> 
           <object idref="OutputError0"/> 
          </void> 
          <void property="opsPerSec"> 
           <double>12152.535618321841</double> 
          </void> 
         </object> 
        </void> 
        <void method="add"> 
         <object class="jmbench.tools.runtime.RuntimeResults"> 
          <void property="error"> 
           <object idref="OutputError0"/> 
          </void> 
          <void property="opsPerSec"> 
           <double>12172.194954466062</double> 
          </void> 
         </object> 
        </void> 
        <void method="add"> 
         <object class="jmbench.tools.runtime.RuntimeResults"> 
          <void property="error"> 
           <object idref="OutputError0"/> 
          </void> 
          <void property="opsPerSec"> 
           <double>12079.178240988229</double> 
          </void> 
         </object> 
        </void> 
        <void method="add"> 
         <object class="jmbench.tools.runtime.RuntimeResults"> 
          <void property="error"> 
           <object idref="OutputError0"/> 
          </void> 
          <void property="opsPerSec"> 
           <double>12031.918430459316</double> 
          </void> 
         </object> 
        </void> 
        <void method="add"> 
         <object class="jmbench.tools.runtime.RuntimeResults"> 
          <void property="error"> 
           <object idref="OutputError0"/> 
          </void> 
          <void property="opsPerSec"> 
           <double>12077.542124670825</double> 
          </void> 
         </object> 
        </void> 
        <void method="add"> 
         <object class="jmbench.tools.runtime.RuntimeResults"> 
          <void property="error"> 
           <object idref="OutputError0"/> 
          </void> 
          <void property="opsPerSec"> 
           <double>12034.608714086624</double> 
          </void> 
         </object> 
        </void> 
        <void method="add"> 
         <object class="jmbench.tools.runtime.RuntimeResults"> 
          <void property="error"> 
           <object idref="OutputError0"/> 
          </void> 
          <void property="opsPerSec"> 
           <double>12067.714069465328</double> 
          </void> 
         </object> 
        </void> 
       </object> 
      </void> 
      <void property="stdev"> 
       <double>46.1507272230382</double> 
      </void> 
     </object> 
    </void> 
    <void index="6"> 
     <object class="jmbench.tools.runtime.RuntimeEvaluationMetrics"> 
      <void property="max"> 
       <double>1414.2634116076147</double> 
      </void> 
      <void property="mean"> 
       <double>1382.473692166816</double> 
      </void> 
      <void property="median"> 
       <double>1383.491086821047</double> 
      </void> 
      <void property="min"> 
       <double>1352.7500109747032</double> 
      </void> 
      <void property="rawResults"> 
       <object class="java.util.ArrayList"> 
        <void method="add"> 
         <object class="jmbench.tools.runtime.RuntimeResults"> 
          <void property="error"> 
           <object idref="OutputError0"/> 
          </void> 
          <void property="opsPerSec"> 
           <double>1352.7500109747032</double> 
          </void> 
         </object> 
        </void> 
        <void method="add"> 
         <object class="jmbench.tools.runtime.RuntimeResults"> 
          <void property="error"> 
           <object idref="OutputError0"/> 
          </void> 
          <void property="opsPerSec"> 
           <double>1355.6826638833982</double> 
          </void> 
         </object> 
        </void> 
        <void method="add"> 
         <object class="jmbench.tools.runtime.RuntimeResults"> 
          <void property="error"> 
           <object idref="OutputError0"/> 
          </void> 
          <void property="opsPerSec"> 
           <double>1358.316488670087</double> 
          </void> 
         </object> 
        </void> 
        <void method="add"> 
         <object class="jmbench.tools.runtime.RuntimeResults"> 
          <void property="error"> 
           <object idref="OutputError0"/> 
          </void> 
          <void property="opsPerSec"> 
           <double>1358.3373466719481</double> 
          </void> 
         </object> 
        </void> 
        <void method="add"> 
         <object class="jmbench.tools.runtime.RuntimeResults"> 
          <void property="error"> 
           <object idref="OutputError0"/> 
          </void> 
          <void property="opsPerSec"> 
           <double>1359.581076485729</double> 
          </void> 
         </object> 
        </void> 
        <void method="add"> 
         <object class="jmbench.tools.runtime.RuntimeResults"> 
          <void property="error"> 
           <object idref="OutputError0"/> 
          </void> 
          <void property="opsPerSec"> 
           <double>1365.2599287116238</double> 
          </void> 
         </object> 
        </void> 
        <void method="add"> 
         <object class="jmbench.tools.runtime.RuntimeResults"> 
          <void property="error"> 
           <object idref="OutputError0"/> 
          </void> 
          <void property="opsPerSec"> 
           <double>1365.947271742025</double> 
          </void> 
         </object> 
        </void> 
        <void method="add"> 
         <object class="jmbench.tools.runtime.RuntimeResults"> 
          <void property="error"> 
           <object idref="OutputError0"/> 
          </void> 
          <void property="opsPerSec"> 
           <double>1367.8669336199862</double> 
          </void> 
         </object> 
        </void> 
        <void method="add"> 
         <object class="jmbench.tools.runtime.RuntimeResults"> 
          <void property="error"> 
           <object idref="OutputError0"/> 
          </void> 
          <void property="opsPerSec"> 
           <double>1370.354670483635</double> 
          </void> 
         </object> 
        </void> 
        <void method="add"> 
         <object class="jmbench.tools.runtime.RuntimeResults"> 
          <void property="error"> 
           <object idref="OutputError0"/> 
          </void> 
          <void property="opsPerSec"> 
           <double>1383.1959745553793</double> 
          </void> 
         </object> 
        </void> 
        <void method="add"> 
         <object class="jmbench.tools.runtime.RuntimeResults"> 
          <void property="error"> 
           <object idref="OutputError0"/> 
          </void> 
          <void property="opsPerSec"> 
           <double>1383.491086821047</double> 
          </void> 
         </object> 
        </void> 
        <void method="add"> 
         <object class="jmbench.tools.runtime.RuntimeResults"> 
          <void property="error"> 
           <object idref="OutputError0"/> 
          </void> 
          <void property="opsPerSec"> 
           <double>1388.5504354542675</double> 
          </void> 
         </object> 
        </void> 
        <void method="add"> 
         <object class="jmbench.tools.runtime.RuntimeResults"> 
          <void property="error"> 
           <object idref="OutputError0"/> 
          </void> 
          <void property="opsPerSec"> 
           <double>1388.7081811137182</double> 
          </void> 
         </object> 
        </void> 
        <void method="add"> 
         <object class="jmbench.tools.runtime.RuntimeResults"> 
          <void property="error"> 
           <object idref="OutputError0"/> 
          </void> 
          <void property="opsPerSec"> 
           <double>1396.6008560020325</double> 
          </void> 
         </object> 
        </void> 
        <void method="add"> 
         <object class="jmbench.tools.runtime.RuntimeResults"> 
          <void property="error"> 
           <object idref="OutputError0"/> 
          </void> 
          <void property="opsPerSec"> 
           <double>1400.5459498983964</double> 
          </void> 
         </object> 
        </void> 
        <void method="add"> 
         <object class="jmbench.tools.runtime.RuntimeResults"> 
          <void property="error"> 
           <object idref="OutputError0"/> 
          </void> 
          <void property="opsPerSec"> 
           <double>1401.1491844514862</double> 
          </void> 
         </object> 
        </void> 
        <void method="add"> 
         <object class="jmbench.tools.runtime.RuntimeResults"> 
          <void property="error"> 
           <object idref="OutputError0"/> 
          </void> 
          <void property="opsPerSec"> 
           <double>1404.1001085468745</double> 
          </void> 
         </object> 
        </void> 
        <void method="add"> 
         <object class="jmbench.tools.runtime.RuntimeResults"> 
          <void property="error"> 
           <object idref="OutputError0"/> 
          </void> 
          <void property="opsPerSec"> 
           <double>1406.958410273917</double> 
          </void> 
         </object> 
        </void> 
        <void method="add"> 
         <object class="jmbench.tools.runtime.RuntimeResults"> 
          <void property="error"> 
           <object idref="OutputError0"/> 
          </void> 
          <void property="opsPerSec"> 
           <double>1409.5614176797244</double> 
          </void> 
         </object> 
        </void> 
        <void method="add"> 
         <object class="jmbench.tools.runtime.RuntimeResults"> 
          <void property="error"> 
           <object idref="OutputError0"/> 
          </void> 
          <void property="opsPerSec"> 
           <double>1410.1661153450154</double> 
          </void> 
         </object> 
        </void> 
        <void method="add"> 
         <object class="jmbench.tools.runtime.RuntimeResults"> 
          <void property="error"> 
           <object idref="OutputError0"/> 
          </void> 
          <void property="opsPerSec"> 
           <double>1385.7897827443314</double> 
          </void> 
         </object> 
        </void> 
        <void method="add"> 
         <object class="jmbench.tools.runtime.RuntimeResults"> 
          <void property="error"> 
           <object idref="OutputError0"/> 
          </void> 
          <void property="opsPerSec"> 
           <double>1371.706335768951</double> 
          </void> 
         </object> 
        </void> 
        <void method="add"> 
         <object class="jmbench.tools.runtime.RuntimeResults"> 
          <void property="error"> 
           <object idref="OutputError0"/> 
          </void> 
          <void property="opsPerSec"> 
           <double>1357.6741544993329</double> 
          </void> 
         </object> 
        </void> 
        <void method="add"> 
         <object class="jmbench.tools.runtime.RuntimeResults"> 
          <void property="error"> 
           <object idref="OutputError0"/> 
          </void> 
          <void property="opsPerSec"> 
           <double>1405.2845081651753</double> 
          </void> 
         </object> 
        </void> 
        <void method="add"> 
         <object class="jmbench.tools.runtime.RuntimeResults"> 
          <void property="error"> 
           <object idref="OutputError0"/> 
          </void> 
          <void property="opsPerSec"> 
           <double>1414.2634116076147</double> 
          </void> 
         </object> 
        </void> 
       </object> 
      </void> 
      <void property="stdev"> 
       <double>20.014118523883322</double> 
      </void> 
     </object> 
    </void> 
    <void index="7"> 
     <object class="jmbench.tools.runtime.RuntimeEvaluationMetrics"> 
      <void property="max"> 
       <double>233.13514243108867</double> 
      </void> 
      <void property="mean"> 
       <double>230.0533894606016</double> 
      </void> 
      <void property="median"> 
       <double>230.6032138105944</double> 
      </void> 
      <void property="min"> 
       <double>224.38309755065978</double> 
      </void> 
      <void property="rawResults"> 
       <object class="java.util.ArrayList"> 
        <void method="add"> 
         <object class="jmbench.tools.runtime.RuntimeResults"> 
          <void property="error"> 
           <object idref="OutputError0"/> 
          </void> 
          <void property="opsPerSec"> 
           <double>224.38309755065978</double> 
          </void> 
         </object> 
        </void> 
        <void method="add"> 
         <object class="jmbench.tools.runtime.RuntimeResults"> 
          <void property="error"> 
           <object idref="OutputError0"/> 
          </void> 
          <void property="opsPerSec"> 
           <double>225.7491745121992</double> 
          </void> 
         </object> 
        </void> 
        <void method="add"> 
         <object class="jmbench.tools.runtime.RuntimeResults"> 
          <void property="error"> 
           <object idref="OutputError0"/> 
          </void> 
          <void property="opsPerSec"> 
           <double>225.9257283802736</double> 
          </void> 
         </object> 
        </void> 
        <void method="add"> 
         <object class="jmbench.tools.runtime.RuntimeResults"> 
          <void property="error"> 
           <object idref="OutputError0"/> 
          </void> 
          <void property="opsPerSec"> 
           <double>226.8690348526028</double> 
          </void> 
         </object> 
        </void> 
        <void method="add"> 
         <object class="jmbench.tools.runtime.RuntimeResults"> 
          <void property="error"> 
           <object idref="OutputError0"/> 
          </void> 
          <void property="opsPerSec"> 
           <double>229.3599008574019</double> 
          </void> 
         </object> 
        </void> 
        <void method="add"> 
         <object class="jmbench.tools.runtime.RuntimeResults"> 
          <void property="error"> 
           <object idref="OutputError0"/> 
          </void> 
          <void property="opsPerSec"> 
           <double>229.60126814244495</double> 
          </void> 
         </object> 
        </void> 
        <void method="add"> 
         <object class="jmbench.tools.runtime.RuntimeResults"> 
          <void property="error"> 
           <object idref="OutputError0"/> 
          </void> 
          <void property="opsPerSec"> 
           <double>229.97447894860443</double> 
          </void> 
         </object> 
        </void> 
        <void method="add"> 
         <object class="jmbench.tools.runtime.RuntimeResults"> 
          <void property="error"> 
           <object idref="OutputError0"/> 
          </void> 
          <void property="opsPerSec"> 
           <double>230.08788246201155</double> 
          </void> 
         </object> 
        </void> 
        <void method="add"> 
         <object class="jmbench.tools.runtime.RuntimeResults"> 
          <void property="error"> 
           <object idref="OutputError0"/> 
          </void> 
          <void property="opsPerSec"> 
           <double>230.2448775619954</double> 
          </void> 
         </object> 
        </void> 
        <void method="add"> 
         <object class="jmbench.tools.runtime.RuntimeResults"> 
          <void property="error"> 
           <object idref="OutputError0"/> 
          </void> 
          <void property="opsPerSec"> 
           <double>230.6032138105944</double> 
          </void> 
         </object> 
        </void> 
        <void method="add"> 
         <object class="jmbench.tools.runtime.RuntimeResults"> 
          <void property="error"> 
           <object idref="OutputError0"/> 
          </void> 
          <void property="opsPerSec"> 
           <double>230.64706490318508</double> 
          </void> 
         </object> 
        </void> 
        <void method="add"> 
         <object class="jmbench.tools.runtime.RuntimeResults"> 
          <void property="error"> 
           <object idref="OutputError0"/> 
          </void> 
          <void property="opsPerSec"> 
           <double>231.21265430103514</double> 
          </void> 
         </object> 
        </void> 
        <void method="add"> 
         <object class="jmbench.tools.runtime.RuntimeResults"> 
          <void property="error"> 
           <object idref="OutputError0"/> 
          </void> 
          <void property="opsPerSec"> 
           <double>231.2253876966051</double> 
          </void> 
         </object> 
        </void> 
        <void method="add"> 
         <object class="jmbench.tools.runtime.RuntimeResults"> 
          <void property="error"> 
           <object idref="OutputError0"/> 
          </void> 
          <void property="opsPerSec"> 
           <double>231.29034594465142</double> 
          </void> 
         </object> 
        </void> 
        <void method="add"> 
         <object class="jmbench.tools.runtime.RuntimeResults"> 
          <void property="error"> 
           <object idref="OutputError0"/> 
          </void> 
          <void property="opsPerSec"> 
           <double>231.2940153539285</double> 
          </void> 
         </object> 
        </void> 
        <void method="add"> 
         <object class="jmbench.tools.runtime.RuntimeResults"> 
          <void property="error"> 
           <object idref="OutputError0"/> 
          </void> 
          <void property="opsPerSec"> 
           <double>231.35226075041916</double> 
          </void> 
         </object> 
        </void> 
        <void method="add"> 
         <object class="jmbench.tools.runtime.RuntimeResults"> 
          <void property="error"> 
           <object idref="OutputError0"/> 
          </void> 
          <void property="opsPerSec"> 
           <double>231.6332330770192</double> 
          </void> 
         </object> 
        </void> 
        <void method="add"> 
         <object class="jmbench.tools.runtime.RuntimeResults"> 
          <void property="error"> 
           <object idref="OutputError0"/> 
          </void> 
          <void property="opsPerSec"> 
           <double>231.78439428716715</double> 
          </void> 
         </object> 
        </void> 
        <void method="add"> 
         <object class="jmbench.tools.runtime.RuntimeResults"> 
          <void property="error"> 
           <object idref="OutputError0"/> 
          </void> 
          <void property="opsPerSec"> 
           <double>232.9974404072918</double> 
          </void> 
         </object> 
        </void> 
        <void method="add"> 
         <object class="jmbench.tools.runtime.RuntimeResults"> 
          <void property="error"> 
           <object idref="OutputError0"/> 
          </void> 
          <void property="opsPerSec"> 
           <double>233.13514243108867</double> 
          </void> 
         </object> 
        </void> 
        <void method="add"> 
         <object class="jmbench.tools.runtime.RuntimeResults"> 
          <void property="error"> 
           <object idref="OutputError0"/> 
          </void> 
          <void property="opsPerSec"> 
           <double>230.5337486867624</double> 
          </void> 
         </object> 
        </void> 
        <void method="add"> 
         <object class="jmbench.tools.runtime.RuntimeResults"> 
          <void property="error"> 
           <object idref="OutputError0"/> 
          </void> 
          <void property="opsPerSec"> 
           <double>227.80070748447585</double> 
          </void> 
         </object> 
        </void> 
        <void method="add"> 
         <object class="jmbench.tools.runtime.RuntimeResults"> 
          <void property="error"> 
           <object idref="OutputError0"/> 
          </void> 
          <void property="opsPerSec"> 
           <double>229.84051951704785</double> 
          </void> 
         </object> 
        </void> 
        <void method="add"> 
         <object class="jmbench.tools.runtime.RuntimeResults"> 
          <void property="error"> 
           <object idref="OutputError0"/> 
          </void> 
          <void property="opsPerSec"> 
           <double>231.88261296390098</double> 
          </void> 
         </object> 
        </void> 
        <void method="add"> 
         <object class="jmbench.tools.runtime.RuntimeResults"> 
          <void property="error"> 
           <object idref="OutputError0"/> 
          </void> 
          <void property="opsPerSec"> 
           <double>231.90655163167418</double> 
          </void> 
         </object> 
        </void> 
       </object> 
      </void> 
      <void property="stdev"> 
       <double>2.2136118756447196</double> 
      </void> 
     </object> 
    </void> 
    <void index="8"> 
     <object class="jmbench.tools.runtime.RuntimeEvaluationMetrics"> 
      <void property="max"> 
       <double>33.560858720907895</double> 
      </void> 
      <void property="mean"> 
       <double>33.21142379852286</double> 
      </void> 
      <void property="median"> 
       <double>33.17179041818006</double> 
      </void> 
      <void property="min"> 
       <double>32.99408403430977</double> 
      </void> 
      <void property="rawResults"> 
       <object class="java.util.ArrayList"> 
        <void method="add"> 
         <object class="jmbench.tools.runtime.RuntimeResults"> 
          <void property="error"> 
           <object idref="OutputError0"/> 
          </void> 
          <void property="opsPerSec"> 
           <double>32.99408403430977</double> 
          </void> 
         </object> 
        </void> 
        <void method="add"> 
         <object class="jmbench.tools.runtime.RuntimeResults"> 
          <void property="error"> 
           <object idref="OutputError0"/> 
          </void> 
          <void property="opsPerSec"> 
           <double>32.997375682120854</double> 
          </void> 
         </object> 
        </void> 
        <void method="add"> 
         <object class="jmbench.tools.runtime.RuntimeResults"> 
          <void property="error"> 
           <object idref="OutputError0"/> 
          </void> 
          <void property="opsPerSec"> 
           <double>33.00295156832542</double> 
          </void> 
         </object> 
        </void> 
        <void method="add"> 
         <object class="jmbench.tools.runtime.RuntimeResults"> 
          <void property="error"> 
           <object idref="OutputError0"/> 
          </void> 
          <void property="opsPerSec"> 
           <double>33.02425676043655</double> 
          </void> 
         </object> 
        </void> 
        <void method="add"> 
         <object class="jmbench.tools.runtime.RuntimeResults"> 
          <void property="error"> 
           <object idref="OutputError0"/> 
          </void> 
          <void property="opsPerSec"> 
           <double>33.08006510565564</double> 
          </void> 
         </object> 
        </void> 
        <void method="add"> 
         <object class="jmbench.tools.runtime.RuntimeResults"> 
          <void property="error"> 
           <object idref="OutputError0"/> 
          </void> 
          <void property="opsPerSec"> 
           <double>33.14143570440722</double> 
          </void> 
         </object> 
        </void> 
        <void method="add"> 
         <object class="jmbench.tools.runtime.RuntimeResults"> 
          <void property="error"> 
           <object idref="OutputError0"/> 
          </void> 
          <void property="opsPerSec"> 
           <double>33.17138154859741</double> 
          </void> 
         </object> 
        </void> 
        <void method="add"> 
         <object class="jmbench.tools.runtime.RuntimeResults"> 
          <void property="error"> 
           <object idref="OutputError0"/> 
          </void> 
          <void property="opsPerSec"> 
           <double>33.17179041818006</double> 
          </void> 
         </object> 
        </void> 
        <void method="add"> 
         <object class="jmbench.tools.runtime.RuntimeResults"> 
          <void property="error"> 
           <object idref="OutputError0"/> 
          </void> 
          <void property="opsPerSec"> 
           <double>33.19099387778874</double> 
          </void> 
         </object> 
        </void> 
        <void method="add"> 
         <object class="jmbench.tools.runtime.RuntimeResults"> 
          <void property="error"> 
           <object idref="OutputError0"/> 
          </void> 
          <void property="opsPerSec"> 
           <double>33.224083107174124</double> 
          </void> 
         </object> 
        </void> 
        <void method="add"> 
         <object class="jmbench.tools.runtime.RuntimeResults"> 
          <void property="error"> 
           <object idref="OutputError0"/> 
          </void> 
          <void property="opsPerSec"> 
           <double>33.23903358566851</double> 
          </void> 
         </object> 
        </void> 
        <void method="add"> 
         <object class="jmbench.tools.runtime.RuntimeResults"> 
          <void property="error"> 
           <object idref="OutputError0"/> 
          </void> 
          <void property="opsPerSec"> 
           <double>33.267705816434315</double> 
          </void> 
         </object> 
        </void> 
        <void method="add"> 
         <object class="jmbench.tools.runtime.RuntimeResults"> 
          <void property="error"> 
           <object idref="OutputError0"/> 
          </void> 
          <void property="opsPerSec"> 
           <double>33.32894465566861</double> 
          </void> 
         </object> 
        </void> 
        <void method="add"> 
         <object class="jmbench.tools.runtime.RuntimeResults"> 
          <void property="error"> 
           <object idref="OutputError0"/> 
          </void> 
          <void property="opsPerSec"> 
           <double>33.332128797737504</double> 
          </void> 
         </object> 
        </void> 
        <void method="add"> 
         <object class="jmbench.tools.runtime.RuntimeResults"> 
          <void property="error"> 
           <object idref="OutputError0"/> 
          </void> 
          <void property="opsPerSec"> 
           <double>33.35454887216169</double> 
          </void> 
         </object> 
        </void> 
        <void method="add"> 
         <object class="jmbench.tools.runtime.RuntimeResults"> 
          <void property="error"> 
           <object idref="OutputError0"/> 
          </void> 
          <void property="opsPerSec"> 
           <double>33.35576111334649</double> 
          </void> 
         </object> 
        </void> 
        <void method="add"> 
         <object class="jmbench.tools.runtime.RuntimeResults"> 
          <void property="error"> 
           <object idref="OutputError0"/> 
          </void> 
          <void property="opsPerSec"> 
           <double>33.36808119580928</double> 
          </void> 
         </object> 
        </void> 
        <void method="add"> 
         <object class="jmbench.tools.runtime.RuntimeResults"> 
          <void property="error"> 
           <object idref="OutputError0"/> 
          </void> 
          <void property="opsPerSec"> 
           <double>33.36895532715522</double> 
          </void> 
         </object> 
        </void> 
        <void method="add"> 
         <object class="jmbench.tools.runtime.RuntimeResults"> 
          <void property="error"> 
           <object idref="OutputError0"/> 
          </void> 
          <void property="opsPerSec"> 
           <double>33.38994824997767</double> 
          </void> 
         </object> 
        </void> 
        <void method="add"> 
         <object class="jmbench.tools.runtime.RuntimeResults"> 
          <void property="error"> 
           <object idref="OutputError0"/> 
          </void> 
          <void property="opsPerSec"> 
           <double>33.560858720907895</double> 
          </void> 
         </object> 
        </void> 
        <void method="add"> 
         <object class="jmbench.tools.runtime.RuntimeResults"> 
          <void property="error"> 
           <object idref="OutputError0"/> 
          </void> 
          <void property="opsPerSec"> 
           <double>33.13772937705377</double> 
          </void> 
         </object> 
        </void> 
        <void method="add"> 
         <object class="jmbench.tools.runtime.RuntimeResults"> 
          <void property="error"> 
           <object idref="OutputError0"/> 
          </void> 
          <void property="opsPerSec"> 
           <double>33.164736580979216</double> 
          </void> 
         </object> 
        </void> 
        <void method="add"> 
         <object class="jmbench.tools.runtime.RuntimeResults"> 
          <void property="error"> 
           <object idref="OutputError0"/> 
          </void> 
          <void property="opsPerSec"> 
           <double>33.16951565203552</double> 
          </void> 
         </object> 
        </void> 
        <void method="add"> 
         <object class="jmbench.tools.runtime.RuntimeResults"> 
          <void property="error"> 
           <object idref="OutputError0"/> 
          </void> 
          <void property="opsPerSec"> 
           <double>33.077866104240094</double> 
          </void> 
         </object> 
        </void> 
        <void method="add"> 
         <object class="jmbench.tools.runtime.RuntimeResults"> 
          <void property="error"> 
           <object idref="OutputError0"/> 
          </void> 
          <void property="opsPerSec"> 
           <double>33.171363106899975</double> 
          </void> 
         </object> 
        </void> 
       </object> 
      </void> 
      <void property="stdev"> 
       <double>0.14187632764615005</double> 
      </void> 
     </object> 
    </void> 
    <void index="9"> 
     <object class="jmbench.tools.runtime.RuntimeEvaluationMetrics"> 
      <void property="max"> 
       <double>2.0733064489989768</double> 
      </void> 
      <void property="mean"> 
       <double>2.0480792826439878</double> 
      </void> 
      <void property="median"> 
       <double>2.05038679262422</double> 
      </void> 
      <void property="min"> 
       <double>1.9884576047812605</double> 
      </void> 
      <void property="rawResults"> 
       <object class="java.util.ArrayList"> 
        <void method="add"> 
         <object class="jmbench.tools.runtime.RuntimeResults"> 
          <void property="error"> 
           <object idref="OutputError0"/> 
          </void> 
          <void property="opsPerSec"> 
           <double>1.9884576047812605</double> 
          </void> 
         </object> 
        </void> 
        <void method="add"> 
         <object class="jmbench.tools.runtime.RuntimeResults"> 
          <void property="error"> 
           <object idref="OutputError0"/> 
          </void> 
          <void property="opsPerSec"> 
           <double>2.0232503589680415</double> 
          </void> 
         </object> 
        </void> 
        <void method="add"> 
         <object class="jmbench.tools.runtime.RuntimeResults"> 
          <void property="error"> 
           <object idref="OutputError0"/> 
          </void> 
          <void property="opsPerSec"> 
           <double>2.0254865555443557</double> 
          </void> 
         </object> 
        </void> 
        <void method="add"> 
         <object class="jmbench.tools.runtime.RuntimeResults"> 
          <void property="error"> 
           <object idref="OutputError0"/> 
          </void> 
          <void property="opsPerSec"> 
           <double>2.0260557155781953</double> 
          </void> 
         </object> 
        </void> 
        <void method="add"> 
         <object class="jmbench.tools.runtime.RuntimeResults"> 
          <void property="error"> 
           <object idref="OutputError0"/> 
          </void> 
          <void property="opsPerSec"> 
           <double>2.0327261180649203</double> 
          </void> 
         </object> 
        </void> 
        <void method="add"> 
         <object class="jmbench.tools.runtime.RuntimeResults"> 
          <void property="error"> 
           <object idref="OutputError0"/> 
          </void> 
          <void property="opsPerSec"> 
           <double>2.0362612433742657</double> 
          </void> 
         </object> 
        </void> 
        <void method="add"> 
         <object class="jmbench.tools.runtime.RuntimeResults"> 
          <void property="error"> 
           <object idref="OutputError0"/> 
          </void> 
          <void property="opsPerSec"> 
           <double>2.041077380327556</double> 
          </void> 
         </object> 
        </void> 
        <void method="add"> 
         <object class="jmbench.tools.runtime.RuntimeResults"> 
          <void property="error"> 
           <object idref="OutputError0"/> 
          </void> 
          <void property="opsPerSec"> 
           <double>2.0426015650625624</double> 
          </void> 
         </object> 
        </void> 
        <void method="add"> 
         <object class="jmbench.tools.runtime.RuntimeResults"> 
          <void property="error"> 
           <object idref="OutputError0"/> 
          </void> 
          <void property="opsPerSec"> 
           <double>2.043006955331373</double> 
          </void> 
         </object> 
        </void> 
        <void method="add"> 
         <object class="jmbench.tools.runtime.RuntimeResults"> 
          <void property="error"> 
           <object idref="OutputError0"/> 
          </void> 
          <void property="opsPerSec"> 
           <double>2.0485025469793037</double> 
          </void> 
         </object> 
        </void> 
        <void method="add"> 
         <object class="jmbench.tools.runtime.RuntimeResults"> 
          <void property="error"> 
           <object idref="OutputError0"/> 
          </void> 
          <void property="opsPerSec"> 
           <double>2.05038679262422</double> 
          </void> 
         </object> 
        </void> 
        <void method="add"> 
         <object class="jmbench.tools.runtime.RuntimeResults"> 
          <void property="error"> 
           <object idref="OutputError0"/> 
          </void> 
          <void property="opsPerSec"> 
           <double>2.0516805556846025</double> 
          </void> 
         </object> 
        </void> 
        <void method="add"> 
         <object class="jmbench.tools.runtime.RuntimeResults"> 
          <void property="error"> 
           <object idref="OutputError0"/> 
          </void> 
          <void property="opsPerSec"> 
           <double>2.0523378845507203</double> 
          </void> 
         </object> 
        </void> 
        <void method="add"> 
         <object class="jmbench.tools.runtime.RuntimeResults"> 
          <void property="error"> 
           <object idref="OutputError0"/> 
          </void> 
          <void property="opsPerSec"> 
           <double>2.0596599415636927</double> 
          </void> 
         </object> 
        </void> 
        <void method="add"> 
         <object class="jmbench.tools.runtime.RuntimeResults"> 
          <void property="error"> 
           <object idref="OutputError0"/> 
          </void> 
          <void property="opsPerSec"> 
           <double>2.0626810140899994</double> 
          </void> 
         </object> 
        </void> 
        <void method="add"> 
         <object class="jmbench.tools.runtime.RuntimeResults"> 
          <void property="error"> 
           <object idref="OutputError0"/> 
          </void> 
          <void property="opsPerSec"> 
           <double>2.0658375101417388</double> 
          </void> 
         </object> 
        </void> 
        <void method="add"> 
         <object class="jmbench.tools.runtime.RuntimeResults"> 
          <void property="error"> 
           <object idref="OutputError0"/> 
          </void> 
          <void property="opsPerSec"> 
           <double>2.0678065267587646</double> 
          </void> 
         </object> 
        </void> 
        <void method="add"> 
         <object class="jmbench.tools.runtime.RuntimeResults"> 
          <void property="error"> 
           <object idref="OutputError0"/> 
          </void> 
          <void property="opsPerSec"> 
           <double>2.067901415919573</double> 
          </void> 
         </object> 
        </void> 
        <void method="add"> 
         <object class="jmbench.tools.runtime.RuntimeResults"> 
          <void property="error"> 
           <object idref="OutputError0"/> 
          </void> 
          <void property="opsPerSec"> 
           <double>2.0726878315882105</double> 
          </void> 
         </object> 
        </void> 
        <void method="add"> 
         <object class="jmbench.tools.runtime.RuntimeResults"> 
          <void property="error"> 
           <object idref="OutputError0"/> 
          </void> 
          <void property="opsPerSec"> 
           <double>2.0733064489989768</double> 
          </void> 
         </object> 
        </void> 
        <void method="add"> 
         <object class="jmbench.tools.runtime.RuntimeResults"> 
          <void property="error"> 
           <object idref="OutputError0"/> 
          </void> 
          <void property="opsPerSec"> 
           <double>2.0390189105546432</double> 
          </void> 
         </object> 
        </void> 
        <void method="add"> 
         <object class="jmbench.tools.runtime.RuntimeResults"> 
          <void property="error"> 
           <object idref="OutputError0"/> 
          </void> 
          <void property="opsPerSec"> 
           <double>2.0627518273181003</double> 
          </void> 
         </object> 
        </void> 
        <void method="add"> 
         <object class="jmbench.tools.runtime.RuntimeResults"> 
          <void property="error"> 
           <object idref="OutputError0"/> 
          </void> 
          <void property="opsPerSec"> 
           <double>2.0571093577299013</double> 
          </void> 
         </object> 
        </void> 
        <void method="add"> 
         <object class="jmbench.tools.runtime.RuntimeResults"> 
          <void property="error"> 
           <object idref="OutputError0"/> 
          </void> 
          <void property="opsPerSec"> 
           <double>2.0498063973084872</double> 
          </void> 
         </object> 
        </void> 
        <void method="add"> 
         <object class="jmbench.tools.runtime.RuntimeResults"> 
          <void property="error"> 
           <object idref="OutputError0"/> 
          </void> 
          <void property="opsPerSec"> 
           <double>2.061583607256217</double> 
          </void> 
         </object> 
        </void> 
       </object> 
      </void> 
      <void property="stdev"> 
       <double>0.018904452465434134</double> 
      </void> 
     </object> 
    </void> 
    <void index="10"> 
     <object class="jmbench.tools.runtime.RuntimeEvaluationMetrics"> 
      <void property="max"> 
       <double>0.16872935547826035</double> 
      </void> 
      <void property="mean"> 
       <double>0.14772999098897968</double> 
      </void> 
      <void property="median"> 
       <double>0.15493585331392062</double> 
      </void> 
      <void property="min"> 
       <double>0.11861819626731017</double> 
      </void> 
      <void property="rawResults"> 
       <object class="java.util.ArrayList"> 
        <void method="add"> 
         <object class="jmbench.tools.runtime.RuntimeResults"> 
          <void property="error"> 
           <object idref="OutputError0"/> 
          </void> 
          <void property="opsPerSec"> 
           <double>0.14863655889642757</double> 
          </void> 
         </object> 
        </void> 
        <void method="add"> 
         <object class="jmbench.tools.runtime.RuntimeResults"> 
          <void property="error"> 
           <object idref="OutputError0"/> 
          </void> 
          <void property="opsPerSec"> 
           <double>0.15493585331392062</double> 
          </void> 
         </object> 
        </void> 
        <void method="add"> 
         <object class="jmbench.tools.runtime.RuntimeResults"> 
          <void property="error"> 
           <object idref="OutputError0"/> 
          </void> 
          <void property="opsPerSec"> 
           <double>0.11861819626731017</double> 
          </void> 
         </object> 
        </void> 
        <void method="add"> 
         <object class="jmbench.tools.runtime.RuntimeResults"> 
          <void property="error"> 
           <object idref="OutputError0"/> 
          </void> 
          <void property="opsPerSec"> 
           <double>0.16872935547826035</double> 
          </void> 
         </object> 
        </void> 
       </object> 
      </void> 
      <void property="stdev"> 
       <double>0.018311309470427726</double> 
      </void> 
     </object> 
    </void> 
   </array> 
  </void> 
  <void property="opName"> 
   <string>Invert b=invSymmPosDef(a)</string> 
  </void> 
 </object> 
</java> 
