<?xml version="1.0" encoding="UTF-8"?> 
<java version="1.6.0_16" class="java.beans.XMLDecoder"> 
 <object class="jmbench.tools.runtime.OperationResults"> 
  <void property="library"> 
   <object class="jmbench.impl.MatrixLibrary" method="valueOf"> 
    <string>UJMP</string> 
   </object> 
  </void> 
  <void property="matDimen"> 
   <array class="int" length="12"> 
    <void index="0"> 
     <int>2</int> 
    </void> 
    <void index="1"> 
     <int>3</int> 
    </void> 
    <void index="2"> 
     <int>4</int> 
    </void> 
    <void index="3"> 
     <int>5</int> 
    </void> 
    <void index="4"> 
     <int>10</int> 
    </void> 
    <void index="5"> 
     <int>20</int> 
    </void> 
    <void index="6"> 
     <int>50</int> 
    </void> 
    <void index="7"> 
     <int>100</int> 
    </void> 
    <void index="8"> 
     <int>200</int> 
    </void> 
    <void index="9"> 
     <int>500</int> 
    </void> 
    <void index="10"> 
     <int>1000</int> 
    </void> 
    <void index="11"> 
     <int>2000</int> 
    </void> 
   </array> 
  </void> 
  <void property="metrics"> 
   <array class="jmbench.tools.EvaluationMetrics" length="12"> 
    <void index="0"> 
     <object class="jmbench.tools.EvaluationMetrics"> 
      <void property="max"> 
       <double>1.0869575004919242E7</double> 
      </void> 
      <void property="mean"> 
       <double>1.0846195680645118E7</double> 
      </void> 
      <void property="median"> 
       <double>1.086587155127252E7</double> 
      </void> 
      <void property="min"> 
       <double>1.072780784482378E7</double> 
      </void> 
      <void property="rawResults"> 
       <object class="java.util.ArrayList"> 
        <void method="add"> 
         <double>1.072780784482378E7</double> 
        </void> 
        <void method="add"> 
         <double>1.0782386138951471E7</double> 
        </void> 
        <void method="add"> 
         <double>1.0800425167460868E7</double> 
        </void> 
        <void method="add"> 
         <double>1.0811043443534486E7</double> 
        </void> 
        <void method="add"> 
         <double>1.0811741324639086E7</double> 
        </void> 
        <void method="add"> 
         <double>1.0814554833499411E7</double> 
        </void> 
        <void method="add"> 
         <double>1.083728714579221E7</double> 
        </void> 
        <void method="add"> 
         <double>1.0851010871836057E7</double> 
        </void> 
        <void method="add"> 
         <double>1.0860013758184414E7</double> 
        </void> 
        <void method="add"> 
         <double>1.08652122190153E7</double> 
        </void> 
        <void method="add"> 
         <double>1.086587155127252E7</double> 
        </void> 
        <void method="add"> 
         <double>1.0866681123390513E7</double> 
        </void> 
        <void method="add"> 
         <double>1.0867585942297382E7</double> 
        </void> 
        <void method="add"> 
         <double>1.0867773844367396E7</double> 
        </void> 
        <void method="add"> 
         <double>1.0868048761516266E7</double> 
        </void> 
        <void method="add"> 
         <double>1.0868135334723352E7</double> 
        </void> 
        <void method="add"> 
         <double>1.0868601691580515E7</double> 
        </void> 
        <void method="add"> 
         <double>1.0869209185906557E7</double> 
        </void> 
        <void method="add"> 
         <double>1.08693749514272E7</double> 
        </void> 
        <void method="add"> 
         <double>1.0869575004919242E7</double> 
        </void> 
        <void method="add"> 
         <double>1.086718663834367E7</double> 
        </void> 
        <void method="add"> 
         <double>1.0857400873164015E7</double> 
        </void> 
        <void method="add"> 
         <double>1.08510966611382E7</double> 
        </void> 
        <void method="add"> 
         <double>1.086874341570333E7</double> 
        </void> 
        <void method="add"> 
         <double>1.0868124288640749E7</double> 
        </void> 
       </object> 
      </void> 
      <void property="stdev"> 
       <double>35011.51851079034</double> 
      </void> 
     </object> 
    </void> 
    <void index="1"> 
     <object class="jmbench.tools.EvaluationMetrics"> 
      <void property="max"> 
       <double>1.0105526710888792E7</double> 
      </void> 
      <void property="mean"> 
       <double>1.0025941835390301E7</double> 
      </void> 
      <void property="median"> 
       <double>1.0020482341685755E7</double> 
      </void> 
      <void property="min"> 
       <double>9912340.674279813</double> 
      </void> 
      <void property="rawResults"> 
       <object class="java.util.ArrayList"> 
        <void method="add"> 
         <double>9912340.674279813</double> 
        </void> 
        <void method="add"> 
         <double>9951001.784347117</double> 
        </void> 
        <void method="add"> 
         <double>9988223.313918015</double> 
        </void> 
        <void method="add"> 
         <double>9991566.700170195</double> 
        </void> 
        <void method="add"> 
         <double>9993215.649234883</double> 
        </void> 
        <void method="add"> 
         <double>9997351.035020199</double> 
        </void> 
        <void method="add"> 
         <double>9998967.388291743</double> 
        </void> 
        <void method="add"> 
         <double>9999315.2538238</double> 
        </void> 
        <void method="add"> 
         <double>1.0005784579949856E7</double> 
        </void> 
        <void method="add"> 
         <double>1.0007716467947513E7</double> 
        </void> 
        <void method="add"> 
         <double>1.001397013399011E7</double> 
        </void> 
        <void method="add"> 
         <double>1.0031873525815584E7</double> 
        </void> 
        <void method="add"> 
         <double>1.0050276300987141E7</double> 
        </void> 
        <void method="add"> 
         <double>1.0056266541989764E7</double> 
        </void> 
        <void method="add"> 
         <double>1.0056938386343054E7</double> 
        </void> 
        <void method="add"> 
         <double>1.0061241488830877E7</double> 
        </void> 
        <void method="add"> 
         <double>1.006872628082383E7</double> 
        </void> 
        <void method="add"> 
         <double>1.0089419325875359E7</double> 
        </void> 
        <void method="add"> 
         <double>1.0094108058341917E7</double> 
        </void> 
        <void method="add"> 
         <double>1.0105526710888792E7</double> 
        </void> 
        <void method="add"> 
         <double>1.0020482341685755E7</double> 
        </void> 
        <void method="add"> 
         <double>9971332.096154287</double> 
        </void> 
        <void method="add"> 
         <double>1.006722831057216E7</double> 
        </void> 
        <void method="add"> 
         <double>1.0084864296920137E7</double> 
        </void> 
        <void method="add"> 
         <double>1.003080923855562E7</double> 
        </void> 
       </object> 
      </void> 
      <void property="stdev"> 
       <double>46535.4203368176</double> 
      </void> 
     </object> 
    </void> 
    <void index="2"> 
     <object class="jmbench.tools.EvaluationMetrics"> 
      <void property="max"> 
       <double>9675362.360788176</double> 
      </void> 
      <void property="mean"> 
       <double>9659349.839830695</double> 
      </void> 
      <void property="median"> 
       <double>9668274.553922355</double> 
      </void> 
      <void property="min"> 
       <double>9616261.322905237</double> 
      </void> 
      <void property="rawResults"> 
       <object class="java.util.ArrayList"> 
        <void method="add"> 
         <double>9616261.322905237</double> 
        </void> 
        <void method="add"> 
         <double>9627294.71057027</double> 
        </void> 
        <void method="add"> 
         <double>9636193.021278277</double> 
        </void> 
        <void method="add"> 
         <double>9638144.163344452</double> 
        </void> 
        <void method="add"> 
         <double>9640620.786455436</double> 
        </void> 
        <void method="add"> 
         <double>9644533.126933442</double> 
        </void> 
        <void method="add"> 
         <double>9656697.688715653</double> 
        </void> 
        <void method="add"> 
         <double>9659286.683065038</double> 
        </void> 
        <void method="add"> 
         <double>9664095.933085447</double> 
        </void> 
        <void method="add"> 
         <double>9664619.622254808</double> 
        </void> 
        <void method="add"> 
         <double>9665666.904250767</double> 
        </void> 
        <void method="add"> 
         <double>9669292.40236755</double> 
        </void> 
        <void method="add"> 
         <double>9669434.649644744</double> 
        </void> 
        <void method="add"> 
         <double>9669535.727146396</double> 
        </void> 
        <void method="add"> 
         <double>9670190.87844718</double> 
        </void> 
        <void method="add"> 
         <double>9671851.911417497</double> 
        </void> 
        <void method="add"> 
         <double>9672103.691066353</double> 
        </void> 
        <void method="add"> 
         <double>9673091.136422306</double> 
        </void> 
        <void method="add"> 
         <double>9673217.643395223</double> 
        </void> 
        <void method="add"> 
         <double>9675362.360788176</double> 
        </void> 
        <void method="add"> 
         <double>9668274.553922355</double> 
        </void> 
        <void method="add"> 
         <double>9637091.707376001</double> 
        </void> 
        <void method="add"> 
         <double>9674579.907137489</double> 
        </void> 
        <void method="add"> 
         <double>9672490.558262095</double> 
        </void> 
        <void method="add"> 
         <double>9673814.905515268</double> 
        </void> 
       </object> 
      </void> 
      <void property="stdev"> 
       <double>16858.12520569058</double> 
      </void> 
     </object> 
    </void> 
    <void index="3"> 
     <object class="jmbench.tools.EvaluationMetrics"> 
      <void property="max"> 
       <double>9249712.305703266</double> 
      </void> 
      <void property="mean"> 
       <double>9237280.592374636</double> 
      </void> 
      <void property="median"> 
       <double>9243152.820223635</double> 
      </void> 
      <void property="min"> 
       <double>9110378.374333682</double> 
      </void> 
      <void property="rawResults"> 
       <object class="java.util.ArrayList"> 
        <void method="add"> 
         <double>9110378.374333682</double> 
        </void> 
        <void method="add"> 
         <double>9239484.141989212</double> 
        </void> 
        <void method="add"> 
         <double>9241679.427752733</double> 
        </void> 
        <void method="add"> 
         <double>9241680.855177958</double> 
        </void> 
        <void method="add"> 
         <double>9241985.406947237</double> 
        </void> 
        <void method="add"> 
         <double>9242169.590361109</double> 
        </void> 
        <void method="add"> 
         <double>9242387.640408333</double> 
        </void> 
        <void method="add"> 
         <double>9242719.560808009</double> 
        </void> 
        <void method="add"> 
         <double>9243054.952643655</double> 
        </void> 
        <void method="add"> 
         <double>9243141.887818512</double> 
        </void> 
        <void method="add"> 
         <double>9243152.820223635</double> 
        </void> 
        <void method="add"> 
         <double>9243347.101045776</double> 
        </void> 
        <void method="add"> 
         <double>9243749.289678333</double> 
        </void> 
        <void method="add"> 
         <double>9243904.408498231</double> 
        </void> 
        <void method="add"> 
         <double>9244081.567574264</double> 
        </void> 
        <void method="add"> 
         <double>9244212.357368648</double> 
        </void> 
        <void method="add"> 
         <double>9245186.220175672</double> 
        </void> 
        <void method="add"> 
         <double>9245821.06841908</double> 
        </void> 
        <void method="add"> 
         <double>9248667.983934997</double> 
        </void> 
        <void method="add"> 
         <double>9249712.305703266</double> 
        </void> 
        <void method="add"> 
         <double>9227755.383572677</double> 
        </void> 
        <void method="add"> 
         <double>9230097.650110422</double> 
        </void> 
        <void method="add"> 
         <double>9243891.02184994</double> 
        </void> 
        <void method="add"> 
         <double>9244182.081348157</double> 
        </void> 
        <void method="add"> 
         <double>9245571.711622298</double> 
        </void> 
       </object> 
      </void> 
      <void property="stdev"> 
       <double>26298.67059359413</double> 
      </void> 
     </object> 
    </void> 
    <void index="4"> 
     <object class="jmbench.tools.EvaluationMetrics"> 
      <void property="max"> 
       <double>5579959.992814442</double> 
      </void> 
      <void property="mean"> 
       <double>5567950.512865434</double> 
      </void> 
      <void property="median"> 
       <double>5572917.115999373</double> 
      </void> 
      <void property="min"> 
       <double>5516363.474414853</double> 
      </void> 
      <void property="rawResults"> 
       <object class="java.util.ArrayList"> 
        <void method="add"> 
         <double>5516363.474414853</double> 
        </void> 
        <void method="add"> 
         <double>5517110.772952979</double> 
        </void> 
        <void method="add"> 
         <double>5562837.593779678</double> 
        </void> 
        <void method="add"> 
         <double>5563176.345551983</double> 
        </void> 
        <void method="add"> 
         <double>5563355.104627813</double> 
        </void> 
        <void method="add"> 
         <double>5565074.636760385</double> 
        </void> 
        <void method="add"> 
         <double>5566313.169100315</double> 
        </void> 
        <void method="add"> 
         <double>5566760.038788713</double> 
        </void> 
        <void method="add"> 
         <double>5571212.279942347</double> 
        </void> 
        <void method="add"> 
         <double>5571410.812706756</double> 
        </void> 
        <void method="add"> 
         <double>5571826.419686094</double> 
        </void> 
        <void method="add"> 
         <double>5572917.115999373</double> 
        </void> 
        <void method="add"> 
         <double>5573308.347985126</double> 
        </void> 
        <void method="add"> 
         <double>5573590.174750182</double> 
        </void> 
        <void method="add"> 
         <double>5574919.726887314</double> 
        </void> 
        <void method="add"> 
         <double>5576143.9971841695</double> 
        </void> 
        <void method="add"> 
         <double>5576615.164812863</double> 
        </void> 
        <void method="add"> 
         <double>5576955.232427842</double> 
        </void> 
        <void method="add"> 
         <double>5579477.174084321</double> 
        </void> 
        <void method="add"> 
         <double>5579959.992814442</double> 
        </void> 
        <void method="add"> 
         <double>5575868.209781013</double> 
        </void> 
        <void method="add"> 
         <double>5572423.136292461</double> 
        </void> 
        <void method="add"> 
         <double>5576344.016200372</double> 
        </void> 
        <void method="add"> 
         <double>5579819.17316318</double> 
        </void> 
        <void method="add"> 
         <double>5574980.710941308</double> 
        </void> 
       </object> 
      </void> 
      <void property="stdev"> 
       <double>15929.252891471493</double> 
      </void> 
     </object> 
    </void> 
    <void index="5"> 
     <object class="jmbench.tools.EvaluationMetrics"> 
      <void property="max"> 
       <double>2227988.8039401355</double> 
      </void> 
      <void property="mean"> 
       <double>2222551.2106750794</double> 
      </void> 
      <void property="median"> 
       <double>2223332.91876422</double> 
      </void> 
      <void property="min"> 
       <double>2194454.6720376913</double> 
      </void> 
      <void property="rawResults"> 
       <object class="java.util.ArrayList"> 
        <void method="add"> 
         <double>2194454.6720376913</double> 
        </void> 
        <void method="add"> 
         <double>2219950.5854882593</double> 
        </void> 
        <void method="add"> 
         <double>2220536.7032112456</double> 
        </void> 
        <void method="add"> 
         <double>2220756.7088428345</double> 
        </void> 
        <void method="add"> 
         <double>2221318.9949027537</double> 
        </void> 
        <void method="add"> 
         <double>2221495.478293581</double> 
        </void> 
        <void method="add"> 
         <double>2221942.515318512</double> 
        </void> 
        <void method="add"> 
         <double>2222174.1271065124</double> 
        </void> 
        <void method="add"> 
         <double>2222385.510714154</double> 
        </void> 
        <void method="add"> 
         <double>2222632.3889735546</double> 
        </void> 
        <void method="add"> 
         <double>2222651.907715698</double> 
        </void> 
        <void method="add"> 
         <double>2223332.91876422</double> 
        </void> 
        <void method="add"> 
         <double>2223348.533670361</double> 
        </void> 
        <void method="add"> 
         <double>2223533.5983514953</double> 
        </void> 
        <void method="add"> 
         <double>2223786.6349768327</double> 
        </void> 
        <void method="add"> 
         <double>2224181.8006477943</double> 
        </void> 
        <void method="add"> 
         <double>2226823.5657106857</double> 
        </void> 
        <void method="add"> 
         <double>2227300.242842061</double> 
        </void> 
        <void method="add"> 
         <double>2227677.159814196</double> 
        </void> 
        <void method="add"> 
         <double>2227988.8039401355</double> 
        </void> 
        <void method="add"> 
         <double>2227302.068981251</double> 
        </void> 
        <void method="add"> 
         <double>2227241.8236274687</double> 
        </void> 
        <void method="add"> 
         <double>2216819.0451913825</double> 
        </void> 
        <void method="add"> 
         <double>2226156.4896249324</double> 
        </void> 
        <void method="add"> 
         <double>2227987.9881293653</double> 
        </void> 
       </object> 
      </void> 
      <void property="stdev"> 
       <double>6417.725176225028</double> 
      </void> 
     </object> 
    </void> 
    <void index="6"> 
     <object class="jmbench.tools.EvaluationMetrics"> 
      <void property="max"> 
       <double>286121.8772425335</double> 
      </void> 
      <void property="mean"> 
       <double>284265.13013856654</double> 
      </void> 
      <void property="median"> 
       <double>284193.56206373766</double> 
      </void> 
      <void property="min"> 
       <double>279928.4357671959</double> 
      </void> 
      <void property="rawResults"> 
       <object class="java.util.ArrayList"> 
        <void method="add"> 
         <double>282022.23600373615</double> 
        </void> 
        <void method="add"> 
         <double>282221.04167213896</double> 
        </void> 
        <void method="add"> 
         <double>283285.3600220757</double> 
        </void> 
        <void method="add"> 
         <double>283589.5428133071</double> 
        </void> 
        <void method="add"> 
         <double>283856.64943662577</double> 
        </void> 
        <void method="add"> 
         <double>283894.8407625842</double> 
        </void> 
        <void method="add"> 
         <double>283904.73623457266</double> 
        </void> 
        <void method="add"> 
         <double>283962.86741898186</double> 
        </void> 
        <void method="add"> 
         <double>283969.72099095833</double> 
        </void> 
        <void method="add"> 
         <double>284186.78691741393</double> 
        </void> 
        <void method="add"> 
         <double>284306.4119558505</double> 
        </void> 
        <void method="add"> 
         <double>284393.4597760545</double> 
        </void> 
        <void method="add"> 
         <double>285444.9649042754</double> 
        </void> 
        <void method="add"> 
         <double>285511.6782238671</double> 
        </void> 
        <void method="add"> 
         <double>285529.75097276265</double> 
        </void> 
        <void method="add"> 
         <double>285586.2845148332</double> 
        </void> 
        <void method="add"> 
         <double>285899.37810945546</double> 
        </void> 
        <void method="add"> 
         <double>286012.5266873534</double> 
        </void> 
        <void method="add"> 
         <double>286121.35093568615</double> 
        </void> 
        <void method="add"> 
         <double>286121.8772425335</double> 
        </void> 
        <void method="add"> 
         <double>284803.6825036387</double> 
        </void> 
        <void method="add"> 
         <double>279928.4357671959</double> 
        </void> 
        <void method="add"> 
         <double>282149.9339681209</double> 
        </void> 
        <void method="add"> 
         <double>285731.17356640473</double> 
        </void> 
        <void method="add"> 
         <double>284193.56206373766</double> 
        </void> 
       </object> 
      </void> 
      <void property="stdev"> 
       <double>1495.2629737479288</double> 
      </void> 
     </object> 
    </void> 
    <void index="7"> 
     <object class="jmbench.tools.EvaluationMetrics"> 
      <void property="max"> 
       <double>73906.77504669316</double> 
      </void> 
      <void property="mean"> 
       <double>73585.87640321045</double> 
      </void> 
      <void property="median"> 
       <double>73674.69166717246</double> 
      </void> 
      <void property="min"> 
       <double>72986.92626329426</double> 
      </void> 
      <void property="rawResults"> 
       <object class="java.util.ArrayList"> 
        <void method="add"> 
         <double>72986.92626329426</double> 
        </void> 
        <void method="add"> 
         <double>73100.90442478312</double> 
        </void> 
        <void method="add"> 
         <double>73157.63664956743</double> 
        </void> 
        <void method="add"> 
         <double>73440.55830817066</double> 
        </void> 
        <void method="add"> 
         <double>73484.31209838639</double> 
        </void> 
        <void method="add"> 
         <double>73557.32132813535</double> 
        </void> 
        <void method="add"> 
         <double>73611.23683651663</double> 
        </void> 
        <void method="add"> 
         <double>73671.25770763747</double> 
        </void> 
        <void method="add"> 
         <double>73682.30771864578</double> 
        </void> 
        <void method="add"> 
         <double>73716.81123156969</double> 
        </void> 
        <void method="add"> 
         <double>73730.67633106593</double> 
        </void> 
        <void method="add"> 
         <double>73740.25595432748</double> 
        </void> 
        <void method="add"> 
         <double>73744.35039486419</double> 
        </void> 
        <void method="add"> 
         <double>73763.34891872377</double> 
        </void> 
        <void method="add"> 
         <double>73789.17223093985</double> 
        </void> 
        <void method="add"> 
         <double>73808.22728876455</double> 
        </void> 
        <void method="add"> 
         <double>73824.42189185998</double> 
        </void> 
        <void method="add"> 
         <double>73837.0963549282</double> 
        </void> 
        <void method="add"> 
         <double>73850.37164253704</double> 
        </void> 
        <void method="add"> 
         <double>73906.77504669316</double> 
        </void> 
        <void method="add"> 
         <double>73537.21681894323</double> 
        </void> 
        <void method="add"> 
         <double>73674.69166717246</double> 
        </void> 
        <void method="add"> 
         <double>72986.95949911664</double> 
        </void> 
        <void method="add"> 
         <double>73579.08543108526</double> 
        </void> 
        <void method="add"> 
         <double>73464.98804253298</double> 
        </void> 
       </object> 
      </void> 
      <void property="stdev"> 
       <double>261.7402307206303</double> 
      </void> 
     </object> 
    </void> 
    <void index="8"> 
     <object class="jmbench.tools.EvaluationMetrics"> 
      <void property="max"> 
       <double>18587.001784593293</double> 
      </void> 
      <void property="mean"> 
       <double>18408.192992505705</double> 
      </void> 
      <void property="median"> 
       <double>18462.52969378806</double> 
      </void> 
      <void property="min"> 
       <double>18018.319538044976</double> 
      </void> 
      <void property="rawResults"> 
       <object class="java.util.ArrayList"> 
        <void method="add"> 
         <double>18018.319538044976</double> 
        </void> 
        <void method="add"> 
         <double>18215.910953338524</double> 
        </void> 
        <void method="add"> 
         <double>18238.84498322047</double> 
        </void> 
        <void method="add"> 
         <double>18296.47467931719</double> 
        </void> 
        <void method="add"> 
         <double>18301.145832387538</double> 
        </void> 
        <void method="add"> 
         <double>18303.969491924396</double> 
        </void> 
        <void method="add"> 
         <double>18412.48309298421</double> 
        </void> 
        <void method="add"> 
         <double>18433.969123962128</double> 
        </void> 
        <void method="add"> 
         <double>18448.728742920368</double> 
        </void> 
        <void method="add"> 
         <double>18462.52969378806</double> 
        </void> 
        <void method="add"> 
         <double>18465.746959693875</double> 
        </void> 
        <void method="add"> 
         <double>18466.058671601328</double> 
        </void> 
        <void method="add"> 
         <double>18466.622805074556</double> 
        </void> 
        <void method="add"> 
         <double>18471.888732487176</double> 
        </void> 
        <void method="add"> 
         <double>18474.85474232106</double> 
        </void> 
        <void method="add"> 
         <double>18477.083395857295</double> 
        </void> 
        <void method="add"> 
         <double>18528.304131752844</double> 
        </void> 
        <void method="add"> 
         <double>18532.097307294556</double> 
        </void> 
        <void method="add"> 
         <double>18585.139300577543</double> 
        </void> 
        <void method="add"> 
         <double>18587.001784593293</double> 
        </void> 
        <void method="add"> 
         <double>18370.406068600692</double> 
        </void> 
        <void method="add"> 
         <double>18256.676717890547</double> 
        </void> 
        <void method="add"> 
         <double>18453.666512321877</double> 
        </void> 
        <void method="add"> 
         <double>18471.204071330307</double> 
        </void> 
        <void method="add"> 
         <double>18465.697479357983</double> 
        </void> 
       </object> 
      </void> 
      <void property="stdev"> 
       <double>127.72577461175366</double> 
      </void> 
     </object> 
    </void> 
    <void index="9"> 
     <object class="jmbench.tools.EvaluationMetrics"> 
      <void property="max"> 
       <double>853.6301625332964</double> 
      </void> 
      <void property="mean"> 
       <double>843.1399457737577</double> 
      </void> 
      <void property="median"> 
       <double>844.0229222867786</double> 
      </void> 
      <void property="min"> 
       <double>813.0562432410134</double> 
      </void> 
      <void property="rawResults"> 
       <object class="java.util.ArrayList"> 
        <void method="add"> 
         <double>813.0562432410134</double> 
        </void> 
        <void method="add"> 
         <double>819.1187563881053</double> 
        </void> 
        <void method="add"> 
         <double>819.5108784529581</double> 
        </void> 
        <void method="add"> 
         <double>840.8644968556932</double> 
        </void> 
        <void method="add"> 
         <double>841.103074530729</double> 
        </void> 
        <void method="add"> 
         <double>842.5138605941507</double> 
        </void> 
        <void method="add"> 
         <double>842.5721941527282</double> 
        </void> 
        <void method="add"> 
         <double>843.1190209549228</double> 
        </void> 
        <void method="add"> 
         <double>843.1358897379915</double> 
        </void> 
        <void method="add"> 
         <double>843.506451004872</double> 
        </void> 
        <void method="add"> 
         <double>843.8471558575689</double> 
        </void> 
        <void method="add"> 
         <double>844.0187782648145</double> 
        </void> 
        <void method="add"> 
         <double>844.0229222867786</double> 
        </void> 
        <void method="add"> 
         <double>844.2544441802743</double> 
        </void> 
        <void method="add"> 
         <double>846.3817686948981</double> 
        </void> 
        <void method="add"> 
         <double>847.5217612952222</double> 
        </void> 
        <void method="add"> 
         <double>849.8853989795023</double> 
        </void> 
        <void method="add"> 
         <double>850.0669860807685</double> 
        </void> 
        <void method="add"> 
         <double>852.0550164328764</double> 
        </void> 
        <void method="add"> 
         <double>853.1868868061052</double> 
        </void> 
        <void method="add"> 
         <double>853.6301625332964</double> 
        </void> 
        <void method="add"> 
         <double>850.5636949144773</double> 
        </void> 
        <void method="add"> 
         <double>850.7987594132564</double> 
        </void> 
        <void method="add"> 
         <double>852.5858007793963</double> 
        </void> 
        <void method="add"> 
         <double>847.1782419115424</double> 
        </void> 
       </object> 
      </void> 
      <void property="stdev"> 
       <double>10.366889177263824</double> 
      </void> 
     </object> 
    </void> 
    <void index="10"> 
     <object class="jmbench.tools.EvaluationMetrics"> 
      <void property="max"> 
       <double>208.0389831284958</double> 
      </void> 
      <void property="mean"> 
       <double>202.01709771674004</double> 
      </void> 
      <void property="median"> 
       <double>204.01500392451743</double> 
      </void> 
      <void property="min"> 
       <double>187.73096779536127</double> 
      </void> 
      <void property="rawResults"> 
       <object class="java.util.ArrayList"> 
        <void method="add"> 
         <double>187.73096779536127</double> 
        </void> 
        <void method="add"> 
         <double>197.62264829232578</double> 
        </void> 
        <void method="add"> 
         <double>200.27635839095763</double> 
        </void> 
        <void method="add"> 
         <double>200.3631435674899</double> 
        </void> 
        <void method="add"> 
         <double>200.71301990705112</double> 
        </void> 
        <void method="add"> 
         <double>200.8993599776942</double> 
        </void> 
        <void method="add"> 
         <double>201.08387332580008</double> 
        </void> 
        <void method="add"> 
         <double>203.26619280114124</double> 
        </void> 
        <void method="add"> 
         <double>203.64380414142445</double> 
        </void> 
        <void method="add"> 
         <double>204.01500392451743</double> 
        </void> 
        <void method="add"> 
         <double>204.09661941150395</double> 
        </void> 
        <void method="add"> 
         <double>205.13404800811583</double> 
        </void> 
        <void method="add"> 
         <double>205.16147920479298</double> 
        </void> 
        <void method="add"> 
         <double>205.19663762604375</double> 
        </void> 
        <void method="add"> 
         <double>205.20360448398517</double> 
        </void> 
        <void method="add"> 
         <double>205.32955682101556</double> 
        </void> 
        <void method="add"> 
         <double>205.4283617426205</double> 
        </void> 
        <void method="add"> 
         <double>205.47255533881722</double> 
        </void> 
        <void method="add"> 
         <double>206.42681632915156</double> 
        </void> 
        <void method="add"> 
         <double>208.0389831284958</double> 
        </void> 
        <void method="add"> 
         <double>192.39615491971264</double> 
        </void> 
        <void method="add"> 
         <double>193.6629811077969</double> 
        </void> 
        <void method="add"> 
         <double>197.91551664821128</double> 
        </void> 
        <void method="add"> 
         <double>204.76875360202973</double> 
        </void> 
        <void method="add"> 
         <double>206.58100242244342</double> 
        </void> 
       </object> 
      </void> 
      <void property="stdev"> 
       <double>4.829969717092956</double> 
      </void> 
     </object> 
    </void> 
    <void index="11"> 
     <object class="jmbench.tools.EvaluationMetrics"> 
      <void property="max"> 
       <double>50.11671695849667</double> 
      </void> 
      <void property="mean"> 
       <double>48.47586246572046</double> 
      </void> 
      <void property="median"> 
       <double>48.57832252653857</double> 
      </void> 
      <void property="min"> 
       <double>46.6712413817469</double> 
      </void> 
      <void property="rawResults"> 
       <object class="java.util.ArrayList"> 
        <void method="add"> 
         <double>46.92864129948576</double> 
        </void> 
        <void method="add"> 
         <double>47.187747086444816</double> 
        </void> 
        <void method="add"> 
         <double>47.509164886428024</double> 
        </void> 
        <void method="add"> 
         <double>47.856864616477395</double> 
        </void> 
        <void method="add"> 
         <double>47.935990993206815</double> 
        </void> 
        <void method="add"> 
         <double>48.28280720661498</double> 
        </void> 
        <void method="add"> 
         <double>48.32242151020092</double> 
        </void> 
        <void method="add"> 
         <double>48.41800607702497</double> 
        </void> 
        <void method="add"> 
         <double>48.52236782412023</double> 
        </void> 
        <void method="add"> 
         <double>48.57832252653857</double> 
        </void> 
        <void method="add"> 
         <double>48.66313601049074</double> 
        </void> 
        <void method="add"> 
         <double>48.72579293794732</double> 
        </void> 
        <void method="add"> 
         <double>48.77276585798018</double> 
        </void> 
        <void method="add"> 
         <double>48.899544910537855</double> 
        </void> 
        <void method="add"> 
         <double>48.97196971886108</double> 
        </void> 
        <void method="add"> 
         <double>49.01528743654462</double> 
        </void> 
        <void method="add"> 
         <double>49.602110716633234</double> 
        </void> 
        <void method="add"> 
         <double>49.844881902273734</double> 
        </void> 
        <void method="add"> 
         <double>49.99444392226313</double> 
        </void> 
        <void method="add"> 
         <double>50.11671695849667</double> 
        </void> 
        <void method="add"> 
         <double>48.46294013217635</double> 
        </void> 
        <void method="add"> 
         <double>46.6712413817469</double> 
        </void> 
        <void method="add"> 
         <double>46.8698835320591</double> 
        </void> 
        <void method="add"> 
         <double>48.70934259026407</double> 
        </void> 
        <void method="add"> 
         <double>49.03416960819398</double> 
        </void> 
       </object> 
      </void> 
      <void property="stdev"> 
       <double>0.9161819160173948</double> 
      </void> 
     </object> 
    </void> 
   </array> 
  </void> 
  <void property="opName"> 
   <string>Add c=a+b</string> 
  </void> 
 </object> 
</java> 
