<?xml version="1.0" encoding="UTF-8"?> 
<java version="1.6.0_16" class="java.beans.XMLDecoder"> 
 <object class="jmbench.tools.runtime.OperationResults"> 
  <void property="library"> 
   <object class="jmbench.impl.MatrixLibrary" method="valueOf"> 
    <string>UJMP</string> 
   </object> 
  </void> 
  <void property="matDimen"> 
   <array class="int" length="12"> 
    <void index="0"> 
     <int>2</int> 
    </void> 
    <void index="1"> 
     <int>3</int> 
    </void> 
    <void index="2"> 
     <int>4</int> 
    </void> 
    <void index="3"> 
     <int>5</int> 
    </void> 
    <void index="4"> 
     <int>10</int> 
    </void> 
    <void index="5"> 
     <int>20</int> 
    </void> 
    <void index="6"> 
     <int>50</int> 
    </void> 
    <void index="7"> 
     <int>100</int> 
    </void> 
    <void index="8"> 
     <int>200</int> 
    </void> 
    <void index="9"> 
     <int>500</int> 
    </void> 
    <void index="10"> 
     <int>1000</int> 
    </void> 
    <void index="11"> 
     <int>2000</int> 
    </void> 
   </array> 
  </void> 
  <void property="metrics"> 
   <array class="jmbench.tools.EvaluationMetrics" length="12"> 
    <void index="0"> 
     <object class="jmbench.tools.EvaluationMetrics"> 
      <void property="max"> 
       <double>925938.8426897881</double> 
      </void> 
      <void property="mean"> 
       <double>910017.3747780798</double> 
      </void> 
      <void property="median"> 
       <double>907513.8282871132</double> 
      </void> 
      <void property="min"> 
       <double>880645.700675425</double> 
      </void> 
      <void property="rawResults"> 
       <object class="java.util.ArrayList"> 
        <void method="add"> 
         <double>880645.700675425</double> 
        </void> 
        <void method="add"> 
         <double>888110.3355534918</double> 
        </void> 
        <void method="add"> 
         <double>889380.3164601568</double> 
        </void> 
        <void method="add"> 
         <double>905321.9628863777</double> 
        </void> 
        <void method="add"> 
         <double>905423.2581858647</double> 
        </void> 
        <void method="add"> 
         <double>906177.9612666955</double> 
        </void> 
        <void method="add"> 
         <double>906474.9228447449</double> 
        </void> 
        <void method="add"> 
         <double>906658.9822917198</double> 
        </void> 
        <void method="add"> 
         <double>907385.9627326323</double> 
        </void> 
        <void method="add"> 
         <double>911578.9206286079</double> 
        </void> 
        <void method="add"> 
         <double>913718.0292211982</double> 
        </void> 
        <void method="add"> 
         <double>913835.1220974536</double> 
        </void> 
        <void method="add"> 
         <double>914437.0002990995</double> 
        </void> 
        <void method="add"> 
         <double>920911.4975856385</double> 
        </void> 
        <void method="add"> 
         <double>921539.6257454118</double> 
        </void> 
        <void method="add"> 
         <double>923718.9127538888</double> 
        </void> 
        <void method="add"> 
         <double>924447.0420063334</double> 
        </void> 
        <void method="add"> 
         <double>925599.8268700651</double> 
        </void> 
        <void method="add"> 
         <double>925688.6028882448</double> 
        </void> 
        <void method="add"> 
         <double>925938.8426897881</double> 
        </void> 
        <void method="add"> 
         <double>905183.2112919765</double> 
        </void> 
        <void method="add"> 
         <double>906019.5885075062</double> 
        </void> 
        <void method="add"> 
         <double>908255.2397560155</double> 
        </void> 
        <void method="add"> 
         <double>907513.8282871132</double> 
        </void> 
        <void method="add"> 
         <double>906469.6759265414</double> 
        </void> 
       </object> 
      </void> 
      <void property="stdev"> 
       <double>11589.624245489284</double> 
      </void> 
     </object> 
    </void> 
    <void index="1"> 
     <object class="jmbench.tools.EvaluationMetrics"> 
      <void property="max"> 
       <double>731830.0887435396</double> 
      </void> 
      <void property="mean"> 
       <double>682631.0599942254</double> 
      </void> 
      <void property="median"> 
       <double>673088.2917035917</double> 
      </void> 
      <void property="min"> 
       <double>655921.5010147917</double> 
      </void> 
      <void property="rawResults"> 
       <object class="java.util.ArrayList"> 
        <void method="add"> 
         <double>664191.0656976744</double> 
        </void> 
        <void method="add"> 
         <double>668810.8655041893</double> 
        </void> 
        <void method="add"> 
         <double>669010.441418075</double> 
        </void> 
        <void method="add"> 
         <double>670052.0138207339</double> 
        </void> 
        <void method="add"> 
         <double>670752.3303176116</double> 
        </void> 
        <void method="add"> 
         <double>672266.0925695684</double> 
        </void> 
        <void method="add"> 
         <double>672809.6350025014</double> 
        </void> 
        <void method="add"> 
         <double>673088.2917035917</double> 
        </void> 
        <void method="add"> 
         <double>673499.5245490565</double> 
        </void> 
        <void method="add"> 
         <double>673676.5080117324</double> 
        </void> 
        <void method="add"> 
         <double>673892.553887663</double> 
        </void> 
        <void method="add"> 
         <double>674014.2551786706</double> 
        </void> 
        <void method="add"> 
         <double>674199.2857277013</double> 
        </void> 
        <void method="add"> 
         <double>675607.5543448647</double> 
        </void> 
        <void method="add"> 
         <double>677378.0431339545</double> 
        </void> 
        <void method="add"> 
         <double>720370.234922137</double> 
        </void> 
        <void method="add"> 
         <double>729299.0725858698</double> 
        </void> 
        <void method="add"> 
         <double>730090.4710371586</double> 
        </void> 
        <void method="add"> 
         <double>730521.1560220348</double> 
        </void> 
        <void method="add"> 
         <double>731830.0887435396</double> 
        </void> 
        <void method="add"> 
         <double>655921.5010147917</double> 
        </void> 
        <void method="add"> 
         <double>672203.2917083268</double> 
        </void> 
        <void method="add"> 
         <double>669359.875180211</double> 
        </void> 
        <void method="add"> 
         <double>671926.6763608148</double> 
        </void> 
        <void method="add"> 
         <double>671005.6714131635</double> 
        </void> 
       </object> 
      </void> 
      <void property="stdev"> 
       <double>23314.880799331564</double> 
      </void> 
     </object> 
    </void> 
    <void index="2"> 
     <object class="jmbench.tools.EvaluationMetrics"> 
      <void property="max"> 
       <double>594805.8467386315</double> 
      </void> 
      <void property="mean"> 
       <double>557365.2981782131</double> 
      </void> 
      <void property="median"> 
       <double>540112.9064800987</double> 
      </void> 
      <void property="min"> 
       <double>518466.07903709257</double> 
      </void> 
      <void property="rawResults"> 
       <object class="java.util.ArrayList"> 
        <void method="add"> 
         <double>530516.9342215083</double> 
        </void> 
        <void method="add"> 
         <double>531550.1028844462</double> 
        </void> 
        <void method="add"> 
         <double>531688.7040573561</double> 
        </void> 
        <void method="add"> 
         <double>531808.2857014268</double> 
        </void> 
        <void method="add"> 
         <double>533023.160704303</double> 
        </void> 
        <void method="add"> 
         <double>533434.9922966945</double> 
        </void> 
        <void method="add"> 
         <double>535838.8932118439</double> 
        </void> 
        <void method="add"> 
         <double>539235.0068514162</double> 
        </void> 
        <void method="add"> 
         <double>541424.1888982775</double> 
        </void> 
        <void method="add"> 
         <double>541492.4184925837</double> 
        </void> 
        <void method="add"> 
         <double>590468.3232145318</double> 
        </void> 
        <void method="add"> 
         <double>590755.3082639563</double> 
        </void> 
        <void method="add"> 
         <double>591024.2441919306</double> 
        </void> 
        <void method="add"> 
         <double>591713.833289795</double> 
        </void> 
        <void method="add"> 
         <double>591846.5755220321</double> 
        </void> 
        <void method="add"> 
         <double>591975.4882661463</double> 
        </void> 
        <void method="add"> 
         <double>592419.0074499238</double> 
        </void> 
        <void method="add"> 
         <double>592734.7698365444</double> 
        </void> 
        <void method="add"> 
         <double>592756.1053609306</double> 
        </void> 
        <void method="add"> 
         <double>594805.8467386315</double> 
        </void> 
        <void method="add"> 
         <double>537650.9955574811</double> 
        </void> 
        <void method="add"> 
         <double>532914.2344601398</double> 
        </void> 
        <void method="add"> 
         <double>540112.9064800987</double> 
        </void> 
        <void method="add"> 
         <double>534476.0494662352</double> 
        </void> 
        <void method="add"> 
         <double>518466.07903709257</double> 
        </void> 
       </object> 
      </void> 
      <void property="stdev"> 
       <double>28655.62901656171</double> 
      </void> 
     </object> 
    </void> 
    <void index="3"> 
     <object class="jmbench.tools.EvaluationMetrics"> 
      <void property="max"> 
       <double>476820.3763290167</double> 
      </void> 
      <void property="mean"> 
       <double>451521.3455387921</double> 
      </void> 
      <void property="median"> 
       <double>453973.77417941333</double> 
      </void> 
      <void property="min"> 
       <double>419271.94548587245</double> 
      </void> 
      <void property="rawResults"> 
       <object class="java.util.ArrayList"> 
        <void method="add"> 
         <double>433440.97055062745</double> 
        </void> 
        <void method="add"> 
         <double>434878.83394532936</double> 
        </void> 
        <void method="add"> 
         <double>435240.99288612977</double> 
        </void> 
        <void method="add"> 
         <double>435696.0963502384</double> 
        </void> 
        <void method="add"> 
         <double>435929.9300022377</double> 
        </void> 
        <void method="add"> 
         <double>436256.4010771151</double> 
        </void> 
        <void method="add"> 
         <double>453746.77145397366</double> 
        </void> 
        <void method="add"> 
         <double>453973.77417941333</double> 
        </void> 
        <void method="add"> 
         <double>463143.03149154806</double> 
        </void> 
        <void method="add"> 
         <double>463819.6506196973</double> 
        </void> 
        <void method="add"> 
         <double>468608.66456751904</double> 
        </void> 
        <void method="add"> 
         <double>470092.0082125127</double> 
        </void> 
        <void method="add"> 
         <double>470454.9948491001</double> 
        </void> 
        <void method="add"> 
         <double>471043.6821313068</double> 
        </void> 
        <void method="add"> 
         <double>471754.6708324358</double> 
        </void> 
        <void method="add"> 
         <double>475131.2856120755</double> 
        </void> 
        <void method="add"> 
         <double>475814.5950029094</double> 
        </void> 
        <void method="add"> 
         <double>476259.3336494156</double> 
        </void> 
        <void method="add"> 
         <double>476713.05657524423</double> 
        </void> 
        <void method="add"> 
         <double>476820.3763290167</double> 
        </void> 
        <void method="add"> 
         <double>424975.49040612456</double> 
        </void> 
        <void method="add"> 
         <double>419271.94548587245</double> 
        </void> 
        <void method="add"> 
         <double>419510.30940358486</double> 
        </void> 
        <void method="add"> 
         <double>423897.3702900011</double> 
        </void> 
        <void method="add"> 
         <double>421559.4025663726</double> 
        </void> 
       </object> 
      </void> 
      <void property="stdev"> 
       <double>21112.106980657707</double> 
      </void> 
     </object> 
    </void> 
    <void index="4"> 
     <object class="jmbench.tools.EvaluationMetrics"> 
      <void property="max"> 
       <double>187676.76372842534</double> 
      </void> 
      <void property="mean"> 
       <double>173263.33553126093</double> 
      </void> 
      <void property="median"> 
       <double>169997.51379398676</double> 
      </void> 
      <void property="min"> 
       <double>165421.9754608636</double> 
      </void> 
      <void property="rawResults"> 
       <object class="java.util.ArrayList"> 
        <void method="add"> 
         <double>165421.9754608636</double> 
        </void> 
        <void method="add"> 
         <double>167520.7214397306</double> 
        </void> 
        <void method="add"> 
         <double>167915.94821644571</double> 
        </void> 
        <void method="add"> 
         <double>168047.07363907012</double> 
        </void> 
        <void method="add"> 
         <double>168205.3181668057</double> 
        </void> 
        <void method="add"> 
         <double>168711.77519845788</double> 
        </void> 
        <void method="add"> 
         <double>168993.83145556066</double> 
        </void> 
        <void method="add"> 
         <double>169007.90171895965</double> 
        </void> 
        <void method="add"> 
         <double>169531.1891727442</double> 
        </void> 
        <void method="add"> 
         <double>170927.3824792237</double> 
        </void> 
        <void method="add"> 
         <double>171559.47354207103</double> 
        </void> 
        <void method="add"> 
         <double>171896.08422611936</double> 
        </void> 
        <void method="add"> 
         <double>172889.3838330616</double> 
        </void> 
        <void method="add"> 
         <double>174181.95392251213</double> 
        </void> 
        <void method="add"> 
         <double>174983.3281391833</double> 
        </void> 
        <void method="add"> 
         <double>187324.44934523045</double> 
        </void> 
        <void method="add"> 
         <double>187338.73193376776</double> 
        </void> 
        <void method="add"> 
         <double>187454.79850289522</double> 
        </void> 
        <void method="add"> 
         <double>187664.05923502432</double> 
        </void> 
        <void method="add"> 
         <double>187676.76372842534</double> 
        </void> 
        <void method="add"> 
         <double>168117.37177144882</double> 
        </void> 
        <void method="add"> 
         <double>169997.51379398676</double> 
        </void> 
        <void method="add"> 
         <double>168443.33234765768</double> 
        </void> 
        <void method="add"> 
         <double>167633.2993363351</double> 
        </void> 
        <void method="add"> 
         <double>170139.72767594198</double> 
        </void> 
       </object> 
      </void> 
      <void property="stdev"> 
       <double>7416.72859729188</double> 
      </void> 
     </object> 
    </void> 
    <void index="5"> 
     <object class="jmbench.tools.EvaluationMetrics"> 
      <void property="max"> 
       <double>62380.95974902814</double> 
      </void> 
      <void property="mean"> 
       <double>58579.58496757523</double> 
      </void> 
      <void property="median"> 
       <double>60155.96458315326</double> 
      </void> 
      <void property="min"> 
       <double>53994.572326175585</double> 
      </void> 
      <void property="rawResults"> 
       <object class="java.util.ArrayList"> 
        <void method="add"> 
         <double>53994.572326175585</double> 
        </void> 
        <void method="add"> 
         <double>54312.75033864206</double> 
        </void> 
        <void method="add"> 
         <double>54352.60295833222</double> 
        </void> 
        <void method="add"> 
         <double>54504.20748043282</double> 
        </void> 
        <void method="add"> 
         <double>54531.40343305557</double> 
        </void> 
        <void method="add"> 
         <double>55001.879149098626</double> 
        </void> 
        <void method="add"> 
         <double>55045.990677226335</double> 
        </void> 
        <void method="add"> 
         <double>55117.48422785997</double> 
        </void> 
        <void method="add"> 
         <double>55143.40894913918</double> 
        </void> 
        <void method="add"> 
         <double>55900.27071908658</double> 
        </void> 
        <void method="add"> 
         <double>57563.59695440963</double> 
        </void> 
        <void method="add"> 
         <double>60131.52911001958</double> 
        </void> 
        <void method="add"> 
         <double>60155.96458315326</double> 
        </void> 
        <void method="add"> 
         <double>60204.6583739322</double> 
        </void> 
        <void method="add"> 
         <double>60556.32451881707</double> 
        </void> 
        <void method="add"> 
         <double>60575.11315298029</double> 
        </void> 
        <void method="add"> 
         <double>60772.61985461884</double> 
        </void> 
        <void method="add"> 
         <double>60859.59750213496</double> 
        </void> 
        <void method="add"> 
         <double>62204.28416713555</double> 
        </void> 
        <void method="add"> 
         <double>62335.79062251675</double> 
        </void> 
        <void method="add"> 
         <double>62181.02681524421</double> 
        </void> 
        <void method="add"> 
         <double>62152.597121489285</double> 
        </void> 
        <void method="add"> 
         <double>62380.95974902814</double> 
        </void> 
        <void method="add"> 
         <double>62192.6348656549</double> 
        </void> 
        <void method="add"> 
         <double>62318.3565391978</double> 
        </void> 
       </object> 
      </void> 
      <void property="stdev"> 
       <double>3269.7517784445977</double> 
      </void> 
     </object> 
    </void> 
    <void index="6"> 
     <object class="jmbench.tools.EvaluationMetrics"> 
      <void property="max"> 
       <double>9775.363140649624</double> 
      </void> 
      <void property="mean"> 
       <double>9103.106266619154</double> 
      </void> 
      <void property="median"> 
       <double>8848.483310777554</double> 
      </void> 
      <void property="min"> 
       <double>8278.30445419395</double> 
      </void> 
      <void property="rawResults"> 
       <object class="java.util.ArrayList"> 
        <void method="add"> 
         <double>8278.30445419395</double> 
        </void> 
        <void method="add"> 
         <double>8586.09766968428</double> 
        </void> 
        <void method="add"> 
         <double>8746.610987162792</double> 
        </void> 
        <void method="add"> 
         <double>8765.514368253838</double> 
        </void> 
        <void method="add"> 
         <double>8781.526760529898</double> 
        </void> 
        <void method="add"> 
         <double>8782.526028434106</double> 
        </void> 
        <void method="add"> 
         <double>8786.299423984796</double> 
        </void> 
        <void method="add"> 
         <double>8793.635157735733</double> 
        </void> 
        <void method="add"> 
         <double>8804.986621760707</double> 
        </void> 
        <void method="add"> 
         <double>8805.206953459923</double> 
        </void> 
        <void method="add"> 
         <double>8808.642146305252</double> 
        </void> 
        <void method="add"> 
         <double>8839.926204017627</double> 
        </void> 
        <void method="add"> 
         <double>8848.483310777554</double> 
        </void> 
        <void method="add"> 
         <double>8854.85892190953</double> 
        </void> 
        <void method="add"> 
         <double>8918.102746715256</double> 
        </void> 
        <void method="add"> 
         <double>9727.741914735549</double> 
        </void> 
        <void method="add"> 
         <double>9746.82252439098</double> 
        </void> 
        <void method="add"> 
         <double>9752.4784801392</double> 
        </void> 
        <void method="add"> 
         <double>9763.636204401408</double> 
        </void> 
        <void method="add"> 
         <double>9775.363140649624</double> 
        </void> 
        <void method="add"> 
         <double>9727.93820759195</double> 
        </void> 
        <void method="add"> 
         <double>9301.148188403393</double> 
        </void> 
        <void method="add"> 
         <double>9003.928636322702</double> 
        </void> 
        <void method="add"> 
         <double>9692.20199769064</double> 
        </void> 
        <void method="add"> 
         <double>9685.67561622816</double> 
        </void> 
       </object> 
      </void> 
      <void property="stdev"> 
       <double>461.5452940935251</double> 
      </void> 
     </object> 
    </void> 
    <void index="7"> 
     <object class="jmbench.tools.EvaluationMetrics"> 
      <void property="max"> 
       <double>1938.2784063830643</double> 
      </void> 
      <void property="mean"> 
       <double>1826.1695292115596</double> 
      </void> 
      <void property="median"> 
       <double>1799.0399136818376</double> 
      </void> 
      <void property="min"> 
       <double>1729.342333700008</double> 
      </void> 
      <void property="rawResults"> 
       <object class="java.util.ArrayList"> 
        <void method="add"> 
         <double>1729.342333700008</double> 
        </void> 
        <void method="add"> 
         <double>1741.8923231929452</double> 
        </void> 
        <void method="add"> 
         <double>1749.9543364440085</double> 
        </void> 
        <void method="add"> 
         <double>1750.1536713156552</double> 
        </void> 
        <void method="add"> 
         <double>1760.0886024695665</double> 
        </void> 
        <void method="add"> 
         <double>1768.5501920322347</double> 
        </void> 
        <void method="add"> 
         <double>1773.4412919229062</double> 
        </void> 
        <void method="add"> 
         <double>1777.021440144804</double> 
        </void> 
        <void method="add"> 
         <double>1778.8460003835148</double> 
        </void> 
        <void method="add"> 
         <double>1780.2071002928508</double> 
        </void> 
        <void method="add"> 
         <double>1790.5541698709799</double> 
        </void> 
        <void method="add"> 
         <double>1792.4411185560066</double> 
        </void> 
        <void method="add"> 
         <double>1799.0399136818376</double> 
        </void> 
        <void method="add"> 
         <double>1800.678457751385</double> 
        </void> 
        <void method="add"> 
         <double>1802.3877568579835</double> 
        </void> 
        <void method="add"> 
         <double>1803.20173965672</double> 
        </void> 
        <void method="add"> 
         <double>1881.5172667206211</double> 
        </void> 
        <void method="add"> 
         <double>1932.6809630506364</double> 
        </void> 
        <void method="add"> 
         <double>1936.7691160220804</double> 
        </void> 
        <void method="add"> 
         <double>1938.2784063830643</double> 
        </void> 
        <void method="add"> 
         <double>1865.4944449498134</double> 
        </void> 
        <void method="add"> 
         <double>1895.6718703341583</double> 
        </void> 
        <void method="add"> 
         <double>1937.3219800179952</double> 
        </void> 
        <void method="add"> 
         <double>1934.4364888987209</double> 
        </void> 
        <void method="add"> 
         <double>1934.2672456384882</double> 
        </void> 
       </object> 
      </void> 
      <void property="stdev"> 
       <double>72.53476153364096</double> 
      </void> 
     </object> 
    </void> 
    <void index="8"> 
     <object class="jmbench.tools.EvaluationMetrics"> 
      <void property="max"> 
       <double>295.50053187843974</double> 
      </void> 
      <void property="mean"> 
       <double>287.11083045796966</double> 
      </void> 
      <void property="median"> 
       <double>286.6218062457433</double> 
      </void> 
      <void property="min"> 
       <double>280.282486277064</double> 
      </void> 
      <void property="rawResults"> 
       <object class="java.util.ArrayList"> 
        <void method="add"> 
         <double>280.282486277064</double> 
        </void> 
        <void method="add"> 
         <double>281.01713283527704</double> 
        </void> 
        <void method="add"> 
         <double>281.2065294548848</double> 
        </void> 
        <void method="add"> 
         <double>282.27316108965516</double> 
        </void> 
        <void method="add"> 
         <double>283.49770456644814</double> 
        </void> 
        <void method="add"> 
         <double>284.8982387330757</double> 
        </void> 
        <void method="add"> 
         <double>285.47034408557715</double> 
        </void> 
        <void method="add"> 
         <double>286.36684372318064</double> 
        </void> 
        <void method="add"> 
         <double>286.44931494192434</double> 
        </void> 
        <void method="add"> 
         <double>286.6218062457433</double> 
        </void> 
        <void method="add"> 
         <double>286.6454513316546</double> 
        </void> 
        <void method="add"> 
         <double>287.1476816070392</double> 
        </void> 
        <void method="add"> 
         <double>287.43798974493114</double> 
        </void> 
        <void method="add"> 
         <double>287.881423001788</double> 
        </void> 
        <void method="add"> 
         <double>288.02814055232966</double> 
        </void> 
        <void method="add"> 
         <double>290.85187136214057</double> 
        </void> 
        <void method="add"> 
         <double>292.0989080128782</double> 
        </void> 
        <void method="add"> 
         <double>293.09532054791157</double> 
        </void> 
        <void method="add"> 
         <double>293.72958100887314</double> 
        </void> 
        <void method="add"> 
         <double>294.79899813955126</double> 
        </void> 
        <void method="add"> 
         <double>284.78051002458596</double> 
        </void> 
        <void method="add"> 
         <double>290.42306229116326</double> 
        </void> 
        <void method="add"> 
         <double>282.9771872939685</double> 
        </void> 
        <void method="add"> 
         <double>284.2905426991572</double> 
        </void> 
        <void method="add"> 
         <double>295.50053187843974</double> 
        </void> 
       </object> 
      </void> 
      <void property="stdev"> 
       <double>4.266571407065001</double> 
      </void> 
     </object> 
    </void> 
    <void index="9"> 
     <object class="jmbench.tools.EvaluationMetrics"> 
      <void property="max"> 
       <double>21.69553230411921</double> 
      </void> 
      <void property="mean"> 
       <double>21.52327303651837</double> 
      </void> 
      <void property="median"> 
       <double>21.573540595449103</double> 
      </void> 
      <void property="min"> 
       <double>20.68491139688691</double> 
      </void> 
      <void property="rawResults"> 
       <object class="java.util.ArrayList"> 
        <void method="add"> 
         <double>20.68491139688691</double> 
        </void> 
        <void method="add"> 
         <double>21.15506376854149</double> 
        </void> 
        <void method="add"> 
         <double>21.518881879362084</double> 
        </void> 
        <void method="add"> 
         <double>21.527855991284575</double> 
        </void> 
        <void method="add"> 
         <double>21.536613811178825</double> 
        </void> 
        <void method="add"> 
         <double>21.54390646430485</double> 
        </void> 
        <void method="add"> 
         <double>21.555894631767888</double> 
        </void> 
        <void method="add"> 
         <double>21.573540595449103</double> 
        </void> 
        <void method="add"> 
         <double>21.578741208447354</double> 
        </void> 
        <void method="add"> 
         <double>21.59133118708991</double> 
        </void> 
        <void method="add"> 
         <double>21.595680950724166</double> 
        </void> 
        <void method="add"> 
         <double>21.597406079949824</double> 
        </void> 
        <void method="add"> 
         <double>21.611079917372745</double> 
        </void> 
        <void method="add"> 
         <double>21.617182888607996</double> 
        </void> 
        <void method="add"> 
         <double>21.62514976705405</double> 
        </void> 
        <void method="add"> 
         <double>21.62637638144601</double> 
        </void> 
        <void method="add"> 
         <double>21.639929192473755</double> 
        </void> 
        <void method="add"> 
         <double>21.64535791535741</double> 
        </void> 
        <void method="add"> 
         <double>21.648532203588314</double> 
        </void> 
        <void method="add"> 
         <double>21.69553230411921</double> 
        </void> 
        <void method="add"> 
         <double>21.550300382008903</double> 
        </void> 
        <void method="add"> 
         <double>21.466093598761155</double> 
        </void> 
        <void method="add"> 
         <double>21.51475400073305</double> 
        </void> 
        <void method="add"> 
         <double>21.46601982957201</double> 
        </void> 
        <void method="add"> 
         <double>21.515689566877615</double> 
        </void> 
       </object> 
      </void> 
      <void property="stdev"> 
       <double>0.19798315985256013</double> 
      </void> 
     </object> 
    </void> 
    <void index="10"> 
     <object class="jmbench.tools.EvaluationMetrics"> 
      <void property="max"> 
       <double>2.873427299407916</double> 
      </void> 
      <void property="mean"> 
       <double>2.8257390596665273</double> 
      </void> 
      <void property="median"> 
       <double>2.831952182177777</double> 
      </void> 
      <void property="min"> 
       <double>2.6781758898901575</double> 
      </void> 
      <void property="rawResults"> 
       <object class="java.util.ArrayList"> 
        <void method="add"> 
         <double>2.6781758898901575</double> 
        </void> 
        <void method="add"> 
         <double>2.7655038171639243</double> 
        </void> 
        <void method="add"> 
         <double>2.7677469162378916</double> 
        </void> 
        <void method="add"> 
         <double>2.784420355431871</double> 
        </void> 
        <void method="add"> 
         <double>2.79322651793256</double> 
        </void> 
        <void method="add"> 
         <double>2.80037393542513</double> 
        </void> 
        <void method="add"> 
         <double>2.803239458153423</double> 
        </void> 
        <void method="add"> 
         <double>2.808858943739399</double> 
        </void> 
        <void method="add"> 
         <double>2.81232660073032</double> 
        </void> 
        <void method="add"> 
         <double>2.8163347804040075</double> 
        </void> 
        <void method="add"> 
         <double>2.8310625490200247</double> 
        </void> 
        <void method="add"> 
         <double>2.831952182177777</double> 
        </void> 
        <void method="add"> 
         <double>2.85020166962939</double> 
        </void> 
        <void method="add"> 
         <double>2.8561159102927456</double> 
        </void> 
        <void method="add"> 
         <double>2.8615246398755185</double> 
        </void> 
        <void method="add"> 
         <double>2.8669962472322013</double> 
        </void> 
        <void method="add"> 
         <double>2.868029055057819</double> 
        </void> 
        <void method="add"> 
         <double>2.870638252484496</double> 
        </void> 
        <void method="add"> 
         <double>2.8731807706928096</double> 
        </void> 
        <void method="add"> 
         <double>2.873427299407916</double> 
        </void> 
        <void method="add"> 
         <double>2.7932855517113966</double> 
        </void> 
        <void method="add"> 
         <double>2.8714598987689213</double> 
        </void> 
        <void method="add"> 
         <double>2.86711706225588</double> 
        </void> 
        <void method="add"> 
         <double>2.859959173339211</double> 
        </void> 
        <void method="add"> 
         <double>2.8383190146083748</double> 
        </void> 
       </object> 
      </void> 
      <void property="stdev"> 
       <double>0.04574653500091871</double> 
      </void> 
     </object> 
    </void> 
    <void index="11"> 
     <object class="jmbench.tools.EvaluationMetrics"> 
      <void property="max"> 
       <double>0.3749604172801148</double> 
      </void> 
      <void property="mean"> 
       <double>0.319039737470418</double> 
      </void> 
      <void property="median"> 
       <double>0.36781492861036463</double> 
      </void> 
      <void property="min"> 
       <double>0.23305258753588437</double> 
      </void> 
      <void property="rawResults"> 
       <object class="java.util.ArrayList"> 
        <void method="add"> 
         <double>0.23305258753588437</double> 
        </void> 
        <void method="add"> 
         <double>0.233667007186948</double> 
        </void> 
        <void method="add"> 
         <double>0.23540059908637984</double> 
        </void> 
        <void method="add"> 
         <double>0.23672395489823572</double> 
        </void> 
        <void method="add"> 
         <double>0.24840825017345705</double> 
        </void> 
        <void method="add"> 
         <double>0.2486275041991582</double> 
        </void> 
        <void method="add"> 
         <double>0.2490061747104479</double> 
        </void> 
        <void method="add"> 
         <double>0.24950225640920992</double> 
        </void> 
        <void method="add"> 
         <double>0.36661258781492395</double> 
        </void> 
        <void method="add"> 
         <double>0.36781492861036463</double> 
        </void> 
        <void method="add"> 
         <double>0.36838276213235166</double> 
        </void> 
        <void method="add"> 
         <double>0.36871378956816453</double> 
        </void> 
        <void method="add"> 
         <double>0.3688520826436587</double> 
        </void> 
        <void method="add"> 
         <double>0.3690635528260978</double> 
        </void> 
        <void method="add"> 
         <double>0.37157575178762076</double> 
        </void> 
        <void method="add"> 
         <double>0.3718861162681277</double> 
        </void> 
        <void method="add"> 
         <double>0.37238556720970184</double> 
        </void> 
        <void method="add"> 
         <double>0.37240388239083866</double> 
        </void> 
        <void method="add"> 
         <double>0.3733256176883507</double> 
        </void> 
        <void method="add"> 
         <double>0.3749604172801148</double> 
        </void> 
        <void method="add"> 
         <double>0.2379273099629054</double> 
        </void> 
        <void method="add"> 
         <double>0.24941640116311548</double> 
        </void> 
        <void method="add"> 
         <double>0.3671665998645591</double> 
        </void> 
        <void method="add"> 
         <double>0.3700828840236144</double> 
        </void> 
        <void method="add"> 
         <double>0.3710348513262182</double> 
        </void> 
       </object> 
      </void> 
      <void property="stdev"> 
       <double>0.06294146988047371</double> 
      </void> 
     </object> 
    </void> 
   </array> 
  </void> 
  <void property="opName"> 
   <string>Cholesky</string> 
  </void> 
 </object> 
</java> 
