<?xml version="1.0" encoding="UTF-8"?> 
<java version="1.6.0_16" class="java.beans.XMLDecoder"> 
 <object class="jmbench.tools.runtime.OperationResults"> 
  <void property="library"> 
   <object class="jmbench.impl.MatrixLibrary" method="valueOf"> 
    <string>UJMP</string> 
   </object> 
  </void> 
  <void property="matDimen"> 
   <array class="int" length="12"> 
    <void index="0"> 
     <int>2</int> 
    </void> 
    <void index="1"> 
     <int>3</int> 
    </void> 
    <void index="2"> 
     <int>4</int> 
    </void> 
    <void index="3"> 
     <int>5</int> 
    </void> 
    <void index="4"> 
     <int>10</int> 
    </void> 
    <void index="5"> 
     <int>20</int> 
    </void> 
    <void index="6"> 
     <int>50</int> 
    </void> 
    <void index="7"> 
     <int>100</int> 
    </void> 
    <void index="8"> 
     <int>200</int> 
    </void> 
    <void index="9"> 
     <int>500</int> 
    </void> 
    <void index="10"> 
     <int>1000</int> 
    </void> 
    <void index="11"> 
     <int>2000</int> 
    </void> 
   </array> 
  </void> 
  <void property="metrics"> 
   <array class="jmbench.tools.EvaluationMetrics" length="12"> 
    <void index="0"> 
     <object class="jmbench.tools.EvaluationMetrics"> 
      <void property="max"> 
       <double>12575.590474012994</double> 
      </void> 
      <void property="mean"> 
       <double>12489.93893013725</double> 
      </void> 
      <void property="median"> 
       <double>12529.95014601802</double> 
      </void> 
      <void property="min"> 
       <double>12135.238980745184</double> 
      </void> 
      <void property="rawResults"> 
       <object class="java.util.ArrayList"> 
        <void method="add"> 
         <double>12135.238980745184</double> 
        </void> 
        <void method="add"> 
         <double>12326.845577082182</double> 
        </void> 
        <void method="add"> 
         <double>12350.78143537062</double> 
        </void> 
        <void method="add"> 
         <double>12352.510613227914</double> 
        </void> 
        <void method="add"> 
         <double>12357.39828946374</double> 
        </void> 
        <void method="add"> 
         <double>12514.13799518912</double> 
        </void> 
        <void method="add"> 
         <double>12529.791332723918</double> 
        </void> 
        <void method="add"> 
         <double>12529.95014601802</double> 
        </void> 
        <void method="add"> 
         <double>12531.874765254992</double> 
        </void> 
        <void method="add"> 
         <double>12548.860031131273</double> 
        </void> 
        <void method="add"> 
         <double>12552.165919142024</double> 
        </void> 
        <void method="add"> 
         <double>12552.784960159785</double> 
        </void> 
        <void method="add"> 
         <double>12553.327628613311</double> 
        </void> 
        <void method="add"> 
         <double>12555.573408832206</double> 
        </void> 
        <void method="add"> 
         <double>12556.850785877112</double> 
        </void> 
        <void method="add"> 
         <double>12558.093241555203</double> 
        </void> 
        <void method="add"> 
         <double>12561.126973596229</double> 
        </void> 
        <void method="add"> 
         <double>12565.741803988914</double> 
        </void> 
        <void method="add"> 
         <double>12569.44418484556</double> 
        </void> 
        <void method="add"> 
         <double>12575.590474012994</double> 
        </void> 
        <void method="add"> 
         <double>12480.939264629054</double> 
        </void> 
        <void method="add"> 
         <double>12489.832384808236</double> 
        </void> 
        <void method="add"> 
         <double>12504.327078668817</double> 
        </void> 
        <void method="add"> 
         <double>12492.77314154255</double> 
        </void> 
        <void method="add"> 
         <double>12502.512836952303</double> 
        </void> 
       </object> 
      </void> 
      <void property="stdev"> 
       <double>103.42730208468359</double> 
      </void> 
     </object> 
    </void> 
    <void index="1"> 
     <object class="jmbench.tools.EvaluationMetrics"> 
      <void property="max"> 
       <double>12481.150303848117</double> 
      </void> 
      <void property="mean"> 
       <double>12394.438684641858</double> 
      </void> 
      <void property="median"> 
       <double>12437.740065705053</double> 
      </void> 
      <void property="min"> 
       <double>12237.753940636176</double> 
      </void> 
      <void property="rawResults"> 
       <object class="java.util.ArrayList"> 
        <void method="add"> 
         <double>12237.753940636176</double> 
        </void> 
        <void method="add"> 
         <double>12287.84350268617</double> 
        </void> 
        <void method="add"> 
         <double>12292.189249428455</double> 
        </void> 
        <void method="add"> 
         <double>12300.313514334746</double> 
        </void> 
        <void method="add"> 
         <double>12307.804730645576</double> 
        </void> 
        <void method="add"> 
         <double>12311.88665592465</double> 
        </void> 
        <void method="add"> 
         <double>12406.20406959603</double> 
        </void> 
        <void method="add"> 
         <double>12437.740065705053</double> 
        </void> 
        <void method="add"> 
         <double>12453.940731150413</double> 
        </void> 
        <void method="add"> 
         <double>12457.889040616494</double> 
        </void> 
        <void method="add"> 
         <double>12457.954283534496</double> 
        </void> 
        <void method="add"> 
         <double>12461.078652245997</double> 
        </void> 
        <void method="add"> 
         <double>12461.814585647571</double> 
        </void> 
        <void method="add"> 
         <double>12462.023299840905</double> 
        </void> 
        <void method="add"> 
         <double>12462.543141620607</double> 
        </void> 
        <void method="add"> 
         <double>12471.34214000307</double> 
        </void> 
        <void method="add"> 
         <double>12472.01763366514</double> 
        </void> 
        <void method="add"> 
         <double>12477.443738402495</double> 
        </void> 
        <void method="add"> 
         <double>12480.325753992573</double> 
        </void> 
        <void method="add"> 
         <double>12481.150303848117</double> 
        </void> 
        <void method="add"> 
         <double>12399.319011870684</double> 
        </void> 
        <void method="add"> 
         <double>12362.972475476974</double> 
        </void> 
        <void method="add"> 
         <double>12317.694317272926</double> 
        </void> 
        <void method="add"> 
         <double>12257.266031280033</double> 
        </void> 
        <void method="add"> 
         <double>12342.456246621108</double> 
        </void> 
       </object> 
      </void> 
      <void property="stdev"> 
       <double>80.86728207910929</double> 
      </void> 
     </object> 
    </void> 
    <void index="2"> 
     <object class="jmbench.tools.EvaluationMetrics"> 
      <void property="max"> 
       <double>12418.034450479783</double> 
      </void> 
      <void property="mean"> 
       <double>12265.53352912293</double> 
      </void> 
      <void property="median"> 
       <double>12322.738324959797</double> 
      </void> 
      <void property="min"> 
       <double>12005.386516920415</double> 
      </void> 
      <void property="rawResults"> 
       <object class="java.util.ArrayList"> 
        <void method="add"> 
         <double>12005.386516920415</double> 
        </void> 
        <void method="add"> 
         <double>12011.405891717632</double> 
        </void> 
        <void method="add"> 
         <double>12012.728116643959</double> 
        </void> 
        <void method="add"> 
         <double>12013.44580696045</double> 
        </void> 
        <void method="add"> 
         <double>12020.3954155648</double> 
        </void> 
        <void method="add"> 
         <double>12315.002160481754</double> 
        </void> 
        <void method="add"> 
         <double>12322.19390671901</double> 
        </void> 
        <void method="add"> 
         <double>12322.738324959797</double> 
        </void> 
        <void method="add"> 
         <double>12323.257692677356</double> 
        </void> 
        <void method="add"> 
         <double>12323.569634158122</double> 
        </void> 
        <void method="add"> 
         <double>12357.369640815306</double> 
        </void> 
        <void method="add"> 
         <double>12371.908215599318</double> 
        </void> 
        <void method="add"> 
         <double>12372.490816710699</double> 
        </void> 
        <void method="add"> 
         <double>12377.495364730985</double> 
        </void> 
        <void method="add"> 
         <double>12382.993191412796</double> 
        </void> 
        <void method="add"> 
         <double>12389.709927505153</double> 
        </void> 
        <void method="add"> 
         <double>12399.433175012784</double> 
        </void> 
        <void method="add"> 
         <double>12402.1899550138</double> 
        </void> 
        <void method="add"> 
         <double>12407.043758481228</double> 
        </void> 
        <void method="add"> 
         <double>12418.034450479783</double> 
        </void> 
        <void method="add"> 
         <double>12297.635673106519</double> 
        </void> 
        <void method="add"> 
         <double>12242.848727911654</double> 
        </void> 
        <void method="add"> 
         <double>12049.202265437807</double> 
        </void> 
        <void method="add"> 
         <double>12202.087895789742</double> 
        </void> 
        <void method="add"> 
         <double>12297.77170326242</double> 
        </void> 
       </object> 
      </void> 
      <void property="stdev"> 
       <double>147.19716129276856</double> 
      </void> 
     </object> 
    </void> 
    <void index="3"> 
     <object class="jmbench.tools.EvaluationMetrics"> 
      <void property="max"> 
       <double>12300.3202054412</double> 
      </void> 
      <void property="mean"> 
       <double>12159.239056097389</double> 
      </void> 
      <void property="median"> 
       <double>12196.484162497512</double> 
      </void> 
      <void property="min"> 
       <double>11731.422885520355</double> 
      </void> 
      <void property="rawResults"> 
       <object class="java.util.ArrayList"> 
        <void method="add"> 
         <double>11731.422885520355</double> 
        </void> 
        <void method="add"> 
         <double>11921.679313201492</double> 
        </void> 
        <void method="add"> 
         <double>11930.742689927809</double> 
        </void> 
        <void method="add"> 
         <double>11973.717876037806</double> 
        </void> 
        <void method="add"> 
         <double>12022.124977133544</double> 
        </void> 
        <void method="add"> 
         <double>12103.13480259597</double> 
        </void> 
        <void method="add"> 
         <double>12105.408567952205</double> 
        </void> 
        <void method="add"> 
         <double>12156.509808402241</double> 
        </void> 
        <void method="add"> 
         <double>12170.10563562927</double> 
        </void> 
        <void method="add"> 
         <double>12173.969187523298</double> 
        </void> 
        <void method="add"> 
         <double>12190.655137661253</double> 
        </void> 
        <void method="add"> 
         <double>12191.459649611854</double> 
        </void> 
        <void method="add"> 
         <double>12196.484162497512</double> 
        </void> 
        <void method="add"> 
         <double>12197.419544378054</double> 
        </void> 
        <void method="add"> 
         <double>12202.973431614393</double> 
        </void> 
        <void method="add"> 
         <double>12245.933916188047</double> 
        </void> 
        <void method="add"> 
         <double>12250.293707379695</double> 
        </void> 
        <void method="add"> 
         <double>12253.713939160223</double> 
        </void> 
        <void method="add"> 
         <double>12256.68733998273</double> 
        </void> 
        <void method="add"> 
         <double>12259.898183051764</double> 
        </void> 
        <void method="add"> 
         <double>12279.628390619207</double> 
        </void> 
        <void method="add"> 
         <double>12276.77914365852</double> 
        </void> 
        <void method="add"> 
         <double>12294.382909149545</double> 
        </void> 
        <void method="add"> 
         <double>12300.3202054412</double> 
        </void> 
        <void method="add"> 
         <double>12295.530998116723</double> 
        </void> 
       </object> 
      </void> 
      <void property="stdev"> 
       <double>139.63872834087113</double> 
      </void> 
     </object> 
    </void> 
    <void index="4"> 
     <object class="jmbench.tools.EvaluationMetrics"> 
      <void property="max"> 
       <double>11544.738359729205</double> 
      </void> 
      <void property="mean"> 
       <double>11396.167208538212</double> 
      </void> 
      <void property="median"> 
       <double>11390.398490288075</double> 
      </void> 
      <void property="min"> 
       <double>11139.987682304234</double> 
      </void> 
      <void property="rawResults"> 
       <object class="java.util.ArrayList"> 
        <void method="add"> 
         <double>11139.987682304234</double> 
        </void> 
        <void method="add"> 
         <double>11327.49116880385</double> 
        </void> 
        <void method="add"> 
         <double>11370.844250429693</double> 
        </void> 
        <void method="add"> 
         <double>11372.649532364185</double> 
        </void> 
        <void method="add"> 
         <double>11376.556460207748</double> 
        </void> 
        <void method="add"> 
         <double>11379.111525673516</double> 
        </void> 
        <void method="add"> 
         <double>11381.766530292978</double> 
        </void> 
        <void method="add"> 
         <double>11390.398490288075</double> 
        </void> 
        <void method="add"> 
         <double>11404.272775392536</double> 
        </void> 
        <void method="add"> 
         <double>11407.416184353853</double> 
        </void> 
        <void method="add"> 
         <double>11410.5776710128</double> 
        </void> 
        <void method="add"> 
         <double>11414.081442080986</double> 
        </void> 
        <void method="add"> 
         <double>11431.409488839472</double> 
        </void> 
        <void method="add"> 
         <double>11465.468365266679</double> 
        </void> 
        <void method="add"> 
         <double>11471.543641718212</double> 
        </void> 
        <void method="add"> 
         <double>11520.181705759349</double> 
        </void> 
        <void method="add"> 
         <double>11523.151467304308</double> 
        </void> 
        <void method="add"> 
         <double>11532.109296751034</double> 
        </void> 
        <void method="add"> 
         <double>11534.31697790058</double> 
        </void> 
        <void method="add"> 
         <double>11544.738359729205</double> 
        </void> 
        <void method="add"> 
         <double>11311.383615250437</double> 
        </void> 
        <void method="add"> 
         <double>11296.133301049105</double> 
        </void> 
        <void method="add"> 
         <double>11300.233669252188</double> 
        </void> 
        <void method="add"> 
         <double>11296.115947271279</double> 
        </void> 
        <void method="add"> 
         <double>11302.240664159028</double> 
        </void> 
       </object> 
      </void> 
      <void property="stdev"> 
       <double>94.0800175375364</double> 
      </void> 
     </object> 
    </void> 
    <void index="5"> 
     <object class="jmbench.tools.EvaluationMetrics"> 
      <void property="max"> 
       <double>9472.594779752566</double> 
      </void> 
      <void property="mean"> 
       <double>9280.840363762121</double> 
      </void> 
      <void property="median"> 
       <double>9336.3428774468</double> 
      </void> 
      <void property="min"> 
       <double>8840.990350544651</double> 
      </void> 
      <void property="rawResults"> 
       <object class="java.util.ArrayList"> 
        <void method="add"> 
         <double>8840.990350544651</double> 
        </void> 
        <void method="add"> 
         <double>8907.361434132865</double> 
        </void> 
        <void method="add"> 
         <double>9052.1566192004</double> 
        </void> 
        <void method="add"> 
         <double>9076.017299787854</double> 
        </void> 
        <void method="add"> 
         <double>9090.471397037278</double> 
        </void> 
        <void method="add"> 
         <double>9127.26007694063</double> 
        </void> 
        <void method="add"> 
         <double>9243.656424875404</double> 
        </void> 
        <void method="add"> 
         <double>9244.879675002318</double> 
        </void> 
        <void method="add"> 
         <double>9314.207242030234</double> 
        </void> 
        <void method="add"> 
         <double>9315.658426745369</double> 
        </void> 
        <void method="add"> 
         <double>9325.622424506939</double> 
        </void> 
        <void method="add"> 
         <double>9332.647273020406</double> 
        </void> 
        <void method="add"> 
         <double>9336.3428774468</double> 
        </void> 
        <void method="add"> 
         <double>9345.639776351298</double> 
        </void> 
        <void method="add"> 
         <double>9354.573284393386</double> 
        </void> 
        <void method="add"> 
         <double>9377.36391239032</double> 
        </void> 
        <void method="add"> 
         <double>9381.188448222712</double> 
        </void> 
        <void method="add"> 
         <double>9453.265204256208</double> 
        </void> 
        <void method="add"> 
         <double>9470.121345740466</double> 
        </void> 
        <void method="add"> 
         <double>9472.594779752566</double> 
        </void> 
        <void method="add"> 
         <double>9401.011989166855</double> 
        </void> 
        <void method="add"> 
         <double>9394.521221945975</double> 
        </void> 
        <void method="add"> 
         <double>9421.736326398775</double> 
        </void> 
        <void method="add"> 
         <double>9379.2880260504</double> 
        </void> 
        <void method="add"> 
         <double>9362.433258112902</double> 
        </void> 
       </object> 
      </void> 
      <void property="stdev"> 
       <double>166.69935820576507</double> 
      </void> 
     </object> 
    </void> 
    <void index="6"> 
     <object class="jmbench.tools.EvaluationMetrics"> 
      <void property="max"> 
       <double>4009.0755859283336</double> 
      </void> 
      <void property="mean"> 
       <double>3885.3779760870175</double> 
      </void> 
      <void property="median"> 
       <double>3838.298979589968</double> 
      </void> 
      <void property="min"> 
       <double>3679.4924889229137</double> 
      </void> 
      <void property="rawResults"> 
       <object class="java.util.ArrayList"> 
        <void method="add"> 
         <double>3801.907883308924</double> 
        </void> 
        <void method="add"> 
         <double>3816.5177401265278</double> 
        </void> 
        <void method="add"> 
         <double>3818.242050839119</double> 
        </void> 
        <void method="add"> 
         <double>3828.8324065823595</double> 
        </void> 
        <void method="add"> 
         <double>3828.969677212841</double> 
        </void> 
        <void method="add"> 
         <double>3830.251510307088</double> 
        </void> 
        <void method="add"> 
         <double>3834.838555539096</double> 
        </void> 
        <void method="add"> 
         <double>3838.298979589968</double> 
        </void> 
        <void method="add"> 
         <double>3842.007071672457</double> 
        </void> 
        <void method="add"> 
         <double>3853.5052635244583</double> 
        </void> 
        <void method="add"> 
         <double>3901.7647075559476</double> 
        </void> 
        <void method="add"> 
         <double>3991.4280817320036</double> 
        </void> 
        <void method="add"> 
         <double>3996.455207306696</double> 
        </void> 
        <void method="add"> 
         <double>3997.6943333960385</double> 
        </void> 
        <void method="add"> 
         <double>3999.1019877230933</double> 
        </void> 
        <void method="add"> 
         <double>4001.161057042141</double> 
        </void> 
        <void method="add"> 
         <double>4002.9760309676085</double> 
        </void> 
        <void method="add"> 
         <double>4004.044836836211</double> 
        </void> 
        <void method="add"> 
         <double>4007.6578714337393</double> 
        </void> 
        <void method="add"> 
         <double>4009.0755859283336</double> 
        </void> 
        <void method="add"> 
         <double>3679.4924889229137</double> 
        </void> 
        <void method="add"> 
         <double>3751.3581545993547</double> 
        </void> 
        <void method="add"> 
         <double>3831.7214681485348</double> 
        </void> 
        <void method="add"> 
         <double>3836.377653455374</double> 
        </void> 
        <void method="add"> 
         <double>3830.768798424614</double> 
        </void> 
       </object> 
      </void> 
      <void property="stdev"> 
       <double>94.42163158767009</double> 
      </void> 
     </object> 
    </void> 
    <void index="7"> 
     <object class="jmbench.tools.EvaluationMetrics"> 
      <void property="max"> 
       <double>1019.6899427986971</double> 
      </void> 
      <void property="mean"> 
       <double>988.9131176535981</double> 
      </void> 
      <void property="median"> 
       <double>996.2609832938961</double> 
      </void> 
      <void property="min"> 
       <double>933.8618086666509</double> 
      </void> 
      <void property="rawResults"> 
       <object class="java.util.ArrayList"> 
        <void method="add"> 
         <double>933.8618086666509</double> 
        </void> 
        <void method="add"> 
         <double>948.4123346507447</double> 
        </void> 
        <void method="add"> 
         <double>961.0642487531063</double> 
        </void> 
        <void method="add"> 
         <double>966.3597372026668</double> 
        </void> 
        <void method="add"> 
         <double>966.4891146180889</double> 
        </void> 
        <void method="add"> 
         <double>970.1025899244648</double> 
        </void> 
        <void method="add"> 
         <double>976.8753147260975</double> 
        </void> 
        <void method="add"> 
         <double>977.9622092144939</double> 
        </void> 
        <void method="add"> 
         <double>979.6836888368894</double> 
        </void> 
        <void method="add"> 
         <double>985.6691157470491</double> 
        </void> 
        <void method="add"> 
         <double>989.7076318866739</double> 
        </void> 
        <void method="add"> 
         <double>996.2609832938961</double> 
        </void> 
        <void method="add"> 
         <double>996.8498068670867</double> 
        </void> 
        <void method="add"> 
         <double>998.1671112319589</double> 
        </void> 
        <void method="add"> 
         <double>999.3435241008501</double> 
        </void> 
        <void method="add"> 
         <double>1011.7088436842389</double> 
        </void> 
        <void method="add"> 
         <double>1013.7713393312539</double> 
        </void> 
        <void method="add"> 
         <double>1014.5103590880451</double> 
        </void> 
        <void method="add"> 
         <double>1015.526178100619</double> 
        </void> 
        <void method="add"> 
         <double>1019.6899427986971</double> 
        </void> 
        <void method="add"> 
         <double>974.8289582815245</double> 
        </void> 
        <void method="add"> 
         <double>999.4185782479185</double> 
        </void> 
        <void method="add"> 
         <double>1000.4071460271988</double> 
        </void> 
        <void method="add"> 
         <double>1010.3084833754034</double> 
        </void> 
        <void method="add"> 
         <double>1015.8488926843378</double> 
        </void> 
       </object> 
      </void> 
      <void property="stdev"> 
       <double>22.411450815276858</double> 
      </void> 
     </object> 
    </void> 
    <void index="8"> 
     <object class="jmbench.tools.EvaluationMetrics"> 
      <void property="max"> 
       <double>166.227090839676</double> 
      </void> 
      <void property="mean"> 
       <double>163.64490580875625</double> 
      </void> 
      <void property="median"> 
       <double>165.18111982148469</double> 
      </void> 
      <void property="min"> 
       <double>157.29254313118503</double> 
      </void> 
      <void property="rawResults"> 
       <object class="java.util.ArrayList"> 
        <void method="add"> 
         <double>157.29254313118503</double> 
        </void> 
        <void method="add"> 
         <double>158.34817196385862</double> 
        </void> 
        <void method="add"> 
         <double>160.15892418031163</double> 
        </void> 
        <void method="add"> 
         <double>160.8799308077319</double> 
        </void> 
        <void method="add"> 
         <double>161.12070096707657</double> 
        </void> 
        <void method="add"> 
         <double>161.48089564963152</double> 
        </void> 
        <void method="add"> 
         <double>161.60915511219537</double> 
        </void> 
        <void method="add"> 
         <double>162.20682008736443</double> 
        </void> 
        <void method="add"> 
         <double>162.23748964790175</double> 
        </void> 
        <void method="add"> 
         <double>162.29065811324784</double> 
        </void> 
        <void method="add"> 
         <double>164.4941244216391</double> 
        </void> 
        <void method="add"> 
         <double>164.82173550799868</double> 
        </void> 
        <void method="add"> 
         <double>165.18111982148469</double> 
        </void> 
        <void method="add"> 
         <double>165.4824696369639</double> 
        </void> 
        <void method="add"> 
         <double>165.74004465797532</double> 
        </void> 
        <void method="add"> 
         <double>165.76013050426886</double> 
        </void> 
        <void method="add"> 
         <double>165.78707492872095</double> 
        </void> 
        <void method="add"> 
         <double>166.03945640637028</double> 
        </void> 
        <void method="add"> 
         <double>166.10502673497896</double> 
        </void> 
        <void method="add"> 
         <double>166.227090839676</double> 
        </void> 
        <void method="add"> 
         <double>165.41023149341234</double> 
        </void> 
        <void method="add"> 
         <double>165.3932710383294</double> 
        </void> 
        <void method="add"> 
         <double>165.72027794994477</double> 
        </void> 
        <void method="add"> 
         <double>165.2487535527922</double> 
        </void> 
        <void method="add"> 
         <double>166.08654806384524</double> 
        </void> 
       </object> 
      </void> 
      <void property="stdev"> 
       <double>2.5926832944497216</double> 
      </void> 
     </object> 
    </void> 
    <void index="9"> 
     <object class="jmbench.tools.EvaluationMetrics"> 
      <void property="max"> 
       <double>11.874203033389945</double> 
      </void> 
      <void property="mean"> 
       <double>11.740650796614863</double> 
      </void> 
      <void property="median"> 
       <double>11.77651195236068</double> 
      </void> 
      <void property="min"> 
       <double>11.429675115321952</double> 
      </void> 
      <void property="rawResults"> 
       <object class="java.util.ArrayList"> 
        <void method="add"> 
         <double>11.5100018947562</double> 
        </void> 
        <void method="add"> 
         <double>11.724373153629228</double> 
        </void> 
        <void method="add"> 
         <double>11.724944938779196</double> 
        </void> 
        <void method="add"> 
         <double>11.728922595362386</double> 
        </void> 
        <void method="add"> 
         <double>11.731376603713286</double> 
        </void> 
        <void method="add"> 
         <double>11.741727877286158</double> 
        </void> 
        <void method="add"> 
         <double>11.751065694600102</double> 
        </void> 
        <void method="add"> 
         <double>11.761808971865541</double> 
        </void> 
        <void method="add"> 
         <double>11.795139667030226</double> 
        </void> 
        <void method="add"> 
         <double>11.803940103925129</double> 
        </void> 
        <void method="add"> 
         <double>11.81162599172159</double> 
        </void> 
        <void method="add"> 
         <double>11.813729958437014</double> 
        </void> 
        <void method="add"> 
         <double>11.819404561064454</double> 
        </void> 
        <void method="add"> 
         <double>11.822432346836957</double> 
        </void> 
        <void method="add"> 
         <double>11.82652818186922</double> 
        </void> 
        <void method="add"> 
         <double>11.827590949330016</double> 
        </void> 
        <void method="add"> 
         <double>11.836506758991577</double> 
        </void> 
        <void method="add"> 
         <double>11.83664076114156</double> 
        </void> 
        <void method="add"> 
         <double>11.856656168931503</double> 
        </void> 
        <void method="add"> 
         <double>11.874203033389945</double> 
        </void> 
        <void method="add"> 
         <double>11.681936702439302</double> 
        </void> 
        <void method="add"> 
         <double>11.481903078652909</double> 
        </void> 
        <void method="add"> 
         <double>11.429675115321952</double> 
        </void> 
        <void method="add"> 
         <double>11.547622853935495</double> 
        </void> 
        <void method="add"> 
         <double>11.77651195236068</double> 
        </void> 
       </object> 
      </void> 
      <void property="stdev"> 
       <double>0.11916597081916311</double> 
      </void> 
     </object> 
    </void> 
    <void index="10"> 
     <object class="jmbench.tools.EvaluationMetrics"> 
      <void property="max"> 
       <double>1.5314583561058002</double> 
      </void> 
      <void property="mean"> 
       <double>1.4850435153011083</double> 
      </void> 
      <void property="median"> 
       <double>1.4861657438023248</double> 
      </void> 
      <void property="min"> 
       <double>1.3900875034227778</double> 
      </void> 
      <void property="rawResults"> 
       <object class="java.util.ArrayList"> 
        <void method="add"> 
         <double>1.3900875034227778</double> 
        </void> 
        <void method="add"> 
         <double>1.4391901944810437</double> 
        </void> 
        <void method="add"> 
         <double>1.455806428970699</double> 
        </void> 
        <void method="add"> 
         <double>1.4592725349695275</double> 
        </void> 
        <void method="add"> 
         <double>1.4616832584905899</double> 
        </void> 
        <void method="add"> 
         <double>1.474220791745984</double> 
        </void> 
        <void method="add"> 
         <double>1.4805246247772605</double> 
        </void> 
        <void method="add"> 
         <double>1.4861657438023248</double> 
        </void> 
        <void method="add"> 
         <double>1.4915678513207267</double> 
        </void> 
        <void method="add"> 
         <double>1.493958517508415</double> 
        </void> 
        <void method="add"> 
         <double>1.5081348091832796</double> 
        </void> 
        <void method="add"> 
         <double>1.5159394186924982</double> 
        </void> 
        <void method="add"> 
         <double>1.5182762731080268</double> 
        </void> 
        <void method="add"> 
         <double>1.5199440521240348</double> 
        </void> 
        <void method="add"> 
         <double>1.5206643020300274</double> 
        </void> 
        <void method="add"> 
         <double>1.5232007216608192</double> 
        </void> 
        <void method="add"> 
         <double>1.5238570128831115</double> 
        </void> 
        <void method="add"> 
         <double>1.5265662910799749</double> 
        </void> 
        <void method="add"> 
         <double>1.5279507642142314</double> 
        </void> 
        <void method="add"> 
         <double>1.5314583561058002</double> 
        </void> 
        <void method="add"> 
         <double>1.4638684929336057</double> 
        </void> 
        <void method="add"> 
         <double>1.4681193654544042</double> 
        </void> 
        <void method="add"> 
         <double>1.40213162088269</double> 
        </void> 
        <void method="add"> 
         <double>1.4640713449907536</double> 
        </void> 
        <void method="add"> 
         <double>1.479427607695105</double> 
        </void> 
       </object> 
      </void> 
      <void property="stdev"> 
       <double>0.03756928477901719</double> 
      </void> 
     </object> 
    </void> 
    <void index="11"> 
     <object class="jmbench.tools.EvaluationMetrics"> 
      <void property="max"> 
       <double>0.19575401239318888</double> 
      </void> 
      <void property="mean"> 
       <double>0.17260796332333891</double> 
      </void> 
      <void property="median"> 
       <double>0.19087108078306728</double> 
      </void> 
      <void property="min"> 
       <double>0.12056679153776502</double> 
      </void> 
      <void property="rawResults"> 
       <object class="java.util.ArrayList"> 
        <void method="add"> 
         <double>0.12056679153776502</double> 
        </void> 
        <void method="add"> 
         <double>0.12100161678209988</double> 
        </void> 
        <void method="add"> 
         <double>0.1219046947638356</double> 
        </void> 
        <void method="add"> 
         <double>0.12506012625117388</double> 
        </void> 
        <void method="add"> 
         <double>0.1276834773746836</double> 
        </void> 
        <void method="add"> 
         <double>0.17935337871647586</double> 
        </void> 
        <void method="add"> 
         <double>0.18734427234516238</double> 
        </void> 
        <void method="add"> 
         <double>0.18790799065619923</double> 
        </void> 
        <void method="add"> 
         <double>0.1889750656027649</double> 
        </void> 
        <void method="add"> 
         <double>0.19087108078306728</double> 
        </void> 
        <void method="add"> 
         <double>0.1913253268245253</double> 
        </void> 
        <void method="add"> 
         <double>0.191414459529892</double> 
        </void> 
        <void method="add"> 
         <double>0.19154245669242007</double> 
        </void> 
        <void method="add"> 
         <double>0.19303705046918418</double> 
        </void> 
        <void method="add"> 
         <double>0.19424783471253923</double> 
        </void> 
        <void method="add"> 
         <double>0.19430070201566438</double> 
        </void> 
        <void method="add"> 
         <double>0.1947887521553833</double> 
        </void> 
        <void method="add"> 
         <double>0.19491989436649249</double> 
        </void> 
        <void method="add"> 
         <double>0.19542450889318186</double> 
        </void> 
        <void method="add"> 
         <double>0.19554022572677546</double> 
        </void> 
        <void method="add"> 
         <double>0.12167895849476616</double> 
        </void> 
        <void method="add"> 
         <double>0.12894095723540358</double> 
        </void> 
        <void method="add"> 
         <double>0.19431379936963614</double> 
        </void> 
        <void method="add"> 
         <double>0.19575401239318888</double> 
        </void> 
        <void method="add"> 
         <double>0.18730164939119218</double> 
        </void> 
       </object> 
      </void> 
      <void property="stdev"> 
       <double>0.030658047519669357</double> 
      </void> 
     </object> 
    </void> 
   </array> 
  </void> 
  <void property="opName"> 
   <string>LU</string> 
  </void> 
 </object> 
</java> 
