<?xml version="1.0" encoding="UTF-8"?> 
<java version="1.6.0_16" class="java.beans.XMLDecoder"> 
 <object class="jmbench.tools.runtime.OperationResults"> 
  <void property="library"> 
   <object class="jmbench.impl.MatrixLibrary" method="valueOf"> 
    <string>UJMP</string> 
   </object> 
  </void> 
  <void property="matDimen"> 
   <array class="int" length="12"> 
    <void index="0"> 
     <int>2</int> 
    </void> 
    <void index="1"> 
     <int>3</int> 
    </void> 
    <void index="2"> 
     <int>4</int> 
    </void> 
    <void index="3"> 
     <int>5</int> 
    </void> 
    <void index="4"> 
     <int>10</int> 
    </void> 
    <void index="5"> 
     <int>20</int> 
    </void> 
    <void index="6"> 
     <int>50</int> 
    </void> 
    <void index="7"> 
     <int>100</int> 
    </void> 
    <void index="8"> 
     <int>200</int> 
    </void> 
    <void index="9"> 
     <int>500</int> 
    </void> 
    <void index="10"> 
     <int>1000</int> 
    </void> 
    <void index="11"> 
     <int>2000</int> 
    </void> 
   </array> 
  </void> 
  <void property="metrics"> 
   <array class="jmbench.tools.EvaluationMetrics" length="12"> 
    <void index="0"> 
     <object class="jmbench.tools.EvaluationMetrics"> 
      <void property="max"> 
       <double>776642.2673695165</double> 
      </void> 
      <void property="mean"> 
       <double>754390.6024598104</double> 
      </void> 
      <void property="median"> 
       <double>756785.9958347608</double> 
      </void> 
      <void property="min"> 
       <double>722629.8435575397</double> 
      </void> 
      <void property="rawResults"> 
       <object class="java.util.ArrayList"> 
        <void method="add"> 
         <double>722629.8435575397</double> 
        </void> 
        <void method="add"> 
         <double>734664.8648523287</double> 
        </void> 
        <void method="add"> 
         <double>742526.2758519163</double> 
        </void> 
        <void method="add"> 
         <double>743095.2718721061</double> 
        </void> 
        <void method="add"> 
         <double>743440.6895365557</double> 
        </void> 
        <void method="add"> 
         <double>743475.5170661035</double> 
        </void> 
        <void method="add"> 
         <double>744289.6951802683</double> 
        </void> 
        <void method="add"> 
         <double>745964.1632354684</double> 
        </void> 
        <void method="add"> 
         <double>746527.3013179497</double> 
        </void> 
        <void method="add"> 
         <double>747961.7881633056</double> 
        </void> 
        <void method="add"> 
         <double>757513.2759811659</double> 
        </void> 
        <void method="add"> 
         <double>758932.466993637</double> 
        </void> 
        <void method="add"> 
         <double>759654.5362394918</double> 
        </void> 
        <void method="add"> 
         <double>760299.3169435471</double> 
        </void> 
        <void method="add"> 
         <double>761344.5844121125</double> 
        </void> 
        <void method="add"> 
         <double>769085.068044975</double> 
        </void> 
        <void method="add"> 
         <double>769788.463501223</double> 
        </void> 
        <void method="add"> 
         <double>771198.0926915581</double> 
        </void> 
        <void method="add"> 
         <double>776282.4369285806</double> 
        </void> 
        <void method="add"> 
         <double>776642.2673695165</double> 
        </void> 
        <void method="add"> 
         <double>757551.1794834542</double> 
        </void> 
        <void method="add"> 
         <double>757297.616922466</double> 
        </void> 
        <void method="add"> 
         <double>756785.9958347608</double> 
        </void> 
        <void method="add"> 
         <double>756744.1588587126</double> 
        </void> 
        <void method="add"> 
         <double>756070.190656513</double> 
        </void> 
       </object> 
      </void> 
      <void property="stdev"> 
       <double>12751.832844343819</double> 
      </void> 
     </object> 
    </void> 
    <void index="1"> 
     <object class="jmbench.tools.EvaluationMetrics"> 
      <void property="max"> 
       <double>715707.6853188648</double> 
      </void> 
      <void property="mean"> 
       <double>679045.6469203206</double> 
      </void> 
      <void property="median"> 
       <double>670497.2596908527</double> 
      </void> 
      <void property="min"> 
       <double>642833.5937349254</double> 
      </void> 
      <void property="rawResults"> 
       <object class="java.util.ArrayList"> 
        <void method="add"> 
         <double>642833.5937349254</double> 
        </void> 
        <void method="add"> 
         <double>656156.6638604808</double> 
        </void> 
        <void method="add"> 
         <double>665049.792602475</double> 
        </void> 
        <void method="add"> 
         <double>667000.3277870961</double> 
        </void> 
        <void method="add"> 
         <double>667478.6623479308</double> 
        </void> 
        <void method="add"> 
         <double>667543.8074487296</double> 
        </void> 
        <void method="add"> 
         <double>669615.9968114181</double> 
        </void> 
        <void method="add"> 
         <double>669627.8834357735</double> 
        </void> 
        <void method="add"> 
         <double>670019.5583872541</double> 
        </void> 
        <void method="add"> 
         <double>670497.2596908527</double> 
        </void> 
        <void method="add"> 
         <double>681827.6318265612</double> 
        </void> 
        <void method="add"> 
         <double>682045.6388312964</double> 
        </void> 
        <void method="add"> 
         <double>682147.6902733272</double> 
        </void> 
        <void method="add"> 
         <double>683937.2314090037</double> 
        </void> 
        <void method="add"> 
         <double>686861.7270922939</double> 
        </void> 
        <void method="add"> 
         <double>705819.3845321883</double> 
        </void> 
        <void method="add"> 
         <double>714215.2323061951</double> 
        </void> 
        <void method="add"> 
         <double>714474.0136512938</double> 
        </void> 
        <void method="add"> 
         <double>714578.9886664695</double> 
        </void> 
        <void method="add"> 
         <double>715707.6853188648</double> 
        </void> 
        <void method="add"> 
         <double>667988.0323378079</double> 
        </void> 
        <void method="add"> 
         <double>670418.0961181896</double> 
        </void> 
        <void method="add"> 
         <double>670953.0395175323</double> 
        </void> 
        <void method="add"> 
         <double>672822.6112755293</double> 
        </void> 
        <void method="add"> 
         <double>666520.6237445308</double> 
        </void> 
       </object> 
      </void> 
      <void property="stdev"> 
       <double>19140.785239086425</double> 
      </void> 
     </object> 
    </void> 
    <void index="2"> 
     <object class="jmbench.tools.EvaluationMetrics"> 
      <void property="max"> 
       <double>622102.1559242029</double> 
      </void> 
      <void property="mean"> 
       <double>597940.9336160212</double> 
      </void> 
      <void property="median"> 
       <double>595363.2515731975</double> 
      </void> 
      <void property="min"> 
       <double>566279.8934664896</double> 
      </void> 
      <void property="rawResults"> 
       <object class="java.util.ArrayList"> 
        <void method="add"> 
         <double>566279.8934664896</double> 
        </void> 
        <void method="add"> 
         <double>567099.4841860018</double> 
        </void> 
        <void method="add"> 
         <double>569136.3412338754</double> 
        </void> 
        <void method="add"> 
         <double>570465.9043262996</double> 
        </void> 
        <void method="add"> 
         <double>571912.0661127978</double> 
        </void> 
        <void method="add"> 
         <double>592462.7854386367</double> 
        </void> 
        <void method="add"> 
         <double>593722.4154663206</double> 
        </void> 
        <void method="add"> 
         <double>593959.5626299354</double> 
        </void> 
        <void method="add"> 
         <double>594011.2743704586</double> 
        </void> 
        <void method="add"> 
         <double>594032.5836539201</double> 
        </void> 
        <void method="add"> 
         <double>595164.4073673082</double> 
        </void> 
        <void method="add"> 
         <double>595363.2515731975</double> 
        </void> 
        <void method="add"> 
         <double>602776.0606320145</double> 
        </void> 
        <void method="add"> 
         <double>606299.0703745696</double> 
        </void> 
        <void method="add"> 
         <double>609799.3229099908</double> 
        </void> 
        <void method="add"> 
         <double>610102.1221357323</double> 
        </void> 
        <void method="add"> 
         <double>614360.0694761871</double> 
        </void> 
        <void method="add"> 
         <double>614521.8233184426</double> 
        </void> 
        <void method="add"> 
         <double>615246.9785866627</double> 
        </void> 
        <void method="add"> 
         <double>615400.6047767038</double> 
        </void> 
        <void method="add"> 
         <double>602708.6016688265</double> 
        </void> 
        <void method="add"> 
         <double>592327.4159350806</double> 
        </void> 
        <void method="add"> 
         <double>619607.3573027903</double> 
        </void> 
        <void method="add"> 
         <double>622102.1559242029</double> 
        </void> 
        <void method="add"> 
         <double>619661.787534081</double> 
        </void> 
       </object> 
      </void> 
      <void property="stdev"> 
       <double>17244.44353742879</double> 
      </void> 
     </object> 
    </void> 
    <void index="3"> 
     <object class="jmbench.tools.EvaluationMetrics"> 
      <void property="max"> 
       <double>540532.5839885836</double> 
      </void> 
      <void property="mean"> 
       <double>529865.1846519337</double> 
      </void> 
      <void property="median"> 
       <double>530366.067951573</double> 
      </void> 
      <void property="min"> 
       <double>491634.1162053185</double> 
      </void> 
      <void property="rawResults"> 
       <object class="java.util.ArrayList"> 
        <void method="add"> 
         <double>491634.1162053185</double> 
        </void> 
        <void method="add"> 
         <double>519470.8419722727</double> 
        </void> 
        <void method="add"> 
         <double>524696.8604517255</double> 
        </void> 
        <void method="add"> 
         <double>524778.976598566</double> 
        </void> 
        <void method="add"> 
         <double>526120.1154242642</double> 
        </void> 
        <void method="add"> 
         <double>528965.1457334629</double> 
        </void> 
        <void method="add"> 
         <double>529656.311897969</double> 
        </void> 
        <void method="add"> 
         <double>529998.9638835109</double> 
        </void> 
        <void method="add"> 
         <double>530366.067951573</double> 
        </void> 
        <void method="add"> 
         <double>530647.8248468016</double> 
        </void> 
        <void method="add"> 
         <double>533156.4430410973</double> 
        </void> 
        <void method="add"> 
         <double>533592.3411908522</double> 
        </void> 
        <void method="add"> 
         <double>533630.099911651</double> 
        </void> 
        <void method="add"> 
         <double>533832.159220013</double> 
        </void> 
        <void method="add"> 
         <double>533949.8738555093</double> 
        </void> 
        <void method="add"> 
         <double>538817.4761113536</double> 
        </void> 
        <void method="add"> 
         <double>538932.4149108474</double> 
        </void> 
        <void method="add"> 
         <double>539370.3740316535</double> 
        </void> 
        <void method="add"> 
         <double>539429.9019840418</double> 
        </void> 
        <void method="add"> 
         <double>540532.5839885836</double> 
        </void> 
        <void method="add"> 
         <double>528174.1971990223</double> 
        </void> 
        <void method="add"> 
         <double>527093.7642348699</double> 
        </void> 
        <void method="add"> 
         <double>530891.9667994695</double> 
        </void> 
        <void method="add"> 
         <double>529536.4805143524</double> 
        </void> 
        <void method="add"> 
         <double>529354.3143395601</double> 
        </void> 
       </object> 
      </void> 
      <void property="stdev"> 
       <double>9336.52267586719</double> 
      </void> 
     </object> 
    </void> 
    <void index="4"> 
     <object class="jmbench.tools.EvaluationMetrics"> 
      <void property="max"> 
       <double>205037.95633109155</double> 
      </void> 
      <void property="mean"> 
       <double>188036.15229870734</double> 
      </void> 
      <void property="median"> 
       <double>187683.0643374813</double> 
      </void> 
      <void property="min"> 
       <double>178542.02031146534</double> 
      </void> 
      <void property="rawResults"> 
       <object class="java.util.ArrayList"> 
        <void method="add"> 
         <double>180550.91199046798</double> 
        </void> 
        <void method="add"> 
         <double>180655.6186649728</double> 
        </void> 
        <void method="add"> 
         <double>181205.7607416045</double> 
        </void> 
        <void method="add"> 
         <double>181282.2317768408</double> 
        </void> 
        <void method="add"> 
         <double>181311.9690768656</double> 
        </void> 
        <void method="add"> 
         <double>183003.3317004242</double> 
        </void> 
        <void method="add"> 
         <double>184887.0017910246</double> 
        </void> 
        <void method="add"> 
         <double>187683.0643374813</double> 
        </void> 
        <void method="add"> 
         <double>188233.24102086827</double> 
        </void> 
        <void method="add"> 
         <double>188297.12935644828</double> 
        </void> 
        <void method="add"> 
         <double>188511.47219607458</double> 
        </void> 
        <void method="add"> 
         <double>189211.41943843718</double> 
        </void> 
        <void method="add"> 
         <double>189385.73317727295</double> 
        </void> 
        <void method="add"> 
         <double>190164.3111332388</double> 
        </void> 
        <void method="add"> 
         <double>190958.5418966695</double> 
        </void> 
        <void method="add"> 
         <double>202373.82197923466</double> 
        </void> 
        <void method="add"> 
         <double>204057.06381627417</double> 
        </void> 
        <void method="add"> 
         <double>204674.3930676065</double> 
        </void> 
        <void method="add"> 
         <double>204907.90467960568</double> 
        </void> 
        <void method="add"> 
         <double>205037.95633109155</double> 
        </void> 
        <void method="add"> 
         <double>178542.02031146534</double> 
        </void> 
        <void method="add"> 
         <double>179503.2112708838</double> 
        </void> 
        <void method="add"> 
         <double>178782.39410383333</double> 
        </void> 
        <void method="add"> 
         <double>178926.93026165565</double> 
        </void> 
        <void method="add"> 
         <double>178756.37334734158</double> 
        </void> 
       </object> 
      </void> 
      <void property="stdev"> 
       <double>9012.041165877861</double> 
      </void> 
     </object> 
    </void> 
    <void index="5"> 
     <object class="jmbench.tools.EvaluationMetrics"> 
      <void property="max"> 
       <double>50747.00694684168</double> 
      </void> 
      <void property="mean"> 
       <double>50306.7732599639</double> 
      </void> 
      <void property="median"> 
       <double>50359.55880540679</double> 
      </void> 
      <void property="min"> 
       <double>49182.78463348454</double> 
      </void> 
      <void property="rawResults"> 
       <object class="java.util.ArrayList"> 
        <void method="add"> 
         <double>49450.55399630562</double> 
        </void> 
        <void method="add"> 
         <double>50108.385493004964</double> 
        </void> 
        <void method="add"> 
         <double>50207.73837885686</double> 
        </void> 
        <void method="add"> 
         <double>50251.16588890675</double> 
        </void> 
        <void method="add"> 
         <double>50277.22191284996</double> 
        </void> 
        <void method="add"> 
         <double>50306.522354402136</double> 
        </void> 
        <void method="add"> 
         <double>50335.14610221045</double> 
        </void> 
        <void method="add"> 
         <double>50345.26059349536</double> 
        </void> 
        <void method="add"> 
         <double>50361.33117672046</double> 
        </void> 
        <void method="add"> 
         <double>50363.63466210176</double> 
        </void> 
        <void method="add"> 
         <double>50363.9691614032</double> 
        </void> 
        <void method="add"> 
         <double>50441.95912186224</double> 
        </void> 
        <void method="add"> 
         <double>50530.6099368999</double> 
        </void> 
        <void method="add"> 
         <double>50561.94394408341</double> 
        </void> 
        <void method="add"> 
         <double>50575.33069624025</double> 
        </void> 
        <void method="add"> 
         <double>50609.62756712751</double> 
        </void> 
        <void method="add"> 
         <double>50687.746423749544</double> 
        </void> 
        <void method="add"> 
         <double>50689.41942229836</double> 
        </void> 
        <void method="add"> 
         <double>50698.85995854143</double> 
        </void> 
        <void method="add"> 
         <double>50747.00694684168</double> 
        </void> 
        <void method="add"> 
         <double>50359.55880540679</double> 
        </void> 
        <void method="add"> 
         <double>49182.78463348454</double> 
        </void> 
        <void method="add"> 
         <double>49570.46852559268</double> 
        </void> 
        <void method="add"> 
         <double>50355.959581172356</double> 
        </void> 
        <void method="add"> 
         <double>50287.12621553918</double> 
        </void> 
       </object> 
      </void> 
      <void property="stdev"> 
       <double>376.59139770744326</double> 
      </void> 
     </object> 
    </void> 
    <void index="6"> 
     <object class="jmbench.tools.EvaluationMetrics"> 
      <void property="max"> 
       <double>5561.002856117182</double> 
      </void> 
      <void property="mean"> 
       <double>5496.898408052602</double> 
      </void> 
      <void property="median"> 
       <double>5541.578252594833</double> 
      </void> 
      <void property="min"> 
       <double>5247.7785857315275</double> 
      </void> 
      <void property="rawResults"> 
       <object class="java.util.ArrayList"> 
        <void method="add"> 
         <double>5247.7785857315275</double> 
        </void> 
        <void method="add"> 
         <double>5264.9013290248995</double> 
        </void> 
        <void method="add"> 
         <double>5455.03445726012</double> 
        </void> 
        <void method="add"> 
         <double>5462.091114391425</double> 
        </void> 
        <void method="add"> 
         <double>5492.388600933335</double> 
        </void> 
        <void method="add"> 
         <double>5493.75686059685</double> 
        </void> 
        <void method="add"> 
         <double>5495.536923988612</double> 
        </void> 
        <void method="add"> 
         <double>5496.795817187881</double> 
        </void> 
        <void method="add"> 
         <double>5508.709163462709</double> 
        </void> 
        <void method="add"> 
         <double>5510.148037334297</double> 
        </void> 
        <void method="add"> 
         <double>5540.4209296710305</double> 
        </void> 
        <void method="add"> 
         <double>5541.578252594833</double> 
        </void> 
        <void method="add"> 
         <double>5546.515167043829</double> 
        </void> 
        <void method="add"> 
         <double>5548.8270965581</double> 
        </void> 
        <void method="add"> 
         <double>5549.8481788539575</double> 
        </void> 
        <void method="add"> 
         <double>5549.912746860932</double> 
        </void> 
        <void method="add"> 
         <double>5553.251374966848</double> 
        </void> 
        <void method="add"> 
         <double>5555.056071828348</double> 
        </void> 
        <void method="add"> 
         <double>5560.235971515215</double> 
        </void> 
        <void method="add"> 
         <double>5561.002856117182</double> 
        </void> 
        <void method="add"> 
         <double>5283.105963189671</double> 
        </void> 
        <void method="add"> 
         <double>5546.142067047107</double> 
        </void> 
        <void method="add"> 
         <double>5554.468120361562</double> 
        </void> 
        <void method="add"> 
         <double>5551.2390910981285</double> 
        </void> 
        <void method="add"> 
         <double>5553.7154236966735</double> 
        </void> 
       </object> 
      </void> 
      <void property="stdev"> 
       <double>90.81061513704519</double> 
      </void> 
     </object> 
    </void> 
    <void index="7"> 
     <object class="jmbench.tools.EvaluationMetrics"> 
      <void property="max"> 
       <double>1500.2886799630014</double> 
      </void> 
      <void property="mean"> 
       <double>1458.0590783709924</double> 
      </void> 
      <void property="median"> 
       <double>1464.5538676042636</double> 
      </void> 
      <void property="min"> 
       <double>1403.855227866996</double> 
      </void> 
      <void property="rawResults"> 
       <object class="java.util.ArrayList"> 
        <void method="add"> 
         <double>1404.8938463169588</double> 
        </void> 
        <void method="add"> 
         <double>1406.7107798202035</double> 
        </void> 
        <void method="add"> 
         <double>1421.8339613019143</double> 
        </void> 
        <void method="add"> 
         <double>1430.232216681064</double> 
        </void> 
        <void method="add"> 
         <double>1434.2515317837835</double> 
        </void> 
        <void method="add"> 
         <double>1440.5808699001786</double> 
        </void> 
        <void method="add"> 
         <double>1444.52016119561</double> 
        </void> 
        <void method="add"> 
         <double>1453.1029064927457</double> 
        </void> 
        <void method="add"> 
         <double>1458.1584040296166</double> 
        </void> 
        <void method="add"> 
         <double>1464.5538676042636</double> 
        </void> 
        <void method="add"> 
         <double>1467.9568838455</double> 
        </void> 
        <void method="add"> 
         <double>1474.3394579130738</double> 
        </void> 
        <void method="add"> 
         <double>1476.9881220299258</double> 
        </void> 
        <void method="add"> 
         <double>1477.1266581259158</double> 
        </void> 
        <void method="add"> 
         <double>1478.314775984015</double> 
        </void> 
        <void method="add"> 
         <double>1481.3999757619968</double> 
        </void> 
        <void method="add"> 
         <double>1491.083913412489</double> 
        </void> 
        <void method="add"> 
         <double>1492.1840836850427</double> 
        </void> 
        <void method="add"> 
         <double>1498.8153503509093</double> 
        </void> 
        <void method="add"> 
         <double>1500.2886799630014</double> 
        </void> 
        <void method="add"> 
         <double>1403.855227866996</double> 
        </void> 
        <void method="add"> 
         <double>1442.3738337064317</double> 
        </void> 
        <void method="add"> 
         <double>1453.7104492238532</double> 
        </void> 
        <void method="add"> 
         <double>1475.2754129167022</double> 
        </void> 
        <void method="add"> 
         <double>1478.9255893626237</double> 
        </void> 
       </object> 
      </void> 
      <void property="stdev"> 
       <double>28.528227784128276</double> 
      </void> 
     </object> 
    </void> 
    <void index="8"> 
     <object class="jmbench.tools.EvaluationMetrics"> 
      <void property="max"> 
       <double>207.25111232413383</double> 
      </void> 
      <void property="mean"> 
       <double>203.74442415083854</double> 
      </void> 
      <void property="median"> 
       <double>203.8721232148463</double> 
      </void> 
      <void property="min"> 
       <double>199.84748256099215</double> 
      </void> 
      <void property="rawResults"> 
       <object class="java.util.ArrayList"> 
        <void method="add"> 
         <double>199.84748256099215</double> 
        </void> 
        <void method="add"> 
         <double>199.86999638097598</double> 
        </void> 
        <void method="add"> 
         <double>200.44609030271553</double> 
        </void> 
        <void method="add"> 
         <double>201.6851537469205</double> 
        </void> 
        <void method="add"> 
         <double>202.14807007094868</double> 
        </void> 
        <void method="add"> 
         <double>202.5124467434214</double> 
        </void> 
        <void method="add"> 
         <double>202.8881025647623</double> 
        </void> 
        <void method="add"> 
         <double>202.97152275495384</double> 
        </void> 
        <void method="add"> 
         <double>203.24761392049803</double> 
        </void> 
        <void method="add"> 
         <double>203.3470633041629</double> 
        </void> 
        <void method="add"> 
         <double>203.60057337347018</double> 
        </void> 
        <void method="add"> 
         <double>203.8721232148463</double> 
        </void> 
        <void method="add"> 
         <double>204.27604682209227</double> 
        </void> 
        <void method="add"> 
         <double>204.32189818587216</double> 
        </void> 
        <void method="add"> 
         <double>205.1993200561688</double> 
        </void> 
        <void method="add"> 
         <double>205.537680484942</double> 
        </void> 
        <void method="add"> 
         <double>206.3154509044163</double> 
        </void> 
        <void method="add"> 
         <double>206.6809778340972</double> 
        </void> 
        <void method="add"> 
         <double>206.87727422248767</double> 
        </void> 
        <void method="add"> 
         <double>207.25111232413383</double> 
        </void> 
        <void method="add"> 
         <double>201.46399675235995</double> 
        </void> 
        <void method="add"> 
         <double>203.92213465793026</double> 
        </void> 
        <void method="add"> 
         <double>205.22082737165434</double> 
        </void> 
        <void method="add"> 
         <double>204.6279773531401</double> 
        </void> 
        <void method="add"> 
         <double>205.47966786299952</double> 
        </void> 
       </object> 
      </void> 
      <void property="stdev"> 
       <double>2.0557490085731</double> 
      </void> 
     </object> 
    </void> 
    <void index="9"> 
     <object class="jmbench.tools.EvaluationMetrics"> 
      <void property="max"> 
       <double>15.44020528241639</double> 
      </void> 
      <void property="mean"> 
       <double>14.970771148812531</double> 
      </void> 
      <void property="median"> 
       <double>14.926647929148174</double> 
      </void> 
      <void property="min"> 
       <double>14.59313049575118</double> 
      </void> 
      <void property="rawResults"> 
       <object class="java.util.ArrayList"> 
        <void method="add"> 
         <double>14.786641897086716</double> 
        </void> 
        <void method="add"> 
         <double>14.827275833155674</double> 
        </void> 
        <void method="add"> 
         <double>14.841021952951152</double> 
        </void> 
        <void method="add"> 
         <double>14.852210024595003</double> 
        </void> 
        <void method="add"> 
         <double>14.879215709794693</double> 
        </void> 
        <void method="add"> 
         <double>14.888336109452187</double> 
        </void> 
        <void method="add"> 
         <double>14.901716997158426</double> 
        </void> 
        <void method="add"> 
         <double>14.904545349635521</double> 
        </void> 
        <void method="add"> 
         <double>14.92064194959217</double> 
        </void> 
        <void method="add"> 
         <double>14.926647929148174</double> 
        </void> 
        <void method="add"> 
         <double>14.930923882323246</double> 
        </void> 
        <void method="add"> 
         <double>14.95340530868538</double> 
        </void> 
        <void method="add"> 
         <double>14.991310491754698</double> 
        </void> 
        <void method="add"> 
         <double>15.037879546380319</double> 
        </void> 
        <void method="add"> 
         <double>15.116756320226061</double> 
        </void> 
        <void method="add"> 
         <double>15.147730299507973</double> 
        </void> 
        <void method="add"> 
         <double>15.150180083979084</double> 
        </void> 
        <void method="add"> 
         <double>15.263041218391615</double> 
        </void> 
        <void method="add"> 
         <double>15.29302667030611</double> 
        </void> 
        <void method="add"> 
         <double>15.44020528241639</double> 
        </void> 
        <void method="add"> 
         <double>14.769453425330605</double> 
        </void> 
        <void method="add"> 
         <double>15.213068826126223</double> 
        </void> 
        <void method="add"> 
         <double>14.993158639639336</double> 
        </void> 
        <void method="add"> 
         <double>14.647754476925275</double> 
        </void> 
        <void method="add"> 
         <double>14.59313049575118</double> 
        </void> 
       </object> 
      </void> 
      <void property="stdev"> 
       <double>0.19617705698313848</double> 
      </void> 
     </object> 
    </void> 
    <void index="10"> 
     <object class="jmbench.tools.EvaluationMetrics"> 
      <void property="max"> 
       <double>1.4679670406861038</double> 
      </void> 
      <void property="mean"> 
       <double>1.398027742407185</double> 
      </void> 
      <void property="median"> 
       <double>1.405582797430622</double> 
      </void> 
      <void property="min"> 
       <double>1.288233926670595</double> 
      </void> 
      <void property="rawResults"> 
       <object class="java.util.ArrayList"> 
        <void method="add"> 
         <double>1.288233926670595</double> 
        </void> 
        <void method="add"> 
         <double>1.3279642873135151</double> 
        </void> 
        <void method="add"> 
         <double>1.3477474546236041</double> 
        </void> 
        <void method="add"> 
         <double>1.3588273650089375</double> 
        </void> 
        <void method="add"> 
         <double>1.370160896531433</double> 
        </void> 
        <void method="add"> 
         <double>1.371254541017056</double> 
        </void> 
        <void method="add"> 
         <double>1.37214802963245</double> 
        </void> 
        <void method="add"> 
         <double>1.3897932373858515</double> 
        </void> 
        <void method="add"> 
         <double>1.4013002311156344</double> 
        </void> 
        <void method="add"> 
         <double>1.4052341662664347</double> 
        </void> 
        <void method="add"> 
         <double>1.405582797430622</double> 
        </void> 
        <void method="add"> 
         <double>1.4060382325394372</double> 
        </void> 
        <void method="add"> 
         <double>1.4155126249387002</double> 
        </void> 
        <void method="add"> 
         <double>1.4202468232609653</double> 
        </void> 
        <void method="add"> 
         <double>1.4212135300051063</double> 
        </void> 
        <void method="add"> 
         <double>1.4246445724633603</double> 
        </void> 
        <void method="add"> 
         <double>1.43946310393852</double> 
        </void> 
        <void method="add"> 
         <double>1.44067335809575</double> 
        </void> 
        <void method="add"> 
         <double>1.442362027056072</double> 
        </void> 
        <void method="add"> 
         <double>1.4679670406861038</double> 
        </void> 
        <void method="add"> 
         <double>1.3581827633331776</double> 
        </void> 
        <void method="add"> 
         <double>1.4593401334291145</double> 
        </void> 
        <void method="add"> 
         <double>1.4312946043694648</double> 
        </void> 
        <void method="add"> 
         <double>1.411447398293111</double> 
        </void> 
        <void method="add"> 
         <double>1.3740604147746078</double> 
        </void> 
       </object> 
      </void> 
      <void property="stdev"> 
       <double>0.041515886082237025</double> 
      </void> 
     </object> 
    </void> 
    <void index="11"> 
     <object class="jmbench.tools.EvaluationMetrics"> 
      <void property="max"> 
       <double>0.15387003748235492</double> 
      </void> 
      <void property="mean"> 
       <double>0.1380830063273216</double> 
      </void> 
      <void property="median"> 
       <double>0.13546021422302207</double> 
      </void> 
      <void property="min"> 
       <double>0.1262661276287225</double> 
      </void> 
      <void property="rawResults"> 
       <object class="java.util.ArrayList"> 
        <void method="add"> 
         <double>0.1262661276287225</double> 
        </void> 
        <void method="add"> 
         <double>0.12873341309686503</double> 
        </void> 
        <void method="add"> 
         <double>0.1318537948341361</double> 
        </void> 
        <void method="add"> 
         <double>0.1331211603196459</double> 
        </void> 
        <void method="add"> 
         <double>0.13327446793776748</double> 
        </void> 
        <void method="add"> 
         <double>0.1333070546025309</double> 
        </void> 
        <void method="add"> 
         <double>0.13446405051632368</double> 
        </void> 
        <void method="add"> 
         <double>0.13477170213217318</double> 
        </void> 
        <void method="add"> 
         <double>0.13504265241556082</double> 
        </void> 
        <void method="add"> 
         <double>0.1350478402112226</double> 
        </void> 
        <void method="add"> 
         <double>0.13546021422302207</double> 
        </void> 
        <void method="add"> 
         <double>0.13605678767592283</double> 
        </void> 
        <void method="add"> 
         <double>0.13922651397810346</double> 
        </void> 
        <void method="add"> 
         <double>0.13967198684760299</double> 
        </void> 
        <void method="add"> 
         <double>0.14207330006467084</double> 
        </void> 
        <void method="add"> 
         <double>0.1459717046258178</double> 
        </void> 
        <void method="add"> 
         <double>0.14730390688152534</double> 
        </void> 
        <void method="add"> 
         <double>0.14916683431527175</double> 
        </void> 
        <void method="add"> 
         <double>0.15188879477444</double> 
        </void> 
        <void method="add"> 
         <double>0.15387003748235492</double> 
        </void> 
        <void method="add"> 
         <double>0.13340753923144857</double> 
        </void> 
        <void method="add"> 
         <double>0.13659234356625466</double> 
        </void> 
        <void method="add"> 
         <double>0.13832130684806598</double> 
        </void> 
        <void method="add"> 
         <double>0.1345291488206077</double> 
        </void> 
        <void method="add"> 
         <double>0.14265247515298232</double> 
        </void> 
       </object> 
      </void> 
      <void property="stdev"> 
       <double>0.006862221508440261</double> 
      </void> 
     </object> 
    </void> 
   </array> 
  </void> 
  <void property="opName"> 
   <string>Mult c=a^t * b</string> 
  </void> 
 </object> 
</java> 
