<?xml version="1.0" encoding="UTF-8"?> 
<java version="1.6.0_16" class="java.beans.XMLDecoder"> 
 <object class="jmbench.tools.runtime.OperationResults"> 
  <void property="library"> 
   <object class="jmbench.impl.MatrixLibrary" method="valueOf"> 
    <string>UJMP</string> 
   </object> 
  </void> 
  <void property="matDimen"> 
   <array class="int" length="12"> 
    <void index="0"> 
     <int>2</int> 
    </void> 
    <void index="1"> 
     <int>3</int> 
    </void> 
    <void index="2"> 
     <int>4</int> 
    </void> 
    <void index="3"> 
     <int>5</int> 
    </void> 
    <void index="4"> 
     <int>10</int> 
    </void> 
    <void index="5"> 
     <int>20</int> 
    </void> 
    <void index="6"> 
     <int>50</int> 
    </void> 
    <void index="7"> 
     <int>100</int> 
    </void> 
    <void index="8"> 
     <int>200</int> 
    </void> 
    <void index="9"> 
     <int>500</int> 
    </void> 
    <void index="10"> 
     <int>1000</int> 
    </void> 
    <void index="11"> 
     <int>2000</int> 
    </void> 
   </array> 
  </void> 
  <void property="metrics"> 
   <array class="jmbench.tools.EvaluationMetrics" length="12"> 
    <void index="0"> 
     <object class="jmbench.tools.EvaluationMetrics"> 
      <void property="max"> 
       <double>6819706.360787715</double> 
      </void> 
      <void property="mean"> 
       <double>6675776.33341008</double> 
      </void> 
      <void property="median"> 
       <double>6654242.267194014</double> 
      </void> 
      <void property="min"> 
       <double>6571887.838737207</double> 
      </void> 
      <void property="rawResults"> 
       <object class="java.util.ArrayList"> 
        <void method="add"> 
         <double>6571887.838737207</double> 
        </void> 
        <void method="add"> 
         <double>6599892.147117321</double> 
        </void> 
        <void method="add"> 
         <double>6603393.529679283</double> 
        </void> 
        <void method="add"> 
         <double>6605035.248094719</double> 
        </void> 
        <void method="add"> 
         <double>6611327.211346567</double> 
        </void> 
        <void method="add"> 
         <double>6615781.996576135</double> 
        </void> 
        <void method="add"> 
         <double>6620678.897887368</double> 
        </void> 
        <void method="add"> 
         <double>6625863.714290494</double> 
        </void> 
        <void method="add"> 
         <double>6637279.473039668</double> 
        </void> 
        <void method="add"> 
         <double>6641704.829650237</double> 
        </void> 
        <void method="add"> 
         <double>6643023.189879204</double> 
        </void> 
        <void method="add"> 
         <double>6646173.301050051</double> 
        </void> 
        <void method="add"> 
         <double>6654242.267194014</double> 
        </void> 
        <void method="add"> 
         <double>6657994.328348743</double> 
        </void> 
        <void method="add"> 
         <double>6660060.659195346</double> 
        </void> 
        <void method="add"> 
         <double>6660682.426623292</double> 
        </void> 
        <void method="add"> 
         <double>6672218.00990275</double> 
        </void> 
        <void method="add"> 
         <double>6678212.488076735</double> 
        </void> 
        <void method="add"> 
         <double>6685118.128267561</double> 
        </void> 
        <void method="add"> 
         <double>6735058.411779599</double> 
        </void> 
        <void method="add"> 
         <double>6815678.829436314</double> 
        </void> 
        <void method="add"> 
         <double>6814401.93110583</double> 
        </void> 
        <void method="add"> 
         <double>6819706.360787715</double> 
        </void> 
        <void method="add"> 
         <double>6817688.401371018</double> 
        </void> 
        <void method="add"> 
         <double>6801304.71581484</double> 
        </void> 
       </object> 
      </void> 
      <void property="stdev"> 
       <double>76142.96362163044</double> 
      </void> 
     </object> 
    </void> 
    <void index="1"> 
     <object class="jmbench.tools.EvaluationMetrics"> 
      <void property="max"> 
       <double>3777340.9873508564</double> 
      </void> 
      <void property="mean"> 
       <double>3760102.568425512</double> 
      </void> 
      <void property="median"> 
       <double>3758395.004696427</double> 
      </void> 
      <void property="min"> 
       <double>3710272.7179967826</double> 
      </void> 
      <void property="rawResults"> 
       <object class="java.util.ArrayList"> 
        <void method="add"> 
         <double>3710272.7179967826</double> 
        </void> 
        <void method="add"> 
         <double>3727962.8928106</double> 
        </void> 
        <void method="add"> 
         <double>3745383.894450734</double> 
        </void> 
        <void method="add"> 
         <double>3748445.8710906086</double> 
        </void> 
        <void method="add"> 
         <double>3749954.899148258</double> 
        </void> 
        <void method="add"> 
         <double>3753341.4419599636</double> 
        </void> 
        <void method="add"> 
         <double>3755847.089330868</double> 
        </void> 
        <void method="add"> 
         <double>3756509.013768518</double> 
        </void> 
        <void method="add"> 
         <double>3756752.9107613238</double> 
        </void> 
        <void method="add"> 
         <double>3756863.0831836374</double> 
        </void> 
        <void method="add"> 
         <double>3756969.5404541134</double> 
        </void> 
        <void method="add"> 
         <double>3761154.0507039167</double> 
        </void> 
        <void method="add"> 
         <double>3763310.3369677598</double> 
        </void> 
        <void method="add"> 
         <double>3770565.9082886595</double> 
        </void> 
        <void method="add"> 
         <double>3772080.693987349</double> 
        </void> 
        <void method="add"> 
         <double>3772483.7396797664</double> 
        </void> 
        <void method="add"> 
         <double>3774936.666049483</double> 
        </void> 
        <void method="add"> 
         <double>3775740.1969880206</double> 
        </void> 
        <void method="add"> 
         <double>3776683.5803283453</double> 
        </void> 
        <void method="add"> 
         <double>3776729.052267116</double> 
        </void> 
        <void method="add"> 
         <double>3775947.2251024977</double> 
        </void> 
        <void method="add"> 
         <double>3756461.970320137</double> 
        </void> 
        <void method="add"> 
         <double>3772431.442952056</double> 
        </void> 
        <void method="add"> 
         <double>3777340.9873508564</double> 
        </void> 
        <void method="add"> 
         <double>3758395.004696427</double> 
        </void> 
       </object> 
      </void> 
      <void property="stdev"> 
       <double>15785.715657970599</double> 
      </void> 
     </object> 
    </void> 
    <void index="2"> 
     <object class="jmbench.tools.EvaluationMetrics"> 
      <void property="max"> 
       <double>2294446.7441016966</double> 
      </void> 
      <void property="mean"> 
       <double>2206183.7629144234</double> 
      </void> 
      <void property="median"> 
       <double>2256485.2750921855</double> 
      </void> 
      <void property="min"> 
       <double>1784058.472509687</double> 
      </void> 
      <void property="rawResults"> 
       <object class="java.util.ArrayList"> 
        <void method="add"> 
         <double>1784058.472509687</double> 
        </void> 
        <void method="add"> 
         <double>2050793.5388413747</double> 
        </void> 
        <void method="add"> 
         <double>2051047.1053878146</double> 
        </void> 
        <void method="add"> 
         <double>2051628.9726059951</double> 
        </void> 
        <void method="add"> 
         <double>2051669.4385523517</double> 
        </void> 
        <void method="add"> 
         <double>2207467.8142209044</double> 
        </void> 
        <void method="add"> 
         <double>2210373.842770242</double> 
        </void> 
        <void method="add"> 
         <double>2223292.823554829</double> 
        </void> 
        <void method="add"> 
         <double>2256124.367392356</double> 
        </void> 
        <void method="add"> 
         <double>2256257.560464825</double> 
        </void> 
        <void method="add"> 
         <double>2256485.2750921855</double> 
        </void> 
        <void method="add"> 
         <double>2257950.5971181933</double> 
        </void> 
        <void method="add"> 
         <double>2263630.7625678093</double> 
        </void> 
        <void method="add"> 
         <double>2263842.547018329</double> 
        </void> 
        <void method="add"> 
         <double>2266114.1481787576</double> 
        </void> 
        <void method="add"> 
         <double>2279440.4061939726</double> 
        </void> 
        <void method="add"> 
         <double>2279717.609681569</double> 
        </void> 
        <void method="add"> 
         <double>2279735.4888992975</double> 
        </void> 
        <void method="add"> 
         <double>2292969.635143149</double> 
        </void> 
        <void method="add"> 
         <double>2294446.7441016966</double> 
        </void> 
        <void method="add"> 
         <double>2265965.014606194</double> 
        </void> 
        <void method="add"> 
         <double>2279760.0596248405</double> 
        </void> 
        <void method="add"> 
         <double>2257339.777774601</double> 
        </void> 
        <void method="add"> 
         <double>2220369.7119081756</double> 
        </void> 
        <void method="add"> 
         <double>2254112.3586514397</double> 
        </void> 
       </object> 
      </void> 
      <void property="stdev"> 
       <double>116707.02633697943</double> 
      </void> 
     </object> 
    </void> 
    <void index="3"> 
     <object class="jmbench.tools.EvaluationMetrics"> 
      <void property="max"> 
       <double>1565709.8604395702</double> 
      </void> 
      <void property="mean"> 
       <double>1435440.933038169</double> 
      </void> 
      <void property="median"> 
       <double>1532506.020777873</double> 
      </void> 
      <void property="min"> 
       <double>1185182.4632242785</double> 
      </void> 
      <void property="rawResults"> 
       <object class="java.util.ArrayList"> 
        <void method="add"> 
         <double>1217693.9290989535</double> 
        </void> 
        <void method="add"> 
         <double>1217716.697598327</double> 
        </void> 
        <void method="add"> 
         <double>1217723.4538226926</double> 
        </void> 
        <void method="add"> 
         <double>1312170.6951560269</double> 
        </void> 
        <void method="add"> 
         <double>1519196.221255196</double> 
        </void> 
        <void method="add"> 
         <double>1524775.2965318607</double> 
        </void> 
        <void method="add"> 
         <double>1526478.5139473954</double> 
        </void> 
        <void method="add"> 
         <double>1532506.020777873</double> 
        </void> 
        <void method="add"> 
         <double>1542082.5989393354</double> 
        </void> 
        <void method="add"> 
         <double>1555765.0078244456</double> 
        </void> 
        <void method="add"> 
         <double>1558403.366596385</double> 
        </void> 
        <void method="add"> 
         <double>1559684.6276786795</double> 
        </void> 
        <void method="add"> 
         <double>1562352.0169351033</double> 
        </void> 
        <void method="add"> 
         <double>1563179.510325397</double> 
        </void> 
        <void method="add"> 
         <double>1563212.108431756</double> 
        </void> 
        <void method="add"> 
         <double>1563284.3653468387</double> 
        </void> 
        <void method="add"> 
         <double>1563340.6071937701</double> 
        </void> 
        <void method="add"> 
         <double>1563695.2671276957</double> 
        </void> 
        <void method="add"> 
         <double>1563773.1120939555</double> 
        </void> 
        <void method="add"> 
         <double>1565709.8604395702</double> 
        </void> 
        <void method="add"> 
         <double>1297326.8507382253</double> 
        </void> 
        <void method="add"> 
         <double>1185182.4632242785</double> 
        </void> 
        <void method="add"> 
         <double>1201762.3243048426</double> 
        </void> 
        <void method="add"> 
         <double>1203593.310891064</double> 
        </void> 
        <void method="add"> 
         <double>1205415.0996745534</double> 
        </void> 
       </object> 
      </void> 
      <void property="stdev"> 
       <double>157586.9295775077</double> 
      </void> 
     </object> 
    </void> 
    <void index="4"> 
     <object class="jmbench.tools.EvaluationMetrics"> 
      <void property="max"> 
       <double>309249.27957533835</double> 
      </void> 
      <void property="mean"> 
       <double>299717.971412168</double> 
      </void> 
      <void property="median"> 
       <double>300327.1131382955</double> 
      </void> 
      <void property="min"> 
       <double>289058.8477830313</double> 
      </void> 
      <void property="rawResults"> 
       <object class="java.util.ArrayList"> 
        <void method="add"> 
         <double>289058.8477830313</double> 
        </void> 
        <void method="add"> 
         <double>289514.7401844073</double> 
        </void> 
        <void method="add"> 
         <double>293268.43822770217</double> 
        </void> 
        <void method="add"> 
         <double>294722.1443288966</double> 
        </void> 
        <void method="add"> 
         <double>295988.90102018573</double> 
        </void> 
        <void method="add"> 
         <double>296048.34953741793</double> 
        </void> 
        <void method="add"> 
         <double>296233.57176327484</double> 
        </void> 
        <void method="add"> 
         <double>297118.6756974787</double> 
        </void> 
        <void method="add"> 
         <double>298663.5807076165</double> 
        </void> 
        <void method="add"> 
         <double>299339.07190171164</double> 
        </void> 
        <void method="add"> 
         <double>299656.2345829723</double> 
        </void> 
        <void method="add"> 
         <double>300724.5663359397</double> 
        </void> 
        <void method="add"> 
         <double>300879.6116240895</double> 
        </void> 
        <void method="add"> 
         <double>301951.7083260445</double> 
        </void> 
        <void method="add"> 
         <double>302022.0589496003</double> 
        </void> 
        <void method="add"> 
         <double>303089.25702263165</double> 
        </void> 
        <void method="add"> 
         <double>304445.89830433985</double> 
        </void> 
        <void method="add"> 
         <double>306201.4049037429</double> 
        </void> 
        <void method="add"> 
         <double>306386.6971987403</double> 
        </void> 
        <void method="add"> 
         <double>307521.88816404034</double> 
        </void> 
        <void method="add"> 
         <double>291200.66915022425</double> 
        </void> 
        <void method="add"> 
         <double>305314.3952515599</double> 
        </void> 
        <void method="add"> 
         <double>304022.1816249167</double> 
        </void> 
        <void method="add"> 
         <double>300327.1131382955</double> 
        </void> 
        <void method="add"> 
         <double>309249.27957533835</double> 
        </void> 
       </object> 
      </void> 
      <void property="stdev"> 
       <double>5437.6522114884665</double> 
      </void> 
     </object> 
    </void> 
    <void index="5"> 
     <object class="jmbench.tools.EvaluationMetrics"> 
      <void property="max"> 
       <double>62085.310170176046</double> 
      </void> 
      <void property="mean"> 
       <double>61767.78531371345</double> 
      </void> 
      <void property="median"> 
       <double>61870.1685520401</double> 
      </void> 
      <void property="min"> 
       <double>61223.72766057159</double> 
      </void> 
      <void property="rawResults"> 
       <object class="java.util.ArrayList"> 
        <void method="add"> 
         <double>61294.61632855438</double> 
        </void> 
        <void method="add"> 
         <double>61305.11783307056</double> 
        </void> 
        <void method="add"> 
         <double>61313.51317228716</double> 
        </void> 
        <void method="add"> 
         <double>61428.399084765835</double> 
        </void> 
        <void method="add"> 
         <double>61712.317157844875</double> 
        </void> 
        <void method="add"> 
         <double>61717.4414243062</double> 
        </void> 
        <void method="add"> 
         <double>61739.19941872512</double> 
        </void> 
        <void method="add"> 
         <double>61764.89242330467</double> 
        </void> 
        <void method="add"> 
         <double>61870.1685520401</double> 
        </void> 
        <void method="add"> 
         <double>61870.81784791345</double> 
        </void> 
        <void method="add"> 
         <double>61875.15230120496</double> 
        </void> 
        <void method="add"> 
         <double>61876.03101711231</double> 
        </void> 
        <void method="add"> 
         <double>61938.692776689415</double> 
        </void> 
        <void method="add"> 
         <double>61943.429940449576</double> 
        </void> 
        <void method="add"> 
         <double>61951.187314726274</double> 
        </void> 
        <void method="add"> 
         <double>61958.124877701164</double> 
        </void> 
        <void method="add"> 
         <double>62052.13016081747</double> 
        </void> 
        <void method="add"> 
         <double>62057.305134851245</double> 
        </void> 
        <void method="add"> 
         <double>62060.31233034797</double> 
        </void> 
        <void method="add"> 
         <double>62085.310170176046</double> 
        </void> 
        <void method="add"> 
         <double>61732.87389633067</double> 
        </void> 
        <void method="add"> 
         <double>61825.73745209771</double> 
        </void> 
        <void method="add"> 
         <double>61223.72766057159</double> 
        </void> 
        <void method="add"> 
         <double>61577.92743040046</double> 
        </void> 
        <void method="add"> 
         <double>62020.207136547135</double> 
        </void> 
       </object> 
      </void> 
      <void property="stdev"> 
       <double>260.12368471512946</double> 
      </void> 
     </object> 
    </void> 
    <void index="6"> 
     <object class="jmbench.tools.EvaluationMetrics"> 
      <void property="max"> 
       <double>6351.18357310613</double> 
      </void> 
      <void property="mean"> 
       <double>6251.7811298751385</double> 
      </void> 
      <void property="median"> 
       <double>6317.037619504347</double> 
      </void> 
      <void property="min"> 
       <double>5955.52384667668</double> 
      </void> 
      <void property="rawResults"> 
       <object class="java.util.ArrayList"> 
        <void method="add"> 
         <double>5955.52384667668</double> 
        </void> 
        <void method="add"> 
         <double>5960.067678699435</double> 
        </void> 
        <void method="add"> 
         <double>5961.667412882784</double> 
        </void> 
        <void method="add"> 
         <double>5966.630895825621</double> 
        </void> 
        <void method="add"> 
         <double>6303.965222184539</double> 
        </void> 
        <void method="add"> 
         <double>6306.509683951292</double> 
        </void> 
        <void method="add"> 
         <double>6310.777080597054</double> 
        </void> 
        <void method="add"> 
         <double>6311.436159313305</double> 
        </void> 
        <void method="add"> 
         <double>6312.967810653182</double> 
        </void> 
        <void method="add"> 
         <double>6313.859922447656</double> 
        </void> 
        <void method="add"> 
         <double>6314.466400472111</double> 
        </void> 
        <void method="add"> 
         <double>6317.037619504347</double> 
        </void> 
        <void method="add"> 
         <double>6318.205906857806</double> 
        </void> 
        <void method="add"> 
         <double>6319.203983744902</double> 
        </void> 
        <void method="add"> 
         <double>6321.599926520541</double> 
        </void> 
        <void method="add"> 
         <double>6325.261207202499</double> 
        </void> 
        <void method="add"> 
         <double>6329.864705763911</double> 
        </void> 
        <void method="add"> 
         <double>6339.578980127648</double> 
        </void> 
        <void method="add"> 
         <double>6339.709872769443</double> 
        </void> 
        <void method="add"> 
         <double>6344.100550265203</double> 
        </void> 
        <void method="add"> 
         <double>6331.105804612389</double> 
        </void> 
        <void method="add"> 
         <double>6337.516736450292</double> 
        </void> 
        <void method="add"> 
         <double>6351.18357310613</double> 
        </void> 
        <void method="add"> 
         <double>5972.040403757547</double> 
        </void> 
        <void method="add"> 
         <double>6330.246862492126</double> 
        </void> 
       </object> 
      </void> 
      <void property="stdev"> 
       <double>144.79120580523437</double> 
      </void> 
     </object> 
    </void> 
    <void index="7"> 
     <object class="jmbench.tools.EvaluationMetrics"> 
      <void property="max"> 
       <double>1730.2849751528543</double> 
      </void> 
      <void property="mean"> 
       <double>1679.0538315838876</double> 
      </void> 
      <void property="median"> 
       <double>1678.9285248218323</double> 
      </void> 
      <void property="min"> 
       <double>1614.7879544120665</double> 
      </void> 
      <void property="rawResults"> 
       <object class="java.util.ArrayList"> 
        <void method="add"> 
         <double>1614.7879544120665</double> 
        </void> 
        <void method="add"> 
         <double>1636.1473105392492</double> 
        </void> 
        <void method="add"> 
         <double>1637.4339819316472</double> 
        </void> 
        <void method="add"> 
         <double>1643.0324074186788</double> 
        </void> 
        <void method="add"> 
         <double>1647.9208824407858</double> 
        </void> 
        <void method="add"> 
         <double>1666.7647391174014</double> 
        </void> 
        <void method="add"> 
         <double>1671.44009629844</double> 
        </void> 
        <void method="add"> 
         <double>1674.1701289469222</double> 
        </void> 
        <void method="add"> 
         <double>1675.576283551234</double> 
        </void> 
        <void method="add"> 
         <double>1677.0566721663147</double> 
        </void> 
        <void method="add"> 
         <double>1678.9285248218323</double> 
        </void> 
        <void method="add"> 
         <double>1682.6956159758665</double> 
        </void> 
        <void method="add"> 
         <double>1685.896813597058</double> 
        </void> 
        <void method="add"> 
         <double>1687.8665559246006</double> 
        </void> 
        <void method="add"> 
         <double>1696.1516509662556</double> 
        </void> 
        <void method="add"> 
         <double>1699.436605863298</double> 
        </void> 
        <void method="add"> 
         <double>1700.1041185440413</double> 
        </void> 
        <void method="add"> 
         <double>1710.1438631888773</double> 
        </void> 
        <void method="add"> 
         <double>1718.1818037834398</double> 
        </void> 
        <void method="add"> 
         <double>1730.2849751528543</double> 
        </void> 
        <void method="add"> 
         <double>1648.3123391673832</double> 
        </void> 
        <void method="add"> 
         <double>1666.2978105578325</double> 
        </void> 
        <void method="add"> 
         <double>1704.5367135600482</double> 
        </void> 
        <void method="add"> 
         <double>1710.1380921695365</double> 
        </void> 
        <void method="add"> 
         <double>1713.0398495015265</double> 
        </void> 
       </object> 
      </void> 
      <void property="stdev"> 
       <double>28.641451947226884</double> 
      </void> 
     </object> 
    </void> 
    <void index="8"> 
     <object class="jmbench.tools.EvaluationMetrics"> 
      <void property="max"> 
       <double>234.9070723654797</double> 
      </void> 
      <void property="mean"> 
       <double>230.61125411014027</double> 
      </void> 
      <void property="median"> 
       <double>232.24590599085883</double> 
      </void> 
      <void property="min"> 
       <double>218.92406889859691</double> 
      </void> 
      <void property="rawResults"> 
       <object class="java.util.ArrayList"> 
        <void method="add"> 
         <double>218.92406889859691</double> 
        </void> 
        <void method="add"> 
         <double>226.51240418209838</double> 
        </void> 
        <void method="add"> 
         <double>226.52635489367952</double> 
        </void> 
        <void method="add"> 
         <double>226.93163158003466</double> 
        </void> 
        <void method="add"> 
         <double>227.5428178597121</double> 
        </void> 
        <void method="add"> 
         <double>228.0138445465988</double> 
        </void> 
        <void method="add"> 
         <double>228.2467170446832</double> 
        </void> 
        <void method="add"> 
         <double>228.79043985419642</double> 
        </void> 
        <void method="add"> 
         <double>228.83134448027803</double> 
        </void> 
        <void method="add"> 
         <double>229.4977877130445</double> 
        </void> 
        <void method="add"> 
         <double>230.33400079689235</double> 
        </void> 
        <void method="add"> 
         <double>232.14542481917977</double> 
        </void> 
        <void method="add"> 
         <double>232.5286925124653</double> 
        </void> 
        <void method="add"> 
         <double>232.69292033764546</double> 
        </void> 
        <void method="add"> 
         <double>232.88139805632272</double> 
        </void> 
        <void method="add"> 
         <double>232.94257814336444</double> 
        </void> 
        <void method="add"> 
         <double>234.3294461821162</double> 
        </void> 
        <void method="add"> 
         <double>234.37213518099918</double> 
        </void> 
        <void method="add"> 
         <double>234.5606228113982</double> 
        </void> 
        <void method="add"> 
         <double>234.9070723654797</double> 
        </void> 
        <void method="add"> 
         <double>232.24590599085883</double> 
        </void> 
        <void method="add"> 
         <double>233.0146189129502</double> 
        </void> 
        <void method="add"> 
         <double>232.35877917615292</double> 
        </void> 
        <void method="add"> 
         <double>232.37485203156766</double> 
        </void> 
        <void method="add"> 
         <double>233.77549438319073</double> 
        </void> 
       </object> 
      </void> 
      <void property="stdev"> 
       <double>3.581997364398331</double> 
      </void> 
     </object> 
    </void> 
    <void index="9"> 
     <object class="jmbench.tools.EvaluationMetrics"> 
      <void property="max"> 
       <double>15.337740266711013</double> 
      </void> 
      <void property="mean"> 
       <double>14.943974021574025</double> 
      </void> 
      <void property="median"> 
       <double>14.939148779351301</double> 
      </void> 
      <void property="min"> 
       <double>14.139637871295987</double> 
      </void> 
      <void property="rawResults"> 
       <object class="java.util.ArrayList"> 
        <void method="add"> 
         <double>14.711318890737362</double> 
        </void> 
        <void method="add"> 
         <double>14.748258896344362</double> 
        </void> 
        <void method="add"> 
         <double>14.803377810405445</double> 
        </void> 
        <void method="add"> 
         <double>14.836232556432686</double> 
        </void> 
        <void method="add"> 
         <double>14.859315316213408</double> 
        </void> 
        <void method="add"> 
         <double>14.868920282499374</double> 
        </void> 
        <void method="add"> 
         <double>14.900654688704563</double> 
        </void> 
        <void method="add"> 
         <double>14.922012499143236</double> 
        </void> 
        <void method="add"> 
         <double>14.939148779351301</double> 
        </void> 
        <void method="add"> 
         <double>14.95626917680503</double> 
        </void> 
        <void method="add"> 
         <double>14.993469894057041</double> 
        </void> 
        <void method="add"> 
         <double>15.030663512587362</double> 
        </void> 
        <void method="add"> 
         <double>15.050737342706082</double> 
        </void> 
        <void method="add"> 
         <double>15.096196364913476</double> 
        </void> 
        <void method="add"> 
         <double>15.101098611549983</double> 
        </void> 
        <void method="add"> 
         <double>15.106733706367153</double> 
        </void> 
        <void method="add"> 
         <double>15.1614621743521</double> 
        </void> 
        <void method="add"> 
         <double>15.167724592368335</double> 
        </void> 
        <void method="add"> 
         <double>15.223109270393781</double> 
        </void> 
        <void method="add"> 
         <double>15.337740266711013</double> 
        </void> 
        <void method="add"> 
         <double>14.877438090220119</double> 
        </void> 
        <void method="add"> 
         <double>14.843452171028467</double> 
        </void> 
        <void method="add"> 
         <double>14.860669051797885</double> 
        </void> 
        <void method="add"> 
         <double>15.063708722365103</double> 
        </void> 
        <void method="add"> 
         <double>14.139637871295987</double> 
        </void> 
       </object> 
      </void> 
      <void property="stdev"> 
       <double>0.22342370723910712</double> 
      </void> 
     </object> 
    </void> 
    <void index="10"> 
     <object class="jmbench.tools.EvaluationMetrics"> 
      <void property="max"> 
       <double>1.5106057901371293</double> 
      </void> 
      <void property="mean"> 
       <double>1.4503698585363274</double> 
      </void> 
      <void property="median"> 
       <double>1.4587157559084258</double> 
      </void> 
      <void property="min"> 
       <double>1.37805524157543</double> 
      </void> 
      <void property="rawResults"> 
       <object class="java.util.ArrayList"> 
        <void method="add"> 
         <double>1.37805524157543</double> 
        </void> 
        <void method="add"> 
         <double>1.397105891025279</double> 
        </void> 
        <void method="add"> 
         <double>1.3976833032496538</double> 
        </void> 
        <void method="add"> 
         <double>1.4148467717366646</double> 
        </void> 
        <void method="add"> 
         <double>1.4197212997362232</double> 
        </void> 
        <void method="add"> 
         <double>1.4238738940686388</double> 
        </void> 
        <void method="add"> 
         <double>1.4360500395002365</double> 
        </void> 
        <void method="add"> 
         <double>1.444622935312758</double> 
        </void> 
        <void method="add"> 
         <double>1.445313265575662</double> 
        </void> 
        <void method="add"> 
         <double>1.455529507241003</double> 
        </void> 
        <void method="add"> 
         <double>1.4563372136515074</double> 
        </void> 
        <void method="add"> 
         <double>1.4587157559084258</double> 
        </void> 
        <void method="add"> 
         <double>1.4600708971531369</double> 
        </void> 
        <void method="add"> 
         <double>1.4661767376104988</double> 
        </void> 
        <void method="add"> 
         <double>1.469423365047893</double> 
        </void> 
        <void method="add"> 
         <double>1.4734107648753387</double> 
        </void> 
        <void method="add"> 
         <double>1.4745106574215352</double> 
        </void> 
        <void method="add"> 
         <double>1.4772720964103934</double> 
        </void> 
        <void method="add"> 
         <double>1.4835119838942177</double> 
        </void> 
        <void method="add"> 
         <double>1.4961735412552297</double> 
        </void> 
        <void method="add"> 
         <double>1.460026381263404</double> 
        </void> 
        <void method="add"> 
         <double>1.4675854647881765</double> 
        </void> 
        <void method="add"> 
         <double>1.422514103402277</double> 
        </void> 
        <void method="add"> 
         <double>1.5106057901371293</double> 
        </void> 
        <void method="add"> 
         <double>1.4701095615674789</double> 
        </void> 
       </object> 
      </void> 
      <void property="stdev"> 
       <double>0.031664169870599265</double> 
      </void> 
     </object> 
    </void> 
    <void index="11"> 
     <object class="jmbench.tools.EvaluationMetrics"> 
      <void property="max"> 
       <double>0.1577345470323211</double> 
      </void> 
      <void property="mean"> 
       <double>0.14583668904533617</double> 
      </void> 
      <void property="median"> 
       <double>0.1498300719469472</double> 
      </void> 
      <void property="min"> 
       <double>0.1239589125411656</double> 
      </void> 
      <void property="rawResults"> 
       <object class="java.util.ArrayList"> 
        <void method="add"> 
         <double>0.126896251112695</double> 
        </void> 
        <void method="add"> 
         <double>0.1326503823797963</double> 
        </void> 
        <void method="add"> 
         <double>0.13498464801105273</double> 
        </void> 
        <void method="add"> 
         <double>0.13624590387521548</double> 
        </void> 
        <void method="add"> 
         <double>0.13747919464107067</double> 
        </void> 
        <void method="add"> 
         <double>0.13770240245459797</double> 
        </void> 
        <void method="add"> 
         <double>0.1379524967706755</double> 
        </void> 
        <void method="add"> 
         <double>0.14285871501730163</double> 
        </void> 
        <void method="add"> 
         <double>0.14824304280242276</double> 
        </void> 
        <void method="add"> 
         <double>0.14925255048829122</double> 
        </void> 
        <void method="add"> 
         <double>0.1498300719469472</double> 
        </void> 
        <void method="add"> 
         <double>0.15043523494939492</double> 
        </void> 
        <void method="add"> 
         <double>0.15082615838190158</double> 
        </void> 
        <void method="add"> 
         <double>0.15083599041426118</double> 
        </void> 
        <void method="add"> 
         <double>0.152580505873795</double> 
        </void> 
        <void method="add"> 
         <double>0.15288122552788658</double> 
        </void> 
        <void method="add"> 
         <double>0.15317109170690296</double> 
        </void> 
        <void method="add"> 
         <double>0.15472470887926354</double> 
        </void> 
        <void method="add"> 
         <double>0.1560434912634445</double> 
        </void> 
        <void method="add"> 
         <double>0.1564602103799255</double> 
        </void> 
        <void method="add"> 
         <double>0.1239589125411656</double> 
        </void> 
        <void method="add"> 
         <double>0.1527226024423223</double> 
        </void> 
        <void method="add"> 
         <double>0.14831496154495685</double> 
        </void> 
        <void method="add"> 
         <double>0.1577345470323211</double> 
        </void> 
        <void method="add"> 
         <double>0.15113192569579648</double> 
        </void> 
       </object> 
      </void> 
      <void property="stdev"> 
       <double>0.009382064607406825</double> 
      </void> 
     </object> 
    </void> 
   </array> 
  </void> 
  <void property="opName"> 
   <string>Mult c=a*b</string> 
  </void> 
 </object> 
</java> 
