<?xml version="1.0" encoding="UTF-8"?> 
<java version="1.6.0_16" class="java.beans.XMLDecoder"> 
 <object class="jmbench.tools.runtime.OperationResults"> 
  <void property="library"> 
   <object class="jmbench.impl.MatrixLibrary" method="valueOf"> 
    <string>UJMP</string> 
   </object> 
  </void> 
  <void property="matDimen"> 
   <array class="int" length="12"> 
    <void index="0"> 
     <int>2</int> 
    </void> 
    <void index="1"> 
     <int>3</int> 
    </void> 
    <void index="2"> 
     <int>4</int> 
    </void> 
    <void index="3"> 
     <int>5</int> 
    </void> 
    <void index="4"> 
     <int>10</int> 
    </void> 
    <void index="5"> 
     <int>20</int> 
    </void> 
    <void index="6"> 
     <int>50</int> 
    </void> 
    <void index="7"> 
     <int>100</int> 
    </void> 
    <void index="8"> 
     <int>200</int> 
    </void> 
    <void index="9"> 
     <int>500</int> 
    </void> 
    <void index="10"> 
     <int>1000</int> 
    </void> 
    <void index="11"> 
     <int>2000</int> 
    </void> 
   </array> 
  </void> 
  <void property="metrics"> 
   <array class="jmbench.tools.EvaluationMetrics" length="12"> 
    <void index="0"> 
     <object class="jmbench.tools.EvaluationMetrics"> 
      <void property="max"> 
       <double>7425.126817855398</double> 
      </void> 
      <void property="mean"> 
       <double>7348.23422695126</double> 
      </void> 
      <void property="median"> 
       <double>7350.18532013849</double> 
      </void> 
      <void property="min"> 
       <double>7274.401623119978</double> 
      </void> 
      <void property="rawResults"> 
       <object class="java.util.ArrayList"> 
        <void method="add"> 
         <double>7274.401623119978</double> 
        </void> 
        <void method="add"> 
         <double>7274.513465066402</double> 
        </void> 
        <void method="add"> 
         <double>7275.165796391515</double> 
        </void> 
        <void method="add"> 
         <double>7277.110465903326</double> 
        </void> 
        <void method="add"> 
         <double>7278.830765681667</double> 
        </void> 
        <void method="add"> 
         <double>7292.228387268086</double> 
        </void> 
        <void method="add"> 
         <double>7292.377474094184</double> 
        </void> 
        <void method="add"> 
         <double>7292.437938552408</double> 
        </void> 
        <void method="add"> 
         <double>7294.330175134757</double> 
        </void> 
        <void method="add"> 
         <double>7296.156981238848</double> 
        </void> 
        <void method="add"> 
         <double>7389.7782657351145</double> 
        </void> 
        <void method="add"> 
         <double>7409.365475088996</double> 
        </void> 
        <void method="add"> 
         <double>7409.641185550261</double> 
        </void> 
        <void method="add"> 
         <double>7410.035139043003</double> 
        </void> 
        <void method="add"> 
         <double>7413.049488329124</double> 
        </void> 
        <void method="add"> 
         <double>7415.838859461611</double> 
        </void> 
        <void method="add"> 
         <double>7417.536615680833</double> 
        </void> 
        <void method="add"> 
         <double>7421.760381611381</double> 
        </void> 
        <void method="add"> 
         <double>7423.46277248235</double> 
        </void> 
        <void method="add"> 
         <double>7425.126817855398</double> 
        </void> 
        <void method="add"> 
         <double>7325.195936079216</double> 
        </void> 
        <void method="add"> 
         <double>7351.296842004942</double> 
        </void> 
        <void method="add"> 
         <double>7350.18532013849</double> 
        </void> 
        <void method="add"> 
         <double>7351.194846811812</double> 
        </void> 
        <void method="add"> 
         <double>7344.8346554578</double> 
        </void> 
       </object> 
      </void> 
      <void property="stdev"> 
       <double>58.397764891943964</double> 
      </void> 
     </object> 
    </void> 
    <void index="1"> 
     <object class="jmbench.tools.EvaluationMetrics"> 
      <void property="max"> 
       <double>7387.167245521818</double> 
      </void> 
      <void property="mean"> 
       <double>7349.497311065809</double> 
      </void> 
      <void property="median"> 
       <double>7351.825598870814</double> 
      </void> 
      <void property="min"> 
       <double>7233.78100026848</double> 
      </void> 
      <void property="rawResults"> 
       <object class="java.util.ArrayList"> 
        <void method="add"> 
         <double>7233.78100026848</double> 
        </void> 
        <void method="add"> 
         <double>7315.530953095427</double> 
        </void> 
        <void method="add"> 
         <double>7329.463033490635</double> 
        </void> 
        <void method="add"> 
         <double>7335.312637242719</double> 
        </void> 
        <void method="add"> 
         <double>7337.463349870509</double> 
        </void> 
        <void method="add"> 
         <double>7338.0181331638105</double> 
        </void> 
        <void method="add"> 
         <double>7348.963571685019</double> 
        </void> 
        <void method="add"> 
         <double>7349.333833128915</double> 
        </void> 
        <void method="add"> 
         <double>7350.368273504235</double> 
        </void> 
        <void method="add"> 
         <double>7351.825598870814</double> 
        </void> 
        <void method="add"> 
         <double>7355.414731516142</double> 
        </void> 
        <void method="add"> 
         <double>7356.132376114762</double> 
        </void> 
        <void method="add"> 
         <double>7361.311118771193</double> 
        </void> 
        <void method="add"> 
         <double>7361.850669982298</double> 
        </void> 
        <void method="add"> 
         <double>7362.696741311528</double> 
        </void> 
        <void method="add"> 
         <double>7363.559291262508</double> 
        </void> 
        <void method="add"> 
         <double>7378.209196360211</double> 
        </void> 
        <void method="add"> 
         <double>7380.732726997916</double> 
        </void> 
        <void method="add"> 
         <double>7383.5122061387165</double> 
        </void> 
        <void method="add"> 
         <double>7387.167245521818</double> 
        </void> 
        <void method="add"> 
         <double>7341.634771275573</double> 
        </void> 
        <void method="add"> 
         <double>7361.828747543971</double> 
        </void> 
        <void method="add"> 
         <double>7346.698929734158</double> 
        </void> 
        <void method="add"> 
         <double>7349.5100316142</double> 
        </void> 
        <void method="add"> 
         <double>7357.11360817963</double> 
        </void> 
       </object> 
      </void> 
      <void property="stdev"> 
       <double>28.864229377512476</double> 
      </void> 
     </object> 
    </void> 
    <void index="2"> 
     <object class="jmbench.tools.EvaluationMetrics"> 
      <void property="max"> 
       <double>7305.758536360028</double> 
      </void> 
      <void property="mean"> 
       <double>7255.774237616714</double> 
      </void> 
      <void property="median"> 
       <double>7261.496245843558</double> 
      </void> 
      <void property="min"> 
       <double>7167.47852542423</double> 
      </void> 
      <void property="rawResults"> 
       <object class="java.util.ArrayList"> 
        <void method="add"> 
         <double>7167.47852542423</double> 
        </void> 
        <void method="add"> 
         <double>7206.205725057695</double> 
        </void> 
        <void method="add"> 
         <double>7221.767273085802</double> 
        </void> 
        <void method="add"> 
         <double>7222.242130339616</double> 
        </void> 
        <void method="add"> 
         <double>7223.7223653431165</double> 
        </void> 
        <void method="add"> 
         <double>7224.328659587786</double> 
        </void> 
        <void method="add"> 
         <double>7228.574364289073</double> 
        </void> 
        <void method="add"> 
         <double>7236.721343687794</double> 
        </void> 
        <void method="add"> 
         <double>7240.389001684284</double> 
        </void> 
        <void method="add"> 
         <double>7242.329324703387</double> 
        </void> 
        <void method="add"> 
         <double>7247.890934594505</double> 
        </void> 
        <void method="add"> 
         <double>7248.997201050965</double> 
        </void> 
        <void method="add"> 
         <double>7266.61340827831</double> 
        </void> 
        <void method="add"> 
         <double>7278.414638043156</double> 
        </void> 
        <void method="add"> 
         <double>7286.418120993785</double> 
        </void> 
        <void method="add"> 
         <double>7291.847796898897</double> 
        </void> 
        <void method="add"> 
         <double>7293.857647732373</double> 
        </void> 
        <void method="add"> 
         <double>7294.212440565264</double> 
        </void> 
        <void method="add"> 
         <double>7294.891936710579</double> 
        </void> 
        <void method="add"> 
         <double>7305.758536360028</double> 
        </void> 
        <void method="add"> 
         <double>7261.496245843558</double> 
        </void> 
        <void method="add"> 
         <double>7278.000535281989</double> 
        </void> 
        <void method="add"> 
         <double>7276.767848307876</double> 
        </void> 
        <void method="add"> 
         <double>7277.651107185723</double> 
        </void> 
        <void method="add"> 
         <double>7277.778829368059</double> 
        </void> 
       </object> 
      </void> 
      <void property="stdev"> 
       <double>33.42798603815267</double> 
      </void> 
     </object> 
    </void> 
    <void index="3"> 
     <object class="jmbench.tools.EvaluationMetrics"> 
      <void property="max"> 
       <double>7210.230141195771</double> 
      </void> 
      <void property="mean"> 
       <double>7154.25374394984</double> 
      </void> 
      <void property="median"> 
       <double>7173.517888144895</double> 
      </void> 
      <void property="min"> 
       <double>7064.229038116434</double> 
      </void> 
      <void property="rawResults"> 
       <object class="java.util.ArrayList"> 
        <void method="add"> 
         <double>7064.679575479489</double> 
        </void> 
        <void method="add"> 
         <double>7097.534233903287</double> 
        </void> 
        <void method="add"> 
         <double>7127.4610455399825</double> 
        </void> 
        <void method="add"> 
         <double>7137.822689032481</double> 
        </void> 
        <void method="add"> 
         <double>7152.558712669099</double> 
        </void> 
        <void method="add"> 
         <double>7158.732392627509</double> 
        </void> 
        <void method="add"> 
         <double>7165.668542248428</double> 
        </void> 
        <void method="add"> 
         <double>7173.517888144895</double> 
        </void> 
        <void method="add"> 
         <double>7174.984405788803</double> 
        </void> 
        <void method="add"> 
         <double>7176.232668922085</double> 
        </void> 
        <void method="add"> 
         <double>7184.760204557643</double> 
        </void> 
        <void method="add"> 
         <double>7185.816857796663</double> 
        </void> 
        <void method="add"> 
         <double>7186.410152597406</double> 
        </void> 
        <void method="add"> 
         <double>7187.308856514009</double> 
        </void> 
        <void method="add"> 
         <double>7187.5691979652</double> 
        </void> 
        <void method="add"> 
         <double>7190.852812513506</double> 
        </void> 
        <void method="add"> 
         <double>7192.292802644121</double> 
        </void> 
        <void method="add"> 
         <double>7194.763745274199</double> 
        </void> 
        <void method="add"> 
         <double>7197.892601330285</double> 
        </void> 
        <void method="add"> 
         <double>7210.230141195771</double> 
        </void> 
        <void method="add"> 
         <double>7103.346628263744</double> 
        </void> 
        <void method="add"> 
         <double>7092.5578746058</double> 
        </void> 
        <void method="add"> 
         <double>7064.229038116434</double> 
        </void> 
        <void method="add"> 
         <double>7085.849934725273</double> 
        </void> 
        <void method="add"> 
         <double>7163.270596289817</double> 
        </void> 
       </object> 
      </void> 
      <void property="stdev"> 
       <double>43.6151704916473</double> 
      </void> 
     </object> 
    </void> 
    <void index="4"> 
     <object class="jmbench.tools.EvaluationMetrics"> 
      <void property="max"> 
       <double>6766.727091806934</double> 
      </void> 
      <void property="mean"> 
       <double>6686.058394350538</double> 
      </void> 
      <void property="median"> 
       <double>6660.591696174307</double> 
      </void> 
      <void property="min"> 
       <double>6623.90201207744</double> 
      </void> 
      <void property="rawResults"> 
       <object class="java.util.ArrayList"> 
        <void method="add"> 
         <double>6623.90201207744</double> 
        </void> 
        <void method="add"> 
         <double>6629.881539300899</double> 
        </void> 
        <void method="add"> 
         <double>6633.203452060111</double> 
        </void> 
        <void method="add"> 
         <double>6633.220669800426</double> 
        </void> 
        <void method="add"> 
         <double>6634.671391785154</double> 
        </void> 
        <void method="add"> 
         <double>6634.79400136806</double> 
        </void> 
        <void method="add"> 
         <double>6636.793218117597</double> 
        </void> 
        <void method="add"> 
         <double>6637.735322223151</double> 
        </void> 
        <void method="add"> 
         <double>6638.223154720671</double> 
        </void> 
        <void method="add"> 
         <double>6640.861684544345</double> 
        </void> 
        <void method="add"> 
         <double>6657.787784641559</double> 
        </void> 
        <void method="add"> 
         <double>6658.1047428367065</double> 
        </void> 
        <void method="add"> 
         <double>6660.591696174307</double> 
        </void> 
        <void method="add"> 
         <double>6670.33525198812</double> 
        </void> 
        <void method="add"> 
         <double>6671.687583868021</double> 
        </void> 
        <void method="add"> 
         <double>6749.935411101327</double> 
        </void> 
        <void method="add"> 
         <double>6756.36276884645</double> 
        </void> 
        <void method="add"> 
         <double>6760.3721008958</double> 
        </void> 
        <void method="add"> 
         <double>6764.050587598998</double> 
        </void> 
        <void method="add"> 
         <double>6766.727091806934</double> 
        </void> 
        <void method="add"> 
         <double>6728.899062015494</double> 
        </void> 
        <void method="add"> 
         <double>6744.7312267573025</double> 
        </void> 
        <void method="add"> 
         <double>6747.809432463047</double> 
        </void> 
        <void method="add"> 
         <double>6729.671065642393</double> 
        </void> 
        <void method="add"> 
         <double>6741.107606129139</double> 
        </void> 
       </object> 
      </void> 
      <void property="stdev"> 
       <double>53.219794284084664</double> 
      </void> 
     </object> 
    </void> 
    <void index="5"> 
     <object class="jmbench.tools.EvaluationMetrics"> 
      <void property="max"> 
       <double>5261.096019390941</double> 
      </void> 
      <void property="mean"> 
       <double>5169.158583211223</double> 
      </void> 
      <void property="median"> 
       <double>5159.208060823398</double> 
      </void> 
      <void property="min"> 
       <double>5012.3176237150365</double> 
      </void> 
      <void property="rawResults"> 
       <object class="java.util.ArrayList"> 
        <void method="add"> 
         <double>5012.3176237150365</double> 
        </void> 
        <void method="add"> 
         <double>5119.738083964176</double> 
        </void> 
        <void method="add"> 
         <double>5121.983400422775</double> 
        </void> 
        <void method="add"> 
         <double>5130.953461255262</double> 
        </void> 
        <void method="add"> 
         <double>5131.090832258976</double> 
        </void> 
        <void method="add"> 
         <double>5134.46382853187</double> 
        </void> 
        <void method="add"> 
         <double>5138.164221571728</double> 
        </void> 
        <void method="add"> 
         <double>5138.730137359598</double> 
        </void> 
        <void method="add"> 
         <double>5140.280049524816</double> 
        </void> 
        <void method="add"> 
         <double>5144.182736565927</double> 
        </void> 
        <void method="add"> 
         <double>5148.94507062452</double> 
        </void> 
        <void method="add"> 
         <double>5155.605582955994</double> 
        </void> 
        <void method="add"> 
         <double>5159.208060823398</double> 
        </void> 
        <void method="add"> 
         <double>5164.114237310385</double> 
        </void> 
        <void method="add"> 
         <double>5170.045094223081</double> 
        </void> 
        <void method="add"> 
         <double>5179.904488223791</double> 
        </void> 
        <void method="add"> 
         <double>5183.600168268517</double> 
        </void> 
        <void method="add"> 
         <double>5189.020763088086</double> 
        </void> 
        <void method="add"> 
         <double>5189.853673699686</double> 
        </void> 
        <void method="add"> 
         <double>5192.816806398425</double> 
        </void> 
        <void method="add"> 
         <double>5251.914126677027</double> 
        </void> 
        <void method="add"> 
         <double>5261.096019390941</double> 
        </void> 
        <void method="add"> 
         <double>5258.67758370976</double> 
        </void> 
        <void method="add"> 
         <double>5252.758376591545</double> 
        </void> 
        <void method="add"> 
         <double>5259.5001531252465</double> 
        </void> 
       </object> 
      </void> 
      <void property="stdev"> 
       <double>55.718214388650644</double> 
      </void> 
     </object> 
    </void> 
    <void index="6"> 
     <object class="jmbench.tools.EvaluationMetrics"> 
      <void property="max"> 
       <double>1345.4337369339087</double> 
      </void> 
      <void property="mean"> 
       <double>1318.2424500922352</double> 
      </void> 
      <void property="median"> 
       <double>1326.132648913733</double> 
      </void> 
      <void property="min"> 
       <double>1267.6740223812762</double> 
      </void> 
      <void property="rawResults"> 
       <object class="java.util.ArrayList"> 
        <void method="add"> 
         <double>1267.6740223812762</double> 
        </void> 
        <void method="add"> 
         <double>1274.2868600873871</double> 
        </void> 
        <void method="add"> 
         <double>1288.7767915385089</double> 
        </void> 
        <void method="add"> 
         <double>1289.649539295127</double> 
        </void> 
        <void method="add"> 
         <double>1293.1479265890916</double> 
        </void> 
        <void method="add"> 
         <double>1310.8370018655285</double> 
        </void> 
        <void method="add"> 
         <double>1317.0683507702518</double> 
        </void> 
        <void method="add"> 
         <double>1319.5640599222995</double> 
        </void> 
        <void method="add"> 
         <double>1323.6580880268461</double> 
        </void> 
        <void method="add"> 
         <double>1328.0425631700602</double> 
        </void> 
        <void method="add"> 
         <double>1329.1177193298604</double> 
        </void> 
        <void method="add"> 
         <double>1332.326023963364</double> 
        </void> 
        <void method="add"> 
         <double>1334.53461394568</double> 
        </void> 
        <void method="add"> 
         <double>1336.5932534244826</double> 
        </void> 
        <void method="add"> 
         <double>1340.683614085105</double> 
        </void> 
        <void method="add"> 
         <double>1342.1545662292083</double> 
        </void> 
        <void method="add"> 
         <double>1343.058085197688</double> 
        </void> 
        <void method="add"> 
         <double>1343.759245203931</double> 
        </void> 
        <void method="add"> 
         <double>1344.0608286089407</double> 
        </void> 
        <void method="add"> 
         <double>1345.4337369339087</double> 
        </void> 
        <void method="add"> 
         <double>1273.227366654312</double> 
        </void> 
        <void method="add"> 
         <double>1305.5087313755096</double> 
        </void> 
        <void method="add"> 
         <double>1318.4853175774053</double> 
        </void> 
        <void method="add"> 
         <double>1328.2802972163754</double> 
        </void> 
        <void method="add"> 
         <double>1326.132648913733</double> 
        </void> 
       </object> 
      </void> 
      <void property="stdev"> 
       <double>23.670037731090773</double> 
      </void> 
     </object> 
    </void> 
    <void index="7"> 
     <object class="jmbench.tools.EvaluationMetrics"> 
      <void property="max"> 
       <double>196.1096182951246</double> 
      </void> 
      <void property="mean"> 
       <double>190.6647926799318</double> 
      </void> 
      <void property="median"> 
       <double>191.89241749803398</double> 
      </void> 
      <void property="min"> 
       <double>183.46392702642686</double> 
      </void> 
      <void property="rawResults"> 
       <object class="java.util.ArrayList"> 
        <void method="add"> 
         <double>184.12723648860054</double> 
        </void> 
        <void method="add"> 
         <double>185.72129234737656</double> 
        </void> 
        <void method="add"> 
         <double>186.22200585537485</double> 
        </void> 
        <void method="add"> 
         <double>186.99641038746847</double> 
        </void> 
        <void method="add"> 
         <double>187.3374963046504</double> 
        </void> 
        <void method="add"> 
         <double>191.17093479027332</double> 
        </void> 
        <void method="add"> 
         <double>191.62887456203393</double> 
        </void> 
        <void method="add"> 
         <double>191.89241749803398</double> 
        </void> 
        <void method="add"> 
         <double>192.24253704153526</double> 
        </void> 
        <void method="add"> 
         <double>192.78637154447225</double> 
        </void> 
        <void method="add"> 
         <double>193.96410151893403</double> 
        </void> 
        <void method="add"> 
         <double>194.05429063745973</double> 
        </void> 
        <void method="add"> 
         <double>194.13336735904713</double> 
        </void> 
        <void method="add"> 
         <double>194.23626945137863</double> 
        </void> 
        <void method="add"> 
         <double>194.5276554439776</double> 
        </void> 
        <void method="add"> 
         <double>194.7345090316692</double> 
        </void> 
        <void method="add"> 
         <double>194.85775077698275</double> 
        </void> 
        <void method="add"> 
         <double>194.96794026615453</double> 
        </void> 
        <void method="add"> 
         <double>194.98968089117713</double> 
        </void> 
        <void method="add"> 
         <double>196.1096182951246</double> 
        </void> 
        <void method="add"> 
         <double>186.64923607126067</double> 
        </void> 
        <void method="add"> 
         <double>190.20458964388078</double> 
        </void> 
        <void method="add"> 
         <double>183.46392702642686</double> 
        </void> 
        <void method="add"> 
         <double>185.00694882910025</double> 
        </void> 
        <void method="add"> 
         <double>184.59435493590152</double> 
        </void> 
       </object> 
      </void> 
      <void property="stdev"> 
       <double>4.104978457856682</double> 
      </void> 
     </object> 
    </void> 
    <void index="8"> 
     <object class="jmbench.tools.EvaluationMetrics"> 
      <void property="max"> 
       <double>16.616174692302252</double> 
      </void> 
      <void property="mean"> 
       <double>16.44748406137142</double> 
      </void> 
      <void property="median"> 
       <double>16.43311839378678</double> 
      </void> 
      <void property="min"> 
       <double>16.193957836282625</double> 
      </void> 
      <void property="rawResults"> 
       <object class="java.util.ArrayList"> 
        <void method="add"> 
         <double>16.193957836282625</double> 
        </void> 
        <void method="add"> 
         <double>16.270358460116057</double> 
        </void> 
        <void method="add"> 
         <double>16.28166031288007</double> 
        </void> 
        <void method="add"> 
         <double>16.35925038436108</double> 
        </void> 
        <void method="add"> 
         <double>16.406425242411373</double> 
        </void> 
        <void method="add"> 
         <double>16.415389757411397</double> 
        </void> 
        <void method="add"> 
         <double>16.417633028865023</double> 
        </void> 
        <void method="add"> 
         <double>16.42226232570797</double> 
        </void> 
        <void method="add"> 
         <double>16.426436207989358</double> 
        </void> 
        <void method="add"> 
         <double>16.429959787390263</double> 
        </void> 
        <void method="add"> 
         <double>16.43311839378678</double> 
        </void> 
        <void method="add"> 
         <double>16.447630583943813</double> 
        </void> 
        <void method="add"> 
         <double>16.47562446929233</double> 
        </void> 
        <void method="add"> 
         <double>16.476764692820932</double> 
        </void> 
        <void method="add"> 
         <double>16.479676441829657</double> 
        </void> 
        <void method="add"> 
         <double>16.495394691826153</double> 
        </void> 
        <void method="add"> 
         <double>16.551459493563193</double> 
        </void> 
        <void method="add"> 
         <double>16.58041515909767</double> 
        </void> 
        <void method="add"> 
         <double>16.583636406889504</double> 
        </void> 
        <void method="add"> 
         <double>16.616174692302252</double> 
        </void> 
        <void method="add"> 
         <double>16.3936670852464</double> 
        </void> 
        <void method="add"> 
         <double>16.430892403149258</double> 
        </void> 
        <void method="add"> 
         <double>16.605320071825236</double> 
        </void> 
        <void method="add"> 
         <double>16.53691660234217</double> 
        </void> 
        <void method="add"> 
         <double>16.457077002954918</double> 
        </void> 
       </object> 
      </void> 
      <void property="stdev"> 
       <double>0.10055085347033356</double> 
      </void> 
     </object> 
    </void> 
    <void index="9"> 
     <object class="jmbench.tools.EvaluationMetrics"> 
      <void property="max"> 
       <double>0.6614171401481067</double> 
      </void> 
      <void property="mean"> 
       <double>0.6137947046818633</double> 
      </void> 
      <void property="median"> 
       <double>0.6362224697025833</double> 
      </void> 
      <void property="min"> 
       <double>0.4717483907936488</double> 
      </void> 
      <void property="rawResults"> 
       <object class="java.util.ArrayList"> 
        <void method="add"> 
         <double>0.4717483907936488</double> 
        </void> 
        <void method="add"> 
         <double>0.5157507034958864</double> 
        </void> 
        <void method="add"> 
         <double>0.5388240665261742</double> 
        </void> 
        <void method="add"> 
         <double>0.5536194241724205</double> 
        </void> 
        <void method="add"> 
         <double>0.5568238648258217</double> 
        </void> 
        <void method="add"> 
         <double>0.5823442661223964</double> 
        </void> 
        <void method="add"> 
         <double>0.5993244143108604</double> 
        </void> 
        <void method="add"> 
         <double>0.602152489333647</double> 
        </void> 
        <void method="add"> 
         <double>0.6163347179196212</double> 
        </void> 
        <void method="add"> 
         <double>0.6313556704957635</double> 
        </void> 
        <void method="add"> 
         <double>0.6341226505483917</double> 
        </void> 
        <void method="add"> 
         <double>0.6347447870383904</double> 
        </void> 
        <void method="add"> 
         <double>0.6371405129700206</double> 
        </void> 
        <void method="add"> 
         <double>0.6395217840281312</double> 
        </void> 
        <void method="add"> 
         <double>0.6403491886623857</double> 
        </void> 
        <void method="add"> 
         <double>0.6467489203926985</double> 
        </void> 
        <void method="add"> 
         <double>0.6472691341593708</double> 
        </void> 
        <void method="add"> 
         <double>0.6473165250548326</double> 
        </void> 
        <void method="add"> 
         <double>0.6603301349498174</double> 
        </void> 
        <void method="add"> 
         <double>0.6614171401481067</double> 
        </void> 
        <void method="add"> 
         <double>0.6380787396062305</double> 
        </void> 
        <void method="add"> 
         <double>0.6466128287018529</double> 
        </void> 
        <void method="add"> 
         <double>0.6464689570935325</double> 
        </void> 
        <void method="add"> 
         <double>0.6602458359939961</double> 
        </void> 
        <void method="add"> 
         <double>0.6362224697025833</double> 
        </void> 
       </object> 
      </void> 
      <void property="stdev"> 
       <double>0.04892808419307647</double> 
      </void> 
     </object> 
    </void> 
    <void index="10"> 
     <object class="jmbench.tools.EvaluationMetrics"> 
      <void property="max"> 
       <double>0.057699807512178514</double> 
      </void> 
      <void property="mean"> 
       <double>0.053948068556727305</double> 
      </void> 
      <void property="median"> 
       <double>0.05340219750626959</double> 
      </void> 
      <void property="min"> 
       <double>0.05180645832542927</double> 
      </void> 
      <void property="rawResults"> 
       <object class="java.util.ArrayList"> 
        <void method="add"> 
         <double>0.052883810883031845</double> 
        </void> 
        <void method="add"> 
         <double>0.057699807512178514</double> 
        </void> 
        <void method="add"> 
         <double>0.05340219750626959</double> 
        </void> 
        <void method="add"> 
         <double>0.05180645832542927</double> 
        </void> 
       </object> 
      </void> 
      <void property="stdev"> 
       <double>0.0022412417971070216</double> 
      </void> 
     </object> 
    </void> 
   </array> 
  </void> 
  <void property="opName"> 
   <string>QR</string> 
  </void> 
 </object> 
</java> 
