<?xml version="1.0" encoding="UTF-8"?> 
<java version="1.6.0_16" class="java.beans.XMLDecoder"> 
 <object class="jmbench.tools.runtime.OperationResults"> 
  <void property="library"> 
   <object class="jmbench.impl.MatrixLibrary" method="valueOf"> 
    <string>UJMP</string> 
   </object> 
  </void> 
  <void property="matDimen"> 
   <array class="int" length="12"> 
    <void index="0"> 
     <int>2</int> 
    </void> 
    <void index="1"> 
     <int>3</int> 
    </void> 
    <void index="2"> 
     <int>4</int> 
    </void> 
    <void index="3"> 
     <int>5</int> 
    </void> 
    <void index="4"> 
     <int>10</int> 
    </void> 
    <void index="5"> 
     <int>20</int> 
    </void> 
    <void index="6"> 
     <int>50</int> 
    </void> 
    <void index="7"> 
     <int>100</int> 
    </void> 
    <void index="8"> 
     <int>200</int> 
    </void> 
    <void index="9"> 
     <int>500</int> 
    </void> 
    <void index="10"> 
     <int>1000</int> 
    </void> 
    <void index="11"> 
     <int>2000</int> 
    </void> 
   </array> 
  </void> 
  <void property="metrics"> 
   <array class="jmbench.tools.EvaluationMetrics" length="12"> 
    <void index="0"> 
     <object class="jmbench.tools.EvaluationMetrics"> 
      <void property="max"> 
       <double>1.0874914918064035E7</double> 
      </void> 
      <void property="mean"> 
       <double>1.0860925969178058E7</double> 
      </void> 
      <void property="median"> 
       <double>1.0870110220449006E7</double> 
      </void> 
      <void property="min"> 
       <double>1.0736145524293242E7</double> 
      </void> 
      <void property="rawResults"> 
       <object class="java.util.ArrayList"> 
        <void method="add"> 
         <double>1.0826740846982636E7</double> 
        </void> 
        <void method="add"> 
         <double>1.083440359425795E7</double> 
        </void> 
        <void method="add"> 
         <double>1.0843200434515057E7</double> 
        </void> 
        <void method="add"> 
         <double>1.085807024230891E7</double> 
        </void> 
        <void method="add"> 
         <double>1.0866366556329023E7</double> 
        </void> 
        <void method="add"> 
         <double>1.086702494394733E7</double> 
        </void> 
        <void method="add"> 
         <double>1.0867857144576322E7</double> 
        </void> 
        <void method="add"> 
         <double>1.0868502659911346E7</double> 
        </void> 
        <void method="add"> 
         <double>1.0868694991349347E7</double> 
        </void> 
        <void method="add"> 
         <double>1.0869614134578286E7</double> 
        </void> 
        <void method="add"> 
         <double>1.0870512204098871E7</double> 
        </void> 
        <void method="add"> 
         <double>1.0870914257097928E7</double> 
        </void> 
        <void method="add"> 
         <double>1.087220158353404E7</double> 
        </void> 
        <void method="add"> 
         <double>1.0874087019202746E7</double> 
        </void> 
        <void method="add"> 
         <double>1.0874530728354465E7</double> 
        </void> 
        <void method="add"> 
         <double>1.0874710709183672E7</double> 
        </void> 
        <void method="add"> 
         <double>1.0874773676549306E7</double> 
        </void> 
        <void method="add"> 
         <double>1.0874783144886209E7</double> 
        </void> 
        <void method="add"> 
         <double>1.087479808900803E7</double> 
        </void> 
        <void method="add"> 
         <double>1.0874914918064035E7</double> 
        </void> 
        <void method="add"> 
         <double>1.0868892884255355E7</double> 
        </void> 
        <void method="add"> 
         <double>1.0870110220449006E7</double> 
        </void> 
        <void method="add"> 
         <double>1.0870302411576945E7</double> 
        </void> 
        <void method="add"> 
         <double>1.0736145524293242E7</double> 
        </void> 
        <void method="add"> 
         <double>1.0870996310141351E7</double> 
        </void> 
       </object> 
      </void> 
      <void property="stdev"> 
       <double>28318.78272626163</double> 
      </void> 
     </object> 
    </void> 
    <void index="1"> 
     <object class="jmbench.tools.EvaluationMetrics"> 
      <void property="max"> 
       <double>1.0361095346252428E7</double> 
      </void> 
      <void property="mean"> 
       <double>1.0293891947770659E7</double> 
      </void> 
      <void property="median"> 
       <double>1.0295847338644346E7</double> 
      </void> 
      <void property="min"> 
       <double>1.0211197100789474E7</double> 
      </void> 
      <void property="rawResults"> 
       <object class="java.util.ArrayList"> 
        <void method="add"> 
         <double>1.0211197100789474E7</double> 
        </void> 
        <void method="add"> 
         <double>1.0246408906841595E7</double> 
        </void> 
        <void method="add"> 
         <double>1.0257291277910797E7</double> 
        </void> 
        <void method="add"> 
         <double>1.0259816932122402E7</double> 
        </void> 
        <void method="add"> 
         <double>1.026337726973323E7</double> 
        </void> 
        <void method="add"> 
         <double>1.026738982572644E7</double> 
        </void> 
        <void method="add"> 
         <double>1.027222392607256E7</double> 
        </void> 
        <void method="add"> 
         <double>1.0283284211103171E7</double> 
        </void> 
        <void method="add"> 
         <double>1.028835360081597E7</double> 
        </void> 
        <void method="add"> 
         <double>1.0295847338644346E7</double> 
        </void> 
        <void method="add"> 
         <double>1.0303645091934945E7</double> 
        </void> 
        <void method="add"> 
         <double>1.0305151622963361E7</double> 
        </void> 
        <void method="add"> 
         <double>1.0314749440939458E7</double> 
        </void> 
        <void method="add"> 
         <double>1.0318178759314543E7</double> 
        </void> 
        <void method="add"> 
         <double>1.0330077398929752E7</double> 
        </void> 
        <void method="add"> 
         <double>1.0331885902315091E7</double> 
        </void> 
        <void method="add"> 
         <double>1.0343810290648643E7</double> 
        </void> 
        <void method="add"> 
         <double>1.0344668273311207E7</double> 
        </void> 
        <void method="add"> 
         <double>1.0358220012572026E7</double> 
        </void> 
        <void method="add"> 
         <double>1.0361095346252428E7</double> 
        </void> 
        <void method="add"> 
         <double>1.0270681940863894E7</double> 
        </void> 
        <void method="add"> 
         <double>1.0297732567902798E7</double> 
        </void> 
        <void method="add"> 
         <double>1.030963898005484E7</double> 
        </void> 
        <void method="add"> 
         <double>1.0236193790916355E7</double> 
        </void> 
        <void method="add"> 
         <double>1.0276378885587126E7</double> 
        </void> 
       </object> 
      </void> 
      <void property="stdev"> 
       <double>37950.08399993535</double> 
      </void> 
     </object> 
    </void> 
    <void index="2"> 
     <object class="jmbench.tools.EvaluationMetrics"> 
      <void property="max"> 
       <double>9831635.61472174</double> 
      </void> 
      <void property="mean"> 
       <double>9819471.137254683</double> 
      </void> 
      <void property="median"> 
       <double>9824998.376088113</double> 
      </void> 
      <void property="min"> 
       <double>9748954.664971435</double> 
      </void> 
      <void property="rawResults"> 
       <object class="java.util.ArrayList"> 
        <void method="add"> 
         <double>9797887.164245542</double> 
        </void> 
        <void method="add"> 
         <double>9812289.257021116</double> 
        </void> 
        <void method="add"> 
         <double>9813023.149583744</double> 
        </void> 
        <void method="add"> 
         <double>9819772.819668086</double> 
        </void> 
        <void method="add"> 
         <double>9823409.660386428</double> 
        </void> 
        <void method="add"> 
         <double>9824689.550876739</double> 
        </void> 
        <void method="add"> 
         <double>9824690.465077322</double> 
        </void> 
        <void method="add"> 
         <double>9824998.376088113</double> 
        </void> 
        <void method="add"> 
         <double>9825209.381853305</double> 
        </void> 
        <void method="add"> 
         <double>9825984.79977419</double> 
        </void> 
        <void method="add"> 
         <double>9826035.65668299</double> 
        </void> 
        <void method="add"> 
         <double>9826216.358109675</double> 
        </void> 
        <void method="add"> 
         <double>9826339.287721606</double> 
        </void> 
        <void method="add"> 
         <double>9826755.65751536</double> 
        </void> 
        <void method="add"> 
         <double>9827376.70395193</double> 
        </void> 
        <void method="add"> 
         <double>9827965.956594294</double> 
        </void> 
        <void method="add"> 
         <double>9828032.76127938</double> 
        </void> 
        <void method="add"> 
         <double>9829952.50233667</double> 
        </void> 
        <void method="add"> 
         <double>9830950.16078009</double> 
        </void> 
        <void method="add"> 
         <double>9831635.61472174</double> 
        </void> 
        <void method="add"> 
         <double>9818024.362898361</double> 
        </void> 
        <void method="add"> 
         <double>9748954.664971435</double> 
        </void> 
        <void method="add"> 
         <double>9798508.434741823</double> 
        </void> 
        <void method="add"> 
         <double>9824258.769346768</double> 
        </void> 
        <void method="add"> 
         <double>9823816.915140396</double> 
        </void> 
       </object> 
      </void> 
      <void property="stdev"> 
       <double>16706.05073791647</double> 
      </void> 
     </object> 
    </void> 
    <void index="3"> 
     <object class="jmbench.tools.EvaluationMetrics"> 
      <void property="max"> 
       <double>9447588.094613036</double> 
      </void> 
      <void property="mean"> 
       <double>9370538.952700961</double> 
      </void> 
      <void property="median"> 
       <double>9440203.393974423</double> 
      </void> 
      <void property="min"> 
       <double>8985544.048793256</double> 
      </void> 
      <void property="rawResults"> 
       <object class="java.util.ArrayList"> 
        <void method="add"> 
         <double>8985544.048793256</double> 
        </void> 
        <void method="add"> 
         <double>9180372.953713432</double> 
        </void> 
        <void method="add"> 
         <double>9180434.254607711</double> 
        </void> 
        <void method="add"> 
         <double>9180568.718625784</double> 
        </void> 
        <void method="add"> 
         <double>9187171.161886992</double> 
        </void> 
        <void method="add"> 
         <double>9427332.428987818</double> 
        </void> 
        <void method="add"> 
         <double>9437601.590333914</double> 
        </void> 
        <void method="add"> 
         <double>9440099.961326363</double> 
        </void> 
        <void method="add"> 
         <double>9440203.393974423</double> 
        </void> 
        <void method="add"> 
         <double>9440353.551337572</double> 
        </void> 
        <void method="add"> 
         <double>9440477.509744618</double> 
        </void> 
        <void method="add"> 
         <double>9440507.348905288</double> 
        </void> 
        <void method="add"> 
         <double>9440556.17053839</double> 
        </void> 
        <void method="add"> 
         <double>9440734.363121938</double> 
        </void> 
        <void method="add"> 
         <double>9440997.35861166</double> 
        </void> 
        <void method="add"> 
         <double>9441141.640415924</double> 
        </void> 
        <void method="add"> 
         <double>9442963.17301508</double> 
        </void> 
        <void method="add"> 
         <double>9443305.431470219</double> 
        </void> 
        <void method="add"> 
         <double>9447513.160741199</double> 
        </void> 
        <void method="add"> 
         <double>9447588.094613036</double> 
        </void> 
        <void method="add"> 
         <double>9439931.466127187</double> 
        </void> 
        <void method="add"> 
         <double>9440936.7613822</double> 
        </void> 
        <void method="add"> 
         <double>9182644.645216588</double> 
        </void> 
        <void method="add"> 
         <double>9440073.876465317</double> 
        </void> 
        <void method="add"> 
         <double>9434420.75356815</double> 
        </void> 
       </object> 
      </void> 
      <void property="stdev"> 
       <double>129380.7451354421</double> 
      </void> 
     </object> 
    </void> 
    <void index="4"> 
     <object class="jmbench.tools.EvaluationMetrics"> 
      <void property="max"> 
       <double>6239937.6458562575</double> 
      </void> 
      <void property="mean"> 
       <double>6205876.299795433</double> 
      </void> 
      <void property="median"> 
       <double>6235282.160274498</double> 
      </void> 
      <void property="min"> 
       <double>6082855.156067848</double> 
      </void> 
      <void property="rawResults"> 
       <object class="java.util.ArrayList"> 
        <void method="add"> 
         <double>6082855.156067848</double> 
        </void> 
        <void method="add"> 
         <double>6086227.527580551</double> 
        </void> 
        <void method="add"> 
         <double>6086937.328963198</double> 
        </void> 
        <void method="add"> 
         <double>6087567.348027695</double> 
        </void> 
        <void method="add"> 
         <double>6222214.986670557</double> 
        </void> 
        <void method="add"> 
         <double>6226047.127236169</double> 
        </void> 
        <void method="add"> 
         <double>6227879.635162341</double> 
        </void> 
        <void method="add"> 
         <double>6234155.1050138045</double> 
        </void> 
        <void method="add"> 
         <double>6234932.3306003725</double> 
        </void> 
        <void method="add"> 
         <double>6235282.160274498</double> 
        </void> 
        <void method="add"> 
         <double>6235497.67337174</double> 
        </void> 
        <void method="add"> 
         <double>6237426.360038774</double> 
        </void> 
        <void method="add"> 
         <double>6237933.315227979</double> 
        </void> 
        <void method="add"> 
         <double>6239169.433161316</double> 
        </void> 
        <void method="add"> 
         <double>6239249.554017956</double> 
        </void> 
        <void method="add"> 
         <double>6239472.3740100665</double> 
        </void> 
        <void method="add"> 
         <double>6239562.93395104</double> 
        </void> 
        <void method="add"> 
         <double>6239731.273974321</double> 
        </void> 
        <void method="add"> 
         <double>6239816.285014533</double> 
        </void> 
        <void method="add"> 
         <double>6239937.6458562575</double> 
        </void> 
        <void method="add"> 
         <double>6235040.67892417</double> 
        </void> 
        <void method="add"> 
         <double>6234828.791367257</double> 
        </void> 
        <void method="add"> 
         <double>6086222.692569822</double> 
        </void> 
        <void method="add"> 
         <double>6239202.98080331</double> 
        </void> 
        <void method="add"> 
         <double>6239716.797000215</double> 
        </void> 
       </object> 
      </void> 
      <void property="stdev"> 
       <double>60121.943319928694</double> 
      </void> 
     </object> 
    </void> 
    <void index="5"> 
     <object class="jmbench.tools.EvaluationMetrics"> 
      <void property="max"> 
       <double>2553892.88829104</double> 
      </void> 
      <void property="mean"> 
       <double>2549041.0648591947</double> 
      </void> 
      <void property="median"> 
       <double>2549492.0921128234</double> 
      </void> 
      <void property="min"> 
       <double>2540940.5695960447</double> 
      </void> 
      <void property="rawResults"> 
       <object class="java.util.ArrayList"> 
        <void method="add"> 
         <double>2540940.5695960447</double> 
        </void> 
        <void method="add"> 
         <double>2542477.636732102</double> 
        </void> 
        <void method="add"> 
         <double>2542958.9145569876</double> 
        </void> 
        <void method="add"> 
         <double>2543211.8342770874</double> 
        </void> 
        <void method="add"> 
         <double>2546892.742235981</double> 
        </void> 
        <void method="add"> 
         <double>2547349.525882043</double> 
        </void> 
        <void method="add"> 
         <double>2547537.3783503757</double> 
        </void> 
        <void method="add"> 
         <double>2548543.2395281624</double> 
        </void> 
        <void method="add"> 
         <double>2549492.0921128234</double> 
        </void> 
        <void method="add"> 
         <double>2550637.0005545313</double> 
        </void> 
        <void method="add"> 
         <double>2550880.6151709375</double> 
        </void> 
        <void method="add"> 
         <double>2551877.986434117</double> 
        </void> 
        <void method="add"> 
         <double>2552109.4403851866</double> 
        </void> 
        <void method="add"> 
         <double>2552365.0210215906</double> 
        </void> 
        <void method="add"> 
         <double>2552380.366853694</double> 
        </void> 
        <void method="add"> 
         <double>2552418.628796416</double> 
        </void> 
        <void method="add"> 
         <double>2553056.8608537316</double> 
        </void> 
        <void method="add"> 
         <double>2553162.9741108124</double> 
        </void> 
        <void method="add"> 
         <double>2553414.5842621457</double> 
        </void> 
        <void method="add"> 
         <double>2553892.88829104</double> 
        </void> 
        <void method="add"> 
         <double>2548096.9234140897</double> 
        </void> 
        <void method="add"> 
         <double>2546515.008109392</double> 
        </void> 
        <void method="add"> 
         <double>2547835.2036909126</double> 
        </void> 
        <void method="add"> 
         <double>2546583.163112532</double> 
        </void> 
        <void method="add"> 
         <double>2551396.023147142</double> 
        </void> 
       </object> 
      </void> 
      <void property="stdev"> 
       <double>3703.8238518480166</double> 
      </void> 
     </object> 
    </void> 
    <void index="6"> 
     <object class="jmbench.tools.EvaluationMetrics"> 
      <void property="max"> 
       <double>358540.89607843384</double> 
      </void> 
      <void property="mean"> 
       <double>354902.95634032565</double> 
      </void> 
      <void property="median"> 
       <double>354508.4062681374</double> 
      </void> 
      <void property="min"> 
       <double>350709.9549393143</double> 
      </void> 
      <void property="rawResults"> 
       <object class="java.util.ArrayList"> 
        <void method="add"> 
         <double>350709.9549393143</double> 
        </void> 
        <void method="add"> 
         <double>350896.98147015297</double> 
        </void> 
        <void method="add"> 
         <double>350977.98975711054</double> 
        </void> 
        <void method="add"> 
         <double>351974.3847290122</double> 
        </void> 
        <void method="add"> 
         <double>352341.9319239136</double> 
        </void> 
        <void method="add"> 
         <double>352466.2309774206</double> 
        </void> 
        <void method="add"> 
         <double>352874.9321310919</double> 
        </void> 
        <void method="add"> 
         <double>353539.3827512097</double> 
        </void> 
        <void method="add"> 
         <double>353748.61025624064</double> 
        </void> 
        <void method="add"> 
         <double>353896.48580568325</double> 
        </void> 
        <void method="add"> 
         <double>354115.60246092733</double> 
        </void> 
        <void method="add"> 
         <double>354381.2430700277</double> 
        </void> 
        <void method="add"> 
         <double>355632.24827373785</double> 
        </void> 
        <void method="add"> 
         <double>356037.06065934466</double> 
        </void> 
        <void method="add"> 
         <double>356595.55434792663</double> 
        </void> 
        <void method="add"> 
         <double>356750.487515975</double> 
        </void> 
        <void method="add"> 
         <double>357231.04569322313</double> 
        </void> 
        <void method="add"> 
         <double>357730.8684421663</double> 
        </void> 
        <void method="add"> 
         <double>358191.7478726543</double> 
        </void> 
        <void method="add"> 
         <double>358540.89607843384</double> 
        </void> 
        <void method="add"> 
         <double>358529.35208731255</double> 
        </void> 
        <void method="add"> 
         <double>356650.2644541174</double> 
        </void> 
        <void method="add"> 
         <double>356551.887336779</double> 
        </void> 
        <void method="add"> 
         <double>357700.359206227</double> 
        </void> 
        <void method="add"> 
         <double>354508.4062681374</double> 
        </void> 
       </object> 
      </void> 
      <void property="stdev"> 
       <double>2464.0242599924813</double> 
      </void> 
     </object> 
    </void> 
    <void index="7"> 
     <object class="jmbench.tools.EvaluationMetrics"> 
      <void property="max"> 
       <double>94414.96378487452</double> 
      </void> 
      <void property="mean"> 
       <double>93783.24424855322</double> 
      </void> 
      <void property="median"> 
       <double>93948.48783511778</double> 
      </void> 
      <void property="min"> 
       <double>92641.60984776892</double> 
      </void> 
      <void property="rawResults"> 
       <object class="java.util.ArrayList"> 
        <void method="add"> 
         <double>92641.60984776892</double> 
        </void> 
        <void method="add"> 
         <double>93118.35544461405</double> 
        </void> 
        <void method="add"> 
         <double>93217.9781969494</double> 
        </void> 
        <void method="add"> 
         <double>93426.631195158</double> 
        </void> 
        <void method="add"> 
         <double>93440.99055694258</double> 
        </void> 
        <void method="add"> 
         <double>93510.27866847385</double> 
        </void> 
        <void method="add"> 
         <double>93650.87084724547</double> 
        </void> 
        <void method="add"> 
         <double>93806.36527848153</double> 
        </void> 
        <void method="add"> 
         <double>93948.48783511778</double> 
        </void> 
        <void method="add"> 
         <double>94023.2565673009</double> 
        </void> 
        <void method="add"> 
         <double>94023.58893682419</double> 
        </void> 
        <void method="add"> 
         <double>94027.28947544529</double> 
        </void> 
        <void method="add"> 
         <double>94065.34860153413</double> 
        </void> 
        <void method="add"> 
         <double>94082.32108662331</double> 
        </void> 
        <void method="add"> 
         <double>94151.25132958296</double> 
        </void> 
        <void method="add"> 
         <double>94162.33586303564</double> 
        </void> 
        <void method="add"> 
         <double>94199.59313791752</double> 
        </void> 
        <void method="add"> 
         <double>94345.3488212606</double> 
        </void> 
        <void method="add"> 
         <double>94365.83037065668</double> 
        </void> 
        <void method="add"> 
         <double>94414.96378487452</double> 
        </void> 
        <void method="add"> 
         <double>93274.64364798853</double> 
        </void> 
        <void method="add"> 
         <double>93279.57447819826</double> 
        </void> 
        <void method="add"> 
         <double>93815.8324675559</double> 
        </void> 
        <void method="add"> 
         <double>93560.06457216156</double> 
        </void> 
        <void method="add"> 
         <double>94028.29520211837</double> 
        </void> 
       </object> 
      </void> 
      <void property="stdev"> 
       <double>442.8669070537394</double> 
      </void> 
     </object> 
    </void> 
    <void index="8"> 
     <object class="jmbench.tools.EvaluationMetrics"> 
      <void property="max"> 
       <double>23960.708391273245</double> 
      </void> 
      <void property="mean"> 
       <double>23755.474368226274</double> 
      </void> 
      <void property="median"> 
       <double>23787.594484436366</double> 
      </void> 
      <void property="min"> 
       <double>23298.87888784382</double> 
      </void> 
      <void property="rawResults"> 
       <object class="java.util.ArrayList"> 
        <void method="add"> 
         <double>23298.87888784382</double> 
        </void> 
        <void method="add"> 
         <double>23473.54348540593</double> 
        </void> 
        <void method="add"> 
         <double>23530.244166366952</double> 
        </void> 
        <void method="add"> 
         <double>23550.337874333854</double> 
        </void> 
        <void method="add"> 
         <double>23552.258321849768</double> 
        </void> 
        <void method="add"> 
         <double>23666.6270118875</double> 
        </void> 
        <void method="add"> 
         <double>23684.44288964473</double> 
        </void> 
        <void method="add"> 
         <double>23749.574051940162</double> 
        </void> 
        <void method="add"> 
         <double>23768.711926833665</double> 
        </void> 
        <void method="add"> 
         <double>23768.98953484765</double> 
        </void> 
        <void method="add"> 
         <double>23787.594484436366</double> 
        </void> 
        <void method="add"> 
         <double>23870.004303465576</double> 
        </void> 
        <void method="add"> 
         <double>23871.452446510884</double> 
        </void> 
        <void method="add"> 
         <double>23899.46905939199</double> 
        </void> 
        <void method="add"> 
         <double>23908.781485519045</double> 
        </void> 
        <void method="add"> 
         <double>23914.930382694787</double> 
        </void> 
        <void method="add"> 
         <double>23926.36897293847</double> 
        </void> 
        <void method="add"> 
         <double>23932.428676028623</double> 
        </void> 
        <void method="add"> 
         <double>23948.91058053126</double> 
        </void> 
        <void method="add"> 
         <double>23955.40926851641</double> 
        </void> 
        <void method="add"> 
         <double>23378.070232697202</double> 
        </void> 
        <void method="add"> 
         <double>23914.233921903724</double> 
        </void> 
        <void method="add"> 
         <double>23959.981898833652</double> 
        </void> 
        <void method="add"> 
         <double>23614.9069499617</double> 
        </void> 
        <void method="add"> 
         <double>23960.708391273245</double> 
        </void> 
       </object> 
      </void> 
      <void property="stdev"> 
       <double>194.10488862400481</double> 
      </void> 
     </object> 
    </void> 
    <void index="9"> 
     <object class="jmbench.tools.EvaluationMetrics"> 
      <void property="max"> 
       <double>1433.6308884479436</double> 
      </void> 
      <void property="mean"> 
       <double>1284.997758285205</double> 
      </void> 
      <void property="median"> 
       <double>1291.3858030440736</double> 
      </void> 
      <void property="min"> 
       <double>1090.978153944699</double> 
      </void> 
      <void property="rawResults"> 
       <object class="java.util.ArrayList"> 
        <void method="add"> 
         <double>1090.978153944699</double> 
        </void> 
        <void method="add"> 
         <double>1210.813717603597</double> 
        </void> 
        <void method="add"> 
         <double>1242.5555967478547</double> 
        </void> 
        <void method="add"> 
         <double>1243.5345557817866</double> 
        </void> 
        <void method="add"> 
         <double>1251.6583064315428</double> 
        </void> 
        <void method="add"> 
         <double>1273.3587605771897</double> 
        </void> 
        <void method="add"> 
         <double>1276.0685388282902</double> 
        </void> 
        <void method="add"> 
         <double>1287.168996404283</double> 
        </void> 
        <void method="add"> 
         <double>1290.2662082051704</double> 
        </void> 
        <void method="add"> 
         <double>1291.1338025337122</double> 
        </void> 
        <void method="add"> 
         <double>1294.7374597965522</double> 
        </void> 
        <void method="add"> 
         <double>1295.873542471303</double> 
        </void> 
        <void method="add"> 
         <double>1296.4353689255925</double> 
        </void> 
        <void method="add"> 
         <double>1304.030457109674</double> 
        </void> 
        <void method="add"> 
         <double>1312.2784155220302</double> 
        </void> 
        <void method="add"> 
         <double>1318.5465994111923</double> 
        </void> 
        <void method="add"> 
         <double>1320.801207088967</double> 
        </void> 
        <void method="add"> 
         <double>1339.4267130782343</double> 
        </void> 
        <void method="add"> 
         <double>1359.6706088853875</double> 
        </void> 
        <void method="add"> 
         <double>1433.6308884479436</double> 
        </void> 
        <void method="add"> 
         <double>1234.2462392873326</double> 
        </void> 
        <void method="add"> 
         <double>1276.8886571414107</double> 
        </void> 
        <void method="add"> 
         <double>1296.59649009137</double> 
        </void> 
        <void method="add"> 
         <double>1292.8588697709442</double> 
        </void> 
        <void method="add"> 
         <double>1291.3858030440736</double> 
        </void> 
       </object> 
      </void> 
      <void property="stdev"> 
       <double>58.45718645959805</double> 
      </void> 
     </object> 
    </void> 
    <void index="10"> 
     <object class="jmbench.tools.EvaluationMetrics"> 
      <void property="max"> 
       <double>259.5301983994025</double> 
      </void> 
      <void property="mean"> 
       <double>255.30404592419166</double> 
      </void> 
      <void property="median"> 
       <double>257.72992536001664</double> 
      </void> 
      <void property="min"> 
       <double>239.59444208800136</double> 
      </void> 
      <void property="rawResults"> 
       <object class="java.util.ArrayList"> 
        <void method="add"> 
         <double>239.59444208800136</double> 
        </void> 
        <void method="add"> 
         <double>251.61146683394395</double> 
        </void> 
        <void method="add"> 
         <double>255.7080520517807</double> 
        </void> 
        <void method="add"> 
         <double>256.49568072518053</double> 
        </void> 
        <void method="add"> 
         <double>257.15175892789466</double> 
        </void> 
        <void method="add"> 
         <double>257.365958029962</double> 
        </void> 
        <void method="add"> 
         <double>257.472697695944</double> 
        </void> 
        <void method="add"> 
         <double>257.72992536001664</double> 
        </void> 
        <void method="add"> 
         <double>257.75085951792664</double> 
        </void> 
        <void method="add"> 
         <double>258.00524500671963</double> 
        </void> 
        <void method="add"> 
         <double>258.2136778896403</double> 
        </void> 
        <void method="add"> 
         <double>258.217290006892</double> 
        </void> 
        <void method="add"> 
         <double>258.34499005243447</double> 
        </void> 
        <void method="add"> 
         <double>258.5382975683337</double> 
        </void> 
        <void method="add"> 
         <double>258.77932843923713</double> 
        </void> 
        <void method="add"> 
         <double>258.8258449627064</double> 
        </void> 
        <void method="add"> 
         <double>258.96168461155804</double> 
        </void> 
        <void method="add"> 
         <double>259.1711187474382</double> 
        </void> 
        <void method="add"> 
         <double>259.17150579366347</double> 
        </void> 
        <void method="add"> 
         <double>259.5301983994025</double> 
        </void> 
        <void method="add"> 
         <double>241.13562850849442</double> 
        </void> 
        <void method="add"> 
         <double>248.43970463214896</double> 
        </void> 
        <void method="add"> 
         <double>252.18529246754053</double> 
        </void> 
        <void method="add"> 
         <double>251.36509776716974</double> 
        </void> 
        <void method="add"> 
         <double>252.8354020207602</double> 
        </void> 
       </object> 
      </void> 
      <void property="stdev"> 
       <double>5.2727136609567395</double> 
      </void> 
     </object> 
    </void> 
    <void index="11"> 
     <object class="jmbench.tools.EvaluationMetrics"> 
      <void property="max"> 
       <double>64.19400722698113</double> 
      </void> 
      <void property="mean"> 
       <double>62.32870989687429</double> 
      </void> 
      <void property="median"> 
       <double>62.75281065883862</double> 
      </void> 
      <void property="min"> 
       <double>58.93482728571148</double> 
      </void> 
      <void property="rawResults"> 
       <object class="java.util.ArrayList"> 
        <void method="add"> 
         <double>58.93482728571148</double> 
        </void> 
        <void method="add"> 
         <double>59.88395662536715</double> 
        </void> 
        <void method="add"> 
         <double>60.546912992512155</double> 
        </void> 
        <void method="add"> 
         <double>61.10775603977628</double> 
        </void> 
        <void method="add"> 
         <double>61.1778153973875</double> 
        </void> 
        <void method="add"> 
         <double>61.99815328936882</double> 
        </void> 
        <void method="add"> 
         <double>62.15538529330862</double> 
        </void> 
        <void method="add"> 
         <double>62.464392646309655</double> 
        </void> 
        <void method="add"> 
         <double>62.54312551267574</double> 
        </void> 
        <void method="add"> 
         <double>62.582579363596864</double> 
        </void> 
        <void method="add"> 
         <double>62.64101307681783</double> 
        </void> 
        <void method="add"> 
         <double>62.75281065883862</double> 
        </void> 
        <void method="add"> 
         <double>63.031767884950476</double> 
        </void> 
        <void method="add"> 
         <double>63.04643616374055</double> 
        </void> 
        <void method="add"> 
         <double>63.05773776684517</double> 
        </void> 
        <void method="add"> 
         <double>63.13002588440867</double> 
        </void> 
        <void method="add"> 
         <double>63.19649318721165</double> 
        </void> 
        <void method="add"> 
         <double>63.287886169863924</double> 
        </void> 
        <void method="add"> 
         <double>63.84793491919506</double> 
        </void> 
        <void method="add"> 
         <double>64.19400722698113</double> 
        </void> 
        <void method="add"> 
         <double>60.75138351544821</double> 
        </void> 
        <void method="add"> 
         <double>62.81244693796267</double> 
        </void> 
        <void method="add"> 
         <double>63.20931917747989</double> 
        </void> 
        <void method="add"> 
         <double>63.07754457562841</double> 
        </void> 
        <void method="add"> 
         <double>62.78603583047057</double> 
        </void> 
       </object> 
      </void> 
      <void property="stdev"> 
       <double>1.231936218683766</double> 
      </void> 
     </object> 
    </void> 
   </array> 
  </void> 
  <void property="opName"> 
   <string>Scale b=alpha*a</string> 
  </void> 
 </object> 
</java> 
