<?xml version="1.0" encoding="UTF-8"?> 
<java version="1.6.0_16" class="java.beans.XMLDecoder"> 
 <object class="jmbench.tools.runtime.OperationResults"> 
  <void property="library"> 
   <object class="jmbench.impl.MatrixLibrary" method="valueOf"> 
    <string>UJMP</string> 
   </object> 
  </void> 
  <void property="matDimen"> 
   <array class="int" length="12"> 
    <void index="0"> 
     <int>2</int> 
    </void> 
    <void index="1"> 
     <int>3</int> 
    </void> 
    <void index="2"> 
     <int>4</int> 
    </void> 
    <void index="3"> 
     <int>5</int> 
    </void> 
    <void index="4"> 
     <int>10</int> 
    </void> 
    <void index="5"> 
     <int>20</int> 
    </void> 
    <void index="6"> 
     <int>50</int> 
    </void> 
    <void index="7"> 
     <int>100</int> 
    </void> 
    <void index="8"> 
     <int>200</int> 
    </void> 
    <void index="9"> 
     <int>500</int> 
    </void> 
    <void index="10"> 
     <int>1000</int> 
    </void> 
    <void index="11"> 
     <int>2000</int> 
    </void> 
   </array> 
  </void> 
  <void property="metrics"> 
   <array class="jmbench.tools.EvaluationMetrics" length="12"> 
    <void index="0"> 
     <object class="jmbench.tools.EvaluationMetrics"> 
      <void property="max"> 
       <double>3512.9704929456902</double> 
      </void> 
      <void property="mean"> 
       <double>3464.8724732401633</double> 
      </void> 
      <void property="median"> 
       <double>3478.7131425564235</double> 
      </void> 
      <void property="min"> 
       <double>3372.1026469300264</double> 
      </void> 
      <void property="rawResults"> 
       <object class="java.util.ArrayList"> 
        <void method="add"> 
         <double>3372.1026469300264</double> 
        </void> 
        <void method="add"> 
         <double>3402.0907682890847</double> 
        </void> 
        <void method="add"> 
         <double>3417.9266512861354</double> 
        </void> 
        <void method="add"> 
         <double>3427.9560511017094</double> 
        </void> 
        <void method="add"> 
         <double>3440.4422808985705</double> 
        </void> 
        <void method="add"> 
         <double>3448.8199745432926</double> 
        </void> 
        <void method="add"> 
         <double>3469.1643146439</double> 
        </void> 
        <void method="add"> 
         <double>3472.338629685418</double> 
        </void> 
        <void method="add"> 
         <double>3473.4037068859443</double> 
        </void> 
        <void method="add"> 
         <double>3478.046246425858</double> 
        </void> 
        <void method="add"> 
         <double>3478.7131425564235</double> 
        </void> 
        <void method="add"> 
         <double>3479.05449001939</double> 
        </void> 
        <void method="add"> 
         <double>3479.2581758245983</double> 
        </void> 
        <void method="add"> 
         <double>3481.0104581222113</double> 
        </void> 
        <void method="add"> 
         <double>3481.631535098775</double> 
        </void> 
        <void method="add"> 
         <double>3485.3896751064663</double> 
        </void> 
        <void method="add"> 
         <double>3487.6635847994203</double> 
        </void> 
        <void method="add"> 
         <double>3511.2847619727695</double> 
        </void> 
        <void method="add"> 
         <double>3512.662403500423</double> 
        </void> 
        <void method="add"> 
         <double>3512.9704929456902</double> 
        </void> 
        <void method="add"> 
         <double>3385.8993135652377</double> 
        </void> 
        <void method="add"> 
         <double>3483.6745876096293</double> 
        </void> 
        <void method="add"> 
         <double>3481.960735144744</double> 
        </void> 
        <void method="add"> 
         <double>3481.039512737992</double> 
        </void> 
        <void method="add"> 
         <double>3477.3076913103855</double> 
        </void> 
       </object> 
      </void> 
      <void property="stdev"> 
       <double>36.562578073479266</double> 
      </void> 
     </object> 
    </void> 
    <void index="1"> 
     <object class="jmbench.tools.EvaluationMetrics"> 
      <void property="max"> 
       <double>3431.6974343171046</double> 
      </void> 
      <void property="mean"> 
       <double>3398.468020314324</double> 
      </void> 
      <void property="median"> 
       <double>3416.2193551594137</double> 
      </void> 
      <void property="min"> 
       <double>3316.436051002088</double> 
      </void> 
      <void property="rawResults"> 
       <object class="java.util.ArrayList"> 
        <void method="add"> 
         <double>3316.436051002088</double> 
        </void> 
        <void method="add"> 
         <double>3325.639073550421</double> 
        </void> 
        <void method="add"> 
         <double>3342.5127283383413</double> 
        </void> 
        <void method="add"> 
         <double>3344.323008450176</double> 
        </void> 
        <void method="add"> 
         <double>3375.3832175063226</double> 
        </void> 
        <void method="add"> 
         <double>3392.5360953730333</double> 
        </void> 
        <void method="add"> 
         <double>3401.698705044331</double> 
        </void> 
        <void method="add"> 
         <double>3406.882590051899</double> 
        </void> 
        <void method="add"> 
         <double>3407.4235379842826</double> 
        </void> 
        <void method="add"> 
         <double>3407.9573204681874</double> 
        </void> 
        <void method="add"> 
         <double>3414.836517588997</double> 
        </void> 
        <void method="add"> 
         <double>3416.2193551594137</double> 
        </void> 
        <void method="add"> 
         <double>3416.2532176558843</double> 
        </void> 
        <void method="add"> 
         <double>3416.5081541718914</double> 
        </void> 
        <void method="add"> 
         <double>3418.4931804194252</double> 
        </void> 
        <void method="add"> 
         <double>3419.420103367006</double> 
        </void> 
        <void method="add"> 
         <double>3420.5993820187573</double> 
        </void> 
        <void method="add"> 
         <double>3421.695164488012</double> 
        </void> 
        <void method="add"> 
         <double>3422.3783858991483</double> 
        </void> 
        <void method="add"> 
         <double>3424.516229284308</double> 
        </void> 
        <void method="add"> 
         <double>3339.2549322192403</double> 
        </void> 
        <void method="add"> 
         <double>3431.6974343171046</double> 
        </void> 
        <void method="add"> 
         <double>3421.9352352705505</double> 
        </void> 
        <void method="add"> 
         <double>3427.6702600895696</double> 
        </void> 
        <void method="add"> 
         <double>3429.430628139696</double> 
        </void> 
       </object> 
      </void> 
      <void property="stdev"> 
       <double>34.7749431892226</double> 
      </void> 
     </object> 
    </void> 
    <void index="2"> 
     <object class="jmbench.tools.EvaluationMetrics"> 
      <void property="max"> 
       <double>3378.891900142349</double> 
      </void> 
      <void property="mean"> 
       <double>3348.754932786751</double> 
      </void> 
      <void property="median"> 
       <double>3364.532980470961</double> 
      </void> 
      <void property="min"> 
       <double>3210.810727594706</double> 
      </void> 
      <void property="rawResults"> 
       <object class="java.util.ArrayList"> 
        <void method="add"> 
         <double>3266.002387792974</double> 
        </void> 
        <void method="add"> 
         <double>3276.3442987160834</double> 
        </void> 
        <void method="add"> 
         <double>3286.1241894569303</double> 
        </void> 
        <void method="add"> 
         <double>3328.2766507220576</double> 
        </void> 
        <void method="add"> 
         <double>3353.079170400465</double> 
        </void> 
        <void method="add"> 
         <double>3357.585752695165</double> 
        </void> 
        <void method="add"> 
         <double>3357.75546864576</double> 
        </void> 
        <void method="add"> 
         <double>3360.578256922373</double> 
        </void> 
        <void method="add"> 
         <double>3364.1607674798565</double> 
        </void> 
        <void method="add"> 
         <double>3364.524295881811</double> 
        </void> 
        <void method="add"> 
         <double>3364.532980470961</double> 
        </void> 
        <void method="add"> 
         <double>3365.2438295401394</double> 
        </void> 
        <void method="add"> 
         <double>3369.150970189891</double> 
        </void> 
        <void method="add"> 
         <double>3369.6856829448884</double> 
        </void> 
        <void method="add"> 
         <double>3370.0145604332993</double> 
        </void> 
        <void method="add"> 
         <double>3372.7925026786224</double> 
        </void> 
        <void method="add"> 
         <double>3373.7083640503665</double> 
        </void> 
        <void method="add"> 
         <double>3376.2149538647495</double> 
        </void> 
        <void method="add"> 
         <double>3376.6348597106307</double> 
        </void> 
        <void method="add"> 
         <double>3376.760747763527</double> 
        </void> 
        <void method="add"> 
         <double>3210.810727594706</double> 
        </void> 
        <void method="add"> 
         <double>3345.325343630965</double> 
        </void> 
        <void method="add"> 
         <double>3377.9067527528246</double> 
        </void> 
        <void method="add"> 
         <double>3376.7679051873624</double> 
        </void> 
        <void method="add"> 
         <double>3378.891900142349</double> 
        </void> 
       </object> 
      </void> 
      <void property="stdev"> 
       <double>42.02996612451488</double> 
      </void> 
     </object> 
    </void> 
    <void index="3"> 
     <object class="jmbench.tools.EvaluationMetrics"> 
      <void property="max"> 
       <double>3341.8225794035584</double> 
      </void> 
      <void property="mean"> 
       <double>3295.638551906824</double> 
      </void> 
      <void property="median"> 
       <double>3313.7933011428804</double> 
      </void> 
      <void property="min"> 
       <double>3185.145800392721</double> 
      </void> 
      <void property="rawResults"> 
       <object class="java.util.ArrayList"> 
        <void method="add"> 
         <double>3185.145800392721</double> 
        </void> 
        <void method="add"> 
         <double>3219.3478832570217</double> 
        </void> 
        <void method="add"> 
         <double>3230.8137880936856</double> 
        </void> 
        <void method="add"> 
         <double>3231.5747039972134</double> 
        </void> 
        <void method="add"> 
         <double>3249.779214213745</double> 
        </void> 
        <void method="add"> 
         <double>3268.547002290021</double> 
        </void> 
        <void method="add"> 
         <double>3300.498122956956</double> 
        </void> 
        <void method="add"> 
         <double>3306.3145092952113</double> 
        </void> 
        <void method="add"> 
         <double>3306.704453569634</double> 
        </void> 
        <void method="add"> 
         <double>3312.998350528964</double> 
        </void> 
        <void method="add"> 
         <double>3313.27054041801</double> 
        </void> 
        <void method="add"> 
         <double>3313.7933011428804</double> 
        </void> 
        <void method="add"> 
         <double>3313.9948805366066</double> 
        </void> 
        <void method="add"> 
         <double>3314.4983182496576</double> 
        </void> 
        <void method="add"> 
         <double>3318.2380110245376</double> 
        </void> 
        <void method="add"> 
         <double>3320.3674712418247</double> 
        </void> 
        <void method="add"> 
         <double>3321.1241882500963</double> 
        </void> 
        <void method="add"> 
         <double>3322.383740705458</double> 
        </void> 
        <void method="add"> 
         <double>3323.0747651871234</double> 
        </void> 
        <void method="add"> 
         <double>3324.366989842709</double> 
        </void> 
        <void method="add"> 
         <double>3245.6370165735666</double> 
        </void> 
        <void method="add"> 
         <double>3330.2914767243483</double> 
        </void> 
        <void method="add"> 
         <double>3337.7914793058226</double> 
        </void> 
        <void method="add"> 
         <double>3341.8225794035584</double> 
        </void> 
        <void method="add"> 
         <double>3338.58521046924</double> 
        </void> 
       </object> 
      </void> 
      <void property="stdev"> 
       <double>42.23140169612504</double> 
      </void> 
     </object> 
    </void> 
    <void index="4"> 
     <object class="jmbench.tools.EvaluationMetrics"> 
      <void property="max"> 
       <double>2816.57653167174</double> 
      </void> 
      <void property="mean"> 
       <double>2772.017152305044</double> 
      </void> 
      <void property="median"> 
       <double>2775.588736238554</double> 
      </void> 
      <void property="min"> 
       <double>2691.0603159019015</double> 
      </void> 
      <void property="rawResults"> 
       <object class="java.util.ArrayList"> 
        <void method="add"> 
         <double>2691.0603159019015</double> 
        </void> 
        <void method="add"> 
         <double>2697.3670595314907</double> 
        </void> 
        <void method="add"> 
         <double>2701.482313477729</double> 
        </void> 
        <void method="add"> 
         <double>2729.834779464931</double> 
        </void> 
        <void method="add"> 
         <double>2767.9379055733984</double> 
        </void> 
        <void method="add"> 
         <double>2769.0944312544757</double> 
        </void> 
        <void method="add"> 
         <double>2770.1301460562895</double> 
        </void> 
        <void method="add"> 
         <double>2770.483400078214</double> 
        </void> 
        <void method="add"> 
         <double>2771.1689968458973</double> 
        </void> 
        <void method="add"> 
         <double>2773.9732251964047</double> 
        </void> 
        <void method="add"> 
         <double>2774.5630456672297</double> 
        </void> 
        <void method="add"> 
         <double>2775.588736238554</double> 
        </void> 
        <void method="add"> 
         <double>2776.0521392845385</double> 
        </void> 
        <void method="add"> 
         <double>2776.4912348206344</double> 
        </void> 
        <void method="add"> 
         <double>2776.826050085495</double> 
        </void> 
        <void method="add"> 
         <double>2779.041302507223</double> 
        </void> 
        <void method="add"> 
         <double>2812.5638921408067</double> 
        </void> 
        <void method="add"> 
         <double>2815.2363239171013</double> 
        </void> 
        <void method="add"> 
         <double>2815.593066459726</double> 
        </void> 
        <void method="add"> 
         <double>2816.57653167174</double> 
        </void> 
        <void method="add"> 
         <double>2738.1240100332234</double> 
        </void> 
        <void method="add"> 
         <double>2801.692038235565</double> 
        </void> 
        <void method="add"> 
         <double>2799.004566890614</double> 
        </void> 
        <void method="add"> 
         <double>2799.0473322750163</double> 
        </void> 
        <void method="add"> 
         <double>2801.495964017901</double> 
        </void> 
       </object> 
      </void> 
      <void property="stdev"> 
       <double>35.098964408804086</double> 
      </void> 
     </object> 
    </void> 
    <void index="5"> 
     <object class="jmbench.tools.EvaluationMetrics"> 
      <void property="max"> 
       <double>1441.337672901358</double> 
      </void> 
      <void property="mean"> 
       <double>1395.0977024070312</double> 
      </void> 
      <void property="median"> 
       <double>1396.5837599767437</double> 
      </void> 
      <void property="min"> 
       <double>1320.8233414092647</double> 
      </void> 
      <void property="rawResults"> 
       <object class="java.util.ArrayList"> 
        <void method="add"> 
         <double>1320.8233414092647</double> 
        </void> 
        <void method="add"> 
         <double>1342.8067524085563</double> 
        </void> 
        <void method="add"> 
         <double>1359.571406691241</double> 
        </void> 
        <void method="add"> 
         <double>1363.5951280963523</double> 
        </void> 
        <void method="add"> 
         <double>1371.290059959149</double> 
        </void> 
        <void method="add"> 
         <double>1371.7780319564622</double> 
        </void> 
        <void method="add"> 
         <double>1383.766366218066</double> 
        </void> 
        <void method="add"> 
         <double>1384.2092776036702</double> 
        </void> 
        <void method="add"> 
         <double>1386.1291162581667</double> 
        </void> 
        <void method="add"> 
         <double>1391.1921012384864</double> 
        </void> 
        <void method="add"> 
         <double>1396.5837599767437</double> 
        </void> 
        <void method="add"> 
         <double>1398.2618676724212</double> 
        </void> 
        <void method="add"> 
         <double>1400.3954651285765</double> 
        </void> 
        <void method="add"> 
         <double>1417.54527863672</double> 
        </void> 
        <void method="add"> 
         <double>1419.727819402291</double> 
        </void> 
        <void method="add"> 
         <double>1428.931880250029</double> 
        </void> 
        <void method="add"> 
         <double>1429.5567635709313</double> 
        </void> 
        <void method="add"> 
         <double>1438.8674370416968</double> 
        </void> 
        <void method="add"> 
         <double>1440.779521098902</double> 
        </void> 
        <void method="add"> 
         <double>1441.337672901358</double> 
        </void> 
        <void method="add"> 
         <double>1356.250999609848</double> 
        </void> 
        <void method="add"> 
         <double>1371.9689643734487</double> 
        </void> 
        <void method="add"> 
         <double>1402.554731498691</double> 
        </void> 
        <void method="add"> 
         <double>1426.49721319379</double> 
        </void> 
        <void method="add"> 
         <double>1433.021603980914</double> 
        </void> 
       </object> 
      </void> 
      <void property="stdev"> 
       <double>32.31490638702438</double> 
      </void> 
     </object> 
    </void> 
    <void index="6"> 
     <object class="jmbench.tools.EvaluationMetrics"> 
      <void property="max"> 
       <double>104.84809511755874</double> 
      </void> 
      <void property="mean"> 
       <double>102.02639279496505</double> 
      </void> 
      <void property="median"> 
       <double>102.48466042852178</double> 
      </void> 
      <void property="min"> 
       <double>97.68316929661749</double> 
      </void> 
      <void property="rawResults"> 
       <object class="java.util.ArrayList"> 
        <void method="add"> 
         <double>97.68316929661749</double> 
        </void> 
        <void method="add"> 
         <double>97.86748293089963</double> 
        </void> 
        <void method="add"> 
         <double>97.96693198053414</double> 
        </void> 
        <void method="add"> 
         <double>98.07886351411807</double> 
        </void> 
        <void method="add"> 
         <double>98.57769755494304</double> 
        </void> 
        <void method="add"> 
         <double>101.40530470193146</double> 
        </void> 
        <void method="add"> 
         <double>101.42377670105903</double> 
        </void> 
        <void method="add"> 
         <double>101.6014779063499</double> 
        </void> 
        <void method="add"> 
         <double>101.61271859835163</double> 
        </void> 
        <void method="add"> 
         <double>102.16606200615203</double> 
        </void> 
        <void method="add"> 
         <double>102.2112032572551</double> 
        </void> 
        <void method="add"> 
         <double>102.39175490292932</double> 
        </void> 
        <void method="add"> 
         <double>102.48466042852178</double> 
        </void> 
        <void method="add"> 
         <double>102.80040794139026</double> 
        </void> 
        <void method="add"> 
         <double>103.20055548751036</double> 
        </void> 
        <void method="add"> 
         <double>103.86615567519395</double> 
        </void> 
        <void method="add"> 
         <double>104.18765821906986</double> 
        </void> 
        <void method="add"> 
         <double>104.19353471447387</double> 
        </void> 
        <void method="add"> 
         <double>104.29578507143935</double> 
        </void> 
        <void method="add"> 
         <double>104.35055969764582</double> 
        </void> 
        <void method="add"> 
         <double>103.6089599031697</double> 
        </void> 
        <void method="add"> 
         <double>103.63225329704981</double> 
        </void> 
        <void method="add"> 
         <double>102.87448750518728</double> 
        </void> 
        <void method="add"> 
         <double>103.33026346477426</double> 
        </void> 
        <void method="add"> 
         <double>104.84809511755874</double> 
        </void> 
       </object> 
      </void> 
      <void property="stdev"> 
       <double>2.2123306352418313</double> 
      </void> 
     </object> 
    </void> 
    <void index="7"> 
     <object class="jmbench.tools.EvaluationMetrics"> 
      <void property="max"> 
       <double>9.648385189429035</double> 
      </void> 
      <void property="mean"> 
       <double>9.544190899561766</double> 
      </void> 
      <void property="median"> 
       <double>9.542839731459173</double> 
      </void> 
      <void property="min"> 
       <double>9.400840647814361</double> 
      </void> 
      <void property="rawResults"> 
       <object class="java.util.ArrayList"> 
        <void method="add"> 
         <double>9.400840647814361</double> 
        </void> 
        <void method="add"> 
         <double>9.431690880416292</double> 
        </void> 
        <void method="add"> 
         <double>9.506200157468305</double> 
        </void> 
        <void method="add"> 
         <double>9.510399095879809</double> 
        </void> 
        <void method="add"> 
         <double>9.516898043034283</double> 
        </void> 
        <void method="add"> 
         <double>9.52166458749615</double> 
        </void> 
        <void method="add"> 
         <double>9.522623117551813</double> 
        </void> 
        <void method="add"> 
         <double>9.524755927956916</double> 
        </void> 
        <void method="add"> 
         <double>9.526938877626653</double> 
        </void> 
        <void method="add"> 
         <double>9.528756106074145</double> 
        </void> 
        <void method="add"> 
         <double>9.545435122439066</double> 
        </void> 
        <void method="add"> 
         <double>9.545696693446702</double> 
        </void> 
        <void method="add"> 
         <double>9.547961944420736</double> 
        </void> 
        <void method="add"> 
         <double>9.558944408129081</double> 
        </void> 
        <void method="add"> 
         <double>9.560612289185123</double> 
        </void> 
        <void method="add"> 
         <double>9.566335210832838</double> 
        </void> 
        <void method="add"> 
         <double>9.595050479631709</double> 
        </void> 
        <void method="add"> 
         <double>9.622926967270292</double> 
        </void> 
        <void method="add"> 
         <double>9.633307770974689</double> 
        </void> 
        <void method="add"> 
         <double>9.63902790761193</double> 
        </void> 
        <void method="add"> 
         <double>9.542839731459173</double> 
        </void> 
        <void method="add"> 
         <double>9.4973880366933</double> 
        </void> 
        <void method="add"> 
         <double>9.648385189429035</double> 
        </void> 
        <void method="add"> 
         <double>9.569665465644281</double> 
        </void> 
        <void method="add"> 
         <double>9.540427830557437</double> 
        </void> 
       </object> 
      </void> 
      <void property="stdev"> 
       <double>0.056160979875020105</double> 
      </void> 
     </object> 
    </void> 
    <void index="8"> 
     <object class="jmbench.tools.EvaluationMetrics"> 
      <void property="max"> 
       <double>1.0494240023330124</double> 
      </void> 
      <void property="mean"> 
       <double>1.0281306908531105</double> 
      </void> 
      <void property="median"> 
       <double>1.0304401529570009</double> 
      </void> 
      <void property="min"> 
       <double>1.000072290892262</double> 
      </void> 
      <void property="rawResults"> 
       <object class="java.util.ArrayList"> 
        <void method="add"> 
         <double>1.000072290892262</double> 
        </void> 
        <void method="add"> 
         <double>1.0094565386334555</double> 
        </void> 
        <void method="add"> 
         <double>1.0107689162463234</double> 
        </void> 
        <void method="add"> 
         <double>1.015696347649454</double> 
        </void> 
        <void method="add"> 
         <double>1.0230646628864206</double> 
        </void> 
        <void method="add"> 
         <double>1.0242653332960827</double> 
        </void> 
        <void method="add"> 
         <double>1.0249903580822626</double> 
        </void> 
        <void method="add"> 
         <double>1.0274764079780558</double> 
        </void> 
        <void method="add"> 
         <double>1.0281630407722055</double> 
        </void> 
        <void method="add"> 
         <double>1.0285029953027165</double> 
        </void> 
        <void method="add"> 
         <double>1.0294624191771307</double> 
        </void> 
        <void method="add"> 
         <double>1.030706776429389</double> 
        </void> 
        <void method="add"> 
         <double>1.0310470666098515</double> 
        </void> 
        <void method="add"> 
         <double>1.0312966655456695</double> 
        </void> 
        <void method="add"> 
         <double>1.0323466595740114</double> 
        </void> 
        <void method="add"> 
         <double>1.0360943136498226</double> 
        </void> 
        <void method="add"> 
         <double>1.036597333448882</double> 
        </void> 
        <void method="add"> 
         <double>1.0382328914467238</double> 
        </void> 
        <void method="add"> 
         <double>1.0455131880991726</double> 
        </void> 
        <void method="add"> 
         <double>1.0494240023330124</double> 
        </void> 
        <void method="add"> 
         <double>1.024975377546076</double> 
        </void> 
        <void method="add"> 
         <double>1.0304401529570009</double> 
        </void> 
        <void method="add"> 
         <double>1.0327625518322</double> 
        </void> 
        <void method="add"> 
         <double>1.0306355592914342</double> 
        </void> 
        <void method="add"> 
         <double>1.0312754216481455</double> 
        </void> 
       </object> 
      </void> 
      <void property="stdev"> 
       <double>0.010456407125358025</double> 
      </void> 
     </object> 
    </void> 
    <void index="9"> 
     <object class="jmbench.tools.EvaluationMetrics"> 
      <void property="max"> 
       <double>0.04668335967627703</double> 
      </void> 
      <void property="mean"> 
       <double>0.04397875486622538</double> 
      </void> 
      <void property="median"> 
       <double>0.04333998747171069</double> 
      </void> 
      <void property="min"> 
       <double>0.041912917450688425</double> 
      </void> 
      <void property="rawResults"> 
       <object class="java.util.ArrayList"> 
        <void method="add"> 
         <double>0.041912917450688425</double> 
        </void> 
        <void method="add"> 
         <double>0.04668335967627703</double> 
        </void> 
        <void method="add"> 
         <double>0.04333998747171069</double> 
        </void> 
       </object> 
      </void> 
      <void property="stdev"> 
       <double>0.0019992161122368273</double> 
      </void> 
     </object> 
    </void> 
   </array> 
  </void> 
  <void property="opName"> 
   <string>Solve m&gt;n</string> 
  </void> 
 </object> 
</java> 
