<jmbench.tools.stability.StabilityTrialResults>
  <breakingPoints>
    <double>3.989713520245749E-15</double>
    <double>4.062653409019218E-15</double>
    <double>4.389548005767744E-15</double>
    <double>3.808510609098771E-15</double>
    <double>3.7226521971974835E-15</double>
    <double>3.6639648939379396E-15</double>
    <double>4.448922113146863E-15</double>
    <double>4.1721471680318105E-15</double>
    <double>4.201021461292291E-15</double>
    <double>4.220581968290485E-15</double>
    <double>4.0709791084126145E-15</double>
    <double>4.246440176477562E-15</double>
    <double>4.005264692861528E-15</double>
    <double>3.784235170578691E-15</double>
    <double>3.7552155539130376E-15</double>
    <double>3.926815612116006E-15</double>
    <double>4.107914185352768E-15</double>
    <double>4.378008789334153E-15</double>
    <double>3.5824378131934725E-15</double>
    <double>4.2864748810570455E-15</double>
    <double>3.998193727126616E-15</double>
    <double>3.587437730190087E-15</double>
    <double>3.6886666063785824E-15</double>
    <double>3.765637580282851E-15</double>
    <double>3.880336853347758E-15</double>
    <double>4.079068656959095E-15</double>
    <double>3.537314248916003E-15</double>
    <double>4.122563551530053E-15</double>
    <double>3.4733989014316364E-15</double>
    <double>4.448500224872404E-15</double>
    <double>4.208089857459795E-15</double>
    <double>3.827246101932923E-15</double>
    <double>4.046103106518185E-15</double>
    <double>3.9907879716189626E-15</double>
    <double>3.735583429986184E-15</double>
    <double>3.53656341013994E-15</double>
    <double>3.581963439704799E-15</double>
    <double>3.696958071263295E-15</double>
    <double>3.710125859423025E-15</double>
    <double>3.873338069462084E-15</double>
    <double>3.841639096325556E-15</double>
    <double>3.8783352852377965E-15</double>
    <double>3.978892351521549E-15</double>
    <double>3.9241655018844436E-15</double>
    <double>3.965760044645938E-15</double>
    <double>4.0564533499804395E-15</double>
    <double>4.091410820309784E-15</double>
    <double>4.14802728477973E-15</double>
  </breakingPoints>
  <numFinished>48</numFinished>
  <numLargeError>0</numLargeError>
  <numUncountable>0</numUncountable>
  <numGraceful>0</numGraceful>
  <numUnexpectedException>0</numUnexpectedException>
  <libraryName>MTJ-N</libraryName>
  <benchmarkName>Invert Symmetric Pos. Def. Accuracy</benchmarkName>
  <unexpectedExceptions/>
  <durationMilli>9507</durationMilli>
  <memoryBytes>227</memoryBytes>
</jmbench.tools.stability.StabilityTrialResults>