<jmbench.tools.stability.StabilityTrialResults>
  <breakingPoints>
    <double>7.960203505214115E-9</double>
    <double>1.4978527259308396E-8</double>
    <double>3.131637955275979E-8</double>
    <double>4.230378511014495E-9</double>
    <double>6.547477007013799E-8</double>
    <double>4.2957996643017537E-8</double>
    <double>7.274974452237555E-8</double>
    <double>6.547477007013799E-8</double>
    <double>4.2957996643017537E-8</double>
    <double>7.164183154692703E-9</double>
    <double>2.818474159748381E-8</double>
    <double>6.547477007013799E-8</double>
  </breakingPoints>
  <numFinished>0</numFinished>
  <numLargeError>12</numLargeError>
  <numUncountable>0</numUncountable>
  <numGraceful>0</numGraceful>
  <numUnexpectedException>0</numUnexpectedException>
  <libraryName>MTJ-N</libraryName>
  <benchmarkName>Least Squares singular</benchmarkName>
  <unexpectedExceptions/>
  <durationMilli>81516</durationMilli>
  <memoryBytes>227</memoryBytes>
</jmbench.tools.stability.StabilityTrialResults>