<jmbench.tools.stability.StabilityTrialResults>
  <breakingPoints>
    <double>1.0E308</double>
    <double>1.0E308</double>
    <double>1.0E308</double>
    <double>1.0E308</double>
    <double>Infinity</double>
    <double>1.0E308</double>
    <double>Infinity</double>
    <double>1.0E308</double>
    <double>1.0E308</double>
    <double>1.0E308</double>
    <double>1.0E308</double>
    <double>1.0E308</double>
  </breakingPoints>
  <numFinished>2</numFinished>
  <numLargeError>5</numLargeError>
  <numUncountable>5</numUncountable>
  <numGraceful>0</numGraceful>
  <numUnexpectedException>0</numUnexpectedException>
  <libraryName>MTJ-N</libraryName>
  <benchmarkName>Least Squares Overflow</benchmarkName>
  <unexpectedExceptions/>
  <durationMilli>39508</durationMilli>
  <memoryBytes>227</memoryBytes>
</jmbench.tools.stability.StabilityTrialResults>