<jmbench.tools.stability.StabilityTrialResults>
  <breakingPoints>
    <double>1.0E307</double>
    <double>1.0E307</double>
    <double>1.0E307</double>
    <double>1.0E307</double>
    <double>1.0E307</double>
    <double>1.0E307</double>
    <double>1.0E307</double>
  </breakingPoints>
  <numFinished>0</numFinished>
  <numLargeError>0</numLargeError>
  <numUncountable>7</numUncountable>
  <numGraceful>0</numGraceful>
  <numUnexpectedException>0</numUnexpectedException>
  <libraryName>JBLAS</libraryName>
  <benchmarkName>Eigenvalue Symmetric Overflow</benchmarkName>
  <unexpectedExceptions/>
  <durationMilli>19504</durationMilli>
  <memoryBytes>227</memoryBytes>
</jmbench.tools.stability.StabilityTrialResults>