<jmbench.tools.stability.StabilityTrialResults>
  <breakingPoints>
    <double>4.264763104725401E-15</double>
    <double>4.1738352015171555E-15</double>
    <double>4.4295668471133265E-15</double>
    <double>3.872037524925415E-15</double>
    <double>3.7335315433266685E-15</double>
    <double>3.848829694479063E-15</double>
    <double>4.497962749302551E-15</double>
    <double>4.266496945910057E-15</double>
    <double>4.367957885609714E-15</double>
    <double>4.248165593021424E-15</double>
    <double>4.127154785589194E-15</double>
    <double>4.445325747570024E-15</double>
    <double>4.049069113905326E-15</double>
    <double>3.990304186734502E-15</double>
    <double>3.808735949561874E-15</double>
    <double>3.925927037609186E-15</double>
    <double>4.240685335362474E-15</double>
    <double>4.586531081650635E-15</double>
    <double>3.80843025369493E-15</double>
    <double>4.449820011587705E-15</double>
    <double>4.06546428380522E-15</double>
    <double>3.710063276710232E-15</double>
    <double>3.8121382200517524E-15</double>
    <double>3.755053434069582E-15</double>
    <double>4.035594781010368E-15</double>
    <double>4.213071821311518E-15</double>
    <double>3.5812599953161385E-15</double>
    <double>4.1828161536686035E-15</double>
    <double>3.4899117107538406E-15</double>
    <double>4.481675294656787E-15</double>
    <double>4.42268288218452E-15</double>
    <double>3.874848707096391E-15</double>
    <double>4.285035244515253E-15</double>
    <double>4.140175218883762E-15</double>
    <double>3.854694111862538E-15</double>
    <double>3.687456581832288E-15</double>
    <double>3.625238493560534E-15</double>
    <double>3.72947147609117E-15</double>
    <double>3.808221148377755E-15</double>
    <double>3.9289788453268065E-15</double>
    <double>3.8886600098594246E-15</double>
    <double>4.046670672630964E-15</double>
    <double>4.062465983581858E-15</double>
    <double>4.075098014259641E-15</double>
    <double>4.0374927682066016E-15</double>
    <double>4.206754180192766E-15</double>
    <double>4.139796176664623E-15</double>
    <double>4.287739813679944E-15</double>
  </breakingPoints>
  <numFinished>48</numFinished>
  <numLargeError>0</numLargeError>
  <numUncountable>0</numUncountable>
  <numGraceful>0</numGraceful>
  <numUnexpectedException>0</numUnexpectedException>
  <libraryName>JBLAS</libraryName>
  <benchmarkName>Invert Symmetric Pos. Def. Accuracy</benchmarkName>
  <unexpectedExceptions/>
  <durationMilli>8502</durationMilli>
  <memoryBytes>227</memoryBytes>
</jmbench.tools.stability.StabilityTrialResults>