<jmbench.tools.stability.StabilityTrialResults>
  <breakingPoints>
    <double>NaN</double>
  </breakingPoints>
  <numFinished>0</numFinished>
  <numLargeError>0</numLargeError>
  <numUncountable>0</numUncountable>
  <numGraceful>0</numGraceful>
  <numUnexpectedException>0</numUnexpectedException>
  <libraryName>JBLAS</libraryName>
  <benchmarkName>Least squares accuracy</benchmarkName>
  <fatalError>UNSUPPORTED</fatalError>
  <unexpectedExceptions/>
  <durationMilli>3001</durationMilli>
  <memoryBytes>227</memoryBytes>
</jmbench.tools.stability.StabilityTrialResults>