<?xml version="1.0" encoding="UTF-8"?> 
<java version="1.6.0_20" class="java.beans.XMLDecoder"> 
 <object class="jmbench.tools.runtime.OperationResults"> 
  <void property="complete"> 
   <boolean>true</boolean> 
  </void> 
  <void property="library"> 
   <object class="jmbench.impl.MatrixLibrary"> 
    <void property="dateModified"> 
     <string>2010-03-20</string> 
    </void> 
    <void property="extraLibs"> 
     <boolean>true</boolean> 
    </void> 
    <void property="libraryDirName"> 
     <string>parallelcolt</string> 
    </void> 
    <void property="plotLineType"> 
     <int>8</int> 
    </void> 
    <void property="plotName"> 
     <string>PColt</string> 
    </void> 
    <void property="saveDirName"> 
     <string>parallelcolt</string> 
    </void> 
    <void property="versionName"> 
     <string>Parallel Colt 0.9.4</string> 
    </void> 
   </object> 
  </void> 
  <void property="matDimen"> 
   <array class="int" length="10"> 
    <void index="0"> 
     <int>10</int> 
    </void> 
    <void index="1"> 
     <int>20</int> 
    </void> 
    <void index="2"> 
     <int>50</int> 
    </void> 
    <void index="3"> 
     <int>100</int> 
    </void> 
    <void index="4"> 
     <int>200</int> 
    </void> 
    <void index="5"> 
     <int>500</int> 
    </void> 
    <void index="6"> 
     <int>1000</int> 
    </void> 
    <void index="7"> 
     <int>2000</int> 
    </void> 
    <void index="8"> 
     <int>5000</int> 
    </void> 
    <void index="9"> 
     <int>10000</int> 
    </void> 
   </array> 
  </void> 
  <void property="metrics"> 
   <array class="jmbench.tools.runtime.RuntimeEvaluationMetrics" length="10"> 
    <void index="0"> 
     <object class="jmbench.tools.runtime.RuntimeEvaluationMetrics"> 
      <void property="max"> 
       <double>5340.952985220401</double> 
      </void> 
      <void property="mean"> 
       <double>4654.766686451031</double> 
      </void> 
      <void property="median"> 
       <double>4722.22901705549</double> 
      </void> 
      <void property="min"> 
       <double>3478.28003111092</double> 
      </void> 
      <void property="rawResults"> 
       <object class="java.util.ArrayList"> 
        <void method="add"> 
         <object class="jmbench.tools.runtime.RuntimeResults"> 
          <void property="opsPerSec"> 
           <double>4178.358332296481</double> 
          </void> 
         </object> 
        </void> 
        <void method="add"> 
         <object class="jmbench.tools.runtime.RuntimeResults"> 
          <void property="opsPerSec"> 
           <double>4277.249295049851</double> 
          </void> 
         </object> 
        </void> 
        <void method="add"> 
         <object class="jmbench.tools.runtime.RuntimeResults"> 
          <void property="opsPerSec"> 
           <double>4499.830449811216</double> 
          </void> 
         </object> 
        </void> 
        <void method="add"> 
         <object class="jmbench.tools.runtime.RuntimeResults"> 
          <void property="opsPerSec"> 
           <double>4524.101406663318</double> 
          </void> 
         </object> 
        </void> 
        <void method="add"> 
         <object class="jmbench.tools.runtime.RuntimeResults"> 
          <void property="opsPerSec"> 
           <double>4553.981705655181</double> 
          </void> 
         </object> 
        </void> 
        <void method="add"> 
         <object class="jmbench.tools.runtime.RuntimeResults"> 
          <void property="opsPerSec"> 
           <double>4557.719799088972</double> 
          </void> 
         </object> 
        </void> 
        <void method="add"> 
         <object class="jmbench.tools.runtime.RuntimeResults"> 
          <void property="opsPerSec"> 
           <double>4613.311816101081</double> 
          </void> 
         </object> 
        </void> 
        <void method="add"> 
         <object class="jmbench.tools.runtime.RuntimeResults"> 
          <void property="opsPerSec"> 
           <double>4638.763030162366</double> 
          </void> 
         </object> 
        </void> 
        <void method="add"> 
         <object class="jmbench.tools.runtime.RuntimeResults"> 
          <void property="opsPerSec"> 
           <double>4722.22901705549</double> 
          </void> 
         </object> 
        </void> 
        <void method="add"> 
         <object class="jmbench.tools.runtime.RuntimeResults"> 
          <void property="opsPerSec"> 
           <double>4736.696328721935</double> 
          </void> 
         </object> 
        </void> 
        <void method="add"> 
         <object class="jmbench.tools.runtime.RuntimeResults"> 
          <void property="opsPerSec"> 
           <double>4737.345573347327</double> 
          </void> 
         </object> 
        </void> 
        <void method="add"> 
         <object class="jmbench.tools.runtime.RuntimeResults"> 
          <void property="opsPerSec"> 
           <double>4761.903251498463</double> 
          </void> 
         </object> 
        </void> 
        <void method="add"> 
         <object class="jmbench.tools.runtime.RuntimeResults"> 
          <void property="opsPerSec"> 
           <double>4797.564345900808</double> 
          </void> 
         </object> 
        </void> 
        <void method="add"> 
         <object class="jmbench.tools.runtime.RuntimeResults"> 
          <void property="opsPerSec"> 
           <double>4807.495158332285</double> 
          </void> 
         </object> 
        </void> 
        <void method="add"> 
         <object class="jmbench.tools.runtime.RuntimeResults"> 
          <void property="opsPerSec"> 
           <double>4848.364255084214</double> 
          </void> 
         </object> 
        </void> 
        <void method="add"> 
         <object class="jmbench.tools.runtime.RuntimeResults"> 
          <void property="opsPerSec"> 
           <double>4903.05406411333</double> 
          </void> 
         </object> 
        </void> 
        <void method="add"> 
         <object class="jmbench.tools.runtime.RuntimeResults"> 
          <void property="opsPerSec"> 
           <double>4945.72536901802</double> 
          </void> 
         </object> 
        </void> 
        <void method="add"> 
         <object class="jmbench.tools.runtime.RuntimeResults"> 
          <void property="opsPerSec"> 
           <double>5004.163974315409</double> 
          </void> 
         </object> 
        </void> 
        <void method="add"> 
         <object class="jmbench.tools.runtime.RuntimeResults"> 
          <void property="opsPerSec"> 
           <double>5301.934788131642</double> 
          </void> 
         </object> 
        </void> 
        <void method="add"> 
         <object class="jmbench.tools.runtime.RuntimeResults"> 
          <void property="opsPerSec"> 
           <double>5340.952985220401</double> 
          </void> 
         </object> 
        </void> 
        <void method="add"> 
         <object class="jmbench.tools.runtime.RuntimeResults"> 
          <void property="opsPerSec"> 
           <double>3896.3560853700887</double> 
          </void> 
         </object> 
        </void> 
        <void method="add"> 
         <object class="jmbench.tools.runtime.RuntimeResults"> 
          <void property="opsPerSec"> 
           <double>5156.0428270592565</double> 
          </void> 
         </object> 
        </void> 
        <void method="add"> 
         <object class="jmbench.tools.runtime.RuntimeResults"> 
          <void property="opsPerSec"> 
           <double>3478.28003111092</double> 
          </void> 
         </object> 
        </void> 
        <void method="add"> 
         <object class="jmbench.tools.runtime.RuntimeResults"> 
          <void property="opsPerSec"> 
           <double>4684.182445026513</double> 
          </void> 
         </object> 
        </void> 
        <void method="add"> 
         <object class="jmbench.tools.runtime.RuntimeResults"> 
          <void property="opsPerSec"> 
           <double>4403.560827141201</double> 
          </void> 
         </object> 
        </void> 
       </object> 
      </void> 
      <void property="stdev"> 
       <double>398.77245501900535</double> 
      </void> 
     </object> 
    </void> 
    <void index="1"> 
     <object class="jmbench.tools.runtime.RuntimeEvaluationMetrics"> 
      <void property="max"> 
       <double>1433.133785878454</double> 
      </void> 
      <void property="mean"> 
       <double>1345.6865339633966</double> 
      </void> 
      <void property="median"> 
       <double>1362.4345120504165</double> 
      </void> 
      <void property="min"> 
       <double>1161.3165879503763</double> 
      </void> 
      <void property="rawResults"> 
       <object class="java.util.ArrayList"> 
        <void method="add"> 
         <object class="jmbench.tools.runtime.RuntimeResults"> 
          <void property="opsPerSec"> 
           <double>1161.3165879503763</double> 
          </void> 
         </object> 
        </void> 
        <void method="add"> 
         <object class="jmbench.tools.runtime.RuntimeResults"> 
          <void property="opsPerSec"> 
           <double>1193.6255490370943</double> 
          </void> 
         </object> 
        </void> 
        <void method="add"> 
         <object class="jmbench.tools.runtime.RuntimeResults"> 
          <void property="opsPerSec"> 
           <double>1243.8464757569407</double> 
          </void> 
         </object> 
        </void> 
        <void method="add"> 
         <object class="jmbench.tools.runtime.RuntimeResults"> 
          <void property="opsPerSec"> 
           <double>1250.46803365065</double> 
          </void> 
         </object> 
        </void> 
        <void method="add"> 
         <object class="jmbench.tools.runtime.RuntimeResults"> 
          <void property="opsPerSec"> 
           <double>1255.5995593079956</double> 
          </void> 
         </object> 
        </void> 
        <void method="add"> 
         <object class="jmbench.tools.runtime.RuntimeResults"> 
          <void property="opsPerSec"> 
           <double>1327.594180214151</double> 
          </void> 
         </object> 
        </void> 
        <void method="add"> 
         <object class="jmbench.tools.runtime.RuntimeResults"> 
          <void property="opsPerSec"> 
           <double>1334.8289957466409</double> 
          </void> 
         </object> 
        </void> 
        <void method="add"> 
         <object class="jmbench.tools.runtime.RuntimeResults"> 
          <void property="opsPerSec"> 
           <double>1342.3507558419965</double> 
          </void> 
         </object> 
        </void> 
        <void method="add"> 
         <object class="jmbench.tools.runtime.RuntimeResults"> 
          <void property="opsPerSec"> 
           <double>1343.4125395737374</double> 
          </void> 
         </object> 
        </void> 
        <void method="add"> 
         <object class="jmbench.tools.runtime.RuntimeResults"> 
          <void property="opsPerSec"> 
           <double>1356.8659848660207</double> 
          </void> 
         </object> 
        </void> 
        <void method="add"> 
         <object class="jmbench.tools.runtime.RuntimeResults"> 
          <void property="opsPerSec"> 
           <double>1362.4345120504165</double> 
          </void> 
         </object> 
        </void> 
        <void method="add"> 
         <object class="jmbench.tools.runtime.RuntimeResults"> 
          <void property="opsPerSec"> 
           <double>1366.917708671159</double> 
          </void> 
         </object> 
        </void> 
        <void method="add"> 
         <object class="jmbench.tools.runtime.RuntimeResults"> 
          <void property="opsPerSec"> 
           <double>1384.0956779770688</double> 
          </void> 
         </object> 
        </void> 
        <void method="add"> 
         <object class="jmbench.tools.runtime.RuntimeResults"> 
          <void property="opsPerSec"> 
           <double>1392.4199136227646</double> 
          </void> 
         </object> 
        </void> 
        <void method="add"> 
         <object class="jmbench.tools.runtime.RuntimeResults"> 
          <void property="opsPerSec"> 
           <double>1405.933781732306</double> 
          </void> 
         </object> 
        </void> 
        <void method="add"> 
         <object class="jmbench.tools.runtime.RuntimeResults"> 
          <void property="opsPerSec"> 
           <double>1412.5291100005802</double> 
          </void> 
         </object> 
        </void> 
        <void method="add"> 
         <object class="jmbench.tools.runtime.RuntimeResults"> 
          <void property="opsPerSec"> 
           <double>1414.4082927551585</double> 
          </void> 
         </object> 
        </void> 
        <void method="add"> 
         <object class="jmbench.tools.runtime.RuntimeResults"> 
          <void property="opsPerSec"> 
           <double>1415.2280447783746</double> 
          </void> 
         </object> 
        </void> 
        <void method="add"> 
         <object class="jmbench.tools.runtime.RuntimeResults"> 
          <void property="opsPerSec"> 
           <double>1428.9029328572415</double> 
          </void> 
         </object> 
        </void> 
        <void method="add"> 
         <object class="jmbench.tools.runtime.RuntimeResults"> 
          <void property="opsPerSec"> 
           <double>1433.133785878454</double> 
          </void> 
         </object> 
        </void> 
        <void method="add"> 
         <object class="jmbench.tools.runtime.RuntimeResults"> 
          <void property="opsPerSec"> 
           <double>1358.4955800094654</double> 
          </void> 
         </object> 
        </void> 
        <void method="add"> 
         <object class="jmbench.tools.runtime.RuntimeResults"> 
          <void property="opsPerSec"> 
           <double>1294.1399842899787</double> 
          </void> 
         </object> 
        </void> 
        <void method="add"> 
         <object class="jmbench.tools.runtime.RuntimeResults"> 
          <void property="opsPerSec"> 
           <double>1370.8161951889751</double> 
          </void> 
         </object> 
        </void> 
        <void method="add"> 
         <object class="jmbench.tools.runtime.RuntimeResults"> 
          <void property="opsPerSec"> 
           <double>1378.0782693508088</double> 
          </void> 
         </object> 
        </void> 
        <void method="add"> 
         <object class="jmbench.tools.runtime.RuntimeResults"> 
          <void property="opsPerSec"> 
           <double>1414.7208979765555</double> 
          </void> 
         </object> 
        </void> 
       </object> 
      </void> 
      <void property="stdev"> 
       <double>72.4269038147152</double> 
      </void> 
     </object> 
    </void> 
    <void index="2"> 
     <object class="jmbench.tools.runtime.RuntimeEvaluationMetrics"> 
      <void property="max"> 
       <double>257.1834509070596</double> 
      </void> 
      <void property="mean"> 
       <double>251.45327773332775</double> 
      </void> 
      <void property="median"> 
       <double>252.4343305375124</double> 
      </void> 
      <void property="min"> 
       <double>239.81125786021045</double> 
      </void> 
      <void property="rawResults"> 
       <object class="java.util.ArrayList"> 
        <void method="add"> 
         <object class="jmbench.tools.runtime.RuntimeResults"> 
          <void property="opsPerSec"> 
           <double>239.81125786021045</double> 
          </void> 
         </object> 
        </void> 
        <void method="add"> 
         <object class="jmbench.tools.runtime.RuntimeResults"> 
          <void property="opsPerSec"> 
           <double>245.98450924934772</double> 
          </void> 
         </object> 
        </void> 
        <void method="add"> 
         <object class="jmbench.tools.runtime.RuntimeResults"> 
          <void property="opsPerSec"> 
           <double>246.98687417908633</double> 
          </void> 
         </object> 
        </void> 
        <void method="add"> 
         <object class="jmbench.tools.runtime.RuntimeResults"> 
          <void property="opsPerSec"> 
           <double>247.76276325640936</double> 
          </void> 
         </object> 
        </void> 
        <void method="add"> 
         <object class="jmbench.tools.runtime.RuntimeResults"> 
          <void property="opsPerSec"> 
           <double>248.0831698827032</double> 
          </void> 
         </object> 
        </void> 
        <void method="add"> 
         <object class="jmbench.tools.runtime.RuntimeResults"> 
          <void property="opsPerSec"> 
           <double>248.42343547558005</double> 
          </void> 
         </object> 
        </void> 
        <void method="add"> 
         <object class="jmbench.tools.runtime.RuntimeResults"> 
          <void property="opsPerSec"> 
           <double>249.42942604732204</double> 
          </void> 
         </object> 
        </void> 
        <void method="add"> 
         <object class="jmbench.tools.runtime.RuntimeResults"> 
          <void property="opsPerSec"> 
           <double>250.6781798790297</double> 
          </void> 
         </object> 
        </void> 
        <void method="add"> 
         <object class="jmbench.tools.runtime.RuntimeResults"> 
          <void property="opsPerSec"> 
           <double>250.74737564827268</double> 
          </void> 
         </object> 
        </void> 
        <void method="add"> 
         <object class="jmbench.tools.runtime.RuntimeResults"> 
          <void property="opsPerSec"> 
           <double>252.16270188267927</double> 
          </void> 
         </object> 
        </void> 
        <void method="add"> 
         <object class="jmbench.tools.runtime.RuntimeResults"> 
          <void property="opsPerSec"> 
           <double>252.4343305375124</double> 
          </void> 
         </object> 
        </void> 
        <void method="add"> 
         <object class="jmbench.tools.runtime.RuntimeResults"> 
          <void property="opsPerSec"> 
           <double>252.5190209022873</double> 
          </void> 
         </object> 
        </void> 
        <void method="add"> 
         <object class="jmbench.tools.runtime.RuntimeResults"> 
          <void property="opsPerSec"> 
           <double>253.02026022524893</double> 
          </void> 
         </object> 
        </void> 
        <void method="add"> 
         <object class="jmbench.tools.runtime.RuntimeResults"> 
          <void property="opsPerSec"> 
           <double>253.2139464095064</double> 
          </void> 
         </object> 
        </void> 
        <void method="add"> 
         <object class="jmbench.tools.runtime.RuntimeResults"> 
          <void property="opsPerSec"> 
           <double>253.31379263040228</double> 
          </void> 
         </object> 
        </void> 
        <void method="add"> 
         <object class="jmbench.tools.runtime.RuntimeResults"> 
          <void property="opsPerSec"> 
           <double>253.84397339151062</double> 
          </void> 
         </object> 
        </void> 
        <void method="add"> 
         <object class="jmbench.tools.runtime.RuntimeResults"> 
          <void property="opsPerSec"> 
           <double>255.2659993107481</double> 
          </void> 
         </object> 
        </void> 
        <void method="add"> 
         <object class="jmbench.tools.runtime.RuntimeResults"> 
          <void property="opsPerSec"> 
           <double>256.2154652584109</double> 
          </void> 
         </object> 
        </void> 
        <void method="add"> 
         <object class="jmbench.tools.runtime.RuntimeResults"> 
          <void property="opsPerSec"> 
           <double>257.1484436023832</double> 
          </void> 
         </object> 
        </void> 
        <void method="add"> 
         <object class="jmbench.tools.runtime.RuntimeResults"> 
          <void property="opsPerSec"> 
           <double>257.1834509070596</double> 
          </void> 
         </object> 
        </void> 
        <void method="add"> 
         <object class="jmbench.tools.runtime.RuntimeResults"> 
          <void property="opsPerSec"> 
           <double>251.49252045736577</double> 
          </void> 
         </object> 
        </void> 
        <void method="add"> 
         <object class="jmbench.tools.runtime.RuntimeResults"> 
          <void property="opsPerSec"> 
           <double>253.73861158936828</double> 
          </void> 
         </object> 
        </void> 
        <void method="add"> 
         <object class="jmbench.tools.runtime.RuntimeResults"> 
          <void property="opsPerSec"> 
           <double>250.5050372223528</double> 
          </void> 
         </object> 
        </void> 
        <void method="add"> 
         <object class="jmbench.tools.runtime.RuntimeResults"> 
          <void property="opsPerSec"> 
           <double>252.8349794504336</double> 
          </void> 
         </object> 
        </void> 
        <void method="add"> 
         <object class="jmbench.tools.runtime.RuntimeResults"> 
          <void property="opsPerSec"> 
           <double>253.5324180779637</double> 
          </void> 
         </object> 
        </void> 
       </object> 
      </void> 
      <void property="stdev"> 
       <double>3.7784635484521067</double> 
      </void> 
     </object> 
    </void> 
    <void index="3"> 
     <object class="jmbench.tools.runtime.RuntimeEvaluationMetrics"> 
      <void property="max"> 
       <double>60.58602845793075</double> 
      </void> 
      <void property="mean"> 
       <double>58.97450931819772</double> 
      </void> 
      <void property="median"> 
       <double>58.712717007706374</double> 
      </void> 
      <void property="min"> 
       <double>56.68943475094931</double> 
      </void> 
      <void property="rawResults"> 
       <object class="java.util.ArrayList"> 
        <void method="add"> 
         <object class="jmbench.tools.runtime.RuntimeResults"> 
          <void property="opsPerSec"> 
           <double>56.68943475094931</double> 
          </void> 
         </object> 
        </void> 
        <void method="add"> 
         <object class="jmbench.tools.runtime.RuntimeResults"> 
          <void property="opsPerSec"> 
           <double>57.62560253133556</double> 
          </void> 
         </object> 
        </void> 
        <void method="add"> 
         <object class="jmbench.tools.runtime.RuntimeResults"> 
          <void property="opsPerSec"> 
           <double>57.85828251120636</double> 
          </void> 
         </object> 
        </void> 
        <void method="add"> 
         <object class="jmbench.tools.runtime.RuntimeResults"> 
          <void property="opsPerSec"> 
           <double>57.94577815495508</double> 
          </void> 
         </object> 
        </void> 
        <void method="add"> 
         <object class="jmbench.tools.runtime.RuntimeResults"> 
          <void property="opsPerSec"> 
           <double>58.17327146721772</double> 
          </void> 
         </object> 
        </void> 
        <void method="add"> 
         <object class="jmbench.tools.runtime.RuntimeResults"> 
          <void property="opsPerSec"> 
           <double>58.212762354335794</double> 
          </void> 
         </object> 
        </void> 
        <void method="add"> 
         <object class="jmbench.tools.runtime.RuntimeResults"> 
          <void property="opsPerSec"> 
           <double>58.30745521132934</double> 
          </void> 
         </object> 
        </void> 
        <void method="add"> 
         <object class="jmbench.tools.runtime.RuntimeResults"> 
          <void property="opsPerSec"> 
           <double>58.337538360227384</double> 
          </void> 
         </object> 
        </void> 
        <void method="add"> 
         <object class="jmbench.tools.runtime.RuntimeResults"> 
          <void property="opsPerSec"> 
           <double>58.341393948273726</double> 
          </void> 
         </object> 
        </void> 
        <void method="add"> 
         <object class="jmbench.tools.runtime.RuntimeResults"> 
          <void property="opsPerSec"> 
           <double>58.401019675204545</double> 
          </void> 
         </object> 
        </void> 
        <void method="add"> 
         <object class="jmbench.tools.runtime.RuntimeResults"> 
          <void property="opsPerSec"> 
           <double>58.4766716696708</double> 
          </void> 
         </object> 
        </void> 
        <void method="add"> 
         <object class="jmbench.tools.runtime.RuntimeResults"> 
          <void property="opsPerSec"> 
           <double>58.62342156437438</double> 
          </void> 
         </object> 
        </void> 
        <void method="add"> 
         <object class="jmbench.tools.runtime.RuntimeResults"> 
          <void property="opsPerSec"> 
           <double>58.712717007706374</double> 
          </void> 
         </object> 
        </void> 
        <void method="add"> 
         <object class="jmbench.tools.runtime.RuntimeResults"> 
          <void property="opsPerSec"> 
           <double>58.757211529633835</double> 
          </void> 
         </object> 
        </void> 
        <void method="add"> 
         <object class="jmbench.tools.runtime.RuntimeResults"> 
          <void property="opsPerSec"> 
           <double>58.8940042538298</double> 
          </void> 
         </object> 
        </void> 
        <void method="add"> 
         <object class="jmbench.tools.runtime.RuntimeResults"> 
          <void property="opsPerSec"> 
           <double>59.528868690229295</double> 
          </void> 
         </object> 
        </void> 
        <void method="add"> 
         <object class="jmbench.tools.runtime.RuntimeResults"> 
          <void property="opsPerSec"> 
           <double>59.73703689613031</double> 
          </void> 
         </object> 
        </void> 
        <void method="add"> 
         <object class="jmbench.tools.runtime.RuntimeResults"> 
          <void property="opsPerSec"> 
           <double>59.90088594871316</double> 
          </void> 
         </object> 
        </void> 
        <void method="add"> 
         <object class="jmbench.tools.runtime.RuntimeResults"> 
          <void property="opsPerSec"> 
           <double>59.90325952725138</double> 
          </void> 
         </object> 
        </void> 
        <void method="add"> 
         <object class="jmbench.tools.runtime.RuntimeResults"> 
          <void property="opsPerSec"> 
           <double>60.58602845793075</double> 
          </void> 
         </object> 
        </void> 
        <void method="add"> 
         <object class="jmbench.tools.runtime.RuntimeResults"> 
          <void property="opsPerSec"> 
           <double>60.298194672051515</double> 
          </void> 
         </object> 
        </void> 
        <void method="add"> 
         <object class="jmbench.tools.runtime.RuntimeResults"> 
          <void property="opsPerSec"> 
           <double>60.54445183688856</double> 
          </void> 
         </object> 
        </void> 
        <void method="add"> 
         <object class="jmbench.tools.runtime.RuntimeResults"> 
          <void property="opsPerSec"> 
           <double>60.01225305122738</double> 
          </void> 
         </object> 
        </void> 
        <void method="add"> 
         <object class="jmbench.tools.runtime.RuntimeResults"> 
          <void property="opsPerSec"> 
           <double>60.538943766010625</double> 
          </void> 
         </object> 
        </void> 
        <void method="add"> 
         <object class="jmbench.tools.runtime.RuntimeResults"> 
          <void property="opsPerSec"> 
           <double>59.9562451182604</double> 
          </void> 
         </object> 
        </void> 
       </object> 
      </void> 
      <void property="stdev"> 
       <double>1.030590239895505</double> 
      </void> 
     </object> 
    </void> 
    <void index="4"> 
     <object class="jmbench.tools.runtime.RuntimeEvaluationMetrics"> 
      <void property="max"> 
       <double>9.768951277029874</double> 
      </void> 
      <void property="mean"> 
       <double>9.643136979194098</double> 
      </void> 
      <void property="median"> 
       <double>9.688559581801677</double> 
      </void> 
      <void property="min"> 
       <double>9.411271629062886</double> 
      </void> 
      <void property="rawResults"> 
       <object class="java.util.ArrayList"> 
        <void method="add"> 
         <object class="jmbench.tools.runtime.RuntimeResults"> 
          <void property="opsPerSec"> 
           <double>9.411271629062886</double> 
          </void> 
         </object> 
        </void> 
        <void method="add"> 
         <object class="jmbench.tools.runtime.RuntimeResults"> 
          <void property="opsPerSec"> 
           <double>9.41989167124578</double> 
          </void> 
         </object> 
        </void> 
        <void method="add"> 
         <object class="jmbench.tools.runtime.RuntimeResults"> 
          <void property="opsPerSec"> 
           <double>9.492754655009563</double> 
          </void> 
         </object> 
        </void> 
        <void method="add"> 
         <object class="jmbench.tools.runtime.RuntimeResults"> 
          <void property="opsPerSec"> 
           <double>9.518500315855569</double> 
          </void> 
         </object> 
        </void> 
        <void method="add"> 
         <object class="jmbench.tools.runtime.RuntimeResults"> 
          <void property="opsPerSec"> 
           <double>9.56222233696889</double> 
          </void> 
         </object> 
        </void> 
        <void method="add"> 
         <object class="jmbench.tools.runtime.RuntimeResults"> 
          <void property="opsPerSec"> 
           <double>9.599819920619419</double> 
          </void> 
         </object> 
        </void> 
        <void method="add"> 
         <object class="jmbench.tools.runtime.RuntimeResults"> 
          <void property="opsPerSec"> 
           <double>9.611792516002032</double> 
          </void> 
         </object> 
        </void> 
        <void method="add"> 
         <object class="jmbench.tools.runtime.RuntimeResults"> 
          <void property="opsPerSec"> 
           <double>9.62616777447814</double> 
          </void> 
         </object> 
        </void> 
        <void method="add"> 
         <object class="jmbench.tools.runtime.RuntimeResults"> 
          <void property="opsPerSec"> 
           <double>9.66523803709325</double> 
          </void> 
         </object> 
        </void> 
        <void method="add"> 
         <object class="jmbench.tools.runtime.RuntimeResults"> 
          <void property="opsPerSec"> 
           <double>9.678031902130401</double> 
          </void> 
         </object> 
        </void> 
        <void method="add"> 
         <object class="jmbench.tools.runtime.RuntimeResults"> 
          <void property="opsPerSec"> 
           <double>9.684023665082384</double> 
          </void> 
         </object> 
        </void> 
        <void method="add"> 
         <object class="jmbench.tools.runtime.RuntimeResults"> 
          <void property="opsPerSec"> 
           <double>9.696810819233391</double> 
          </void> 
         </object> 
        </void> 
        <void method="add"> 
         <object class="jmbench.tools.runtime.RuntimeResults"> 
          <void property="opsPerSec"> 
           <double>9.701962405899328</double> 
          </void> 
         </object> 
        </void> 
        <void method="add"> 
         <object class="jmbench.tools.runtime.RuntimeResults"> 
          <void property="opsPerSec"> 
           <double>9.707082319617335</double> 
          </void> 
         </object> 
        </void> 
        <void method="add"> 
         <object class="jmbench.tools.runtime.RuntimeResults"> 
          <void property="opsPerSec"> 
           <double>9.713596288200392</double> 
          </void> 
         </object> 
        </void> 
        <void method="add"> 
         <object class="jmbench.tools.runtime.RuntimeResults"> 
          <void property="opsPerSec"> 
           <double>9.720280493776842</double> 
          </void> 
         </object> 
        </void> 
        <void method="add"> 
         <object class="jmbench.tools.runtime.RuntimeResults"> 
          <void property="opsPerSec"> 
           <double>9.72031101107111</double> 
          </void> 
         </object> 
        </void> 
        <void method="add"> 
         <object class="jmbench.tools.runtime.RuntimeResults"> 
          <void property="opsPerSec"> 
           <double>9.723291877463723</double> 
          </void> 
         </object> 
        </void> 
        <void method="add"> 
         <object class="jmbench.tools.runtime.RuntimeResults"> 
          <void property="opsPerSec"> 
           <double>9.74546852516112</double> 
          </void> 
         </object> 
        </void> 
        <void method="add"> 
         <object class="jmbench.tools.runtime.RuntimeResults"> 
          <void property="opsPerSec"> 
           <double>9.768951277029874</double> 
          </void> 
         </object> 
        </void> 
        <void method="add"> 
         <object class="jmbench.tools.runtime.RuntimeResults"> 
          <void property="opsPerSec"> 
           <double>9.439816137554484</double> 
          </void> 
         </object> 
        </void> 
        <void method="add"> 
         <object class="jmbench.tools.runtime.RuntimeResults"> 
          <void property="opsPerSec"> 
           <double>9.688559581801677</double> 
          </void> 
         </object> 
        </void> 
        <void method="add"> 
         <object class="jmbench.tools.runtime.RuntimeResults"> 
          <void property="opsPerSec"> 
           <double>9.720518881297885</double> 
          </void> 
         </object> 
        </void> 
        <void method="add"> 
         <object class="jmbench.tools.runtime.RuntimeResults"> 
          <void property="opsPerSec"> 
           <double>9.741739978672085</double> 
          </void> 
         </object> 
        </void> 
        <void method="add"> 
         <object class="jmbench.tools.runtime.RuntimeResults"> 
          <void property="opsPerSec"> 
           <double>9.72032045952491</double> 
          </void> 
         </object> 
        </void> 
       </object> 
      </void> 
      <void property="stdev"> 
       <double>0.10581472728330389</double> 
      </void> 
     </object> 
    </void> 
    <void index="5"> 
     <object class="jmbench.tools.runtime.RuntimeEvaluationMetrics"> 
      <void property="max"> 
       <double>0.8557050282083163</double> 
      </void> 
      <void property="mean"> 
       <double>0.8412216389885958</double> 
      </void> 
      <void property="median"> 
       <double>0.8402888240746109</double> 
      </void> 
      <void property="min"> 
       <double>0.8310320670343707</double> 
      </void> 
      <void property="rawResults"> 
       <object class="java.util.ArrayList"> 
        <void method="add"> 
         <object class="jmbench.tools.runtime.RuntimeResults"> 
          <void property="opsPerSec"> 
           <double>0.8310320670343707</double> 
          </void> 
         </object> 
        </void> 
        <void method="add"> 
         <object class="jmbench.tools.runtime.RuntimeResults"> 
          <void property="opsPerSec"> 
           <double>0.8337666603948886</double> 
          </void> 
         </object> 
        </void> 
        <void method="add"> 
         <object class="jmbench.tools.runtime.RuntimeResults"> 
          <void property="opsPerSec"> 
           <double>0.8360696033518588</double> 
          </void> 
         </object> 
        </void> 
        <void method="add"> 
         <object class="jmbench.tools.runtime.RuntimeResults"> 
          <void property="opsPerSec"> 
           <double>0.8362439267784817</double> 
          </void> 
         </object> 
        </void> 
        <void method="add"> 
         <object class="jmbench.tools.runtime.RuntimeResults"> 
          <void property="opsPerSec"> 
           <double>0.8369573586964891</double> 
          </void> 
         </object> 
        </void> 
        <void method="add"> 
         <object class="jmbench.tools.runtime.RuntimeResults"> 
          <void property="opsPerSec"> 
           <double>0.8391523889549644</double> 
          </void> 
         </object> 
        </void> 
        <void method="add"> 
         <object class="jmbench.tools.runtime.RuntimeResults"> 
          <void property="opsPerSec"> 
           <double>0.839622337872425</double> 
          </void> 
         </object> 
        </void> 
        <void method="add"> 
         <object class="jmbench.tools.runtime.RuntimeResults"> 
          <void property="opsPerSec"> 
           <double>0.8397892129075601</double> 
          </void> 
         </object> 
        </void> 
        <void method="add"> 
         <object class="jmbench.tools.runtime.RuntimeResults"> 
          <void property="opsPerSec"> 
           <double>0.8401064582903945</double> 
          </void> 
         </object> 
        </void> 
        <void method="add"> 
         <object class="jmbench.tools.runtime.RuntimeResults"> 
          <void property="opsPerSec"> 
           <double>0.8402888240746109</double> 
          </void> 
         </object> 
        </void> 
        <void method="add"> 
         <object class="jmbench.tools.runtime.RuntimeResults"> 
          <void property="opsPerSec"> 
           <double>0.840946704161677</double> 
          </void> 
         </object> 
        </void> 
        <void method="add"> 
         <object class="jmbench.tools.runtime.RuntimeResults"> 
          <void property="opsPerSec"> 
           <double>0.8409801792184827</double> 
          </void> 
         </object> 
        </void> 
        <void method="add"> 
         <object class="jmbench.tools.runtime.RuntimeResults"> 
          <void property="opsPerSec"> 
           <double>0.841707622756744</double> 
          </void> 
         </object> 
        </void> 
        <void method="add"> 
         <object class="jmbench.tools.runtime.RuntimeResults"> 
          <void property="opsPerSec"> 
           <double>0.8433371864472341</double> 
          </void> 
         </object> 
        </void> 
        <void method="add"> 
         <object class="jmbench.tools.runtime.RuntimeResults"> 
          <void property="opsPerSec"> 
           <double>0.843417798814492</double> 
          </void> 
         </object> 
        </void> 
        <void method="add"> 
         <object class="jmbench.tools.runtime.RuntimeResults"> 
          <void property="opsPerSec"> 
           <double>0.8435952002807485</double> 
          </void> 
         </object> 
        </void> 
        <void method="add"> 
         <object class="jmbench.tools.runtime.RuntimeResults"> 
          <void property="opsPerSec"> 
           <double>0.8449142918942303</double> 
          </void> 
         </object> 
        </void> 
        <void method="add"> 
         <object class="jmbench.tools.runtime.RuntimeResults"> 
          <void property="opsPerSec"> 
           <double>0.8505450576244277</double> 
          </void> 
         </object> 
        </void> 
        <void method="add"> 
         <object class="jmbench.tools.runtime.RuntimeResults"> 
          <void property="opsPerSec"> 
           <double>0.8526605424796904</double> 
          </void> 
         </object> 
        </void> 
        <void method="add"> 
         <object class="jmbench.tools.runtime.RuntimeResults"> 
          <void property="opsPerSec"> 
           <double>0.8557050282083163</double> 
          </void> 
         </object> 
        </void> 
        <void method="add"> 
         <object class="jmbench.tools.runtime.RuntimeResults"> 
          <void property="opsPerSec"> 
           <double>0.8344029916128594</double> 
          </void> 
         </object> 
        </void> 
        <void method="add"> 
         <object class="jmbench.tools.runtime.RuntimeResults"> 
          <void property="opsPerSec"> 
           <double>0.8385556717110448</double> 
          </void> 
         </object> 
        </void> 
        <void method="add"> 
         <object class="jmbench.tools.runtime.RuntimeResults"> 
          <void property="opsPerSec"> 
           <double>0.8429561460494579</double> 
          </void> 
         </object> 
        </void> 
        <void method="add"> 
         <object class="jmbench.tools.runtime.RuntimeResults"> 
          <void property="opsPerSec"> 
           <double>0.8402594048834756</double> 
          </void> 
         </object> 
        </void> 
        <void method="add"> 
         <object class="jmbench.tools.runtime.RuntimeResults"> 
          <void property="opsPerSec"> 
           <double>0.8435283102159713</double> 
          </void> 
         </object> 
        </void> 
       </object> 
      </void> 
      <void property="stdev"> 
       <double>0.00551090675323841</double> 
      </void> 
     </object> 
    </void> 
    <void index="6"> 
     <object class="jmbench.tools.runtime.RuntimeEvaluationMetrics"> 
      <void property="max"> 
       <double>0.11936810820766756</double> 
      </void> 
      <void property="mean"> 
       <double>0.11531992848261846</double> 
      </void> 
      <void property="median"> 
       <double>0.11825969971970086</double> 
      </void> 
      <void property="min"> 
       <double>0.10211123139814171</double> 
      </void> 
      <void property="rawResults"> 
       <object class="java.util.ArrayList"> 
        <void method="add"> 
         <object class="jmbench.tools.runtime.RuntimeResults"> 
          <void property="opsPerSec"> 
           <double>0.10220227506352382</double> 
          </void> 
         </object> 
        </void> 
        <void method="add"> 
         <object class="jmbench.tools.runtime.RuntimeResults"> 
          <void property="opsPerSec"> 
           <double>0.10294200000658829</double> 
          </void> 
         </object> 
        </void> 
        <void method="add"> 
         <object class="jmbench.tools.runtime.RuntimeResults"> 
          <void property="opsPerSec"> 
           <double>0.10305233811843126</double> 
          </void> 
         </object> 
        </void> 
        <void method="add"> 
         <object class="jmbench.tools.runtime.RuntimeResults"> 
          <void property="opsPerSec"> 
           <double>0.10308994587468572</double> 
          </void> 
         </object> 
        </void> 
        <void method="add"> 
         <object class="jmbench.tools.runtime.RuntimeResults"> 
          <void property="opsPerSec"> 
           <double>0.11791986991079952</double> 
          </void> 
         </object> 
        </void> 
        <void method="add"> 
         <object class="jmbench.tools.runtime.RuntimeResults"> 
          <void property="opsPerSec"> 
           <double>0.11809398202515119</double> 
          </void> 
         </object> 
        </void> 
        <void method="add"> 
         <object class="jmbench.tools.runtime.RuntimeResults"> 
          <void property="opsPerSec"> 
           <double>0.11810229453861922</double> 
          </void> 
         </object> 
        </void> 
        <void method="add"> 
         <object class="jmbench.tools.runtime.RuntimeResults"> 
          <void property="opsPerSec"> 
           <double>0.11821893247831097</double> 
          </void> 
         </object> 
        </void> 
        <void method="add"> 
         <object class="jmbench.tools.runtime.RuntimeResults"> 
          <void property="opsPerSec"> 
           <double>0.11824061278907022</double> 
          </void> 
         </object> 
        </void> 
        <void method="add"> 
         <object class="jmbench.tools.runtime.RuntimeResults"> 
          <void property="opsPerSec"> 
           <double>0.11825441349122033</double> 
          </void> 
         </object> 
        </void> 
        <void method="add"> 
         <object class="jmbench.tools.runtime.RuntimeResults"> 
          <void property="opsPerSec"> 
           <double>0.11825969971970086</double> 
          </void> 
         </object> 
        </void> 
        <void method="add"> 
         <object class="jmbench.tools.runtime.RuntimeResults"> 
          <void property="opsPerSec"> 
           <double>0.11826453885108366</double> 
          </void> 
         </object> 
        </void> 
        <void method="add"> 
         <object class="jmbench.tools.runtime.RuntimeResults"> 
          <void property="opsPerSec"> 
           <double>0.11828222043169224</double> 
          </void> 
         </object> 
        </void> 
        <void method="add"> 
         <object class="jmbench.tools.runtime.RuntimeResults"> 
          <void property="opsPerSec"> 
           <double>0.11847934134964558</double> 
          </void> 
         </object> 
        </void> 
        <void method="add"> 
         <object class="jmbench.tools.runtime.RuntimeResults"> 
          <void property="opsPerSec"> 
           <double>0.11859124042405382</double> 
          </void> 
         </object> 
        </void> 
        <void method="add"> 
         <object class="jmbench.tools.runtime.RuntimeResults"> 
          <void property="opsPerSec"> 
           <double>0.11866712139907588</double> 
          </void> 
         </object> 
        </void> 
        <void method="add"> 
         <object class="jmbench.tools.runtime.RuntimeResults"> 
          <void property="opsPerSec"> 
           <double>0.11879609659785799</double> 
          </void> 
         </object> 
        </void> 
        <void method="add"> 
         <object class="jmbench.tools.runtime.RuntimeResults"> 
          <void property="opsPerSec"> 
           <double>0.11890441000999154</double> 
          </void> 
         </object> 
        </void> 
        <void method="add"> 
         <object class="jmbench.tools.runtime.RuntimeResults"> 
          <void property="opsPerSec"> 
           <double>0.11912239671403252</double> 
          </void> 
         </object> 
        </void> 
        <void method="add"> 
         <object class="jmbench.tools.runtime.RuntimeResults"> 
          <void property="opsPerSec"> 
           <double>0.11936810820766756</double> 
          </void> 
         </object> 
        </void> 
        <void method="add"> 
         <object class="jmbench.tools.runtime.RuntimeResults"> 
          <void property="opsPerSec"> 
           <double>0.10211123139814171</double> 
          </void> 
         </object> 
        </void> 
        <void method="add"> 
         <object class="jmbench.tools.runtime.RuntimeResults"> 
          <void property="opsPerSec"> 
           <double>0.11859145138266365</double> 
          </void> 
         </object> 
        </void> 
        <void method="add"> 
         <object class="jmbench.tools.runtime.RuntimeResults"> 
          <void property="opsPerSec"> 
           <double>0.11825820330548234</double> 
          </void> 
         </object> 
        </void> 
        <void method="add"> 
         <object class="jmbench.tools.runtime.RuntimeResults"> 
          <void property="opsPerSec"> 
           <double>0.11871463861898787</double> 
          </void> 
         </object> 
        </void> 
        <void method="add"> 
         <object class="jmbench.tools.runtime.RuntimeResults"> 
          <void property="opsPerSec"> 
           <double>0.11847084935898386</double> 
          </void> 
         </object> 
        </void> 
       </object> 
      </void> 
      <void property="stdev"> 
       <double>0.006331214768292345</double> 
      </void> 
     </object> 
    </void> 
    <void index="7"> 
     <object class="jmbench.tools.runtime.RuntimeEvaluationMetrics"> 
      <void property="max"> 
       <double>0.014520744989725847</double> 
      </void> 
      <void property="mean"> 
       <double>0.014347133497280121</double> 
      </void> 
      <void property="median"> 
       <double>0.014377583139488767</double> 
      </void> 
      <void property="min"> 
       <double>0.013959005945126673</double> 
      </void> 
      <void property="rawResults"> 
       <object class="java.util.ArrayList"> 
        <void method="add"> 
         <object class="jmbench.tools.runtime.RuntimeResults"> 
          <void property="opsPerSec"> 
           <double>0.014032686505068495</double> 
          </void> 
         </object> 
        </void> 
        <void method="add"> 
         <object class="jmbench.tools.runtime.RuntimeResults"> 
          <void property="opsPerSec"> 
           <double>0.014106797769602417</double> 
          </void> 
         </object> 
        </void> 
        <void method="add"> 
         <object class="jmbench.tools.runtime.RuntimeResults"> 
          <void property="opsPerSec"> 
           <double>0.014138002855537265</double> 
          </void> 
         </object> 
        </void> 
        <void method="add"> 
         <object class="jmbench.tools.runtime.RuntimeResults"> 
          <void property="opsPerSec"> 
           <double>0.014153320486458683</double> 
          </void> 
         </object> 
        </void> 
        <void method="add"> 
         <object class="jmbench.tools.runtime.RuntimeResults"> 
          <void property="opsPerSec"> 
           <double>0.014285088190706155</double> 
          </void> 
         </object> 
        </void> 
        <void method="add"> 
         <object class="jmbench.tools.runtime.RuntimeResults"> 
          <void property="opsPerSec"> 
           <double>0.014326758196599829</double> 
          </void> 
         </object> 
        </void> 
        <void method="add"> 
         <object class="jmbench.tools.runtime.RuntimeResults"> 
          <void property="opsPerSec"> 
           <double>0.014326885251190845</double> 
          </void> 
         </object> 
        </void> 
        <void method="add"> 
         <object class="jmbench.tools.runtime.RuntimeResults"> 
          <void property="opsPerSec"> 
           <double>0.014352396957217212</double> 
          </void> 
         </object> 
        </void> 
        <void method="add"> 
         <object class="jmbench.tools.runtime.RuntimeResults"> 
          <void property="opsPerSec"> 
           <double>0.014375312321629329</double> 
          </void> 
         </object> 
        </void> 
        <void method="add"> 
         <object class="jmbench.tools.runtime.RuntimeResults"> 
          <void property="opsPerSec"> 
           <double>0.014377583139488767</double> 
          </void> 
         </object> 
        </void> 
        <void method="add"> 
         <object class="jmbench.tools.runtime.RuntimeResults"> 
          <void property="opsPerSec"> 
           <double>0.014389352362733818</double> 
          </void> 
         </object> 
        </void> 
        <void method="add"> 
         <object class="jmbench.tools.runtime.RuntimeResults"> 
          <void property="opsPerSec"> 
           <double>0.01438937886562569</double> 
          </void> 
         </object> 
        </void> 
        <void method="add"> 
         <object class="jmbench.tools.runtime.RuntimeResults"> 
          <void property="opsPerSec"> 
           <double>0.014417593662671735</double> 
          </void> 
         </object> 
        </void> 
        <void method="add"> 
         <object class="jmbench.tools.runtime.RuntimeResults"> 
          <void property="opsPerSec"> 
           <double>0.014456963001783656</double> 
          </void> 
         </object> 
        </void> 
        <void method="add"> 
         <object class="jmbench.tools.runtime.RuntimeResults"> 
          <void property="opsPerSec"> 
           <double>0.014465518824854811</double> 
          </void> 
         </object> 
        </void> 
        <void method="add"> 
         <object class="jmbench.tools.runtime.RuntimeResults"> 
          <void property="opsPerSec"> 
           <double>0.014467296213954877</double> 
          </void> 
         </object> 
        </void> 
        <void method="add"> 
         <object class="jmbench.tools.runtime.RuntimeResults"> 
          <void property="opsPerSec"> 
           <double>0.014475090656045268</double> 
          </void> 
         </object> 
        </void> 
        <void method="add"> 
         <object class="jmbench.tools.runtime.RuntimeResults"> 
          <void property="opsPerSec"> 
           <double>0.014485460298895017</double> 
          </void> 
         </object> 
        </void> 
        <void method="add"> 
         <object class="jmbench.tools.runtime.RuntimeResults"> 
          <void property="opsPerSec"> 
           <double>0.014508204440389754</double> 
          </void> 
         </object> 
        </void> 
        <void method="add"> 
         <object class="jmbench.tools.runtime.RuntimeResults"> 
          <void property="opsPerSec"> 
           <double>0.014520744989725847</double> 
          </void> 
         </object> 
        </void> 
        <void method="add"> 
         <object class="jmbench.tools.runtime.RuntimeResults"> 
          <void property="opsPerSec"> 
           <double>0.013959005945126673</double> 
          </void> 
         </object> 
        </void> 
        <void method="add"> 
         <object class="jmbench.tools.runtime.RuntimeResults"> 
          <void property="opsPerSec"> 
           <double>0.014458305348680901</double> 
          </void> 
         </object> 
        </void> 
        <void method="add"> 
         <object class="jmbench.tools.runtime.RuntimeResults"> 
          <void property="opsPerSec"> 
           <double>0.014497334570806484</double> 
          </void> 
         </object> 
        </void> 
        <void method="add"> 
         <object class="jmbench.tools.runtime.RuntimeResults"> 
          <void property="opsPerSec"> 
           <double>0.014365691166802268</double> 
          </void> 
         </object> 
        </void> 
        <void method="add"> 
         <object class="jmbench.tools.runtime.RuntimeResults"> 
          <void property="opsPerSec"> 
           <double>0.014347565410407232</double> 
          </void> 
         </object> 
        </void> 
       </object> 
      </void> 
      <void property="stdev"> 
       <double>1.5111699449256964E-4</double> 
      </void> 
     </object> 
    </void> 
    <void index="8"> 
     <object class="jmbench.tools.runtime.RuntimeEvaluationMetrics"> 
      <void property="max"> 
       <double>9.397340544356288E-4</double> 
      </void> 
      <void property="mean"> 
       <double>9.397340544356288E-4</double> 
      </void> 
      <void property="median"> 
       <double>9.397340544356288E-4</double> 
      </void> 
      <void property="min"> 
       <double>9.397340544356288E-4</double> 
      </void> 
      <void property="rawResults"> 
       <object class="java.util.ArrayList"> 
        <void method="add"> 
         <object class="jmbench.tools.runtime.RuntimeResults"> 
          <void property="opsPerSec"> 
           <double>9.397340544356288E-4</double> 
          </void> 
         </object> 
        </void> 
       </object> 
      </void> 
     </object> 
    </void> 
   </array> 
  </void> 
  <void property="opName"> 
   <string>SVD</string> 
  </void> 
 </object> 
</java> 
