<?xml version="1.0" encoding="UTF-8"?> 
<java version="1.6.0_16" class="java.beans.XMLDecoder"> 
 <object class="jmbench.tools.runtime.OperationResults"> 
  <void property="complete"> 
   <boolean>true</boolean> 
  </void> 
  <void property="library"> 
   <object class="jmbench.impl.MatrixLibrary"> 
    <void property="dateModified"> 
     <string></string> 
    </void> 
    <void property="libraryDirName"> 
     <string>jama</string> 
    </void> 
    <void property="plotLineType"> 
     <int>1</int> 
    </void> 
    <void property="plotName"> 
     <string>JAMA</string> 
    </void> 
    <void property="saveDirName"> 
     <string>jama</string> 
    </void> 
    <void property="versionName"> 
     <string>Jama 1.0.2</string> 
    </void> 
   </object> 
  </void> 
  <void property="matDimen"> 
   <array class="int" length="14"> 
    <void index="0"> 
     <int>2</int> 
    </void> 
    <void index="1"> 
     <int>3</int> 
    </void> 
    <void index="2"> 
     <int>4</int> 
    </void> 
    <void index="3"> 
     <int>5</int> 
    </void> 
    <void index="4"> 
     <int>10</int> 
    </void> 
    <void index="5"> 
     <int>20</int> 
    </void> 
    <void index="6"> 
     <int>50</int> 
    </void> 
    <void index="7"> 
     <int>100</int> 
    </void> 
    <void index="8"> 
     <int>200</int> 
    </void> 
    <void index="9"> 
     <int>500</int> 
    </void> 
    <void index="10"> 
     <int>1000</int> 
    </void> 
    <void index="11"> 
     <int>2000</int> 
    </void> 
    <void index="12"> 
     <int>5000</int> 
    </void> 
    <void index="13"> 
     <int>10000</int> 
    </void> 
   </array> 
  </void> 
  <void property="metrics"> 
   <array class="jmbench.tools.runtime.RuntimeEvaluationMetrics" length="14"> 
    <void index="0"> 
     <object class="jmbench.tools.runtime.RuntimeEvaluationMetrics"> 
      <void property="max"> 
       <double>5172392.680457722</double> 
      </void> 
      <void property="mean"> 
       <double>5041559.4347633775</double> 
      </void> 
      <void property="median"> 
       <double>5130283.995990411</double> 
      </void> 
      <void property="min"> 
       <double>4662204.0095925545</double> 
      </void> 
      <void property="rawResults"> 
       <object class="java.util.ArrayList"> 
        <void method="add"> 
         <object class="jmbench.tools.runtime.RuntimeResults"> 
          <void property="opsPerSec"> 
           <double>4662204.0095925545</double> 
          </void> 
         </object> 
        </void> 
        <void method="add"> 
         <object class="jmbench.tools.runtime.RuntimeResults"> 
          <void property="opsPerSec"> 
           <double>4666921.717438393</double> 
          </void> 
         </object> 
        </void> 
        <void method="add"> 
         <object class="jmbench.tools.runtime.RuntimeResults"> 
          <void property="opsPerSec"> 
           <double>4677709.36461362</double> 
          </void> 
         </object> 
        </void> 
        <void method="add"> 
         <object class="jmbench.tools.runtime.RuntimeResults"> 
          <void property="opsPerSec"> 
           <double>4994662.25376772</double> 
          </void> 
         </object> 
        </void> 
        <void method="add"> 
         <object class="jmbench.tools.runtime.RuntimeResults"> 
          <void property="opsPerSec"> 
           <double>5045058.1048456235</double> 
          </void> 
         </object> 
        </void> 
        <void method="add"> 
         <object class="jmbench.tools.runtime.RuntimeResults"> 
          <void property="opsPerSec"> 
           <double>5048860.50575478</double> 
          </void> 
         </object> 
        </void> 
        <void method="add"> 
         <object class="jmbench.tools.runtime.RuntimeResults"> 
          <void property="opsPerSec"> 
           <double>5066524.584600609</double> 
          </void> 
         </object> 
        </void> 
        <void method="add"> 
         <object class="jmbench.tools.runtime.RuntimeResults"> 
          <void property="opsPerSec"> 
           <double>5081506.606407344</double> 
          </void> 
         </object> 
        </void> 
        <void method="add"> 
         <object class="jmbench.tools.runtime.RuntimeResults"> 
          <void property="opsPerSec"> 
           <double>5086388.241829275</double> 
          </void> 
         </object> 
        </void> 
        <void method="add"> 
         <object class="jmbench.tools.runtime.RuntimeResults"> 
          <void property="opsPerSec"> 
           <double>5130283.995990411</double> 
          </void> 
         </object> 
        </void> 
        <void method="add"> 
         <object class="jmbench.tools.runtime.RuntimeResults"> 
          <void property="opsPerSec"> 
           <double>5130858.952864832</double> 
          </void> 
         </object> 
        </void> 
        <void method="add"> 
         <object class="jmbench.tools.runtime.RuntimeResults"> 
          <void property="opsPerSec"> 
           <double>5136423.1504460685</double> 
          </void> 
         </object> 
        </void> 
        <void method="add"> 
         <object class="jmbench.tools.runtime.RuntimeResults"> 
          <void property="opsPerSec"> 
           <double>5137233.037794115</double> 
          </void> 
         </object> 
        </void> 
        <void method="add"> 
         <object class="jmbench.tools.runtime.RuntimeResults"> 
          <void property="opsPerSec"> 
           <double>5137909.879660905</double> 
          </void> 
         </object> 
        </void> 
        <void method="add"> 
         <object class="jmbench.tools.runtime.RuntimeResults"> 
          <void property="opsPerSec"> 
           <double>5139724.539813756</double> 
          </void> 
         </object> 
        </void> 
        <void method="add"> 
         <object class="jmbench.tools.runtime.RuntimeResults"> 
          <void property="opsPerSec"> 
           <double>5139860.906164988</double> 
          </void> 
         </object> 
        </void> 
        <void method="add"> 
         <object class="jmbench.tools.runtime.RuntimeResults"> 
          <void property="opsPerSec"> 
           <double>5146402.282376318</double> 
          </void> 
         </object> 
        </void> 
        <void method="add"> 
         <object class="jmbench.tools.runtime.RuntimeResults"> 
          <void property="opsPerSec"> 
           <double>5149917.897456709</double> 
          </void> 
         </object> 
        </void> 
        <void method="add"> 
         <object class="jmbench.tools.runtime.RuntimeResults"> 
          <void property="opsPerSec"> 
           <double>5150568.018852539</double> 
          </void> 
         </object> 
        </void> 
        <void method="add"> 
         <object class="jmbench.tools.runtime.RuntimeResults"> 
          <void property="opsPerSec"> 
           <double>5172392.680457722</double> 
          </void> 
         </object> 
        </void> 
        <void method="add"> 
         <object class="jmbench.tools.runtime.RuntimeResults"> 
          <void property="opsPerSec"> 
           <double>5148693.7148635145</double> 
          </void> 
         </object> 
        </void> 
        <void method="add"> 
         <object class="jmbench.tools.runtime.RuntimeResults"> 
          <void property="opsPerSec"> 
           <double>5082708.2517805565</double> 
          </void> 
         </object> 
        </void> 
        <void method="add"> 
         <object class="jmbench.tools.runtime.RuntimeResults"> 
          <void property="opsPerSec"> 
           <double>5100497.868500916</double> 
          </void> 
         </object> 
        </void> 
        <void method="add"> 
         <object class="jmbench.tools.runtime.RuntimeResults"> 
          <void property="opsPerSec"> 
           <double>5136520.272850936</double> 
          </void> 
         </object> 
        </void> 
        <void method="add"> 
         <object class="jmbench.tools.runtime.RuntimeResults"> 
          <void property="opsPerSec"> 
           <double>4669155.03036023</double> 
          </void> 
         </object> 
        </void> 
       </object> 
      </void> 
      <void property="stdev"> 
       <double>167547.90102001102</double> 
      </void> 
     </object> 
    </void> 
    <void index="1"> 
     <object class="jmbench.tools.runtime.RuntimeEvaluationMetrics"> 
      <void property="max"> 
       <double>3883607.2650280255</double> 
      </void> 
      <void property="mean"> 
       <double>3782788.173289953</double> 
      </void> 
      <void property="median"> 
       <double>3814812.0653283373</double> 
      </void> 
      <void property="min"> 
       <double>3436974.696365375</double> 
      </void> 
      <void property="rawResults"> 
       <object class="java.util.ArrayList"> 
        <void method="add"> 
         <object class="jmbench.tools.runtime.RuntimeResults"> 
          <void property="opsPerSec"> 
           <double>3436974.696365375</double> 
          </void> 
         </object> 
        </void> 
        <void method="add"> 
         <object class="jmbench.tools.runtime.RuntimeResults"> 
          <void property="opsPerSec"> 
           <double>3535733.477024114</double> 
          </void> 
         </object> 
        </void> 
        <void method="add"> 
         <object class="jmbench.tools.runtime.RuntimeResults"> 
          <void property="opsPerSec"> 
           <double>3563097.9737953106</double> 
          </void> 
         </object> 
        </void> 
        <void method="add"> 
         <object class="jmbench.tools.runtime.RuntimeResults"> 
          <void property="opsPerSec"> 
           <double>3796865.0891850484</double> 
          </void> 
         </object> 
        </void> 
        <void method="add"> 
         <object class="jmbench.tools.runtime.RuntimeResults"> 
          <void property="opsPerSec"> 
           <double>3800481.1484290035</double> 
          </void> 
         </object> 
        </void> 
        <void method="add"> 
         <object class="jmbench.tools.runtime.RuntimeResults"> 
          <void property="opsPerSec"> 
           <double>3802339.1215308043</double> 
          </void> 
         </object> 
        </void> 
        <void method="add"> 
         <object class="jmbench.tools.runtime.RuntimeResults"> 
          <void property="opsPerSec"> 
           <double>3808309.573896966</double> 
          </void> 
         </object> 
        </void> 
        <void method="add"> 
         <object class="jmbench.tools.runtime.RuntimeResults"> 
          <void property="opsPerSec"> 
           <double>3812745.4486288363</double> 
          </void> 
         </object> 
        </void> 
        <void method="add"> 
         <object class="jmbench.tools.runtime.RuntimeResults"> 
          <void property="opsPerSec"> 
           <double>3814256.7204144956</double> 
          </void> 
         </object> 
        </void> 
        <void method="add"> 
         <object class="jmbench.tools.runtime.RuntimeResults"> 
          <void property="opsPerSec"> 
           <double>3814338.4315438885</double> 
          </void> 
         </object> 
        </void> 
        <void method="add"> 
         <object class="jmbench.tools.runtime.RuntimeResults"> 
          <void property="opsPerSec"> 
           <double>3814812.0653283373</double> 
          </void> 
         </object> 
        </void> 
        <void method="add"> 
         <object class="jmbench.tools.runtime.RuntimeResults"> 
          <void property="opsPerSec"> 
           <double>3820569.978137226</double> 
          </void> 
         </object> 
        </void> 
        <void method="add"> 
         <object class="jmbench.tools.runtime.RuntimeResults"> 
          <void property="opsPerSec"> 
           <double>3824406.177959027</double> 
          </void> 
         </object> 
        </void> 
        <void method="add"> 
         <object class="jmbench.tools.runtime.RuntimeResults"> 
          <void property="opsPerSec"> 
           <double>3840589.831729031</double> 
          </void> 
         </object> 
        </void> 
        <void method="add"> 
         <object class="jmbench.tools.runtime.RuntimeResults"> 
          <void property="opsPerSec"> 
           <double>3853218.1595808305</double> 
          </void> 
         </object> 
        </void> 
        <void method="add"> 
         <object class="jmbench.tools.runtime.RuntimeResults"> 
          <void property="opsPerSec"> 
           <double>3857672.4363499857</double> 
          </void> 
         </object> 
        </void> 
        <void method="add"> 
         <object class="jmbench.tools.runtime.RuntimeResults"> 
          <void property="opsPerSec"> 
           <double>3864328.642116436</double> 
          </void> 
         </object> 
        </void> 
        <void method="add"> 
         <object class="jmbench.tools.runtime.RuntimeResults"> 
          <void property="opsPerSec"> 
           <double>3865976.9216697286</double> 
          </void> 
         </object> 
        </void> 
        <void method="add"> 
         <object class="jmbench.tools.runtime.RuntimeResults"> 
          <void property="opsPerSec"> 
           <double>3882932.976597422</double> 
          </void> 
         </object> 
        </void> 
        <void method="add"> 
         <object class="jmbench.tools.runtime.RuntimeResults"> 
          <void property="opsPerSec"> 
           <double>3883607.2650280255</double> 
          </void> 
         </object> 
        </void> 
        <void method="add"> 
         <object class="jmbench.tools.runtime.RuntimeResults"> 
          <void property="opsPerSec"> 
           <double>3864733.091226366</double> 
          </void> 
         </object> 
        </void> 
        <void method="add"> 
         <object class="jmbench.tools.runtime.RuntimeResults"> 
          <void property="opsPerSec"> 
           <double>3817764.15467194</double> 
          </void> 
         </object> 
        </void> 
        <void method="add"> 
         <object class="jmbench.tools.runtime.RuntimeResults"> 
          <void property="opsPerSec"> 
           <double>3809960.1075679804</double> 
          </void> 
         </object> 
        </void> 
        <void method="add"> 
         <object class="jmbench.tools.runtime.RuntimeResults"> 
          <void property="opsPerSec"> 
           <double>3826011.4934990252</double> 
          </void> 
         </object> 
        </void> 
        <void method="add"> 
         <object class="jmbench.tools.runtime.RuntimeResults"> 
          <void property="opsPerSec"> 
           <double>3557979.3499736376</double> 
          </void> 
         </object> 
        </void> 
       </object> 
      </void> 
      <void property="stdev"> 
       <double>117686.93197238457</double> 
      </void> 
     </object> 
    </void> 
    <void index="2"> 
     <object class="jmbench.tools.runtime.RuntimeEvaluationMetrics"> 
      <void property="max"> 
       <double>3138785.7474269257</double> 
      </void> 
      <void property="mean"> 
       <double>3037118.4302925994</double> 
      </void> 
      <void property="median"> 
       <double>3076373.3663239754</double> 
      </void> 
      <void property="min"> 
       <double>2771500.423704294</double> 
      </void> 
      <void property="rawResults"> 
       <object class="java.util.ArrayList"> 
        <void method="add"> 
         <object class="jmbench.tools.runtime.RuntimeResults"> 
          <void property="opsPerSec"> 
           <double>2806281.1416161745</double> 
          </void> 
         </object> 
        </void> 
        <void method="add"> 
         <object class="jmbench.tools.runtime.RuntimeResults"> 
          <void property="opsPerSec"> 
           <double>2855323.359566033</double> 
          </void> 
         </object> 
        </void> 
        <void method="add"> 
         <object class="jmbench.tools.runtime.RuntimeResults"> 
          <void property="opsPerSec"> 
           <double>2872893.3719974826</double> 
          </void> 
         </object> 
        </void> 
        <void method="add"> 
         <object class="jmbench.tools.runtime.RuntimeResults"> 
          <void property="opsPerSec"> 
           <double>2881088.542342827</double> 
          </void> 
         </object> 
        </void> 
        <void method="add"> 
         <object class="jmbench.tools.runtime.RuntimeResults"> 
          <void property="opsPerSec"> 
           <double>3012452.8638578816</double> 
          </void> 
         </object> 
        </void> 
        <void method="add"> 
         <object class="jmbench.tools.runtime.RuntimeResults"> 
          <void property="opsPerSec"> 
           <double>3041504.8715003803</double> 
          </void> 
         </object> 
        </void> 
        <void method="add"> 
         <object class="jmbench.tools.runtime.RuntimeResults"> 
          <void property="opsPerSec"> 
           <double>3047326.3364612963</double> 
          </void> 
         </object> 
        </void> 
        <void method="add"> 
         <object class="jmbench.tools.runtime.RuntimeResults"> 
          <void property="opsPerSec"> 
           <double>3058863.6746366657</double> 
          </void> 
         </object> 
        </void> 
        <void method="add"> 
         <object class="jmbench.tools.runtime.RuntimeResults"> 
          <void property="opsPerSec"> 
           <double>3070606.469971334</double> 
          </void> 
         </object> 
        </void> 
        <void method="add"> 
         <object class="jmbench.tools.runtime.RuntimeResults"> 
          <void property="opsPerSec"> 
           <double>3075564.976753398</double> 
          </void> 
         </object> 
        </void> 
        <void method="add"> 
         <object class="jmbench.tools.runtime.RuntimeResults"> 
          <void property="opsPerSec"> 
           <double>3076373.3663239754</double> 
          </void> 
         </object> 
        </void> 
        <void method="add"> 
         <object class="jmbench.tools.runtime.RuntimeResults"> 
          <void property="opsPerSec"> 
           <double>3089073.09339093</double> 
          </void> 
         </object> 
        </void> 
        <void method="add"> 
         <object class="jmbench.tools.runtime.RuntimeResults"> 
          <void property="opsPerSec"> 
           <double>3091952.564561338</double> 
          </void> 
         </object> 
        </void> 
        <void method="add"> 
         <object class="jmbench.tools.runtime.RuntimeResults"> 
          <void property="opsPerSec"> 
           <double>3092086.3454878274</double> 
          </void> 
         </object> 
        </void> 
        <void method="add"> 
         <object class="jmbench.tools.runtime.RuntimeResults"> 
          <void property="opsPerSec"> 
           <double>3094048.7619723016</double> 
          </void> 
         </object> 
        </void> 
        <void method="add"> 
         <object class="jmbench.tools.runtime.RuntimeResults"> 
          <void property="opsPerSec"> 
           <double>3097728.6483507482</double> 
          </void> 
         </object> 
        </void> 
        <void method="add"> 
         <object class="jmbench.tools.runtime.RuntimeResults"> 
          <void property="opsPerSec"> 
           <double>3102590.5301467944</double> 
          </void> 
         </object> 
        </void> 
        <void method="add"> 
         <object class="jmbench.tools.runtime.RuntimeResults"> 
          <void property="opsPerSec"> 
           <double>3102876.122346603</double> 
          </void> 
         </object> 
        </void> 
        <void method="add"> 
         <object class="jmbench.tools.runtime.RuntimeResults"> 
          <void property="opsPerSec"> 
           <double>3117344.0254843724</double> 
          </void> 
         </object> 
        </void> 
        <void method="add"> 
         <object class="jmbench.tools.runtime.RuntimeResults"> 
          <void property="opsPerSec"> 
           <double>3136069.0319108716</double> 
          </void> 
         </object> 
        </void> 
        <void method="add"> 
         <object class="jmbench.tools.runtime.RuntimeResults"> 
          <void property="opsPerSec"> 
           <double>3134036.86359586</double> 
          </void> 
         </object> 
        </void> 
        <void method="add"> 
         <object class="jmbench.tools.runtime.RuntimeResults"> 
          <void property="opsPerSec"> 
           <double>3138785.7474269257</double> 
          </void> 
         </object> 
        </void> 
        <void method="add"> 
         <object class="jmbench.tools.runtime.RuntimeResults"> 
          <void property="opsPerSec"> 
           <double>3116958.1343972343</double> 
          </void> 
         </object> 
        </void> 
        <void method="add"> 
         <object class="jmbench.tools.runtime.RuntimeResults"> 
          <void property="opsPerSec"> 
           <double>3044631.489511406</double> 
          </void> 
         </object> 
        </void> 
        <void method="add"> 
         <object class="jmbench.tools.runtime.RuntimeResults"> 
          <void property="opsPerSec"> 
           <double>2771500.423704294</double> 
          </void> 
         </object> 
        </void> 
       </object> 
      </void> 
      <void property="stdev"> 
       <double>105865.789902136</double> 
      </void> 
     </object> 
    </void> 
    <void index="3"> 
     <object class="jmbench.tools.runtime.RuntimeEvaluationMetrics"> 
      <void property="max"> 
       <double>2620808.944740951</double> 
      </void> 
      <void property="mean"> 
       <double>2515694.575653716</double> 
      </void> 
      <void property="median"> 
       <double>2553368.765757594</double> 
      </void> 
      <void property="min"> 
       <double>2306248.4746261965</double> 
      </void> 
      <void property="rawResults"> 
       <object class="java.util.ArrayList"> 
        <void method="add"> 
         <object class="jmbench.tools.runtime.RuntimeResults"> 
          <void property="opsPerSec"> 
           <double>2306248.4746261965</double> 
          </void> 
         </object> 
        </void> 
        <void method="add"> 
         <object class="jmbench.tools.runtime.RuntimeResults"> 
          <void property="opsPerSec"> 
           <double>2308917.588242569</double> 
          </void> 
         </object> 
        </void> 
        <void method="add"> 
         <object class="jmbench.tools.runtime.RuntimeResults"> 
          <void property="opsPerSec"> 
           <double>2328833.7616333626</double> 
          </void> 
         </object> 
        </void> 
        <void method="add"> 
         <object class="jmbench.tools.runtime.RuntimeResults"> 
          <void property="opsPerSec"> 
           <double>2338668.89443131</double> 
          </void> 
         </object> 
        </void> 
        <void method="add"> 
         <object class="jmbench.tools.runtime.RuntimeResults"> 
          <void property="opsPerSec"> 
           <double>2504484.436641432</double> 
          </void> 
         </object> 
        </void> 
        <void method="add"> 
         <object class="jmbench.tools.runtime.RuntimeResults"> 
          <void property="opsPerSec"> 
           <double>2525604.491974707</double> 
          </void> 
         </object> 
        </void> 
        <void method="add"> 
         <object class="jmbench.tools.runtime.RuntimeResults"> 
          <void property="opsPerSec"> 
           <double>2536884.4890596597</double> 
          </void> 
         </object> 
        </void> 
        <void method="add"> 
         <object class="jmbench.tools.runtime.RuntimeResults"> 
          <void property="opsPerSec"> 
           <double>2547341.413613866</double> 
          </void> 
         </object> 
        </void> 
        <void method="add"> 
         <object class="jmbench.tools.runtime.RuntimeResults"> 
          <void property="opsPerSec"> 
           <double>2548124.287697754</double> 
          </void> 
         </object> 
        </void> 
        <void method="add"> 
         <object class="jmbench.tools.runtime.RuntimeResults"> 
          <void property="opsPerSec"> 
           <double>2553368.765757594</double> 
          </void> 
         </object> 
        </void> 
        <void method="add"> 
         <object class="jmbench.tools.runtime.RuntimeResults"> 
          <void property="opsPerSec"> 
           <double>2556728.5537191625</double> 
          </void> 
         </object> 
        </void> 
        <void method="add"> 
         <object class="jmbench.tools.runtime.RuntimeResults"> 
          <void property="opsPerSec"> 
           <double>2557423.3252809923</double> 
          </void> 
         </object> 
        </void> 
        <void method="add"> 
         <object class="jmbench.tools.runtime.RuntimeResults"> 
          <void property="opsPerSec"> 
           <double>2563739.4980401187</double> 
          </void> 
         </object> 
        </void> 
        <void method="add"> 
         <object class="jmbench.tools.runtime.RuntimeResults"> 
          <void property="opsPerSec"> 
           <double>2572105.8771788827</double> 
          </void> 
         </object> 
        </void> 
        <void method="add"> 
         <object class="jmbench.tools.runtime.RuntimeResults"> 
          <void property="opsPerSec"> 
           <double>2574161.1867464157</double> 
          </void> 
         </object> 
        </void> 
        <void method="add"> 
         <object class="jmbench.tools.runtime.RuntimeResults"> 
          <void property="opsPerSec"> 
           <double>2577361.9702567267</double> 
          </void> 
         </object> 
        </void> 
        <void method="add"> 
         <object class="jmbench.tools.runtime.RuntimeResults"> 
          <void property="opsPerSec"> 
           <double>2584201.632074047</double> 
          </void> 
         </object> 
        </void> 
        <void method="add"> 
         <object class="jmbench.tools.runtime.RuntimeResults"> 
          <void property="opsPerSec"> 
           <double>2610506.4109573597</double> 
          </void> 
         </object> 
        </void> 
        <void method="add"> 
         <object class="jmbench.tools.runtime.RuntimeResults"> 
          <void property="opsPerSec"> 
           <double>2611863.5315042804</double> 
          </void> 
         </object> 
        </void> 
        <void method="add"> 
         <object class="jmbench.tools.runtime.RuntimeResults"> 
          <void property="opsPerSec"> 
           <double>2620808.944740951</double> 
          </void> 
         </object> 
        </void> 
        <void method="add"> 
         <object class="jmbench.tools.runtime.RuntimeResults"> 
          <void property="opsPerSec"> 
           <double>2509246.8564625457</double> 
          </void> 
         </object> 
        </void> 
        <void method="add"> 
         <object class="jmbench.tools.runtime.RuntimeResults"> 
          <void property="opsPerSec"> 
           <double>2581334.273648012</double> 
          </void> 
         </object> 
        </void> 
        <void method="add"> 
         <object class="jmbench.tools.runtime.RuntimeResults"> 
          <void property="opsPerSec"> 
           <double>2557275.680640099</double> 
          </void> 
         </object> 
        </void> 
        <void method="add"> 
         <object class="jmbench.tools.runtime.RuntimeResults"> 
          <void property="opsPerSec"> 
           <double>2537115.007567401</double> 
          </void> 
         </object> 
        </void> 
        <void method="add"> 
         <object class="jmbench.tools.runtime.RuntimeResults"> 
          <void property="opsPerSec"> 
           <double>2380015.0388474376</double> 
          </void> 
         </object> 
        </void> 
       </object> 
      </void> 
      <void property="stdev"> 
       <double>96351.15499448689</double> 
      </void> 
     </object> 
    </void> 
    <void index="4"> 
     <object class="jmbench.tools.runtime.RuntimeEvaluationMetrics"> 
      <void property="max"> 
       <double>1300950.1415450429</double> 
      </void> 
      <void property="mean"> 
       <double>1264380.9335669589</double> 
      </void> 
      <void property="median"> 
       <double>1279581.1692722135</double> 
      </void> 
      <void property="min"> 
       <double>1152152.3299636077</double> 
      </void> 
      <void property="rawResults"> 
       <object class="java.util.ArrayList"> 
        <void method="add"> 
         <object class="jmbench.tools.runtime.RuntimeResults"> 
          <void property="opsPerSec"> 
           <double>1152152.3299636077</double> 
          </void> 
         </object> 
        </void> 
        <void method="add"> 
         <object class="jmbench.tools.runtime.RuntimeResults"> 
          <void property="opsPerSec"> 
           <double>1169536.2971486049</double> 
          </void> 
         </object> 
        </void> 
        <void method="add"> 
         <object class="jmbench.tools.runtime.RuntimeResults"> 
          <void property="opsPerSec"> 
           <double>1207256.6238764315</double> 
          </void> 
         </object> 
        </void> 
        <void method="add"> 
         <object class="jmbench.tools.runtime.RuntimeResults"> 
          <void property="opsPerSec"> 
           <double>1214606.8786139672</double> 
          </void> 
         </object> 
        </void> 
        <void method="add"> 
         <object class="jmbench.tools.runtime.RuntimeResults"> 
          <void property="opsPerSec"> 
           <double>1246492.019488057</double> 
          </void> 
         </object> 
        </void> 
        <void method="add"> 
         <object class="jmbench.tools.runtime.RuntimeResults"> 
          <void property="opsPerSec"> 
           <double>1248573.1540383468</double> 
          </void> 
         </object> 
        </void> 
        <void method="add"> 
         <object class="jmbench.tools.runtime.RuntimeResults"> 
          <void property="opsPerSec"> 
           <double>1255326.5527671739</double> 
          </void> 
         </object> 
        </void> 
        <void method="add"> 
         <object class="jmbench.tools.runtime.RuntimeResults"> 
          <void property="opsPerSec"> 
           <double>1260046.5456572655</double> 
          </void> 
         </object> 
        </void> 
        <void method="add"> 
         <object class="jmbench.tools.runtime.RuntimeResults"> 
          <void property="opsPerSec"> 
           <double>1276165.2980577638</double> 
          </void> 
         </object> 
        </void> 
        <void method="add"> 
         <object class="jmbench.tools.runtime.RuntimeResults"> 
          <void property="opsPerSec"> 
           <double>1276305.6127238313</double> 
          </void> 
         </object> 
        </void> 
        <void method="add"> 
         <object class="jmbench.tools.runtime.RuntimeResults"> 
          <void property="opsPerSec"> 
           <double>1281677.2896575935</double> 
          </void> 
         </object> 
        </void> 
        <void method="add"> 
         <object class="jmbench.tools.runtime.RuntimeResults"> 
          <void property="opsPerSec"> 
           <double>1291932.651831926</double> 
          </void> 
         </object> 
        </void> 
        <void method="add"> 
         <object class="jmbench.tools.runtime.RuntimeResults"> 
          <void property="opsPerSec"> 
           <double>1292197.6057885475</double> 
          </void> 
         </object> 
        </void> 
        <void method="add"> 
         <object class="jmbench.tools.runtime.RuntimeResults"> 
          <void property="opsPerSec"> 
           <double>1292971.8185361545</double> 
          </void> 
         </object> 
        </void> 
        <void method="add"> 
         <object class="jmbench.tools.runtime.RuntimeResults"> 
          <void property="opsPerSec"> 
           <double>1297066.4111745933</double> 
          </void> 
         </object> 
        </void> 
        <void method="add"> 
         <object class="jmbench.tools.runtime.RuntimeResults"> 
          <void property="opsPerSec"> 
           <double>1297501.7600628394</double> 
          </void> 
         </object> 
        </void> 
        <void method="add"> 
         <object class="jmbench.tools.runtime.RuntimeResults"> 
          <void property="opsPerSec"> 
           <double>1297688.2661531277</double> 
          </void> 
         </object> 
        </void> 
        <void method="add"> 
         <object class="jmbench.tools.runtime.RuntimeResults"> 
          <void property="opsPerSec"> 
           <double>1298481.7569343257</double> 
          </void> 
         </object> 
        </void> 
        <void method="add"> 
         <object class="jmbench.tools.runtime.RuntimeResults"> 
          <void property="opsPerSec"> 
           <double>1298815.5709388328</double> 
          </void> 
         </object> 
        </void> 
        <void method="add"> 
         <object class="jmbench.tools.runtime.RuntimeResults"> 
          <void property="opsPerSec"> 
           <double>1300950.1415450429</double> 
          </void> 
         </object> 
        </void> 
        <void method="add"> 
         <object class="jmbench.tools.runtime.RuntimeResults"> 
          <void property="opsPerSec"> 
           <double>1277765.5140104732</double> 
          </void> 
         </object> 
        </void> 
        <void method="add"> 
         <object class="jmbench.tools.runtime.RuntimeResults"> 
          <void property="opsPerSec"> 
           <double>1279581.1692722135</double> 
          </void> 
         </object> 
        </void> 
        <void method="add"> 
         <object class="jmbench.tools.runtime.RuntimeResults"> 
          <void property="opsPerSec"> 
           <double>1199108.1568891117</double> 
          </void> 
         </object> 
        </void> 
        <void method="add"> 
         <object class="jmbench.tools.runtime.RuntimeResults"> 
          <void property="opsPerSec"> 
           <double>1298210.0435495793</double> 
          </void> 
         </object> 
        </void> 
        <void method="add"> 
         <object class="jmbench.tools.runtime.RuntimeResults"> 
          <void property="opsPerSec"> 
           <double>1299113.870494566</double> 
          </void> 
         </object> 
        </void> 
       </object> 
      </void> 
      <void property="stdev"> 
       <double>42386.20175877663</double> 
      </void> 
     </object> 
    </void> 
    <void index="5"> 
     <object class="jmbench.tools.runtime.RuntimeEvaluationMetrics"> 
      <void property="max"> 
       <double>491868.9950534526</double> 
      </void> 
      <void property="mean"> 
       <double>479005.3515607523</double> 
      </void> 
      <void property="median"> 
       <double>488908.8340514216</double> 
      </void> 
      <void property="min"> 
       <double>433134.23044668563</double> 
      </void> 
      <void property="rawResults"> 
       <object class="java.util.ArrayList"> 
        <void method="add"> 
         <object class="jmbench.tools.runtime.RuntimeResults"> 
          <void property="opsPerSec"> 
           <double>433134.23044668563</double> 
          </void> 
         </object> 
        </void> 
        <void method="add"> 
         <object class="jmbench.tools.runtime.RuntimeResults"> 
          <void property="opsPerSec"> 
           <double>439799.3322036233</double> 
          </void> 
         </object> 
        </void> 
        <void method="add"> 
         <object class="jmbench.tools.runtime.RuntimeResults"> 
          <void property="opsPerSec"> 
           <double>447882.6029590373</double> 
          </void> 
         </object> 
        </void> 
        <void method="add"> 
         <object class="jmbench.tools.runtime.RuntimeResults"> 
          <void property="opsPerSec"> 
           <double>467225.3552191669</double> 
          </void> 
         </object> 
        </void> 
        <void method="add"> 
         <object class="jmbench.tools.runtime.RuntimeResults"> 
          <void property="opsPerSec"> 
           <double>467836.2207052465</double> 
          </void> 
         </object> 
        </void> 
        <void method="add"> 
         <object class="jmbench.tools.runtime.RuntimeResults"> 
          <void property="opsPerSec"> 
           <double>472365.0818268095</double> 
          </void> 
         </object> 
        </void> 
        <void method="add"> 
         <object class="jmbench.tools.runtime.RuntimeResults"> 
          <void property="opsPerSec"> 
           <double>481139.858325675</double> 
          </void> 
         </object> 
        </void> 
        <void method="add"> 
         <object class="jmbench.tools.runtime.RuntimeResults"> 
          <void property="opsPerSec"> 
           <double>481831.2572736438</double> 
          </void> 
         </object> 
        </void> 
        <void method="add"> 
         <object class="jmbench.tools.runtime.RuntimeResults"> 
          <void property="opsPerSec"> 
           <double>482385.0067051704</double> 
          </void> 
         </object> 
        </void> 
        <void method="add"> 
         <object class="jmbench.tools.runtime.RuntimeResults"> 
          <void property="opsPerSec"> 
           <double>483861.588395401</double> 
          </void> 
         </object> 
        </void> 
        <void method="add"> 
         <object class="jmbench.tools.runtime.RuntimeResults"> 
          <void property="opsPerSec"> 
           <double>488908.8340514216</double> 
          </void> 
         </object> 
        </void> 
        <void method="add"> 
         <object class="jmbench.tools.runtime.RuntimeResults"> 
          <void property="opsPerSec"> 
           <double>489506.6783770774</double> 
          </void> 
         </object> 
        </void> 
        <void method="add"> 
         <object class="jmbench.tools.runtime.RuntimeResults"> 
          <void property="opsPerSec"> 
           <double>490472.14028727025</double> 
          </void> 
         </object> 
        </void> 
        <void method="add"> 
         <object class="jmbench.tools.runtime.RuntimeResults"> 
          <void property="opsPerSec"> 
           <double>490772.3702040144</double> 
          </void> 
         </object> 
        </void> 
        <void method="add"> 
         <object class="jmbench.tools.runtime.RuntimeResults"> 
          <void property="opsPerSec"> 
           <double>490940.6606125305</double> 
          </void> 
         </object> 
        </void> 
        <void method="add"> 
         <object class="jmbench.tools.runtime.RuntimeResults"> 
          <void property="opsPerSec"> 
           <double>491283.39935858804</double> 
          </void> 
         </object> 
        </void> 
        <void method="add"> 
         <object class="jmbench.tools.runtime.RuntimeResults"> 
          <void property="opsPerSec"> 
           <double>491315.00185216614</double> 
          </void> 
         </object> 
        </void> 
        <void method="add"> 
         <object class="jmbench.tools.runtime.RuntimeResults"> 
          <void property="opsPerSec"> 
           <double>491498.0140130155</double> 
          </void> 
         </object> 
        </void> 
        <void method="add"> 
         <object class="jmbench.tools.runtime.RuntimeResults"> 
          <void property="opsPerSec"> 
           <double>491605.13602394995</double> 
          </void> 
         </object> 
        </void> 
        <void method="add"> 
         <object class="jmbench.tools.runtime.RuntimeResults"> 
          <void property="opsPerSec"> 
           <double>491868.9950534526</double> 
          </void> 
         </object> 
        </void> 
        <void method="add"> 
         <object class="jmbench.tools.runtime.RuntimeResults"> 
          <void property="opsPerSec"> 
           <double>484242.45581426495</double> 
          </void> 
         </object> 
        </void> 
        <void method="add"> 
         <object class="jmbench.tools.runtime.RuntimeResults"> 
          <void property="opsPerSec"> 
           <double>451034.8578168378</double> 
          </void> 
         </object> 
        </void> 
        <void method="add"> 
         <object class="jmbench.tools.runtime.RuntimeResults"> 
          <void property="opsPerSec"> 
           <double>491241.5907068572</double> 
          </void> 
         </object> 
        </void> 
        <void method="add"> 
         <object class="jmbench.tools.runtime.RuntimeResults"> 
          <void property="opsPerSec"> 
           <double>491741.39262820076</double> 
          </void> 
         </object> 
        </void> 
        <void method="add"> 
         <object class="jmbench.tools.runtime.RuntimeResults"> 
          <void property="opsPerSec"> 
           <double>491241.72815869993</double> 
          </void> 
         </object> 
        </void> 
       </object> 
      </void> 
      <void property="stdev"> 
       <double>17481.21617909065</double> 
      </void> 
     </object> 
    </void> 
    <void index="6"> 
     <object class="jmbench.tools.runtime.RuntimeEvaluationMetrics"> 
      <void property="max"> 
       <double>85678.57311926082</double> 
      </void> 
      <void property="mean"> 
       <double>78745.56730390547</double> 
      </void> 
      <void property="median"> 
       <double>83390.06365624216</double> 
      </void> 
      <void property="min"> 
       <double>60063.07776259396</double> 
      </void> 
      <void property="rawResults"> 
       <object class="java.util.ArrayList"> 
        <void method="add"> 
         <object class="jmbench.tools.runtime.RuntimeResults"> 
          <void property="opsPerSec"> 
           <double>60063.07776259396</double> 
          </void> 
         </object> 
        </void> 
        <void method="add"> 
         <object class="jmbench.tools.runtime.RuntimeResults"> 
          <void property="opsPerSec"> 
           <double>60992.859985713</double> 
          </void> 
         </object> 
        </void> 
        <void method="add"> 
         <object class="jmbench.tools.runtime.RuntimeResults"> 
          <void property="opsPerSec"> 
           <double>63288.51853156404</double> 
          </void> 
         </object> 
        </void> 
        <void method="add"> 
         <object class="jmbench.tools.runtime.RuntimeResults"> 
          <void property="opsPerSec"> 
           <double>64091.41303100402</double> 
          </void> 
         </object> 
        </void> 
        <void method="add"> 
         <object class="jmbench.tools.runtime.RuntimeResults"> 
          <void property="opsPerSec"> 
           <double>70290.45260521986</double> 
          </void> 
         </object> 
        </void> 
        <void method="add"> 
         <object class="jmbench.tools.runtime.RuntimeResults"> 
          <void property="opsPerSec"> 
           <double>77787.95249707144</double> 
          </void> 
         </object> 
        </void> 
        <void method="add"> 
         <object class="jmbench.tools.runtime.RuntimeResults"> 
          <void property="opsPerSec"> 
           <double>78490.42878310656</double> 
          </void> 
         </object> 
        </void> 
        <void method="add"> 
         <object class="jmbench.tools.runtime.RuntimeResults"> 
          <void property="opsPerSec"> 
           <double>78878.33667970823</double> 
          </void> 
         </object> 
        </void> 
        <void method="add"> 
         <object class="jmbench.tools.runtime.RuntimeResults"> 
          <void property="opsPerSec"> 
           <double>80385.06390046641</double> 
          </void> 
         </object> 
        </void> 
        <void method="add"> 
         <object class="jmbench.tools.runtime.RuntimeResults"> 
          <void property="opsPerSec"> 
           <double>81146.21015694793</double> 
          </void> 
         </object> 
        </void> 
        <void method="add"> 
         <object class="jmbench.tools.runtime.RuntimeResults"> 
          <void property="opsPerSec"> 
           <double>83439.8980269463</double> 
          </void> 
         </object> 
        </void> 
        <void method="add"> 
         <object class="jmbench.tools.runtime.RuntimeResults"> 
          <void property="opsPerSec"> 
           <double>83676.31292910715</double> 
          </void> 
         </object> 
        </void> 
        <void method="add"> 
         <object class="jmbench.tools.runtime.RuntimeResults"> 
          <void property="opsPerSec"> 
           <double>84951.55134182343</double> 
          </void> 
         </object> 
        </void> 
        <void method="add"> 
         <object class="jmbench.tools.runtime.RuntimeResults"> 
          <void property="opsPerSec"> 
           <double>85138.60513175394</double> 
          </void> 
         </object> 
        </void> 
        <void method="add"> 
         <object class="jmbench.tools.runtime.RuntimeResults"> 
          <void property="opsPerSec"> 
           <double>85265.83730922377</double> 
          </void> 
         </object> 
        </void> 
        <void method="add"> 
         <object class="jmbench.tools.runtime.RuntimeResults"> 
          <void property="opsPerSec"> 
           <double>85359.9618444686</double> 
          </void> 
         </object> 
        </void> 
        <void method="add"> 
         <object class="jmbench.tools.runtime.RuntimeResults"> 
          <void property="opsPerSec"> 
           <double>85388.12382063235</double> 
          </void> 
         </object> 
        </void> 
        <void method="add"> 
         <object class="jmbench.tools.runtime.RuntimeResults"> 
          <void property="opsPerSec"> 
           <double>85435.53631324267</double> 
          </void> 
         </object> 
        </void> 
        <void method="add"> 
         <object class="jmbench.tools.runtime.RuntimeResults"> 
          <void property="opsPerSec"> 
           <double>85452.81214378928</double> 
          </void> 
         </object> 
        </void> 
        <void method="add"> 
         <object class="jmbench.tools.runtime.RuntimeResults"> 
          <void property="opsPerSec"> 
           <double>85598.80073662195</double> 
          </void> 
         </object> 
        </void> 
        <void method="add"> 
         <object class="jmbench.tools.runtime.RuntimeResults"> 
          <void property="opsPerSec"> 
           <double>81143.47301632634</double> 
          </void> 
         </object> 
        </void> 
        <void method="add"> 
         <object class="jmbench.tools.runtime.RuntimeResults"> 
          <void property="opsPerSec"> 
           <double>67947.64106751652</double> 
          </void> 
         </object> 
        </void> 
        <void method="add"> 
         <object class="jmbench.tools.runtime.RuntimeResults"> 
          <void property="opsPerSec"> 
           <double>83390.06365624216</double> 
          </void> 
         </object> 
        </void> 
        <void method="add"> 
         <object class="jmbench.tools.runtime.RuntimeResults"> 
          <void property="opsPerSec"> 
           <double>85678.57311926082</double> 
          </void> 
         </object> 
        </void> 
        <void method="add"> 
         <object class="jmbench.tools.runtime.RuntimeResults"> 
          <void property="opsPerSec"> 
           <double>85357.67820728627</double> 
          </void> 
         </object> 
        </void> 
       </object> 
      </void> 
      <void property="stdev"> 
       <double>8549.463023360815</double> 
      </void> 
     </object> 
    </void> 
    <void index="7"> 
     <object class="jmbench.tools.runtime.RuntimeEvaluationMetrics"> 
      <void property="max"> 
       <double>20248.58998445727</double> 
      </void> 
      <void property="mean"> 
       <double>19491.012096753504</double> 
      </void> 
      <void property="median"> 
       <double>19699.24226668931</double> 
      </void> 
      <void property="min"> 
       <double>18033.787817398814</double> 
      </void> 
      <void property="rawResults"> 
       <object class="java.util.ArrayList"> 
        <void method="add"> 
         <object class="jmbench.tools.runtime.RuntimeResults"> 
          <void property="opsPerSec"> 
           <double>18033.787817398814</double> 
          </void> 
         </object> 
        </void> 
        <void method="add"> 
         <object class="jmbench.tools.runtime.RuntimeResults"> 
          <void property="opsPerSec"> 
           <double>18177.448284422982</double> 
          </void> 
         </object> 
        </void> 
        <void method="add"> 
         <object class="jmbench.tools.runtime.RuntimeResults"> 
          <void property="opsPerSec"> 
           <double>18463.996979646876</double> 
          </void> 
         </object> 
        </void> 
        <void method="add"> 
         <object class="jmbench.tools.runtime.RuntimeResults"> 
          <void property="opsPerSec"> 
           <double>18656.517108952066</double> 
          </void> 
         </object> 
        </void> 
        <void method="add"> 
         <object class="jmbench.tools.runtime.RuntimeResults"> 
          <void property="opsPerSec"> 
           <double>18699.478322768067</double> 
          </void> 
         </object> 
        </void> 
        <void method="add"> 
         <object class="jmbench.tools.runtime.RuntimeResults"> 
          <void property="opsPerSec"> 
           <double>18856.01229225834</double> 
          </void> 
         </object> 
        </void> 
        <void method="add"> 
         <object class="jmbench.tools.runtime.RuntimeResults"> 
          <void property="opsPerSec"> 
           <double>19230.22279161632</double> 
          </void> 
         </object> 
        </void> 
        <void method="add"> 
         <object class="jmbench.tools.runtime.RuntimeResults"> 
          <void property="opsPerSec"> 
           <double>19310.836682761936</double> 
          </void> 
         </object> 
        </void> 
        <void method="add"> 
         <object class="jmbench.tools.runtime.RuntimeResults"> 
          <void property="opsPerSec"> 
           <double>19676.07684251467</double> 
          </void> 
         </object> 
        </void> 
        <void method="add"> 
         <object class="jmbench.tools.runtime.RuntimeResults"> 
          <void property="opsPerSec"> 
           <double>19699.24226668931</double> 
          </void> 
         </object> 
        </void> 
        <void method="add"> 
         <object class="jmbench.tools.runtime.RuntimeResults"> 
          <void property="opsPerSec"> 
           <double>19824.178240931764</double> 
          </void> 
         </object> 
        </void> 
        <void method="add"> 
         <object class="jmbench.tools.runtime.RuntimeResults"> 
          <void property="opsPerSec"> 
           <double>19949.66723303536</double> 
          </void> 
         </object> 
        </void> 
        <void method="add"> 
         <object class="jmbench.tools.runtime.RuntimeResults"> 
          <void property="opsPerSec"> 
           <double>20003.336648231696</double> 
          </void> 
         </object> 
        </void> 
        <void method="add"> 
         <object class="jmbench.tools.runtime.RuntimeResults"> 
          <void property="opsPerSec"> 
           <double>20008.41180515129</double> 
          </void> 
         </object> 
        </void> 
        <void method="add"> 
         <object class="jmbench.tools.runtime.RuntimeResults"> 
          <void property="opsPerSec"> 
           <double>20099.75335135264</double> 
          </void> 
         </object> 
        </void> 
        <void method="add"> 
         <object class="jmbench.tools.runtime.RuntimeResults"> 
          <void property="opsPerSec"> 
           <double>20112.687670452127</double> 
          </void> 
         </object> 
        </void> 
        <void method="add"> 
         <object class="jmbench.tools.runtime.RuntimeResults"> 
          <void property="opsPerSec"> 
           <double>20136.022459907443</double> 
          </void> 
         </object> 
        </void> 
        <void method="add"> 
         <object class="jmbench.tools.runtime.RuntimeResults"> 
          <void property="opsPerSec"> 
           <double>20150.006892758294</double> 
          </void> 
         </object> 
        </void> 
        <void method="add"> 
         <object class="jmbench.tools.runtime.RuntimeResults"> 
          <void property="opsPerSec"> 
           <double>20196.782598656337</double> 
          </void> 
         </object> 
        </void> 
        <void method="add"> 
         <object class="jmbench.tools.runtime.RuntimeResults"> 
          <void property="opsPerSec"> 
           <double>20212.618369224096</double> 
          </void> 
         </object> 
        </void> 
        <void method="add"> 
         <object class="jmbench.tools.runtime.RuntimeResults"> 
          <void property="opsPerSec"> 
           <double>19101.75055225473</double> 
          </void> 
         </object> 
        </void> 
        <void method="add"> 
         <object class="jmbench.tools.runtime.RuntimeResults"> 
          <void property="opsPerSec"> 
           <double>19526.508248481652</double> 
          </void> 
         </object> 
        </void> 
        <void method="add"> 
         <object class="jmbench.tools.runtime.RuntimeResults"> 
          <void property="opsPerSec"> 
           <double>18771.477517944044</double> 
          </void> 
         </object> 
        </void> 
        <void method="add"> 
         <object class="jmbench.tools.runtime.RuntimeResults"> 
          <void property="opsPerSec"> 
           <double>20129.8914569694</double> 
          </void> 
         </object> 
        </void> 
        <void method="add"> 
         <object class="jmbench.tools.runtime.RuntimeResults"> 
          <void property="opsPerSec"> 
           <double>20248.58998445727</double> 
          </void> 
         </object> 
        </void> 
       </object> 
      </void> 
      <void property="stdev"> 
       <double>691.0358370577554</double> 
      </void> 
     </object> 
    </void> 
    <void index="8"> 
     <object class="jmbench.tools.runtime.RuntimeEvaluationMetrics"> 
      <void property="max"> 
       <double>5005.869995035604</double> 
      </void> 
      <void property="mean"> 
       <double>4870.33383645321</double> 
      </void> 
      <void property="median"> 
       <double>4975.889853872698</double> 
      </void> 
      <void property="min"> 
       <double>4560.488657352315</double> 
      </void> 
      <void property="rawResults"> 
       <object class="java.util.ArrayList"> 
        <void method="add"> 
         <object class="jmbench.tools.runtime.RuntimeResults"> 
          <void property="opsPerSec"> 
           <double>4560.488657352315</double> 
          </void> 
         </object> 
        </void> 
        <void method="add"> 
         <object class="jmbench.tools.runtime.RuntimeResults"> 
          <void property="opsPerSec"> 
           <double>4626.860155238976</double> 
          </void> 
         </object> 
        </void> 
        <void method="add"> 
         <object class="jmbench.tools.runtime.RuntimeResults"> 
          <void property="opsPerSec"> 
           <double>4669.215486792895</double> 
          </void> 
         </object> 
        </void> 
        <void method="add"> 
         <object class="jmbench.tools.runtime.RuntimeResults"> 
          <void property="opsPerSec"> 
           <double>4681.00818099175</double> 
          </void> 
         </object> 
        </void> 
        <void method="add"> 
         <object class="jmbench.tools.runtime.RuntimeResults"> 
          <void property="opsPerSec"> 
           <double>4685.911747542648</double> 
          </void> 
         </object> 
        </void> 
        <void method="add"> 
         <object class="jmbench.tools.runtime.RuntimeResults"> 
          <void property="opsPerSec"> 
           <double>4767.822838421075</double> 
          </void> 
         </object> 
        </void> 
        <void method="add"> 
         <object class="jmbench.tools.runtime.RuntimeResults"> 
          <void property="opsPerSec"> 
           <double>4772.9532442336285</double> 
          </void> 
         </object> 
        </void> 
        <void method="add"> 
         <object class="jmbench.tools.runtime.RuntimeResults"> 
          <void property="opsPerSec"> 
           <double>4814.589484473275</double> 
          </void> 
         </object> 
        </void> 
        <void method="add"> 
         <object class="jmbench.tools.runtime.RuntimeResults"> 
          <void property="opsPerSec"> 
           <double>4833.2986868345615</double> 
          </void> 
         </object> 
        </void> 
        <void method="add"> 
         <object class="jmbench.tools.runtime.RuntimeResults"> 
          <void property="opsPerSec"> 
           <double>4840.162408397811</double> 
          </void> 
         </object> 
        </void> 
        <void method="add"> 
         <object class="jmbench.tools.runtime.RuntimeResults"> 
          <void property="opsPerSec"> 
           <double>4975.889853872698</double> 
          </void> 
         </object> 
        </void> 
        <void method="add"> 
         <object class="jmbench.tools.runtime.RuntimeResults"> 
          <void property="opsPerSec"> 
           <double>4980.337537352394</double> 
          </void> 
         </object> 
        </void> 
        <void method="add"> 
         <object class="jmbench.tools.runtime.RuntimeResults"> 
          <void property="opsPerSec"> 
           <double>4988.205784825952</double> 
          </void> 
         </object> 
        </void> 
        <void method="add"> 
         <object class="jmbench.tools.runtime.RuntimeResults"> 
          <void property="opsPerSec"> 
           <double>4992.977934080906</double> 
          </void> 
         </object> 
        </void> 
        <void method="add"> 
         <object class="jmbench.tools.runtime.RuntimeResults"> 
          <void property="opsPerSec"> 
           <double>4995.824568549461</double> 
          </void> 
         </object> 
        </void> 
        <void method="add"> 
         <object class="jmbench.tools.runtime.RuntimeResults"> 
          <void property="opsPerSec"> 
           <double>4999.037474000508</double> 
          </void> 
         </object> 
        </void> 
        <void method="add"> 
         <object class="jmbench.tools.runtime.RuntimeResults"> 
          <void property="opsPerSec"> 
           <double>5000.209728400156</double> 
          </void> 
         </object> 
        </void> 
        <void method="add"> 
         <object class="jmbench.tools.runtime.RuntimeResults"> 
          <void property="opsPerSec"> 
           <double>5000.616574923626</double> 
          </void> 
         </object> 
        </void> 
        <void method="add"> 
         <object class="jmbench.tools.runtime.RuntimeResults"> 
          <void property="opsPerSec"> 
           <double>5001.329948067928</double> 
          </void> 
         </object> 
        </void> 
        <void method="add"> 
         <object class="jmbench.tools.runtime.RuntimeResults"> 
          <void property="opsPerSec"> 
           <double>5005.869995035604</double> 
          </void> 
         </object> 
        </void> 
        <void method="add"> 
         <object class="jmbench.tools.runtime.RuntimeResults"> 
          <void property="opsPerSec"> 
           <double>4884.062772608459</double> 
          </void> 
         </object> 
        </void> 
        <void method="add"> 
         <object class="jmbench.tools.runtime.RuntimeResults"> 
          <void property="opsPerSec"> 
           <double>4713.745389128332</double> 
          </void> 
         </object> 
        </void> 
        <void method="add"> 
         <object class="jmbench.tools.runtime.RuntimeResults"> 
          <void property="opsPerSec"> 
           <double>4984.77769545845</double> 
          </void> 
         </object> 
        </void> 
        <void method="add"> 
         <object class="jmbench.tools.runtime.RuntimeResults"> 
          <void property="opsPerSec"> 
           <double>4996.939387155306</double> 
          </void> 
         </object> 
        </void> 
        <void method="add"> 
         <object class="jmbench.tools.runtime.RuntimeResults"> 
          <void property="opsPerSec"> 
           <double>4986.210377591542</double> 
          </void> 
         </object> 
        </void> 
       </object> 
      </void> 
      <void property="stdev"> 
       <double>143.121339268724</double> 
      </void> 
     </object> 
    </void> 
    <void index="9"> 
     <object class="jmbench.tools.runtime.RuntimeEvaluationMetrics"> 
      <void property="max"> 
       <double>418.673110389054</double> 
      </void> 
      <void property="mean"> 
       <double>400.3505769893738</double> 
      </void> 
      <void property="median"> 
       <double>409.9553209625921</double> 
      </void> 
      <void property="min"> 
       <double>351.4749369136729</double> 
      </void> 
      <void property="rawResults"> 
       <object class="java.util.ArrayList"> 
        <void method="add"> 
         <object class="jmbench.tools.runtime.RuntimeResults"> 
          <void property="opsPerSec"> 
           <double>351.4749369136729</double> 
          </void> 
         </object> 
        </void> 
        <void method="add"> 
         <object class="jmbench.tools.runtime.RuntimeResults"> 
          <void property="opsPerSec"> 
           <double>364.078488015168</double> 
          </void> 
         </object> 
        </void> 
        <void method="add"> 
         <object class="jmbench.tools.runtime.RuntimeResults"> 
          <void property="opsPerSec"> 
           <double>377.13458442550393</double> 
          </void> 
         </object> 
        </void> 
        <void method="add"> 
         <object class="jmbench.tools.runtime.RuntimeResults"> 
          <void property="opsPerSec"> 
           <double>385.3999802887196</double> 
          </void> 
         </object> 
        </void> 
        <void method="add"> 
         <object class="jmbench.tools.runtime.RuntimeResults"> 
          <void property="opsPerSec"> 
           <double>386.99446433620665</double> 
          </void> 
         </object> 
        </void> 
        <void method="add"> 
         <object class="jmbench.tools.runtime.RuntimeResults"> 
          <void property="opsPerSec"> 
           <double>387.0026368154511</double> 
          </void> 
         </object> 
        </void> 
        <void method="add"> 
         <object class="jmbench.tools.runtime.RuntimeResults"> 
          <void property="opsPerSec"> 
           <double>390.7877129694492</double> 
          </void> 
         </object> 
        </void> 
        <void method="add"> 
         <object class="jmbench.tools.runtime.RuntimeResults"> 
          <void property="opsPerSec"> 
           <double>401.551950293354</double> 
          </void> 
         </object> 
        </void> 
        <void method="add"> 
         <object class="jmbench.tools.runtime.RuntimeResults"> 
          <void property="opsPerSec"> 
           <double>403.7629098442164</double> 
          </void> 
         </object> 
        </void> 
        <void method="add"> 
         <object class="jmbench.tools.runtime.RuntimeResults"> 
          <void property="opsPerSec"> 
           <double>409.66226558903526</double> 
          </void> 
         </object> 
        </void> 
        <void method="add"> 
         <object class="jmbench.tools.runtime.RuntimeResults"> 
          <void property="opsPerSec"> 
           <double>409.9553209625921</double> 
          </void> 
         </object> 
        </void> 
        <void method="add"> 
         <object class="jmbench.tools.runtime.RuntimeResults"> 
          <void property="opsPerSec"> 
           <double>410.5225027051338</double> 
          </void> 
         </object> 
        </void> 
        <void method="add"> 
         <object class="jmbench.tools.runtime.RuntimeResults"> 
          <void property="opsPerSec"> 
           <double>414.09036586188716</double> 
          </void> 
         </object> 
        </void> 
        <void method="add"> 
         <object class="jmbench.tools.runtime.RuntimeResults"> 
          <void property="opsPerSec"> 
           <double>415.20232212096016</double> 
          </void> 
         </object> 
        </void> 
        <void method="add"> 
         <object class="jmbench.tools.runtime.RuntimeResults"> 
          <void property="opsPerSec"> 
           <double>416.3607292471158</double> 
          </void> 
         </object> 
        </void> 
        <void method="add"> 
         <object class="jmbench.tools.runtime.RuntimeResults"> 
          <void property="opsPerSec"> 
           <double>416.38211983952044</double> 
          </void> 
         </object> 
        </void> 
        <void method="add"> 
         <object class="jmbench.tools.runtime.RuntimeResults"> 
          <void property="opsPerSec"> 
           <double>417.9803525345917</double> 
          </void> 
         </object> 
        </void> 
        <void method="add"> 
         <object class="jmbench.tools.runtime.RuntimeResults"> 
          <void property="opsPerSec"> 
           <double>418.1797480097054</double> 
          </void> 
         </object> 
        </void> 
        <void method="add"> 
         <object class="jmbench.tools.runtime.RuntimeResults"> 
          <void property="opsPerSec"> 
           <double>418.2785763203532</double> 
          </void> 
         </object> 
        </void> 
        <void method="add"> 
         <object class="jmbench.tools.runtime.RuntimeResults"> 
          <void property="opsPerSec"> 
           <double>418.673110389054</double> 
          </void> 
         </object> 
        </void> 
        <void method="add"> 
         <object class="jmbench.tools.runtime.RuntimeResults"> 
          <void property="opsPerSec"> 
           <double>354.41601693205666</double> 
          </void> 
         </object> 
        </void> 
        <void method="add"> 
         <object class="jmbench.tools.runtime.RuntimeResults"> 
          <void property="opsPerSec"> 
           <double>417.51376824997817</double> 
          </void> 
         </object> 
        </void> 
        <void method="add"> 
         <object class="jmbench.tools.runtime.RuntimeResults"> 
          <void property="opsPerSec"> 
           <double>417.49172747388974</double> 
          </void> 
         </object> 
        </void> 
        <void method="add"> 
         <object class="jmbench.tools.runtime.RuntimeResults"> 
          <void property="opsPerSec"> 
           <double>417.2686664935649</double> 
          </void> 
         </object> 
        </void> 
        <void method="add"> 
         <object class="jmbench.tools.runtime.RuntimeResults"> 
          <void property="opsPerSec"> 
           <double>388.59916810316497</double> 
          </void> 
         </object> 
        </void> 
       </object> 
      </void> 
      <void property="stdev"> 
       <double>20.534570338978533</double> 
      </void> 
     </object> 
    </void> 
    <void index="10"> 
     <object class="jmbench.tools.runtime.RuntimeEvaluationMetrics"> 
      <void property="max"> 
       <double>79.20422623929888</double> 
      </void> 
      <void property="mean"> 
       <double>76.73441851771108</double> 
      </void> 
      <void property="median"> 
       <double>77.78610053443263</double> 
      </void> 
      <void property="min"> 
       <double>57.57526593188133</double> 
      </void> 
      <void property="rawResults"> 
       <object class="java.util.ArrayList"> 
        <void method="add"> 
         <object class="jmbench.tools.runtime.RuntimeResults"> 
          <void property="opsPerSec"> 
           <double>74.5479983238382</double> 
          </void> 
         </object> 
        </void> 
        <void method="add"> 
         <object class="jmbench.tools.runtime.RuntimeResults"> 
          <void property="opsPerSec"> 
           <double>75.10546352776561</double> 
          </void> 
         </object> 
        </void> 
        <void method="add"> 
         <object class="jmbench.tools.runtime.RuntimeResults"> 
          <void property="opsPerSec"> 
           <double>76.29200162757674</double> 
          </void> 
         </object> 
        </void> 
        <void method="add"> 
         <object class="jmbench.tools.runtime.RuntimeResults"> 
          <void property="opsPerSec"> 
           <double>76.64976598755534</double> 
          </void> 
         </object> 
        </void> 
        <void method="add"> 
         <object class="jmbench.tools.runtime.RuntimeResults"> 
          <void property="opsPerSec"> 
           <double>76.77804245012551</double> 
          </void> 
         </object> 
        </void> 
        <void method="add"> 
         <object class="jmbench.tools.runtime.RuntimeResults"> 
          <void property="opsPerSec"> 
           <double>77.15419682971047</double> 
          </void> 
         </object> 
        </void> 
        <void method="add"> 
         <object class="jmbench.tools.runtime.RuntimeResults"> 
          <void property="opsPerSec"> 
           <double>77.30575609545076</double> 
          </void> 
         </object> 
        </void> 
        <void method="add"> 
         <object class="jmbench.tools.runtime.RuntimeResults"> 
          <void property="opsPerSec"> 
           <double>77.42168244845219</double> 
          </void> 
         </object> 
        </void> 
        <void method="add"> 
         <object class="jmbench.tools.runtime.RuntimeResults"> 
          <void property="opsPerSec"> 
           <double>77.68973242644533</double> 
          </void> 
         </object> 
        </void> 
        <void method="add"> 
         <object class="jmbench.tools.runtime.RuntimeResults"> 
          <void property="opsPerSec"> 
           <double>77.72729740433078</double> 
          </void> 
         </object> 
        </void> 
        <void method="add"> 
         <object class="jmbench.tools.runtime.RuntimeResults"> 
          <void property="opsPerSec"> 
           <double>77.78610053443263</double> 
          </void> 
         </object> 
        </void> 
        <void method="add"> 
         <object class="jmbench.tools.runtime.RuntimeResults"> 
          <void property="opsPerSec"> 
           <double>77.9204295486561</double> 
          </void> 
         </object> 
        </void> 
        <void method="add"> 
         <object class="jmbench.tools.runtime.RuntimeResults"> 
          <void property="opsPerSec"> 
           <double>78.05993532904489</double> 
          </void> 
         </object> 
        </void> 
        <void method="add"> 
         <object class="jmbench.tools.runtime.RuntimeResults"> 
          <void property="opsPerSec"> 
           <double>78.14688423237915</double> 
          </void> 
         </object> 
        </void> 
        <void method="add"> 
         <object class="jmbench.tools.runtime.RuntimeResults"> 
          <void property="opsPerSec"> 
           <double>78.23034580902254</double> 
          </void> 
         </object> 
        </void> 
        <void method="add"> 
         <object class="jmbench.tools.runtime.RuntimeResults"> 
          <void property="opsPerSec"> 
           <double>78.23640390884013</double> 
          </void> 
         </object> 
        </void> 
        <void method="add"> 
         <object class="jmbench.tools.runtime.RuntimeResults"> 
          <void property="opsPerSec"> 
           <double>78.62571445712494</double> 
          </void> 
         </object> 
        </void> 
        <void method="add"> 
         <object class="jmbench.tools.runtime.RuntimeResults"> 
          <void property="opsPerSec"> 
           <double>78.68425182506265</double> 
          </void> 
         </object> 
        </void> 
        <void method="add"> 
         <object class="jmbench.tools.runtime.RuntimeResults"> 
          <void property="opsPerSec"> 
           <double>79.00348863306354</double> 
          </void> 
         </object> 
        </void> 
        <void method="add"> 
         <object class="jmbench.tools.runtime.RuntimeResults"> 
          <void property="opsPerSec"> 
           <double>79.07182578864804</double> 
          </void> 
         </object> 
        </void> 
        <void method="add"> 
         <object class="jmbench.tools.runtime.RuntimeResults"> 
          <void property="opsPerSec"> 
           <double>57.57526593188133</double> 
          </void> 
         </object> 
        </void> 
        <void method="add"> 
         <object class="jmbench.tools.runtime.RuntimeResults"> 
          <void property="opsPerSec"> 
           <double>73.12064617520949</double> 
          </void> 
         </object> 
        </void> 
        <void method="add"> 
         <object class="jmbench.tools.runtime.RuntimeResults"> 
          <void property="opsPerSec"> 
           <double>79.20422623929888</double> 
          </void> 
         </object> 
        </void> 
        <void method="add"> 
         <object class="jmbench.tools.runtime.RuntimeResults"> 
          <void property="opsPerSec"> 
           <double>79.03583121520599</double> 
          </void> 
         </object> 
        </void> 
        <void method="add"> 
         <object class="jmbench.tools.runtime.RuntimeResults"> 
          <void property="opsPerSec"> 
           <double>78.98717619365591</double> 
          </void> 
         </object> 
        </void> 
       </object> 
      </void> 
      <void property="stdev"> 
       <double>4.175478190771152</double> 
      </void> 
     </object> 
    </void> 
    <void index="11"> 
     <object class="jmbench.tools.runtime.RuntimeEvaluationMetrics"> 
      <void property="max"> 
       <double>17.346830068708442</double> 
      </void> 
      <void property="mean"> 
       <double>16.660358792120316</double> 
      </void> 
      <void property="median"> 
       <double>16.963625852701643</double> 
      </void> 
      <void property="min"> 
       <double>14.269781440009226</double> 
      </void> 
      <void property="rawResults"> 
       <object class="java.util.ArrayList"> 
        <void method="add"> 
         <object class="jmbench.tools.runtime.RuntimeResults"> 
          <void property="opsPerSec"> 
           <double>14.786327720519466</double> 
          </void> 
         </object> 
        </void> 
        <void method="add"> 
         <object class="jmbench.tools.runtime.RuntimeResults"> 
          <void property="opsPerSec"> 
           <double>14.926974718317263</double> 
          </void> 
         </object> 
        </void> 
        <void method="add"> 
         <object class="jmbench.tools.runtime.RuntimeResults"> 
          <void property="opsPerSec"> 
           <double>15.268245586169433</double> 
          </void> 
         </object> 
        </void> 
        <void method="add"> 
         <object class="jmbench.tools.runtime.RuntimeResults"> 
          <void property="opsPerSec"> 
           <double>16.591019608592596</double> 
          </void> 
         </object> 
        </void> 
        <void method="add"> 
         <object class="jmbench.tools.runtime.RuntimeResults"> 
          <void property="opsPerSec"> 
           <double>16.5967410494786</double> 
          </void> 
         </object> 
        </void> 
        <void method="add"> 
         <object class="jmbench.tools.runtime.RuntimeResults"> 
          <void property="opsPerSec"> 
           <double>16.729183491325806</double> 
          </void> 
         </object> 
        </void> 
        <void method="add"> 
         <object class="jmbench.tools.runtime.RuntimeResults"> 
          <void property="opsPerSec"> 
           <double>16.9176989667639</double> 
          </void> 
         </object> 
        </void> 
        <void method="add"> 
         <object class="jmbench.tools.runtime.RuntimeResults"> 
          <void property="opsPerSec"> 
           <double>16.92413348813342</double> 
          </void> 
         </object> 
        </void> 
        <void method="add"> 
         <object class="jmbench.tools.runtime.RuntimeResults"> 
          <void property="opsPerSec"> 
           <double>16.93715775869906</double> 
          </void> 
         </object> 
        </void> 
        <void method="add"> 
         <object class="jmbench.tools.runtime.RuntimeResults"> 
          <void property="opsPerSec"> 
           <double>16.95511966261211</double> 
          </void> 
         </object> 
        </void> 
        <void method="add"> 
         <object class="jmbench.tools.runtime.RuntimeResults"> 
          <void property="opsPerSec"> 
           <double>16.963625852701643</double> 
          </void> 
         </object> 
        </void> 
        <void method="add"> 
         <object class="jmbench.tools.runtime.RuntimeResults"> 
          <void property="opsPerSec"> 
           <double>16.98456524802325</double> 
          </void> 
         </object> 
        </void> 
        <void method="add"> 
         <object class="jmbench.tools.runtime.RuntimeResults"> 
          <void property="opsPerSec"> 
           <double>16.984906444076326</double> 
          </void> 
         </object> 
        </void> 
        <void method="add"> 
         <object class="jmbench.tools.runtime.RuntimeResults"> 
          <void property="opsPerSec"> 
           <double>17.03206739517978</double> 
          </void> 
         </object> 
        </void> 
        <void method="add"> 
         <object class="jmbench.tools.runtime.RuntimeResults"> 
          <void property="opsPerSec"> 
           <double>17.10097546287761</double> 
          </void> 
         </object> 
        </void> 
        <void method="add"> 
         <object class="jmbench.tools.runtime.RuntimeResults"> 
          <void property="opsPerSec"> 
           <double>17.10582032520904</double> 
          </void> 
         </object> 
        </void> 
        <void method="add"> 
         <object class="jmbench.tools.runtime.RuntimeResults"> 
          <void property="opsPerSec"> 
           <double>17.287014667578493</double> 
          </void> 
         </object> 
        </void> 
        <void method="add"> 
         <object class="jmbench.tools.runtime.RuntimeResults"> 
          <void property="opsPerSec"> 
           <double>17.29680730212049</double> 
          </void> 
         </object> 
        </void> 
        <void method="add"> 
         <object class="jmbench.tools.runtime.RuntimeResults"> 
          <void property="opsPerSec"> 
           <double>17.309268540000225</double> 
          </void> 
         </object> 
        </void> 
        <void method="add"> 
         <object class="jmbench.tools.runtime.RuntimeResults"> 
          <void property="opsPerSec"> 
           <double>17.346830068708442</double> 
          </void> 
         </object> 
        </void> 
        <void method="add"> 
         <object class="jmbench.tools.runtime.RuntimeResults"> 
          <void property="opsPerSec"> 
           <double>14.269781440009226</double> 
          </void> 
         </object> 
        </void> 
        <void method="add"> 
         <object class="jmbench.tools.runtime.RuntimeResults"> 
          <void property="opsPerSec"> 
           <double>16.867575531664365</double> 
          </void> 
         </object> 
        </void> 
        <void method="add"> 
         <object class="jmbench.tools.runtime.RuntimeResults"> 
          <void property="opsPerSec"> 
           <double>17.176900171215806</double> 
          </void> 
         </object> 
        </void> 
        <void method="add"> 
         <object class="jmbench.tools.runtime.RuntimeResults"> 
          <void property="opsPerSec"> 
           <double>17.11171247226389</double> 
          </void> 
         </object> 
        </void> 
        <void method="add"> 
         <object class="jmbench.tools.runtime.RuntimeResults"> 
          <void property="opsPerSec"> 
           <double>17.038516830767506</double> 
          </void> 
         </object> 
        </void> 
       </object> 
      </void> 
      <void property="stdev"> 
       <double>0.8405253915818872</double> 
      </void> 
     </object> 
    </void> 
    <void index="12"> 
     <object class="jmbench.tools.runtime.RuntimeEvaluationMetrics"> 
      <void property="max"> 
       <double>2.2160166557909675</double> 
      </void> 
      <void property="mean"> 
       <double>2.1458360171828197</double> 
      </void> 
      <void property="median"> 
       <double>2.190532780312596</double> 
      </void> 
      <void property="min"> 
       <double>1.9273290675050252</double> 
      </void> 
      <void property="rawResults"> 
       <object class="java.util.ArrayList"> 
        <void method="add"> 
         <object class="jmbench.tools.runtime.RuntimeResults"> 
          <void property="opsPerSec"> 
           <double>1.9466051967603477</double> 
          </void> 
         </object> 
        </void> 
        <void method="add"> 
         <object class="jmbench.tools.runtime.RuntimeResults"> 
          <void property="opsPerSec"> 
           <double>1.9489766026667912</double> 
          </void> 
         </object> 
        </void> 
        <void method="add"> 
         <object class="jmbench.tools.runtime.RuntimeResults"> 
          <void property="opsPerSec"> 
           <double>1.9712609322368306</double> 
          </void> 
         </object> 
        </void> 
        <void method="add"> 
         <object class="jmbench.tools.runtime.RuntimeResults"> 
          <void property="opsPerSec"> 
           <double>1.9988029585974147</double> 
          </void> 
         </object> 
        </void> 
        <void method="add"> 
         <object class="jmbench.tools.runtime.RuntimeResults"> 
          <void property="opsPerSec"> 
           <double>2.1794020713216</double> 
          </void> 
         </object> 
        </void> 
        <void method="add"> 
         <object class="jmbench.tools.runtime.RuntimeResults"> 
          <void property="opsPerSec"> 
           <double>2.182947501187854</double> 
          </void> 
         </object> 
        </void> 
        <void method="add"> 
         <object class="jmbench.tools.runtime.RuntimeResults"> 
          <void property="opsPerSec"> 
           <double>2.1902187616687914</double> 
          </void> 
         </object> 
        </void> 
        <void method="add"> 
         <object class="jmbench.tools.runtime.RuntimeResults"> 
          <void property="opsPerSec"> 
           <double>2.190532780312596</double> 
          </void> 
         </object> 
        </void> 
        <void method="add"> 
         <object class="jmbench.tools.runtime.RuntimeResults"> 
          <void property="opsPerSec"> 
           <double>2.191356932008133</double> 
          </void> 
         </object> 
        </void> 
        <void method="add"> 
         <object class="jmbench.tools.runtime.RuntimeResults"> 
          <void property="opsPerSec"> 
           <double>2.1998416409425827</double> 
          </void> 
         </object> 
        </void> 
        <void method="add"> 
         <object class="jmbench.tools.runtime.RuntimeResults"> 
          <void property="opsPerSec"> 
           <double>2.2010891197753675</double> 
          </void> 
         </object> 
        </void> 
        <void method="add"> 
         <object class="jmbench.tools.runtime.RuntimeResults"> 
          <void property="opsPerSec"> 
           <double>2.2013587821671123</double> 
          </void> 
         </object> 
        </void> 
        <void method="add"> 
         <object class="jmbench.tools.runtime.RuntimeResults"> 
          <void property="opsPerSec"> 
           <double>2.2023816333276387</double> 
          </void> 
         </object> 
        </void> 
        <void method="add"> 
         <object class="jmbench.tools.runtime.RuntimeResults"> 
          <void property="opsPerSec"> 
           <double>2.2029196082948257</double> 
          </void> 
         </object> 
        </void> 
        <void method="add"> 
         <object class="jmbench.tools.runtime.RuntimeResults"> 
          <void property="opsPerSec"> 
           <double>2.2031679264747015</double> 
          </void> 
         </object> 
        </void> 
        <void method="add"> 
         <object class="jmbench.tools.runtime.RuntimeResults"> 
          <void property="opsPerSec"> 
           <double>2.2032225569440462</double> 
          </void> 
         </object> 
        </void> 
        <void method="add"> 
         <object class="jmbench.tools.runtime.RuntimeResults"> 
          <void property="opsPerSec"> 
           <double>2.2045165912320193</double> 
          </void> 
         </object> 
        </void> 
        <void method="add"> 
         <object class="jmbench.tools.runtime.RuntimeResults"> 
          <void property="opsPerSec"> 
           <double>2.2048370998882585</double> 
          </void> 
         </object> 
        </void> 
        <void method="add"> 
         <object class="jmbench.tools.runtime.RuntimeResults"> 
          <void property="opsPerSec"> 
           <double>2.2088656964879148</double> 
          </void> 
         </object> 
        </void> 
        <void method="add"> 
         <object class="jmbench.tools.runtime.RuntimeResults"> 
          <void property="opsPerSec"> 
           <double>2.2160166557909675</double> 
          </void> 
         </object> 
        </void> 
        <void method="add"> 
         <object class="jmbench.tools.runtime.RuntimeResults"> 
          <void property="opsPerSec"> 
           <double>1.9273290675050252</double> 
          </void> 
         </object> 
        </void> 
        <void method="add"> 
         <object class="jmbench.tools.runtime.RuntimeResults"> 
          <void property="opsPerSec"> 
           <double>2.1523449098280483</double> 
          </void> 
         </object> 
        </void> 
        <void method="add"> 
         <object class="jmbench.tools.runtime.RuntimeResults"> 
          <void property="opsPerSec"> 
           <double>2.1710392004571766</double> 
          </void> 
         </object> 
        </void> 
        <void method="add"> 
         <object class="jmbench.tools.runtime.RuntimeResults"> 
          <void property="opsPerSec"> 
           <double>2.17706832945788</double> 
          </void> 
         </object> 
        </void> 
        <void method="add"> 
         <object class="jmbench.tools.runtime.RuntimeResults"> 
          <void property="opsPerSec"> 
           <double>2.169797874236562</double> 
          </void> 
         </object> 
        </void> 
       </object> 
      </void> 
      <void property="stdev"> 
       <double>0.09528251281954976</double> 
      </void> 
     </object> 
    </void> 
    <void index="13"> 
     <object class="jmbench.tools.runtime.RuntimeEvaluationMetrics"> 
      <void property="max"> 
       <double>0.20019240488029197</double> 
      </void> 
      <void property="mean"> 
       <double>0.1712966157815859</double> 
      </void> 
      <void property="median"> 
       <double>0.17815855131444375</double> 
      </void> 
      <void property="min"> 
       <double>0.13456969227343982</double> 
      </void> 
      <void property="rawResults"> 
       <object class="java.util.ArrayList"> 
        <void method="add"> 
         <object class="jmbench.tools.runtime.RuntimeResults"> 
          <void property="opsPerSec"> 
           <double>0.13456969227343982</double> 
          </void> 
         </object> 
        </void> 
        <void method="add"> 
         <object class="jmbench.tools.runtime.RuntimeResults"> 
          <void property="opsPerSec"> 
           <double>0.1363595295740989</double> 
          </void> 
         </object> 
        </void> 
        <void method="add"> 
         <object class="jmbench.tools.runtime.RuntimeResults"> 
          <void property="opsPerSec"> 
           <double>0.1379769294157424</double> 
          </void> 
         </object> 
        </void> 
        <void method="add"> 
         <object class="jmbench.tools.runtime.RuntimeResults"> 
          <void property="opsPerSec"> 
           <double>0.14016609562910537</double> 
          </void> 
         </object> 
        </void> 
        <void method="add"> 
         <object class="jmbench.tools.runtime.RuntimeResults"> 
          <void property="opsPerSec"> 
           <double>0.14666817887425812</double> 
          </void> 
         </object> 
        </void> 
        <void method="add"> 
         <object class="jmbench.tools.runtime.RuntimeResults"> 
          <void property="opsPerSec"> 
           <double>0.14999529894483743</double> 
          </void> 
         </object> 
        </void> 
        <void method="add"> 
         <object class="jmbench.tools.runtime.RuntimeResults"> 
          <void property="opsPerSec"> 
           <double>0.15012041670534557</double> 
          </void> 
         </object> 
        </void> 
        <void method="add"> 
         <object class="jmbench.tools.runtime.RuntimeResults"> 
          <void property="opsPerSec"> 
           <double>0.15883196101669264</double> 
          </void> 
         </object> 
        </void> 
        <void method="add"> 
         <object class="jmbench.tools.runtime.RuntimeResults"> 
          <void property="opsPerSec"> 
           <double>0.17719582064760842</double> 
          </void> 
         </object> 
        </void> 
        <void method="add"> 
         <object class="jmbench.tools.runtime.RuntimeResults"> 
          <void property="opsPerSec"> 
           <double>0.17815855131444375</double> 
          </void> 
         </object> 
        </void> 
        <void method="add"> 
         <object class="jmbench.tools.runtime.RuntimeResults"> 
          <void property="opsPerSec"> 
           <double>0.17914646280477567</double> 
          </void> 
         </object> 
        </void> 
        <void method="add"> 
         <object class="jmbench.tools.runtime.RuntimeResults"> 
          <void property="opsPerSec"> 
           <double>0.1823541223742256</double> 
          </void> 
         </object> 
        </void> 
        <void method="add"> 
         <object class="jmbench.tools.runtime.RuntimeResults"> 
          <void property="opsPerSec"> 
           <double>0.18933365412412043</double> 
          </void> 
         </object> 
        </void> 
        <void method="add"> 
         <object class="jmbench.tools.runtime.RuntimeResults"> 
          <void property="opsPerSec"> 
           <double>0.19073333512411592</double> 
          </void> 
         </object> 
        </void> 
        <void method="add"> 
         <object class="jmbench.tools.runtime.RuntimeResults"> 
          <void property="opsPerSec"> 
           <double>0.19082271045201155</double> 
          </void> 
         </object> 
        </void> 
        <void method="add"> 
         <object class="jmbench.tools.runtime.RuntimeResults"> 
          <void property="opsPerSec"> 
           <double>0.19087282628153704</double> 
          </void> 
         </object> 
        </void> 
        <void method="add"> 
         <object class="jmbench.tools.runtime.RuntimeResults"> 
          <void property="opsPerSec"> 
           <double>0.19110390853814638</double> 
          </void> 
         </object> 
        </void> 
        <void method="add"> 
         <object class="jmbench.tools.runtime.RuntimeResults"> 
          <void property="opsPerSec"> 
           <double>0.19131707713276838</double> 
          </void> 
         </object> 
        </void> 
        <void method="add"> 
         <object class="jmbench.tools.runtime.RuntimeResults"> 
          <void property="opsPerSec"> 
           <double>0.1915712108606544</double> 
          </void> 
         </object> 
        </void> 
        <void method="add"> 
         <object class="jmbench.tools.runtime.RuntimeResults"> 
          <void property="opsPerSec"> 
           <double>0.20019240488029197</double> 
          </void> 
         </object> 
        </void> 
        <void method="add"> 
         <object class="jmbench.tools.runtime.RuntimeResults"> 
          <void property="opsPerSec"> 
           <double>0.1599662383703513</double> 
          </void> 
         </object> 
        </void> 
        <void method="add"> 
         <object class="jmbench.tools.runtime.RuntimeResults"> 
          <void property="opsPerSec"> 
           <double>0.19929529578016816</double> 
          </void> 
         </object> 
        </void> 
        <void method="add"> 
         <object class="jmbench.tools.runtime.RuntimeResults"> 
          <void property="opsPerSec"> 
           <double>0.14444686565157175</double> 
          </void> 
         </object> 
        </void> 
        <void method="add"> 
         <object class="jmbench.tools.runtime.RuntimeResults"> 
          <void property="opsPerSec"> 
           <double>0.19652740524315795</double> 
          </void> 
         </object> 
        </void> 
        <void method="add"> 
         <object class="jmbench.tools.runtime.RuntimeResults"> 
          <void property="opsPerSec"> 
           <double>0.17468940252617873</double> 
          </void> 
         </object> 
        </void> 
       </object> 
      </void> 
      <void property="stdev"> 
       <double>0.02224119165243485</double> 
      </void> 
     </object> 
    </void> 
   </array> 
  </void> 
  <void property="opName"> 
   <string>Transpose b=a^T</string> 
  </void> 
 </object> 
</java> 
