<?xml version="1.0" encoding="UTF-8"?> 
<java version="1.6.0_16" class="java.beans.XMLDecoder"> 
 <object class="jmbench.tools.runtime.OperationResults"> 
  <void property="library"> 
   <object class="jmbench.impl.MatrixLibrary"> 
    <void property="dateModified"> 
     <string>2010-03-02</string> 
    </void> 
    <void property="dirName"> 
     <string>ujmp-svn</string> 
    </void> 
    <void property="extraLibs"> 
     <boolean>true</boolean> 
    </void> 
    <void property="nativeCode"> 
     <boolean>true</boolean> 
    </void> 
    <void property="plotLineType"> 
     <int>9</int> 
    </void> 
    <void property="plotName"> 
     <string>UJMP</string> 
    </void> 
    <void property="versionName"> 
     <string>UJMP svn</string> 
    </void> 
   </object> 
  </void> 
  <void property="matDimen"> 
   <array class="int" length="13"> 
    <void index="0"> 
     <int>2</int> 
    </void> 
    <void index="1"> 
     <int>3</int> 
    </void> 
    <void index="2"> 
     <int>4</int> 
    </void> 
    <void index="3"> 
     <int>5</int> 
    </void> 
    <void index="4"> 
     <int>10</int> 
    </void> 
    <void index="5"> 
     <int>20</int> 
    </void> 
    <void index="6"> 
     <int>50</int> 
    </void> 
    <void index="7"> 
     <int>100</int> 
    </void> 
    <void index="8"> 
     <int>200</int> 
    </void> 
    <void index="9"> 
     <int>500</int> 
    </void> 
    <void index="10"> 
     <int>1000</int> 
    </void> 
    <void index="11"> 
     <int>2000</int> 
    </void> 
    <void index="12"> 
     <int>5000</int> 
    </void> 
   </array> 
  </void> 
  <void property="metrics"> 
   <array class="jmbench.tools.runtime.RuntimeEvaluationMetrics" length="13"> 
    <void index="0"> 
     <object class="jmbench.tools.runtime.RuntimeEvaluationMetrics"> 
      <void property="max"> 
       <double>858782.6540689794</double> 
      </void> 
      <void property="mean"> 
       <double>858685.4137667989</double> 
      </void> 
      <void property="median"> 
       <double>858782.6540689794</double> 
      </void> 
      <void property="min"> 
       <double>858588.1734646183</double> 
      </void> 
      <void property="rawResults"> 
       <object class="java.util.ArrayList"> 
        <void method="add"> 
         <object class="jmbench.tools.runtime.RuntimeResults"> 
          <void property="error"> 
           <object id="OutputError0" class="jmbench.tools.OutputError" method="valueOf"> 
            <string>NO_ERROR</string> 
           </object> 
          </void> 
          <void property="opsPerSec"> 
           <double>858782.6540689794</double> 
          </void> 
         </object> 
        </void> 
        <void method="add"> 
         <object class="jmbench.tools.runtime.RuntimeResults"> 
          <void property="error"> 
           <object idref="OutputError0"/> 
          </void> 
          <void property="opsPerSec"> 
           <double>858588.1734646183</double> 
          </void> 
         </object> 
        </void> 
       </object> 
      </void> 
      <void property="stdev"> 
       <double>97.24030218058033</double> 
      </void> 
     </object> 
    </void> 
    <void index="1"> 
     <object class="jmbench.tools.runtime.RuntimeEvaluationMetrics"> 
      <void property="max"> 
       <double>439910.19537899696</double> 
      </void> 
      <void property="mean"> 
       <double>429653.0575783354</double> 
      </void> 
      <void property="median"> 
       <double>439910.19537899696</double> 
      </void> 
      <void property="min"> 
       <double>419395.91977767396</double> 
      </void> 
      <void property="rawResults"> 
       <object class="java.util.ArrayList"> 
        <void method="add"> 
         <object class="jmbench.tools.runtime.RuntimeResults"> 
          <void property="error"> 
           <object idref="OutputError0"/> 
          </void> 
          <void property="opsPerSec"> 
           <double>439910.19537899696</double> 
          </void> 
         </object> 
        </void> 
        <void method="add"> 
         <object class="jmbench.tools.runtime.RuntimeResults"> 
          <void property="error"> 
           <object idref="OutputError0"/> 
          </void> 
          <void property="opsPerSec"> 
           <double>419395.91977767396</double> 
          </void> 
         </object> 
        </void> 
       </object> 
      </void> 
      <void property="stdev"> 
       <double>10257.137800661498</double> 
      </void> 
     </object> 
    </void> 
    <void index="2"> 
     <object class="jmbench.tools.runtime.RuntimeEvaluationMetrics"> 
      <void property="max"> 
       <double>278393.5564030658</double> 
      </void> 
      <void property="mean"> 
       <double>269696.185644729</double> 
      </void> 
      <void property="median"> 
       <double>278393.5564030658</double> 
      </void> 
      <void property="min"> 
       <double>260998.81488639224</double> 
      </void> 
      <void property="rawResults"> 
       <object class="java.util.ArrayList"> 
        <void method="add"> 
         <object class="jmbench.tools.runtime.RuntimeResults"> 
          <void property="error"> 
           <object idref="OutputError0"/> 
          </void> 
          <void property="opsPerSec"> 
           <double>260998.81488639224</double> 
          </void> 
         </object> 
        </void> 
        <void method="add"> 
         <object class="jmbench.tools.runtime.RuntimeResults"> 
          <void property="error"> 
           <object idref="OutputError0"/> 
          </void> 
          <void property="opsPerSec"> 
           <double>278393.5564030658</double> 
          </void> 
         </object> 
        </void> 
       </object> 
      </void> 
      <void property="stdev"> 
       <double>8697.37075833678</double> 
      </void> 
     </object> 
    </void> 
    <void index="3"> 
     <object class="jmbench.tools.runtime.RuntimeEvaluationMetrics"> 
      <void property="max"> 
       <double>175329.76867171348</double> 
      </void> 
      <void property="mean"> 
       <double>172998.5198351732</double> 
      </void> 
      <void property="median"> 
       <double>175329.76867171348</double> 
      </void> 
      <void property="min"> 
       <double>170667.2709986329</double> 
      </void> 
      <void property="rawResults"> 
       <object class="java.util.ArrayList"> 
        <void method="add"> 
         <object class="jmbench.tools.runtime.RuntimeResults"> 
          <void property="error"> 
           <object idref="OutputError0"/> 
          </void> 
          <void property="opsPerSec"> 
           <double>175329.76867171348</double> 
          </void> 
         </object> 
        </void> 
        <void method="add"> 
         <object class="jmbench.tools.runtime.RuntimeResults"> 
          <void property="error"> 
           <object idref="OutputError0"/> 
          </void> 
          <void property="opsPerSec"> 
           <double>170667.2709986329</double> 
          </void> 
         </object> 
        </void> 
       </object> 
      </void> 
      <void property="stdev"> 
       <double>2331.2488365402824</double> 
      </void> 
     </object> 
    </void> 
    <void index="4"> 
     <object class="jmbench.tools.runtime.RuntimeEvaluationMetrics"> 
      <void property="max"> 
       <double>45277.379982689585</double> 
      </void> 
      <void property="mean"> 
       <double>44071.08005714746</double> 
      </void> 
      <void property="median"> 
       <double>45277.379982689585</double> 
      </void> 
      <void property="min"> 
       <double>42864.78013160533</double> 
      </void> 
      <void property="rawResults"> 
       <object class="java.util.ArrayList"> 
        <void method="add"> 
         <object class="jmbench.tools.runtime.RuntimeResults"> 
          <void property="error"> 
           <object idref="OutputError0"/> 
          </void> 
          <void property="opsPerSec"> 
           <double>42864.78013160533</double> 
          </void> 
         </object> 
        </void> 
        <void method="add"> 
         <object class="jmbench.tools.runtime.RuntimeResults"> 
          <void property="error"> 
           <object idref="OutputError0"/> 
          </void> 
          <void property="opsPerSec"> 
           <double>45277.379982689585</double> 
          </void> 
         </object> 
        </void> 
       </object> 
      </void> 
      <void property="stdev"> 
       <double>1206.2999255421273</double> 
      </void> 
     </object> 
    </void> 
    <void index="5"> 
     <object class="jmbench.tools.runtime.RuntimeEvaluationMetrics"> 
      <void property="max"> 
       <double>9957.029284592927</double> 
      </void> 
      <void property="mean"> 
       <double>9937.25824399081</double> 
      </void> 
      <void property="median"> 
       <double>9957.029284592927</double> 
      </void> 
      <void property="min"> 
       <double>9917.487203388691</double> 
      </void> 
      <void property="rawResults"> 
       <object class="java.util.ArrayList"> 
        <void method="add"> 
         <object class="jmbench.tools.runtime.RuntimeResults"> 
          <void property="error"> 
           <object idref="OutputError0"/> 
          </void> 
          <void property="opsPerSec"> 
           <double>9917.487203388691</double> 
          </void> 
         </object> 
        </void> 
        <void method="add"> 
         <object class="jmbench.tools.runtime.RuntimeResults"> 
          <void property="error"> 
           <object idref="OutputError0"/> 
          </void> 
          <void property="opsPerSec"> 
           <double>9957.029284592927</double> 
          </void> 
         </object> 
        </void> 
       </object> 
      </void> 
      <void property="stdev"> 
       <double>19.771040602117864</double> 
      </void> 
     </object> 
    </void> 
    <void index="6"> 
     <object class="jmbench.tools.runtime.RuntimeEvaluationMetrics"> 
      <void property="max"> 
       <double>1025.7851824643146</double> 
      </void> 
      <void property="mean"> 
       <double>1017.218049597506</double> 
      </void> 
      <void property="median"> 
       <double>1025.7851824643146</double> 
      </void> 
      <void property="min"> 
       <double>1008.6509167306975</double> 
      </void> 
      <void property="rawResults"> 
       <object class="java.util.ArrayList"> 
        <void method="add"> 
         <object class="jmbench.tools.runtime.RuntimeResults"> 
          <void property="error"> 
           <object idref="OutputError0"/> 
          </void> 
          <void property="opsPerSec"> 
           <double>1008.6509167306975</double> 
          </void> 
         </object> 
        </void> 
        <void method="add"> 
         <object class="jmbench.tools.runtime.RuntimeResults"> 
          <void property="error"> 
           <object idref="OutputError0"/> 
          </void> 
          <void property="opsPerSec"> 
           <double>1025.7851824643146</double> 
          </void> 
         </object> 
        </void> 
       </object> 
      </void> 
      <void property="stdev"> 
       <double>8.56713286680855</double> 
      </void> 
     </object> 
    </void> 
    <void index="7"> 
     <object class="jmbench.tools.runtime.RuntimeEvaluationMetrics"> 
      <void property="max"> 
       <double>43.13692928106563</double> 
      </void> 
      <void property="mean"> 
       <double>41.8349542486011</double> 
      </void> 
      <void property="median"> 
       <double>43.13692928106563</double> 
      </void> 
      <void property="min"> 
       <double>40.53297921613657</double> 
      </void> 
      <void property="rawResults"> 
       <object class="java.util.ArrayList"> 
        <void method="add"> 
         <object class="jmbench.tools.runtime.RuntimeResults"> 
          <void property="error"> 
           <object idref="OutputError0"/> 
          </void> 
          <void property="opsPerSec"> 
           <double>40.53297921613657</double> 
          </void> 
         </object> 
        </void> 
        <void method="add"> 
         <object class="jmbench.tools.runtime.RuntimeResults"> 
          <void property="error"> 
           <object idref="OutputError0"/> 
          </void> 
          <void property="opsPerSec"> 
           <double>43.13692928106563</double> 
          </void> 
         </object> 
        </void> 
       </object> 
      </void> 
      <void property="stdev"> 
       <double>1.301975032464533</double> 
      </void> 
     </object> 
    </void> 
    <void index="8"> 
     <object class="jmbench.tools.runtime.RuntimeEvaluationMetrics"> 
      <void property="max"> 
       <double>9.287315494088496</double> 
      </void> 
      <void property="mean"> 
       <double>9.110390397741455</double> 
      </void> 
      <void property="median"> 
       <double>9.287315494088496</double> 
      </void> 
      <void property="min"> 
       <double>8.933465301394415</double> 
      </void> 
      <void property="rawResults"> 
       <object class="java.util.ArrayList"> 
        <void method="add"> 
         <object class="jmbench.tools.runtime.RuntimeResults"> 
          <void property="error"> 
           <object idref="OutputError0"/> 
          </void> 
          <void property="opsPerSec"> 
           <double>8.933465301394415</double> 
          </void> 
         </object> 
        </void> 
        <void method="add"> 
         <object class="jmbench.tools.runtime.RuntimeResults"> 
          <void property="error"> 
           <object idref="OutputError0"/> 
          </void> 
          <void property="opsPerSec"> 
           <double>9.287315494088496</double> 
          </void> 
         </object> 
        </void> 
       </object> 
      </void> 
      <void property="stdev"> 
       <double>0.17692509634704034</double> 
      </void> 
     </object> 
    </void> 
    <void index="9"> 
     <object class="jmbench.tools.runtime.RuntimeEvaluationMetrics"> 
      <void property="max"> 
       <double>0.8321542498159978</double> 
      </void> 
      <void property="mean"> 
       <double>0.7201114685593542</double> 
      </void> 
      <void property="median"> 
       <double>0.8321542498159978</double> 
      </void> 
      <void property="min"> 
       <double>0.6080686873027104</double> 
      </void> 
      <void property="rawResults"> 
       <object class="java.util.ArrayList"> 
        <void method="add"> 
         <object class="jmbench.tools.runtime.RuntimeResults"> 
          <void property="error"> 
           <object idref="OutputError0"/> 
          </void> 
          <void property="opsPerSec"> 
           <double>0.6080686873027104</double> 
          </void> 
         </object> 
        </void> 
        <void method="add"> 
         <object class="jmbench.tools.runtime.RuntimeResults"> 
          <void property="error"> 
           <object idref="OutputError0"/> 
          </void> 
          <void property="opsPerSec"> 
           <double>0.8321542498159978</double> 
          </void> 
         </object> 
        </void> 
       </object> 
      </void> 
      <void property="stdev"> 
       <double>0.11204278125664374</double> 
      </void> 
     </object> 
    </void> 
    <void index="10"> 
     <object class="jmbench.tools.runtime.RuntimeEvaluationMetrics"> 
      <void property="max"> 
       <double>0.1346206116282489</double> 
      </void> 
      <void property="mean"> 
       <double>0.13033032114240717</double> 
      </void> 
      <void property="median"> 
       <double>0.1346206116282489</double> 
      </void> 
      <void property="min"> 
       <double>0.1260400306565654</double> 
      </void> 
      <void property="rawResults"> 
       <object class="java.util.ArrayList"> 
        <void method="add"> 
         <object class="jmbench.tools.runtime.RuntimeResults"> 
          <void property="error"> 
           <object idref="OutputError0"/> 
          </void> 
          <void property="opsPerSec"> 
           <double>0.1260400306565654</double> 
          </void> 
         </object> 
        </void> 
        <void method="add"> 
         <object class="jmbench.tools.runtime.RuntimeResults"> 
          <void property="error"> 
           <object idref="OutputError0"/> 
          </void> 
          <void property="opsPerSec"> 
           <double>0.1346206116282489</double> 
          </void> 
         </object> 
        </void> 
       </object> 
      </void> 
      <void property="stdev"> 
       <double>0.004290290485841744</double> 
      </void> 
     </object> 
    </void> 
    <void index="11"> 
     <object class="jmbench.tools.runtime.RuntimeEvaluationMetrics"> 
      <void property="max"> 
       <double>0.01811150090916</double> 
      </void> 
      <void property="mean"> 
       <double>0.01791309405328272</double> 
      </void> 
      <void property="median"> 
       <double>0.01811150090916</double> 
      </void> 
      <void property="min"> 
       <double>0.017714687197405442</double> 
      </void> 
      <void property="rawResults"> 
       <object class="java.util.ArrayList"> 
        <void method="add"> 
         <object class="jmbench.tools.runtime.RuntimeResults"> 
          <void property="error"> 
           <object idref="OutputError0"/> 
          </void> 
          <void property="opsPerSec"> 
           <double>0.017714687197405442</double> 
          </void> 
         </object> 
        </void> 
        <void method="add"> 
         <object class="jmbench.tools.runtime.RuntimeResults"> 
          <void property="error"> 
           <object idref="OutputError0"/> 
          </void> 
          <void property="opsPerSec"> 
           <double>0.01811150090916</double> 
          </void> 
         </object> 
        </void> 
       </object> 
      </void> 
      <void property="stdev"> 
       <double>1.984068558772787E-4</double> 
      </void> 
     </object> 
    </void> 
   </array> 
  </void> 
  <void property="opName"> 
   <string>Eigen for Symm Matrices</string> 
  </void> 
 </object> 
</java> 
