<jmbench.tools.stability.StabilityTrialResults>
  <breakingPoints>
    <double>4.791698513320013E-15</double>
    <double>4.848736011116049E-15</double>
    <double>5.256456109895133E-15</double>
    <double>4.549663220802815E-15</double>
    <double>4.3225434031597686E-15</double>
    <double>4.3208195271732455E-15</double>
    <double>5.235463370626594E-15</double>
    <double>4.972289345349158E-15</double>
    <double>4.9932181219307385E-15</double>
    <double>5.039648457274069E-15</double>
    <double>4.871513480110902E-15</double>
    <double>5.1009878550407546E-15</double>
    <double>4.782416691242248E-15</double>
    <double>4.444445857134949E-15</double>
    <double>4.379123085434089E-15</double>
    <double>4.650935110484451E-15</double>
    <double>4.830548635179318E-15</double>
    <double>5.149659182002613E-15</double>
    <double>4.282558134343862E-15</double>
    <double>5.048144608037938E-15</double>
    <double>4.730200158959936E-15</double>
    <double>4.265239715765263E-15</double>
    <double>4.413128353086909E-15</double>
    <double>4.3696167711497955E-15</double>
    <double>4.6494594371666346E-15</double>
    <double>4.922731871315997E-15</double>
    <double>4.154739598591556E-15</double>
    <double>4.960169265954317E-15</double>
    <double>4.059187971182169E-15</double>
    <double>5.376785077927184E-15</double>
    <double>5.0732871569168695E-15</double>
    <double>4.537677900920668E-15</double>
    <double>4.882673128788469E-15</double>
    <double>4.6395912065304895E-15</double>
    <double>4.454806232221314E-15</double>
    <double>4.1689858884948525E-15</double>
    <double>4.181563596423955E-15</double>
    <double>4.391994990779571E-15</double>
    <double>4.381688874547759E-15</double>
    <double>4.5509194997168655E-15</double>
    <double>4.514682345845863E-15</double>
    <double>4.564728731948772E-15</double>
    <double>4.747128813022775E-15</double>
    <double>4.680718331589127E-15</double>
    <double>4.64934143054801E-15</double>
    <double>4.857954410228185E-15</double>
    <double>4.7983848093631514E-15</double>
    <double>4.933136763761316E-15</double>
  </breakingPoints>
  <numFinished>48</numFinished>
  <numLargeError>0</numLargeError>
  <numUncountable>0</numUncountable>
  <numGraceful>0</numGraceful>
  <numUnexpectedException>0</numUnexpectedException>
  <libraryName>Colt</libraryName>
  <benchmarkName>Invert Symmetric Pos. Def. Accuracy</benchmarkName>
  <unexpectedExceptions/>
  <durationMilli>55009</durationMilli>
  <memoryBytes>227</memoryBytes>
</jmbench.tools.stability.StabilityTrialResults>