<jmbench.tools.stability.StabilityTrialResults>
  <breakingPoints>
    <double>1.849200896210913E-8</double>
    <double>4.2957996643017537E-8</double>
    <double>8.083304946930616E-8</double>
    <double>1.0919346372035822E-8</double>
    <double>1.8777980666473096E-7</double>
    <double>1.10882098037457E-7</double>
    <double>1.8777980666473096E-7</double>
    <double>1.6900182599825786E-7</double>
    <double>1.2320233115273E-7</double>
    <double>2.05466766245657E-8</double>
    <double>6.547477007013799E-8</double>
    <double>1.6900182599825786E-7</double>
  </breakingPoints>
  <numFinished>0</numFinished>
  <numLargeError>12</numLargeError>
  <numUncountable>0</numUncountable>
  <numGraceful>0</numGraceful>
  <numUnexpectedException>0</numUnexpectedException>
  <libraryName>Colt</libraryName>
  <benchmarkName>Least Squares singular</benchmarkName>
  <unexpectedExceptions/>
  <durationMilli>127022</durationMilli>
  <memoryBytes>227</memoryBytes>
</jmbench.tools.stability.StabilityTrialResults>